Day,YearMonth,ExperimentId,CaseId,ScenarioId,PairId,CohortId,SensitivityRole,IsPrimary,PvBoundaryId,TransferLossFraction,QualityMode,CapacityRatio,PowerRatio,HouseCount,PvHomeCount,H4MaskAffected,H4AlignmentCategory,Strategy,RecordType,Status,ErrorIdentifier,ErrorMessage,WallTimeSeconds,ArtifactDirectory,PaperLoadOnlyBaselineBillEUR,PaperLoadOnlySavingsEUR,PaperLoadOnlySavingsPercent,PaperLoadOnlyPeakKW,PaperSavingsPercentDenominatorIsZero,PaperLoadOnlyDaytimePeakKW,PvSelfNoBatteryBaselineBillEUR,PvSelfNoBatterySavingsEUR,PvSelfNoBatterySavingsPercent,PvSelfNoBatteryPeakKW,EngineeringSavingsPercentDenominatorIsZero,PvSelfNoBatteryDaytimePeakKW,ObservedReleasePvSelfNoBatteryBaselineBillEUR,ObservedReleaseEngineeringSavingsEUR,ObservedReleaseEngineeringSavingsPercent,ObservedReleaseEngineeringSavingsPercentDenominatorIsZero,OptimizedBillEUR,ObservedBillEUR,OutcomePeakImportKW,OutcomeDaytimePeakImportKW,TotalGridImportKWh,TotalBatteryThroughputKWh,TotalCurtailedPvKWh,TotalSharedExportKWh,EnergyBalanceResidualKW,PvAllocationResidualKW,HomeBalanceResidualKW,BatteryDynamicsResidualKW,AggregateImportResidualKW,ChargeConversionResidualKW,DischargeConversionResidualKW,InitialSocErrorKWh,TerminalSocErrorKWh,SocBoundViolationKWh,ChargePowerViolationKW,DischargePowerViolationKW,AggregateImportNonnegativeViolationKW,SimultaneousChargeDischargeKW,SimultaneousChargeDischargeCount,MaximumLexicographicViolation,MinimumExitFlag,MaximumRelativeGap,ObjectiveStageCount,InputsPath,InputsSha256,SolutionPath,SolutionSha256,StagesPath,MetricsPath,MetricsSha256,ObservedProfilesPath,ObservedProfilesSha256
01-Jan-2020,01-Jan-2020,B2022_MONTHLY_V1,MONTHLY_20200101_DC_XI007_H20_SH_BM,DC_XI007_H20,DC_XI007,H20_PV10,PRIMARY,1,DC_SOURCE,0.07,release_literal,1,1,20,10,NaN,unavailable,SH_BM,optimized,quality_rejected,StoreNet:QualityRejected,"Day 2020-01-01 fails release_literal: physical_incomplete:H1,H2,H3,H4,H5,H6,H7,H8,H9,H10,H11,H12,H13,H14,H15,H16,H17,H18,H19,H20.",0,,NaN,NaN,NaN,NaN,NaN,NaN,NaN,NaN,NaN,NaN,NaN,NaN,NaN,NaN,NaN,NaN,NaN,NaN,NaN,NaN,NaN,NaN,NaN,NaN,NaN,NaN,NaN,NaN,NaN,NaN,NaN,NaN,NaN,NaN,NaN,NaN,NaN,NaN,NaN,NaN,NaN,NaN,NaN,,,,,,,,,
01-Jan-2020,01-Jan-2020,B2022_MONTHLY_V1,MONTHLY_20200101_DC_XI007_H20_VPP_BM,DC_XI007_H20,DC_XI007,H20_PV10,PRIMARY,1,DC_SOURCE,0.07,release_literal,1,1,20,10,NaN,unavailable,VPP_BM,optimized,quality_rejected,StoreNet:QualityRejected,"Day 2020-01-01 fails release_literal: physical_incomplete:H1,H2,H3,H4,H5,H6,H7,H8,H9,H10,H11,H12,H13,H14,H15,H16,H17,H18,H19,H20.",0,,NaN,NaN,NaN,NaN,NaN,NaN,NaN,NaN,NaN,NaN,NaN,NaN,NaN,NaN,NaN,NaN,NaN,NaN,NaN,NaN,NaN,NaN,NaN,NaN,NaN,NaN,NaN,NaN,NaN,NaN,NaN,NaN,NaN,NaN,NaN,NaN,NaN,NaN,NaN,NaN,NaN,NaN,NaN,,,,,,,,,
01-Jan-2020,01-Jan-2020,B2022_MONTHLY_V1,MONTHLY_20200101_DC_XI007_H20_PS,DC_XI007_H20,DC_XI007,H20_PV10,PRIMARY,1,DC_SOURCE,0.07,release_literal,1,1,20,10,NaN,unavailable,PS,optimized,quality_rejected,StoreNet:QualityRejected,"Day 2020-01-01 fails release_literal: physical_incomplete:H1,H2,H3,H4,H5,H6,H7,H8,H9,H10,H11,H12,H13,H14,H15,H16,H17,H18,H19,H20.",0,,NaN,NaN,NaN,NaN,NaN,NaN,NaN,NaN,NaN,NaN,NaN,NaN,NaN,NaN,NaN,NaN,NaN,NaN,NaN,NaN,NaN,NaN,NaN,NaN,NaN,NaN,NaN,NaN,NaN,NaN,NaN,NaN,NaN,NaN,NaN,NaN,NaN,NaN,NaN,NaN,NaN,NaN,NaN,,,,,,,,,
01-Jan-2020,01-Jan-2020,B2022_MONTHLY_V1,MONTHLY_20200101_DC_XI007_H20_PSDT,DC_XI007_H20,DC_XI007,H20_PV10,PRIMARY,1,DC_SOURCE,0.07,release_literal,1,1,20,10,NaN,unavailable,PSDT,optimized,quality_rejected,StoreNet:QualityRejected,"Day 2020-01-01 fails release_literal: physical_incomplete:H1,H2,H3,H4,H5,H6,H7,H8,H9,H10,H11,H12,H13,H14,H15,H16,H17,H18,H19,H20.",0,,NaN,NaN,NaN,NaN,NaN,NaN,NaN,NaN,NaN,NaN,NaN,NaN,NaN,NaN,NaN,NaN,NaN,NaN,NaN,NaN,NaN,NaN,NaN,NaN,NaN,NaN,NaN,NaN,NaN,NaN,NaN,NaN,NaN,NaN,NaN,NaN,NaN,NaN,NaN,NaN,NaN,NaN,NaN,,,,,,,,,
01-Jan-2020,01-Jan-2020,B2022_MONTHLY_V1,MONTHLY_20200101_DC_XI007_H20_LL,DC_XI007_H20,DC_XI007,H20_PV10,PRIMARY,1,DC_SOURCE,0.07,release_literal,1,1,20,10,NaN,unavailable,LL,optimized,quality_rejected,StoreNet:QualityRejected,"Day 2020-01-01 fails release_literal: physical_incomplete:H1,H2,H3,H4,H5,H6,H7,H8,H9,H10,H11,H12,H13,H14,H15,H16,H17,H18,H19,H20.",0,,NaN,NaN,NaN,NaN,NaN,NaN,NaN,NaN,NaN,NaN,NaN,NaN,NaN,NaN,NaN,NaN,NaN,NaN,NaN,NaN,NaN,NaN,NaN,NaN,NaN,NaN,NaN,NaN,NaN,NaN,NaN,NaN,NaN,NaN,NaN,NaN,NaN,NaN,NaN,NaN,NaN,NaN,NaN,,,,,,,,,
02-Jan-2020,01-Jan-2020,B2022_MONTHLY_V1,MONTHLY_20200102_DC_XI007_H20_SH_BM,DC_XI007_H20,DC_XI007,H20_PV10,PRIMARY,1,DC_SOURCE,0.07,release_literal,1,1,20,10,NaN,unavailable,SH_BM,optimized,ok,,"",3.475878625,,41.22797395,13.4899842897364,32.7204637950355,18.2204,0,18.2204,38.74046168225,11.0024720219864,28.4004669645625,18.175861,0,NaN,NaN,NaN,NaN,NaN,27.7379896602636,NaN,64.1528157243767,7.076768725,263.205606576249,236.692639460412,NaN,NaN,8.88178419700125e-16,NaN,NaN,NaN,NaN,NaN,NaN,NaN,0,NaN,NaN,NaN,NaN,0,NaN,NaN,1,NaN,NaN,,,,,,,,,
02-Jan-2020,01-Jan-2020,B2022_MONTHLY_V1,MONTHLY_20200102_DC_XI007_H20_VPP_BM,DC_XI007_H20,DC_XI007,H20_PV10,PRIMARY,1,DC_SOURCE,0.07,release_literal,1,1,20,10,NaN,unavailable,VPP_BM,optimized,ok,,"",2.667329375,,41.22797395,16.7764028547945,40.6917955152014,18.2204,0,18.2204,38.74046168225,14.2888905870445,36.883635265481,18.175861,0,NaN,NaN,NaN,NaN,NaN,24.4515710952055,NaN,79.8526431671284,6.66133814775094e-16,268.698583463797,308.434210282316,NaN,NaN,1.36002320516582e-15,NaN,NaN,NaN,NaN,NaN,NaN,NaN,0,NaN,NaN,NaN,NaN,0,NaN,NaN,1,NaN,NaN,,,,,,,,,
02-Jan-2020,01-Jan-2020,B2022_MONTHLY_V1,MONTHLY_20200102_DC_XI007_H20_PS,DC_XI007_H20,DC_XI007,H20_PV10,PRIMARY,1,DC_SOURCE,0.07,release_literal,1,1,20,10,NaN,unavailable,PS,optimized,ok,,"",4.96480679166667,,41.22797395,5.0564646111625,12.2646449163251,18.2204,0,18.2204,38.74046168225,2.5689523434125,6.63118670211804,18.175861,0,NaN,NaN,NaN,NaN,NaN,36.1715093388375,NaN,10.6090591479369,10.6090591479369,253.392443513982,71.5301570617546,NaN,NaN,2.1316282072803e-14,NaN,NaN,NaN,NaN,NaN,NaN,NaN,0,NaN,NaN,NaN,NaN,0,NaN,NaN,1,NaN,NaN,,,,,,,,,
02-Jan-2020,01-Jan-2020,B2022_MONTHLY_V1,MONTHLY_20200102_DC_XI007_H20_PSDT,DC_XI007_H20,DC_XI007,H20_PV10,PRIMARY,1,DC_SOURCE,0.07,release_literal,1,1,20,10,NaN,unavailable,PSDT,optimized,ok,,"",3.62998816666667,,41.22797395,16.7764028547945,40.6917955152014,18.2204,0,18.2204,38.74046168225,14.2888905870445,36.883635265481,18.175861,0,NaN,NaN,NaN,NaN,NaN,24.4515710952055,NaN,54.4500589473684,2.22044604925031e-15,268.698583463797,308.434210282323,NaN,NaN,1.95121696577871e-14,NaN,NaN,NaN,NaN,NaN,NaN,NaN,0,NaN,NaN,NaN,NaN,0,NaN,NaN,1,NaN,NaN,,,,,,,,,
02-Jan-2020,01-Jan-2020,B2022_MONTHLY_V1,MONTHLY_20200102_DC_XI007_H20_LL,DC_XI007_H20,DC_XI007,H20_PV10,PRIMARY,1,DC_SOURCE,0.07,release_literal,1,1,20,10,NaN,unavailable,LL,optimized,ok,,"",3.42172679166667,,41.22797395,5.0557023993935,12.2627961430384,18.2204,0,18.2204,38.74046168225,2.5681901316435,6.62921921970843,18.175861,0,NaN,NaN,NaN,NaN,NaN,36.1722715506065,NaN,10.6090581870311,10.6090581870311,253.400831114683,71.5320651622031,NaN,NaN,2.53130849614536e-14,NaN,NaN,NaN,NaN,NaN,NaN,NaN,0,NaN,NaN,NaN,NaN,0,NaN,NaN,1,NaN,NaN,,,,,,,,,
15-Jan-2020,01-Jan-2020,B2022_MONTHLY_V1,MONTHLY_20200115_DC_XI007_H20_SH_BM,DC_XI007_H20,DC_XI007,H20_PV10,PRIMARY,1,DC_SOURCE,0.07,release_literal,1,1,20,10,NaN,unavailable,SH_BM,optimized,ok,,"",1.03132575,,48.44094932,14.2523297270641,29.4220694002372,22.874905,0,22.874905,45.07088547,10.8822658770641,24.1447794148787,22.857254,0,NaN,NaN,NaN,NaN,NaN,34.1886195929359,NaN,67.1001626371191,10.29368,300.543613935559,225.641399852825,NaN,NaN,8.88178419700125e-16,NaN,NaN,NaN,NaN,NaN,NaN,NaN,0,NaN,NaN,NaN,NaN,0,NaN,NaN,1,NaN,NaN,,,,,,,,,
15-Jan-2020,01-Jan-2020,B2022_MONTHLY_V1,MONTHLY_20200115_DC_XI007_H20_VPP_BM,DC_XI007_H20,DC_XI007,H20_PV10,PRIMARY,1,DC_SOURCE,0.07,release_literal,1,1,20,10,NaN,unavailable,VPP_BM,optimized,ok,,"",1.52536891666667,,48.44094932,19.1800719118689,39.5947482060389,22.874905,0,22.874905,45.07088547,15.8100080618689,35.0780950873315,22.857254,0,NaN,NaN,NaN,NaN,NaN,29.2608774081311,NaN,84.5514542105263,8.43996556393533,307.001192119504,322.266795707504,NaN,NaN,3.77475828372553e-15,NaN,NaN,NaN,NaN,NaN,NaN,NaN,0,NaN,NaN,NaN,NaN,0,NaN,NaN,1,NaN,NaN,,,,,,,,,
15-Jan-2020,01-Jan-2020,B2022_MONTHLY_V1,MONTHLY_20200115_DC_XI007_H20_PS,DC_XI007_H20,DC_XI007,H20_PV10,PRIMARY,1,DC_SOURCE,0.07,release_literal,1,1,20,10,NaN,unavailable,PS,optimized,ok,,"",3.75063183333333,,48.44094932,6.78390610128771,14.0044862797245,22.874905,0,22.874905,45.07088547,3.4138422512877,7.57438469576998,22.857254,0,NaN,NaN,NaN,NaN,NaN,41.6570432187123,NaN,12.2400586746915,12.2400586746915,291.520126822875,114.902549616797,NaN,NaN,2.69055611124003e-15,NaN,NaN,NaN,NaN,NaN,NaN,NaN,0,NaN,NaN,NaN,NaN,0,NaN,NaN,1,NaN,NaN,,,,,,,,,
15-Jan-2020,01-Jan-2020,B2022_MONTHLY_V1,MONTHLY_20200115_DC_XI007_H20_PSDT,DC_XI007_H20,DC_XI007,H20_PV10,PRIMARY,1,DC_SOURCE,0.07,release_literal,1,1,20,10,NaN,unavailable,PSDT,optimized,ok,,"",2.25261670833333,,48.44094932,19.1800719118689,39.5947482060389,22.874905,0,22.874905,45.07088547,15.8100080618689,35.0780950873315,22.857254,0,NaN,NaN,NaN,NaN,NaN,29.2608774081311,NaN,84.5514542105263,1.07100930751757,307.001207736697,322.268175478917,NaN,NaN,3.66373598126302e-15,NaN,NaN,NaN,NaN,NaN,NaN,NaN,0,NaN,NaN,NaN,NaN,0,NaN,NaN,1,NaN,NaN,,,,,,,,,
15-Jan-2020,01-Jan-2020,B2022_MONTHLY_V1,MONTHLY_20200115_DC_XI007_H20_LL,DC_XI007_H20,DC_XI007,H20_PV10,PRIMARY,1,DC_SOURCE,0.07,release_literal,1,1,20,10,NaN,unavailable,LL,optimized,ok,,"",2.63540970833333,,48.44094932,6.78373660929751,14.0041363856936,22.874905,0,22.874905,45.07088547,3.4136727592975,7.57400863927934,22.857254,0,NaN,NaN,NaN,NaN,NaN,41.6572127107025,NaN,12.2400595105747,12.2400595105747,291.521968743214,114.902450630833,NaN,NaN,3.03757019537443e-13,NaN,NaN,NaN,NaN,NaN,NaN,NaN,0,NaN,NaN,NaN,NaN,0,NaN,NaN,1,NaN,NaN,,,,,,,,,
16-Jan-2020,01-Jan-2020,B2022_MONTHLY_V1,MONTHLY_20200116_DC_XI007_H20_SH_BM,DC_XI007_H20,DC_XI007,H20_PV10,PRIMARY,1,DC_SOURCE,0.07,release_literal,1,1,20,10,NaN,unavailable,SH_BM,optimized,ok,,"",0.9135505,,56.26595101,14.207206742903,25.2500961733998,30.69882,0,30.69882,53.933752839,11.875008571903,22.0177679965116,30.6840095,0,NaN,NaN,NaN,NaN,NaN,42.058744267097,NaN,76.3451168698061,18.4186895,360.392182587106,255.914357594883,NaN,NaN,2.72004641033163e-15,NaN,NaN,NaN,NaN,NaN,NaN,NaN,0,NaN,NaN,NaN,NaN,0,NaN,NaN,1,NaN,NaN,,,,,,,,,
16-Jan-2020,01-Jan-2020,B2022_MONTHLY_V1,MONTHLY_20200116_DC_XI007_H20_VPP_BM,DC_XI007_H20,DC_XI007,H20_PV10,PRIMARY,1,DC_SOURCE,0.07,release_literal,1,1,20,10,NaN,unavailable,VPP_BM,optimized,ok,,"",3.41451870833333,,56.26595101,17.1138171775186,30.4159387166086,30.69882,0,30.69882,53.933752839,14.7816190065186,27.4069914078552,30.6840095,0,NaN,NaN,NaN,NaN,NaN,39.1521338324814,NaN,69.7450989473684,15.1974295,366.516860386773,320.13453448056,NaN,NaN,1.33226762955019e-14,NaN,NaN,NaN,NaN,NaN,NaN,NaN,0,NaN,NaN,NaN,NaN,0,NaN,NaN,1,NaN,NaN,,,,,,,,,
16-Jan-2020,01-Jan-2020,B2022_MONTHLY_V1,MONTHLY_20200116_DC_XI007_H20_PS,DC_XI007_H20,DC_XI007,H20_PV10,PRIMARY,1,DC_SOURCE,0.07,release_literal,1,1,20,10,NaN,unavailable,PS,optimized,ok,,"",2.7386175,,56.26595101,5.43953174788859,9.66753720544391,30.69882,0,30.69882,53.933752839,3.1073335768886,5.76138950716898,30.6840095,0,NaN,NaN,NaN,NaN,NaN,50.8264192621114,NaN,15.0973359515321,15.0973359515321,353.473768034481,131.310130289986,NaN,NaN,9.82547376793264e-15,NaN,NaN,NaN,NaN,NaN,NaN,NaN,0,NaN,NaN,NaN,NaN,0,NaN,NaN,1,NaN,NaN,,,,,,,,,
16-Jan-2020,01-Jan-2020,B2022_MONTHLY_V1,MONTHLY_20200116_DC_XI007_H20_PSDT,DC_XI007_H20,DC_XI007,H20_PV10,PRIMARY,1,DC_SOURCE,0.07,release_literal,1,1,20,10,NaN,unavailable,PSDT,optimized,ok,,"",2.43317558333333,,56.26595101,17.0965318402674,30.3852179397605,30.69882,0,30.69882,53.933752839,14.7643336692674,27.3749422061192,30.6840095,0,NaN,NaN,NaN,NaN,NaN,39.1694191697326,NaN,90.5803442105263,4.69925188770757,366.605976225562,323.950421897712,NaN,NaN,4.44089209850063e-15,NaN,NaN,NaN,NaN,NaN,NaN,NaN,0,NaN,NaN,NaN,NaN,0,NaN,NaN,1,NaN,NaN,,,,,,,,,
16-Jan-2020,01-Jan-2020,B2022_MONTHLY_V1,MONTHLY_20200116_DC_XI007_H20_LL,DC_XI007_H20,DC_XI007,H20_PV10,PRIMARY,1,DC_SOURCE,0.07,release_literal,1,1,20,10,NaN,unavailable,LL,optimized,ok,,"",1.9298625,,56.26595101,5.4394648283569,9.66741827111419,30.69882,0,30.69882,53.933752839,3.1072666573569,5.76126542989237,30.6840095,0,NaN,NaN,NaN,NaN,NaN,50.8264861816431,NaN,15.0973350233611,15.0973350233611,353.474506513943,131.31014592234,NaN,NaN,1.37667655053519e-14,NaN,NaN,NaN,NaN,NaN,NaN,NaN,0,NaN,NaN,NaN,NaN,0,NaN,NaN,1,NaN,NaN,,,,,,,,,
01-Feb-2020,01-Feb-2020,B2022_MONTHLY_V1,MONTHLY_20200201_DC_XI007_H20_SH_BM,DC_XI007_H20,DC_XI007,H20_PV10,PRIMARY,1,DC_SOURCE,0.07,release_literal,1,1,20,10,NaN,unavailable,SH_BM,optimized,ok,,"",0.91970825,,41.51858796,11.3408309801568,27.3150690748029,20.61477,0,20.61477,40.884242918,10.7064859381568,26.1873161247731,20.613763,0,NaN,NaN,NaN,NaN,NaN,30.1777569798432,NaN,72.0444023545706,12.095412,275.887113424589,241.59825391506,NaN,NaN,8.88178419700125e-16,NaN,NaN,NaN,NaN,NaN,NaN,NaN,0,NaN,NaN,NaN,NaN,0,NaN,NaN,1,NaN,NaN,,,,,,,,,
01-Feb-2020,01-Feb-2020,B2022_MONTHLY_V1,MONTHLY_20200201_DC_XI007_H20_VPP_BM,DC_XI007_H20,DC_XI007,H20_PV10,PRIMARY,1,DC_SOURCE,0.07,release_literal,1,1,20,10,NaN,unavailable,VPP_BM,optimized,ok,,"",2.69707408333333,,41.51858796,14.317341980182,34.4841736765607,20.61477,0,20.61477,40.884242918,13.682996938182,33.4676539458624,20.613763,0,NaN,NaN,NaN,NaN,NaN,27.201245979818,NaN,67.4863957894737,7.55566,282.53540142691,319.999928048106,NaN,NaN,1.77635683940025e-15,NaN,NaN,NaN,NaN,NaN,NaN,NaN,0,NaN,NaN,NaN,NaN,0,NaN,NaN,1,NaN,NaN,,,,,,,,,
01-Feb-2020,01-Feb-2020,B2022_MONTHLY_V1,MONTHLY_20200201_DC_XI007_H20_PS,DC_XI007_H20,DC_XI007,H20_PV10,PRIMARY,1,DC_SOURCE,0.07,release_literal,1,1,20,10,NaN,unavailable,PS,optimized,ok,,"",3.38429245833333,,41.51858796,3.3355202501877,8.03379983298377,20.61477,0,20.61477,40.884242918,2.7011752081877,6.60688572271069,20.613763,0,NaN,NaN,NaN,NaN,NaN,38.1830677098123,NaN,11.1947752153016,11.1947752153016,267.542047176541,80.1529691949389,NaN,NaN,1.70419234279962e-14,NaN,NaN,NaN,NaN,NaN,NaN,NaN,0,NaN,NaN,NaN,NaN,0,NaN,NaN,1,NaN,NaN,,,,,,,,,
01-Feb-2020,01-Feb-2020,B2022_MONTHLY_V1,MONTHLY_20200201_DC_XI007_H20_PSDT,DC_XI007_H20,DC_XI007,H20_PV10,PRIMARY,1,DC_SOURCE,0.07,release_literal,1,1,20,10,NaN,unavailable,PSDT,optimized,ok,,"",2.14821329166667,,41.51858796,14.317341980182,34.4841736765607,20.61477,0,20.61477,40.884242918,13.682996938182,33.4676539458624,20.613763,0,NaN,NaN,NaN,NaN,NaN,27.201245979818,NaN,78.4191642105263,1.20592340225899,282.535437403055,320,NaN,NaN,8.88178419700125e-16,NaN,NaN,NaN,NaN,NaN,NaN,NaN,0,NaN,NaN,NaN,NaN,0,NaN,NaN,1,NaN,NaN,,,,,,,,,
01-Feb-2020,01-Feb-2020,B2022_MONTHLY_V1,MONTHLY_20200201_DC_XI007_H20_LL,DC_XI007_H20,DC_XI007,H20_PV10,PRIMARY,1,DC_SOURCE,0.07,release_literal,1,1,20,10,NaN,unavailable,LL,optimized,ok,,"",3.21966879166667,,41.51858796,3.33514267436379,8.03289041905026,20.61477,0,20.61477,40.884242918,2.70079763236379,6.60596219864138,20.613763,0,NaN,NaN,NaN,NaN,NaN,38.1834452856362,NaN,11.1947742086621,11.1947742086621,267.546201799229,80.15448922897,NaN,NaN,3.5527136788005e-15,NaN,NaN,NaN,NaN,NaN,NaN,NaN,0,NaN,NaN,NaN,NaN,0,NaN,NaN,1,NaN,NaN,,,,,,,,,
02-Feb-2020,01-Feb-2020,B2022_MONTHLY_V1,MONTHLY_20200202_DC_XI007_H20_SH_BM,DC_XI007_H20,DC_XI007,H20_PV10,PRIMARY,1,DC_SOURCE,0.07,release_literal,1,1,20,10,NaN,unavailable,SH_BM,optimized,ok,,"",0.705239208333333,,40.97857969,12.5426892610735,30.6079160282226,16.62012,0,16.62012,38.454787489,10.0188970600735,26.0537054402899,16.6183245,0,NaN,NaN,NaN,NaN,NaN,28.4358904289265,NaN,57.9281424930748,9.0662605,267.705092015126,220.444099793203,NaN,NaN,1.77635683940025e-15,NaN,NaN,NaN,NaN,NaN,NaN,NaN,0,NaN,NaN,NaN,NaN,0,NaN,NaN,1,NaN,NaN,,,,,,,,,
02-Feb-2020,01-Feb-2020,B2022_MONTHLY_V1,MONTHLY_20200202_DC_XI007_H20_VPP_BM,DC_XI007_H20,DC_XI007,H20_PV10,PRIMARY,1,DC_SOURCE,0.07,release_literal,1,1,20,10,NaN,unavailable,VPP_BM,optimized,ok,,"",1.361438,,40.97857969,16.0678673363714,39.210405675169,16.62012,0,16.62012,38.454787489,13.5440751353714,35.2207774890075,16.6183245,0,NaN,NaN,NaN,NaN,NaN,24.9107123536286,NaN,82.3908342105263,2.68673971959288e-14,273.744091798117,301.547372703501,NaN,NaN,6.15063555642337e-14,NaN,NaN,NaN,NaN,NaN,NaN,NaN,0,NaN,NaN,NaN,NaN,0,NaN,NaN,1,NaN,NaN,,,,,,,,,
02-Feb-2020,01-Feb-2020,B2022_MONTHLY_V1,MONTHLY_20200202_DC_XI007_H20_PS,DC_XI007_H20,DC_XI007,H20_PV10,PRIMARY,1,DC_SOURCE,0.07,release_literal,1,1,20,10,NaN,unavailable,PS,optimized,ok,,"",2.60452683333333,,40.97857969,4.41785398873299,10.7808860681696,16.62012,0,16.62012,38.454787489,1.89406178773299,4.92542518477001,16.6183245,0,NaN,NaN,NaN,NaN,NaN,36.560725701267,NaN,10.9869269262222,10.9869269262222,257.933462833385,56.6387216330603,NaN,NaN,1.04360964314765e-14,NaN,NaN,NaN,NaN,NaN,NaN,NaN,0,NaN,NaN,NaN,NaN,0,NaN,NaN,1,NaN,NaN,,,,,,,,,
02-Feb-2020,01-Feb-2020,B2022_MONTHLY_V1,MONTHLY_20200202_DC_XI007_H20_PSDT,DC_XI007_H20,DC_XI007,H20_PV10,PRIMARY,1,DC_SOURCE,0.07,release_literal,1,1,20,10,NaN,unavailable,PSDT,optimized,ok,,"",1.89556954166667,,40.97857969,16.0678673363714,39.210405675169,16.62012,0,16.62012,38.454787489,13.5440751353714,35.2207774890075,16.6183245,0,NaN,NaN,NaN,NaN,NaN,24.9107123536286,NaN,82.3908342105263,1.6153745008296e-14,273.744091798117,301.547372703496,NaN,NaN,1.84297022087776e-14,NaN,NaN,NaN,NaN,NaN,NaN,NaN,0,NaN,NaN,NaN,NaN,0,NaN,NaN,1,NaN,NaN,,,,,,,,,
02-Feb-2020,01-Feb-2020,B2022_MONTHLY_V1,MONTHLY_20200202_DC_XI007_H20_LL,DC_XI007_H20,DC_XI007,H20_PV10,PRIMARY,1,DC_SOURCE,0.07,release_literal,1,1,20,10,NaN,unavailable,LL,optimized,ok,,"",2.556683,,40.97857969,4.4035062575463,10.7458733095644,16.62012,0,16.62012,38.454787489,1.8797140565463,4.88811453472208,16.6183245,0,NaN,NaN,NaN,NaN,NaN,36.5750734324537,NaN,10.9869213023654,10.9869213023654,258.009576381617,56.6390652684438,NaN,NaN,7.73270336651422e-14,NaN,NaN,NaN,NaN,NaN,NaN,NaN,0,NaN,NaN,NaN,NaN,0,NaN,NaN,1,NaN,NaN,,,,,,,,,
15-Feb-2020,01-Feb-2020,B2022_MONTHLY_V1,MONTHLY_20200215_DC_XI007_H20_SH_BM,DC_XI007_H20,DC_XI007,H20_PV10,PRIMARY,1,DC_SOURCE,0.07,release_literal,1,1,20,10,NaN,unavailable,SH_BM,optimized,ok,,"",0.615774125,,45.63827601,11.881074366607,26.0331357915529,21.94988,0,21.94988,44.4048580125,10.647656369107,23.9785844290048,21.9325045,0,NaN,NaN,NaN,NaN,NaN,33.757201643393,NaN,72.9729199030471,14.9106,300.111901983222,235.822485826882,NaN,NaN,1.77635683940025e-15,NaN,NaN,NaN,NaN,NaN,NaN,NaN,0,NaN,NaN,NaN,NaN,0,NaN,NaN,1,NaN,NaN,,,,,,,,,
15-Feb-2020,01-Feb-2020,B2022_MONTHLY_V1,MONTHLY_20200215_DC_XI007_H20_VPP_BM,DC_XI007_H20,DC_XI007,H20_PV10,PRIMARY,1,DC_SOURCE,0.07,release_literal,1,1,20,10,NaN,unavailable,VPP_BM,optimized,ok,,"",1.70973145833333,,45.63827601,15.2478756728692,33.4102797168065,21.94988,0,21.94988,44.4048580125,14.0144576753692,31.5606406655419,21.9325045,0,NaN,NaN,NaN,NaN,NaN,30.3904003371308,NaN,82.0704492105263,14.39623,307.501745588574,320.131319800459,NaN,NaN,3.5527136788005e-15,NaN,NaN,NaN,NaN,NaN,NaN,NaN,0,NaN,NaN,NaN,NaN,0,NaN,NaN,1,NaN,NaN,,,,,,,,,
15-Feb-2020,01-Feb-2020,B2022_MONTHLY_V1,MONTHLY_20200215_DC_XI007_H20_PS,DC_XI007_H20,DC_XI007,H20_PV10,PRIMARY,1,DC_SOURCE,0.07,release_literal,1,1,20,10,NaN,unavailable,PS,optimized,ok,,"",3.38752483333333,,45.63827601,3.8919663118572,8.52785567755543,21.94988,0,21.94988,44.4048580125,2.6585483143572,5.98706635568751,21.9325045,0,NaN,NaN,NaN,NaN,NaN,41.7463096981428,NaN,12.2336818015077,12.2336818015077,292.587690362119,93.483277093589,NaN,NaN,5.84327907697451e-15,NaN,NaN,NaN,NaN,NaN,NaN,NaN,0,NaN,NaN,NaN,NaN,0,NaN,NaN,1,NaN,NaN,,,,,,,,,
15-Feb-2020,01-Feb-2020,B2022_MONTHLY_V1,MONTHLY_20200215_DC_XI007_H20_PSDT,DC_XI007_H20,DC_XI007,H20_PV10,PRIMARY,1,DC_SOURCE,0.07,release_literal,1,1,20,10,NaN,unavailable,PSDT,optimized,ok,,"",2.21086529166667,,45.63827601,15.2478756728692,33.4102797168065,21.94988,0,21.94988,44.4048580125,14.0144576753692,31.5606406655419,21.9325045,0,NaN,NaN,NaN,NaN,NaN,30.3904003371308,NaN,82.0704492105263,1.94800980245447,307.501760673594,320.132652554637,NaN,NaN,3.77475828372553e-15,NaN,NaN,NaN,NaN,NaN,NaN,NaN,0,NaN,NaN,NaN,NaN,0,NaN,NaN,1,NaN,NaN,,,,,,,,,
15-Feb-2020,01-Feb-2020,B2022_MONTHLY_V1,MONTHLY_20200215_DC_XI007_H20_LL,DC_XI007_H20,DC_XI007,H20_PV10,PRIMARY,1,DC_SOURCE,0.07,release_literal,1,1,20,10,NaN,unavailable,LL,optimized,ok,,"",2.08071279166667,,45.63827601,3.89184399104951,8.52758765514444,21.94988,0,21.94988,44.4048580125,2.6584259935495,5.98679088851303,21.9325045,0,NaN,NaN,NaN,NaN,NaN,41.7464320189505,NaN,12.2336806800693,12.2336806800693,292.589040641593,93.4849864144058,NaN,NaN,4.51721993144361e-15,NaN,NaN,NaN,NaN,NaN,NaN,NaN,0,NaN,NaN,NaN,NaN,0,NaN,NaN,1,NaN,NaN,,,,,,,,,
16-Feb-2020,01-Feb-2020,B2022_MONTHLY_V1,MONTHLY_20200216_DC_XI007_H20_SH_BM,DC_XI007_H20,DC_XI007,H20_PV10,PRIMARY,1,DC_SOURCE,0.07,release_literal,1,1,20,10,NaN,unavailable,SH_BM,optimized,ok,,"",0.642214666666667,,44.743993995,12.7638151978841,28.526320648332,17.74034,0,17.74034,42.037681107,10.0575023098841,23.9249693252213,17.7310015,0,NaN,NaN,NaN,NaN,NaN,31.9801787971159,NaN,67.163698666205,10.967347,280.780061089552,216.611471947538,NaN,NaN,8.88178419700125e-16,NaN,NaN,NaN,NaN,NaN,NaN,NaN,0,NaN,NaN,NaN,NaN,0,NaN,NaN,1,NaN,NaN,,,,,,,,,
16-Feb-2020,01-Feb-2020,B2022_MONTHLY_V1,MONTHLY_20200216_DC_XI007_H20_VPP_BM,DC_XI007_H20,DC_XI007,H20_PV10,PRIMARY,1,DC_SOURCE,0.07,release_literal,1,1,20,10,NaN,unavailable,VPP_BM,optimized,ok,,"",2.452475375,,44.743993995,17.0562331271605,38.1196035585614,17.74034,0,17.74034,42.037681107,14.3499202391605,34.135851125173,17.7310015,0,NaN,NaN,NaN,NaN,NaN,27.6877608678395,NaN,74.2410157894737,7.85275995324353,290.076693673081,319.999926761192,NaN,NaN,1.94462501657e-15,NaN,NaN,NaN,NaN,NaN,NaN,NaN,0,NaN,NaN,NaN,NaN,0,NaN,NaN,1,NaN,NaN,,,,,,,,,
16-Feb-2020,01-Feb-2020,B2022_MONTHLY_V1,MONTHLY_20200216_DC_XI007_H20_PS,DC_XI007_H20,DC_XI007,H20_PV10,PRIMARY,1,DC_SOURCE,0.07,release_literal,1,1,20,10,NaN,unavailable,PS,optimized,ok,,"",2.98065908333333,,44.743993995,5.73762809721789,12.823236338399,17.74034,0,17.74034,42.037681107,3.03131520921789,7.21094772450026,17.7310015,0,NaN,NaN,NaN,NaN,NaN,39.0063658977821,NaN,11.4315786141175,11.4315786141175,273.37291815246,72.7203910051319,NaN,NaN,1.41553435639707e-15,NaN,NaN,NaN,NaN,NaN,NaN,NaN,0,NaN,NaN,NaN,NaN,0,NaN,NaN,1,NaN,NaN,,,,,,,,,
16-Feb-2020,01-Feb-2020,B2022_MONTHLY_V1,MONTHLY_20200216_DC_XI007_H20_PSDT,DC_XI007_H20,DC_XI007,H20_PV10,PRIMARY,1,DC_SOURCE,0.07,release_literal,1,1,20,10,NaN,unavailable,PSDT,optimized,ok,,"",2.236130125,,44.743993995,17.0562331271605,38.1196035585614,17.74034,0,17.74034,42.037681107,14.3499202391605,34.135851125173,17.7310015,0,NaN,NaN,NaN,NaN,NaN,27.6877608678395,NaN,80.9628842105263,1.04431920734862,290.076728874249,320,NaN,NaN,5.27911048209262e-14,NaN,NaN,NaN,NaN,NaN,NaN,NaN,0,NaN,NaN,NaN,NaN,0,NaN,NaN,1,NaN,NaN,,,,,,,,,
16-Feb-2020,01-Feb-2020,B2022_MONTHLY_V1,MONTHLY_20200216_DC_XI007_H20_LL,DC_XI007_H20,DC_XI007,H20_PV10,PRIMARY,1,DC_SOURCE,0.07,release_literal,1,1,20,10,NaN,unavailable,LL,optimized,ok,,"",3.05723654166667,,44.743993995,5.737339551275,12.8225914564447,17.74034,0,17.74034,42.037681107,3.031026663275,7.21026132616597,17.7310015,0,NaN,NaN,NaN,NaN,NaN,39.006654443725,NaN,11.4315775709597,11.4315775709597,273.376094132074,72.7219789445202,NaN,NaN,1.77635683940025e-15,NaN,NaN,NaN,NaN,NaN,NaN,NaN,0,NaN,NaN,NaN,NaN,0,NaN,NaN,1,NaN,NaN,,,,,,,,,
01-Mar-2020,01-Mar-2020,B2022_MONTHLY_V1,MONTHLY_20200301_DC_XI007_H20_SH_BM,DC_XI007_H20,DC_XI007,H20_PV10,PRIMARY,1,DC_SOURCE,0.07,release_literal,1,1,20,10,NaN,unavailable,SH_BM,optimized,ok,,"",0.597007291666667,,41.80438889,14.1017221804553,33.7326356272333,17.58411,0,17.58411,38.226946004,10.5242792944553,27.531049154055,17.5689575,0,NaN,NaN,NaN,NaN,NaN,27.7026667095447,NaN,66.1427975747922,8.179716325,255.694457305161,220.368230805289,NaN,NaN,8.88178419700125e-16,NaN,NaN,NaN,NaN,NaN,NaN,NaN,0,NaN,NaN,NaN,NaN,0,NaN,NaN,1,NaN,NaN,,,,,,,,,
01-Mar-2020,01-Mar-2020,B2022_MONTHLY_V1,MONTHLY_20200301_DC_XI007_H20_VPP_BM,DC_XI007_H20,DC_XI007,H20_PV10,PRIMARY,1,DC_SOURCE,0.07,release_literal,1,1,20,10,NaN,unavailable,VPP_BM,optimized,ok,,"",2.34673279166667,,41.80438889,18.1159611384717,43.3350698801991,17.58411,0,17.58411,38.226946004,14.5385182524717,38.0321207217297,17.5689575,0,NaN,NaN,NaN,NaN,NaN,23.6884277515283,NaN,79.2240289631067,4.44089209850063e-16,260.312392873937,293.904715593724,NaN,NaN,2.66453525910038e-15,NaN,NaN,NaN,NaN,NaN,NaN,NaN,0,NaN,NaN,NaN,NaN,0,NaN,NaN,1,NaN,NaN,,,,,,,,,
01-Mar-2020,01-Mar-2020,B2022_MONTHLY_V1,MONTHLY_20200301_DC_XI007_H20_PS,DC_XI007_H20,DC_XI007,H20_PV10,PRIMARY,1,DC_SOURCE,0.07,release_literal,1,1,20,10,NaN,unavailable,PS,optimized,ok,,"",3.449681,,41.80438889,7.7144260791845,18.4536272004442,17.58411,0,17.58411,38.226946004,4.1369831931845,10.8221650579976,17.5689575,0,NaN,NaN,NaN,NaN,NaN,34.0899628108155,NaN,11.0466451046644,11.0466451046644,245.080171745463,62.8766431910846,NaN,NaN,2.88657986402541e-15,NaN,NaN,NaN,NaN,NaN,NaN,NaN,0,NaN,NaN,NaN,NaN,0,NaN,NaN,1,NaN,NaN,,,,,,,,,
01-Mar-2020,01-Mar-2020,B2022_MONTHLY_V1,MONTHLY_20200301_DC_XI007_H20_PSDT,DC_XI007_H20,DC_XI007,H20_PV10,PRIMARY,1,DC_SOURCE,0.07,release_literal,1,1,20,10,NaN,unavailable,PSDT,optimized,ok,,"",2.55824775,,41.80438889,18.1159611384717,43.3350698801991,17.58411,0,17.58411,38.226946004,14.5385182524717,38.0321207217297,17.5689575,0,NaN,NaN,NaN,NaN,NaN,23.6884277515283,NaN,74.98819,2.1094237467878e-15,260.312392873938,293.904715593706,NaN,NaN,6.79456491070596e-14,NaN,NaN,NaN,NaN,NaN,NaN,NaN,0,NaN,NaN,NaN,NaN,0,NaN,NaN,1,NaN,NaN,,,,,,,,,
01-Mar-2020,01-Mar-2020,B2022_MONTHLY_V1,MONTHLY_20200301_DC_XI007_H20_LL,DC_XI007_H20,DC_XI007,H20_PV10,PRIMARY,1,DC_SOURCE,0.07,release_literal,1,1,20,10,NaN,unavailable,LL,optimized,ok,,"",2.42592370833333,,41.80438889,7.6650899296271,18.3356105259576,17.58411,0,17.58411,38.226946004,4.0876470436271,10.6931038728529,17.5689575,0,NaN,NaN,NaN,NaN,NaN,34.1392989603729,NaN,11.046644,10.3355029448007,245.33461707378,72.0690375273055,NaN,NaN,5.52682899446211e-14,NaN,NaN,NaN,NaN,NaN,NaN,NaN,0,NaN,NaN,NaN,NaN,0,NaN,NaN,1,NaN,NaN,,,,,,,,,
02-Mar-2020,01-Mar-2020,B2022_MONTHLY_V1,MONTHLY_20200302_DC_XI007_H20_SH_BM,DC_XI007_H20,DC_XI007,H20_PV10,PRIMARY,1,DC_SOURCE,0.07,release_literal,1,1,20,10,NaN,unavailable,SH_BM,optimized,ok,,"",0.7142365,,42.35766349,12.7529770860491,30.1078389015954,17.91524,0,17.91524,39.7284568165,10.1237704125491,25.4824154366462,17.902966,0,NaN,NaN,NaN,NaN,NaN,29.6046864039509,NaN,58.4522743144044,9.57492,274.970812851109,209.950446299749,NaN,NaN,8.88178419700125e-16,NaN,NaN,NaN,NaN,NaN,NaN,NaN,0,NaN,NaN,NaN,NaN,0,NaN,NaN,1,NaN,NaN,,,,,,,,,
02-Mar-2020,01-Mar-2020,B2022_MONTHLY_V1,MONTHLY_20200302_DC_XI007_H20_VPP_BM,DC_XI007_H20,DC_XI007,H20_PV10,PRIMARY,1,DC_SOURCE,0.07,release_literal,1,1,20,10,NaN,unavailable,VPP_BM,optimized,ok,,"",1.41675820833333,,42.35766349,16.9225260627291,39.9515097586161,17.91524,0,17.91524,39.7284568165,14.2933193892291,35.9775348316394,17.902966,0,NaN,NaN,NaN,NaN,NaN,25.4351374272709,NaN,78.3341842105263,2.97210454829333e-05,279.50697105498,281.695404734475,NaN,NaN,4.8017145815038e-15,NaN,NaN,NaN,NaN,NaN,NaN,NaN,0,NaN,NaN,NaN,NaN,0,NaN,NaN,1,NaN,NaN,,,,,,,,,
02-Mar-2020,01-Mar-2020,B2022_MONTHLY_V1,MONTHLY_20200302_DC_XI007_H20_PS,DC_XI007_H20,DC_XI007,H20_PV10,PRIMARY,1,DC_SOURCE,0.07,release_literal,1,1,20,10,NaN,unavailable,PS,optimized,ok,,"",2.438498375,,42.35766349,6.9282761073813,16.3566059516407,17.91524,0,17.91524,39.7284568165,4.2990694338813,10.8211337121351,17.902966,0,NaN,NaN,NaN,NaN,NaN,35.4293873826187,NaN,13.546992161874,13.546992161874,265.128853429634,69.6404201516217,NaN,NaN,7.54951656745106e-15,NaN,NaN,NaN,NaN,NaN,NaN,NaN,0,NaN,NaN,NaN,NaN,0,NaN,NaN,1,NaN,NaN,,,,,,,,,
02-Mar-2020,01-Mar-2020,B2022_MONTHLY_V1,MONTHLY_20200302_DC_XI007_H20_PSDT,DC_XI007_H20,DC_XI007,H20_PV10,PRIMARY,1,DC_SOURCE,0.07,release_literal,1,1,20,10,NaN,unavailable,PSDT,optimized,ok,,"",1.91440783333333,,42.35766349,16.9225260627291,39.9515097586161,17.91524,0,17.91524,39.7284568165,14.2933193892291,35.9775348316394,17.902966,0,NaN,NaN,NaN,NaN,NaN,25.4351374272709,NaN,63.8254664191019,1.00000023817159e-07,279.507003337043,281.695469298246,NaN,NaN,3.10862446895044e-15,NaN,NaN,NaN,NaN,NaN,NaN,NaN,0,NaN,NaN,NaN,NaN,0,NaN,NaN,1,NaN,NaN,,,,,,,,,
02-Mar-2020,01-Mar-2020,B2022_MONTHLY_V1,MONTHLY_20200302_DC_XI007_H20_LL,DC_XI007_H20,DC_XI007,H20_PV10,PRIMARY,1,DC_SOURCE,0.07,release_literal,1,1,20,10,NaN,unavailable,LL,optimized,ok,,"",2.72664833333333,,42.35766349,6.1020751714256,14.4060712245523,17.91524,0,17.91524,39.7284568165,3.4728684979256,8.74151370632461,17.902966,0,NaN,NaN,NaN,NaN,NaN,36.2555883185744,NaN,13.5469908071749,9.82385962768692,264.981294711576,74.6247416737959,NaN,NaN,1.06581410364015e-14,NaN,NaN,NaN,NaN,NaN,NaN,NaN,0,NaN,NaN,NaN,NaN,0,NaN,NaN,1,NaN,NaN,,,,,,,,,
15-Mar-2020,01-Mar-2020,B2022_MONTHLY_V1,MONTHLY_20200315_DC_XI007_H20_SH_BM,DC_XI007_H20,DC_XI007,H20_PV10,PRIMARY,1,DC_SOURCE,0.07,release_literal,1,1,20,10,NaN,unavailable,SH_BM,optimized,ok,,"",0.415520791666667,,54.44827001,21.0779124791953,38.7118130205498,24.78972,0,24.78972,46.5397998475,13.1694423166953,28.297161482964,24.77737,0,NaN,NaN,NaN,NaN,NaN,33.3703575308047,NaN,57.014373566482,16.76359,296.127307479722,252.823382693224,NaN,NaN,9.99200722162641e-16,NaN,NaN,NaN,NaN,NaN,NaN,NaN,0,NaN,NaN,NaN,NaN,0,NaN,NaN,1,NaN,NaN,,,,,,,,,
15-Mar-2020,01-Mar-2020,B2022_MONTHLY_V1,MONTHLY_20200315_DC_XI007_H20_VPP_BM,DC_XI007_H20,DC_XI007,H20_PV10,PRIMARY,1,DC_SOURCE,0.07,release_literal,1,1,20,10,NaN,unavailable,VPP_BM,optimized,ok,,"",2.41996675,,54.44827001,27.1334715265167,49.8334869437236,24.78972,0,24.78972,46.5397998475,19.2250013640167,41.3087323688811,24.77737,0,NaN,NaN,NaN,NaN,NaN,27.3147984834833,NaN,58.4853157894737,2.26038778,297.44986320637,322.182054020847,NaN,NaN,3.70814490224802e-14,NaN,NaN,NaN,NaN,NaN,NaN,NaN,0,NaN,NaN,NaN,NaN,0,NaN,NaN,1,NaN,NaN,,,,,,,,,
15-Mar-2020,01-Mar-2020,B2022_MONTHLY_V1,MONTHLY_20200315_DC_XI007_H20_PS,DC_XI007_H20,DC_XI007,H20_PV10,PRIMARY,1,DC_SOURCE,0.07,release_literal,1,1,20,10,NaN,unavailable,PS,optimized,ok,,"",2.91097116666667,,54.44827001,14.5346908382174,26.6944952255562,24.78972,0,24.78972,46.5397998475,6.6262206757174,14.2377506938791,24.77737,0,NaN,NaN,NaN,NaN,NaN,39.9135791717826,NaN,11.8733357339826,11.8733357339826,281.386712056624,112.154310155327,NaN,NaN,1.48214773787458e-14,NaN,NaN,NaN,NaN,NaN,NaN,NaN,0,NaN,NaN,NaN,NaN,0,NaN,NaN,1,NaN,NaN,,,,,,,,,
15-Mar-2020,01-Mar-2020,B2022_MONTHLY_V1,MONTHLY_20200315_DC_XI007_H20_PSDT,DC_XI007_H20,DC_XI007,H20_PV10,PRIMARY,1,DC_SOURCE,0.07,release_literal,1,1,20,10,NaN,unavailable,PSDT,optimized,ok,,"",2.10775429166667,,54.44827001,27.1334715265168,49.8334869437237,24.78972,0,24.78972,46.5397998475,19.2250013640168,41.3087323688813,24.77737,0,NaN,NaN,NaN,NaN,NaN,27.3147984834832,NaN,55.5503789473684,0.199724599583334,297.449877784596,322.183342,NaN,NaN,1.77635683940025e-15,NaN,NaN,NaN,NaN,NaN,NaN,NaN,0,NaN,NaN,NaN,NaN,0,NaN,NaN,1,NaN,NaN,,,,,,,,,
15-Mar-2020,01-Mar-2020,B2022_MONTHLY_V1,MONTHLY_20200315_DC_XI007_H20_LL,DC_XI007_H20,DC_XI007,H20_PV10,PRIMARY,1,DC_SOURCE,0.07,release_literal,1,1,20,10,NaN,unavailable,LL,optimized,ok,,"",2.233050875,,54.44827001,13.8414621235796,25.4213074557511,24.78972,0,24.78972,46.5397998475,5.9329919610796,12.7482111666157,24.77737,0,NaN,NaN,NaN,NaN,NaN,40.6068078864204,NaN,11.8733356972867,11.8733356972867,284.96005523488,111.400762019831,NaN,NaN,1.33226762955019e-14,NaN,NaN,NaN,NaN,NaN,NaN,NaN,0,NaN,NaN,NaN,NaN,0,NaN,NaN,1,NaN,NaN,,,,,,,,,
16-Mar-2020,01-Mar-2020,B2022_MONTHLY_V1,MONTHLY_20200316_DC_XI007_H20_SH_BM,DC_XI007_H20,DC_XI007,H20_PV10,PRIMARY,1,DC_SOURCE,0.07,release_literal,1,1,20,10,NaN,unavailable,SH_BM,optimized,ok,,"",0.522162666666667,,60.568317555,14.5292789154512,23.9882491407454,23.72469,0,23.72469,57.88686559,11.8478269504512,20.467211049855,23.714525,0,NaN,NaN,NaN,NaN,NaN,46.0390386395488,NaN,79.6648886426593,19.75886,387.143959355491,264.60882333778,NaN,NaN,1.4432899320127e-15,NaN,NaN,NaN,NaN,NaN,NaN,NaN,0,NaN,NaN,NaN,NaN,0,NaN,NaN,1,NaN,NaN,,,,,,,,,
16-Mar-2020,01-Mar-2020,B2022_MONTHLY_V1,MONTHLY_20200316_DC_XI007_H20_VPP_BM,DC_XI007_H20,DC_XI007,H20_PV10,PRIMARY,1,DC_SOURCE,0.07,release_literal,1,1,20,10,NaN,unavailable,VPP_BM,optimized,ok,,"",1.72638945833333,,60.568317555,16.711670856542,27.5914397677742,23.72469,0,23.72469,57.88686559,14.030218891542,24.2373097049596,23.714525,0,NaN,NaN,NaN,NaN,NaN,43.856646698458,NaN,77.0285757894737,19.95403,391.95615910125,319.999883991754,NaN,NaN,1.55431223447522e-15,NaN,NaN,NaN,NaN,NaN,NaN,NaN,0,NaN,NaN,NaN,NaN,0,NaN,NaN,1,NaN,NaN,,,,,,,,,
16-Mar-2020,01-Mar-2020,B2022_MONTHLY_V1,MONTHLY_20200316_DC_XI007_H20_PS,DC_XI007_H20,DC_XI007,H20_PV10,PRIMARY,1,DC_SOURCE,0.07,release_literal,1,1,20,10,NaN,unavailable,PS,optimized,ok,,"",2.6519385,,60.568317555,6.58385396294931,10.8701285238289,23.72469,0,23.72469,57.88686559,3.9024019979493,6.74142909306777,23.714525,0,NaN,NaN,NaN,NaN,NaN,53.9844635920507,NaN,15.7849314568876,15.7849314568876,378.838344704968,105.6802509784,NaN,NaN,1.33226762955019e-15,NaN,NaN,NaN,NaN,NaN,NaN,NaN,0,NaN,NaN,NaN,NaN,0,NaN,NaN,1,NaN,NaN,,,,,,,,,
16-Mar-2020,01-Mar-2020,B2022_MONTHLY_V1,MONTHLY_20200316_DC_XI007_H20_PSDT,DC_XI007_H20,DC_XI007,H20_PV10,PRIMARY,1,DC_SOURCE,0.07,release_literal,1,1,20,10,NaN,unavailable,PSDT,optimized,ok,,"",3.43042583333333,,60.568317555,16.711670856542,27.5914397677742,23.72469,0,23.72469,57.88686559,14.030218891542,24.2373097049596,23.714525,0,NaN,NaN,NaN,NaN,NaN,43.856646698458,NaN,83.9325542105263,6.62510660251042,391.956208107198,319.999982003113,NaN,NaN,3.38618022510673e-15,NaN,NaN,NaN,NaN,NaN,NaN,NaN,0,NaN,NaN,NaN,NaN,0,NaN,NaN,1,NaN,NaN,,,,,,,,,
16-Mar-2020,01-Mar-2020,B2022_MONTHLY_V1,MONTHLY_20200316_DC_XI007_H20_LL,DC_XI007_H20,DC_XI007,H20_PV10,PRIMARY,1,DC_SOURCE,0.07,release_literal,1,1,20,10,NaN,unavailable,LL,optimized,ok,,"",5.56656220833333,,60.568317555,6.5838520284445,10.8701253299069,23.72469,0,23.72469,57.88686559,3.9024000634445,6.74142575119603,23.714525,0,NaN,NaN,NaN,NaN,NaN,53.9844655265555,NaN,15.7849315085836,15.7849314085835,378.838355006004,105.679297464945,NaN,NaN,9.09272657168003e-14,NaN,NaN,NaN,NaN,NaN,NaN,NaN,0,NaN,NaN,NaN,NaN,0,NaN,NaN,1,NaN,NaN,,,,,,,,,
01-Apr-2020,01-Apr-2020,B2022_MONTHLY_V1,MONTHLY_20200401_DC_XI007_H20_SH_BM,DC_XI007_H20,DC_XI007,H20_PV10,PRIMARY,1,DC_SOURCE,0.07,release_literal,1,1,20,10,NaN,unavailable,SH_BM,optimized,ok,,"",0.978665708333333,,44.174212105,12.2418481593548,27.7126576253505,21.59234,0,21.59234,42.697179065,10.7648151193548,25.2120054652018,21.5824885,0,NaN,NaN,NaN,NaN,NaN,31.9323639456452,NaN,72.3987026786704,11.13095,288.801604502695,240.756453914723,NaN,NaN,9.99200722162641e-16,NaN,NaN,NaN,NaN,NaN,NaN,NaN,0,NaN,NaN,NaN,NaN,0,NaN,NaN,1,NaN,NaN,,,,,,,,,
01-Apr-2020,01-Apr-2020,B2022_MONTHLY_V1,MONTHLY_20200401_DC_XI007_H20_VPP_BM,DC_XI007_H20,DC_XI007,H20_PV10,PRIMARY,1,DC_SOURCE,0.07,release_literal,1,1,20,10,NaN,unavailable,VPP_BM,optimized,ok,,"",2.56444133333333,,44.174212105,15.4299077251862,34.9296727432513,21.59234,0,21.59234,42.697179065,13.9528746851862,32.6786803970001,21.5824885,0,NaN,NaN,NaN,NaN,NaN,28.7443043798138,NaN,80.4415042105263,9.67147209088808,295.229114463229,320.148630334972,NaN,NaN,1.33226762955019e-15,NaN,NaN,NaN,NaN,NaN,NaN,NaN,0,NaN,NaN,NaN,NaN,0,NaN,NaN,1,NaN,NaN,,,,,,,,,
01-Apr-2020,01-Apr-2020,B2022_MONTHLY_V1,MONTHLY_20200401_DC_XI007_H20_PS,DC_XI007_H20,DC_XI007,H20_PV10,PRIMARY,1,DC_SOURCE,0.07,release_literal,1,1,20,10,NaN,unavailable,PS,optimized,ok,,"",3.348377625,,44.174212105,4.35398206077949,9.85638872387873,21.59234,0,21.59234,42.697179065,2.8769490207795,6.73803067036297,21.5824885,0,NaN,NaN,NaN,NaN,NaN,39.8202300442205,NaN,11.6433426209518,11.6433426209518,279.440214039778,67.4969246524453,NaN,NaN,8.46545056276682e-16,NaN,NaN,NaN,NaN,NaN,NaN,NaN,0,NaN,NaN,NaN,NaN,0,NaN,NaN,1,NaN,NaN,,,,,,,,,
01-Apr-2020,01-Apr-2020,B2022_MONTHLY_V1,MONTHLY_20200401_DC_XI007_H20_PSDT,DC_XI007_H20,DC_XI007,H20_PV10,PRIMARY,1,DC_SOURCE,0.07,release_literal,1,1,20,10,NaN,unavailable,PSDT,optimized,ok,,"",1.505950625,,44.174212105,15.4299077251861,34.9296727432511,21.59234,0,21.59234,42.697179065,13.9528746851861,32.6786803969999,21.5824885,0,NaN,NaN,NaN,NaN,NaN,28.7443043798139,NaN,80.4415042105263,1.51978448656177,295.229129169489,320.14992962588,NaN,NaN,5.84327907697451e-15,NaN,NaN,NaN,NaN,NaN,NaN,NaN,0,NaN,NaN,NaN,NaN,0,NaN,NaN,1,NaN,NaN,,,,,,,,,
01-Apr-2020,01-Apr-2020,B2022_MONTHLY_V1,MONTHLY_20200401_DC_XI007_H20_LL,DC_XI007_H20,DC_XI007,H20_PV10,PRIMARY,1,DC_SOURCE,0.07,release_literal,1,1,20,10,NaN,unavailable,LL,optimized,ok,,"",4.51129658333333,,44.174212105,4.3539803976651,9.8563849589799,21.59234,0,21.59234,42.697179065,2.8769473576651,6.73802677522415,21.5824885,0,NaN,NaN,NaN,NaN,NaN,39.8202317073349,NaN,11.6433426725541,11.6433425725541,279.440222941298,67.4961423003876,NaN,NaN,4.88498130835069e-15,NaN,NaN,NaN,NaN,NaN,NaN,NaN,0,NaN,NaN,NaN,NaN,0,NaN,NaN,1,NaN,NaN,,,,,,,,,
02-Apr-2020,01-Apr-2020,B2022_MONTHLY_V1,MONTHLY_20200402_DC_XI007_H20_SH_BM,DC_XI007_H20,DC_XI007,H20_PV10,PRIMARY,1,DC_SOURCE,0.07,release_literal,1,1,20,10,NaN,unavailable,SH_BM,optimized,ok,,"",0.46896275,,38.03560501,14.6599984731919,38.5428297231965,17.44189,0,17.44189,34.01529078275,10.6396842459419,31.2791218334595,17.432523,0,NaN,NaN,NaN,NaN,NaN,23.3756065368081,NaN,50.6492285277008,8.41517,225.553818167671,205.42097255268,NaN,NaN,8.88178419700125e-16,NaN,NaN,NaN,NaN,NaN,NaN,NaN,0,NaN,NaN,NaN,NaN,0,NaN,NaN,1,NaN,NaN,,,,,,,,,
02-Apr-2020,01-Apr-2020,B2022_MONTHLY_V1,MONTHLY_20200402_DC_XI007_H20_VPP_BM,DC_XI007_H20,DC_XI007,H20_PV10,PRIMARY,1,DC_SOURCE,0.07,release_literal,1,1,20,10,NaN,unavailable,VPP_BM,optimized,ok,,"",1.06172091666667,,38.03560501,17.8916929721709,47.039327933569,17.44189,0,17.44189,34.01529078275,13.8713787449209,40.7798329096026,17.432523,0,NaN,NaN,NaN,NaN,NaN,20.1439120378291,NaN,64.8598303878116,3.33066907387547e-16,221.361670745374,222.789140172513,NaN,NaN,8.88178419700125e-16,NaN,NaN,NaN,NaN,NaN,NaN,NaN,0,NaN,NaN,NaN,NaN,0,NaN,NaN,1,NaN,NaN,,,,,,,,,
02-Apr-2020,01-Apr-2020,B2022_MONTHLY_V1,MONTHLY_20200402_DC_XI007_H20_PS,DC_XI007_H20,DC_XI007,H20_PV10,PRIMARY,1,DC_SOURCE,0.07,release_literal,1,1,20,10,NaN,unavailable,PS,optimized,ok,,"",2.55984491666667,,38.03560501,8.6238467950636,22.67308957698,17.44189,0,17.44189,34.01529078275,4.6035325678136,13.5337151671453,17.432523,0,NaN,NaN,NaN,NaN,NaN,29.4117582149364,NaN,9.45320234766963,9.45320234766963,211.834620188949,93.3285748852542,NaN,NaN,1.99840144432528e-15,NaN,NaN,NaN,NaN,NaN,NaN,NaN,0,NaN,NaN,NaN,NaN,0,NaN,NaN,1,NaN,NaN,,,,,,,,,
02-Apr-2020,01-Apr-2020,B2022_MONTHLY_V1,MONTHLY_20200402_DC_XI007_H20_PSDT,DC_XI007_H20,DC_XI007,H20_PV10,PRIMARY,1,DC_SOURCE,0.07,release_literal,1,1,20,10,NaN,unavailable,PSDT,optimized,ok,,"",1.669279875,,38.03560501,17.8916929721709,47.039327933569,17.44189,0,17.44189,34.01529078275,13.8713787449209,40.7798329096026,17.432523,0,NaN,NaN,NaN,NaN,NaN,20.1439120378291,NaN,65.0112751172073,2.77555756156289e-16,221.361670745374,222.789140172515,NaN,NaN,1.33226762955019e-15,NaN,NaN,NaN,NaN,NaN,NaN,NaN,0,NaN,NaN,NaN,NaN,0,NaN,NaN,1,NaN,NaN,,,,,,,,,
02-Apr-2020,01-Apr-2020,B2022_MONTHLY_V1,MONTHLY_20200402_DC_XI007_H20_LL,DC_XI007_H20,DC_XI007,H20_PV10,PRIMARY,1,DC_SOURCE,0.07,release_literal,1,1,20,10,NaN,unavailable,LL,optimized,ok,,"",4.52968995833333,,38.03560501,5.7056532410699,15.0008215711826,17.44189,0,17.44189,34.01529078275,1.6853390138199,4.9546512025544,17.432523,0,NaN,NaN,NaN,NaN,NaN,32.3299517689301,NaN,9.45320232728954,9.4532023272895,226.876854554948,93.0357271575066,NaN,NaN,3.55493412484975e-13,NaN,NaN,NaN,NaN,NaN,NaN,NaN,0,NaN,NaN,NaN,NaN,0,NaN,NaN,1,NaN,NaN,,,,,,,,,
15-Apr-2020,01-Apr-2020,B2022_MONTHLY_V1,MONTHLY_20200415_DC_XI007_H20_SH_BM,DC_XI007_H20,DC_XI007,H20_PV10,PRIMARY,1,DC_SOURCE,0.07,release_literal,1,1,20,10,NaN,unavailable,SH_BM,optimized,ok,,"",0.437157166666667,,38.265875025,20.1212925009046,52.5828626361187,19.52503,0,19.52503,31.048841546,12.9042590219046,41.5611609946428,17.2670585,0,NaN,NaN,NaN,NaN,NaN,18.1445825240954,NaN,44.8634388754848,5.248137325,177.362341863961,228.704757233475,NaN,NaN,8.88178419700125e-16,NaN,NaN,NaN,NaN,NaN,NaN,NaN,0,NaN,NaN,NaN,NaN,0,NaN,NaN,1,NaN,NaN,,,,,,,,,
15-Apr-2020,01-Apr-2020,B2022_MONTHLY_V1,MONTHLY_20200415_DC_XI007_H20_VPP_BM,DC_XI007_H20,DC_XI007,H20_PV10,PRIMARY,1,DC_SOURCE,0.07,release_literal,1,1,20,10,NaN,unavailable,VPP_BM,optimized,ok,,"",1.48637416666667,,38.265875025,25.0247304973962,65.3969900885501,19.52503,0,19.52503,31.048841546,17.8076970183962,57.3538210500171,17.2670585,0,NaN,NaN,NaN,NaN,NaN,13.2411445276038,NaN,43.4498102726345,5.55111512312578e-16,145.507082720921,163.936634781614,NaN,NaN,9.43689570931383e-16,NaN,NaN,NaN,NaN,NaN,NaN,NaN,0,NaN,NaN,NaN,NaN,0,NaN,NaN,1,NaN,NaN,,,,,,,,,
15-Apr-2020,01-Apr-2020,B2022_MONTHLY_V1,MONTHLY_20200415_DC_XI007_H20_PS,DC_XI007_H20,DC_XI007,H20_PV10,PRIMARY,1,DC_SOURCE,0.07,release_literal,1,1,20,10,NaN,unavailable,PS,optimized,ok,,"",2.75878679166667,,38.265875025,20.3576042671044,53.2004148704408,19.52503,0,19.52503,31.048841546,13.1405707881044,42.3222578808171,17.2670585,0,NaN,NaN,NaN,NaN,NaN,17.9082707578956,NaN,7.60865108946108,7.60865108946107,140.786409816853,88.0378967881035,NaN,NaN,1.55431223447522e-15,NaN,NaN,NaN,NaN,NaN,NaN,NaN,0,NaN,NaN,NaN,NaN,0,NaN,NaN,1,NaN,NaN,,,,,,,,,
15-Apr-2020,01-Apr-2020,B2022_MONTHLY_V1,MONTHLY_20200415_DC_XI007_H20_PSDT,DC_XI007_H20,DC_XI007,H20_PV10,PRIMARY,1,DC_SOURCE,0.07,release_literal,1,1,20,10,NaN,unavailable,PSDT,optimized,ok,,"",1.51560379166667,,38.265875025,25.0247304973962,65.3969900885501,19.52503,0,19.52503,31.048841546,17.8076970183962,57.3538210500171,17.2670585,0,NaN,NaN,NaN,NaN,NaN,13.2411445276038,NaN,42.5048396904373,9.99200722162641e-16,145.507082720921,163.936634781604,NaN,NaN,2.1094237467878e-15,NaN,NaN,NaN,NaN,NaN,NaN,NaN,0,NaN,NaN,NaN,NaN,0,NaN,NaN,1,NaN,NaN,,,,,,,,,
15-Apr-2020,01-Apr-2020,B2022_MONTHLY_V1,MONTHLY_20200415_DC_XI007_H20_LL,DC_XI007_H20,DC_XI007,H20_PV10,PRIMARY,1,DC_SOURCE,0.07,release_literal,1,1,20,10,NaN,unavailable,LL,optimized,ok,,"",6.01483154166667,,38.265875025,12.2442902088596,31.9979360222656,19.52503,0,19.52503,31.048841546,5.0272567298596,16.1914470219816,17.2670585,0,NaN,NaN,NaN,NaN,NaN,26.0215848161404,NaN,7.60865059202936,7.60865059202936,182.607612708705,67.6185587194436,NaN,NaN,5.16546441037269e-14,NaN,NaN,NaN,NaN,NaN,NaN,NaN,0,NaN,NaN,NaN,NaN,0,NaN,NaN,1,NaN,NaN,,,,,,,,,
16-Apr-2020,01-Apr-2020,B2022_MONTHLY_V1,MONTHLY_20200416_DC_XI007_H20_SH_BM,DC_XI007_H20,DC_XI007,H20_PV10,PRIMARY,1,DC_SOURCE,0.07,release_literal,1,1,20,10,NaN,unavailable,SH_BM,optimized,ok,,"",0.693604416666667,,40.503017345,19.7341536061955,48.7226752468891,18.67433,0,18.67433,32.4138198945,11.6449561556955,35.9258988715225,14.3783125,0,NaN,NaN,NaN,NaN,NaN,20.7688637388045,NaN,33.2899409972299,5.83712,203.329506747302,217.258485214895,NaN,NaN,1.77635683940025e-15,NaN,NaN,NaN,NaN,NaN,NaN,NaN,0,NaN,NaN,NaN,NaN,0,NaN,NaN,1,NaN,NaN,,,,,,,,,
16-Apr-2020,01-Apr-2020,B2022_MONTHLY_V1,MONTHLY_20200416_DC_XI007_H20_VPP_BM,DC_XI007_H20,DC_XI007,H20_PV10,PRIMARY,1,DC_SOURCE,0.07,release_literal,1,1,20,10,NaN,unavailable,VPP_BM,optimized,ok,,"",1.91171770833333,,40.503017345,23.4156244550777,57.8120495459045,18.67433,0,18.67433,32.4138198945,15.3264270045777,47.2836186986351,14.3783125,0,NaN,NaN,NaN,NaN,NaN,17.0873928899223,NaN,47.4889244782776,2.63677968348475e-16,187.773548240904,204.874065035833,NaN,NaN,1.49880108324396e-15,NaN,NaN,NaN,NaN,NaN,NaN,NaN,0,NaN,NaN,NaN,NaN,0,NaN,NaN,1,NaN,NaN,,,,,,,,,
16-Apr-2020,01-Apr-2020,B2022_MONTHLY_V1,MONTHLY_20200416_DC_XI007_H20_PS,DC_XI007_H20,DC_XI007,H20_PV10,PRIMARY,1,DC_SOURCE,0.07,release_literal,1,1,20,10,NaN,unavailable,PS,optimized,ok,,"",1.68707279166667,,40.503017345,18.7627510914495,46.3243292015273,18.67433,0,18.67433,32.4138198945,10.6735536409495,32.9290212498546,14.3783125,0,NaN,NaN,NaN,NaN,NaN,21.7402662535505,NaN,11.3196099261039,10.2436458161585,182.70715623364,106.473934397555,NaN,NaN,1.6153745008296e-14,NaN,NaN,NaN,NaN,NaN,NaN,NaN,0,NaN,NaN,NaN,NaN,0,NaN,NaN,1,NaN,NaN,,,,,,,,,
16-Apr-2020,01-Apr-2020,B2022_MONTHLY_V1,MONTHLY_20200416_DC_XI007_H20_PSDT,DC_XI007_H20,DC_XI007,H20_PV10,PRIMARY,1,DC_SOURCE,0.07,release_literal,1,1,20,10,NaN,unavailable,PSDT,optimized,ok,,"",1.42662220833333,,40.503017345,23.4156244550777,57.8120495459045,18.67433,0,18.67433,32.4138198945,15.3264270045777,47.2836186986351,14.3783125,0,NaN,NaN,NaN,NaN,NaN,17.0873928899223,NaN,47.5683931763434,1.00058850094342e-14,187.773548240904,204.874065035824,NaN,NaN,9.10382880192628e-15,NaN,NaN,NaN,NaN,NaN,NaN,NaN,0,NaN,NaN,NaN,NaN,0,NaN,NaN,1,NaN,NaN,,,,,,,,,
16-Apr-2020,01-Apr-2020,B2022_MONTHLY_V1,MONTHLY_20200416_DC_XI007_H20_LL,DC_XI007_H20,DC_XI007,H20_PV10,PRIMARY,1,DC_SOURCE,0.07,release_literal,1,1,20,10,NaN,unavailable,LL,optimized,ok,,"",5.0838985,,40.503017345,10.5122374873497,25.9542082946751,18.67433,0,18.67433,32.4138198945,2.4230400368497,7.47533010529513,14.3783125,0,NaN,NaN,NaN,NaN,NaN,29.9907798576503,NaN,11.319608794143,8.54798972283815,213.466643518927,54.9439335321858,NaN,NaN,1.99840144432528e-15,NaN,NaN,NaN,NaN,NaN,NaN,NaN,0,NaN,NaN,NaN,NaN,0,NaN,NaN,1,NaN,NaN,,,,,,,,,
01-May-2020,01-May-2020,B2022_MONTHLY_V1,MONTHLY_20200501_DC_XI007_H20_SH_BM,DC_XI007_H20,DC_XI007,H20_PV10,PRIMARY,1,DC_SOURCE,0.07,release_literal,1,1,20,10,NaN,unavailable,SH_BM,optimized,ok,,"",0.972293541666667,,48.90166106,11.8253391916328,24.1818763111619,22.56567,0,22.56567,48.25838992775,11.1820680593828,23.171241469357,22.565423,0,NaN,NaN,NaN,NaN,NaN,37.0763218683672,NaN,64.3350776731302,14.83122,313.229875181459,252.455241484834,NaN,NaN,3.33066907387547e-15,NaN,NaN,NaN,NaN,NaN,NaN,NaN,0,NaN,NaN,NaN,NaN,0,NaN,NaN,1,NaN,NaN,,,,,,,,,
01-May-2020,01-May-2020,B2022_MONTHLY_V1,MONTHLY_20200501_DC_XI007_H20_VPP_BM,DC_XI007_H20,DC_XI007,H20_PV10,PRIMARY,1,DC_SOURCE,0.07,release_literal,1,1,20,10,NaN,unavailable,VPP_BM,optimized,ok,,"",1.53443091666667,,48.90166106,14.3866965672802,29.4196480353263,22.56567,0,22.56567,48.25838992775,13.7434254350302,28.478831257334,22.565423,0,NaN,NaN,NaN,NaN,NaN,34.5149644927198,NaN,79.8157942105263,13.55112,318.953210535899,319.999908702084,NaN,NaN,1.99840144432528e-15,NaN,NaN,NaN,NaN,NaN,NaN,NaN,0,NaN,NaN,NaN,NaN,0,NaN,NaN,1,NaN,NaN,,,,,,,,,
01-May-2020,01-May-2020,B2022_MONTHLY_V1,MONTHLY_20200501_DC_XI007_H20_PS,DC_XI007_H20,DC_XI007,H20_PV10,PRIMARY,1,DC_SOURCE,0.07,release_literal,1,1,20,10,NaN,unavailable,PS,optimized,ok,,"",2.97061283333333,,48.90166106,5.08905967402141,10.4067214972051,22.56567,0,22.56567,48.25838992775,4.4457885417714,9.21246761118099,22.565423,0,NaN,NaN,NaN,NaN,NaN,43.8126013859786,NaN,12.9326235719625,12.9326235719625,305.800872678351,108.103779895724,NaN,NaN,1.39679934285653e-14,NaN,NaN,NaN,NaN,NaN,NaN,NaN,0,NaN,NaN,NaN,NaN,0,NaN,NaN,1,NaN,NaN,,,,,,,,,
01-May-2020,01-May-2020,B2022_MONTHLY_V1,MONTHLY_20200501_DC_XI007_H20_PSDT,DC_XI007_H20,DC_XI007,H20_PV10,PRIMARY,1,DC_SOURCE,0.07,release_literal,1,1,20,10,NaN,unavailable,PSDT,optimized,ok,,"",1.97072329166667,,48.90166106,14.3866965672802,29.4196480353263,22.56567,0,22.56567,48.25838992775,13.7434254350302,28.478831257334,22.565423,0,NaN,NaN,NaN,NaN,NaN,34.5149644927198,NaN,69.04831,4.44192453794241,318.9532501519,320,NaN,NaN,1.25854882071508e-12,NaN,NaN,NaN,NaN,NaN,NaN,NaN,0,NaN,NaN,NaN,NaN,0,NaN,NaN,1,NaN,NaN,,,,,,,,,
01-May-2020,01-May-2020,B2022_MONTHLY_V1,MONTHLY_20200501_DC_XI007_H20_LL,DC_XI007_H20,DC_XI007,H20_PV10,PRIMARY,1,DC_SOURCE,0.07,release_literal,1,1,20,10,NaN,unavailable,LL,optimized,ok,,"",1.973185625,,48.90166106,5.08904837423011,10.4066983900324,22.56567,0,22.56567,48.25838992775,4.4457772419801,9.21244419599596,22.565423,0,NaN,NaN,NaN,NaN,NaN,43.8126126857699,NaN,12.9326226132705,12.9326226132705,305.801001491951,108.105111945503,NaN,NaN,3.10862446895044e-15,NaN,NaN,NaN,NaN,NaN,NaN,NaN,0,NaN,NaN,NaN,NaN,0,NaN,NaN,1,NaN,NaN,,,,,,,,,
02-May-2020,01-May-2020,B2022_MONTHLY_V1,MONTHLY_20200502_DC_XI007_H20_SH_BM,DC_XI007_H20,DC_XI007,H20_PV10,PRIMARY,1,DC_SOURCE,0.07,release_literal,1,1,20,10,NaN,unavailable,SH_BM,optimized,ok,,"",0.356702375,,36.388577095,11.6778787545204,32.0921555246111,18.54607,0,18.54607,34.308131196,9.5974328555204,27.9742222060739,18.5347365,0,NaN,NaN,NaN,NaN,NaN,24.7106983404796,NaN,56.8436996398892,6.48772,244.336915367907,207.270558621871,NaN,NaN,8.88178419700125e-16,NaN,NaN,NaN,NaN,NaN,NaN,NaN,0,NaN,NaN,NaN,NaN,0,NaN,NaN,1,NaN,NaN,,,,,,,,,
02-May-2020,01-May-2020,B2022_MONTHLY_V1,MONTHLY_20200502_DC_XI007_H20_VPP_BM,DC_XI007_H20,DC_XI007,H20_PV10,PRIMARY,1,DC_SOURCE,0.07,release_literal,1,1,20,10,NaN,unavailable,VPP_BM,optimized,ok,,"",1.25688529166667,,36.388577095,13.8562128123385,38.0784683505594,18.54607,0,18.54607,34.308131196,11.7757669133385,34.3235451854383,18.5347365,0,NaN,NaN,NaN,NaN,NaN,22.5323642826615,NaN,72.4546278265372,2.12607709215717e-14,247.608398710566,250.105953724243,NaN,NaN,2.22044604925031e-14,NaN,NaN,NaN,NaN,NaN,NaN,NaN,0,NaN,NaN,NaN,NaN,0,NaN,NaN,1,NaN,NaN,,,,,,,,,
02-May-2020,01-May-2020,B2022_MONTHLY_V1,MONTHLY_20200502_DC_XI007_H20_PS,DC_XI007_H20,DC_XI007,H20_PV10,PRIMARY,1,DC_SOURCE,0.07,release_literal,1,1,20,10,NaN,unavailable,PS,optimized,ok,,"",2.88554791666667,,36.388577095,4.5616515186704,12.535943647264,18.54607,0,18.54607,34.308131196,2.4812056196704,7.23212117120411,18.5347365,0,NaN,NaN,NaN,NaN,NaN,31.8269255763296,NaN,11.4241297138414,11.4241297138414,235.839928137175,58.8620082800323,NaN,NaN,1.11022302462516e-15,NaN,NaN,NaN,NaN,NaN,NaN,NaN,0,NaN,NaN,NaN,NaN,0,NaN,NaN,1,NaN,NaN,,,,,,,,,
02-May-2020,01-May-2020,B2022_MONTHLY_V1,MONTHLY_20200502_DC_XI007_H20_PSDT,DC_XI007_H20,DC_XI007,H20_PV10,PRIMARY,1,DC_SOURCE,0.07,release_literal,1,1,20,10,NaN,unavailable,PSDT,optimized,ok,,"",1.629191875,,36.388577095,13.8562128123385,38.0784683505594,18.54607,0,18.54607,34.308131196,11.7757669133385,34.3235451854383,18.5347365,0,NaN,NaN,NaN,NaN,NaN,22.5323642826615,NaN,61.4547773130194,2.23779328401008e-16,247.608398710566,250.105953724235,NaN,NaN,1.99840144432528e-15,NaN,NaN,NaN,NaN,NaN,NaN,NaN,0,NaN,NaN,NaN,NaN,0,NaN,NaN,1,NaN,NaN,,,,,,,,,
02-May-2020,01-May-2020,B2022_MONTHLY_V1,MONTHLY_20200502_DC_XI007_H20_LL,DC_XI007_H20,DC_XI007,H20_PV10,PRIMARY,1,DC_SOURCE,0.07,release_literal,1,1,20,10,NaN,unavailable,LL,optimized,ok,,"",6.12126816666667,,36.388577095,3.0774184026708,8.4571001351236,18.54607,0,18.54607,34.308131196,0.996972503670797,2.90593649060965,18.5347365,0,NaN,NaN,NaN,NaN,NaN,33.3111586923292,NaN,11.4241285714286,9.53951981153915,236.486947310625,77.2305231077807,NaN,NaN,4.63629135083465e-13,NaN,NaN,NaN,NaN,NaN,NaN,NaN,0,NaN,NaN,NaN,NaN,0,NaN,NaN,1,NaN,NaN,,,,,,,,,
15-May-2020,01-May-2020,B2022_MONTHLY_V1,MONTHLY_20200515_DC_XI007_H20_SH_BM,DC_XI007_H20,DC_XI007,H20_PV10,PRIMARY,1,DC_SOURCE,0.07,release_literal,1,1,20,10,NaN,unavailable,SH_BM,optimized,ok,,"",0.442191875,,34.779619425,19.1036991216629,54.9278555587958,17.2309,0,17.2309,26.7086353335,11.0327150301629,41.3076703186135,14.622626,0,NaN,NaN,NaN,NaN,NaN,15.6759203033371,NaN,42.724199732687,4.90885,160.814421794913,195.552039997296,NaN,NaN,8.88178419700125e-16,NaN,NaN,NaN,NaN,NaN,NaN,NaN,0,NaN,NaN,NaN,NaN,0,NaN,NaN,1,NaN,NaN,,,,,,,,,
15-May-2020,01-May-2020,B2022_MONTHLY_V1,MONTHLY_20200515_DC_XI007_H20_VPP_BM,DC_XI007_H20,DC_XI007,H20_PV10,PRIMARY,1,DC_SOURCE,0.07,release_literal,1,1,20,10,NaN,unavailable,VPP_BM,optimized,ok,,"",1.38522325,,34.779619425,23.7157957723114,68.1887730929689,17.2309,0,17.2309,26.7086353335,15.6448116808114,58.5758556566478,14.622626,0,NaN,NaN,NaN,NaN,NaN,11.0638236526886,NaN,26.4239437617729,6.10622663543836e-16,121.580479699875,118.64186480508,NaN,NaN,1.55431223447522e-15,NaN,NaN,NaN,NaN,NaN,NaN,NaN,0,NaN,NaN,NaN,NaN,0,NaN,NaN,1,NaN,NaN,,,,,,,,,
15-May-2020,01-May-2020,B2022_MONTHLY_V1,MONTHLY_20200515_DC_XI007_H20_PS,DC_XI007_H20,DC_XI007,H20_PV10,PRIMARY,1,DC_SOURCE,0.07,release_literal,1,1,20,10,NaN,unavailable,PS,optimized,ok,,"",2.60675404166667,,34.779619425,21.4913679801615,61.7929935274486,17.2309,0,17.2309,26.7086353335,13.4203838886615,50.2473590323375,14.622626,0,NaN,NaN,NaN,NaN,NaN,13.2882514448385,NaN,7.98411571227885,7.761663,119.364012707294,81.0463907534393,NaN,NaN,1.16573417585641e-15,NaN,NaN,NaN,NaN,NaN,NaN,NaN,0,NaN,NaN,NaN,NaN,0,NaN,NaN,1,NaN,NaN,,,,,,,,,
15-May-2020,01-May-2020,B2022_MONTHLY_V1,MONTHLY_20200515_DC_XI007_H20_PSDT,DC_XI007_H20,DC_XI007,H20_PV10,PRIMARY,1,DC_SOURCE,0.07,release_literal,1,1,20,10,NaN,unavailable,PSDT,optimized,ok,,"",1.44767816666667,,34.779619425,23.7157957723114,68.1887730929689,17.2309,0,17.2309,26.7086353335,15.6448116808114,58.5758556566478,14.622626,0,NaN,NaN,NaN,NaN,NaN,11.0638236526886,NaN,24.1800245373961,5.19029264012261e-15,121.580479699875,118.641864805081,NaN,NaN,6.78988115732082e-14,NaN,NaN,NaN,NaN,NaN,NaN,NaN,0,NaN,NaN,NaN,NaN,0,NaN,NaN,1,NaN,NaN,,,,,,,,,
15-May-2020,01-May-2020,B2022_MONTHLY_V1,MONTHLY_20200515_DC_XI007_H20_LL,DC_XI007_H20,DC_XI007,H20_PV10,PRIMARY,1,DC_SOURCE,0.07,release_literal,1,1,20,10,NaN,unavailable,LL,optimized,ok,,"",4.89723008333333,,34.779619425,7.47393868665159,21.4894205578317,17.2309,0,17.2309,26.7086353335,-0.597045404848402,-2.23540213640021,14.622626,0,NaN,NaN,NaN,NaN,NaN,27.3056807383484,NaN,7.98411724162235,7.98411724162234,191.618812198936,38.7076017516237,NaN,NaN,4.88498130835069e-15,NaN,NaN,NaN,NaN,NaN,NaN,NaN,0,NaN,NaN,NaN,NaN,0,NaN,NaN,1,NaN,NaN,,,,,,,,,
16-May-2020,01-May-2020,B2022_MONTHLY_V1,MONTHLY_20200516_DC_XI007_H20_SH_BM,DC_XI007_H20,DC_XI007,H20_PV10,PRIMARY,1,DC_SOURCE,0.07,release_literal,1,1,20,10,NaN,unavailable,SH_BM,optimized,ok,,"",0.539636583333333,,34.85289726,15.3918675889924,44.1623761553314,15.55111,0,15.55111,29.15066678675,9.6896371157424,33.2398472619044,13.4446845,0,NaN,NaN,NaN,NaN,NaN,19.4610296710076,NaN,49.5216805391274,5.0950125,192.284196133875,190.9659753458,NaN,NaN,8.88178419700125e-16,NaN,NaN,NaN,NaN,NaN,NaN,NaN,0,NaN,NaN,NaN,NaN,0,NaN,NaN,1,NaN,NaN,,,,,,,,,
16-May-2020,01-May-2020,B2022_MONTHLY_V1,MONTHLY_20200516_DC_XI007_H20_VPP_BM,DC_XI007_H20,DC_XI007,H20_PV10,PRIMARY,1,DC_SOURCE,0.07,release_literal,1,1,20,10,NaN,unavailable,VPP_BM,optimized,ok,,"",1.66891879166667,,34.85289726,17.5061834590372,50.2287753251685,15.55111,0,15.55111,29.15066678675,11.8039529857872,40.492909037513,13.4446845,0,NaN,NaN,NaN,NaN,NaN,17.3467138009628,NaN,55.0748693534775,4.44089209850063e-16,190.623228582009,189.060549007571,NaN,NaN,8.88178419700125e-16,NaN,NaN,NaN,NaN,NaN,NaN,NaN,0,NaN,NaN,NaN,NaN,0,NaN,NaN,1,NaN,NaN,,,,,,,,,
16-May-2020,01-May-2020,B2022_MONTHLY_V1,MONTHLY_20200516_DC_XI007_H20_PS,DC_XI007_H20,DC_XI007,H20_PV10,PRIMARY,1,DC_SOURCE,0.07,release_literal,1,1,20,10,NaN,unavailable,PS,optimized,ok,,"",2.42350041666667,,34.85289726,11.4870002798329,32.9585233449625,15.55111,0,15.55111,29.15066678675,5.7847698065829,19.8443824592454,13.4446845,0,NaN,NaN,NaN,NaN,NaN,23.3658969801671,NaN,10.2465387421387,10.2016257794737,183.547426953969,81.7535896204437,NaN,NaN,8.88178419700125e-16,NaN,NaN,NaN,NaN,NaN,NaN,NaN,0,NaN,NaN,NaN,NaN,0,NaN,NaN,1,NaN,NaN,,,,,,,,,
16-May-2020,01-May-2020,B2022_MONTHLY_V1,MONTHLY_20200516_DC_XI007_H20_PSDT,DC_XI007_H20,DC_XI007,H20_PV10,PRIMARY,1,DC_SOURCE,0.07,release_literal,1,1,20,10,NaN,unavailable,PSDT,optimized,ok,,"",2.30535770833333,,34.85289726,17.5061917315188,50.2287990605886,15.55111,0,15.55111,29.15066678675,11.8039612582688,40.4929374158745,13.4446845,0,NaN,NaN,NaN,NaN,NaN,17.3467055284812,NaN,47.9355227407142,1.47104550762833e-15,190.623137675617,189.06800628618,NaN,NaN,1.19348975147204e-15,NaN,NaN,NaN,NaN,NaN,NaN,NaN,0,NaN,NaN,NaN,NaN,0,NaN,NaN,1,NaN,NaN,,,,,,,,,
16-May-2020,01-May-2020,B2022_MONTHLY_V1,MONTHLY_20200516_DC_XI007_H20_LL,DC_XI007_H20,DC_XI007,H20_PV10,PRIMARY,1,DC_SOURCE,0.07,release_literal,1,1,20,10,NaN,unavailable,LL,optimized,ok,,"",3.56706725,,34.85289726,7.9668581595146,22.8585247880038,15.55111,0,15.55111,29.15066678675,2.2646276862646,7.76869943604155,13.4446845,0,NaN,NaN,NaN,NaN,NaN,26.8860391004854,NaN,10.2465377174849,7.65166974051323,191.522805507814,41.9382315175361,NaN,NaN,2.22044604925031e-15,NaN,NaN,NaN,NaN,NaN,NaN,NaN,0,NaN,NaN,NaN,NaN,0,NaN,NaN,1,NaN,NaN,,,,,,,,,
01-Jun-2020,01-Jun-2020,B2022_MONTHLY_V1,MONTHLY_20200601_DC_XI007_H20_SH_BM,DC_XI007_H20,DC_XI007,H20_PV10,PRIMARY,1,DC_SOURCE,0.07,release_literal,1,1,20,10,NaN,unavailable,SH_BM,optimized,ok,,"",0.767014208333333,,52.652500625,16.0719441634852,30.5245600355286,25.80843,0,25.80843,49.456152072,12.8755956104852,26.0343659404404,25.7949115,0,NaN,NaN,NaN,NaN,NaN,36.5805564615148,NaN,67.7005633795014,16.419277,321.246156711152,264.528634108611,NaN,NaN,8.88178419700125e-16,NaN,NaN,NaN,NaN,NaN,NaN,NaN,0,NaN,NaN,NaN,NaN,0,NaN,NaN,1,NaN,NaN,,,,,,,,,
01-Jun-2020,01-Jun-2020,B2022_MONTHLY_V1,MONTHLY_20200601_DC_XI007_H20_VPP_BM,DC_XI007_H20,DC_XI007,H20_PV10,PRIMARY,1,DC_SOURCE,0.07,release_literal,1,1,20,10,NaN,unavailable,VPP_BM,optimized,ok,,"",2.707649875,,52.652500625,20.0056918731099,37.9957108126617,25.80843,0,25.80843,49.456152072,16.8093433201099,33.9883768062632,25.7949115,0,NaN,NaN,NaN,NaN,NaN,32.6468087518901,NaN,57.9190731578947,12.628087,323.968312218777,323.80922328021,NaN,NaN,2.22044604925031e-15,NaN,NaN,NaN,NaN,NaN,NaN,NaN,0,NaN,NaN,NaN,NaN,0,NaN,NaN,1,NaN,NaN,,,,,,,,,
01-Jun-2020,01-Jun-2020,B2022_MONTHLY_V1,MONTHLY_20200601_DC_XI007_H20_PS,DC_XI007_H20,DC_XI007,H20_PV10,PRIMARY,1,DC_SOURCE,0.07,release_literal,1,1,20,10,NaN,unavailable,PS,optimized,ok,,"",3.09141054166667,,52.652500625,8.47473616223751,16.0956005159109,25.80843,0,25.80843,49.456152072,5.27838760923751,10.6728635126183,25.7949115,0,NaN,NaN,NaN,NaN,NaN,44.1777644627625,NaN,12.9506671893372,12.9506671893372,309.56857044475,119.072575239798,NaN,NaN,5.2284565565941e-15,NaN,NaN,NaN,NaN,NaN,NaN,NaN,0,NaN,NaN,NaN,NaN,0,NaN,NaN,1,NaN,NaN,,,,,,,,,
01-Jun-2020,01-Jun-2020,B2022_MONTHLY_V1,MONTHLY_20200601_DC_XI007_H20_PSDT,DC_XI007_H20,DC_XI007,H20_PV10,PRIMARY,1,DC_SOURCE,0.07,release_literal,1,1,20,10,NaN,unavailable,PSDT,optimized,ok,,"",3.452112625,,52.652500625,20.0056918731099,37.9957108126617,25.80843,0,25.80843,49.456152072,16.8093433201099,33.9883768062632,25.7949115,0,NaN,NaN,NaN,NaN,NaN,32.6468087518901,NaN,63.6735073684211,2.56123861103614,323.968327787356,323.810598756639,NaN,NaN,6.77236045021345e-15,NaN,NaN,NaN,NaN,NaN,NaN,NaN,0,NaN,NaN,NaN,NaN,0,NaN,NaN,1,NaN,NaN,,,,,,,,,
01-Jun-2020,01-Jun-2020,B2022_MONTHLY_V1,MONTHLY_20200601_DC_XI007_H20_LL,DC_XI007_H20,DC_XI007,H20_PV10,PRIMARY,1,DC_SOURCE,0.07,release_literal,1,1,20,10,NaN,unavailable,LL,optimized,ok,,"",1.94303808333333,,52.652500625,8.4739860404582,16.0941758508515,25.80843,0,25.80843,49.456152072,5.2776374874582,10.6713467715297,25.7949115,0,NaN,NaN,NaN,NaN,NaN,44.1785145845418,NaN,12.9506660181862,12.9506660181862,309.576828418282,119.075008365132,NaN,NaN,1.33226762955019e-15,NaN,NaN,NaN,NaN,NaN,NaN,NaN,0,NaN,NaN,NaN,NaN,0,NaN,NaN,1,NaN,NaN,,,,,,,,,
02-Jun-2020,01-Jun-2020,B2022_MONTHLY_V1,MONTHLY_20200602_DC_XI007_H20_SH_BM,DC_XI007_H20,DC_XI007,H20_PV10,PRIMARY,1,DC_SOURCE,0.07,release_literal,1,1,20,10,NaN,unavailable,SH_BM,optimized,ok,,"",0.538348166666667,,36.3944629207585,9.73622346657201,26.7519361056946,17.78814,0,17.78814,36.0866820474718,9.4284425932853,26.1272083171355,17.7709165,0,NaN,NaN,NaN,NaN,NaN,26.6582394541865,NaN,63.27486355752,7.76300913484181,255.823214375768,213.021989079818,NaN,NaN,9.0205620750794e-16,NaN,NaN,NaN,NaN,NaN,NaN,NaN,0,NaN,NaN,NaN,NaN,0,NaN,NaN,1,NaN,NaN,,,,,,,,,
02-Jun-2020,01-Jun-2020,B2022_MONTHLY_V1,MONTHLY_20200602_DC_XI007_H20_VPP_BM,DC_XI007_H20,DC_XI007,H20_PV10,PRIMARY,1,DC_SOURCE,0.07,release_literal,1,1,20,10,NaN,unavailable,VPP_BM,optimized,ok,,"",1.80916404166667,,36.3944629207585,12.5431696134563,34.4644998355011,17.78814,0,17.78814,36.0866820474718,12.2353887401696,33.9055519819584,17.7709165,0,NaN,NaN,NaN,NaN,NaN,23.8512933073022,NaN,58.3253767112622,2.78703182350348e-05,262.102092710543,287.270457364074,NaN,NaN,6.21724893790088e-15,NaN,NaN,NaN,NaN,NaN,NaN,NaN,0,NaN,NaN,NaN,NaN,0,NaN,NaN,1,NaN,NaN,,,,,,,,,
02-Jun-2020,01-Jun-2020,B2022_MONTHLY_V1,MONTHLY_20200602_DC_XI007_H20_PS,DC_XI007_H20,DC_XI007,H20_PV10,PRIMARY,1,DC_SOURCE,0.07,release_literal,1,1,20,10,NaN,unavailable,PS,optimized,ok,,"",4.26468970833333,,36.3944629207585,1.07796435499301,2.96189109134557,17.78814,0,17.78814,36.0866820474718,0.770183481706297,2.13425961603543,17.7709165,0,NaN,NaN,NaN,NaN,NaN,35.3164985657655,NaN,10.8321575374117,10.8321575374117,248.905710137386,79.1997656251157,NaN,NaN,8.88178419700125e-16,NaN,NaN,NaN,NaN,NaN,NaN,NaN,0,NaN,NaN,NaN,NaN,0,NaN,NaN,1,NaN,NaN,,,,,,,,,
02-Jun-2020,01-Jun-2020,B2022_MONTHLY_V1,MONTHLY_20200602_DC_XI007_H20_PSDT,DC_XI007_H20,DC_XI007,H20_PV10,PRIMARY,1,DC_SOURCE,0.07,release_literal,1,1,20,10,NaN,unavailable,PSDT,optimized,ok,,"",2.438760375,,36.3944629207585,12.5431696134563,34.4644998355011,17.78814,0,17.78814,36.0866820474718,12.2353887401696,33.9055519819584,17.7709165,0,NaN,NaN,NaN,NaN,NaN,23.8512933073022,NaN,74.3938034907121,1.00000004665812e-07,262.102122897826,287.270517738309,NaN,NaN,9.76996261670138e-15,NaN,NaN,NaN,NaN,NaN,NaN,NaN,0,NaN,NaN,NaN,NaN,0,NaN,NaN,1,NaN,NaN,,,,,,,,,
02-Jun-2020,01-Jun-2020,B2022_MONTHLY_V1,MONTHLY_20200602_DC_XI007_H20_LL,DC_XI007_H20,DC_XI007,H20_PV10,PRIMARY,1,DC_SOURCE,0.07,release_literal,1,1,20,10,NaN,unavailable,LL,optimized,ok,,"",2.38754920833333,,36.3944629207585,1.07772651167031,2.96123757621274,17.78814,0,17.78814,36.0866820474718,0.769945638383597,2.13360052711618,17.7709165,0,NaN,NaN,NaN,NaN,NaN,35.3167364090882,NaN,10.8321568591177,10.8321568591177,248.90831324806,79.1997841889516,NaN,NaN,2.45810316545914e-14,NaN,NaN,NaN,NaN,NaN,NaN,NaN,0,NaN,NaN,NaN,NaN,0,NaN,NaN,1,NaN,NaN,,,,,,,,,
15-Jun-2020,01-Jun-2020,B2022_MONTHLY_V1,MONTHLY_20200615_DC_XI007_H20_SH_BM,DC_XI007_H20,DC_XI007,H20_PV10,PRIMARY,1,DC_SOURCE,0.07,release_literal,1,1,20,10,NaN,unavailable,SH_BM,optimized,ok,,"",0.431690375,,34.282723145,17.6607212169059,51.5149311278723,14.82562,0,14.82562,26.587499822,9.9654978939059,37.4818917183777,14.4712795,0,NaN,NaN,NaN,NaN,NaN,16.6220019280941,NaN,43.908660134349,5.3632095,169.51487974966,194.036721282244,NaN,NaN,8.88178419700125e-16,NaN,NaN,NaN,NaN,NaN,NaN,NaN,0,NaN,NaN,NaN,NaN,0,NaN,NaN,1,NaN,NaN,,,,,,,,,
15-Jun-2020,01-Jun-2020,B2022_MONTHLY_V1,MONTHLY_20200615_DC_XI007_H20_VPP_BM,DC_XI007_H20,DC_XI007,H20_PV10,PRIMARY,1,DC_SOURCE,0.07,release_literal,1,1,20,10,NaN,unavailable,VPP_BM,optimized,ok,,"",1.50761729166667,,34.282723145,22.2236897741931,64.824750589961,14.82562,0,14.82562,26.587499822,14.5284664511931,54.643973854102,14.4712795,0,NaN,NaN,NaN,NaN,NaN,12.0590333708069,NaN,34.9083658725762,1.16573417585641e-15,132.516850228647,121.844785489195,NaN,NaN,8.88178419700125e-16,NaN,NaN,NaN,NaN,NaN,NaN,NaN,0,NaN,NaN,NaN,NaN,0,NaN,NaN,1,NaN,NaN,,,,,,,,,
15-Jun-2020,01-Jun-2020,B2022_MONTHLY_V1,MONTHLY_20200615_DC_XI007_H20_PS,DC_XI007_H20,DC_XI007,H20_PV10,PRIMARY,1,DC_SOURCE,0.07,release_literal,1,1,20,10,NaN,unavailable,PS,optimized,ok,,"",2.627451,,34.282723145,17.6924382319284,51.6074471596016,14.82562,0,14.82562,26.587499822,9.9972149089284,37.6011846764777,14.4712795,0,NaN,NaN,NaN,NaN,NaN,16.5902849130716,NaN,6.85987107084566,6.85987107084566,129.222090498128,71.1994265729273,NaN,NaN,7.86037901434611e-14,NaN,NaN,NaN,NaN,NaN,NaN,NaN,0,NaN,NaN,NaN,NaN,0,NaN,NaN,1,NaN,NaN,,,,,,,,,
15-Jun-2020,01-Jun-2020,B2022_MONTHLY_V1,MONTHLY_20200615_DC_XI007_H20_PSDT,DC_XI007_H20,DC_XI007,H20_PV10,PRIMARY,1,DC_SOURCE,0.07,release_literal,1,1,20,10,NaN,unavailable,PSDT,optimized,ok,,"",2.26184979166667,,34.282723145,22.2236897741931,64.824750589961,14.82562,0,14.82562,26.587499822,14.5284664511931,54.643973854102,14.4712795,0,NaN,NaN,NaN,NaN,NaN,12.0590333708069,NaN,38.3420164233841,2.38697950294409e-15,132.516850228647,121.844785489208,NaN,NaN,1.77635683940025e-15,NaN,NaN,NaN,NaN,NaN,NaN,NaN,0,NaN,NaN,NaN,NaN,0,NaN,NaN,1,NaN,NaN,,,,,,,,,
15-Jun-2020,01-Jun-2020,B2022_MONTHLY_V1,MONTHLY_20200615_DC_XI007_H20_LL,DC_XI007_H20,DC_XI007,H20_PV10,PRIMARY,1,DC_SOURCE,0.07,release_literal,1,1,20,10,NaN,unavailable,LL,optimized,ok,,"",6.05034783333333,,34.282723145,10.8219657899016,31.5668208273004,14.82562,0,14.82562,26.587499822,3.1267424669016,11.7601974154575,14.4712795,0,NaN,NaN,NaN,NaN,NaN,23.4607573550984,NaN,6.85987063567205,6.85987063567205,164.636893756129,65.7106060504244,NaN,NaN,1.36557432028894e-14,NaN,NaN,NaN,NaN,NaN,NaN,NaN,0,NaN,NaN,NaN,NaN,0,NaN,NaN,1,NaN,NaN,,,,,,,,,
16-Jun-2020,01-Jun-2020,B2022_MONTHLY_V1,MONTHLY_20200616_DC_XI007_H20_SH_BM,DC_XI007_H20,DC_XI007,H20_PV10,PRIMARY,1,DC_SOURCE,0.07,release_literal,1,1,20,10,NaN,unavailable,SH_BM,optimized,ok,,"",0.466906875,,36.66503493,14.9139832079436,40.6763098314703,17.13738,0,17.13738,31.35336959375,9.6023178716936,30.6261113115183,14.727853,0,NaN,NaN,NaN,NaN,NaN,21.7510517220564,NaN,60.081557466759,6.9210871,213.365725629191,203.66772036368,NaN,NaN,8.88178419700125e-16,NaN,NaN,NaN,NaN,NaN,NaN,NaN,0,NaN,NaN,NaN,NaN,0,NaN,NaN,1,NaN,NaN,,,,,,,,,
16-Jun-2020,01-Jun-2020,B2022_MONTHLY_V1,MONTHLY_20200616_DC_XI007_H20_VPP_BM,DC_XI007_H20,DC_XI007,H20_PV10,PRIMARY,1,DC_SOURCE,0.07,release_literal,1,1,20,10,NaN,unavailable,VPP_BM,optimized,ok,,"",3.4041405,,36.66503493,17.3548550679743,47.3335293450771,17.13738,0,17.13738,31.35336959375,12.0431897317243,38.4111497034277,14.727853,0,NaN,NaN,NaN,NaN,NaN,19.3101798620257,NaN,56.8940989417092,4.9960036108132e-16,212.199778703579,221.886473391206,NaN,NaN,1.80189196896663e-13,NaN,NaN,NaN,NaN,NaN,NaN,NaN,0,NaN,NaN,NaN,NaN,0,NaN,NaN,1,NaN,NaN,,,,,,,,,
16-Jun-2020,01-Jun-2020,B2022_MONTHLY_V1,MONTHLY_20200616_DC_XI007_H20_PS,DC_XI007_H20,DC_XI007,H20_PV10,PRIMARY,1,DC_SOURCE,0.07,release_literal,1,1,20,10,NaN,unavailable,PS,optimized,ok,,"",4.677187375,,36.66503493,7.8708238003144,21.4668384070578,17.13738,0,17.13738,31.35336959375,2.5591584640644,8.16230758359874,14.727853,0,NaN,NaN,NaN,NaN,NaN,28.7942111296856,NaN,8.42360850572747,8.42360850572746,202.006940823066,57.540184338594,NaN,NaN,2.77555756156289e-15,NaN,NaN,NaN,NaN,NaN,NaN,NaN,0,NaN,NaN,NaN,NaN,0,NaN,NaN,1,NaN,NaN,,,,,,,,,
16-Jun-2020,01-Jun-2020,B2022_MONTHLY_V1,MONTHLY_20200616_DC_XI007_H20_PSDT,DC_XI007_H20,DC_XI007,H20_PV10,PRIMARY,1,DC_SOURCE,0.07,release_literal,1,1,20,10,NaN,unavailable,PSDT,optimized,ok,,"",2.35826808333333,,36.66503493,17.3548550679744,47.3335293450773,17.13738,0,17.13738,31.35336959375,12.0431897317244,38.411149703428,14.727853,0,NaN,NaN,NaN,NaN,NaN,19.3101798620256,NaN,61.5717099992956,1.33226762955019e-15,212.199778703578,221.886473391202,NaN,NaN,1.68753899743024e-14,NaN,NaN,NaN,NaN,NaN,NaN,NaN,0,NaN,NaN,NaN,NaN,0,NaN,NaN,1,NaN,NaN,,,,,,,,,
16-Jun-2020,01-Jun-2020,B2022_MONTHLY_V1,MONTHLY_20200616_DC_XI007_H20_LL,DC_XI007_H20,DC_XI007,H20_PV10,PRIMARY,1,DC_SOURCE,0.07,release_literal,1,1,20,10,NaN,unavailable,LL,optimized,ok,,"",3.402321,,36.66503493,7.8703047157523,21.465422658885,17.13738,0,17.13738,31.35336959375,2.5586393795023,8.16065198941915,14.727853,0,NaN,NaN,NaN,NaN,NaN,28.7947302142477,NaN,8.42360776336669,8.42360776336669,202.012648557434,57.5413865028075,NaN,NaN,7.52731210695856e-14,NaN,NaN,NaN,NaN,NaN,NaN,NaN,0,NaN,NaN,NaN,NaN,0,NaN,NaN,1,NaN,NaN,,,,,,,,,
01-Jul-2020,01-Jul-2020,B2022_MONTHLY_V1,MONTHLY_20200701_DC_XI007_H20_SH_BM,DC_XI007_H20,DC_XI007,H20_PV10,PRIMARY,1,DC_SOURCE,0.07,release_literal,1,1,20,10,NaN,unavailable,SH_BM,optimized,ok,,"",0.929726916666667,,46.10601875,11.8197849065155,25.636099639411,21.15025,0,21.15025,45.6651268085,11.3788929650155,24.9181240922284,21.141624,0,NaN,NaN,NaN,NaN,NaN,34.2862338434845,NaN,72.3179908171745,14.1032175,321.337096006366,256.833588841998,NaN,NaN,1.77635683940025e-15,NaN,NaN,NaN,NaN,NaN,NaN,NaN,0,NaN,NaN,NaN,NaN,0,NaN,NaN,1,NaN,NaN,,,,,,,,,
01-Jul-2020,01-Jul-2020,B2022_MONTHLY_V1,MONTHLY_20200701_DC_XI007_H20_VPP_BM,DC_XI007_H20,DC_XI007,H20_PV10,PRIMARY,1,DC_SOURCE,0.07,release_literal,1,1,20,10,NaN,unavailable,VPP_BM,optimized,ok,,"",1.17655425,,46.10601875,14.2186608518909,30.8390558052486,21.15025,0,21.15025,45.6651268085,13.7777689103909,30.1713142463591,21.141624,0,NaN,NaN,NaN,NaN,NaN,31.8873578981091,NaN,83.0496542105263,13.17714638,326.69457984867,319.999915652548,NaN,NaN,2.22044604925031e-15,NaN,NaN,NaN,NaN,NaN,NaN,NaN,0,NaN,NaN,NaN,NaN,0,NaN,NaN,1,NaN,NaN,,,,,,,,,
01-Jul-2020,01-Jul-2020,B2022_MONTHLY_V1,MONTHLY_20200701_DC_XI007_H20_PS,DC_XI007_H20,DC_XI007,H20_PV10,PRIMARY,1,DC_SOURCE,0.07,release_literal,1,1,20,10,NaN,unavailable,PS,optimized,ok,,"",2.4179735,,46.10601875,1.5288802213458,3.31601006288534,21.15025,0,21.15025,45.6651268085,1.0879882798458,2.38253642524273,21.141624,0,NaN,NaN,NaN,NaN,NaN,44.5771385286542,NaN,13.0958934333868,13.0958934333867,311.984781768976,76.2853124974268,NaN,NaN,8.88178419700125e-16,NaN,NaN,NaN,NaN,NaN,NaN,NaN,0,NaN,NaN,NaN,NaN,0,NaN,NaN,1,NaN,NaN,,,,,,,,,
01-Jul-2020,01-Jul-2020,B2022_MONTHLY_V1,MONTHLY_20200701_DC_XI007_H20_PSDT,DC_XI007_H20,DC_XI007,H20_PV10,PRIMARY,1,DC_SOURCE,0.07,release_literal,1,1,20,10,NaN,unavailable,PSDT,optimized,ok,,"",1.80558183333333,,46.10601875,14.2186608518909,30.8390558052486,21.15025,0,21.15025,45.6651268085,13.7777689103909,30.1713142463591,21.141624,0,NaN,NaN,NaN,NaN,NaN,31.8873578981091,NaN,68.7123015789474,1.7460740371074,326.694619651038,320,NaN,NaN,2.08721928629529e-14,NaN,NaN,NaN,NaN,NaN,NaN,NaN,0,NaN,NaN,NaN,NaN,0,NaN,NaN,1,NaN,NaN,,,,,,,,,
01-Jul-2020,01-Jul-2020,B2022_MONTHLY_V1,MONTHLY_20200701_DC_XI007_H20_LL,DC_XI007_H20,DC_XI007,H20_PV10,PRIMARY,1,DC_SOURCE,0.07,release_literal,1,1,20,10,NaN,unavailable,LL,optimized,ok,,"",2.01876295833333,,46.10601875,1.5287239192438,3.31567105703266,21.15025,0,21.15025,45.6651268085,1.0878319777438,2.38219414632461,21.141624,0,NaN,NaN,NaN,NaN,NaN,44.5772948307562,NaN,13.0958923552887,13.0958923552887,311.986504171641,76.2868728552628,NaN,NaN,9.29811783123569e-16,NaN,NaN,NaN,NaN,NaN,NaN,NaN,0,NaN,NaN,NaN,NaN,0,NaN,NaN,1,NaN,NaN,,,,,,,,,
02-Jul-2020,01-Jul-2020,B2022_MONTHLY_V1,MONTHLY_20200702_DC_XI007_H20_SH_BM,DC_XI007_H20,DC_XI007,H20_PV10,PRIMARY,1,DC_SOURCE,0.07,release_literal,1,1,20,10,NaN,unavailable,SH_BM,optimized,ok,,"",0.757182083333333,,44.099284075,11.0477402305468,25.0519718455243,24.46207,0,24.46207,43.0890017935,10.0374579490468,23.2947098592592,24.4455305,0,NaN,NaN,NaN,NaN,NaN,33.0515438444532,NaN,63.4906545360111,12.91115,294.289355719266,225.670285641318,NaN,NaN,8.88178419700125e-16,NaN,NaN,NaN,NaN,NaN,NaN,NaN,0,NaN,NaN,NaN,NaN,0,NaN,NaN,1,NaN,NaN,,,,,,,,,
02-Jul-2020,01-Jul-2020,B2022_MONTHLY_V1,MONTHLY_20200702_DC_XI007_H20_VPP_BM,DC_XI007_H20,DC_XI007,H20_PV10,PRIMARY,1,DC_SOURCE,0.07,release_literal,1,1,20,10,NaN,unavailable,VPP_BM,optimized,ok,,"",2.26229754166667,,44.099284075,14.7236152978866,33.3874247773411,24.46207,0,24.46207,43.0890017935,13.7133330163866,31.8255992146359,24.4455305,0,NaN,NaN,NaN,NaN,NaN,29.3756687771134,NaN,71.0451615789474,10.7986118728851,302.137277704464,320.058474211492,NaN,NaN,1.77635683940025e-14,NaN,NaN,NaN,NaN,NaN,NaN,NaN,0,NaN,NaN,NaN,NaN,0,NaN,NaN,1,NaN,NaN,,,,,,,,,
02-Jul-2020,01-Jul-2020,B2022_MONTHLY_V1,MONTHLY_20200702_DC_XI007_H20_PS,DC_XI007_H20,DC_XI007,H20_PV10,PRIMARY,1,DC_SOURCE,0.07,release_literal,1,1,20,10,NaN,unavailable,PS,optimized,ok,,"",3.75243033333333,,44.099284075,3.15153535848069,7.14645469781517,24.46207,0,24.46207,43.0890017935,2.1412530769807,4.9693726655411,24.4455305,0,NaN,NaN,NaN,NaN,NaN,40.9477487165193,NaN,11.9730391778568,11.9730391778568,287.352706909022,98.9591001455324,NaN,NaN,1.33226762955019e-15,NaN,NaN,NaN,NaN,NaN,NaN,NaN,0,NaN,NaN,NaN,NaN,0,NaN,NaN,1,NaN,NaN,,,,,,,,,
02-Jul-2020,01-Jul-2020,B2022_MONTHLY_V1,MONTHLY_20200702_DC_XI007_H20_PSDT,DC_XI007_H20,DC_XI007,H20_PV10,PRIMARY,1,DC_SOURCE,0.07,release_literal,1,1,20,10,NaN,unavailable,PSDT,optimized,ok,,"",2.22534566666667,,44.099284075,14.7236152978866,33.3874247773411,24.46207,0,24.46207,43.0890017935,13.7133330163866,31.8255992146359,24.4455305,0,NaN,NaN,NaN,NaN,NaN,29.3756687771134,NaN,68.5183457894737,1.52198635476442,302.137292776094,320.059805782693,NaN,NaN,2.23085439010617e-15,NaN,NaN,NaN,NaN,NaN,NaN,NaN,0,NaN,NaN,NaN,NaN,0,NaN,NaN,1,NaN,NaN,,,,,,,,,
02-Jul-2020,01-Jul-2020,B2022_MONTHLY_V1,MONTHLY_20200702_DC_XI007_H20_LL,DC_XI007_H20,DC_XI007,H20_PV10,PRIMARY,1,DC_SOURCE,0.07,release_literal,1,1,20,10,NaN,unavailable,LL,optimized,ok,,"",5.38345125,,44.099284075,3.15152060226129,7.14642123645698,24.46207,0,24.46207,43.0890017935,2.1412383207613,4.96933841963429,24.4455305,0,NaN,NaN,NaN,NaN,NaN,40.9477634727387,NaN,11.9730303232571,11.973030223257,287.352726558166,98.9585070156201,NaN,NaN,5.38513678094432e-13,NaN,NaN,NaN,NaN,NaN,NaN,NaN,0,NaN,NaN,NaN,NaN,0,NaN,NaN,1,NaN,NaN,,,,,,,,,
15-Jul-2020,01-Jul-2020,B2022_MONTHLY_V1,MONTHLY_20200715_DC_XI007_H20_SH_BM,DC_XI007_H20,DC_XI007,H20_PV10,PRIMARY,1,DC_SOURCE,0.07,release_literal,1,1,20,10,NaN,unavailable,SH_BM,optimized,ok,,"",0.524337,,36.0233309218721,15.7562473228516,43.7390072478972,14.781415,0,14.781415,30.3404491548721,10.0733655558516,33.201108870974,13.431552,0,NaN,NaN,NaN,NaN,NaN,20.2670835990205,NaN,51.8141010263158,4.82578,202.459467736489,202.876274375751,NaN,NaN,7.7715611723761e-16,NaN,NaN,NaN,NaN,NaN,NaN,NaN,0,NaN,NaN,NaN,NaN,0,NaN,NaN,1,NaN,NaN,,,,,,,,,
15-Jul-2020,01-Jul-2020,B2022_MONTHLY_V1,MONTHLY_20200715_DC_XI007_H20_VPP_BM,DC_XI007_H20,DC_XI007,H20_PV10,PRIMARY,1,DC_SOURCE,0.07,release_literal,1,1,20,10,NaN,unavailable,VPP_BM,optimized,ok,,"",2.50654391666667,,36.0233309218721,18.2820416002184,50.7505584085735,14.781415,0,14.781415,30.3404491548721,12.5991598332184,41.5259502880339,13.431552,0,NaN,NaN,NaN,NaN,NaN,17.7412893216537,NaN,55.8467308911616,3.77475828372553e-14,194.959223314876,197.46215911426,NaN,NaN,1.59872115546023e-13,NaN,NaN,NaN,NaN,NaN,NaN,NaN,0,NaN,NaN,NaN,NaN,0,NaN,NaN,1,NaN,NaN,,,,,,,,,
15-Jul-2020,01-Jul-2020,B2022_MONTHLY_V1,MONTHLY_20200715_DC_XI007_H20_PS,DC_XI007_H20,DC_XI007,H20_PV10,PRIMARY,1,DC_SOURCE,0.07,release_literal,1,1,20,10,NaN,unavailable,PS,optimized,ok,,"",3.21214541666667,,36.0233309218721,9.39366128035084,26.0766038008088,14.781415,0,14.781415,30.3404491548721,3.7107795133508,12.2304699393513,13.431552,0,NaN,NaN,NaN,NaN,NaN,26.6296696415213,NaN,7.78645345352493,7.78645345352493,186.874876856073,69.2604918441503,NaN,NaN,1.88737914186277e-15,NaN,NaN,NaN,NaN,NaN,NaN,NaN,0,NaN,NaN,NaN,NaN,0,NaN,NaN,1,NaN,NaN,,,,,,,,,
15-Jul-2020,01-Jul-2020,B2022_MONTHLY_V1,MONTHLY_20200715_DC_XI007_H20_PSDT,DC_XI007_H20,DC_XI007,H20_PV10,PRIMARY,1,DC_SOURCE,0.07,release_literal,1,1,20,10,NaN,unavailable,PSDT,optimized,ok,,"",2.278364625,,36.0233309218721,18.2820416002185,50.7505584085738,14.781415,0,14.781415,30.3404491548721,12.5991598332185,41.5259502880343,13.431552,0,NaN,NaN,NaN,NaN,NaN,17.7412893216536,NaN,56.2938182381788,4.44089209850063e-16,194.959223314875,197.462159114384,NaN,NaN,1.65839564303383e-15,NaN,NaN,NaN,NaN,NaN,NaN,NaN,0,NaN,NaN,NaN,NaN,0,NaN,NaN,1,NaN,NaN,,,,,,,,,
15-Jul-2020,01-Jul-2020,B2022_MONTHLY_V1,MONTHLY_20200715_DC_XI007_H20_LL,DC_XI007_H20,DC_XI007,H20_PV10,PRIMARY,1,DC_SOURCE,0.07,release_literal,1,1,20,10,NaN,unavailable,LL,optimized,ok,,"",4.81642475,,36.0233309218721,9.39366017106735,26.0766007214614,14.781415,0,14.781415,30.3404491548721,3.7107784040673,12.2304662832304,13.431552,0,NaN,NaN,NaN,NaN,NaN,26.6296707508048,NaN,7.7864535039784,7.78645340397809,186.874882895472,69.2598779250442,NaN,NaN,1.47903911340563e-12,NaN,NaN,NaN,NaN,NaN,NaN,NaN,0,NaN,NaN,NaN,NaN,0,NaN,NaN,1,NaN,NaN,,,,,,,,,
16-Jul-2020,01-Jul-2020,B2022_MONTHLY_V1,MONTHLY_20200716_DC_XI007_H20_SH_BM,DC_XI007_H20,DC_XI007,H20_PV10,PRIMARY,1,DC_SOURCE,0.07,release_literal,1,1,20,10,NaN,unavailable,SH_BM,optimized,ok,,"",0.453375208333333,,33.2099567072807,16.5703980035415,49.8958735465883,16.15586,0,16.15586,26.4661445112807,9.8265858075415,37.1288904711946,13.8189275,0,NaN,NaN,NaN,NaN,NaN,16.6395587037392,NaN,43.2468748614958,4.07140719298246,168.909507122254,188.593267294258,NaN,NaN,7.01193489236941e-16,NaN,NaN,NaN,NaN,NaN,NaN,NaN,0,NaN,NaN,NaN,NaN,0,NaN,NaN,1,NaN,NaN,,,,,,,,,
16-Jul-2020,01-Jul-2020,B2022_MONTHLY_V1,MONTHLY_20200716_DC_XI007_H20_VPP_BM,DC_XI007_H20,DC_XI007,H20_PV10,PRIMARY,1,DC_SOURCE,0.07,release_literal,1,1,20,10,NaN,unavailable,VPP_BM,optimized,ok,,"",0.636610416666667,,33.2099567072807,21.6139835248762,65.0828416170073,16.15586,0,16.15586,26.4661445112807,14.8701713288762,56.1856349062783,13.8189275,0,NaN,NaN,NaN,NaN,NaN,11.5959731824045,NaN,35.679758294816,5.82867087928207e-16,127.42827672972,120.176260699317,NaN,NaN,1.33226762955019e-15,NaN,NaN,NaN,NaN,NaN,NaN,NaN,0,NaN,NaN,NaN,NaN,0,NaN,NaN,1,NaN,NaN,,,,,,,,,
16-Jul-2020,01-Jul-2020,B2022_MONTHLY_V1,MONTHLY_20200716_DC_XI007_H20_PS,DC_XI007_H20,DC_XI007,H20_PV10,PRIMARY,1,DC_SOURCE,0.07,release_literal,1,1,20,10,NaN,unavailable,PS,optimized,ok,,"",2.466331375,,33.2099567072807,17.5669064279673,52.8965050536066,16.15586,0,16.15586,26.4661445112807,10.8230942319673,40.8941099348799,13.8189275,0,NaN,NaN,NaN,NaN,NaN,15.6430502793134,NaN,6.85476093834032,6.8547609383403,124.306880407742,72.8866690416742,NaN,NaN,4.77839989798667e-13,NaN,NaN,NaN,NaN,NaN,NaN,NaN,0,NaN,NaN,NaN,NaN,0,NaN,NaN,1,NaN,NaN,,,,,,,,,
16-Jul-2020,01-Jul-2020,B2022_MONTHLY_V1,MONTHLY_20200716_DC_XI007_H20_PSDT,DC_XI007_H20,DC_XI007,H20_PV10,PRIMARY,1,DC_SOURCE,0.07,release_literal,1,1,20,10,NaN,unavailable,PSDT,optimized,ok,,"",1.36562820833333,,33.2099567072807,21.6139835248762,65.0828416170073,16.15586,0,16.15586,26.4661445112807,14.8701713288762,56.1856349062783,13.8189275,0,NaN,NaN,NaN,NaN,NaN,11.5959731824045,NaN,36.1273029773117,5.31519273039294e-15,127.42827672972,120.176260699316,NaN,NaN,8.88178419700125e-16,NaN,NaN,NaN,NaN,NaN,NaN,NaN,0,NaN,NaN,NaN,NaN,0,NaN,NaN,1,NaN,NaN,,,,,,,,,
16-Jul-2020,01-Jul-2020,B2022_MONTHLY_V1,MONTHLY_20200716_DC_XI007_H20_LL,DC_XI007_H20,DC_XI007,H20_PV10,PRIMARY,1,DC_SOURCE,0.07,release_literal,1,1,20,10,NaN,unavailable,LL,optimized,ok,,"",4.34062358333333,,33.2099567072807,9.766674567357,29.4088747342927,16.15586,0,16.15586,26.4661445112807,3.022862371357,11.421619684985,13.8189275,0,NaN,NaN,NaN,NaN,NaN,23.4432821399237,NaN,6.85476091796016,6.85476091796015,164.514260631044,68.6047622419416,NaN,NaN,5.50670620214078e-14,NaN,NaN,NaN,NaN,NaN,NaN,NaN,0,NaN,NaN,NaN,NaN,0,NaN,NaN,1,NaN,NaN,,,,,,,,,
01-Aug-2020,01-Aug-2020,B2022_MONTHLY_V1,MONTHLY_20200801_DC_XI007_H20_SH_BM,DC_XI007_H20,DC_XI007,H20_PV10,PRIMARY,1,DC_SOURCE,0.07,release_literal,1,1,20,10,NaN,unavailable,SH_BM,optimized,ok,,"",0.831094416666667,,47.85067247,12.9766153564732,27.1189822141139,24.76342,0,24.76342,46.7414875925,11.8674304789732,25.3895010412065,24.74936,0,NaN,NaN,NaN,NaN,NaN,34.8740571135268,NaN,76.7418537950139,14.6732512059727,327.637578426502,266.200760619005,NaN,NaN,8.88178419700125e-16,NaN,NaN,NaN,NaN,NaN,NaN,NaN,0,NaN,NaN,NaN,NaN,0,NaN,NaN,1,NaN,NaN,,,,,,,,,
01-Aug-2020,01-Aug-2020,B2022_MONTHLY_V1,MONTHLY_20200801_DC_XI007_H20_VPP_BM,DC_XI007_H20,DC_XI007,H20_PV10,PRIMARY,1,DC_SOURCE,0.07,release_literal,1,1,20,10,NaN,unavailable,VPP_BM,optimized,ok,,"",2.01836091666667,,47.85067247,15.0859998315294,31.527247273249,24.76342,0,24.76342,46.7414875925,13.9768149540294,29.9023751145483,24.74936,0,NaN,NaN,NaN,NaN,NaN,32.7646726384706,NaN,75.9613042105263,12.1651105,332.296806515584,320.005322099513,NaN,NaN,5.32907051820075e-15,NaN,NaN,NaN,NaN,NaN,NaN,NaN,0,NaN,NaN,NaN,NaN,0,NaN,NaN,1,NaN,NaN,,,,,,,,,
01-Aug-2020,01-Aug-2020,B2022_MONTHLY_V1,MONTHLY_20200801_DC_XI007_H20_PS,DC_XI007_H20,DC_XI007,H20_PV10,PRIMARY,1,DC_SOURCE,0.07,release_literal,1,1,20,10,NaN,unavailable,PS,optimized,ok,,"",2.08215791666667,,47.85067247,2.3311887478025,4.8717993446467,24.76342,0,24.76342,46.7414875925,1.2220038703025,2.61438805918231,24.74936,0,NaN,NaN,NaN,NaN,NaN,45.5194837221975,NaN,13.375510152828,13.375510152828,318.542352625524,94.5784175134564,NaN,NaN,4.21884749357559e-15,NaN,NaN,NaN,NaN,NaN,NaN,NaN,0,NaN,NaN,NaN,NaN,0,NaN,NaN,1,NaN,NaN,,,,,,,,,
01-Aug-2020,01-Aug-2020,B2022_MONTHLY_V1,MONTHLY_20200801_DC_XI007_H20_PSDT,DC_XI007_H20,DC_XI007,H20_PV10,PRIMARY,1,DC_SOURCE,0.07,release_literal,1,1,20,10,NaN,unavailable,PSDT,optimized,ok,,"",1.59220145833333,,47.85067247,15.0859998315294,31.527247273249,24.76342,0,24.76342,46.7414875925,13.9768149540294,29.9023751145483,24.74936,0,NaN,NaN,NaN,NaN,NaN,32.7646726384706,NaN,65.8092773684211,2.04341566225817,332.296822856259,320.006765790218,NaN,NaN,2.48689957516035e-14,NaN,NaN,NaN,NaN,NaN,NaN,NaN,0,NaN,NaN,NaN,NaN,0,NaN,NaN,1,NaN,NaN,,,,,,,,,
01-Aug-2020,01-Aug-2020,B2022_MONTHLY_V1,MONTHLY_20200801_DC_XI007_H20_LL,DC_XI007_H20,DC_XI007,H20_PV10,PRIMARY,1,DC_SOURCE,0.07,release_literal,1,1,20,10,NaN,unavailable,LL,optimized,ok,,"",1.95186683333333,,47.85067247,2.3311076620227,4.8716298887632,24.76342,0,24.76342,46.7414875925,1.2219227845227,2.61421458207669,24.74936,0,NaN,NaN,NaN,NaN,NaN,45.5195648079773,NaN,13.375509062174,13.375509062174,318.543248430003,94.5784427707069,NaN,NaN,4.44089209850063e-15,NaN,NaN,NaN,NaN,NaN,NaN,NaN,0,NaN,NaN,NaN,NaN,0,NaN,NaN,1,NaN,NaN,,,,,,,,,
02-Aug-2020,01-Aug-2020,B2022_MONTHLY_V1,MONTHLY_20200802_DC_XI007_H20_SH_BM,DC_XI007_H20,DC_XI007,H20_PV10,PRIMARY,1,DC_SOURCE,0.07,release_literal,1,1,20,10,NaN,unavailable,SH_BM,optimized,ok,,"",1.02092291666667,,44.9556289,11.2163043669917,24.9497218511644,23.94404,0,23.94404,43.936965754,10.1976412209917,23.2097074661177,23.2809665,0,NaN,NaN,NaN,NaN,NaN,33.7393245330083,NaN,57.138286565097,10.318375,297.380172022691,230.07735428833,NaN,NaN,1.4432899320127e-15,NaN,NaN,NaN,NaN,NaN,NaN,NaN,0,NaN,NaN,NaN,NaN,0,NaN,NaN,1,NaN,NaN,,,,,,,,,
02-Aug-2020,01-Aug-2020,B2022_MONTHLY_V1,MONTHLY_20200802_DC_XI007_H20_VPP_BM,DC_XI007_H20,DC_XI007,H20_PV10,PRIMARY,1,DC_SOURCE,0.07,release_literal,1,1,20,10,NaN,unavailable,VPP_BM,optimized,ok,,"",2.14273016666667,,44.9556289,14.6279038718141,32.5385368411876,23.94404,0,23.94404,43.936965754,13.6092407258141,30.974466470924,23.2809665,0,NaN,NaN,NaN,NaN,NaN,30.3277250281859,NaN,76.9028042105263,9.14621,305.002072107546,319.99991977804,NaN,NaN,2.88657986402541e-15,NaN,NaN,NaN,NaN,NaN,NaN,NaN,0,NaN,NaN,NaN,NaN,0,NaN,NaN,1,NaN,NaN,,,,,,,,,
02-Aug-2020,01-Aug-2020,B2022_MONTHLY_V1,MONTHLY_20200802_DC_XI007_H20_PS,DC_XI007_H20,DC_XI007,H20_PV10,PRIMARY,1,DC_SOURCE,0.07,release_literal,1,1,20,10,NaN,unavailable,PS,optimized,ok,,"",3.19382704166667,,44.9556289,4.0365079679118,8.97887109285173,23.94404,0,23.94404,43.936965754,3.0178448219118,6.86857813261048,23.2809665,0,NaN,NaN,NaN,NaN,NaN,40.9191209320882,NaN,12.5852065948434,12.5852065948434,289.384480480809,74.2333839785954,NaN,NaN,1.11022302462516e-15,NaN,NaN,NaN,NaN,NaN,NaN,NaN,0,NaN,NaN,NaN,NaN,0,NaN,NaN,1,NaN,NaN,,,,,,,,,
02-Aug-2020,01-Aug-2020,B2022_MONTHLY_V1,MONTHLY_20200802_DC_XI007_H20_PSDT,DC_XI007_H20,DC_XI007,H20_PV10,PRIMARY,1,DC_SOURCE,0.07,release_literal,1,1,20,10,NaN,unavailable,PSDT,optimized,ok,,"",2.07814520833333,,44.9556289,14.6279038718141,32.5385368411876,23.94404,0,23.94404,43.936965754,13.6092407258141,30.974466470924,23.2809665,0,NaN,NaN,NaN,NaN,NaN,30.3277250281859,NaN,76.9028067131299,2.08133743813372,305.002109391787,320,NaN,NaN,2.22044604925031e-15,NaN,NaN,NaN,NaN,NaN,NaN,NaN,0,NaN,NaN,NaN,NaN,0,NaN,NaN,1,NaN,NaN,,,,,,,,,
02-Aug-2020,01-Aug-2020,B2022_MONTHLY_V1,MONTHLY_20200802_DC_XI007_H20_LL,DC_XI007_H20,DC_XI007,H20_PV10,PRIMARY,1,DC_SOURCE,0.07,release_literal,1,1,20,10,NaN,unavailable,LL,optimized,ok,,"",2.803481125,,44.9556289,3.9944239111387,8.8852586625447,23.94404,0,23.94404,43.936965754,2.9757607651387,6.77279533092881,23.2809665,0,NaN,NaN,NaN,NaN,NaN,40.9612049888613,NaN,12.5852055381594,12.5852055381594,289.604136745698,79.1513263307472,NaN,NaN,1.13797860024079e-15,NaN,NaN,NaN,NaN,NaN,NaN,NaN,0,NaN,NaN,NaN,NaN,0,NaN,NaN,1,NaN,NaN,,,,,,,,,
15-Aug-2020,01-Aug-2020,B2022_MONTHLY_V1,MONTHLY_20200815_DC_XI007_H20_SH_BM,DC_XI007_H20,DC_XI007,H20_PV10,PRIMARY,1,DC_SOURCE,0.07,release_literal,1,1,20,10,NaN,unavailable,SH_BM,optimized,ok,,"",0.517484625,,40.457907755,15.8450906012263,39.1643846171657,19.06225,0,19.06225,34.9834634965,10.3706463427263,29.6444242685229,18.28414,0,NaN,NaN,NaN,NaN,NaN,24.6128171537737,NaN,63.7969127423823,5.703694,240.256547070041,216.824240322002,NaN,NaN,9.43689570931383e-16,NaN,NaN,NaN,NaN,NaN,NaN,NaN,0,NaN,NaN,NaN,NaN,0,NaN,NaN,1,NaN,NaN,,,,,,,,,
15-Aug-2020,01-Aug-2020,B2022_MONTHLY_V1,MONTHLY_20200815_DC_XI007_H20_VPP_BM,DC_XI007_H20,DC_XI007,H20_PV10,PRIMARY,1,DC_SOURCE,0.07,release_literal,1,1,20,10,NaN,unavailable,VPP_BM,optimized,ok,,"",1.79916625,,40.457907755,18.5977751136448,45.9682078130854,19.06225,0,19.06225,34.9834634965,13.1233308551448,37.5129548178034,18.28414,0,NaN,NaN,NaN,NaN,NaN,21.8601326413552,NaN,64.9591884398177,6.66133814775094e-16,240.22123781709,248.729561065775,NaN,NaN,2.66453525910038e-15,NaN,NaN,NaN,NaN,NaN,NaN,NaN,0,NaN,NaN,NaN,NaN,0,NaN,NaN,1,NaN,NaN,,,,,,,,,
15-Aug-2020,01-Aug-2020,B2022_MONTHLY_V1,MONTHLY_20200815_DC_XI007_H20_PS,DC_XI007_H20,DC_XI007,H20_PV10,PRIMARY,1,DC_SOURCE,0.07,release_literal,1,1,20,10,NaN,unavailable,PS,optimized,ok,,"",2.663617625,,40.457907755,7.91752027450041,19.5697719280155,19.06225,0,19.06225,34.9834634965,2.4430760160004,6.98351670138329,18.28414,0,NaN,NaN,NaN,NaN,NaN,32.5403874804996,NaN,9.51473318143264,9.51473318143263,228.353596354383,67.0348330893908,NaN,NaN,6.88338275267597e-15,NaN,NaN,NaN,NaN,NaN,NaN,NaN,0,NaN,NaN,NaN,NaN,0,NaN,NaN,1,NaN,NaN,,,,,,,,,
15-Aug-2020,01-Aug-2020,B2022_MONTHLY_V1,MONTHLY_20200815_DC_XI007_H20_PSDT,DC_XI007_H20,DC_XI007,H20_PV10,PRIMARY,1,DC_SOURCE,0.07,release_literal,1,1,20,10,NaN,unavailable,PSDT,optimized,ok,,"",2.003669875,,40.457907755,18.5977751136448,45.9682078130854,19.06225,0,19.06225,34.9834634965,13.1233308551448,37.5129548178034,18.28414,0,NaN,NaN,NaN,NaN,NaN,21.8601326413552,NaN,62.7116137686438,1.4432899320127e-15,240.22123781709,248.729561065776,NaN,NaN,1.45439216225896e-14,NaN,NaN,NaN,NaN,NaN,NaN,NaN,0,NaN,NaN,NaN,NaN,0,NaN,NaN,1,NaN,NaN,,,,,,,,,
15-Aug-2020,01-Aug-2020,B2022_MONTHLY_V1,MONTHLY_20200815_DC_XI007_H20_LL,DC_XI007_H20,DC_XI007,H20_PV10,PRIMARY,1,DC_SOURCE,0.07,release_literal,1,1,20,10,NaN,unavailable,LL,optimized,ok,,"",5.75133308333333,,40.457907755,7.91752033528291,19.5697720782519,19.06225,0,19.06225,34.9834634965,2.4430760767829,6.98351687512966,18.28414,0,NaN,NaN,NaN,NaN,NaN,32.5403874197171,NaN,9.51473323173003,9.51473313173268,228.353596361522,67.0348328700282,NaN,NaN,4.20208312590375e-12,NaN,NaN,NaN,NaN,NaN,NaN,NaN,0,NaN,NaN,NaN,NaN,0,NaN,NaN,1,NaN,NaN,,,,,,,,,
16-Aug-2020,01-Aug-2020,B2022_MONTHLY_V1,MONTHLY_20200816_DC_XI007_H20_SH_BM,DC_XI007_H20,DC_XI007,H20_PV10,PRIMARY,1,DC_SOURCE,0.07,release_literal,1,1,20,10,NaN,unavailable,SH_BM,optimized,ok,,"",0.923239333333333,,46.25272847,18.2382786826807,39.431789833783,21.1024,0,21.1024,40.1515288425,12.1370790551807,30.2281865848498,19.8687105,0,NaN,NaN,NaN,NaN,NaN,28.0144497873193,NaN,71.659303933518,8.604855675,271.380989926311,255.477405874628,NaN,NaN,8.88178419700125e-16,NaN,NaN,NaN,NaN,NaN,NaN,NaN,0,NaN,NaN,NaN,NaN,0,NaN,NaN,1,NaN,NaN,,,,,,,,,
16-Aug-2020,01-Aug-2020,B2022_MONTHLY_V1,MONTHLY_20200816_DC_XI007_H20_VPP_BM,DC_XI007_H20,DC_XI007,H20_PV10,PRIMARY,1,DC_SOURCE,0.07,release_literal,1,1,20,10,NaN,unavailable,VPP_BM,optimized,ok,,"",2.34291370833333,,46.25272847,21.159948048257,45.7485401363545,21.1024,0,21.1024,40.1515288425,15.058748420757,37.5047945990476,19.8687105,0,NaN,NaN,NaN,NaN,NaN,25.092780421743,NaN,83.6087942105263,1.16573417585641e-15,275.744839799374,309.737271907887,NaN,NaN,1.36002320516582e-15,NaN,NaN,NaN,NaN,NaN,NaN,NaN,0,NaN,NaN,NaN,NaN,0,NaN,NaN,1,NaN,NaN,,,,,,,,,
16-Aug-2020,01-Aug-2020,B2022_MONTHLY_V1,MONTHLY_20200816_DC_XI007_H20_PS,DC_XI007_H20,DC_XI007,H20_PV10,PRIMARY,1,DC_SOURCE,0.07,release_literal,1,1,20,10,NaN,unavailable,PS,optimized,ok,,"",3.22219658333333,,46.25272847,9.1500627915227,19.7827524866074,21.1024,0,21.1024,40.1515288425,3.0488631640227,7.59339246080091,19.8687105,0,NaN,NaN,NaN,NaN,NaN,37.1026656784773,NaN,10.9697648593253,10.9697648593253,260.547979039084,68.1715978211805,NaN,NaN,1.33226762955019e-15,NaN,NaN,NaN,NaN,NaN,NaN,NaN,0,NaN,NaN,NaN,NaN,0,NaN,NaN,1,NaN,NaN,,,,,,,,,
16-Aug-2020,01-Aug-2020,B2022_MONTHLY_V1,MONTHLY_20200816_DC_XI007_H20_PSDT,DC_XI007_H20,DC_XI007,H20_PV10,PRIMARY,1,DC_SOURCE,0.07,release_literal,1,1,20,10,NaN,unavailable,PSDT,optimized,ok,,"",3.45238354166667,,46.25272847,21.159948048257,45.7485401363545,21.1024,0,21.1024,40.1515288425,15.058748420757,37.5047945990476,19.8687105,0,NaN,NaN,NaN,NaN,NaN,25.092780421743,NaN,72.7042757894737,1.33226762955019e-14,275.744839799374,309.737271907862,NaN,NaN,1.06609165939631e-13,NaN,NaN,NaN,NaN,NaN,NaN,NaN,0,NaN,NaN,NaN,NaN,0,NaN,NaN,1,NaN,NaN,,,,,,,,,
16-Aug-2020,01-Aug-2020,B2022_MONTHLY_V1,MONTHLY_20200816_DC_XI007_H20_LL,DC_XI007_H20,DC_XI007,H20_PV10,PRIMARY,1,DC_SOURCE,0.07,release_literal,1,1,20,10,NaN,unavailable,LL,optimized,failed,StoreNet:OptimizationFailed,"Optimization failed during throughput after import spread and bill (exit flag 0).",62.1192164166667,,46.25272847,NaN,NaN,21.1024,0,21.1024,NaN,NaN,NaN,NaN,NaN,NaN,NaN,NaN,NaN,NaN,NaN,NaN,NaN,NaN,NaN,NaN,NaN,NaN,NaN,NaN,NaN,NaN,NaN,NaN,NaN,NaN,NaN,NaN,NaN,NaN,NaN,NaN,NaN,NaN,NaN,NaN,NaN,,,,,,,,,
01-Sep-2020,01-Sep-2020,B2022_MONTHLY_V1,MONTHLY_20200901_DC_XI007_H20_SH_BM,DC_XI007_H20,DC_XI007,H20_PV10,PRIMARY,1,DC_SOURCE,0.07,release_literal,1,1,20,10,NaN,unavailable,SH_BM,optimized,ok,,"",0.745906416666667,,46.28547322,14.0252470503575,30.3016174938818,20.269925,0,20.269925,43.60958281525,11.3493566456075,26.024914509475,20.261546,0,NaN,NaN,NaN,NaN,NaN,32.2602261696425,NaN,77.7069947783933,11.4027415,300.476814902924,239.885164262106,NaN,NaN,8.88178419700125e-16,NaN,NaN,NaN,NaN,NaN,NaN,NaN,0,NaN,NaN,NaN,NaN,0,NaN,NaN,1,NaN,NaN,,,,,,,,,
01-Sep-2020,01-Sep-2020,B2022_MONTHLY_V1,MONTHLY_20200901_DC_XI007_H20_VPP_BM,DC_XI007_H20,DC_XI007,H20_PV10,PRIMARY,1,DC_SOURCE,0.07,release_literal,1,1,20,10,NaN,unavailable,VPP_BM,optimized,ok,,"",3.03872275,,46.28547322,17.6981025751022,38.2368405114519,20.269925,0,20.269925,43.60958281525,15.0222121703522,34.447043976534,20.261546,0,NaN,NaN,NaN,NaN,NaN,28.5873706448978,NaN,77.1378942105263,5.26079468259876,308.192404314178,320.241446740125,NaN,NaN,8.14903700074865e-14,NaN,NaN,NaN,NaN,NaN,NaN,NaN,0,NaN,NaN,NaN,NaN,0,NaN,NaN,1,NaN,NaN,,,,,,,,,
01-Sep-2020,01-Sep-2020,B2022_MONTHLY_V1,MONTHLY_20200901_DC_XI007_H20_PS,DC_XI007_H20,DC_XI007,H20_PV10,PRIMARY,1,DC_SOURCE,0.07,release_literal,1,1,20,10,NaN,unavailable,PS,optimized,ok,,"",4.51935958333333,,46.28547322,4.6143877251293,9.96940811903683,20.269925,0,20.269925,43.60958281525,1.9384973203793,4.44511778200597,20.261546,0,NaN,NaN,NaN,NaN,NaN,41.6710854948707,NaN,12.2501663283757,12.2501663283757,292.380660481548,93.0892355305432,NaN,NaN,1.33226762955019e-15,NaN,NaN,NaN,NaN,NaN,NaN,NaN,0,NaN,NaN,NaN,NaN,0,NaN,NaN,1,NaN,NaN,,,,,,,,,
01-Sep-2020,01-Sep-2020,B2022_MONTHLY_V1,MONTHLY_20200901_DC_XI007_H20_PSDT,DC_XI007_H20,DC_XI007,H20_PV10,PRIMARY,1,DC_SOURCE,0.07,release_literal,1,1,20,10,NaN,unavailable,PSDT,optimized,ok,,"",4.12453179166667,,46.28547322,17.6981025751022,38.2368405114519,20.269925,0,20.269925,43.60958281525,15.0222121703522,34.447043976534,20.261546,0,NaN,NaN,NaN,NaN,NaN,28.5873706448978,NaN,59.344107368421,0.438398428903516,308.192419634869,320.242800315786,NaN,NaN,6.66133814775094e-15,NaN,NaN,NaN,NaN,NaN,NaN,NaN,0,NaN,NaN,NaN,NaN,0,NaN,NaN,1,NaN,NaN,,,,,,,,,
01-Sep-2020,01-Sep-2020,B2022_MONTHLY_V1,MONTHLY_20200901_DC_XI007_H20_LL,DC_XI007_H20,DC_XI007,H20_PV10,PRIMARY,1,DC_SOURCE,0.07,release_literal,1,1,20,10,NaN,unavailable,LL,optimized,ok,,"",2.89882475,,46.28547322,4.6143005374211,9.9692197495504,20.269925,0,20.269925,43.60958281525,1.9384101326711,4.4449178541402,20.261546,0,NaN,NaN,NaN,NaN,NaN,41.6711726825789,NaN,12.2501652033592,12.2501652033592,292.381602499275,93.0892639480151,NaN,NaN,5.55111512312578e-16,NaN,NaN,NaN,NaN,NaN,NaN,NaN,0,NaN,NaN,NaN,NaN,0,NaN,NaN,1,NaN,NaN,,,,,,,,,
02-Sep-2020,01-Sep-2020,B2022_MONTHLY_V1,MONTHLY_20200902_DC_XI007_H20_SH_BM,DC_XI007_H20,DC_XI007,H20_PV10,PRIMARY,1,DC_SOURCE,0.07,release_literal,1,1,20,10,NaN,unavailable,SH_BM,optimized,ok,,"",0.788843291666667,,46.795365465,13.7499658443554,29.3831786710577,19.56155,0,19.56155,43.380802602,10.3354029813554,23.8248311728536,18.825119,0,NaN,NaN,NaN,NaN,NaN,33.0453996206446,NaN,67.0127771371191,11.32886,293.52007927027,225.71915755027,NaN,NaN,1.11022302462516e-15,NaN,NaN,NaN,NaN,NaN,NaN,NaN,0,NaN,NaN,NaN,NaN,0,NaN,NaN,1,NaN,NaN,,,,,,,,,
02-Sep-2020,01-Sep-2020,B2022_MONTHLY_V1,MONTHLY_20200902_DC_XI007_H20_VPP_BM,DC_XI007_H20,DC_XI007,H20_PV10,PRIMARY,1,DC_SOURCE,0.07,release_literal,1,1,20,10,NaN,unavailable,VPP_BM,optimized,ok,,"",3.359946375,,46.795365465,18.0041238166325,38.474160074887,19.56155,0,19.56155,43.380802602,14.5895609536325,33.6313762737066,18.825119,0,NaN,NaN,NaN,NaN,NaN,28.7912416483675,NaN,59.4894631578947,6.628318745,300.102789427424,320.558209915533,NaN,NaN,1.55431223447522e-15,NaN,NaN,NaN,NaN,NaN,NaN,NaN,0,NaN,NaN,NaN,NaN,0,NaN,NaN,1,NaN,NaN,,,,,,,,,
02-Sep-2020,01-Sep-2020,B2022_MONTHLY_V1,MONTHLY_20200902_DC_XI007_H20_PS,DC_XI007_H20,DC_XI007,H20_PV10,PRIMARY,1,DC_SOURCE,0.07,release_literal,1,1,20,10,NaN,unavailable,PS,optimized,ok,,"",5.186343875,,46.795365465,6.6562487550206,14.2241623478698,19.56155,0,19.56155,43.380802602,3.24168589202061,7.47262774679773,18.825119,0,NaN,NaN,NaN,NaN,NaN,40.1391167099794,NaN,12.2977293399586,12.2977293399586,283.558188812561,67.5039996070253,NaN,NaN,1.4432899320127e-15,NaN,NaN,NaN,NaN,NaN,NaN,NaN,0,NaN,NaN,NaN,NaN,0,NaN,NaN,1,NaN,NaN,,,,,,,,,
02-Sep-2020,01-Sep-2020,B2022_MONTHLY_V1,MONTHLY_20200902_DC_XI007_H20_PSDT,DC_XI007_H20,DC_XI007,H20_PV10,PRIMARY,1,DC_SOURCE,0.07,release_literal,1,1,20,10,NaN,unavailable,PSDT,optimized,ok,,"",3.253988875,,46.795365465,18.0041238166325,38.474160074887,19.56155,0,19.56155,43.380802602,14.5895609536325,33.6313762737066,18.825119,0,NaN,NaN,NaN,NaN,NaN,28.7912416483675,NaN,62.9579173684211,1.1989372411438,300.102804596856,320.559550127547,NaN,NaN,6.30051566474776e-15,NaN,NaN,NaN,NaN,NaN,NaN,NaN,0,NaN,NaN,NaN,NaN,0,NaN,NaN,1,NaN,NaN,,,,,,,,,
02-Sep-2020,01-Sep-2020,B2022_MONTHLY_V1,MONTHLY_20200902_DC_XI007_H20_LL,DC_XI007_H20,DC_XI007,H20_PV10,PRIMARY,1,DC_SOURCE,0.07,release_literal,1,1,20,10,NaN,unavailable,LL,optimized,ok,,"",2.58469570833333,,46.795365465,6.6367853558458,14.1825697692428,19.56155,0,19.56155,43.380802602,3.2222224928458,7.42776135888562,18.825119,0,NaN,NaN,NaN,NaN,NaN,40.1585801091542,NaN,12.2977282701687,12.2977282701686,283.66258533468,71.3727943178821,NaN,NaN,3.58185703319691e-12,NaN,NaN,NaN,NaN,NaN,NaN,NaN,0,NaN,NaN,NaN,NaN,0,NaN,NaN,1,NaN,NaN,,,,,,,,,
15-Sep-2020,01-Sep-2020,B2022_MONTHLY_V1,MONTHLY_20200915_DC_XI007_H20_SH_BM,DC_XI007_H20,DC_XI007,H20_PV10,PRIMARY,1,DC_SOURCE,0.07,release_literal,1,1,20,10,NaN,unavailable,SH_BM,optimized,ok,,"",0.649933625,,41.799468915,16.1442188936023,38.6230239585863,17.670705,0,17.670705,37.91398297075,12.2587329493523,32.3330127536579,17.280066,0,NaN,NaN,NaN,NaN,NaN,25.6552500213977,NaN,64.1061321745152,6.922108075,252.194880381569,245.608748594569,NaN,NaN,9.99200722162641e-16,NaN,NaN,NaN,NaN,NaN,NaN,NaN,0,NaN,NaN,NaN,NaN,0,NaN,NaN,1,NaN,NaN,,,,,,,,,
15-Sep-2020,01-Sep-2020,B2022_MONTHLY_V1,MONTHLY_20200915_DC_XI007_H20_VPP_BM,DC_XI007_H20,DC_XI007,H20_PV10,PRIMARY,1,DC_SOURCE,0.07,release_literal,1,1,20,10,NaN,unavailable,VPP_BM,optimized,ok,,"",3.16398633333333,,41.799468915,18.7254959744889,44.7984064404444,17.670705,0,17.670705,37.91398297075,14.8400100302389,39.1412583628782,17.280066,0,NaN,NaN,NaN,NaN,NaN,23.0739729405111,NaN,66.6778972853186,9.56179579958416e-15,253.560142203419,271.063235593006,NaN,NaN,3.04551705491911e-13,NaN,NaN,NaN,NaN,NaN,NaN,NaN,0,NaN,NaN,NaN,NaN,0,NaN,NaN,1,NaN,NaN,,,,,,,,,
15-Sep-2020,01-Sep-2020,B2022_MONTHLY_V1,MONTHLY_20200915_DC_XI007_H20_PS,DC_XI007_H20,DC_XI007,H20_PV10,PRIMARY,1,DC_SOURCE,0.07,release_literal,1,1,20,10,NaN,unavailable,PS,optimized,ok,,"",3.4521565,,41.799468915,7.1885690558964,17.1977521305701,17.670705,0,17.670705,37.91398297075,3.3030831116464,8.71204461476568,17.280066,0,NaN,NaN,NaN,NaN,NaN,34.6108998591036,NaN,10.2044579936292,10.2044579936292,241.738355930627,98.5867920002763,NaN,NaN,3.10688974547446e-15,NaN,NaN,NaN,NaN,NaN,NaN,NaN,0,NaN,NaN,NaN,NaN,0,NaN,NaN,1,NaN,NaN,,,,,,,,,
15-Sep-2020,01-Sep-2020,B2022_MONTHLY_V1,MONTHLY_20200915_DC_XI007_H20_PSDT,DC_XI007_H20,DC_XI007,H20_PV10,PRIMARY,1,DC_SOURCE,0.07,release_literal,1,1,20,10,NaN,unavailable,PSDT,optimized,ok,,"",3.169072,,41.799468915,18.7254959744889,44.7984064404444,17.670705,0,17.670705,37.91398297075,14.8400100302389,39.1412583628782,17.280066,0,NaN,NaN,NaN,NaN,NaN,23.0739729405111,NaN,51.4756674515235,4.44089209850063e-16,253.560142203419,271.063235593019,NaN,NaN,2.22044604925031e-15,NaN,NaN,NaN,NaN,NaN,NaN,NaN,0,NaN,NaN,NaN,NaN,0,NaN,NaN,1,NaN,NaN,,,,,,,,,
15-Sep-2020,01-Sep-2020,B2022_MONTHLY_V1,MONTHLY_20200915_DC_XI007_H20_LL,DC_XI007_H20,DC_XI007,H20_PV10,PRIMARY,1,DC_SOURCE,0.07,release_literal,1,1,20,10,NaN,unavailable,LL,optimized,ok,,"",2.37596795833333,,41.799468915,7.1882304917753,17.1969421582669,17.670705,0,17.670705,37.91398297075,3.3027445475253,8.71115163519832,17.280066,0,NaN,NaN,NaN,NaN,NaN,34.6112384232247,NaN,10.2044572726142,10.2044572726142,241.742079497512,98.5877686945019,NaN,NaN,8.49320613838245e-15,NaN,NaN,NaN,NaN,NaN,NaN,NaN,0,NaN,NaN,NaN,NaN,0,NaN,NaN,1,NaN,NaN,,,,,,,,,
16-Sep-2020,01-Sep-2020,B2022_MONTHLY_V1,MONTHLY_20200916_DC_XI007_H20_SH_BM,DC_XI007_H20,DC_XI007,H20_PV10,PRIMARY,1,DC_SOURCE,0.07,release_literal,1,1,20,10,NaN,unavailable,SH_BM,optimized,ok,,"",0.589616083333333,,37.569667215,16.7383745292669,44.5528953809417,15.06539,0,14.95725,32.1278510635,11.2965583777669,35.1612635262766,15.0258605,0,NaN,NaN,NaN,NaN,NaN,20.8312926857331,NaN,63.6043960581717,4.770521325,218.17594378855,227.046901649414,NaN,NaN,8.88178419700125e-16,NaN,NaN,NaN,NaN,NaN,NaN,NaN,0,NaN,NaN,NaN,NaN,0,NaN,NaN,1,NaN,NaN,,,,,,,,,
16-Sep-2020,01-Sep-2020,B2022_MONTHLY_V1,MONTHLY_20200916_DC_XI007_H20_VPP_BM,DC_XI007_H20,DC_XI007,H20_PV10,PRIMARY,1,DC_SOURCE,0.07,release_literal,1,1,20,10,NaN,unavailable,VPP_BM,optimized,ok,,"",1.49927833333333,,37.569667215,17.7391450007639,47.2166679019222,15.06539,0,14.95725,32.1278510635,12.2973288492639,38.2762258980798,15.0258605,0,NaN,NaN,NaN,NaN,NaN,19.8305222142361,NaN,69.0526443541996,1.62109908830033e-15,217.917826530067,229.190961912388,NaN,NaN,2.77555756156289e-15,NaN,NaN,NaN,NaN,NaN,NaN,NaN,0,NaN,NaN,NaN,NaN,0,NaN,NaN,1,NaN,NaN,,,,,,,,,
16-Sep-2020,01-Sep-2020,B2022_MONTHLY_V1,MONTHLY_20200916_DC_XI007_H20_PS,DC_XI007_H20,DC_XI007,H20_PV10,PRIMARY,1,DC_SOURCE,0.07,release_literal,1,1,20,10,NaN,unavailable,PS,optimized,ok,,"",4.16639666666667,,37.569667215,7.98913534408121,21.2648552311144,15.06539,0,14.95725,32.1278510635,2.5473191925812,7.92869460066433,15.0258605,0,NaN,NaN,NaN,NaN,NaN,29.5805318709188,NaN,8.97324795018815,8.97324795018814,209.185892876196,88.130961731775,NaN,NaN,9.99200722162641e-16,NaN,NaN,NaN,NaN,NaN,NaN,NaN,0,NaN,NaN,NaN,NaN,0,NaN,NaN,1,NaN,NaN,,,,,,,,,
16-Sep-2020,01-Sep-2020,B2022_MONTHLY_V1,MONTHLY_20200916_DC_XI007_H20_PSDT,DC_XI007_H20,DC_XI007,H20_PV10,PRIMARY,1,DC_SOURCE,0.07,release_literal,1,1,20,10,NaN,unavailable,PSDT,optimized,ok,,"",1.58883891666667,,37.569667215,17.7391450007639,47.2166679019222,15.06539,0,14.95725,32.1278510635,12.2973288492639,38.2762258980798,15.0258605,0,NaN,NaN,NaN,NaN,NaN,19.8305222142361,NaN,68.7096557924523,5.55111512312578e-17,217.917826530067,229.190961912396,NaN,NaN,1.55431223447522e-15,NaN,NaN,NaN,NaN,NaN,NaN,NaN,0,NaN,NaN,NaN,NaN,0,NaN,NaN,1,NaN,NaN,,,,,,,,,
16-Sep-2020,01-Sep-2020,B2022_MONTHLY_V1,MONTHLY_20200916_DC_XI007_H20_LL,DC_XI007_H20,DC_XI007,H20_PV10,PRIMARY,1,DC_SOURCE,0.07,release_literal,1,1,20,10,NaN,unavailable,LL,optimized,ok,,"",3.28647625,,37.569667215,7.97137441000371,21.2175805667532,15.06539,0,14.95725,32.1278510635,2.5295582585037,7.87341255256719,15.0258605,0,NaN,NaN,NaN,NaN,NaN,29.5982928049963,NaN,8.97324715286344,8.97324715286344,209.279825150467,88.1409011267817,NaN,NaN,1.22124532708767e-15,NaN,NaN,NaN,NaN,NaN,NaN,NaN,0,NaN,NaN,NaN,NaN,0,NaN,NaN,1,NaN,NaN,,,,,,,,,
01-Oct-2020,01-Oct-2020,B2022_MONTHLY_V1,MONTHLY_20201001_DC_XI007_H20_SH_BM,DC_XI007_H20,DC_XI007,H20_PV10,PRIMARY,1,DC_SOURCE,0.07,release_literal,1,1,20,10,NaN,unavailable,SH_BM,optimized,ok,,"",0.694476791666667,,47.27723521,12.5818332540268,26.6128786891614,25.39131,0,25.39131,46.244208619,11.5488066630268,24.9735199453318,25.3783045,0,NaN,NaN,NaN,NaN,NaN,34.6954019559732,NaN,76.5753631218836,12.989484125,318.293231937892,257.971960154081,NaN,NaN,1.33226762955019e-15,NaN,NaN,NaN,NaN,NaN,NaN,NaN,0,NaN,NaN,NaN,NaN,0,NaN,NaN,1,NaN,NaN,,,,,,,,,
01-Oct-2020,01-Oct-2020,B2022_MONTHLY_V1,MONTHLY_20201001_DC_XI007_H20_VPP_BM,DC_XI007_H20,DC_XI007,H20_PV10,PRIMARY,1,DC_SOURCE,0.07,release_literal,1,1,20,10,NaN,unavailable,VPP_BM,optimized,ok,,"",2.235586125,,47.27723521,15.0442539404085,31.8213488449222,25.39131,0,25.39131,46.244208619,14.0112273494085,30.2983395495967,25.3783045,0,NaN,NaN,NaN,NaN,NaN,32.2329812695915,NaN,75.72607,12.5733649999997,323.719946276516,320.433873506284,NaN,NaN,3.14602145504308e-13,NaN,NaN,NaN,NaN,NaN,NaN,NaN,0,NaN,NaN,NaN,NaN,0,NaN,NaN,1,NaN,NaN,,,,,,,,,
01-Oct-2020,01-Oct-2020,B2022_MONTHLY_V1,MONTHLY_20201001_DC_XI007_H20_PS,DC_XI007_H20,DC_XI007,H20_PV10,PRIMARY,1,DC_SOURCE,0.07,release_literal,1,1,20,10,NaN,unavailable,PS,optimized,ok,,"",3.05665083333333,,47.27723521,2.9767305742665,6.29632964162182,25.39131,0,25.39131,46.244208619,1.9437039832665,4.2031295189424,25.3783045,0,NaN,NaN,NaN,NaN,NaN,44.3005046357335,NaN,12.958038929949,12.958038929949,310.817245981267,116.985987091793,NaN,NaN,8.88178419700125e-16,NaN,NaN,NaN,NaN,NaN,NaN,NaN,0,NaN,NaN,NaN,NaN,0,NaN,NaN,1,NaN,NaN,,,,,,,,,
01-Oct-2020,01-Oct-2020,B2022_MONTHLY_V1,MONTHLY_20201001_DC_XI007_H20_PSDT,DC_XI007_H20,DC_XI007,H20_PV10,PRIMARY,1,DC_SOURCE,0.07,release_literal,1,1,20,10,NaN,unavailable,PSDT,optimized,ok,,"",3.43578233333333,,47.27723521,15.0442539404085,31.8213488449222,25.39131,0,25.39131,46.244208619,14.0112273494085,30.2983395495967,25.3783045,0,NaN,NaN,NaN,NaN,NaN,32.2329812695915,NaN,73.1426757894737,2.24471256030457,323.719962033572,320.435265634519,NaN,NaN,6.43929354282591e-15,NaN,NaN,NaN,NaN,NaN,NaN,NaN,0,NaN,NaN,NaN,NaN,0,NaN,NaN,1,NaN,NaN,,,,,,,,,
01-Oct-2020,01-Oct-2020,B2022_MONTHLY_V1,MONTHLY_20201001_DC_XI007_H20_LL,DC_XI007_H20,DC_XI007,H20_PV10,PRIMARY,1,DC_SOURCE,0.07,release_literal,1,1,20,10,NaN,unavailable,LL,optimized,ok,,"",2.52723883333333,,47.27723521,2.9763715630308,6.29557026719119,25.39131,0,25.39131,46.244208619,1.9433449720308,4.20235318122052,25.3783045,0,NaN,NaN,NaN,NaN,NaN,44.3008636469692,NaN,12.9580377341453,12.9580377341453,310.821197885339,116.987819088519,NaN,NaN,1.50812695665081e-12,NaN,NaN,NaN,NaN,NaN,NaN,NaN,0,NaN,NaN,NaN,NaN,0,NaN,NaN,1,NaN,NaN,,,,,,,,,
02-Oct-2020,01-Oct-2020,B2022_MONTHLY_V1,MONTHLY_20201002_DC_XI007_H20_SH_BM,DC_XI007_H20,DC_XI007,H20_PV10,PRIMARY,1,DC_SOURCE,0.07,release_literal,1,1,20,10,NaN,unavailable,SH_BM,optimized,ok,,"",0.595621375,,51.23633312,14.8940373694576,29.069288261856,23.08254,0,23.08254,47.9066062665,11.5643105159576,24.1392814419506,23.006571,0,NaN,NaN,NaN,NaN,NaN,36.3422957505424,NaN,65.5770116620499,16.1698345068606,319.546653295173,247.893370880294,NaN,NaN,1.49880108324396e-15,NaN,NaN,NaN,NaN,NaN,NaN,NaN,0,NaN,NaN,NaN,NaN,0,NaN,NaN,1,NaN,NaN,,,,,,,,,
02-Oct-2020,01-Oct-2020,B2022_MONTHLY_V1,MONTHLY_20201002_DC_XI007_H20_VPP_BM,DC_XI007_H20,DC_XI007,H20_PV10,PRIMARY,1,DC_SOURCE,0.07,release_literal,1,1,20,10,NaN,unavailable,VPP_BM,optimized,ok,,"",2.22036741666667,,51.23633312,18.1040540168987,35.3344061029844,23.08254,0,23.08254,47.9066062665,14.7743271633987,30.8398534457033,23.006571,0,NaN,NaN,NaN,NaN,NaN,33.1322791031013,NaN,80.0874342105263,13.3916685534031,326.421877810072,322.55196515073,NaN,NaN,2.22044604925031e-15,NaN,NaN,NaN,NaN,NaN,NaN,NaN,0,NaN,NaN,NaN,NaN,0,NaN,NaN,1,NaN,NaN,,,,,,,,,
02-Oct-2020,01-Oct-2020,B2022_MONTHLY_V1,MONTHLY_20201002_DC_XI007_H20_PS,DC_XI007_H20,DC_XI007,H20_PV10,PRIMARY,1,DC_SOURCE,0.07,release_literal,1,1,20,10,NaN,unavailable,PS,optimized,ok,,"",2.55924545833333,,51.23633312,6.785188804617,13.2429242910992,23.08254,0,23.08254,47.9066062665,3.455461951117,7.21291325019891,23.006571,0,NaN,NaN,NaN,NaN,NaN,44.451144315383,NaN,13.0498523682468,13.0498523682468,311.225569101429,92.3456627804446,NaN,NaN,1.11022302462516e-15,NaN,NaN,NaN,NaN,NaN,NaN,NaN,0,NaN,NaN,NaN,NaN,0,NaN,NaN,1,NaN,NaN,,,,,,,,,
02-Oct-2020,01-Oct-2020,B2022_MONTHLY_V1,MONTHLY_20201002_DC_XI007_H20_PSDT,DC_XI007_H20,DC_XI007,H20_PV10,PRIMARY,1,DC_SOURCE,0.07,release_literal,1,1,20,10,NaN,unavailable,PSDT,optimized,ok,,"",2.726666,,51.23633312,18.1040540168987,35.3344061029844,23.08254,0,23.08254,47.9066062665,14.7743271633987,30.8398534457033,23.006571,0,NaN,NaN,NaN,NaN,NaN,33.1322791031013,NaN,69.9365942105263,2.77337120233712,326.421893373765,322.553340195489,NaN,NaN,2.81293001044847e-14,NaN,NaN,NaN,NaN,NaN,NaN,NaN,0,NaN,NaN,NaN,NaN,0,NaN,NaN,1,NaN,NaN,,,,,,,,,
02-Oct-2020,01-Oct-2020,B2022_MONTHLY_V1,MONTHLY_20201002_DC_XI007_H20_LL,DC_XI007_H20,DC_XI007,H20_PV10,PRIMARY,1,DC_SOURCE,0.07,release_literal,1,1,20,10,NaN,unavailable,LL,optimized,ok,,"",2.37312945833333,,51.23633312,6.7849693754312,13.2424960223836,23.08254,0,23.08254,47.9066062665,3.4552425219312,7.21245521486119,23.006571,0,NaN,NaN,NaN,NaN,NaN,44.4513637445688,NaN,13.0498512528008,13.0498512528008,311.227995561616,92.3479711959502,NaN,NaN,2.51465515077598e-14,NaN,NaN,NaN,NaN,NaN,NaN,NaN,0,NaN,NaN,NaN,NaN,0,NaN,NaN,1,NaN,NaN,,,,,,,,,
15-Oct-2020,01-Oct-2020,B2022_MONTHLY_V1,MONTHLY_20201015_DC_XI007_H20_SH_BM,DC_XI007_H20,DC_XI007,H20_PV10,PRIMARY,1,DC_SOURCE,0.07,release_literal,1,1,20,10,NaN,unavailable,SH_BM,optimized,ok,,"",0.527431958333333,,35.323193125,15.4113468685291,43.6295405514223,15.72019,0,13.07372,30.789465379,10.8776191225291,35.3290289020354,14.855774,0,NaN,NaN,NaN,NaN,NaN,19.9118462564709,NaN,45.6283873462604,5.14670975,199.504838046383,205.719860987058,NaN,NaN,8.88178419700125e-16,NaN,NaN,NaN,NaN,NaN,NaN,NaN,0,NaN,NaN,NaN,NaN,0,NaN,NaN,1,NaN,NaN,,,,,,,,,
15-Oct-2020,01-Oct-2020,B2022_MONTHLY_V1,MONTHLY_20201015_DC_XI007_H20_VPP_BM,DC_XI007_H20,DC_XI007,H20_PV10,PRIMARY,1,DC_SOURCE,0.07,release_literal,1,1,20,10,NaN,unavailable,VPP_BM,optimized,ok,,"",1.83464666666667,,35.323193125,19.8974198671663,56.3296183240124,15.72019,0,13.07372,30.789465379,15.3636921211663,49.899184451722,14.855774,0,NaN,NaN,NaN,NaN,NaN,15.4257732578337,NaN,45.3461080722706,4.9960036108132e-16,169.513991844327,163.187562703748,NaN,NaN,1.55431223447522e-15,NaN,NaN,NaN,NaN,NaN,NaN,NaN,0,NaN,NaN,NaN,NaN,0,NaN,NaN,1,NaN,NaN,,,,,,,,,
15-Oct-2020,01-Oct-2020,B2022_MONTHLY_V1,MONTHLY_20201015_DC_XI007_H20_PS,DC_XI007_H20,DC_XI007,H20_PV10,PRIMARY,1,DC_SOURCE,0.07,release_literal,1,1,20,10,NaN,unavailable,PS,optimized,ok,,"",1.79510629166667,,35.323193125,14.369834104612,40.6810167296052,15.72019,0,13.07372,30.789465379,9.836106358612,31.9463369614749,14.855774,0,NaN,NaN,NaN,NaN,NaN,20.953359020388,NaN,8.89464838946476,8.89464838946475,164.522913214699,67.5437115380885,NaN,NaN,8.88178419700125e-16,NaN,NaN,NaN,NaN,NaN,NaN,NaN,0,NaN,NaN,NaN,NaN,0,NaN,NaN,1,NaN,NaN,,,,,,,,,
15-Oct-2020,01-Oct-2020,B2022_MONTHLY_V1,MONTHLY_20201015_DC_XI007_H20_PSDT,DC_XI007_H20,DC_XI007,H20_PV10,PRIMARY,1,DC_SOURCE,0.07,release_literal,1,1,20,10,NaN,unavailable,PSDT,optimized,ok,,"",1.11415395833333,,35.323193125,19.8974198671663,56.3296183240124,15.72019,0,13.07372,30.789465379,15.3636921211663,49.899184451722,14.855774,0,NaN,NaN,NaN,NaN,NaN,15.4257732578337,NaN,45.0694188755955,3.99680288865056e-15,169.513991844327,163.187562703747,NaN,NaN,8.88178419700125e-15,NaN,NaN,NaN,NaN,NaN,NaN,NaN,0,NaN,NaN,NaN,NaN,0,NaN,NaN,1,NaN,NaN,,,,,,,,,
15-Oct-2020,01-Oct-2020,B2022_MONTHLY_V1,MONTHLY_20201015_DC_XI007_H20_LL,DC_XI007_H20,DC_XI007,H20_PV10,PRIMARY,1,DC_SOURCE,0.07,release_literal,1,1,20,10,NaN,unavailable,LL,optimized,ok,,"",4.03861625,,35.323193125,5.7879244147399,16.3856206154916,15.72019,0,13.07372,30.789465379,1.2541966687399,4.07346036477569,14.855774,0,NaN,NaN,NaN,NaN,NaN,29.5352687102601,NaN,8.8946475,8.6109799,207.605467624836,62.3328554424498,NaN,NaN,8.21565038222616e-15,NaN,NaN,NaN,NaN,NaN,NaN,NaN,0,NaN,NaN,NaN,NaN,0,NaN,NaN,1,NaN,NaN,,,,,,,,,
16-Oct-2020,01-Oct-2020,B2022_MONTHLY_V1,MONTHLY_20201016_DC_XI007_H20_SH_BM,DC_XI007_H20,DC_XI007,H20_PV10,PRIMARY,1,DC_SOURCE,0.07,release_literal,1,1,20,10,NaN,unavailable,SH_BM,optimized,ok,,"",0.623762416666667,,35.190964195,16.302710451634,46.3264102719593,17.52302,0,17.52302,30.86806789375,11.979814150384,38.8097311163735,17.5111735,0,NaN,NaN,NaN,NaN,NaN,18.888253743366,NaN,43.3648803116343,5.81512,190.921817894132,218.154408934062,NaN,NaN,9.99200722162641e-16,NaN,NaN,NaN,NaN,NaN,NaN,NaN,0,NaN,NaN,NaN,NaN,0,NaN,NaN,1,NaN,NaN,,,,,,,,,
16-Oct-2020,01-Oct-2020,B2022_MONTHLY_V1,MONTHLY_20201016_DC_XI007_H20_VPP_BM,DC_XI007_H20,DC_XI007,H20_PV10,PRIMARY,1,DC_SOURCE,0.07,release_literal,1,1,20,10,NaN,unavailable,VPP_BM,optimized,ok,,"",1.51446579166667,,35.190964195,20.3430578417754,57.8076171174241,17.52302,0,17.52302,30.86806789375,16.0201615405254,51.8988152924501,17.5111735,0,NaN,NaN,NaN,NaN,NaN,14.8479063532246,NaN,38.9394832770083,1.76247905159244e-15,163.163806079391,175.398481220483,NaN,NaN,8.74855743404623e-14,NaN,NaN,NaN,NaN,NaN,NaN,NaN,0,NaN,NaN,NaN,NaN,0,NaN,NaN,1,NaN,NaN,,,,,,,,,
16-Oct-2020,01-Oct-2020,B2022_MONTHLY_V1,MONTHLY_20201016_DC_XI007_H20_PS,DC_XI007_H20,DC_XI007,H20_PV10,PRIMARY,1,DC_SOURCE,0.07,release_literal,1,1,20,10,NaN,unavailable,PS,optimized,ok,,"",2.94990804166667,,35.190964195,14.7827164571231,42.0071367616107,17.52302,0,17.52302,30.86806789375,10.4598201558731,33.885568063011,17.5111735,0,NaN,NaN,NaN,NaN,NaN,20.4082477378769,NaN,8.3647385469563,8.3647385469563,158.490023618118,90.8422880513954,NaN,NaN,2.04697370165263e-15,NaN,NaN,NaN,NaN,NaN,NaN,NaN,0,NaN,NaN,NaN,NaN,0,NaN,NaN,1,NaN,NaN,,,,,,,,,
16-Oct-2020,01-Oct-2020,B2022_MONTHLY_V1,MONTHLY_20201016_DC_XI007_H20_PSDT,DC_XI007_H20,DC_XI007,H20_PV10,PRIMARY,1,DC_SOURCE,0.07,release_literal,1,1,20,10,NaN,unavailable,PSDT,optimized,ok,,"",1.12791120833333,,35.190964195,20.3430578417754,57.8076171174241,17.52302,0,17.52302,30.86806789375,16.0201615405254,51.8988152924501,17.5111735,0,NaN,NaN,NaN,NaN,NaN,14.8479063532246,NaN,45.5903141831224,5.55111512312578e-17,163.163806079391,175.398481220483,NaN,NaN,1.11022302462516e-15,NaN,NaN,NaN,NaN,NaN,NaN,NaN,0,NaN,NaN,NaN,NaN,0,NaN,NaN,1,NaN,NaN,,,,,,,,,
16-Oct-2020,01-Oct-2020,B2022_MONTHLY_V1,MONTHLY_20201016_DC_XI007_H20_LL,DC_XI007_H20,DC_XI007,H20_PV10,PRIMARY,1,DC_SOURCE,0.07,release_literal,1,1,20,10,NaN,unavailable,LL,optimized,ok,,"",5.72262245833333,,35.190964195,6.58355863360991,18.7080939218634,17.52302,0,17.52302,30.86806789375,2.2606623323599,7.32362757572406,17.5111735,0,NaN,NaN,NaN,NaN,NaN,28.6074055613901,NaN,8.36473852657721,8.36473852657618,200.753723237826,83.6113209562887,NaN,NaN,2.3571700147329e-12,NaN,NaN,NaN,NaN,NaN,NaN,NaN,0,NaN,NaN,NaN,NaN,0,NaN,NaN,1,NaN,NaN,,,,,,,,,
01-Nov-2020,01-Nov-2020,B2022_MONTHLY_V1,MONTHLY_20201101_DC_XI007_H20_SH_BM,DC_XI007_H20,DC_XI007,H20_PV10,PRIMARY,1,DC_SOURCE,0.07,release_literal,1,1,20,10,NaN,unavailable,SH_BM,optimized,ok,,"",0.706293875,,52.0760697,11.5887877199578,22.2535759451866,25.80923,0,25.80923,51.55917673175,11.0718947517078,21.4741496151349,25.7987325,0,NaN,NaN,NaN,NaN,NaN,40.4872819800422,NaN,79.2324626869806,15.429215,351.013886891207,250.034013777367,NaN,NaN,1.08940634291343e-15,NaN,NaN,NaN,NaN,NaN,NaN,NaN,0,NaN,NaN,NaN,NaN,0,NaN,NaN,1,NaN,NaN,,,,,,,,,
01-Nov-2020,01-Nov-2020,B2022_MONTHLY_V1,MONTHLY_20201101_DC_XI007_H20_VPP_BM,DC_XI007_H20,DC_XI007,H20_PV10,PRIMARY,1,DC_SOURCE,0.07,release_literal,1,1,20,10,NaN,unavailable,VPP_BM,optimized,ok,,"",1.85226845833333,,52.0760697,14.2392773619875,27.3432258694198,25.80923,0,25.80923,51.55917673175,13.7223843937375,26.614824486302,25.7987325,0,NaN,NaN,NaN,NaN,NaN,37.8367923380125,NaN,78.9344292105263,14.84213,356.938494607836,319.999899915287,NaN,NaN,3.99680288865056e-15,NaN,NaN,NaN,NaN,NaN,NaN,NaN,0,NaN,NaN,NaN,NaN,0,NaN,NaN,1,NaN,NaN,,,,,,,,,
01-Nov-2020,01-Nov-2020,B2022_MONTHLY_V1,MONTHLY_20201101_DC_XI007_H20_PS,DC_XI007_H20,DC_XI007,H20_PV10,PRIMARY,1,DC_SOURCE,0.07,release_literal,1,1,20,10,NaN,unavailable,PS,optimized,ok,,"",2.40800241666667,,52.0760697,3.2800348551191,6.29854532804556,25.80923,0,25.80923,51.55917673175,2.7631418868691,5.35916603409915,25.7987325,0,NaN,NaN,NaN,NaN,NaN,48.7960348448809,NaN,14.2801447708911,14.2801447708911,342.261284341755,80.5910599162191,NaN,NaN,1.56988137767211e-14,NaN,NaN,NaN,NaN,NaN,NaN,NaN,0,NaN,NaN,NaN,NaN,0,NaN,NaN,1,NaN,NaN,,,,,,,,,
01-Nov-2020,01-Nov-2020,B2022_MONTHLY_V1,MONTHLY_20201101_DC_XI007_H20_PSDT,DC_XI007_H20,DC_XI007,H20_PV10,PRIMARY,1,DC_SOURCE,0.07,release_literal,1,1,20,10,NaN,unavailable,PSDT,optimized,ok,,"",1.80068820833333,,52.0760697,14.2392736764871,27.3432187922721,25.80923,0,25.80923,51.55917673175,13.7223807082371,26.6148173382041,25.7987325,0,NaN,NaN,NaN,NaN,NaN,37.8367960235129,NaN,70.8884857894737,4.3328360116168,356.938579265435,320,NaN,NaN,4.13002965160558e-14,NaN,NaN,NaN,NaN,NaN,NaN,NaN,0,NaN,NaN,NaN,NaN,0,NaN,NaN,1,NaN,NaN,,,,,,,,,
01-Nov-2020,01-Nov-2020,B2022_MONTHLY_V1,MONTHLY_20201101_DC_XI007_H20_LL,DC_XI007_H20,DC_XI007,H20_PV10,PRIMARY,1,DC_SOURCE,0.07,release_literal,1,1,20,10,NaN,unavailable,LL,optimized,ok,,"",3.8854385,,52.0760697,3.2797884786632,6.29807221926965,25.80923,0,25.80923,51.55917673175,2.7628955104132,5.35868818229562,25.7987325,0,NaN,NaN,NaN,NaN,NaN,48.7962812213368,NaN,14.2801434428768,14.2801434428768,342.263999186166,80.5930991975869,NaN,NaN,1.08801856413265e-14,NaN,NaN,NaN,NaN,NaN,NaN,NaN,0,NaN,NaN,NaN,NaN,0,NaN,NaN,1,NaN,NaN,,,,,,,,,
02-Nov-2020,01-Nov-2020,B2022_MONTHLY_V1,MONTHLY_20201102_DC_XI007_H20_SH_BM,DC_XI007_H20,DC_XI007,H20_PV10,PRIMARY,1,DC_SOURCE,0.07,release_literal,1,1,20,10,NaN,unavailable,SH_BM,optimized,ok,,"",0.537842083333333,,41.529933995,15.3033242929333,36.8489010716361,18.23856,0,18.23856,37.200360588,10.9737508859333,29.499044397632,18.2003795,0,NaN,NaN,NaN,NaN,NaN,26.2266097020667,NaN,57.1101560387812,12.05754,251.646299286722,222.825179693795,NaN,NaN,8.88178419700125e-16,NaN,NaN,NaN,NaN,NaN,NaN,NaN,0,NaN,NaN,NaN,NaN,0,NaN,NaN,1,NaN,NaN,,,,,,,,,
02-Nov-2020,01-Nov-2020,B2022_MONTHLY_V1,MONTHLY_20201102_DC_XI007_H20_VPP_BM,DC_XI007_H20,DC_XI007,H20_PV10,PRIMARY,1,DC_SOURCE,0.07,release_literal,1,1,20,10,NaN,unavailable,VPP_BM,optimized,ok,,"",1.19713829166667,,41.529933995,18.5772354700472,44.7321574657061,18.23856,0,18.23856,37.200360588,14.2476620630472,38.2997955875814,18.2003795,0,NaN,NaN,NaN,NaN,NaN,22.9526985249528,NaN,69.8769425761773,9.99200722162641e-16,252.227456318162,261.318548046621,NaN,NaN,4.82947015711943e-15,NaN,NaN,NaN,NaN,NaN,NaN,NaN,0,NaN,NaN,NaN,NaN,0,NaN,NaN,1,NaN,NaN,,,,,,,,,
02-Nov-2020,01-Nov-2020,B2022_MONTHLY_V1,MONTHLY_20201102_DC_XI007_H20_PS,DC_XI007_H20,DC_XI007,H20_PV10,PRIMARY,1,DC_SOURCE,0.07,release_literal,1,1,20,10,NaN,unavailable,PS,optimized,ok,,"",3.42732983333333,,41.529933995,8.00933040611191,19.2856805577302,18.23856,0,18.23856,37.200360588,3.6797569991119,9.89172400737134,18.2003795,0,NaN,NaN,NaN,NaN,NaN,33.5206035888881,NaN,10.5368672121707,10.5368672121707,239.918409603768,86.6817126339421,NaN,NaN,3.99680288865056e-15,NaN,NaN,NaN,NaN,NaN,NaN,NaN,0,NaN,NaN,NaN,NaN,0,NaN,NaN,1,NaN,NaN,,,,,,,,,
02-Nov-2020,01-Nov-2020,B2022_MONTHLY_V1,MONTHLY_20201102_DC_XI007_H20_PSDT,DC_XI007_H20,DC_XI007,H20_PV10,PRIMARY,1,DC_SOURCE,0.07,release_literal,1,1,20,10,NaN,unavailable,PSDT,optimized,ok,,"",2.13048558333333,,41.529933995,18.5772354700472,44.7321574657061,18.23856,0,18.23856,37.200360588,14.2476620630472,38.2997955875814,18.2003795,0,NaN,NaN,NaN,NaN,NaN,22.9526985249528,NaN,61.3820090257992,1.0547118733939e-14,252.227456318162,261.318548046613,NaN,NaN,8.88178419700125e-15,NaN,NaN,NaN,NaN,NaN,NaN,NaN,0,NaN,NaN,NaN,NaN,0,NaN,NaN,1,NaN,NaN,,,,,,,,,
02-Nov-2020,01-Nov-2020,B2022_MONTHLY_V1,MONTHLY_20201102_DC_XI007_H20_LL,DC_XI007_H20,DC_XI007,H20_PV10,PRIMARY,1,DC_SOURCE,0.07,release_literal,1,1,20,10,NaN,unavailable,LL,optimized,ok,,"",3.04904216666667,,41.529933995,5.49384844407631,13.2286471843123,18.23856,0,18.23856,37.200360588,1.1642750370763,3.129741267755,18.2003795,0,NaN,NaN,NaN,NaN,NaN,36.0360855509237,NaN,10.5368671728139,10.5368671728139,252.884810847535,86.6817135453615,NaN,NaN,2.76445533131664e-14,NaN,NaN,NaN,NaN,NaN,NaN,NaN,0,NaN,NaN,NaN,NaN,0,NaN,NaN,1,NaN,NaN,,,,,,,,,
15-Nov-2020,01-Nov-2020,B2022_MONTHLY_V1,MONTHLY_20201115_DC_XI007_H20_SH_BM,DC_XI007_H20,DC_XI007,H20_PV10,PRIMARY,1,DC_SOURCE,0.07,release_literal,1,1,20,10,NaN,unavailable,SH_BM,optimized,ok,,"",0.771849125,,50.7856081468421,15.1908104873794,29.9116443450997,25.4903844736842,0,25.4903844736842,47.6364833718421,12.0416857123794,25.2782843317465,25.2639187236842,0,NaN,NaN,NaN,NaN,NaN,35.5947976594627,NaN,65.5071386703601,15.4998130263158,304.870760479217,257.690603599666,NaN,NaN,8.88178419700125e-16,NaN,NaN,NaN,NaN,NaN,NaN,NaN,0,NaN,NaN,NaN,NaN,0,NaN,NaN,1,NaN,NaN,,,,,,,,,
15-Nov-2020,01-Nov-2020,B2022_MONTHLY_V1,MONTHLY_20201115_DC_XI007_H20_VPP_BM,DC_XI007_H20,DC_XI007,H20_PV10,PRIMARY,1,DC_SOURCE,0.07,release_literal,1,1,20,10,NaN,unavailable,VPP_BM,optimized,ok,,"",2.223223,,50.7856081468421,18.3467087329619,36.1258029635365,25.4903844736842,0,25.4903844736842,47.6364833718421,15.1975839579619,31.9032449127955,25.2639187236842,0,NaN,NaN,NaN,NaN,NaN,32.4388994138802,NaN,75.8006984210526,15.1574842105263,309.103346630554,321.464967523516,NaN,NaN,6.88338275267597e-15,NaN,NaN,NaN,NaN,NaN,NaN,NaN,0,NaN,NaN,NaN,NaN,0,NaN,NaN,1,NaN,NaN,,,,,,,,,
15-Nov-2020,01-Nov-2020,B2022_MONTHLY_V1,MONTHLY_20201115_DC_XI007_H20_PS,DC_XI007_H20,DC_XI007,H20_PV10,PRIMARY,1,DC_SOURCE,0.07,release_literal,1,1,20,10,NaN,unavailable,PS,optimized,ok,,"",2.694430375,,50.7856081468421,8.55972240137851,16.8546222320088,25.4903844736842,0,25.4903844736842,47.6364833718421,5.4105976263785,11.3580962392717,25.2639187236842,0,NaN,NaN,NaN,NaN,NaN,42.2258857454636,NaN,12.5209369532528,12.5209369532528,295.276631431217,108.312234801212,NaN,NaN,2.8199664825479e-14,NaN,NaN,NaN,NaN,NaN,NaN,NaN,0,NaN,NaN,NaN,NaN,0,NaN,NaN,1,NaN,NaN,,,,,,,,,
15-Nov-2020,01-Nov-2020,B2022_MONTHLY_V1,MONTHLY_20201115_DC_XI007_H20_PSDT,DC_XI007_H20,DC_XI007,H20_PV10,PRIMARY,1,DC_SOURCE,0.07,release_literal,1,1,20,10,NaN,unavailable,PSDT,optimized,ok,,"",2.515856875,,50.7856081468421,18.3467087329619,36.1258029635365,25.4903844736842,0,25.4903844736842,47.6364833718421,15.1975839579619,31.9032449127955,25.2639187236842,0,NaN,NaN,NaN,NaN,NaN,32.4388994138802,NaN,57.2350315789474,3.48745435216649,309.103360819806,321.466221137062,NaN,NaN,9.32587340685131e-14,NaN,NaN,NaN,NaN,NaN,NaN,NaN,0,NaN,NaN,NaN,NaN,0,NaN,NaN,1,NaN,NaN,,,,,,,,,
15-Nov-2020,01-Nov-2020,B2022_MONTHLY_V1,MONTHLY_20201115_DC_XI007_H20_LL,DC_XI007_H20,DC_XI007,H20_PV10,PRIMARY,1,DC_SOURCE,0.07,release_literal,1,1,20,10,NaN,unavailable,LL,optimized,ok,,"",1.58742308333333,,50.7856081468421,8.55921600962451,16.85362511536,25.4903844736842,0,25.4903844736842,47.6364833718421,5.4100912346245,11.3570332058189,25.2639187236842,0,NaN,NaN,NaN,NaN,NaN,42.2263921372176,NaN,12.5209360355425,12.5209360355425,295.282202588497,108.313623892366,NaN,NaN,2.66453525910038e-15,NaN,NaN,NaN,NaN,NaN,NaN,NaN,0,NaN,NaN,NaN,NaN,0,NaN,NaN,1,NaN,NaN,,,,,,,,,
16-Nov-2020,01-Nov-2020,B2022_MONTHLY_V1,MONTHLY_20201116_DC_XI007_H20_SH_BM,DC_XI007_H20,DC_XI007,H20_PV10,PRIMARY,1,DC_SOURCE,0.07,release_literal,1,1,20,10,NaN,unavailable,SH_BM,optimized,ok,,"",0.897157083333333,,47.4608504468421,11.739153349188,24.7343931654497,24.038322930622,0,24.038322930622,47.2084916728421,11.486794575188,24.3320516461153,24.038322930622,0,NaN,NaN,NaN,NaN,NaN,35.7216970976541,NaN,65.807874598338,13.3609915789474,317.371866328838,259.493517177347,NaN,NaN,8.88178419700125e-16,NaN,NaN,NaN,NaN,NaN,NaN,NaN,0,NaN,NaN,NaN,NaN,0,NaN,NaN,1,NaN,NaN,,,,,,,,,
16-Nov-2020,01-Nov-2020,B2022_MONTHLY_V1,MONTHLY_20201116_DC_XI007_H20_VPP_BM,DC_XI007_H20,DC_XI007,H20_PV10,PRIMARY,1,DC_SOURCE,0.07,release_literal,1,1,20,10,NaN,unavailable,VPP_BM,optimized,ok,,"",2.19958283333333,,47.4608504468421,14.0288893264006,29.5588662957346,24.038322930622,0,24.038322930622,47.2084916728421,13.7765305524006,29.1823145883856,24.038322930622,0,NaN,NaN,NaN,NaN,NaN,33.4319611204415,NaN,81.8506094736842,13.3478825789474,322.491975445525,319.999911566811,NaN,NaN,3.99680288865056e-15,NaN,NaN,NaN,NaN,NaN,NaN,NaN,0,NaN,NaN,NaN,NaN,0,NaN,NaN,1,NaN,NaN,,,,,,,,,
16-Nov-2020,01-Nov-2020,B2022_MONTHLY_V1,MONTHLY_20201116_DC_XI007_H20_PS,DC_XI007_H20,DC_XI007,H20_PV10,PRIMARY,1,DC_SOURCE,0.07,release_literal,1,1,20,10,NaN,unavailable,PS,optimized,ok,,"",5.18094866666667,,47.4608504468421,3.08316400912351,6.49622579472478,24.038322930622,0,24.038322930622,47.2084916728421,2.8308052351235,5.99638991802823,24.038322930622,0,NaN,NaN,NaN,NaN,NaN,44.3776864377186,NaN,13.1626407969887,13.1626407969887,308.88640895516,94.4296733662511,NaN,NaN,4.30766533554561e-14,NaN,NaN,NaN,NaN,NaN,NaN,NaN,0,NaN,NaN,NaN,NaN,0,NaN,NaN,1,NaN,NaN,,,,,,,,,
16-Nov-2020,01-Nov-2020,B2022_MONTHLY_V1,MONTHLY_20201116_DC_XI007_H20_PSDT,DC_XI007_H20,DC_XI007,H20_PV10,PRIMARY,1,DC_SOURCE,0.07,release_literal,1,1,20,10,NaN,unavailable,PSDT,optimized,ok,,"",1.979331875,,47.4608504468421,14.0288893264005,29.5588662957344,24.038322930622,0,24.038322930622,47.2084916728421,13.7765305524005,29.1823145883854,24.038322930622,0,NaN,NaN,NaN,NaN,NaN,33.4319611204416,NaN,67.8614598704648,3.30516807417906,322.492015173145,320,NaN,NaN,2.22044604925031e-15,NaN,NaN,NaN,NaN,NaN,NaN,NaN,0,NaN,NaN,NaN,NaN,0,NaN,NaN,1,NaN,NaN,,,,,,,,,
16-Nov-2020,01-Nov-2020,B2022_MONTHLY_V1,MONTHLY_20201116_DC_XI007_H20_LL,DC_XI007_H20,DC_XI007,H20_PV10,PRIMARY,1,DC_SOURCE,0.07,release_literal,1,1,20,10,NaN,unavailable,LL,optimized,ok,,"",1.90152641666667,,47.4608504468421,3.08316562248291,6.49622919407263,24.038322930622,0,24.038322930622,47.2084916728421,2.8308068484829,5.99639333554771,24.038322930622,0,NaN,NaN,NaN,NaN,NaN,44.3776848243592,NaN,13.1626398320572,13.1626398320572,308.886395515785,94.4309956324478,NaN,NaN,2.47284831500494e-14,NaN,NaN,NaN,NaN,NaN,NaN,NaN,0,NaN,NaN,NaN,NaN,0,NaN,NaN,1,NaN,NaN,,,,,,,,,
01-Dec-2020,01-Dec-2020,B2022_MONTHLY_V1,MONTHLY_20201201_DC_XI007_H20_SH_BM,DC_XI007_H20,DC_XI007,H20_PV10,PRIMARY,1,DC_SOURCE,0.07,release_literal,1,1,20,10,NaN,unavailable,SH_BM,optimized,ok,,"",0.64562525,,53.44760642,14.1543854714482,26.4827303213931,29.02741,0,29.02741,49.985646892,10.6924259434482,21.3909924313883,29.0186035,0,NaN,NaN,NaN,NaN,NaN,39.2932209485518,NaN,70.4713914127424,16.057831,333.235628577767,228.074098938191,NaN,NaN,3.66373598126302e-14,NaN,NaN,NaN,NaN,NaN,NaN,NaN,0,NaN,NaN,NaN,NaN,0,NaN,NaN,1,NaN,NaN,,,,,,,,,
01-Dec-2020,01-Dec-2020,B2022_MONTHLY_V1,MONTHLY_20201201_DC_XI007_H20_VPP_BM,DC_XI007_H20,DC_XI007,H20_PV10,PRIMARY,1,DC_SOURCE,0.07,release_literal,1,1,20,10,NaN,unavailable,VPP_BM,optimized,ok,,"",1.41365645833333,,53.44760642,18.5186913505162,34.6483081112993,29.02741,0,29.02741,49.985646892,15.0567318225162,30.1221105631544,29.0186035,0,NaN,NaN,NaN,NaN,NaN,34.9289150694838,NaN,69.8011815789474,12.71344,339.832302940909,320.318663066948,NaN,NaN,7.37188088351104e-14,NaN,NaN,NaN,NaN,NaN,NaN,NaN,0,NaN,NaN,NaN,NaN,0,NaN,NaN,1,NaN,NaN,,,,,,,,,
01-Dec-2020,01-Dec-2020,B2022_MONTHLY_V1,MONTHLY_20201201_DC_XI007_H20_PS,DC_XI007_H20,DC_XI007,H20_PV10,PRIMARY,1,DC_SOURCE,0.07,release_literal,1,1,20,10,NaN,unavailable,PS,optimized,ok,,"",4.16831170833333,,53.44760642,7.2652225677593,13.5931673172939,29.02741,0,29.02741,49.985646892,3.8032630397593,7.60871025231845,29.0186035,0,NaN,NaN,NaN,NaN,NaN,46.1823838522407,NaN,13.6537696814836,13.6537696814836,324.454999086916,104.486612116469,NaN,NaN,1.35564074585809e-15,NaN,NaN,NaN,NaN,NaN,NaN,NaN,0,NaN,NaN,NaN,NaN,0,NaN,NaN,1,NaN,NaN,,,,,,,,,
01-Dec-2020,01-Dec-2020,B2022_MONTHLY_V1,MONTHLY_20201201_DC_XI007_H20_PSDT,DC_XI007_H20,DC_XI007,H20_PV10,PRIMARY,1,DC_SOURCE,0.07,release_literal,1,1,20,10,NaN,unavailable,PSDT,optimized,ok,,"",2.8199395,,53.44760642,18.5186913505162,34.6483081112993,29.02741,0,29.02741,49.985646892,15.0567318225162,30.1221105631544,29.0186035,0,NaN,NaN,NaN,NaN,NaN,34.9289150694838,NaN,82.1436642105263,3.23962301602366,339.832318919544,320.320074771609,NaN,NaN,3.77475828372553e-15,NaN,NaN,NaN,NaN,NaN,NaN,NaN,0,NaN,NaN,NaN,NaN,0,NaN,NaN,1,NaN,NaN,,,,,,,,,
01-Dec-2020,01-Dec-2020,B2022_MONTHLY_V1,MONTHLY_20201201_DC_XI007_H20_LL,DC_XI007_H20,DC_XI007,H20_PV10,PRIMARY,1,DC_SOURCE,0.07,release_literal,1,1,20,10,NaN,unavailable,LL,optimized,ok,,"",2.89213725,,53.44760642,7.264961296553,13.5926784811723,29.02741,0,29.02741,49.985646892,3.803001768553,7.60818755986061,29.0186035,0,NaN,NaN,NaN,NaN,NaN,46.182645123447,NaN,13.6537684266686,13.6537684266686,324.457856705477,104.486944278501,NaN,NaN,1.77635683940025e-15,NaN,NaN,NaN,NaN,NaN,NaN,NaN,0,NaN,NaN,NaN,NaN,0,NaN,NaN,1,NaN,NaN,,,,,,,,,
02-Dec-2020,01-Dec-2020,B2022_MONTHLY_V1,MONTHLY_20201202_DC_XI007_H20_SH_BM,DC_XI007_H20,DC_XI007,H20_PV10,PRIMARY,1,DC_SOURCE,0.07,release_literal,1,1,20,10,NaN,unavailable,SH_BM,optimized,ok,,"",0.783305083333333,,43.548129165,13.4048422444199,30.7816719143781,24.00092,0,24.00092,41.052546439,10.9092595184199,26.5738924006333,23.9856345,0,NaN,NaN,NaN,NaN,NaN,30.1432869205801,NaN,57.5473663490305,12.36825,283.750861918463,228.491663685289,NaN,NaN,1.55431223447522e-15,NaN,NaN,NaN,NaN,NaN,NaN,NaN,0,NaN,NaN,NaN,NaN,0,NaN,NaN,1,NaN,NaN,,,,,,,,,
02-Dec-2020,01-Dec-2020,B2022_MONTHLY_V1,MONTHLY_20201202_DC_XI007_H20_VPP_BM,DC_XI007_H20,DC_XI007,H20_PV10,PRIMARY,1,DC_SOURCE,0.07,release_literal,1,1,20,10,NaN,unavailable,VPP_BM,optimized,ok,,"",1.17776420833333,,43.548129165,17.0439375892163,39.138162570976,24.00092,0,24.00092,41.052546439,14.5483548632163,35.4383738042504,23.9856345,0,NaN,NaN,NaN,NaN,NaN,26.5041915757837,NaN,75.8724942105263,3.0970238758421e-05,291.254817426914,304.879063417682,NaN,NaN,4.66293670342566e-15,NaN,NaN,NaN,NaN,NaN,NaN,NaN,0,NaN,NaN,NaN,NaN,0,NaN,NaN,1,NaN,NaN,,,,,,,,,
02-Dec-2020,01-Dec-2020,B2022_MONTHLY_V1,MONTHLY_20201202_DC_XI007_H20_PS,DC_XI007_H20,DC_XI007,H20_PV10,PRIMARY,1,DC_SOURCE,0.07,release_literal,1,1,20,10,NaN,unavailable,PS,optimized,ok,,"",1.870219375,,43.548129165,4.6947841437747,10.7806792939063,24.00092,0,24.00092,41.052546439,2.1992014177747,5.35704020466182,23.9856345,0,NaN,NaN,NaN,NaN,NaN,38.8533450212253,NaN,12.0750356373561,12.0750356373561,276.431817290463,96.3940177648223,NaN,NaN,1.35447209004269e-14,NaN,NaN,NaN,NaN,NaN,NaN,NaN,0,NaN,NaN,NaN,NaN,0,NaN,NaN,1,NaN,NaN,,,,,,,,,
02-Dec-2020,01-Dec-2020,B2022_MONTHLY_V1,MONTHLY_20201202_DC_XI007_H20_PSDT,DC_XI007_H20,DC_XI007,H20_PV10,PRIMARY,1,DC_SOURCE,0.07,release_literal,1,1,20,10,NaN,unavailable,PSDT,optimized,ok,,"",1.82444666666667,,43.548129165,17.0439375892162,39.1381625709758,24.00092,0,24.00092,41.052546439,14.5483548632162,35.4383738042501,23.9856345,0,NaN,NaN,NaN,NaN,NaN,26.5041915757838,NaN,75.8724942105263,1.00000004173151e-07,291.254851122899,304.879130809281,NaN,NaN,1.33226762955019e-14,NaN,NaN,NaN,NaN,NaN,NaN,NaN,0,NaN,NaN,NaN,NaN,0,NaN,NaN,1,NaN,NaN,,,,,,,,,
02-Dec-2020,01-Dec-2020,B2022_MONTHLY_V1,MONTHLY_20201202_DC_XI007_H20_LL,DC_XI007_H20,DC_XI007,H20_PV10,PRIMARY,1,DC_SOURCE,0.07,release_literal,1,1,20,10,NaN,unavailable,LL,optimized,ok,,"",2.135518,,43.548129165,4.63779248384181,10.6498087811525,24.00092,0,24.00092,41.052546439,2.1422097578418,5.21821407844921,23.9856345,0,NaN,NaN,NaN,NaN,NaN,38.9103366811582,NaN,12.0750344298527,12.0750344298527,276.725880768293,101.056713188147,NaN,NaN,4.44089209850063e-15,NaN,NaN,NaN,NaN,NaN,NaN,NaN,0,NaN,NaN,NaN,NaN,0,NaN,NaN,1,NaN,NaN,,,,,,,,,
15-Dec-2020,01-Dec-2020,B2022_MONTHLY_V1,MONTHLY_20201215_DC_XI007_H20_SH_BM,DC_XI007_H20,DC_XI007,H20_PV10,PRIMARY,1,DC_SOURCE,0.07,release_literal,1,1,20,10,NaN,unavailable,SH_BM,optimized,quality_rejected,StoreNet:QualityRejected,"Day 2020-12-15 fails release_literal: physical_incomplete:H14.",0,,NaN,NaN,NaN,NaN,NaN,NaN,NaN,NaN,NaN,NaN,NaN,NaN,NaN,NaN,NaN,NaN,NaN,NaN,NaN,NaN,NaN,NaN,NaN,NaN,NaN,NaN,NaN,NaN,NaN,NaN,NaN,NaN,NaN,NaN,NaN,NaN,NaN,NaN,NaN,NaN,NaN,NaN,NaN,,,,,,,,,
15-Dec-2020,01-Dec-2020,B2022_MONTHLY_V1,MONTHLY_20201215_DC_XI007_H20_VPP_BM,DC_XI007_H20,DC_XI007,H20_PV10,PRIMARY,1,DC_SOURCE,0.07,release_literal,1,1,20,10,NaN,unavailable,VPP_BM,optimized,quality_rejected,StoreNet:QualityRejected,"Day 2020-12-15 fails release_literal: physical_incomplete:H14.",0,,NaN,NaN,NaN,NaN,NaN,NaN,NaN,NaN,NaN,NaN,NaN,NaN,NaN,NaN,NaN,NaN,NaN,NaN,NaN,NaN,NaN,NaN,NaN,NaN,NaN,NaN,NaN,NaN,NaN,NaN,NaN,NaN,NaN,NaN,NaN,NaN,NaN,NaN,NaN,NaN,NaN,NaN,NaN,,,,,,,,,
15-Dec-2020,01-Dec-2020,B2022_MONTHLY_V1,MONTHLY_20201215_DC_XI007_H20_PS,DC_XI007_H20,DC_XI007,H20_PV10,PRIMARY,1,DC_SOURCE,0.07,release_literal,1,1,20,10,NaN,unavailable,PS,optimized,quality_rejected,StoreNet:QualityRejected,"Day 2020-12-15 fails release_literal: physical_incomplete:H14.",0,,NaN,NaN,NaN,NaN,NaN,NaN,NaN,NaN,NaN,NaN,NaN,NaN,NaN,NaN,NaN,NaN,NaN,NaN,NaN,NaN,NaN,NaN,NaN,NaN,NaN,NaN,NaN,NaN,NaN,NaN,NaN,NaN,NaN,NaN,NaN,NaN,NaN,NaN,NaN,NaN,NaN,NaN,NaN,,,,,,,,,
15-Dec-2020,01-Dec-2020,B2022_MONTHLY_V1,MONTHLY_20201215_DC_XI007_H20_PSDT,DC_XI007_H20,DC_XI007,H20_PV10,PRIMARY,1,DC_SOURCE,0.07,release_literal,1,1,20,10,NaN,unavailable,PSDT,optimized,quality_rejected,StoreNet:QualityRejected,"Day 2020-12-15 fails release_literal: physical_incomplete:H14.",0,,NaN,NaN,NaN,NaN,NaN,NaN,NaN,NaN,NaN,NaN,NaN,NaN,NaN,NaN,NaN,NaN,NaN,NaN,NaN,NaN,NaN,NaN,NaN,NaN,NaN,NaN,NaN,NaN,NaN,NaN,NaN,NaN,NaN,NaN,NaN,NaN,NaN,NaN,NaN,NaN,NaN,NaN,NaN,,,,,,,,,
15-Dec-2020,01-Dec-2020,B2022_MONTHLY_V1,MONTHLY_20201215_DC_XI007_H20_LL,DC_XI007_H20,DC_XI007,H20_PV10,PRIMARY,1,DC_SOURCE,0.07,release_literal,1,1,20,10,NaN,unavailable,LL,optimized,quality_rejected,StoreNet:QualityRejected,"Day 2020-12-15 fails release_literal: physical_incomplete:H14.",0,,NaN,NaN,NaN,NaN,NaN,NaN,NaN,NaN,NaN,NaN,NaN,NaN,NaN,NaN,NaN,NaN,NaN,NaN,NaN,NaN,NaN,NaN,NaN,NaN,NaN,NaN,NaN,NaN,NaN,NaN,NaN,NaN,NaN,NaN,NaN,NaN,NaN,NaN,NaN,NaN,NaN,NaN,NaN,,,,,,,,,
16-Dec-2020,01-Dec-2020,B2022_MONTHLY_V1,MONTHLY_20201216_DC_XI007_H20_SH_BM,DC_XI007_H20,DC_XI007,H20_PV10,PRIMARY,1,DC_SOURCE,0.07,release_literal,1,1,20,10,NaN,unavailable,SH_BM,optimized,quality_rejected,StoreNet:QualityRejected,"Day 2020-12-16 fails release_literal: physical_incomplete:H14.",0,,NaN,NaN,NaN,NaN,NaN,NaN,NaN,NaN,NaN,NaN,NaN,NaN,NaN,NaN,NaN,NaN,NaN,NaN,NaN,NaN,NaN,NaN,NaN,NaN,NaN,NaN,NaN,NaN,NaN,NaN,NaN,NaN,NaN,NaN,NaN,NaN,NaN,NaN,NaN,NaN,NaN,NaN,NaN,,,,,,,,,
16-Dec-2020,01-Dec-2020,B2022_MONTHLY_V1,MONTHLY_20201216_DC_XI007_H20_VPP_BM,DC_XI007_H20,DC_XI007,H20_PV10,PRIMARY,1,DC_SOURCE,0.07,release_literal,1,1,20,10,NaN,unavailable,VPP_BM,optimized,quality_rejected,StoreNet:QualityRejected,"Day 2020-12-16 fails release_literal: physical_incomplete:H14.",0,,NaN,NaN,NaN,NaN,NaN,NaN,NaN,NaN,NaN,NaN,NaN,NaN,NaN,NaN,NaN,NaN,NaN,NaN,NaN,NaN,NaN,NaN,NaN,NaN,NaN,NaN,NaN,NaN,NaN,NaN,NaN,NaN,NaN,NaN,NaN,NaN,NaN,NaN,NaN,NaN,NaN,NaN,NaN,,,,,,,,,
16-Dec-2020,01-Dec-2020,B2022_MONTHLY_V1,MONTHLY_20201216_DC_XI007_H20_PS,DC_XI007_H20,DC_XI007,H20_PV10,PRIMARY,1,DC_SOURCE,0.07,release_literal,1,1,20,10,NaN,unavailable,PS,optimized,quality_rejected,StoreNet:QualityRejected,"Day 2020-12-16 fails release_literal: physical_incomplete:H14.",0,,NaN,NaN,NaN,NaN,NaN,NaN,NaN,NaN,NaN,NaN,NaN,NaN,NaN,NaN,NaN,NaN,NaN,NaN,NaN,NaN,NaN,NaN,NaN,NaN,NaN,NaN,NaN,NaN,NaN,NaN,NaN,NaN,NaN,NaN,NaN,NaN,NaN,NaN,NaN,NaN,NaN,NaN,NaN,,,,,,,,,
16-Dec-2020,01-Dec-2020,B2022_MONTHLY_V1,MONTHLY_20201216_DC_XI007_H20_PSDT,DC_XI007_H20,DC_XI007,H20_PV10,PRIMARY,1,DC_SOURCE,0.07,release_literal,1,1,20,10,NaN,unavailable,PSDT,optimized,quality_rejected,StoreNet:QualityRejected,"Day 2020-12-16 fails release_literal: physical_incomplete:H14.",0,,NaN,NaN,NaN,NaN,NaN,NaN,NaN,NaN,NaN,NaN,NaN,NaN,NaN,NaN,NaN,NaN,NaN,NaN,NaN,NaN,NaN,NaN,NaN,NaN,NaN,NaN,NaN,NaN,NaN,NaN,NaN,NaN,NaN,NaN,NaN,NaN,NaN,NaN,NaN,NaN,NaN,NaN,NaN,,,,,,,,,
16-Dec-2020,01-Dec-2020,B2022_MONTHLY_V1,MONTHLY_20201216_DC_XI007_H20_LL,DC_XI007_H20,DC_XI007,H20_PV10,PRIMARY,1,DC_SOURCE,0.07,release_literal,1,1,20,10,NaN,unavailable,LL,optimized,quality_rejected,StoreNet:QualityRejected,"Day 2020-12-16 fails release_literal: physical_incomplete:H14.",0,,NaN,NaN,NaN,NaN,NaN,NaN,NaN,NaN,NaN,NaN,NaN,NaN,NaN,NaN,NaN,NaN,NaN,NaN,NaN,NaN,NaN,NaN,NaN,NaN,NaN,NaN,NaN,NaN,NaN,NaN,NaN,NaN,NaN,NaN,NaN,NaN,NaN,NaN,NaN,NaN,NaN,NaN,NaN,,,,,,,,,
