date,Discharge(Wh),Charge(Wh),Production(Wh),Consumption(Wh),Feed-in(Wh),From grid(Wh),State of Charge(%),Discharge(W),Charge(W),Production(W),Consumption(W),Feed-in(W),From grid(W)
2020-12-07 00:00:00,1.48,0.0,0.0,1.93,0.0,0.45,89.0,88.8,0.0,0.0,115.8,0.0,27.0
2020-12-07 00:01:00,1.4,0.0,0.0,1.92,0.0,0.52,89.0,84.0,0.0,0.0,115.2,0.0,31.200000000000003
2020-12-07 00:02:00,1.38,0.0,0.0,1.88,0.0,0.5,89.0,82.8,0.0,0.0,112.8,0.0,30.0
2020-12-07 00:03:00,1.43,0.0,0.0,1.9,0.0,0.47,89.0,85.8,0.0,0.0,114.0,0.0,28.2
2020-12-07 00:04:00,1.42,0.0,0.0,1.9,0.0,0.48,89.0,85.2,0.0,0.0,114.0,0.0,28.8
2020-12-07 00:05:00,1.38,0.0,0.0,1.88,0.0,0.5,89.0,82.8,0.0,0.0,112.8,0.0,30.0
2020-12-07 00:06:00,1.37,0.0,0.0,1.87,0.0,0.5,89.0,82.2,0.0,0.0,112.2,0.0,30.0
2020-12-07 00:07:00,1.43,0.0,0.0,1.9,0.0,0.47,89.0,85.8,0.0,0.0,114.0,0.0,28.2
2020-12-07 00:08:00,1.4,0.0,0.0,1.88,0.0,0.48,89.0,84.0,0.0,0.0,112.8,0.0,28.8
2020-12-07 00:09:00,1.37,0.0,0.0,1.87,0.0,0.5,89.0,82.2,0.0,0.0,112.2,0.0,30.0
2020-12-07 00:10:00,1.4,0.0,0.0,1.88,0.0,0.48,89.0,84.0,0.0,0.0,112.8,0.0,28.8
2020-12-07 00:11:00,1.37,0.0,0.0,1.9,0.0,0.53,89.0,82.2,0.0,0.0,114.0,0.0,31.8
2020-12-07 00:12:00,1.38,0.0,0.0,1.87,0.0,0.49,89.0,82.8,0.0,0.0,112.2,0.0,29.4
2020-12-07 00:13:00,1.4,0.0,0.0,1.9,0.0,0.5,89.0,84.0,0.0,0.0,114.0,0.0,30.0
2020-12-07 00:14:00,1.4,0.0,0.0,1.87,0.0,0.47,89.0,84.0,0.0,0.0,112.2,0.0,28.2
2020-12-07 00:15:00,1.38,0.0,0.0,1.88,0.0,0.5,89.0,82.8,0.0,0.0,112.8,0.0,30.0
2020-12-07 00:16:00,1.37,0.0,0.0,1.87,0.0,0.5,88.0,82.2,0.0,0.0,112.2,0.0,30.0
2020-12-07 00:17:00,1.37,0.0,0.0,1.88,0.0,0.51,88.0,82.2,0.0,0.0,112.8,0.0,30.6
2020-12-07 00:18:00,1.42,0.0,0.0,1.9,0.0,0.48,88.0,85.2,0.0,0.0,114.0,0.0,28.8
2020-12-07 00:19:00,1.42,0.0,0.0,1.88,0.0,0.46,88.0,85.2,0.0,0.0,112.8,0.0,27.6
2020-12-07 00:20:00,1.42,0.0,0.0,1.9,0.0,0.48,88.0,85.2,0.0,0.0,114.0,0.0,28.8
2020-12-07 00:21:00,1.42,0.0,0.0,1.9,0.0,0.48,88.0,85.2,0.0,0.0,114.0,0.0,28.8
2020-12-07 00:22:00,1.37,0.0,0.0,1.88,0.0,0.51,88.0,82.2,0.0,0.0,112.8,0.0,30.6
2020-12-07 00:23:00,1.38,0.0,0.0,1.88,0.0,0.5,88.0,82.8,0.0,0.0,112.8,0.0,30.0
2020-12-07 00:24:00,1.4,0.0,0.0,1.92,0.0,0.52,88.0,84.0,0.0,0.0,115.2,0.0,31.200000000000003
2020-12-07 00:25:00,1.47,0.0,0.0,1.92,0.0,0.45,88.0,88.2,0.0,0.0,115.2,0.0,27.0
2020-12-07 00:26:00,1.42,0.0,0.0,1.92,0.0,0.5,88.0,85.2,0.0,0.0,115.2,0.0,30.0
2020-12-07 00:27:00,1.42,0.0,0.0,1.92,0.0,0.5,88.0,85.2,0.0,0.0,115.2,0.0,30.0
2020-12-07 00:28:00,1.4,0.0,0.0,1.92,0.0,0.52,88.0,84.0,0.0,0.0,115.2,0.0,31.200000000000003
2020-12-07 00:29:00,1.42,0.0,0.0,1.92,0.0,0.5,88.0,85.2,0.0,0.0,115.2,0.0,30.0
2020-12-07 00:30:00,1.45,0.0,0.0,1.92,0.0,0.47,88.0,87.0,0.0,0.0,115.2,0.0,28.2
2020-12-07 00:31:00,1.48,0.0,0.0,1.93,0.0,0.45,88.0,88.8,0.0,0.0,115.8,0.0,27.0
2020-12-07 00:32:00,1.42,0.0,0.0,1.93,0.0,0.51,88.0,85.2,0.0,0.0,115.8,0.0,30.6
2020-12-07 00:33:00,1.45,0.0,0.0,1.93,0.0,0.48,88.0,87.0,0.0,0.0,115.8,0.0,28.8
2020-12-07 00:34:00,1.4,0.0,0.0,1.93,0.0,0.53,88.0,84.0,0.0,0.0,115.8,0.0,31.8
2020-12-07 00:35:00,1.48,0.0,0.0,1.93,0.0,0.45,88.0,88.8,0.0,0.0,115.8,0.0,27.0
2020-12-07 00:36:00,1.45,0.0,0.0,1.93,0.0,0.48,88.0,87.0,0.0,0.0,115.8,0.0,28.8
2020-12-07 00:37:00,1.43,0.0,0.0,1.92,0.0,0.49,88.0,85.8,0.0,0.0,115.2,0.0,29.4
2020-12-07 00:38:00,1.42,0.0,0.0,1.93,0.0,0.51,88.0,85.2,0.0,0.0,115.8,0.0,30.6
2020-12-07 00:39:00,1.45,0.0,0.0,1.93,0.0,0.48,88.0,87.0,0.0,0.0,115.8,0.0,28.8
2020-12-07 00:40:00,1.45,0.0,0.0,1.93,0.0,0.48,88.0,87.0,0.0,0.0,115.8,0.0,28.8
2020-12-07 00:41:00,1.43,0.0,0.0,1.93,0.0,0.5,88.0,85.8,0.0,0.0,115.8,0.0,30.0
2020-12-07 00:42:00,1.43,0.0,0.0,1.93,0.0,0.5,88.0,85.8,0.0,0.0,115.8,0.0,30.0
2020-12-07 00:43:00,1.43,0.0,0.0,1.93,0.0,0.5,88.0,85.8,0.0,0.0,115.8,0.0,30.0
2020-12-07 00:44:00,1.47,0.0,0.0,1.92,0.0,0.45,88.0,88.2,0.0,0.0,115.2,0.0,27.0
2020-12-07 00:45:00,1.4,0.0,0.0,1.9,0.0,0.5,88.0,84.0,0.0,0.0,114.0,0.0,30.0
2020-12-07 00:46:00,1.47,0.0,0.0,1.92,0.0,0.45,88.0,88.2,0.0,0.0,115.2,0.0,27.0
2020-12-07 00:47:00,1.47,0.0,0.0,1.93,0.0,0.46,88.0,88.2,0.0,0.0,115.8,0.0,27.6
2020-12-07 00:48:00,1.45,0.0,0.0,1.92,0.0,0.47,88.0,87.0,0.0,0.0,115.2,0.0,28.2
2020-12-07 00:49:00,1.4,0.0,0.0,1.9,0.0,0.5,88.0,84.0,0.0,0.0,114.0,0.0,30.0
2020-12-07 00:50:00,1.4,0.0,0.0,1.92,0.0,0.52,87.0,84.0,0.0,0.0,115.2,0.0,31.200000000000003
2020-12-07 00:51:00,1.43,0.0,0.0,1.9,0.0,0.47,87.0,85.8,0.0,0.0,114.0,0.0,28.2
2020-12-07 00:52:00,1.38,0.0,0.0,1.9,0.0,0.52,87.0,82.8,0.0,0.0,114.0,0.0,31.200000000000003
2020-12-07 00:53:00,1.35,0.0,0.0,1.87,0.0,0.52,87.0,81.0,0.0,0.0,112.2,0.0,31.200000000000003
2020-12-07 00:54:00,1.38,0.0,0.0,1.87,0.0,0.49,87.0,82.8,0.0,0.0,112.2,0.0,29.4
2020-12-07 00:55:00,1.37,0.0,0.0,1.87,0.0,0.5,87.0,82.2,0.0,0.0,112.2,0.0,30.0
2020-12-07 00:56:00,1.4,0.0,0.0,1.88,0.0,0.48,87.0,84.0,0.0,0.0,112.8,0.0,28.8
2020-12-07 00:57:00,1.4,0.0,0.0,1.88,0.0,0.48,87.0,84.0,0.0,0.0,112.8,0.0,28.8
2020-12-07 00:58:00,1.43,0.0,0.0,1.88,0.0,0.45,87.0,85.8,0.0,0.0,112.8,0.0,27.0
2020-12-07 00:59:00,1.4,0.0,0.0,1.9,0.0,0.5,87.0,84.0,0.0,0.0,114.0,0.0,30.0
2020-12-07 01:00:00,1.37,0.0,0.0,1.87,0.0,0.5,87.0,82.2,0.0,0.0,112.2,0.0,30.0
2020-12-07 01:01:00,1.43,0.0,0.0,1.88,0.0,0.45,87.0,85.8,0.0,0.0,112.8,0.0,27.0
2020-12-07 01:02:00,1.38,0.0,0.0,1.9,0.0,0.52,87.0,82.8,0.0,0.0,114.0,0.0,31.200000000000003
2020-12-07 01:03:00,1.42,0.0,0.0,1.9,0.0,0.48,87.0,85.2,0.0,0.0,114.0,0.0,28.8
2020-12-07 01:04:00,1.45,0.0,0.0,1.9,0.0,0.45,87.0,87.0,0.0,0.0,114.0,0.0,27.0
2020-12-07 01:05:00,1.42,0.0,0.0,1.9,0.0,0.48,87.0,85.2,0.0,0.0,114.0,0.0,28.8
2020-12-07 01:06:00,1.45,0.0,0.0,1.92,0.0,0.47,87.0,87.0,0.0,0.0,115.2,0.0,28.2
2020-12-07 01:07:00,1.43,0.0,0.0,1.92,0.0,0.49,87.0,85.8,0.0,0.0,115.2,0.0,29.4
2020-12-07 01:08:00,1.42,0.0,0.0,1.9,0.0,0.48,87.0,85.2,0.0,0.0,114.0,0.0,28.8
2020-12-07 01:09:00,1.45,0.0,0.0,1.92,0.0,0.47,87.0,87.0,0.0,0.0,115.2,0.0,28.2
2020-12-07 01:10:00,1.48,0.0,0.0,1.92,0.0,0.44,87.0,88.8,0.0,0.0,115.2,0.0,26.400000000000002
2020-12-07 01:11:00,1.45,0.0,0.0,1.92,0.0,0.47,87.0,87.0,0.0,0.0,115.2,0.0,28.2
2020-12-07 01:12:00,1.42,0.0,0.0,1.92,0.0,0.5,87.0,85.2,0.0,0.0,115.2,0.0,30.0
2020-12-07 01:13:00,1.45,0.0,0.0,1.92,0.0,0.47,87.0,87.0,0.0,0.0,115.2,0.0,28.2
2020-12-07 01:14:00,1.48,0.0,0.0,1.9,0.0,0.42,87.0,88.8,0.0,0.0,114.0,0.0,25.2
2020-12-07 01:15:00,1.4,0.0,0.0,1.9,0.0,0.5,87.0,84.0,0.0,0.0,114.0,0.0,30.0
2020-12-07 01:16:00,1.42,0.0,0.0,1.9,0.0,0.48,87.0,85.2,0.0,0.0,114.0,0.0,28.8
2020-12-07 01:17:00,1.42,0.0,0.0,1.9,0.0,0.48,87.0,85.2,0.0,0.0,114.0,0.0,28.8
2020-12-07 01:18:00,1.4,0.0,0.0,1.92,0.0,0.52,87.0,84.0,0.0,0.0,115.2,0.0,31.200000000000003
2020-12-07 01:19:00,1.45,0.0,0.0,1.9,0.0,0.45,87.0,87.0,0.0,0.0,114.0,0.0,27.0
2020-12-07 01:20:00,1.32,0.0,0.0,1.87,0.0,0.55,87.0,79.2,0.0,0.0,112.2,0.0,33.0
2020-12-07 01:21:00,1.4,0.0,0.0,1.9,0.0,0.5,87.0,84.0,0.0,0.0,114.0,0.0,30.0
2020-12-07 01:22:00,1.4,0.0,0.0,1.88,0.0,0.48,87.0,84.0,0.0,0.0,112.8,0.0,28.8
2020-12-07 01:23:00,1.4,0.0,0.0,1.9,0.0,0.5,87.0,84.0,0.0,0.0,114.0,0.0,30.0
2020-12-07 01:24:00,1.4,0.0,0.0,1.9,0.0,0.5,87.0,84.0,0.0,0.0,114.0,0.0,30.0
2020-12-07 01:25:00,1.38,0.0,0.0,1.87,0.0,0.49,86.0,82.8,0.0,0.0,112.2,0.0,29.4
2020-12-07 01:26:00,1.4,0.0,0.0,1.88,0.0,0.48,86.0,84.0,0.0,0.0,112.8,0.0,28.8
2020-12-07 01:27:00,1.32,0.0,0.0,1.87,0.0,0.55,86.0,79.2,0.0,0.0,112.2,0.0,33.0
2020-12-07 01:28:00,1.37,0.0,0.0,1.88,0.0,0.51,86.0,82.2,0.0,0.0,112.8,0.0,30.6
2020-12-07 01:29:00,1.37,0.0,0.0,1.88,0.0,0.51,86.0,82.2,0.0,0.0,112.8,0.0,30.6
2020-12-07 01:30:00,1.38,0.0,0.0,1.88,0.0,0.5,86.0,82.8,0.0,0.0,112.8,0.0,30.0
2020-12-07 01:31:00,1.42,0.0,0.0,1.9,0.0,0.48,86.0,85.2,0.0,0.0,114.0,0.0,28.8
2020-12-07 01:32:00,1.38,0.0,0.0,1.88,0.0,0.5,86.0,82.8,0.0,0.0,112.8,0.0,30.0
2020-12-07 01:33:00,1.4,0.0,0.0,1.9,0.0,0.5,86.0,84.0,0.0,0.0,114.0,0.0,30.0
2020-12-07 01:34:00,1.42,0.0,0.0,1.9,0.0,0.48,86.0,85.2,0.0,0.0,114.0,0.0,28.8
2020-12-07 01:35:00,1.8,0.0,0.0,2.3,0.0,0.5,86.0,108.0,0.0,0.0,138.0,0.0,30.0
2020-12-07 01:36:00,1.85,0.0,0.0,2.32,0.0,0.47,86.0,111.0,0.0,0.0,139.2,0.0,28.2
2020-12-07 01:37:00,1.8,0.0,0.0,2.32,0.0,0.52,86.0,108.0,0.0,0.0,139.2,0.0,31.200000000000003
2020-12-07 01:38:00,1.83,0.0,0.0,2.32,0.0,0.49,86.0,109.80000000000001,0.0,0.0,139.2,0.0,29.4
2020-12-07 01:39:00,1.87,0.0,0.0,2.32,0.0,0.45,86.0,112.2,0.0,0.0,139.2,0.0,27.0
2020-12-07 01:40:00,1.73,0.0,0.0,2.13,0.0,0.4,86.0,103.8,0.0,0.0,127.8,0.0,24.0
2020-12-07 01:41:00,1.45,0.0,0.0,1.9,0.0,0.45,86.0,87.0,0.0,0.0,114.0,0.0,27.0
2020-12-07 01:42:00,1.45,0.0,0.0,1.93,0.0,0.48,86.0,87.0,0.0,0.0,115.8,0.0,28.8
2020-12-07 01:43:00,1.52,0.0,0.0,1.9,0.0,0.38,86.0,91.2,0.0,0.0,114.0,0.0,22.8
2020-12-07 01:44:00,1.48,0.0,0.0,1.9,0.0,0.42,86.0,88.8,0.0,0.0,114.0,0.0,25.2
2020-12-07 01:45:00,1.45,0.0,0.0,1.9,0.0,0.45,86.0,87.0,0.0,0.0,114.0,0.0,27.0
2020-12-07 01:46:00,1.38,0.0,0.0,1.88,0.0,0.5,86.0,82.8,0.0,0.0,112.8,0.0,30.0
2020-12-07 01:47:00,1.4,0.0,0.0,1.9,0.0,0.5,86.0,84.0,0.0,0.0,114.0,0.0,30.0
2020-12-07 01:48:00,1.47,0.0,0.0,1.93,0.0,0.46,86.0,88.2,0.0,0.0,115.8,0.0,27.6
2020-12-07 01:49:00,1.48,0.0,0.0,1.92,0.0,0.44,86.0,88.8,0.0,0.0,115.2,0.0,26.400000000000002
2020-12-07 01:50:00,1.43,0.0,0.0,1.9,0.0,0.47,86.0,85.8,0.0,0.0,114.0,0.0,28.2
2020-12-07 01:51:00,3.4,0.0,0.0,4.02,0.0,0.62,86.0,204.0,0.0,0.0,241.2,0.0,37.2
2020-12-07 01:52:00,3.57,0.0,0.0,3.95,0.0,0.38,86.0,214.2,0.0,0.0,237.0,0.0,22.8
2020-12-07 01:53:00,3.27,0.0,0.0,3.77,0.0,0.5,86.0,196.20000000000002,0.0,0.0,226.20000000000002,0.0,30.0
2020-12-07 01:54:00,3.28,0.0,0.0,3.77,0.0,0.49,86.0,196.79999999999998,0.0,0.0,226.20000000000002,0.0,29.4
2020-12-07 01:55:00,3.3,0.0,0.0,3.77,0.0,0.47,86.0,198.0,0.0,0.0,226.20000000000002,0.0,28.2
2020-12-07 01:56:00,3.23,0.0,0.0,3.73,0.0,0.5,85.0,193.8,0.0,0.0,223.8,0.0,30.0
2020-12-07 01:57:00,3.2,0.0,0.0,3.73,0.0,0.53,85.0,192.0,0.0,0.0,223.8,0.0,31.8
2020-12-07 01:58:00,3.25,0.0,0.0,3.73,0.0,0.48,85.0,195.0,0.0,0.0,223.8,0.0,28.8
2020-12-07 01:59:00,3.2,0.0,0.0,3.73,0.0,0.53,85.0,192.0,0.0,0.0,223.8,0.0,31.8
2020-12-07 02:00:00,3.22,0.0,0.0,3.72,0.0,0.5,85.0,193.20000000000002,0.0,0.0,223.20000000000002,0.0,30.0
2020-12-07 02:01:00,3.22,0.0,0.0,3.72,0.0,0.5,85.0,193.20000000000002,0.0,0.0,223.20000000000002,0.0,30.0
2020-12-07 02:02:00,3.2,0.0,0.0,3.68,0.0,0.48,85.0,192.0,0.0,0.0,220.8,0.0,28.8
2020-12-07 02:03:00,3.18,0.0,0.0,3.68,0.0,0.5,85.0,190.8,0.0,0.0,220.8,0.0,30.0
2020-12-07 02:04:00,3.25,0.0,0.0,3.72,0.0,0.47,85.0,195.0,0.0,0.0,223.20000000000002,0.0,28.2
2020-12-07 02:05:00,3.23,0.0,0.0,3.67,0.0,0.44,85.0,193.8,0.0,0.0,220.2,0.0,26.400000000000002
2020-12-07 02:06:00,3.18,0.0,0.0,3.67,0.0,0.49,85.0,190.8,0.0,0.0,220.2,0.0,29.4
2020-12-07 02:07:00,3.22,0.0,0.0,3.7,0.0,0.48,85.0,193.20000000000002,0.0,0.0,222.0,0.0,28.8
2020-12-07 02:08:00,3.17,0.0,0.0,3.68,0.0,0.51,85.0,190.2,0.0,0.0,220.8,0.0,30.6
2020-12-07 02:09:00,3.18,0.0,0.0,3.68,0.0,0.5,85.0,190.8,0.0,0.0,220.8,0.0,30.0
2020-12-07 02:10:00,3.15,0.0,0.0,3.65,0.0,0.5,85.0,189.0,0.0,0.0,219.0,0.0,30.0
2020-12-07 02:11:00,3.22,0.0,0.0,3.67,0.0,0.45,85.0,193.20000000000002,0.0,0.0,220.2,0.0,27.0
2020-12-07 02:12:00,3.25,0.0,0.0,3.68,0.0,0.43,85.0,195.0,0.0,0.0,220.8,0.0,25.8
2020-12-07 02:13:00,3.15,0.0,0.0,3.67,0.0,0.52,85.0,189.0,0.0,0.0,220.2,0.0,31.200000000000003
2020-12-07 02:14:00,3.18,0.0,0.0,3.65,0.0,0.47,85.0,190.8,0.0,0.0,219.0,0.0,28.2
2020-12-07 02:15:00,3.17,0.0,0.0,3.63,0.0,0.46,85.0,190.2,0.0,0.0,217.79999999999998,0.0,27.6
2020-12-07 02:16:00,3.15,0.0,0.0,3.63,0.0,0.48,85.0,189.0,0.0,0.0,217.79999999999998,0.0,28.8
2020-12-07 02:17:00,3.17,0.0,0.0,3.63,0.0,0.46,84.0,190.2,0.0,0.0,217.79999999999998,0.0,27.6
2020-12-07 02:18:00,3.13,0.0,0.0,3.65,0.0,0.52,84.0,187.79999999999998,0.0,0.0,219.0,0.0,31.200000000000003
2020-12-07 02:19:00,3.13,0.0,0.0,3.62,0.0,0.49,84.0,187.79999999999998,0.0,0.0,217.20000000000002,0.0,29.4
2020-12-07 02:20:00,3.15,0.0,0.0,3.62,0.0,0.47,84.0,189.0,0.0,0.0,217.20000000000002,0.0,28.2
2020-12-07 02:21:00,3.2,0.0,0.0,3.63,0.0,0.43,84.0,192.0,0.0,0.0,217.79999999999998,0.0,25.8
2020-12-07 02:22:00,3.1,0.0,0.0,3.6,0.0,0.5,84.0,186.0,0.0,0.0,216.0,0.0,30.0
2020-12-07 02:23:00,3.08,0.0,0.0,3.6,0.0,0.52,84.0,184.8,0.0,0.0,216.0,0.0,31.200000000000003
2020-12-07 02:24:00,3.03,0.0,0.0,3.58,0.0,0.55,84.0,181.79999999999998,0.0,0.0,214.8,0.0,33.0
2020-12-07 02:25:00,3.15,0.0,0.0,3.6,0.0,0.45,84.0,189.0,0.0,0.0,216.0,0.0,27.0
2020-12-07 02:26:00,3.13,0.0,0.0,3.6,0.0,0.47,84.0,187.79999999999998,0.0,0.0,216.0,0.0,28.2
2020-12-07 02:27:00,3.12,0.0,0.0,3.6,0.0,0.48,84.0,187.20000000000002,0.0,0.0,216.0,0.0,28.8
2020-12-07 02:28:00,3.08,0.0,0.0,3.58,0.0,0.5,84.0,184.8,0.0,0.0,214.8,0.0,30.0
2020-12-07 02:29:00,3.08,0.0,0.0,3.57,0.0,0.49,84.0,184.8,0.0,0.0,214.2,0.0,29.4
2020-12-07 02:30:00,3.07,0.0,0.0,3.58,0.0,0.51,84.0,184.2,0.0,0.0,214.8,0.0,30.6
2020-12-07 02:31:00,3.0,0.0,0.0,3.45,0.0,0.45,84.0,180.0,0.0,0.0,207.0,0.0,27.0
2020-12-07 02:32:00,2.97,0.0,0.0,3.45,0.0,0.48,84.0,178.20000000000002,0.0,0.0,207.0,0.0,28.8
2020-12-07 02:33:00,2.93,0.0,0.0,3.43,0.0,0.5,84.0,175.8,0.0,0.0,205.8,0.0,30.0
2020-12-07 02:34:00,2.93,0.0,0.0,3.43,0.0,0.5,84.0,175.8,0.0,0.0,205.8,0.0,30.0
2020-12-07 02:35:00,2.97,0.0,0.0,3.45,0.0,0.48,84.0,178.20000000000002,0.0,0.0,207.0,0.0,28.8
2020-12-07 02:36:00,2.95,0.0,0.0,3.45,0.0,0.5,84.0,177.0,0.0,0.0,207.0,0.0,30.0
2020-12-07 02:37:00,2.97,0.0,0.0,3.45,0.0,0.48,84.0,178.20000000000002,0.0,0.0,207.0,0.0,28.8
2020-12-07 02:38:00,2.93,0.0,0.0,3.45,0.0,0.52,83.0,175.8,0.0,0.0,207.0,0.0,31.200000000000003
2020-12-07 02:39:00,2.92,0.0,0.0,3.42,0.0,0.5,83.0,175.2,0.0,0.0,205.2,0.0,30.0
2020-12-07 02:40:00,2.85,0.0,0.0,3.38,0.0,0.53,83.0,171.0,0.0,0.0,202.79999999999998,0.0,31.8
2020-12-07 02:41:00,2.88,0.0,0.0,3.4,0.0,0.52,83.0,172.79999999999998,0.0,0.0,204.0,0.0,31.200000000000003
2020-12-07 02:42:00,2.93,0.0,0.0,3.4,0.0,0.47,83.0,175.8,0.0,0.0,204.0,0.0,28.2
2020-12-07 02:43:00,2.93,0.0,0.0,3.4,0.0,0.47,83.0,175.8,0.0,0.0,204.0,0.0,28.2
2020-12-07 02:44:00,2.88,0.0,0.0,3.4,0.0,0.52,83.0,172.79999999999998,0.0,0.0,204.0,0.0,31.200000000000003
2020-12-07 02:45:00,2.87,0.0,0.0,3.4,0.0,0.53,83.0,172.20000000000002,0.0,0.0,204.0,0.0,31.8
2020-12-07 02:46:00,2.92,0.0,0.0,3.38,0.0,0.46,83.0,175.2,0.0,0.0,202.79999999999998,0.0,27.6
2020-12-07 02:47:00,2.88,0.0,0.0,3.4,0.0,0.52,83.0,172.79999999999998,0.0,0.0,204.0,0.0,31.200000000000003
2020-12-07 02:48:00,2.88,0.0,0.0,3.4,0.0,0.52,83.0,172.79999999999998,0.0,0.0,204.0,0.0,31.200000000000003
2020-12-07 02:49:00,2.9,0.0,0.0,3.37,0.0,0.47,83.0,174.0,0.0,0.0,202.20000000000002,0.0,28.2
2020-12-07 02:50:00,2.87,0.0,0.0,3.4,0.0,0.53,83.0,172.20000000000002,0.0,0.0,204.0,0.0,31.8
2020-12-07 02:51:00,2.9,0.0,0.0,3.38,0.0,0.48,83.0,174.0,0.0,0.0,202.79999999999998,0.0,28.8
2020-12-07 02:52:00,2.88,0.0,0.0,3.38,0.0,0.5,83.0,172.79999999999998,0.0,0.0,202.79999999999998,0.0,30.0
2020-12-07 02:53:00,2.87,0.0,0.0,3.37,0.0,0.5,83.0,172.20000000000002,0.0,0.0,202.20000000000002,0.0,30.0
2020-12-07 02:54:00,2.87,0.0,0.0,3.38,0.0,0.51,83.0,172.20000000000002,0.0,0.0,202.79999999999998,0.0,30.6
2020-12-07 02:55:00,2.95,0.0,0.0,3.38,0.0,0.43,83.0,177.0,0.0,0.0,202.79999999999998,0.0,25.8
2020-12-07 02:56:00,2.88,0.0,0.0,3.38,0.0,0.5,83.0,172.79999999999998,0.0,0.0,202.79999999999998,0.0,30.0
2020-12-07 02:57:00,2.88,0.0,0.0,3.38,0.0,0.5,83.0,172.79999999999998,0.0,0.0,202.79999999999998,0.0,30.0
2020-12-07 02:58:00,2.88,0.0,0.0,3.37,0.0,0.49,83.0,172.79999999999998,0.0,0.0,202.20000000000002,0.0,29.4
2020-12-07 02:59:00,2.9,0.0,0.0,3.4,0.0,0.5,83.0,174.0,0.0,0.0,204.0,0.0,30.0
2020-12-07 03:00:00,2.92,0.0,0.0,3.4,0.0,0.48,83.0,175.2,0.0,0.0,204.0,0.0,28.8
2020-12-07 03:01:00,2.87,0.0,0.0,3.38,0.0,0.51,82.0,172.20000000000002,0.0,0.0,202.79999999999998,0.0,30.6
2020-12-07 03:02:00,2.9,0.0,0.0,3.38,0.0,0.48,82.0,174.0,0.0,0.0,202.79999999999998,0.0,28.8
2020-12-07 03:03:00,2.87,0.0,0.0,3.38,0.0,0.51,82.0,172.20000000000002,0.0,0.0,202.79999999999998,0.0,30.6
2020-12-07 03:04:00,2.9,0.0,0.0,3.38,0.0,0.48,82.0,174.0,0.0,0.0,202.79999999999998,0.0,28.8
2020-12-07 03:05:00,2.9,0.0,0.0,3.4,0.0,0.5,82.0,174.0,0.0,0.0,204.0,0.0,30.0
2020-12-07 03:06:00,2.9,0.0,0.0,3.38,0.0,0.48,82.0,174.0,0.0,0.0,202.79999999999998,0.0,28.8
2020-12-07 03:07:00,2.87,0.0,0.0,3.37,0.0,0.5,82.0,172.20000000000002,0.0,0.0,202.20000000000002,0.0,30.0
2020-12-07 03:08:00,2.88,0.0,0.0,3.38,0.0,0.5,82.0,172.79999999999998,0.0,0.0,202.79999999999998,0.0,30.0
2020-12-07 03:09:00,2.85,0.0,0.0,3.37,0.0,0.52,82.0,171.0,0.0,0.0,202.20000000000002,0.0,31.200000000000003
2020-12-07 03:10:00,2.88,0.0,0.0,3.35,0.0,0.47,82.0,172.79999999999998,0.0,0.0,201.0,0.0,28.2
2020-12-07 03:11:00,2.87,0.0,0.0,3.35,0.0,0.48,82.0,172.20000000000002,0.0,0.0,201.0,0.0,28.8
2020-12-07 03:12:00,2.85,0.0,0.0,3.37,0.0,0.52,82.0,171.0,0.0,0.0,202.20000000000002,0.0,31.200000000000003
2020-12-07 03:13:00,2.87,0.0,0.0,3.37,0.0,0.5,82.0,172.20000000000002,0.0,0.0,202.20000000000002,0.0,30.0
2020-12-07 03:14:00,2.87,0.0,0.0,3.37,0.0,0.5,82.0,172.20000000000002,0.0,0.0,202.20000000000002,0.0,30.0
2020-12-07 03:15:00,2.87,0.0,0.0,3.37,0.0,0.5,82.0,172.20000000000002,0.0,0.0,202.20000000000002,0.0,30.0
2020-12-07 03:16:00,2.87,0.0,0.0,3.37,0.0,0.5,82.0,172.20000000000002,0.0,0.0,202.20000000000002,0.0,30.0
2020-12-07 03:17:00,2.87,0.0,0.0,3.37,0.0,0.5,82.0,172.20000000000002,0.0,0.0,202.20000000000002,0.0,30.0
2020-12-07 03:18:00,2.87,0.0,0.0,3.37,0.0,0.5,82.0,172.20000000000002,0.0,0.0,202.20000000000002,0.0,30.0
2020-12-07 03:19:00,2.87,0.0,0.0,3.35,0.0,0.48,82.0,172.20000000000002,0.0,0.0,201.0,0.0,28.8
2020-12-07 03:20:00,2.85,0.0,0.0,3.35,0.0,0.5,82.0,171.0,0.0,0.0,201.0,0.0,30.0
2020-12-07 03:21:00,2.85,0.0,0.0,3.35,0.0,0.5,82.0,171.0,0.0,0.0,201.0,0.0,30.0
2020-12-07 03:22:00,2.88,0.0,0.0,3.35,0.0,0.47,82.0,172.79999999999998,0.0,0.0,201.0,0.0,28.2
2020-12-07 03:23:00,2.88,0.0,0.0,3.35,0.0,0.47,82.0,172.79999999999998,0.0,0.0,201.0,0.0,28.2
2020-12-07 03:24:00,2.85,0.0,0.0,3.35,0.0,0.5,81.0,171.0,0.0,0.0,201.0,0.0,30.0
2020-12-07 03:25:00,2.88,0.0,0.0,3.35,0.0,0.47,81.0,172.79999999999998,0.0,0.0,201.0,0.0,28.2
2020-12-07 03:26:00,2.85,0.0,0.0,3.33,0.0,0.48,81.0,171.0,0.0,0.0,199.8,0.0,28.8
2020-12-07 03:27:00,2.85,0.0,0.0,3.35,0.0,0.5,81.0,171.0,0.0,0.0,201.0,0.0,30.0
2020-12-07 03:28:00,2.83,0.0,0.0,3.35,0.0,0.52,81.0,169.8,0.0,0.0,201.0,0.0,31.200000000000003
2020-12-07 03:29:00,2.83,0.0,0.0,3.33,0.0,0.5,81.0,169.8,0.0,0.0,199.8,0.0,30.0
2020-12-07 03:30:00,2.85,0.0,0.0,3.35,0.0,0.5,81.0,171.0,0.0,0.0,201.0,0.0,30.0
2020-12-07 03:31:00,2.82,0.0,0.0,3.32,0.0,0.5,81.0,169.2,0.0,0.0,199.2,0.0,30.0
2020-12-07 03:32:00,2.88,0.0,0.0,3.35,0.0,0.47,81.0,172.79999999999998,0.0,0.0,201.0,0.0,28.2
2020-12-07 03:33:00,2.83,0.0,0.0,3.35,0.0,0.52,81.0,169.8,0.0,0.0,201.0,0.0,31.200000000000003
2020-12-07 03:34:00,2.85,0.0,0.0,3.37,0.0,0.52,81.0,171.0,0.0,0.0,202.20000000000002,0.0,31.200000000000003
2020-12-07 03:35:00,2.83,0.0,0.0,3.33,0.0,0.5,81.0,169.8,0.0,0.0,199.8,0.0,30.0
2020-12-07 03:36:00,2.92,0.0,0.0,3.37,0.0,0.45,81.0,175.2,0.0,0.0,202.20000000000002,0.0,27.0
2020-12-07 03:37:00,2.92,0.0,0.0,3.35,0.0,0.43,81.0,175.2,0.0,0.0,201.0,0.0,25.8
2020-12-07 03:38:00,2.85,0.0,0.0,3.35,0.0,0.5,81.0,171.0,0.0,0.0,201.0,0.0,30.0
2020-12-07 03:39:00,2.9,0.0,0.0,3.35,0.0,0.45,81.0,174.0,0.0,0.0,201.0,0.0,27.0
2020-12-07 03:40:00,2.92,0.0,0.0,3.35,0.0,0.43,81.0,175.2,0.0,0.0,201.0,0.0,25.8
2020-12-07 03:41:00,2.85,0.0,0.0,3.35,0.0,0.5,81.0,171.0,0.0,0.0,201.0,0.0,30.0
2020-12-07 03:42:00,2.83,0.0,0.0,3.35,0.0,0.52,81.0,169.8,0.0,0.0,201.0,0.0,31.200000000000003
2020-12-07 03:43:00,2.87,0.0,0.0,3.35,0.0,0.48,81.0,172.20000000000002,0.0,0.0,201.0,0.0,28.8
2020-12-07 03:44:00,2.87,0.0,0.0,3.33,0.0,0.46,81.0,172.20000000000002,0.0,0.0,199.8,0.0,27.6
2020-12-07 03:45:00,2.83,0.0,0.0,3.35,0.0,0.52,81.0,169.8,0.0,0.0,201.0,0.0,31.200000000000003
2020-12-07 03:46:00,2.83,0.0,0.0,3.35,0.0,0.52,81.0,169.8,0.0,0.0,201.0,0.0,31.200000000000003
2020-12-07 03:47:00,2.85,0.0,0.0,3.33,0.0,0.48,80.0,171.0,0.0,0.0,199.8,0.0,28.8
2020-12-07 03:48:00,2.83,0.0,0.0,3.33,0.0,0.5,80.0,169.8,0.0,0.0,199.8,0.0,30.0
2020-12-07 03:49:00,2.8,0.0,0.0,3.32,0.0,0.52,80.0,168.0,0.0,0.0,199.2,0.0,31.200000000000003
2020-12-07 03:50:00,2.83,0.0,0.0,3.32,0.0,0.49,80.0,169.8,0.0,0.0,199.2,0.0,29.4
2020-12-07 03:51:00,2.83,0.0,0.0,3.32,0.0,0.49,80.0,169.8,0.0,0.0,199.2,0.0,29.4
2020-12-07 03:52:00,2.82,0.0,0.0,3.3,0.0,0.48,80.0,169.2,0.0,0.0,198.0,0.0,28.8
2020-12-07 03:53:00,2.87,0.0,0.0,3.33,0.0,0.46,80.0,172.20000000000002,0.0,0.0,199.8,0.0,27.6
2020-12-07 03:54:00,2.88,0.0,0.0,3.33,0.0,0.45,80.0,172.79999999999998,0.0,0.0,199.8,0.0,27.0
2020-12-07 03:55:00,2.83,0.0,0.0,3.33,0.0,0.5,80.0,169.8,0.0,0.0,199.8,0.0,30.0
2020-12-07 03:56:00,2.83,0.0,0.0,3.33,0.0,0.5,80.0,169.8,0.0,0.0,199.8,0.0,30.0
2020-12-07 03:57:00,2.85,0.0,0.0,3.33,0.0,0.48,80.0,171.0,0.0,0.0,199.8,0.0,28.8
2020-12-07 03:58:00,2.82,0.0,0.0,3.32,0.0,0.5,80.0,169.2,0.0,0.0,199.2,0.0,30.0
2020-12-07 03:59:00,2.8,0.0,0.0,3.32,0.0,0.52,80.0,168.0,0.0,0.0,199.2,0.0,31.200000000000003
2020-12-07 04:00:00,2.83,0.0,0.0,3.32,0.0,0.49,80.0,169.8,0.0,0.0,199.2,0.0,29.4
2020-12-07 04:01:00,2.82,0.0,0.0,3.32,0.0,0.5,80.0,169.2,0.0,0.0,199.2,0.0,30.0
2020-12-07 04:02:00,2.85,0.0,0.0,3.33,0.0,0.48,80.0,171.0,0.0,0.0,199.8,0.0,28.8
2020-12-07 04:03:00,2.83,0.0,0.0,3.32,0.0,0.49,80.0,169.8,0.0,0.0,199.2,0.0,29.4
2020-12-07 04:04:00,2.82,0.0,0.0,3.32,0.0,0.5,80.0,169.2,0.0,0.0,199.2,0.0,30.0
2020-12-07 04:05:00,2.82,0.0,0.0,3.32,0.0,0.5,80.0,169.2,0.0,0.0,199.2,0.0,30.0
2020-12-07 04:06:00,2.83,0.0,0.0,3.33,0.0,0.5,80.0,169.8,0.0,0.0,199.8,0.0,30.0
2020-12-07 04:07:00,2.8,0.0,0.0,3.32,0.0,0.52,80.0,168.0,0.0,0.0,199.2,0.0,31.200000000000003
2020-12-07 04:08:00,2.8,0.0,0.0,3.3,0.0,0.5,80.0,168.0,0.0,0.0,198.0,0.0,30.0
2020-12-07 04:09:00,2.77,0.0,0.0,3.28,0.0,0.51,80.0,166.20000000000002,0.0,0.0,196.79999999999998,0.0,30.6
2020-12-07 04:10:00,2.75,0.0,0.0,3.28,0.0,0.53,78.0,165.0,0.0,0.0,196.79999999999998,0.0,31.8
2020-12-07 04:11:00,2.78,0.0,0.0,3.27,0.0,0.49,78.0,166.79999999999998,0.0,0.0,196.20000000000002,0.0,29.4
2020-12-07 04:12:00,2.8,0.0,0.0,3.28,0.0,0.48,78.0,168.0,0.0,0.0,196.79999999999998,0.0,28.8
2020-12-07 04:13:00,2.87,0.0,0.0,3.27,0.0,0.4,78.0,172.20000000000002,0.0,0.0,196.20000000000002,0.0,24.0
2020-12-07 04:14:00,2.78,0.0,0.0,3.28,0.0,0.5,78.0,166.79999999999998,0.0,0.0,196.79999999999998,0.0,30.0
2020-12-07 04:15:00,2.8,0.0,0.0,3.27,0.0,0.47,78.0,168.0,0.0,0.0,196.20000000000002,0.0,28.2
2020-12-07 04:16:00,2.73,0.0,0.0,3.27,0.0,0.54,78.0,163.8,0.0,0.0,196.20000000000002,0.0,32.400000000000006
2020-12-07 04:17:00,3.73,0.0,0.0,4.75,0.0,1.02,78.0,223.8,0.0,0.0,285.0,0.0,61.2
2020-12-07 04:18:00,4.73,0.0,0.0,6.23,0.0,1.5,78.0,283.8,0.0,0.0,373.8,0.0,90.0
2020-12-07 04:19:00,2.77,0.0,0.0,3.25,0.0,0.48,78.0,166.20000000000002,0.0,0.0,195.0,0.0,28.8
2020-12-07 04:20:00,2.77,0.0,0.0,3.27,0.0,0.5,78.0,166.20000000000002,0.0,0.0,196.20000000000002,0.0,30.0
2020-12-07 04:21:00,2.77,0.0,0.0,3.27,0.0,0.5,78.0,166.20000000000002,0.0,0.0,196.20000000000002,0.0,30.0
2020-12-07 04:22:00,2.83,0.0,0.0,3.3,0.0,0.47,78.0,169.8,0.0,0.0,198.0,0.0,28.2
2020-12-07 04:23:00,2.77,0.0,0.0,3.3,0.0,0.53,78.0,166.20000000000002,0.0,0.0,198.0,0.0,31.8
2020-12-07 04:24:00,2.82,0.0,0.0,3.27,0.0,0.45,78.0,169.2,0.0,0.0,196.20000000000002,0.0,27.0
2020-12-07 04:25:00,2.77,0.0,0.0,3.27,0.0,0.5,78.0,166.20000000000002,0.0,0.0,196.20000000000002,0.0,30.0
2020-12-07 04:26:00,2.78,0.0,0.0,3.3,0.0,0.52,78.0,166.79999999999998,0.0,0.0,198.0,0.0,31.200000000000003
2020-12-07 04:27:00,2.78,0.0,0.0,3.28,0.0,0.5,78.0,166.79999999999998,0.0,0.0,196.79999999999998,0.0,30.0
2020-12-07 04:28:00,2.8,0.0,0.0,3.28,0.0,0.48,78.0,168.0,0.0,0.0,196.79999999999998,0.0,28.8
2020-12-07 04:29:00,2.8,0.0,0.0,3.3,0.0,0.5,78.0,168.0,0.0,0.0,198.0,0.0,30.0
2020-12-07 04:30:00,2.77,0.0,0.0,3.32,0.0,0.55,78.0,166.20000000000002,0.0,0.0,199.2,0.0,33.0
2020-12-07 04:31:00,2.8,0.0,0.0,3.3,0.0,0.5,78.0,168.0,0.0,0.0,198.0,0.0,30.0
2020-12-07 04:32:00,2.82,0.0,0.0,3.3,0.0,0.48,78.0,169.2,0.0,0.0,198.0,0.0,28.8
2020-12-07 04:33:00,2.85,0.0,0.0,3.3,0.0,0.45,77.0,171.0,0.0,0.0,198.0,0.0,27.0
2020-12-07 04:34:00,2.78,0.0,0.0,3.3,0.0,0.52,77.0,166.79999999999998,0.0,0.0,198.0,0.0,31.200000000000003
2020-12-07 04:35:00,2.8,0.0,0.0,3.32,0.0,0.52,77.0,168.0,0.0,0.0,199.2,0.0,31.200000000000003
2020-12-07 04:36:00,2.78,0.0,0.0,3.3,0.0,0.52,77.0,166.79999999999998,0.0,0.0,198.0,0.0,31.200000000000003
2020-12-07 04:37:00,2.83,0.0,0.0,3.3,0.0,0.47,77.0,169.8,0.0,0.0,198.0,0.0,28.2
2020-12-07 04:38:00,2.8,0.0,0.0,3.3,0.0,0.5,77.0,168.0,0.0,0.0,198.0,0.0,30.0
2020-12-07 04:39:00,2.78,0.0,0.0,3.27,0.0,0.49,77.0,166.79999999999998,0.0,0.0,196.20000000000002,0.0,29.4
2020-12-07 04:40:00,2.77,0.0,0.0,3.25,0.0,0.48,77.0,166.20000000000002,0.0,0.0,195.0,0.0,28.8
2020-12-07 04:41:00,2.77,0.0,0.0,3.25,0.0,0.48,77.0,166.20000000000002,0.0,0.0,195.0,0.0,28.8
2020-12-07 04:42:00,2.72,0.0,0.0,3.25,0.0,0.53,77.0,163.20000000000002,0.0,0.0,195.0,0.0,31.8
2020-12-07 04:43:00,2.75,0.0,0.0,3.27,0.0,0.52,77.0,165.0,0.0,0.0,196.20000000000002,0.0,31.200000000000003
2020-12-07 04:44:00,2.77,0.0,0.0,3.25,0.0,0.48,77.0,166.20000000000002,0.0,0.0,195.0,0.0,28.8
2020-12-07 04:45:00,2.73,0.0,0.0,3.23,0.0,0.5,77.0,163.8,0.0,0.0,193.8,0.0,30.0
2020-12-07 04:46:00,2.73,0.0,0.0,3.23,0.0,0.5,77.0,163.8,0.0,0.0,193.8,0.0,30.0
2020-12-07 04:47:00,2.73,0.0,0.0,3.25,0.0,0.52,77.0,163.8,0.0,0.0,195.0,0.0,31.200000000000003
2020-12-07 04:48:00,2.75,0.0,0.0,3.25,0.0,0.5,77.0,165.0,0.0,0.0,195.0,0.0,30.0
2020-12-07 04:49:00,2.72,0.0,0.0,3.25,0.0,0.53,77.0,163.20000000000002,0.0,0.0,195.0,0.0,31.8
2020-12-07 04:50:00,2.75,0.0,0.0,3.23,0.0,0.48,77.0,165.0,0.0,0.0,193.8,0.0,28.8
2020-12-07 04:51:00,2.77,0.0,0.0,3.23,0.0,0.46,77.0,166.20000000000002,0.0,0.0,193.8,0.0,27.6
2020-12-07 04:52:00,2.72,0.0,0.0,3.22,0.0,0.5,77.0,163.20000000000002,0.0,0.0,193.20000000000002,0.0,30.0
2020-12-07 04:53:00,2.77,0.0,0.0,3.22,0.0,0.45,77.0,166.20000000000002,0.0,0.0,193.20000000000002,0.0,27.0
2020-12-07 04:54:00,2.75,0.0,0.0,3.22,0.0,0.47,77.0,165.0,0.0,0.0,193.20000000000002,0.0,28.2
2020-12-07 04:55:00,2.73,0.0,0.0,3.22,0.0,0.49,77.0,163.8,0.0,0.0,193.20000000000002,0.0,29.4
2020-12-07 04:56:00,2.7,0.0,0.0,3.22,0.0,0.52,77.0,162.0,0.0,0.0,193.20000000000002,0.0,31.200000000000003
2020-12-07 04:57:00,2.72,0.0,0.0,3.22,0.0,0.5,76.0,163.20000000000002,0.0,0.0,193.20000000000002,0.0,30.0
2020-12-07 04:58:00,2.72,0.0,0.0,3.22,0.0,0.5,76.0,163.20000000000002,0.0,0.0,193.20000000000002,0.0,30.0
2020-12-07 04:59:00,2.72,0.0,0.0,3.23,0.0,0.51,76.0,163.20000000000002,0.0,0.0,193.8,0.0,30.6
2020-12-07 05:00:00,2.72,0.0,0.0,3.23,0.0,0.51,76.0,163.20000000000002,0.0,0.0,193.8,0.0,30.6
2020-12-07 05:01:00,2.73,0.0,0.0,3.23,0.0,0.5,76.0,163.8,0.0,0.0,193.8,0.0,30.0
2020-12-07 05:02:00,2.73,0.0,0.0,3.22,0.0,0.49,76.0,163.8,0.0,0.0,193.20000000000002,0.0,29.4
2020-12-07 05:03:00,2.68,0.0,0.0,3.2,0.0,0.52,76.0,160.8,0.0,0.0,192.0,0.0,31.200000000000003
2020-12-07 05:04:00,2.68,0.0,0.0,3.2,0.0,0.52,76.0,160.8,0.0,0.0,192.0,0.0,31.200000000000003
2020-12-07 05:05:00,2.7,0.0,0.0,3.22,0.0,0.52,76.0,162.0,0.0,0.0,193.20000000000002,0.0,31.200000000000003
2020-12-07 05:06:00,2.7,0.0,0.0,3.2,0.0,0.5,76.0,162.0,0.0,0.0,192.0,0.0,30.0
2020-12-07 05:07:00,2.68,0.0,0.0,3.2,0.0,0.52,76.0,160.8,0.0,0.0,192.0,0.0,31.200000000000003
2020-12-07 05:08:00,2.72,0.0,0.0,3.2,0.0,0.48,76.0,163.20000000000002,0.0,0.0,192.0,0.0,28.8
2020-12-07 05:09:00,2.7,0.0,0.0,3.2,0.0,0.5,76.0,162.0,0.0,0.0,192.0,0.0,30.0
2020-12-07 05:10:00,2.72,0.0,0.0,3.2,0.0,0.48,76.0,163.20000000000002,0.0,0.0,192.0,0.0,28.8
2020-12-07 05:11:00,2.7,0.0,0.0,3.18,0.0,0.48,76.0,162.0,0.0,0.0,190.8,0.0,28.8
2020-12-07 05:12:00,2.73,0.0,0.0,3.22,0.0,0.49,76.0,163.8,0.0,0.0,193.20000000000002,0.0,29.4
2020-12-07 05:13:00,2.7,0.0,0.0,3.2,0.0,0.5,76.0,162.0,0.0,0.0,192.0,0.0,30.0
2020-12-07 05:14:00,2.72,0.0,0.0,3.23,0.0,0.51,76.0,163.20000000000002,0.0,0.0,193.8,0.0,30.6
2020-12-07 05:15:00,2.77,0.0,0.0,3.23,0.0,0.46,76.0,166.20000000000002,0.0,0.0,193.8,0.0,27.6
2020-12-07 05:16:00,2.73,0.0,0.0,3.22,0.0,0.49,76.0,163.8,0.0,0.0,193.20000000000002,0.0,29.4
2020-12-07 05:17:00,2.73,0.0,0.0,3.22,0.0,0.49,76.0,163.8,0.0,0.0,193.20000000000002,0.0,29.4
2020-12-07 05:18:00,2.75,0.0,0.0,3.25,0.0,0.5,76.0,165.0,0.0,0.0,195.0,0.0,30.0
2020-12-07 05:19:00,2.72,0.0,0.0,3.22,0.0,0.5,76.0,163.20000000000002,0.0,0.0,193.20000000000002,0.0,30.0
2020-12-07 05:20:00,2.75,0.0,0.0,3.22,0.0,0.47,76.0,165.0,0.0,0.0,193.20000000000002,0.0,28.2
2020-12-07 05:21:00,2.73,0.0,0.0,3.22,0.0,0.49,75.0,163.8,0.0,0.0,193.20000000000002,0.0,29.4
2020-12-07 05:22:00,2.77,0.0,0.0,3.25,0.0,0.48,75.0,166.20000000000002,0.0,0.0,195.0,0.0,28.8
2020-12-07 05:23:00,2.72,0.0,0.0,3.23,0.0,0.51,75.0,163.20000000000002,0.0,0.0,193.8,0.0,30.6
2020-12-07 05:24:00,2.72,0.0,0.0,3.23,0.0,0.51,75.0,163.20000000000002,0.0,0.0,193.8,0.0,30.6
2020-12-07 05:25:00,2.75,0.0,0.0,3.25,0.0,0.5,75.0,165.0,0.0,0.0,195.0,0.0,30.0
2020-12-07 05:26:00,2.7,0.0,0.0,3.23,0.0,0.53,75.0,162.0,0.0,0.0,193.8,0.0,31.8
2020-12-07 05:27:00,2.73,0.0,0.0,3.23,0.0,0.5,75.0,163.8,0.0,0.0,193.8,0.0,30.0
2020-12-07 05:28:00,2.77,0.0,0.0,3.27,0.0,0.5,75.0,166.20000000000002,0.0,0.0,196.20000000000002,0.0,30.0
2020-12-07 05:29:00,2.77,0.0,0.0,3.27,0.0,0.5,75.0,166.20000000000002,0.0,0.0,196.20000000000002,0.0,30.0
2020-12-07 05:30:00,2.77,0.0,0.0,3.28,0.0,0.51,75.0,166.20000000000002,0.0,0.0,196.79999999999998,0.0,30.6
2020-12-07 05:31:00,2.82,0.0,0.0,3.27,0.0,0.45,75.0,169.2,0.0,0.0,196.20000000000002,0.0,27.0
2020-12-07 05:32:00,2.75,0.0,0.0,3.25,0.0,0.5,75.0,165.0,0.0,0.0,195.0,0.0,30.0
2020-12-07 05:33:00,2.73,0.0,0.0,3.27,0.0,0.54,75.0,163.8,0.0,0.0,196.20000000000002,0.0,32.400000000000006
2020-12-07 05:34:00,2.77,0.0,0.0,3.27,0.0,0.5,75.0,166.20000000000002,0.0,0.0,196.20000000000002,0.0,30.0
2020-12-07 05:35:00,2.77,0.0,0.0,3.27,0.0,0.5,75.0,166.20000000000002,0.0,0.0,196.20000000000002,0.0,30.0
2020-12-07 05:36:00,2.77,0.0,0.0,3.27,0.0,0.5,75.0,166.20000000000002,0.0,0.0,196.20000000000002,0.0,30.0
2020-12-07 05:37:00,2.83,0.0,0.0,3.3,0.0,0.47,75.0,169.8,0.0,0.0,198.0,0.0,28.2
2020-12-07 05:38:00,2.83,0.0,0.0,3.28,0.0,0.45,75.0,169.8,0.0,0.0,196.79999999999998,0.0,27.0
2020-12-07 05:39:00,2.78,0.0,0.0,3.27,0.0,0.49,75.0,166.79999999999998,0.0,0.0,196.20000000000002,0.0,29.4
2020-12-07 05:40:00,2.75,0.0,0.0,3.27,0.0,0.52,75.0,165.0,0.0,0.0,196.20000000000002,0.0,31.200000000000003
2020-12-07 05:41:00,2.78,0.0,0.0,3.27,0.0,0.49,75.0,166.79999999999998,0.0,0.0,196.20000000000002,0.0,29.4
2020-12-07 05:42:00,2.85,0.0,0.0,3.27,0.0,0.42,75.0,171.0,0.0,0.0,196.20000000000002,0.0,25.2
2020-12-07 05:43:00,2.75,0.0,0.0,3.25,0.0,0.5,75.0,165.0,0.0,0.0,195.0,0.0,30.0
2020-12-07 05:44:00,2.75,0.0,0.0,3.23,0.0,0.48,75.0,165.0,0.0,0.0,193.8,0.0,28.8
2020-12-07 05:45:00,2.75,0.0,0.0,3.27,0.0,0.52,74.0,165.0,0.0,0.0,196.20000000000002,0.0,31.200000000000003
2020-12-07 05:46:00,2.77,0.0,0.0,3.25,0.0,0.48,74.0,166.20000000000002,0.0,0.0,195.0,0.0,28.8
2020-12-07 05:47:00,2.77,0.0,0.0,3.27,0.0,0.5,74.0,166.20000000000002,0.0,0.0,196.20000000000002,0.0,30.0
2020-12-07 05:48:00,2.75,0.0,0.0,3.25,0.0,0.5,74.0,165.0,0.0,0.0,195.0,0.0,30.0
2020-12-07 05:49:00,2.75,0.0,0.0,3.27,0.0,0.52,74.0,165.0,0.0,0.0,196.20000000000002,0.0,31.200000000000003
2020-12-07 05:50:00,2.8,0.0,0.0,3.27,0.0,0.47,74.0,168.0,0.0,0.0,196.20000000000002,0.0,28.2
2020-12-07 05:51:00,2.75,0.0,0.0,3.27,0.0,0.52,74.0,165.0,0.0,0.0,196.20000000000002,0.0,31.200000000000003
2020-12-07 05:52:00,2.73,0.0,0.0,3.23,0.0,0.5,74.0,163.8,0.0,0.0,193.8,0.0,30.0
2020-12-07 05:53:00,2.73,0.0,0.0,3.23,0.0,0.5,74.0,163.8,0.0,0.0,193.8,0.0,30.0
2020-12-07 05:54:00,2.77,0.0,0.0,3.25,0.0,0.48,74.0,166.20000000000002,0.0,0.0,195.0,0.0,28.8
2020-12-07 05:55:00,2.75,0.0,0.0,3.23,0.0,0.48,74.0,165.0,0.0,0.0,193.8,0.0,28.8
2020-12-07 05:56:00,2.73,0.0,0.0,3.23,0.0,0.5,74.0,163.8,0.0,0.0,193.8,0.0,30.0
2020-12-07 05:57:00,2.73,0.0,0.0,3.25,0.0,0.52,74.0,163.8,0.0,0.0,195.0,0.0,31.200000000000003
2020-12-07 05:58:00,2.73,0.0,0.0,3.23,0.0,0.5,74.0,163.8,0.0,0.0,193.8,0.0,30.0
2020-12-07 05:59:00,2.75,0.0,0.0,3.25,0.0,0.5,74.0,165.0,0.0,0.0,195.0,0.0,30.0
2020-12-07 06:00:00,2.78,0.0,0.0,3.28,0.0,0.5,74.0,166.79999999999998,0.0,0.0,196.79999999999998,0.0,30.0
2020-12-07 06:01:00,2.88,0.0,0.0,3.37,0.0,0.49,74.0,172.79999999999998,0.0,0.0,202.20000000000002,0.0,29.4
2020-12-07 06:02:00,2.85,0.0,0.0,3.37,0.0,0.52,74.0,171.0,0.0,0.0,202.20000000000002,0.0,31.200000000000003
2020-12-07 06:03:00,2.87,0.0,0.0,3.37,0.0,0.5,74.0,172.20000000000002,0.0,0.0,202.20000000000002,0.0,30.0
2020-12-07 06:04:00,2.93,0.0,0.0,3.35,0.0,0.42,74.0,175.8,0.0,0.0,201.0,0.0,25.2
2020-12-07 06:05:00,2.9,0.0,0.0,3.33,0.0,0.43,74.0,174.0,0.0,0.0,199.8,0.0,25.8
2020-12-07 06:06:00,2.88,0.0,0.0,3.37,0.0,0.49,74.0,172.79999999999998,0.0,0.0,202.20000000000002,0.0,29.4
2020-12-07 06:07:00,2.92,0.0,0.0,3.35,0.0,0.43,74.0,175.2,0.0,0.0,201.0,0.0,25.8
2020-12-07 06:08:00,2.88,0.0,0.0,3.37,0.0,0.49,74.0,172.79999999999998,0.0,0.0,202.20000000000002,0.0,29.4
2020-12-07 06:09:00,2.87,0.0,0.0,3.35,0.0,0.48,73.0,172.20000000000002,0.0,0.0,201.0,0.0,28.8
2020-12-07 06:10:00,2.88,0.0,0.0,3.35,0.0,0.47,73.0,172.79999999999998,0.0,0.0,201.0,0.0,28.2
2020-12-07 06:11:00,2.87,0.0,0.0,3.35,0.0,0.48,73.0,172.20000000000002,0.0,0.0,201.0,0.0,28.8
2020-12-07 06:12:00,2.88,0.0,0.0,3.35,0.0,0.47,73.0,172.79999999999998,0.0,0.0,201.0,0.0,28.2
2020-12-07 06:13:00,2.88,0.0,0.0,3.32,0.0,0.44,73.0,172.79999999999998,0.0,0.0,199.2,0.0,26.400000000000002
2020-12-07 06:14:00,2.82,0.0,0.0,3.3,0.0,0.48,73.0,169.2,0.0,0.0,198.0,0.0,28.8
2020-12-07 06:15:00,2.85,0.0,0.0,3.33,0.0,0.48,73.0,171.0,0.0,0.0,199.8,0.0,28.8
2020-12-07 06:16:00,2.87,0.0,0.0,3.32,0.0,0.45,73.0,172.20000000000002,0.0,0.0,199.2,0.0,27.0
2020-12-07 06:17:00,2.87,0.0,0.0,3.33,0.0,0.46,73.0,172.20000000000002,0.0,0.0,199.8,0.0,27.6
2020-12-07 06:18:00,2.82,0.0,0.0,3.32,0.0,0.5,73.0,169.2,0.0,0.0,199.2,0.0,30.0
2020-12-07 06:19:00,2.83,0.0,0.0,3.25,0.0,0.42,73.0,169.8,0.0,0.0,195.0,0.0,25.2
2020-12-07 06:20:00,1.43,0.0,0.0,1.9,0.0,0.47,73.0,85.8,0.0,0.0,114.0,0.0,28.2
2020-12-07 06:21:00,1.35,0.0,0.0,1.88,0.0,0.53,73.0,81.0,0.0,0.0,112.8,0.0,31.8
2020-12-07 06:22:00,1.42,0.0,0.0,1.92,0.0,0.5,73.0,85.2,0.0,0.0,115.2,0.0,30.0
2020-12-07 06:23:00,1.48,0.0,0.0,1.9,0.0,0.42,73.0,88.8,0.0,0.0,114.0,0.0,25.2
2020-12-07 06:24:00,1.43,0.0,0.0,1.9,0.0,0.47,73.0,85.8,0.0,0.0,114.0,0.0,28.2
2020-12-07 06:25:00,1.42,0.0,0.0,1.93,0.0,0.51,73.0,85.2,0.0,0.0,115.8,0.0,30.6
2020-12-07 06:26:00,1.43,0.0,0.0,1.9,0.0,0.47,73.0,85.8,0.0,0.0,114.0,0.0,28.2
2020-12-07 06:27:00,1.43,0.0,0.0,1.92,0.0,0.49,73.0,85.8,0.0,0.0,115.2,0.0,29.4
2020-12-07 06:28:00,1.4,0.0,0.0,1.9,0.0,0.5,73.0,84.0,0.0,0.0,114.0,0.0,30.0
2020-12-07 06:29:00,1.45,0.0,0.0,1.92,0.0,0.47,73.0,87.0,0.0,0.0,115.2,0.0,28.2
2020-12-07 06:30:00,1.43,0.0,0.0,1.92,0.0,0.49,73.0,85.8,0.0,0.0,115.2,0.0,29.4
2020-12-07 06:31:00,1.47,0.0,0.0,1.92,0.0,0.45,73.0,88.2,0.0,0.0,115.2,0.0,27.0
2020-12-07 06:32:00,1.43,0.0,0.0,1.93,0.0,0.5,73.0,85.8,0.0,0.0,115.8,0.0,30.0
2020-12-07 06:33:00,1.5,0.0,0.0,1.95,0.0,0.45,73.0,90.0,0.0,0.0,117.0,0.0,27.0
2020-12-07 06:34:00,1.45,0.0,0.0,1.93,0.0,0.48,73.0,87.0,0.0,0.0,115.8,0.0,28.8
2020-12-07 06:35:00,1.5,0.0,0.0,1.97,0.0,0.47,73.0,90.0,0.0,0.0,118.2,0.0,28.2
2020-12-07 06:36:00,1.48,0.0,0.0,1.95,0.0,0.47,73.0,88.8,0.0,0.0,117.0,0.0,28.2
2020-12-07 06:37:00,1.48,0.0,0.0,1.95,0.0,0.47,73.0,88.8,0.0,0.0,117.0,0.0,28.2
2020-12-07 06:38:00,1.45,0.0,0.0,1.93,0.0,0.48,73.0,87.0,0.0,0.0,115.8,0.0,28.8
2020-12-07 06:39:00,1.45,0.0,0.0,1.95,0.0,0.5,73.0,87.0,0.0,0.0,117.0,0.0,30.0
2020-12-07 06:40:00,1.53,0.0,0.0,1.93,0.0,0.4,73.0,91.8,0.0,0.0,115.8,0.0,24.0
2020-12-07 06:41:00,1.42,0.0,0.0,1.93,0.0,0.51,72.0,85.2,0.0,0.0,115.8,0.0,30.6
2020-12-07 06:42:00,1.38,0.0,0.0,1.88,0.0,0.5,72.0,82.8,0.0,0.0,112.8,0.0,30.0
2020-12-07 06:43:00,1.38,0.0,0.0,1.88,0.0,0.5,72.0,82.8,0.0,0.0,112.8,0.0,30.0
2020-12-07 06:44:00,1.38,0.0,0.0,1.88,0.0,0.5,72.0,82.8,0.0,0.0,112.8,0.0,30.0
2020-12-07 06:45:00,1.48,0.0,0.0,1.88,0.0,0.4,72.0,88.8,0.0,0.0,112.8,0.0,24.0
2020-12-07 06:46:00,1.43,0.0,0.0,1.9,0.0,0.47,72.0,85.8,0.0,0.0,114.0,0.0,28.2
2020-12-07 06:47:00,1.42,0.0,0.0,1.87,0.0,0.45,72.0,85.2,0.0,0.0,112.2,0.0,27.0
2020-12-07 06:48:00,1.42,0.0,0.0,1.9,0.0,0.48,72.0,85.2,0.0,0.0,114.0,0.0,28.8
2020-12-07 06:49:00,1.42,0.0,0.0,1.92,0.0,0.5,72.0,85.2,0.0,0.0,115.2,0.0,30.0
2020-12-07 06:50:00,1.35,0.0,0.0,1.87,0.0,0.52,72.0,81.0,0.0,0.0,112.2,0.0,31.200000000000003
2020-12-07 06:51:00,1.37,0.0,0.0,1.88,0.0,0.51,72.0,82.2,0.0,0.0,112.8,0.0,30.6
2020-12-07 06:52:00,1.4,0.0,0.0,1.9,0.0,0.5,72.0,84.0,0.0,0.0,114.0,0.0,30.0
2020-12-07 06:53:00,1.4,0.0,0.0,1.92,0.0,0.52,72.0,84.0,0.0,0.0,115.2,0.0,31.200000000000003
2020-12-07 06:54:00,1.42,0.0,0.0,1.95,0.0,0.53,72.0,85.2,0.0,0.0,117.0,0.0,31.8
2020-12-07 06:55:00,1.4,0.0,0.07,1.95,0.0,0.48,72.0,84.0,0.0,4.2,117.0,0.0,28.8
2020-12-07 06:56:00,1.2,0.0,0.25,1.93,0.0,0.48,72.0,72.0,0.0,15.0,115.8,0.0,28.8
2020-12-07 06:57:00,1.13,0.0,0.32,1.95,0.0,0.5,72.0,67.8,0.0,19.2,117.0,0.0,30.0
2020-12-07 06:58:00,1.08,0.0,0.38,1.93,0.0,0.47,72.0,64.80000000000001,0.0,22.8,115.8,0.0,28.2
2020-12-07 06:59:00,1.05,0.0,0.4,1.92,0.0,0.47,72.0,63.0,0.0,24.0,115.2,0.0,28.2
2020-12-07 07:00:00,1.1,0.0,0.35,1.95,0.0,0.5,72.0,66.0,0.0,21.0,117.0,0.0,30.0
2020-12-07 07:01:00,1.1,0.0,0.33,1.9,0.0,0.47,72.0,66.0,0.0,19.8,114.0,0.0,28.2
2020-12-07 07:02:00,1.17,0.0,0.25,1.9,0.0,0.48,72.0,70.2,0.0,15.0,114.0,0.0,28.8
2020-12-07 07:03:00,1.13,0.0,0.28,1.9,0.0,0.49,72.0,67.8,0.0,16.8,114.0,0.0,29.4
2020-12-07 07:04:00,1.07,0.0,0.33,1.9,0.0,0.5,72.0,64.2,0.0,19.8,114.0,0.0,30.0
2020-12-07 07:05:00,1.18,0.0,0.48,1.97,0.0,0.31,72.0,70.8,0.0,28.8,118.2,0.0,18.6
2020-12-07 07:06:00,0.83,0.0,0.6,1.9,0.0,0.47,72.0,49.8,0.0,36.0,114.0,0.0,28.2
2020-12-07 07:07:00,0.8,0.0,0.62,1.92,0.0,0.5,72.0,48.0,0.0,37.2,115.2,0.0,30.0
2020-12-07 07:08:00,0.78,0.0,0.63,1.9,0.0,0.49,72.0,46.800000000000004,0.0,37.800000000000004,114.0,0.0,29.4
2020-12-07 07:09:00,0.8,0.0,0.62,1.88,0.0,0.46,72.0,48.0,0.0,37.2,112.8,0.0,27.6
2020-12-07 07:10:00,0.88,0.0,0.55,1.87,0.0,0.44,72.0,52.800000000000004,0.0,33.0,112.2,0.0,26.400000000000002
2020-12-07 07:11:00,0.92,0.0,0.52,1.88,0.0,0.44,72.0,55.2,0.0,31.200000000000003,112.8,0.0,26.400000000000002
2020-12-07 07:12:00,0.93,0.0,0.42,1.9,0.0,0.55,72.0,55.800000000000004,0.0,25.2,114.0,0.0,33.0
2020-12-07 07:13:00,1.1,0.0,0.28,1.87,0.0,0.49,72.0,66.0,0.0,16.8,112.2,0.0,29.4
2020-12-07 07:14:00,1.3,0.0,0.1,1.88,0.0,0.48,72.0,78.0,0.0,6.0,112.8,0.0,28.8
2020-12-07 07:15:00,1.55,0.0,0.05,1.92,0.0,0.32,72.0,93.0,0.0,3.0,115.2,0.0,19.2
2020-12-07 07:16:00,1.37,0.0,0.0,1.87,0.0,0.5,72.0,82.2,0.0,0.0,112.2,0.0,30.0
2020-12-07 07:17:00,1.38,0.0,0.0,1.88,0.0,0.5,72.0,82.8,0.0,0.0,112.8,0.0,30.0
2020-12-07 07:18:00,1.38,0.0,0.0,1.87,0.0,0.49,72.0,82.8,0.0,0.0,112.2,0.0,29.4
2020-12-07 07:19:00,1.38,0.0,0.0,1.88,0.0,0.5,72.0,82.8,0.0,0.0,112.8,0.0,30.0
2020-12-07 07:20:00,1.43,0.0,0.0,1.88,0.0,0.45,72.0,85.8,0.0,0.0,112.8,0.0,27.0
2020-12-07 07:21:00,1.3,0.0,0.03,1.88,0.0,0.55,72.0,78.0,0.0,1.8,112.8,0.0,33.0
2020-12-07 07:22:00,1.2,0.0,0.2,1.88,0.0,0.48,72.0,72.0,0.0,12.0,112.8,0.0,28.8
2020-12-07 07:23:00,1.13,0.0,0.28,1.88,0.0,0.47,72.0,67.8,0.0,16.8,112.8,0.0,28.2
2020-12-07 07:24:00,1.03,0.0,0.35,1.87,0.0,0.49,72.0,61.800000000000004,0.0,21.0,112.2,0.0,29.4
2020-12-07 07:25:00,0.87,0.0,0.43,1.85,0.0,0.55,72.0,52.2,0.0,25.8,111.0,0.0,33.0
2020-12-07 07:26:00,0.88,0.0,0.52,1.88,0.0,0.48,72.0,52.800000000000004,0.0,31.200000000000003,112.8,0.0,28.8
2020-12-07 07:27:00,0.83,0.0,0.52,1.87,0.0,0.52,72.0,49.8,0.0,31.200000000000003,112.2,0.0,31.200000000000003
2020-12-07 07:28:00,0.9,0.0,0.48,1.88,0.0,0.5,72.0,54.0,0.0,28.8,112.8,0.0,30.0
2020-12-07 07:29:00,0.78,0.0,0.58,1.88,0.0,0.52,72.0,46.800000000000004,0.0,34.8,112.8,0.0,31.200000000000003
2020-12-07 07:30:00,1.05,0.0,0.6,1.9,0.0,0.25,72.0,63.0,0.0,36.0,114.0,0.0,15.0
2020-12-07 07:31:00,0.75,0.0,0.62,1.87,0.0,0.5,72.0,45.0,0.0,37.2,112.2,0.0,30.0
2020-12-07 07:32:00,0.75,0.0,0.62,1.88,0.0,0.51,72.0,45.0,0.0,37.2,112.8,0.0,30.6
2020-12-07 07:33:00,0.75,0.0,0.63,1.87,0.0,0.49,72.0,45.0,0.0,37.800000000000004,112.2,0.0,29.4
2020-12-07 07:34:00,0.77,0.0,0.65,1.9,0.0,0.48,72.0,46.2,0.0,39.0,114.0,0.0,28.8
2020-12-07 07:35:00,0.77,0.0,0.78,1.88,0.0,0.33,72.0,46.2,0.0,46.800000000000004,112.8,0.0,19.8
2020-12-07 07:36:00,0.35,0.0,0.98,1.87,0.0,0.54,72.0,21.0,0.0,58.8,112.2,0.0,32.400000000000006
2020-12-07 07:37:00,0.18,0.0,1.18,1.87,0.0,0.51,72.0,10.799999999999999,0.0,70.8,112.2,0.0,30.6
2020-12-07 07:38:00,0.15,0.0,1.18,1.9,0.0,0.57,72.0,9.0,0.0,70.8,114.0,0.0,34.199999999999996
2020-12-07 07:39:00,0.17,0.0,1.23,1.9,0.0,0.5,72.0,10.200000000000001,0.0,73.8,114.0,0.0,30.0
2020-12-07 07:40:00,0.22,0.0,1.13,1.92,0.0,0.57,72.0,13.200000000000001,0.0,67.8,115.2,0.0,34.199999999999996
2020-12-07 07:41:00,0.22,0.0,1.2,1.87,0.0,0.45,72.0,13.200000000000001,0.0,72.0,112.2,0.0,27.0
2020-12-07 07:42:00,0.27,0.0,1.17,1.92,0.0,0.48,72.0,16.200000000000003,0.0,70.2,115.2,0.0,28.8
2020-12-07 07:43:00,0.13,0.0,1.28,1.9,0.0,0.49,72.0,7.800000000000001,0.0,76.8,114.0,0.0,29.4
2020-12-07 07:44:00,0.12,0.0,1.25,1.88,0.0,0.51,72.0,7.2,0.0,75.0,112.8,0.0,30.6
2020-12-07 07:45:00,0.15,0.0,1.22,1.92,0.0,0.55,72.0,9.0,0.0,73.2,115.2,0.0,33.0
2020-12-07 07:46:00,0.12,0.0,1.23,1.83,0.0,0.48,72.0,7.2,0.0,73.8,109.80000000000001,0.0,28.8
2020-12-07 07:47:00,0.0,0.07,1.47,1.88,0.0,0.48,72.0,0.0,4.2,88.2,112.8,0.0,28.8
2020-12-07 07:48:00,0.0,0.2,1.57,1.87,0.0,0.5,72.0,0.0,12.0,94.2,112.2,0.0,30.0
2020-12-07 07:49:00,0.0,0.27,1.63,1.85,0.0,0.49,72.0,0.0,16.200000000000003,97.8,111.0,0.0,29.4
2020-12-07 07:50:00,0.0,0.2,1.57,1.87,0.0,0.5,72.0,0.0,12.0,94.2,112.2,0.0,30.0
2020-12-07 07:51:00,0.0,0.12,1.48,1.85,0.0,0.49,72.0,0.0,7.2,88.8,111.0,0.0,29.4
2020-12-07 07:52:00,0.0,0.18,1.53,1.85,0.0,0.5,72.0,0.0,10.799999999999999,91.8,111.0,0.0,30.0
2020-12-07 07:53:00,0.0,0.27,1.63,1.83,0.0,0.47,72.0,0.0,16.200000000000003,97.8,109.80000000000001,0.0,28.2
2020-12-07 07:54:00,0.0,0.28,1.63,1.82,0.0,0.47,72.0,0.0,16.8,97.8,109.2,0.0,28.2
2020-12-07 07:55:00,0.0,0.15,1.57,1.85,0.0,0.43,72.0,0.0,9.0,94.2,111.0,0.0,25.8
2020-12-07 07:56:00,0.0,0.27,1.6,1.85,0.0,0.52,72.0,0.0,16.200000000000003,96.0,111.0,0.0,31.200000000000003
2020-12-07 07:57:00,0.0,0.4,1.75,1.85,0.0,0.5,72.0,0.0,24.0,105.0,111.0,0.0,30.0
2020-12-07 07:58:00,0.0,0.57,1.9,1.85,0.0,0.52,72.0,0.0,34.199999999999996,114.0,111.0,0.0,31.200000000000003
2020-12-07 07:59:00,0.0,0.63,1.98,1.85,0.0,0.5,72.0,0.0,37.800000000000004,118.8,111.0,0.0,30.0
2020-12-07 08:00:00,0.0,0.7,1.92,1.78,0.0,0.56,72.0,0.0,42.0,115.2,106.8,0.0,33.6
2020-12-07 08:01:00,0.0,0.6,1.97,1.88,0.0,0.51,72.0,0.0,36.0,118.2,112.8,0.0,30.6
2020-12-07 08:02:00,0.0,0.65,2.0,1.87,0.0,0.52,72.0,0.0,39.0,120.0,112.2,0.0,31.200000000000003
2020-12-07 08:03:00,0.0,0.53,1.9,1.87,0.0,0.5,72.0,0.0,31.8,114.0,112.2,0.0,30.0
2020-12-07 08:04:00,0.0,0.32,1.7,1.87,0.0,0.49,72.0,0.0,19.2,102.0,112.2,0.0,29.4
2020-12-07 08:05:00,0.0,0.12,1.48,1.85,0.0,0.49,72.0,0.0,7.2,88.8,111.0,0.0,29.4
2020-12-07 08:06:00,0.0,0.08,1.45,1.85,0.0,0.48,72.0,0.0,4.8,87.0,111.0,0.0,28.8
2020-12-07 08:07:00,0.0,0.2,1.57,1.88,0.0,0.51,72.0,0.0,12.0,94.2,112.8,0.0,30.6
2020-12-07 08:08:00,0.0,0.43,1.78,1.85,0.0,0.5,72.0,0.0,25.8,106.8,111.0,0.0,30.0
2020-12-07 08:09:00,0.0,0.68,2.0,1.83,0.0,0.51,72.0,0.0,40.800000000000004,120.0,109.80000000000001,0.0,30.6
2020-12-07 08:10:00,0.0,0.8,2.15,1.87,0.0,0.52,72.0,0.0,48.0,129.0,112.2,0.0,31.200000000000003
2020-12-07 08:11:00,0.0,1.2,2.58,1.85,0.0,0.47,72.0,0.0,72.0,154.8,111.0,0.0,28.2
2020-12-07 08:12:00,0.0,1.87,3.17,1.85,0.0,0.55,72.0,0.0,112.2,190.2,111.0,0.0,33.0
2020-12-07 08:13:00,0.0,2.42,3.77,1.85,0.0,0.5,72.0,0.0,145.2,226.20000000000002,111.0,0.0,30.0
2020-12-07 08:14:00,0.0,2.35,3.72,1.85,0.0,0.48,72.0,0.0,141.0,223.20000000000002,111.0,0.0,28.8
2020-12-07 08:15:00,0.0,1.92,3.25,1.83,0.0,0.5,72.0,0.0,115.2,195.0,109.80000000000001,0.0,30.0
2020-12-07 08:16:00,0.0,1.62,3.0,1.82,0.0,0.44,72.0,0.0,97.2,180.0,109.2,0.0,26.400000000000002
2020-12-07 08:17:00,0.0,1.65,3.0,1.83,0.0,0.48,72.0,0.0,99.0,180.0,109.80000000000001,0.0,28.8
2020-12-07 08:18:00,0.0,2.05,3.37,1.82,0.0,0.5,72.0,0.0,122.99999999999999,202.20000000000002,109.2,0.0,30.0
2020-12-07 08:19:00,0.0,2.57,3.87,1.8,0.0,0.5,72.0,0.0,154.2,232.20000000000002,108.0,0.0,30.0
2020-12-07 08:20:00,0.0,2.78,3.83,1.75,0.0,0.7,72.0,0.0,166.79999999999998,229.8,105.0,0.0,42.0
2020-12-07 08:21:00,0.0,2.57,3.92,1.85,0.0,0.5,72.0,0.0,154.2,235.2,111.0,0.0,30.0
2020-12-07 08:22:00,0.0,2.42,3.75,1.87,0.0,0.54,72.0,0.0,145.2,225.0,112.2,0.0,32.400000000000006
2020-12-07 08:23:00,0.0,2.02,3.38,1.87,0.0,0.51,72.0,0.0,121.2,202.79999999999998,112.2,0.0,30.6
2020-12-07 08:24:00,0.0,1.8,3.17,1.85,0.0,0.48,72.0,0.0,108.0,190.2,111.0,0.0,28.8
2020-12-07 08:25:00,0.0,1.27,2.68,1.9,0.0,0.49,72.0,0.0,76.2,160.8,114.0,0.0,29.4
2020-12-07 08:26:00,0.0,0.98,2.33,1.88,0.0,0.53,72.0,0.0,58.8,139.8,112.8,0.0,31.8
2020-12-07 08:27:00,0.0,0.73,2.15,1.9,0.0,0.48,72.0,0.0,43.8,129.0,114.0,0.0,28.8
2020-12-07 08:28:00,0.0,0.35,1.78,1.92,0.0,0.49,72.0,0.0,21.0,106.8,115.2,0.0,29.4
2020-12-07 08:29:00,0.03,0.0,1.37,1.88,0.0,0.48,72.0,1.8,0.0,82.2,112.8,0.0,28.8
2020-12-07 08:30:00,0.28,0.0,1.13,1.9,0.0,0.49,72.0,16.8,0.0,67.8,114.0,0.0,29.4
2020-12-07 08:31:00,0.28,0.0,1.13,1.9,0.0,0.49,72.0,16.8,0.0,67.8,114.0,0.0,29.4
2020-12-07 08:32:00,0.25,0.0,1.13,1.82,0.0,0.44,72.0,15.0,0.0,67.8,109.2,0.0,26.400000000000002
2020-12-07 08:33:00,0.12,0.0,1.23,1.87,0.0,0.52,72.0,7.2,0.0,73.8,112.2,0.0,31.200000000000003
2020-12-07 08:34:00,0.42,0.0,1.05,1.88,0.0,0.41,72.0,25.2,0.0,63.0,112.8,0.0,24.599999999999998
2020-12-07 08:35:00,0.32,0.0,1.03,1.87,0.0,0.52,72.0,19.2,0.0,61.800000000000004,112.2,0.0,31.200000000000003
2020-12-07 08:36:00,0.15,0.0,1.18,1.88,0.0,0.55,72.0,9.0,0.0,70.8,112.8,0.0,33.0
2020-12-07 08:37:00,0.0,0.28,1.67,1.88,0.0,0.49,72.0,0.0,16.8,100.2,112.8,0.0,29.4
2020-12-07 08:38:00,0.0,1.22,2.57,1.87,0.0,0.52,72.0,0.0,73.2,154.2,112.2,0.0,31.200000000000003
2020-12-07 08:39:00,0.0,2.23,3.55,1.78,0.0,0.46,72.0,0.0,133.8,213.0,106.8,0.0,27.6
2020-12-07 08:40:00,0.0,2.63,4.05,1.88,0.0,0.46,72.0,0.0,157.79999999999998,243.0,112.8,0.0,27.6
2020-12-07 08:41:00,0.0,2.82,4.15,1.85,0.0,0.52,72.0,0.0,169.2,249.00000000000003,111.0,0.0,31.200000000000003
2020-12-07 08:42:00,0.0,2.83,4.18,1.85,0.0,0.5,72.0,0.0,169.8,250.79999999999998,111.0,0.0,30.0
2020-12-07 08:43:00,0.0,3.03,4.4,1.83,0.0,0.46,72.0,0.0,181.79999999999998,264.0,109.80000000000001,0.0,27.6
2020-12-07 08:44:00,0.0,3.37,4.7,1.85,0.0,0.52,72.0,0.0,202.20000000000002,282.0,111.0,0.0,31.200000000000003
2020-12-07 08:45:00,0.0,3.23,4.6,1.85,0.0,0.48,72.0,0.0,193.8,276.0,111.0,0.0,28.8
2020-12-07 08:46:00,0.0,2.8,4.15,1.87,0.0,0.52,72.0,0.0,168.0,249.00000000000003,112.2,0.0,31.200000000000003
2020-12-07 08:47:00,0.0,2.28,3.7,1.92,0.0,0.5,72.0,0.0,136.79999999999998,222.0,115.2,0.0,30.0
2020-12-07 08:48:00,0.0,1.85,3.27,1.9,0.0,0.48,72.0,0.0,111.0,196.20000000000002,114.0,0.0,28.8
2020-12-07 08:49:00,0.0,1.52,2.92,1.85,0.0,0.45,72.0,0.0,91.2,175.2,111.0,0.0,27.0
2020-12-07 08:50:00,0.0,1.45,2.82,1.88,0.0,0.51,72.0,0.0,87.0,169.2,112.8,0.0,30.6
2020-12-07 08:51:00,0.0,1.37,2.73,1.88,0.0,0.52,72.0,0.0,82.2,163.8,112.8,0.0,31.200000000000003
2020-12-07 08:52:00,0.0,1.32,2.68,1.88,0.0,0.52,72.0,0.0,79.2,160.8,112.8,0.0,31.200000000000003
2020-12-07 08:53:00,0.0,1.3,2.67,1.87,0.0,0.5,72.0,0.0,78.0,160.2,112.2,0.0,30.0
2020-12-07 08:54:00,0.0,1.32,2.7,1.9,0.0,0.52,72.0,0.0,79.2,162.0,114.0,0.0,31.200000000000003
2020-12-07 08:55:00,0.0,1.35,2.73,1.9,0.0,0.52,72.0,0.0,81.0,163.8,114.0,0.0,31.200000000000003
2020-12-07 08:56:00,0.0,1.42,2.78,1.9,0.0,0.54,72.0,0.0,85.2,166.79999999999998,114.0,0.0,32.400000000000006
2020-12-07 08:57:00,0.0,1.4,2.82,1.88,0.0,0.46,72.0,0.0,84.0,169.2,112.8,0.0,27.6
2020-12-07 08:58:00,0.0,1.43,2.82,1.88,0.0,0.49,72.0,0.0,85.8,169.2,112.8,0.0,29.4
2020-12-07 08:59:00,0.0,1.4,2.77,1.93,0.0,0.56,72.0,0.0,84.0,166.20000000000002,115.8,0.0,33.6
2020-12-07 09:00:00,0.0,1.37,2.75,1.88,0.0,0.5,72.0,0.0,82.2,165.0,112.8,0.0,30.0
2020-12-07 09:01:00,0.0,1.43,2.82,1.88,0.0,0.49,72.0,0.0,85.8,169.2,112.8,0.0,29.4
2020-12-07 09:02:00,0.0,1.62,2.98,1.88,0.0,0.52,72.0,0.0,97.2,178.8,112.8,0.0,31.200000000000003
2020-12-07 09:03:00,0.0,1.73,3.12,1.88,0.0,0.49,72.0,0.0,103.8,187.20000000000002,112.8,0.0,29.4
2020-12-07 09:04:00,0.0,1.92,3.3,1.88,0.0,0.5,72.0,0.0,115.2,198.0,112.8,0.0,30.0
2020-12-07 09:05:00,0.0,2.13,3.52,1.88,0.0,0.49,72.0,0.0,127.8,211.20000000000002,112.8,0.0,29.4
2020-12-07 09:06:00,0.0,2.4,3.72,1.87,0.0,0.55,72.0,0.0,144.0,223.20000000000002,112.2,0.0,33.0
2020-12-07 09:07:00,0.0,2.5,3.85,1.88,0.0,0.53,72.0,0.0,150.0,231.0,112.8,0.0,31.8
2020-12-07 09:08:00,0.0,2.5,3.85,1.88,0.0,0.53,72.0,0.0,150.0,231.0,112.8,0.0,31.8
2020-12-07 09:09:00,0.0,2.18,3.75,1.95,0.0,0.38,72.0,0.0,130.8,225.0,117.0,0.0,22.8
2020-12-07 09:10:00,0.0,2.28,3.67,1.87,0.0,0.48,72.0,0.0,136.79999999999998,220.2,112.2,0.0,28.8
2020-12-07 09:11:00,0.0,2.27,3.65,1.87,0.0,0.49,72.0,0.0,136.20000000000002,219.0,112.2,0.0,29.4
2020-12-07 09:12:00,0.0,2.57,3.95,1.87,0.0,0.49,72.0,0.0,154.2,237.0,112.2,0.0,29.4
2020-12-07 09:13:00,0.0,3.33,4.68,1.87,0.0,0.52,72.0,0.0,199.8,280.8,112.2,0.0,31.200000000000003
2020-12-07 09:14:00,0.0,4.38,5.72,1.87,0.0,0.53,72.0,0.0,262.8,343.2,112.2,0.0,31.8
2020-12-07 09:15:00,0.0,4.8,6.25,1.87,0.0,0.42,72.0,0.0,288.0,375.0,112.2,0.0,25.2
2020-12-07 09:16:00,0.0,4.68,6.1,1.88,0.0,0.46,72.0,0.0,280.8,366.0,112.8,0.0,27.6
2020-12-07 09:17:00,0.0,4.43,5.82,1.87,0.0,0.48,72.0,0.0,265.8,349.20000000000005,112.2,0.0,28.8
2020-12-07 09:18:00,0.0,4.47,5.85,1.88,0.0,0.5,72.0,0.0,268.2,351.0,112.8,0.0,30.0
2020-12-07 09:19:00,0.0,4.42,5.88,1.9,0.0,0.44,72.0,0.0,265.2,352.8,114.0,0.0,26.400000000000002
2020-12-07 09:20:00,0.0,4.48,5.87,1.9,0.0,0.51,72.0,0.0,268.8,352.2,114.0,0.0,30.6
2020-12-07 09:21:00,0.0,4.43,5.82,1.88,0.0,0.49,72.0,0.0,265.8,349.20000000000005,112.8,0.0,29.4
2020-12-07 09:22:00,0.0,4.25,5.63,1.88,0.0,0.5,72.0,0.0,255.0,337.8,112.8,0.0,30.0
2020-12-07 09:23:00,0.0,4.07,5.48,1.87,0.0,0.46,72.0,0.0,244.20000000000002,328.8,112.2,0.0,27.6
2020-12-07 09:24:00,0.0,4.12,5.55,1.88,0.0,0.45,72.0,0.0,247.20000000000002,333.0,112.8,0.0,27.0
2020-12-07 09:25:00,0.0,4.45,5.85,1.88,0.0,0.48,72.0,0.0,267.0,351.0,112.8,0.0,28.8
2020-12-07 09:26:00,0.0,4.9,6.28,1.9,0.0,0.52,72.0,0.0,294.0,376.8,114.0,0.0,31.200000000000003
2020-12-07 09:27:00,0.0,5.02,6.42,1.88,0.0,0.48,72.0,0.0,301.2,385.2,112.8,0.0,28.8
2020-12-07 09:28:00,0.0,5.13,6.53,1.9,0.0,0.5,72.0,0.0,307.8,391.8,114.0,0.0,30.0
2020-12-07 09:29:00,0.0,5.27,6.77,1.92,0.0,0.42,72.0,0.0,316.2,406.2,115.2,0.0,25.2
2020-12-07 09:30:00,0.0,6.18,7.53,1.9,0.0,0.55,72.0,0.0,370.8,451.8,114.0,0.0,33.0
2020-12-07 09:31:00,0.0,6.87,8.28,1.9,0.0,0.49,72.0,0.0,412.2,496.79999999999995,114.0,0.0,29.4
2020-12-07 09:32:00,0.0,5.92,8.33,3.08,0.0,0.67,72.0,0.0,355.2,499.8,184.8,0.0,40.2
2020-12-07 09:33:00,0.0,4.0,7.53,3.95,0.0,0.42,73.0,0.0,240.0,451.8,237.0,0.0,25.2
2020-12-07 09:34:00,0.0,3.35,6.6,3.67,0.0,0.42,73.0,0.0,201.0,396.0,220.2,0.0,25.2
2020-12-07 09:35:00,0.0,3.17,6.37,3.67,0.0,0.47,73.0,0.0,190.2,382.2,220.2,0.0,28.2
2020-12-07 09:36:00,0.0,3.12,6.28,3.67,0.0,0.51,73.0,0.0,187.20000000000002,376.8,220.2,0.0,30.6
2020-12-07 09:37:00,0.0,3.15,6.32,3.67,0.0,0.5,73.0,0.0,189.0,379.20000000000005,220.2,0.0,30.0
2020-12-07 09:38:00,0.0,3.2,6.33,3.63,0.0,0.5,73.0,0.0,192.0,379.8,217.79999999999998,0.0,30.0
2020-12-07 09:39:00,0.0,3.23,6.3,3.6,0.0,0.53,73.0,0.0,193.8,378.0,216.0,0.0,31.8
2020-12-07 09:40:00,0.0,2.82,5.97,3.63,0.0,0.48,73.0,0.0,169.2,358.2,217.79999999999998,0.0,28.8
2020-12-07 09:41:00,0.0,2.53,5.6,3.57,0.0,0.5,73.0,0.0,151.79999999999998,336.0,214.2,0.0,30.0
2020-12-07 09:42:00,0.0,2.1,5.2,3.6,0.0,0.5,73.0,0.0,126.0,312.0,216.0,0.0,30.0
2020-12-07 09:43:00,0.0,1.95,5.05,3.6,0.0,0.5,73.0,0.0,117.0,303.0,216.0,0.0,30.0
2020-12-07 09:44:00,0.0,1.57,4.68,3.62,0.0,0.51,73.0,0.0,94.2,280.8,217.20000000000002,0.0,30.6
2020-12-07 09:45:00,0.0,1.25,4.35,3.6,0.0,0.5,73.0,0.0,75.0,261.0,216.0,0.0,30.0
2020-12-07 09:46:00,0.0,1.33,4.43,3.58,0.0,0.48,73.0,0.0,79.80000000000001,265.8,214.8,0.0,28.8
2020-12-07 09:47:00,0.0,1.73,4.82,3.6,0.0,0.51,73.0,0.0,103.8,289.20000000000005,216.0,0.0,30.6
2020-12-07 09:48:00,0.0,1.75,4.83,3.58,0.0,0.5,73.0,0.0,105.0,289.8,214.8,0.0,30.0
2020-12-07 09:49:00,0.0,1.4,4.47,3.55,0.0,0.48,73.0,0.0,84.0,268.2,213.0,0.0,28.8
2020-12-07 09:50:00,0.0,1.33,4.43,3.6,0.0,0.5,73.0,0.0,79.80000000000001,265.8,216.0,0.0,30.0
2020-12-07 09:51:00,0.0,1.48,4.62,3.63,0.0,0.49,73.0,0.0,88.8,277.2,217.79999999999998,0.0,29.4
2020-12-07 09:52:00,0.0,1.88,5.02,3.63,0.0,0.49,73.0,0.0,112.8,301.2,217.79999999999998,0.0,29.4
2020-12-07 09:53:00,0.0,2.4,5.55,3.67,0.0,0.52,73.0,0.0,144.0,333.0,220.2,0.0,31.200000000000003
2020-12-07 09:54:00,0.0,2.73,5.88,3.65,0.0,0.5,73.0,0.0,163.8,352.8,219.0,0.0,30.0
2020-12-07 09:55:00,0.0,2.9,6.02,3.62,0.0,0.5,73.0,0.0,174.0,361.2,217.20000000000002,0.0,30.0
2020-12-07 09:56:00,0.0,2.93,6.05,3.63,0.0,0.51,73.0,0.0,175.8,363.0,217.79999999999998,0.0,30.6
2020-12-07 09:57:00,0.0,2.9,6.03,3.62,0.0,0.49,73.0,0.0,174.0,361.8,217.20000000000002,0.0,29.4
2020-12-07 09:58:00,0.0,2.9,5.98,3.6,0.0,0.52,73.0,0.0,174.0,358.8,216.0,0.0,31.200000000000003
2020-12-07 09:59:00,0.0,2.87,5.93,3.63,0.0,0.57,73.0,0.0,172.20000000000002,355.8,217.79999999999998,0.0,34.199999999999996
2020-12-07 10:00:00,0.0,3.1,6.22,3.62,0.0,0.5,73.0,0.0,186.0,373.2,217.20000000000002,0.0,30.0
2020-12-07 10:01:00,0.0,3.37,6.47,3.6,0.0,0.5,73.0,0.0,202.20000000000002,388.2,216.0,0.0,30.0
2020-12-07 10:02:00,0.0,3.55,6.65,3.62,0.0,0.52,73.0,0.0,213.0,399.0,217.20000000000002,0.0,31.200000000000003
2020-12-07 10:03:00,0.0,4.3,7.43,3.62,0.0,0.49,73.0,0.0,258.0,445.8,217.20000000000002,0.0,29.4
2020-12-07 10:04:00,0.0,4.23,7.35,3.6,0.0,0.48,73.0,0.0,253.80000000000004,441.0,216.0,0.0,28.8
2020-12-07 10:05:00,0.0,3.77,6.9,3.6,0.0,0.47,73.0,0.0,226.20000000000002,414.0,216.0,0.0,28.2
2020-12-07 10:06:00,0.0,3.47,6.62,3.6,0.0,0.45,73.0,0.0,208.20000000000002,397.2,216.0,0.0,27.0
2020-12-07 10:07:00,0.0,2.97,6.1,3.6,0.0,0.47,73.0,0.0,178.20000000000002,366.0,216.0,0.0,28.2
2020-12-07 10:08:00,0.0,3.18,6.25,3.58,0.0,0.51,73.0,0.0,190.8,375.0,214.8,0.0,30.6
2020-12-07 10:09:00,0.0,2.82,6.33,3.67,0.0,0.16,73.0,0.0,169.2,379.8,220.2,0.0,9.6
2020-12-07 10:10:00,0.0,3.53,6.75,3.58,0.0,0.36,73.0,0.0,211.79999999999998,405.0,214.8,0.0,21.599999999999998
2020-12-07 10:11:00,0.0,3.33,6.4,3.55,0.0,0.48,74.0,0.0,199.8,384.0,213.0,0.0,28.8
2020-12-07 10:12:00,0.0,2.85,5.9,3.53,0.0,0.48,74.0,0.0,171.0,354.0,211.79999999999998,0.0,28.8
2020-12-07 10:13:00,0.0,3.17,6.23,3.53,0.0,0.47,74.0,0.0,190.2,373.8,211.79999999999998,0.0,28.2
2020-12-07 10:14:00,0.0,3.75,6.77,3.55,0.0,0.53,74.0,0.0,225.0,406.2,213.0,0.0,31.8
2020-12-07 10:15:00,0.0,5.15,8.23,3.55,0.0,0.47,74.0,0.0,309.0,493.8,213.0,0.0,28.2
2020-12-07 10:16:00,0.0,5.12,8.2,3.57,0.0,0.49,74.0,0.0,307.2,491.99999999999994,214.2,0.0,29.4
2020-12-07 10:17:00,0.0,5.95,9.02,3.57,0.0,0.5,74.0,0.0,357.0,541.1999999999999,214.2,0.0,30.0
2020-12-07 10:18:00,0.0,7.6,10.72,3.57,0.0,0.45,74.0,0.0,456.0,643.2,214.2,0.0,27.0
2020-12-07 10:19:00,0.0,7.83,10.47,3.52,0.0,0.88,74.0,0.0,469.8,628.2,211.20000000000002,0.0,52.800000000000004
2020-12-07 10:20:00,0.0,7.65,10.73,3.58,0.0,0.5,74.0,0.0,459.0,643.8000000000001,214.8,0.0,30.0
2020-12-07 10:21:00,0.0,8.53,11.7,3.57,0.0,0.4,74.0,0.0,511.79999999999995,702.0,214.2,0.0,24.0
2020-12-07 10:22:00,0.0,7.08,10.12,3.55,0.0,0.51,74.0,0.0,424.8,607.1999999999999,213.0,0.0,30.6
2020-12-07 10:23:00,0.0,6.23,9.27,3.53,0.0,0.49,74.0,0.0,373.8,556.1999999999999,211.79999999999998,0.0,29.4
2020-12-07 10:24:00,0.0,5.43,8.48,3.57,0.0,0.52,74.0,0.0,325.8,508.8,214.2,0.0,31.200000000000003
2020-12-07 10:25:00,0.0,5.22,8.23,3.53,0.0,0.52,74.0,0.0,313.2,493.8,211.79999999999998,0.0,31.200000000000003
2020-12-07 10:26:00,0.0,5.3,8.32,3.52,0.0,0.5,74.0,0.0,318.0,499.20000000000005,211.20000000000002,0.0,30.0
2020-12-07 10:27:00,0.0,5.1,8.12,3.52,0.0,0.5,74.0,0.0,306.0,487.19999999999993,211.20000000000002,0.0,30.0
2020-12-07 10:28:00,0.0,4.87,7.88,3.5,0.0,0.49,74.0,0.0,292.2,472.8,210.0,0.0,29.4
2020-12-07 10:29:00,0.0,4.83,7.9,3.48,0.0,0.41,75.0,0.0,289.8,474.0,208.8,0.0,24.599999999999998
2020-12-07 10:30:00,0.0,5.4,8.38,3.48,0.0,0.5,75.0,0.0,324.0,502.80000000000007,208.8,0.0,30.0
2020-12-07 10:31:00,0.0,6.0,9.02,3.53,0.0,0.51,75.0,0.0,360.0,541.1999999999999,211.79999999999998,0.0,30.6
2020-12-07 10:32:00,0.0,5.32,8.33,3.52,0.0,0.51,75.0,0.0,319.20000000000005,499.8,211.20000000000002,0.0,30.6
2020-12-07 10:33:00,0.0,5.53,8.57,3.52,0.0,0.48,75.0,0.0,331.8,514.2,211.20000000000002,0.0,28.8
2020-12-07 10:34:00,0.0,5.58,8.6,3.53,0.0,0.51,75.0,0.0,334.8,516.0,211.79999999999998,0.0,30.6
2020-12-07 10:35:00,0.0,5.65,8.65,3.52,0.0,0.52,75.0,0.0,339.0,519.0,211.20000000000002,0.0,31.200000000000003
2020-12-07 10:36:00,0.0,6.1,9.12,3.53,0.0,0.51,75.0,0.0,366.0,547.1999999999999,211.79999999999998,0.0,30.6
2020-12-07 10:37:00,0.0,7.23,10.28,3.53,0.0,0.48,75.0,0.0,433.8,616.8,211.79999999999998,0.0,28.8
2020-12-07 10:38:00,0.0,9.17,12.18,3.53,0.0,0.52,75.0,0.0,550.2,730.8,211.79999999999998,0.0,31.200000000000003
2020-12-07 10:39:00,0.0,9.63,12.9,3.48,0.0,0.21,75.0,0.0,577.8000000000001,774.0,208.8,0.0,12.6
2020-12-07 10:40:00,0.0,7.12,10.13,3.52,0.0,0.51,75.0,0.0,427.2,607.8000000000001,211.20000000000002,0.0,30.6
2020-12-07 10:41:00,0.0,6.0,9.02,3.52,0.0,0.5,75.0,0.0,360.0,541.1999999999999,211.20000000000002,0.0,30.0
2020-12-07 10:42:00,0.0,5.17,8.18,3.5,0.0,0.49,75.0,0.0,310.2,490.8,210.0,0.0,29.4
2020-12-07 10:43:00,0.0,5.17,8.2,3.52,0.0,0.49,75.0,0.0,310.2,491.99999999999994,211.20000000000002,0.0,29.4
2020-12-07 10:44:00,0.0,5.4,8.45,3.53,0.0,0.48,75.0,0.0,324.0,506.99999999999994,211.79999999999998,0.0,28.8
2020-12-07 10:45:00,0.0,8.18,11.28,3.52,0.0,0.42,76.0,0.0,490.8,676.8,211.20000000000002,0.0,25.2
2020-12-07 10:46:00,0.0,8.9,11.93,3.52,0.0,0.49,76.0,0.0,534.0,715.8,211.20000000000002,0.0,29.4
2020-12-07 10:47:00,0.0,9.22,12.25,3.5,0.0,0.47,76.0,0.0,553.2,735.0,210.0,0.0,28.2
2020-12-07 10:48:00,0.0,9.4,12.42,3.5,0.0,0.48,76.0,0.0,564.0,745.2,210.0,0.0,28.8
2020-12-07 10:49:00,0.0,9.53,12.13,3.38,0.0,0.78,76.0,0.0,571.8,727.8000000000001,202.79999999999998,0.0,46.800000000000004
2020-12-07 10:50:00,0.0,10.17,13.15,3.43,0.0,0.45,76.0,0.0,610.2,789.0,205.8,0.0,27.0
2020-12-07 10:51:00,0.0,9.25,12.25,3.42,0.0,0.42,76.0,0.0,555.0,735.0,205.2,0.0,25.2
2020-12-07 10:52:00,0.0,6.62,9.58,3.43,0.0,0.47,76.0,0.0,397.2,574.8000000000001,205.8,0.0,28.2
2020-12-07 10:53:00,0.0,4.98,7.97,3.43,0.0,0.44,76.0,0.0,298.8,478.2,205.8,0.0,26.400000000000002
2020-12-07 10:54:00,0.0,4.52,7.48,3.43,0.0,0.47,76.0,0.0,271.2,448.8,205.8,0.0,28.2
2020-12-07 10:55:00,0.0,4.88,7.83,3.42,0.0,0.47,76.0,0.0,292.8,469.8,205.2,0.0,28.2
2020-12-07 10:56:00,0.0,4.8,7.75,3.45,0.0,0.5,76.0,0.0,288.0,465.0,207.0,0.0,30.0
2020-12-07 10:57:00,0.0,4.68,7.62,3.45,0.0,0.51,76.0,0.0,280.8,457.2,207.0,0.0,30.6
2020-12-07 10:58:00,0.0,4.72,7.63,3.42,0.0,0.51,76.0,0.0,283.2,457.8,205.2,0.0,30.6
2020-12-07 10:59:00,0.0,4.23,7.2,3.47,0.0,0.5,77.0,0.0,253.80000000000004,432.0,208.20000000000002,0.0,30.0
2020-12-07 11:00:00,0.0,4.4,7.3,3.4,0.0,0.5,77.0,0.0,264.0,438.0,204.0,0.0,30.0
2020-12-07 11:01:00,0.0,4.98,7.88,3.42,0.0,0.52,77.0,0.0,298.8,472.8,205.2,0.0,31.200000000000003
2020-12-07 11:02:00,0.0,9.82,12.83,3.4,0.0,0.39,77.0,0.0,589.2,769.8000000000001,204.0,0.0,23.400000000000002
2020-12-07 11:03:00,0.0,11.7,14.63,3.42,0.0,0.49,77.0,0.0,702.0,877.8000000000001,205.2,0.0,29.4
2020-12-07 11:04:00,0.0,14.2,17.25,3.43,0.0,0.38,77.0,0.0,852.0,1035.0,205.8,0.0,22.8
2020-12-07 11:05:00,0.0,15.38,18.4,3.42,0.0,0.4,77.0,0.0,922.8000000000001,1104.0,205.2,0.0,24.0
2020-12-07 11:06:00,0.0,11.98,14.95,3.38,0.0,0.41,77.0,0.0,718.8000000000001,897.0,202.79999999999998,0.0,24.599999999999998
2020-12-07 11:07:00,0.0,10.7,13.63,3.4,0.0,0.47,77.0,0.0,642.0,817.8000000000001,204.0,0.0,28.2
2020-12-07 11:08:00,0.0,9.75,12.63,3.38,0.0,0.5,77.0,0.0,585.0,757.8000000000001,202.79999999999998,0.0,30.0
2020-12-07 11:09:00,0.0,9.52,12.38,3.43,0.0,0.57,78.0,0.0,571.1999999999999,742.8000000000001,205.8,0.0,34.199999999999996
2020-12-07 11:10:00,0.0,9.85,12.7,3.37,0.0,0.52,78.0,0.0,591.0,762.0,202.20000000000002,0.0,31.200000000000003
2020-12-07 11:11:00,0.0,9.62,12.48,3.38,0.0,0.52,78.0,0.0,577.1999999999999,748.8000000000001,202.79999999999998,0.0,31.200000000000003
2020-12-07 11:12:00,0.0,8.92,11.82,3.35,0.0,0.45,78.0,0.0,535.2,709.2,201.0,0.0,27.0
2020-12-07 11:13:00,0.0,8.28,11.17,3.37,0.0,0.48,78.0,0.0,496.79999999999995,670.2,202.20000000000002,0.0,28.8
2020-12-07 11:14:00,0.0,7.72,10.57,3.35,0.0,0.5,78.0,0.0,463.2,634.2,201.0,0.0,30.0
2020-12-07 11:15:00,0.0,7.4,10.23,3.35,0.0,0.52,78.0,0.0,444.0,613.8000000000001,201.0,0.0,31.200000000000003
2020-12-07 11:16:00,0.0,7.18,10.07,3.37,0.0,0.48,78.0,0.0,430.8,604.2,202.20000000000002,0.0,28.8
2020-12-07 11:17:00,0.0,6.75,9.65,3.38,0.0,0.48,78.0,0.0,405.0,579.0,202.79999999999998,0.0,28.8
2020-12-07 11:18:00,0.0,5.48,8.37,3.37,0.0,0.48,78.0,0.0,328.8,502.19999999999993,202.20000000000002,0.0,28.8
2020-12-07 11:19:00,0.0,4.62,7.57,3.4,0.0,0.45,78.0,0.0,277.2,454.20000000000005,204.0,0.0,27.0
2020-12-07 11:20:00,0.0,4.82,7.67,3.35,0.0,0.5,78.0,0.0,289.20000000000005,460.2,201.0,0.0,30.0
2020-12-07 11:21:00,0.0,5.5,8.33,3.35,0.0,0.52,78.0,0.0,330.0,499.8,201.0,0.0,31.200000000000003
2020-12-07 11:22:00,0.0,6.5,9.35,3.35,0.0,0.5,78.0,0.0,390.0,561.0,201.0,0.0,30.0
2020-12-07 11:23:00,0.0,7.5,10.33,3.35,0.0,0.52,80.0,0.0,450.0,619.8000000000001,201.0,0.0,31.200000000000003
2020-12-07 11:24:00,0.0,7.77,10.67,3.37,0.0,0.47,80.0,0.0,466.2,640.2,202.20000000000002,0.0,28.2
2020-12-07 11:25:00,0.0,7.32,10.2,3.38,0.0,0.5,80.0,0.0,439.20000000000005,612.0,202.79999999999998,0.0,30.0
2020-12-07 11:26:00,0.0,6.8,9.72,3.38,0.0,0.46,80.0,0.0,408.0,583.2,202.79999999999998,0.0,27.6
2020-12-07 11:27:00,0.0,6.88,9.77,3.37,0.0,0.48,80.0,0.0,412.8,586.1999999999999,202.20000000000002,0.0,28.8
2020-12-07 11:28:00,0.0,7.18,10.07,3.37,0.0,0.48,80.0,0.0,430.8,604.2,202.20000000000002,0.0,28.8
2020-12-07 11:29:00,0.0,7.0,9.97,3.42,0.0,0.45,80.0,0.0,420.0,598.2,205.2,0.0,27.0
2020-12-07 11:30:00,0.0,7.47,10.37,3.37,0.0,0.47,80.0,0.0,448.2,622.1999999999999,202.20000000000002,0.0,28.2
2020-12-07 11:31:00,0.0,9.15,12.0,3.35,0.0,0.5,80.0,0.0,549.0,720.0,201.0,0.0,30.0
2020-12-07 11:32:00,0.0,11.05,13.95,3.38,0.0,0.48,80.0,0.0,663.0,837.0,202.79999999999998,0.0,28.8
2020-12-07 11:33:00,0.0,9.8,12.68,3.33,0.0,0.45,80.0,0.0,588.0,760.8,199.8,0.0,27.0
2020-12-07 11:34:00,0.0,8.27,11.15,3.37,0.0,0.49,80.0,0.0,496.2,669.0,202.20000000000002,0.0,29.4
2020-12-07 11:35:00,0.0,7.52,10.4,3.38,0.0,0.5,81.0,0.0,451.2,624.0,202.79999999999998,0.0,30.0
2020-12-07 11:36:00,0.0,8.77,11.62,3.38,0.0,0.53,81.0,0.0,526.1999999999999,697.1999999999999,202.79999999999998,0.0,31.8
2020-12-07 11:37:00,0.0,11.6,14.45,3.4,0.0,0.55,81.0,0.0,696.0,867.0,204.0,0.0,33.0
2020-12-07 11:38:00,0.0,12.2,15.15,3.42,0.0,0.47,81.0,0.0,732.0,909.0,205.2,0.0,28.2
2020-12-07 11:39:00,0.0,10.68,13.07,3.17,0.0,0.78,81.0,0.0,640.8,784.2,190.2,0.0,46.800000000000004
2020-12-07 11:40:00,0.0,8.75,11.72,3.42,0.0,0.45,81.0,0.0,525.0,703.2,205.2,0.0,27.0
2020-12-07 11:41:00,0.0,7.9,10.83,3.43,0.0,0.5,81.0,0.0,474.0,649.8000000000001,205.8,0.0,30.0
2020-12-07 11:42:00,0.0,7.77,10.63,3.4,0.0,0.54,81.0,0.0,466.2,637.8000000000001,204.0,0.0,32.400000000000006
2020-12-07 11:43:00,0.0,9.93,12.77,3.4,0.0,0.56,81.0,0.0,595.8,766.1999999999999,204.0,0.0,33.6
2020-12-07 11:44:00,0.0,10.88,13.78,3.4,0.0,0.5,81.0,0.0,652.8000000000001,826.8,204.0,0.0,30.0
2020-12-07 11:45:00,0.0,12.8,15.72,3.4,0.0,0.48,82.0,0.0,768.0,943.2,204.0,0.0,28.8
2020-12-07 11:46:00,0.0,13.58,16.48,3.4,0.0,0.5,82.0,0.0,814.8000000000001,988.8000000000001,204.0,0.0,30.0
2020-12-07 11:47:00,0.0,14.02,16.98,3.42,0.0,0.46,82.0,0.0,841.1999999999999,1018.8000000000001,205.2,0.0,27.6
2020-12-07 11:48:00,0.0,15.03,18.07,3.42,0.0,0.38,82.0,0.0,901.8,1084.2,205.2,0.0,22.8
2020-12-07 11:49:00,0.0,11.33,14.43,3.5,0.0,0.4,82.0,0.0,679.8000000000001,865.8,210.0,0.0,24.0
2020-12-07 11:50:00,0.0,9.98,12.98,3.4,0.0,0.4,82.0,0.0,598.8000000000001,778.8000000000001,204.0,0.0,24.0
2020-12-07 11:51:00,0.0,9.88,12.93,3.43,0.0,0.38,82.0,0.0,592.8000000000001,775.8,205.8,0.0,22.8
2020-12-07 11:52:00,0.0,11.05,13.95,3.42,0.0,0.52,82.0,0.0,663.0,837.0,205.2,0.0,31.200000000000003
2020-12-07 11:53:00,0.0,12.97,15.88,3.42,0.0,0.51,83.0,0.0,778.2,952.8000000000001,205.2,0.0,30.6
2020-12-07 11:54:00,0.0,11.75,14.63,3.38,0.0,0.5,83.0,0.0,705.0,877.8000000000001,202.79999999999998,0.0,30.0
2020-12-07 11:55:00,0.0,12.1,15.07,3.4,0.0,0.43,83.0,0.0,726.0,904.2,204.0,0.0,25.8
2020-12-07 11:56:00,0.0,13.25,16.13,3.37,0.0,0.49,83.0,0.0,795.0,967.8,202.20000000000002,0.0,29.4
2020-12-07 11:57:00,0.0,18.27,21.25,3.35,0.0,0.37,83.0,0.0,1096.2,1275.0,201.0,0.0,22.2
2020-12-07 11:58:00,0.0,13.0,15.93,3.35,0.0,0.42,83.0,0.0,780.0,955.8,201.0,0.0,25.2
2020-12-07 11:59:00,0.0,10.37,13.85,3.52,0.0,0.04,83.0,0.0,622.1999999999999,831.0,211.20000000000002,0.0,2.4
2020-12-07 12:00:00,0.0,10.87,13.77,3.4,0.0,0.5,83.0,0.0,652.1999999999999,826.1999999999999,204.0,0.0,30.0
2020-12-07 12:01:00,0.0,10.02,12.88,3.38,0.0,0.52,84.0,0.0,601.1999999999999,772.8000000000001,202.79999999999998,0.0,31.200000000000003
2020-12-07 12:02:00,0.0,8.82,11.73,3.38,0.0,0.47,84.0,0.0,529.2,703.8000000000001,202.79999999999998,0.0,28.2
2020-12-07 12:03:00,0.0,7.78,10.67,3.37,0.0,0.48,84.0,0.0,466.8,640.2,202.20000000000002,0.0,28.8
2020-12-07 12:04:00,0.0,6.98,9.9,3.38,0.0,0.46,84.0,0.0,418.8,594.0,202.79999999999998,0.0,27.6
2020-12-07 12:05:00,0.0,5.98,8.95,3.38,0.0,0.41,84.0,0.0,358.8,537.0,202.79999999999998,0.0,24.599999999999998
2020-12-07 12:06:00,0.0,4.85,7.73,3.37,0.0,0.49,84.0,0.0,291.0,463.8,202.20000000000002,0.0,29.4
2020-12-07 12:07:00,0.0,3.82,6.67,3.35,0.0,0.5,84.0,0.0,229.2,400.2,201.0,0.0,30.0
2020-12-07 12:08:00,0.0,2.93,5.8,3.33,0.0,0.46,84.0,0.0,175.8,348.0,199.8,0.0,27.6
2020-12-07 12:09:00,0.0,2.28,5.1,3.32,0.0,0.5,84.0,0.0,136.79999999999998,306.0,199.2,0.0,30.0
2020-12-07 12:10:00,0.0,1.88,4.73,3.37,0.0,0.52,84.0,0.0,112.8,283.8,202.20000000000002,0.0,31.200000000000003
2020-12-07 12:11:00,0.0,2.15,5.05,3.38,0.0,0.48,84.0,0.0,129.0,303.0,202.79999999999998,0.0,28.8
2020-12-07 12:12:00,0.0,2.95,5.85,3.37,0.0,0.47,84.0,0.0,177.0,351.0,202.20000000000002,0.0,28.2
2020-12-07 12:13:00,0.0,3.88,6.73,3.37,0.0,0.52,84.0,0.0,232.79999999999998,403.8,202.20000000000002,0.0,31.200000000000003
2020-12-07 12:14:00,0.0,4.87,7.72,3.35,0.0,0.5,84.0,0.0,292.2,463.2,201.0,0.0,30.0
2020-12-07 12:15:00,0.0,5.65,8.5,3.35,0.0,0.5,84.0,0.0,339.0,510.0,201.0,0.0,30.0
2020-12-07 12:16:00,0.0,6.48,9.35,3.35,0.0,0.48,84.0,0.0,388.8,561.0,201.0,0.0,28.8
2020-12-07 12:17:00,0.0,7.28,10.18,3.37,0.0,0.47,84.0,0.0,436.8,610.8,202.20000000000002,0.0,28.2
2020-12-07 12:18:00,0.0,8.02,10.9,3.35,0.0,0.47,84.0,0.0,481.2,654.0,201.0,0.0,28.2
2020-12-07 12:19:00,0.0,8.52,11.13,3.33,0.0,0.72,85.0,0.0,511.2,667.8000000000001,199.8,0.0,43.199999999999996
2020-12-07 12:20:00,0.0,8.47,11.38,3.35,0.0,0.44,85.0,0.0,508.20000000000005,682.8000000000001,201.0,0.0,26.400000000000002
2020-12-07 12:21:00,0.0,8.95,11.82,3.35,0.0,0.48,85.0,0.0,537.0,709.2,201.0,0.0,28.8
2020-12-07 12:22:00,0.0,9.97,12.75,3.33,0.0,0.55,85.0,0.0,598.2,765.0,199.8,0.0,33.0
2020-12-07 12:23:00,0.0,11.13,13.95,3.37,0.0,0.55,85.0,0.0,667.8000000000001,837.0,202.20000000000002,0.0,33.0
2020-12-07 12:24:00,0.0,14.4,17.23,3.37,0.0,0.54,85.0,0.0,864.0,1033.8,202.20000000000002,0.0,32.400000000000006
2020-12-07 12:25:00,0.0,15.85,18.82,3.35,0.0,0.38,85.0,0.0,951.0,1129.2,201.0,0.0,22.8
2020-12-07 12:26:00,0.0,11.42,14.3,3.33,0.0,0.45,85.0,0.0,685.2,858.0,199.8,0.0,27.0
2020-12-07 12:27:00,0.0,12.93,15.75,3.37,0.0,0.55,85.0,0.0,775.8,945.0,202.20000000000002,0.0,33.0
2020-12-07 12:28:00,0.0,14.9,17.77,3.37,0.0,0.5,86.0,0.0,894.0,1066.2,202.20000000000002,0.0,30.0
2020-12-07 12:29:00,0.0,15.08,17.07,3.32,0.0,1.33,86.0,0.0,904.8000000000001,1024.2,199.2,0.0,79.80000000000001
2020-12-07 12:30:00,0.0,17.48,20.25,3.28,0.0,0.51,86.0,0.0,1048.8,1215.0,196.79999999999998,0.0,30.6
2020-12-07 12:31:00,0.0,16.42,19.42,3.35,0.0,0.35,86.0,0.0,985.2000000000002,1165.2,201.0,0.0,21.0
2020-12-07 12:32:00,0.0,14.45,17.47,3.37,0.0,0.35,86.0,0.0,867.0,1048.2,202.20000000000002,0.0,21.0
2020-12-07 12:33:00,0.0,12.03,14.88,3.37,0.0,0.52,86.0,0.0,721.8,892.8000000000001,202.20000000000002,0.0,31.200000000000003
2020-12-07 12:34:00,0.0,11.88,14.82,3.37,0.0,0.43,87.0,0.0,712.8000000000001,889.2,202.20000000000002,0.0,25.8
2020-12-07 12:35:00,0.0,15.02,17.87,3.32,0.0,0.47,87.0,0.0,901.1999999999999,1072.2,199.2,0.0,28.2
2020-12-07 12:36:00,0.0,17.57,20.38,3.3,0.0,0.49,87.0,0.0,1054.2,1222.8,198.0,0.0,29.4
2020-12-07 12:37:00,0.0,18.35,21.18,3.35,0.0,0.52,87.0,0.0,1101.0,1270.8,201.0,0.0,31.200000000000003
2020-12-07 12:38:00,0.0,14.12,17.03,3.35,0.0,0.44,87.0,0.0,847.1999999999999,1021.8000000000001,201.0,0.0,26.400000000000002
2020-12-07 12:39:00,0.0,9.55,12.32,3.23,0.0,0.46,87.0,0.0,573.0,739.2,193.8,0.0,27.6
2020-12-07 12:40:00,0.0,8.45,11.27,3.3,0.0,0.48,87.0,0.0,506.99999999999994,676.1999999999999,198.0,0.0,28.8
2020-12-07 12:41:00,0.0,11.52,14.27,3.3,0.0,0.55,87.0,0.0,691.1999999999999,856.1999999999999,198.0,0.0,33.0
2020-12-07 12:42:00,0.0,16.27,19.07,3.3,0.0,0.5,88.0,0.0,976.1999999999999,1144.2,198.0,0.0,30.0
2020-12-07 12:43:00,0.0,15.35,18.25,3.28,0.0,0.38,88.0,0.0,921.0,1095.0,196.79999999999998,0.0,22.8
2020-12-07 12:44:00,0.0,8.8,11.68,3.32,0.0,0.44,88.0,0.0,528.0,700.8,199.2,0.0,26.400000000000002
2020-12-07 12:45:00,0.0,7.23,10.03,3.3,0.0,0.5,88.0,0.0,433.8,601.8,198.0,0.0,30.0
2020-12-07 12:46:00,0.0,13.23,15.98,3.25,0.0,0.5,88.0,0.0,793.8000000000001,958.8000000000001,195.0,0.0,30.0
2020-12-07 12:47:00,0.0,13.03,15.93,3.3,0.0,0.4,88.0,0.0,781.8,955.8,198.0,0.0,24.0
2020-12-07 12:48:00,0.0,17.22,20.1,3.35,0.0,0.47,88.0,0.0,1033.2,1206.0,201.0,0.0,28.2
2020-12-07 12:49:00,0.0,10.82,13.77,3.17,0.0,0.22,89.0,0.0,649.2,826.1999999999999,190.2,0.0,13.200000000000001
2020-12-07 12:50:00,0.0,9.23,12.07,3.32,0.0,0.48,89.0,0.0,553.8000000000001,724.2,199.2,0.0,28.8
2020-12-07 12:51:00,0.0,10.52,13.35,3.32,0.0,0.49,89.0,0.0,631.1999999999999,801.0,199.2,0.0,29.4
2020-12-07 12:52:00,0.0,12.22,15.17,3.35,0.0,0.4,89.0,0.0,733.2,910.2,201.0,0.0,24.0
2020-12-07 12:53:00,0.0,12.72,15.6,3.35,0.0,0.47,89.0,0.0,763.2,936.0,201.0,0.0,28.2
2020-12-07 12:54:00,0.0,11.63,14.48,3.33,0.0,0.48,89.0,0.0,697.8000000000001,868.8000000000001,199.8,0.0,28.8
2020-12-07 12:55:00,0.0,12.25,15.12,3.35,0.0,0.48,89.0,0.0,735.0,907.1999999999999,201.0,0.0,28.8
2020-12-07 12:56:00,0.0,13.47,16.27,3.33,0.0,0.53,89.0,0.0,808.2,976.1999999999999,199.8,0.0,31.8
2020-12-07 12:57:00,0.0,14.32,17.15,3.33,0.0,0.5,90.0,0.0,859.2,1029.0,199.8,0.0,30.0
2020-12-07 12:58:00,0.0,13.53,16.4,3.33,0.0,0.46,90.0,0.0,811.8,983.9999999999999,199.8,0.0,27.6
2020-12-07 12:59:00,0.0,11.17,14.13,3.3,0.0,0.34,90.0,0.0,670.2,847.8000000000001,198.0,0.0,20.400000000000002
2020-12-07 13:00:00,0.0,9.83,12.7,3.32,0.0,0.45,90.0,0.0,589.8000000000001,762.0,199.2,0.0,27.0
2020-12-07 13:01:00,0.0,8.45,11.3,3.33,0.0,0.48,90.0,0.0,506.99999999999994,678.0,199.8,0.0,28.8
2020-12-07 13:02:00,0.0,7.72,10.57,3.35,0.0,0.5,90.0,0.0,463.2,634.2,201.0,0.0,30.0
2020-12-07 13:03:00,0.0,7.77,10.62,3.37,0.0,0.52,90.0,0.0,466.2,637.1999999999999,202.20000000000002,0.0,31.200000000000003
2020-12-07 13:04:00,0.0,8.42,11.27,3.37,0.0,0.52,90.0,0.0,505.2,676.1999999999999,202.20000000000002,0.0,31.200000000000003
2020-12-07 13:05:00,0.0,9.12,11.97,3.35,0.0,0.5,90.0,0.0,547.1999999999999,718.2,201.0,0.0,30.0
2020-12-07 13:06:00,0.0,9.93,12.72,3.33,0.0,0.54,90.0,0.0,595.8,763.2,199.8,0.0,32.400000000000006
2020-12-07 13:07:00,0.0,10.77,13.63,3.37,0.0,0.51,91.0,0.0,646.1999999999999,817.8000000000001,202.20000000000002,0.0,30.6
2020-12-07 13:08:00,0.0,11.15,14.02,3.38,0.0,0.51,91.0,0.0,669.0,841.1999999999999,202.79999999999998,0.0,30.6
2020-12-07 13:09:00,0.0,10.13,13.63,3.58,0.0,0.08,91.0,0.0,607.8000000000001,817.8000000000001,214.8,0.0,4.8
2020-12-07 13:10:00,0.0,10.95,13.75,3.35,0.0,0.55,91.0,0.0,657.0,825.0,201.0,0.0,33.0
2020-12-07 13:11:00,0.0,12.23,15.1,3.37,0.0,0.5,91.0,0.0,733.8000000000001,906.0,202.20000000000002,0.0,30.0
2020-12-07 13:12:00,0.0,12.2,15.07,3.35,0.0,0.48,91.0,0.0,732.0,904.2,201.0,0.0,28.8
2020-12-07 13:13:00,0.0,12.43,15.27,3.35,0.0,0.51,91.0,0.0,745.8,916.1999999999999,201.0,0.0,30.6
2020-12-07 13:14:00,0.0,13.2,16.07,3.33,0.0,0.46,91.0,0.0,792.0,964.2,199.8,0.0,27.6
2020-12-07 13:15:00,0.0,13.02,15.83,3.33,0.0,0.52,92.0,0.0,781.1999999999999,949.8000000000001,199.8,0.0,31.200000000000003
2020-12-07 13:16:00,0.0,13.37,16.2,3.33,0.0,0.5,92.0,0.0,802.1999999999999,972.0,199.8,0.0,30.0
2020-12-07 13:17:00,0.0,14.15,16.98,3.33,0.0,0.5,92.0,0.0,849.0,1018.8000000000001,199.8,0.0,30.0
2020-12-07 13:18:00,0.0,13.73,16.57,3.33,0.0,0.49,92.0,0.0,823.8000000000001,994.2,199.8,0.0,29.4
2020-12-07 13:19:00,0.0,14.92,17.87,3.38,0.0,0.43,92.0,0.0,895.2,1072.2,202.79999999999998,0.0,25.8
2020-12-07 13:20:00,0.0,13.03,15.85,3.32,0.0,0.5,92.0,0.0,781.8,951.0,199.2,0.0,30.0
2020-12-07 13:21:00,0.0,12.3,15.15,3.32,0.0,0.47,92.0,0.0,738.0,909.0,199.2,0.0,28.2
2020-12-07 13:22:00,0.0,9.92,12.78,3.33,0.0,0.47,92.0,0.0,595.2,766.8,199.8,0.0,28.2
2020-12-07 13:23:00,0.0,8.43,11.32,3.33,0.0,0.44,94.0,0.0,505.8,679.2,199.8,0.0,26.400000000000002
2020-12-07 13:24:00,0.0,8.33,11.13,3.32,0.0,0.52,94.0,0.0,499.8,667.8000000000001,199.2,0.0,31.200000000000003
2020-12-07 13:25:00,0.0,10.62,13.4,3.32,0.0,0.54,94.0,0.0,637.1999999999999,804.0,199.2,0.0,32.400000000000006
2020-12-07 13:26:00,0.0,11.82,14.67,3.32,0.0,0.47,94.0,0.0,709.2,880.2,199.2,0.0,28.2
2020-12-07 13:27:00,0.0,11.23,14.1,3.33,0.0,0.46,94.0,0.0,673.8000000000001,846.0,199.8,0.0,27.6
2020-12-07 13:28:00,0.0,10.83,13.65,3.3,0.0,0.48,94.0,0.0,649.8000000000001,819.0,198.0,0.0,28.8
2020-12-07 13:29:00,0.0,10.93,14.37,3.45,0.0,0.01,94.0,0.0,655.8,862.1999999999999,207.0,0.0,0.6
2020-12-07 13:30:00,0.0,13.02,15.78,3.32,0.0,0.56,94.0,0.0,781.1999999999999,946.8,199.2,0.0,33.6
2020-12-07 13:31:00,0.0,14.5,17.32,3.3,0.0,0.48,95.0,0.0,870.0,1039.2,198.0,0.0,28.8
2020-12-07 13:32:00,0.0,16.6,19.28,3.27,0.0,0.59,95.0,0.0,996.0000000000001,1156.8000000000002,196.20000000000002,0.0,35.4
2020-12-07 13:33:00,0.0,23.78,26.53,3.28,0.0,0.53,95.0,0.0,1426.8000000000002,1591.8000000000002,196.79999999999998,0.0,31.8
2020-12-07 13:34:00,0.0,19.4,22.23,3.3,0.0,0.47,95.0,0.0,1164.0,1333.8,198.0,0.0,28.2
2020-12-07 13:35:00,0.0,17.22,20.03,3.33,0.0,0.52,95.0,0.0,1033.2,1201.8000000000002,199.8,0.0,31.200000000000003
2020-12-07 13:36:00,0.0,18.77,21.63,3.25,0.0,0.39,95.0,0.0,1126.2,1297.8,195.0,0.0,23.400000000000002
2020-12-07 13:37:00,0.0,21.6,24.62,3.28,0.0,0.26,95.0,0.0,1296.0,1477.2,196.79999999999998,0.0,15.600000000000001
2020-12-07 13:38:00,0.0,16.05,19.02,3.3,0.0,0.33,95.0,0.0,963.0,1141.2,198.0,0.0,19.8
2020-12-07 13:39:00,0.0,13.58,16.5,3.33,0.0,0.41,95.0,0.0,814.8000000000001,990.0,199.8,0.0,24.599999999999998
2020-12-07 13:40:00,0.0,13.48,16.25,3.27,0.0,0.5,95.0,0.0,808.8000000000001,975.0,196.20000000000002,0.0,30.0
2020-12-07 13:41:00,0.0,17.72,20.55,3.27,0.0,0.44,95.0,0.0,1063.2,1233.0,196.20000000000002,0.0,26.400000000000002
2020-12-07 13:42:00,0.0,19.65,22.5,3.3,0.0,0.45,95.0,0.0,1179.0,1350.0,198.0,0.0,27.0
2020-12-07 13:43:00,0.0,13.08,15.98,3.28,0.0,0.38,95.0,0.0,784.8000000000001,958.8000000000001,196.79999999999998,0.0,22.8
2020-12-07 13:44:00,0.0,10.58,13.42,3.32,0.0,0.48,95.0,0.0,634.8000000000001,805.2,199.2,0.0,28.8
2020-12-07 13:45:00,0.0,10.52,13.32,3.3,0.0,0.5,95.0,0.0,631.1999999999999,799.2,198.0,0.0,30.0
2020-12-07 13:46:00,0.0,9.38,12.2,3.32,0.0,0.5,95.0,0.0,562.8000000000001,732.0,199.2,0.0,30.0
2020-12-07 13:47:00,0.0,8.38,11.27,3.35,0.0,0.46,95.0,0.0,502.80000000000007,676.1999999999999,201.0,0.0,27.6
2020-12-07 13:48:00,0.0,8.22,11.07,3.33,0.0,0.48,95.0,0.0,493.20000000000005,664.2,199.8,0.0,28.8
2020-12-07 13:49:00,0.0,8.52,11.38,3.28,0.0,0.42,95.0,0.0,511.2,682.8000000000001,196.79999999999998,0.0,25.2
2020-12-07 13:50:00,0.0,10.03,12.87,3.33,0.0,0.49,95.0,0.0,601.8,772.1999999999999,199.8,0.0,29.4
2020-12-07 13:51:00,0.0,12.18,15.05,3.35,0.0,0.48,95.0,0.0,730.8,903.0,201.0,0.0,28.8
2020-12-07 13:52:00,0.0,12.75,15.6,3.35,0.0,0.5,95.0,0.0,765.0,936.0,201.0,0.0,30.0
2020-12-07 13:53:00,0.0,11.15,14.02,3.32,0.0,0.45,95.0,0.0,669.0,841.1999999999999,199.2,0.0,27.0
2020-12-07 13:54:00,0.0,9.53,12.4,3.32,0.0,0.45,95.0,0.0,571.8,744.0,199.2,0.0,27.0
2020-12-07 13:55:00,0.0,8.88,11.73,3.33,0.0,0.48,95.0,0.0,532.8000000000001,703.8000000000001,199.8,0.0,28.8
2020-12-07 13:56:00,0.0,8.17,11.0,3.35,0.0,0.52,95.0,0.0,490.2,660.0,201.0,0.0,31.200000000000003
2020-12-07 13:57:00,0.0,7.03,9.87,3.35,0.0,0.51,95.0,0.0,421.8,592.1999999999999,201.0,0.0,30.6
2020-12-07 13:58:00,0.0,6.65,9.55,3.37,0.0,0.47,95.0,0.0,399.0,573.0,202.20000000000002,0.0,28.2
2020-12-07 13:59:00,0.0,5.92,8.83,3.3,0.0,0.39,95.0,0.0,355.2,529.8000000000001,198.0,0.0,23.400000000000002
2020-12-07 14:00:00,0.0,6.18,8.98,3.32,0.0,0.52,95.0,0.0,370.8,538.8000000000001,199.2,0.0,31.200000000000003
2020-12-07 14:01:00,0.0,7.15,9.93,3.32,0.0,0.54,95.0,0.0,429.0,595.8,199.2,0.0,32.400000000000006
2020-12-07 14:02:00,0.0,7.8,10.62,3.32,0.0,0.5,95.0,0.0,468.0,637.1999999999999,199.2,0.0,30.0
2020-12-07 14:03:00,0.0,8.83,11.65,3.35,0.0,0.53,95.0,0.0,529.8000000000001,699.0,201.0,0.0,31.8
2020-12-07 14:04:00,0.0,11.3,14.13,3.35,0.0,0.52,95.0,0.0,678.0,847.8000000000001,201.0,0.0,31.200000000000003
2020-12-07 14:05:00,0.0,13.43,16.27,3.32,0.0,0.48,95.0,0.0,805.8,976.1999999999999,199.2,0.0,28.8
2020-12-07 14:06:00,0.0,14.48,17.35,3.33,0.0,0.46,96.0,0.0,868.8000000000001,1041.0,199.8,0.0,27.6
2020-12-07 14:07:00,0.0,14.13,16.95,3.33,0.0,0.51,97.0,0.0,847.8000000000001,1017.0,199.8,0.0,30.6
2020-12-07 14:08:00,0.0,14.07,16.9,3.33,0.0,0.5,97.0,0.0,844.2,1013.9999999999999,199.8,0.0,30.0
2020-12-07 14:09:00,0.0,14.15,16.87,3.28,0.0,0.56,98.0,0.0,849.0,1012.2,196.79999999999998,0.0,33.6
2020-12-07 14:10:00,0.0,13.73,17.95,3.23,0.99,0.0,98.0,0.0,823.8000000000001,1077.0,193.8,59.4,0.0
2020-12-07 14:11:00,0.0,8.73,19.98,3.37,7.88,0.0,99.0,0.0,523.8000000000001,1198.8,202.20000000000002,472.8,0.0
2020-12-07 14:12:00,0.0,8.8,24.22,3.52,11.9,0.0,99.0,0.0,528.0,1453.2,211.20000000000002,714.0,0.0
2020-12-07 14:13:00,0.0,0.43,22.02,3.28,18.31,0.0,100.0,0.0,25.8,1321.2,196.79999999999998,1098.6,0.0
2020-12-07 14:14:00,0.0,0.0,25.93,3.67,22.26,0.0,100.0,0.0,0.0,1555.8,220.2,1335.6000000000001,0.0
2020-12-07 14:15:00,0.0,0.0,26.38,3.62,22.76,0.0,100.0,0.0,0.0,1582.8,217.20000000000002,1365.6000000000001,0.0
2020-12-07 14:16:00,0.0,0.0,23.2,3.58,19.62,0.0,100.0,0.0,0.0,1392.0,214.8,1177.2,0.0
2020-12-07 14:17:00,0.0,0.0,27.75,3.33,24.42,0.0,100.0,0.0,0.0,1665.0,199.8,1465.2,0.0
2020-12-07 14:18:00,0.0,0.0,25.97,3.43,22.54,0.0,100.0,0.0,0.0,1558.2,205.8,1352.3999999999999,0.0
2020-12-07 14:19:00,0.0,0.0,22.2,3.55,18.65,0.0,100.0,0.0,0.0,1332.0,213.0,1119.0,0.0
2020-12-07 14:20:00,0.0,0.0,21.28,3.47,17.81,0.0,100.0,0.0,0.0,1276.8000000000002,208.20000000000002,1068.6,0.0
2020-12-07 14:21:00,0.0,0.0,22.33,3.45,18.88,0.0,100.0,0.0,0.0,1339.8,207.0,1132.8,0.0
2020-12-07 14:22:00,0.0,0.0,21.95,3.38,18.57,0.0,100.0,0.0,0.0,1317.0,202.79999999999998,1114.2,0.0
2020-12-07 14:23:00,0.0,0.0,21.27,3.35,17.92,0.0,100.0,0.0,0.0,1276.2,201.0,1075.2,0.0
2020-12-07 14:24:00,0.0,0.0,22.48,3.53,18.95,0.0,100.0,0.0,0.0,1348.8,211.79999999999998,1137.0,0.0
2020-12-07 14:25:00,0.0,0.0,26.95,3.58,23.37,0.0,100.0,0.0,0.0,1617.0,214.8,1402.2,0.0
2020-12-07 14:26:00,0.0,0.0,26.35,3.67,22.68,0.0,100.0,0.0,0.0,1581.0,220.2,1360.8,0.0
2020-12-07 14:27:00,0.0,0.0,26.58,3.55,23.03,0.0,100.0,0.0,0.0,1594.8,213.0,1381.8000000000002,0.0
2020-12-07 14:28:00,0.0,0.0,27.95,3.45,24.5,0.0,100.0,0.0,0.0,1677.0,207.0,1470.0,0.0
2020-12-07 14:29:00,0.0,0.0,27.45,3.8,23.65,0.0,100.0,0.0,0.0,1647.0,228.0,1419.0,0.0
2020-12-07 14:30:00,0.0,0.0,25.28,3.55,21.73,0.0,100.0,0.0,0.0,1516.8000000000002,213.0,1303.8,0.0
2020-12-07 14:31:00,0.0,0.0,27.25,3.58,23.67,0.0,100.0,0.0,0.0,1635.0,214.8,1420.2,0.0
2020-12-07 14:32:00,0.03,0.0,28.5,3.5,25.03,0.0,100.0,1.8,0.0,1710.0,210.0,1501.8000000000002,0.0
2020-12-07 14:33:00,0.05,0.0,24.1,3.6,20.55,0.0,100.0,3.0,0.0,1446.0,216.0,1233.0,0.0
2020-12-07 14:34:00,0.0,0.0,15.1,2.22,12.88,0.0,100.0,0.0,0.0,906.0,133.20000000000002,772.8000000000001,0.0
2020-12-07 14:35:00,0.0,0.0,13.15,1.95,11.2,0.0,100.0,0.0,0.0,789.0,117.0,672.0,0.0
2020-12-07 14:36:00,0.0,0.0,23.78,1.97,21.81,0.0,100.0,0.0,0.0,1426.8000000000002,118.2,1308.6,0.0
2020-12-07 14:37:00,0.0,0.0,27.03,2.02,25.01,0.0,100.0,0.0,0.0,1621.8000000000002,121.2,1500.6000000000001,0.0
2020-12-07 14:38:00,0.0,0.0,27.07,2.02,25.05,0.0,100.0,0.0,0.0,1624.2,121.2,1503.0,0.0
2020-12-07 14:39:00,0.0,0.0,21.82,2.17,19.65,0.0,100.0,0.0,0.0,1309.2,130.2,1179.0,0.0
2020-12-07 14:40:00,0.0,0.0,16.65,2.0,14.65,0.0,100.0,0.0,0.0,998.9999999999999,120.0,879.0,0.0
2020-12-07 14:41:00,0.0,0.0,12.85,1.97,10.88,0.0,100.0,0.0,0.0,771.0,118.2,652.8000000000001,0.0
2020-12-07 14:42:00,0.0,0.0,10.48,1.93,8.55,0.0,100.0,0.0,0.0,628.8000000000001,115.8,513.0,0.0
2020-12-07 14:43:00,0.0,0.0,9.2,1.9,7.3,0.0,100.0,0.0,0.0,552.0,114.0,438.0,0.0
2020-12-07 14:44:00,0.0,0.0,8.65,1.88,6.77,0.0,100.0,0.0,0.0,519.0,112.8,406.2,0.0
2020-12-07 14:45:00,0.0,0.0,9.07,1.9,7.17,0.0,100.0,0.0,0.0,544.2,114.0,430.2,0.0
2020-12-07 14:46:00,0.0,0.0,10.0,1.9,8.1,0.0,100.0,0.0,0.0,600.0,114.0,486.0,0.0
2020-12-07 14:47:00,0.0,0.0,10.95,1.88,9.07,0.0,100.0,0.0,0.0,657.0,112.8,544.2,0.0
2020-12-07 14:48:00,0.0,0.0,11.43,1.9,9.53,0.0,100.0,0.0,0.0,685.8,114.0,571.8,0.0
2020-12-07 14:49:00,0.0,0.0,11.6,1.92,9.68,0.0,100.0,0.0,0.0,696.0,115.2,580.8,0.0
2020-12-07 14:50:00,0.0,0.0,12.18,1.9,10.28,0.0,100.0,0.0,0.0,730.8,114.0,616.8,0.0
2020-12-07 14:51:00,0.0,0.0,12.87,1.9,10.97,0.0,100.0,0.0,0.0,772.1999999999999,114.0,658.2,0.0
2020-12-07 14:52:00,0.0,0.0,14.07,1.95,12.12,0.0,100.0,0.0,0.0,844.2,117.0,727.1999999999999,0.0
2020-12-07 14:53:00,0.0,0.0,15.68,1.97,13.71,0.0,100.0,0.0,0.0,940.8,118.2,822.6,0.0
2020-12-07 14:54:00,0.0,0.0,17.3,1.98,15.32,0.0,100.0,0.0,0.0,1038.0,118.8,919.2,0.0
2020-12-07 14:55:00,0.0,0.0,17.6,1.98,15.62,0.0,100.0,0.0,0.0,1056.0,118.8,937.1999999999999,0.0
2020-12-07 14:56:00,0.0,0.0,16.07,1.92,14.15,0.0,100.0,0.0,0.0,964.2,115.2,849.0,0.0
2020-12-07 14:57:00,0.0,0.0,15.6,1.92,13.68,0.0,100.0,0.0,0.0,936.0,115.2,820.8,0.0
2020-12-07 14:58:00,0.0,0.0,15.4,1.93,13.47,0.0,100.0,0.0,0.0,924.0,115.8,808.2,0.0
2020-12-07 14:59:00,0.0,0.0,15.02,2.13,12.89,0.0,100.0,0.0,0.0,901.1999999999999,127.8,773.4000000000001,0.0
2020-12-07 15:00:00,0.0,0.0,14.72,1.88,12.84,0.0,100.0,0.0,0.0,883.2,112.8,770.4,0.0
2020-12-07 15:01:00,0.0,0.0,14.77,1.88,12.89,0.0,100.0,0.0,0.0,886.1999999999999,112.8,773.4000000000001,0.0
2020-12-07 15:02:00,0.0,0.0,15.33,1.92,13.41,0.0,100.0,0.0,0.0,919.8000000000001,115.2,804.6,0.0
2020-12-07 15:03:00,0.0,0.0,16.6,1.97,14.63,0.0,100.0,0.0,0.0,996.0000000000001,118.2,877.8000000000001,0.0
2020-12-07 15:04:00,0.0,0.0,19.55,2.17,17.38,0.0,100.0,0.0,0.0,1173.0,130.2,1042.8,0.0
2020-12-07 15:05:00,0.0,0.0,18.45,1.95,16.5,0.0,100.0,0.0,0.0,1107.0,117.0,990.0,0.0
2020-12-07 15:06:00,0.0,0.0,20.03,2.05,17.98,0.0,100.0,0.0,0.0,1201.8000000000002,122.99999999999999,1078.8,0.0
2020-12-07 15:07:00,0.0,0.0,21.68,2.08,19.6,0.0,100.0,0.0,0.0,1300.8,124.80000000000001,1176.0,0.0
2020-12-07 15:08:00,0.0,0.0,23.08,1.98,21.1,0.0,100.0,0.0,0.0,1384.8,118.8,1266.0,0.0
2020-12-07 15:09:00,0.0,0.0,24.68,2.05,22.63,0.0,100.0,0.0,0.0,1480.8,122.99999999999999,1357.8,0.0
2020-12-07 15:10:00,0.0,0.0,20.0,2.0,18.0,0.0,100.0,0.0,0.0,1200.0,120.0,1080.0,0.0
2020-12-07 15:11:00,0.0,0.0,18.95,1.88,17.07,0.0,100.0,0.0,0.0,1137.0,112.8,1024.2,0.0
2020-12-07 15:12:00,0.0,0.0,19.15,1.8,17.35,0.0,100.0,0.0,0.0,1149.0,108.0,1041.0,0.0
2020-12-07 15:13:00,0.0,0.0,18.9,1.83,17.07,0.0,100.0,0.0,0.0,1134.0,109.80000000000001,1024.2,0.0
2020-12-07 15:14:00,0.0,0.0,19.23,1.85,17.38,0.0,100.0,0.0,0.0,1153.8,111.0,1042.8,0.0
2020-12-07 15:15:00,0.0,0.0,18.4,1.85,16.55,0.0,100.0,0.0,0.0,1104.0,111.0,993.0,0.0
2020-12-07 15:16:00,0.0,0.0,18.32,1.88,16.44,0.0,100.0,0.0,0.0,1099.2,112.8,986.4000000000001,0.0
2020-12-07 15:17:00,0.0,0.0,17.87,1.9,15.97,0.0,100.0,0.0,0.0,1072.2,114.0,958.2,0.0
2020-12-07 15:18:00,0.0,0.0,19.7,1.98,17.72,0.0,100.0,0.0,0.0,1182.0,118.8,1063.2,0.0
2020-12-07 15:19:00,0.0,0.0,21.68,2.05,19.63,0.0,100.0,0.0,0.0,1300.8,122.99999999999999,1177.8,0.0
2020-12-07 15:20:00,0.0,0.0,24.37,2.12,22.25,0.0,100.0,0.0,0.0,1462.2,127.2,1335.0,0.0
2020-12-07 15:21:00,0.0,0.0,26.08,2.08,24.0,0.0,100.0,0.0,0.0,1564.8,124.80000000000001,1440.0,0.0
2020-12-07 15:22:00,0.0,0.0,26.67,2.03,24.64,0.0,100.0,0.0,0.0,1600.2,121.79999999999998,1478.4,0.0
2020-12-07 15:23:00,0.0,0.0,22.98,2.17,20.81,0.0,100.0,0.0,0.0,1378.8,130.2,1248.6,0.0
2020-12-07 15:24:00,0.0,0.0,24.02,2.27,21.75,0.0,100.0,0.0,0.0,1441.2,136.20000000000002,1305.0,0.0
2020-12-07 15:25:00,0.0,0.0,22.55,2.15,20.4,0.0,100.0,0.0,0.0,1353.0,129.0,1224.0,0.0
2020-12-07 15:26:00,0.0,0.0,25.95,2.05,23.9,0.0,100.0,0.0,0.0,1557.0,122.99999999999999,1434.0,0.0
2020-12-07 15:27:00,0.0,0.0,27.02,2.02,25.0,0.0,100.0,0.0,0.0,1621.2,121.2,1500.0,0.0
2020-12-07 15:28:00,0.0,0.0,27.0,2.0,25.0,0.0,100.0,0.0,0.0,1620.0,120.0,1500.0,0.0
2020-12-07 15:29:00,0.0,0.0,26.97,1.93,25.04,0.0,100.0,0.0,0.0,1618.2,115.8,1502.3999999999999,0.0
2020-12-07 15:30:00,0.0,0.0,27.0,1.97,25.03,0.0,100.0,0.0,0.0,1620.0,118.2,1501.8000000000002,0.0
2020-12-07 15:31:00,0.03,0.0,26.98,1.97,25.04,0.0,100.0,1.8,0.0,1618.8,118.2,1502.3999999999999,0.0
2020-12-07 15:32:00,0.03,0.0,27.03,2.02,25.04,0.0,100.0,1.8,0.0,1621.8000000000002,121.2,1502.3999999999999,0.0
2020-12-07 15:33:00,0.08,0.0,25.88,2.15,23.81,0.0,100.0,4.8,0.0,1552.8,129.0,1428.6,0.0
2020-12-07 15:34:00,0.0,0.0,27.07,2.02,25.05,0.0,100.0,0.0,0.0,1624.2,121.2,1503.0,0.0
2020-12-07 15:35:00,0.03,0.0,26.88,1.97,24.94,0.0,100.0,1.8,0.0,1612.8,118.2,1496.4,0.0
2020-12-07 15:36:00,0.0,0.0,27.18,2.17,25.01,0.0,100.0,0.0,0.0,1630.8,130.2,1500.6000000000001,0.0
2020-12-07 15:37:00,0.03,0.0,26.7,2.17,24.56,0.0,100.0,1.8,0.0,1602.0,130.2,1473.6,0.0
2020-12-07 15:38:00,0.0,0.0,26.82,2.12,24.7,0.0,100.0,0.0,0.0,1609.2,127.2,1482.0,0.0
2020-12-07 15:39:00,0.0,0.0,26.77,2.13,24.64,0.0,100.0,0.0,0.0,1606.2,127.8,1478.4,0.0
2020-12-07 15:40:00,0.0,0.0,26.43,2.18,24.25,0.0,100.0,0.0,0.0,1585.8,130.8,1455.0,0.0
2020-12-07 15:41:00,0.0,0.0,26.88,2.15,24.73,0.0,100.0,0.0,0.0,1612.8,129.0,1483.8,0.0
2020-12-07 15:42:00,0.0,0.0,25.63,2.27,23.36,0.0,100.0,0.0,0.0,1537.8,136.20000000000002,1401.6,0.0
2020-12-07 15:43:00,0.03,0.0,27.05,2.03,25.05,0.0,100.0,1.8,0.0,1623.0,121.79999999999998,1503.0,0.0
2020-12-07 15:44:00,0.0,0.0,27.05,2.02,25.03,0.0,100.0,0.0,0.0,1623.0,121.2,1501.8000000000002,0.0
2020-12-07 15:45:00,0.12,0.0,26.85,2.37,24.6,0.0,100.0,7.2,0.0,1611.0,142.20000000000002,1476.0,0.0
2020-12-07 15:46:00,0.13,0.0,24.98,2.52,22.59,0.0,100.0,7.800000000000001,0.0,1498.8,151.20000000000002,1355.4,0.0
2020-12-07 15:47:00,0.0,0.0,24.73,2.45,22.28,0.0,100.0,0.0,0.0,1483.8,147.0,1336.8000000000002,0.0
2020-12-07 15:48:00,0.0,0.0,23.3,2.35,20.95,0.0,100.0,0.0,0.0,1398.0,141.0,1257.0,0.0
2020-12-07 15:49:00,0.0,0.0,24.52,2.27,22.25,0.0,100.0,0.0,0.0,1471.2,136.20000000000002,1335.0,0.0
2020-12-07 15:50:00,0.0,0.0,27.1,2.07,25.03,0.0,100.0,0.0,0.0,1626.0,124.19999999999999,1501.8000000000002,0.0
2020-12-07 15:51:00,0.0,0.0,27.08,2.07,25.01,0.0,100.0,0.0,0.0,1624.8,124.19999999999999,1500.6000000000001,0.0
2020-12-07 15:52:00,0.03,0.0,27.13,2.08,25.08,0.0,100.0,1.8,0.0,1627.8,124.80000000000001,1504.8,0.0
2020-12-07 15:53:00,0.0,0.0,27.08,2.07,25.01,0.0,100.0,0.0,0.0,1624.8,124.19999999999999,1500.6000000000001,0.0
2020-12-07 15:54:00,0.0,0.0,27.07,2.05,25.02,0.0,100.0,0.0,0.0,1624.2,122.99999999999999,1501.2,0.0
2020-12-07 15:55:00,0.0,0.0,27.0,2.25,24.75,0.0,100.0,0.0,0.0,1620.0,135.0,1485.0,0.0
2020-12-07 15:56:00,0.03,0.0,27.37,2.22,25.18,0.0,100.0,1.8,0.0,1642.2,133.20000000000002,1510.8,0.0
2020-12-07 15:57:00,0.07,0.0,26.57,2.25,24.39,0.0,100.0,4.2,0.0,1594.2,135.0,1463.4,0.0
2020-12-07 15:58:00,0.0,0.0,27.1,2.22,24.88,0.0,100.0,0.0,0.0,1626.0,133.20000000000002,1492.8,0.0
2020-12-07 15:59:00,0.0,0.0,26.07,2.28,23.79,0.0,100.0,0.0,0.0,1564.2,136.79999999999998,1427.3999999999999,0.0
2020-12-07 16:00:00,0.0,0.0,23.6,2.38,21.22,0.0,100.0,0.0,0.0,1416.0,142.79999999999998,1273.2,0.0
2020-12-07 16:01:00,0.0,0.0,23.8,2.35,21.45,0.0,100.0,0.0,0.0,1428.0,141.0,1287.0,0.0
2020-12-07 16:02:00,0.0,0.0,24.52,2.37,22.15,0.0,100.0,0.0,0.0,1471.2,142.20000000000002,1329.0,0.0
2020-12-07 16:03:00,0.0,0.0,25.58,2.37,23.21,0.0,100.0,0.0,0.0,1534.8,142.20000000000002,1392.6000000000001,0.0
2020-12-07 16:04:00,0.0,0.0,27.02,2.22,24.8,0.0,100.0,0.0,0.0,1621.2,133.20000000000002,1488.0,0.0
2020-12-07 16:05:00,0.0,0.0,25.72,2.2,23.52,0.0,100.0,0.0,0.0,1543.2,132.0,1411.2,0.0
2020-12-07 16:06:00,0.0,0.0,27.12,2.08,25.04,0.0,100.0,0.0,0.0,1627.2,124.80000000000001,1502.3999999999999,0.0
2020-12-07 16:07:00,0.0,0.0,26.05,2.02,24.03,0.0,100.0,0.0,0.0,1563.0,121.2,1441.8000000000002,0.0
2020-12-07 16:08:00,0.0,0.0,23.85,2.4,21.45,0.0,100.0,0.0,0.0,1431.0,144.0,1287.0,0.0
2020-12-07 16:09:00,0.0,0.0,24.72,2.43,22.29,0.0,100.0,0.0,0.0,1483.2,145.8,1337.3999999999999,0.0
2020-12-07 16:10:00,0.0,0.0,27.17,2.27,24.9,0.0,100.0,0.0,0.0,1630.2,136.20000000000002,1494.0,0.0
2020-12-07 16:11:00,0.0,0.0,27.18,2.2,24.98,0.0,100.0,0.0,0.0,1630.8,132.0,1498.8,0.0
2020-12-07 16:12:00,0.0,0.0,27.17,2.15,25.02,0.0,100.0,0.0,0.0,1630.2,129.0,1501.2,0.0
2020-12-07 16:13:00,0.0,0.0,27.18,2.2,24.98,0.0,100.0,0.0,0.0,1630.8,132.0,1498.8,0.0
2020-12-07 16:14:00,0.0,0.0,25.97,2.45,23.52,0.0,100.0,0.0,0.0,1558.2,147.0,1411.2,0.0
2020-12-07 16:15:00,0.0,0.0,26.93,2.23,24.7,0.0,100.0,0.0,0.0,1615.8,133.8,1482.0,0.0
2020-12-07 16:16:00,0.03,0.0,27.2,2.2,25.03,0.0,100.0,1.8,0.0,1632.0,132.0,1501.8000000000002,0.0
2020-12-07 16:17:00,0.03,0.0,27.25,2.23,25.05,0.0,100.0,1.8,0.0,1635.0,133.8,1503.0,0.0
2020-12-07 16:18:00,0.03,0.0,27.08,2.35,24.76,0.0,100.0,1.8,0.0,1624.8,141.0,1485.6000000000001,0.0
2020-12-07 16:19:00,0.0,0.0,25.35,2.52,22.83,0.0,100.0,0.0,0.0,1521.0,151.20000000000002,1369.8,0.0
2020-12-07 16:20:00,0.0,0.0,26.9,2.42,24.48,0.0,100.0,0.0,0.0,1614.0,145.2,1468.8,0.0
2020-12-07 16:21:00,0.0,0.0,24.25,2.25,22.0,0.0,100.0,0.0,0.0,1455.0,135.0,1320.0,0.0
2020-12-07 16:22:00,0.0,0.0,26.27,2.58,23.69,0.0,100.0,0.0,0.0,1576.2,154.8,1421.4,0.0
2020-12-07 16:23:00,0.0,0.0,27.1,2.28,24.82,0.0,100.0,0.0,0.0,1626.0,136.79999999999998,1489.2,0.0
2020-12-07 16:24:00,0.03,0.0,27.13,2.42,24.74,0.0,100.0,1.8,0.0,1627.8,145.2,1484.3999999999999,0.0
2020-12-07 16:25:00,0.0,0.0,27.22,2.18,25.04,0.0,100.0,0.0,0.0,1633.2,130.8,1502.3999999999999,0.0
2020-12-07 16:26:00,0.0,0.0,27.25,2.23,25.02,0.0,100.0,0.0,0.0,1635.0,133.8,1501.2,0.0
2020-12-07 16:27:00,0.0,0.0,22.05,2.35,19.7,0.0,100.0,0.0,0.0,1323.0,141.0,1182.0,0.0
2020-12-07 16:28:00,0.0,0.0,23.85,2.37,21.48,0.0,100.0,0.0,0.0,1431.0,142.20000000000002,1288.8,0.0
2020-12-07 16:29:00,0.0,0.0,25.85,2.27,23.58,0.0,100.0,0.0,0.0,1551.0,136.20000000000002,1414.8,0.0
2020-12-07 16:30:00,0.0,0.0,19.4,2.35,17.05,0.0,100.0,0.0,0.0,1164.0,141.0,1023.0,0.0
2020-12-07 16:31:00,0.0,0.0,12.37,2.03,10.34,0.0,100.0,0.0,0.0,742.1999999999999,121.79999999999998,620.4,0.0
2020-12-07 16:32:00,0.0,0.0,11.82,2.02,9.8,0.0,100.0,0.0,0.0,709.2,121.2,588.0,0.0
2020-12-07 16:33:00,0.0,0.0,11.58,1.98,9.6,0.0,100.0,0.0,0.0,694.8000000000001,118.8,576.0,0.0
2020-12-07 16:34:00,0.0,0.0,11.18,1.95,9.23,0.0,100.0,0.0,0.0,670.8,117.0,553.8000000000001,0.0
2020-12-07 16:35:00,0.0,0.0,10.83,1.93,8.9,0.0,100.0,0.0,0.0,649.8000000000001,115.8,534.0,0.0
2020-12-07 16:36:00,0.0,0.0,10.43,1.93,8.5,0.0,100.0,0.0,0.0,625.8,115.8,510.0,0.0
2020-12-07 16:37:00,0.0,0.0,10.1,1.93,8.17,0.0,100.0,0.0,0.0,606.0,115.8,490.2,0.0
2020-12-07 16:38:00,0.0,0.0,9.92,1.9,8.02,0.0,100.0,0.0,0.0,595.2,114.0,481.2,0.0
2020-12-07 16:39:00,0.0,0.0,9.87,1.93,7.94,0.0,100.0,0.0,0.0,592.1999999999999,115.8,476.40000000000003,0.0
2020-12-07 16:40:00,0.0,0.0,9.95,1.92,8.03,0.0,100.0,0.0,0.0,597.0,115.2,481.79999999999995,0.0
2020-12-07 16:41:00,0.0,0.0,9.8,1.97,7.83,0.0,100.0,0.0,0.0,588.0,118.2,469.8,0.0
2020-12-07 16:42:00,0.0,0.0,9.67,1.97,7.7,0.0,100.0,0.0,0.0,580.2,118.2,462.0,0.0
2020-12-07 16:43:00,0.0,0.0,9.75,1.98,7.77,0.0,100.0,0.0,0.0,585.0,118.8,466.2,0.0
2020-12-07 16:44:00,0.0,0.0,9.85,1.98,7.87,0.0,100.0,0.0,0.0,591.0,118.8,472.2,0.0
2020-12-07 16:45:00,0.0,0.0,10.0,1.97,8.03,0.0,100.0,0.0,0.0,600.0,118.2,481.79999999999995,0.0
2020-12-07 16:46:00,0.0,0.0,10.15,1.97,8.18,0.0,100.0,0.0,0.0,609.0,118.2,490.8,0.0
2020-12-07 16:47:00,0.0,0.0,9.83,1.93,7.9,0.0,100.0,0.0,0.0,589.8000000000001,115.8,474.0,0.0
2020-12-07 16:48:00,0.0,0.0,9.77,2.03,7.74,0.0,100.0,0.0,0.0,586.1999999999999,121.79999999999998,464.40000000000003,0.0
2020-12-07 16:49:00,0.0,0.0,9.73,2.0,7.73,0.0,100.0,0.0,0.0,583.8000000000001,120.0,463.8,0.0
2020-12-07 16:50:00,0.0,0.0,9.5,1.93,7.57,0.0,100.0,0.0,0.0,570.0,115.8,454.20000000000005,0.0
2020-12-07 16:51:00,0.0,0.0,9.28,1.92,7.36,0.0,100.0,0.0,0.0,556.8,115.2,441.6,0.0
2020-12-07 16:52:00,0.0,0.0,9.18,1.92,7.26,0.0,100.0,0.0,0.0,550.8,115.2,435.59999999999997,0.0
2020-12-07 16:53:00,0.0,0.0,9.28,1.92,7.36,0.0,100.0,0.0,0.0,556.8,115.2,441.6,0.0
2020-12-07 16:54:00,0.0,0.0,9.98,1.98,8.0,0.0,100.0,0.0,0.0,598.8000000000001,118.8,480.0,0.0
2020-12-07 16:55:00,0.0,0.0,11.6,2.05,9.55,0.0,100.0,0.0,0.0,696.0,122.99999999999999,573.0,0.0
2020-12-07 16:56:00,0.0,0.0,14.25,2.18,12.07,0.0,100.0,0.0,0.0,855.0,130.8,724.2,0.0
2020-12-07 16:57:00,0.0,0.0,16.95,2.35,14.6,0.0,100.0,0.0,0.0,1017.0,141.0,876.0,0.0
2020-12-07 16:58:00,0.0,0.0,14.08,2.05,12.03,0.0,100.0,0.0,0.0,844.8000000000001,122.99999999999999,721.8,0.0
2020-12-07 16:59:00,0.0,0.0,12.3,2.03,10.27,0.0,100.0,0.0,0.0,738.0,121.79999999999998,616.1999999999999,0.0
2020-12-07 17:00:00,0.0,0.0,10.78,1.95,8.83,0.0,100.0,0.0,0.0,646.8,117.0,529.8000000000001,0.0
2020-12-07 17:01:00,0.0,0.0,9.43,1.95,7.48,0.0,100.0,0.0,0.0,565.8,117.0,448.8,0.0
2020-12-07 17:02:00,0.0,0.0,8.37,1.95,6.42,0.0,100.0,0.0,0.0,502.19999999999993,117.0,385.2,0.0
2020-12-07 17:03:00,0.0,0.0,7.88,1.95,5.93,0.0,100.0,0.0,0.0,472.8,117.0,355.8,0.0
2020-12-07 17:04:00,0.0,0.0,8.6,1.95,6.65,0.0,100.0,0.0,0.0,516.0,117.0,399.0,0.0
2020-12-07 17:05:00,0.0,0.0,9.98,1.98,8.0,0.0,100.0,0.0,0.0,598.8000000000001,118.8,480.0,0.0
2020-12-07 17:06:00,0.0,0.0,10.5,1.95,8.55,0.0,100.0,0.0,0.0,630.0,117.0,513.0,0.0
2020-12-07 17:07:00,0.0,0.0,10.08,2.0,8.08,0.0,100.0,0.0,0.0,604.8000000000001,120.0,484.8,0.0
2020-12-07 17:08:00,0.0,0.0,9.52,2.12,7.4,0.0,100.0,0.0,0.0,571.1999999999999,127.2,444.0,0.0
2020-12-07 17:09:00,0.0,0.0,9.85,1.98,7.87,0.0,100.0,0.0,0.0,591.0,118.8,472.2,0.0
2020-12-07 17:10:00,0.0,0.0,10.3,1.95,8.35,0.0,100.0,0.0,0.0,618.0,117.0,501.0,0.0
2020-12-07 17:11:00,0.0,0.0,10.9,1.93,8.97,0.0,100.0,0.0,0.0,654.0,115.8,538.2,0.0
2020-12-07 17:12:00,0.0,0.0,12.67,2.07,10.6,0.0,100.0,0.0,0.0,760.2,124.19999999999999,636.0,0.0
2020-12-07 17:13:00,0.0,0.0,12.78,2.03,10.75,0.0,100.0,0.0,0.0,766.8,121.79999999999998,645.0,0.0
2020-12-07 17:14:00,0.0,0.0,17.48,2.23,15.25,0.0,100.0,0.0,0.0,1048.8,133.8,915.0,0.0
2020-12-07 17:15:00,0.0,0.0,14.1,2.32,11.78,0.0,100.0,0.0,0.0,846.0,139.2,706.8,0.0
2020-12-07 17:16:00,0.0,0.0,20.9,2.22,18.68,0.0,100.0,0.0,0.0,1254.0,133.20000000000002,1120.8,0.0
2020-12-07 17:17:00,0.03,0.0,27.32,2.22,25.13,0.0,100.0,1.8,0.0,1639.2,133.20000000000002,1507.8,0.0
2020-12-07 17:18:00,0.0,0.0,27.1,2.08,25.02,0.0,100.0,0.0,0.0,1626.0,124.80000000000001,1501.2,0.0
2020-12-07 17:19:00,0.03,0.0,27.1,2.08,25.05,0.0,100.0,1.8,0.0,1626.0,124.80000000000001,1503.0,0.0
2020-12-07 17:20:00,0.0,0.0,26.92,2.17,24.75,0.0,100.0,0.0,0.0,1615.2,130.2,1485.0,0.0
2020-12-07 17:21:00,0.0,0.0,26.27,2.22,24.05,0.0,100.0,0.0,0.0,1576.2,133.20000000000002,1443.0,0.0
2020-12-07 17:22:00,0.0,0.0,25.5,2.1,23.4,0.0,100.0,0.0,0.0,1530.0,126.0,1404.0,0.0
2020-12-07 17:23:00,0.03,0.0,27.12,2.13,25.02,0.0,100.0,1.8,0.0,1627.2,127.8,1501.2,0.0
2020-12-07 17:24:00,0.0,0.0,21.22,3.42,17.8,0.0,100.0,0.0,0.0,1273.2,205.2,1068.0,0.0
2020-12-07 17:25:00,0.12,0.0,22.18,4.3,18.0,0.0,100.0,7.2,0.0,1330.8,258.0,1080.0,0.0
2020-12-07 17:26:00,0.0,0.0,18.3,4.22,14.08,0.0,100.0,0.0,0.0,1098.0,253.2,844.8000000000001,0.0
2020-12-07 17:27:00,0.0,0.0,16.18,3.97,12.21,0.0,100.0,0.0,0.0,970.8,238.20000000000002,732.6,0.0
2020-12-07 17:28:00,0.0,0.0,12.83,3.83,9.0,0.0,100.0,0.0,0.0,769.8000000000001,229.8,540.0,0.0
2020-12-07 17:29:00,0.0,0.0,13.12,3.82,9.3,0.0,100.0,0.0,0.0,787.1999999999999,229.2,558.0,0.0
2020-12-07 17:30:00,0.0,0.0,20.73,3.95,16.78,0.0,100.0,0.0,0.0,1243.8,237.0,1006.8000000000001,0.0
2020-12-07 17:31:00,0.0,0.0,14.43,3.83,10.6,0.0,100.0,0.0,0.0,865.8,229.8,636.0,0.0
2020-12-07 17:32:00,0.0,0.0,12.75,3.82,8.93,0.0,100.0,0.0,0.0,765.0,229.2,535.8,0.0
2020-12-07 17:33:00,0.0,0.0,12.78,3.73,9.05,0.0,100.0,0.0,0.0,766.8,223.8,543.0,0.0
2020-12-07 17:34:00,0.0,0.0,13.85,3.75,10.1,0.0,100.0,0.0,0.0,831.0,225.0,606.0,0.0
2020-12-07 17:35:00,0.0,0.0,15.17,3.85,11.32,0.0,100.0,0.0,0.0,910.2,231.0,679.2,0.0
2020-12-07 17:36:00,0.0,0.0,12.42,3.77,8.65,0.0,100.0,0.0,0.0,745.2,226.20000000000002,519.0,0.0
2020-12-07 17:37:00,0.0,0.0,10.9,3.72,7.18,0.0,100.0,0.0,0.0,654.0,223.20000000000002,430.8,0.0
2020-12-07 17:38:00,0.0,0.0,10.78,3.68,7.1,0.0,100.0,0.0,0.0,646.8,220.8,426.0,0.0
2020-12-07 17:39:00,0.0,0.0,11.15,3.68,7.47,0.0,100.0,0.0,0.0,669.0,220.8,448.2,0.0
2020-12-07 17:40:00,0.0,0.0,12.2,3.75,8.45,0.0,100.0,0.0,0.0,732.0,225.0,506.99999999999994,0.0
2020-12-07 17:41:00,0.0,0.0,10.55,3.65,6.9,0.0,100.0,0.0,0.0,633.0,219.0,414.0,0.0
2020-12-07 17:42:00,0.0,0.0,9.47,3.63,5.84,0.0,100.0,0.0,0.0,568.2,217.79999999999998,350.4,0.0
2020-12-07 17:43:00,0.0,0.0,9.38,3.58,5.8,0.0,100.0,0.0,0.0,562.8000000000001,214.8,348.0,0.0
2020-12-07 17:44:00,0.0,0.0,10.53,3.6,6.93,0.0,100.0,0.0,0.0,631.8,216.0,415.8,0.0
2020-12-07 17:45:00,0.0,0.0,9.92,3.62,6.3,0.0,100.0,0.0,0.0,595.2,217.20000000000002,378.0,0.0
2020-12-07 17:46:00,0.0,0.0,9.55,3.63,5.92,0.0,100.0,0.0,0.0,573.0,217.79999999999998,355.2,0.0
2020-12-07 17:47:00,0.0,0.0,9.48,3.62,5.86,0.0,100.0,0.0,0.0,568.8000000000001,217.20000000000002,351.6,0.0
2020-12-07 17:48:00,0.0,0.0,9.8,3.62,6.18,0.0,100.0,0.0,0.0,588.0,217.20000000000002,370.8,0.0
2020-12-07 17:49:00,0.0,0.0,9.7,3.62,6.08,0.0,100.0,0.0,0.0,582.0,217.20000000000002,364.8,0.0
2020-12-07 17:50:00,0.0,0.0,8.95,3.55,5.4,0.0,100.0,0.0,0.0,537.0,213.0,324.0,0.0
2020-12-07 17:51:00,0.0,0.0,8.92,3.57,5.35,0.0,100.0,0.0,0.0,535.2,214.2,321.0,0.0
2020-12-07 17:52:00,0.0,0.0,9.6,3.52,6.08,0.0,100.0,0.0,0.0,576.0,211.20000000000002,364.8,0.0
2020-12-07 17:53:00,0.0,0.0,10.88,3.5,7.38,0.0,100.0,0.0,0.0,652.8000000000001,210.0,442.8,0.0
2020-12-07 17:54:00,0.0,0.0,12.58,3.62,8.96,0.0,100.0,0.0,0.0,754.8000000000001,217.20000000000002,537.6,0.0
2020-12-07 17:55:00,0.0,0.0,10.47,3.53,6.94,0.0,100.0,0.0,0.0,628.2,211.79999999999998,416.40000000000003,0.0
2020-12-07 17:56:00,0.0,0.0,9.45,3.52,5.93,0.0,100.0,0.0,0.0,567.0,211.20000000000002,355.8,0.0
2020-12-07 17:57:00,0.0,0.0,8.73,3.52,5.21,0.0,100.0,0.0,0.0,523.8000000000001,211.20000000000002,312.6,0.0
2020-12-07 17:58:00,0.0,0.0,8.72,3.52,5.2,0.0,100.0,0.0,0.0,523.2,211.20000000000002,312.0,0.0
2020-12-07 17:59:00,0.0,0.0,8.47,3.52,4.95,0.0,100.0,0.0,0.0,508.20000000000005,211.20000000000002,297.0,0.0
2020-12-07 18:00:00,0.0,0.0,8.32,3.52,4.8,0.0,100.0,0.0,0.0,499.20000000000005,211.20000000000002,288.0,0.0
2020-12-07 18:01:00,0.0,0.0,7.87,3.53,4.34,0.0,100.0,0.0,0.0,472.2,211.79999999999998,260.4,0.0
2020-12-07 18:02:00,0.0,0.0,7.42,3.53,3.89,0.0,100.0,0.0,0.0,445.2,211.79999999999998,233.4,0.0
2020-12-07 18:03:00,0.0,0.0,7.03,3.52,3.51,0.0,100.0,0.0,0.0,421.8,211.20000000000002,210.6,0.0
2020-12-07 18:04:00,0.0,0.0,6.93,3.52,3.41,0.0,100.0,0.0,0.0,415.8,211.20000000000002,204.60000000000002,0.0
2020-12-07 18:05:00,0.0,0.0,6.63,3.55,3.08,0.0,100.0,0.0,0.0,397.8,213.0,184.8,0.0
2020-12-07 18:06:00,0.0,0.0,6.55,3.53,3.02,0.0,100.0,0.0,0.0,393.0,211.79999999999998,181.20000000000002,0.0
2020-12-07 18:07:00,0.0,0.0,6.52,3.48,3.04,0.0,100.0,0.0,0.0,391.2,208.8,182.4,0.0
2020-12-07 18:08:00,0.0,0.0,6.55,3.5,3.05,0.0,100.0,0.0,0.0,393.0,210.0,183.0,0.0
2020-12-07 18:09:00,0.0,0.0,6.55,3.52,3.03,0.0,100.0,0.0,0.0,393.0,211.20000000000002,181.79999999999998,0.0
2020-12-07 18:10:00,0.0,0.0,6.5,3.55,2.95,0.0,100.0,0.0,0.0,390.0,213.0,177.0,0.0
2020-12-07 18:11:00,0.0,0.0,6.58,3.48,3.1,0.0,100.0,0.0,0.0,394.8,208.8,186.0,0.0
2020-12-07 18:12:00,0.0,0.0,6.73,3.5,3.23,0.0,100.0,0.0,0.0,403.8,210.0,193.8,0.0
2020-12-07 18:13:00,0.0,0.0,7.07,3.48,3.59,0.0,100.0,0.0,0.0,424.20000000000005,208.8,215.4,0.0
2020-12-07 18:14:00,0.0,0.0,7.53,3.48,4.05,0.0,100.0,0.0,0.0,451.8,208.8,243.0,0.0
2020-12-07 18:15:00,0.0,0.0,7.8,3.52,4.28,0.0,100.0,0.0,0.0,468.0,211.20000000000002,256.8,0.0
2020-12-07 18:16:00,0.0,0.0,7.17,3.52,3.65,0.0,100.0,0.0,0.0,430.2,211.20000000000002,219.0,0.0
2020-12-07 18:17:00,0.0,0.0,7.02,3.48,3.54,0.0,100.0,0.0,0.0,421.2,208.8,212.4,0.0
2020-12-07 18:18:00,0.0,0.0,6.97,3.48,3.49,0.0,100.0,0.0,0.0,418.2,208.8,209.4,0.0
2020-12-07 18:19:00,0.0,0.0,7.23,3.48,3.75,0.0,100.0,0.0,0.0,433.8,208.8,225.0,0.0
2020-12-07 18:20:00,0.0,0.0,7.23,3.47,3.76,0.0,100.0,0.0,0.0,433.8,208.20000000000002,225.6,0.0
2020-12-07 18:21:00,0.0,0.0,7.5,3.47,4.03,0.0,100.0,0.0,0.0,450.0,208.20000000000002,241.8,0.0
2020-12-07 18:22:00,0.0,0.0,8.17,3.43,4.74,0.0,100.0,0.0,0.0,490.2,205.8,284.40000000000003,0.0
2020-12-07 18:23:00,0.0,0.0,9.45,3.38,6.07,0.0,100.0,0.0,0.0,567.0,202.79999999999998,364.20000000000005,0.0
2020-12-07 18:24:00,0.0,0.0,10.23,3.45,6.78,0.0,100.0,0.0,0.0,613.8000000000001,207.0,406.8,0.0
2020-12-07 18:25:00,0.0,0.0,9.43,3.42,6.01,0.0,100.0,0.0,0.0,565.8,205.2,360.59999999999997,0.0
2020-12-07 18:26:00,0.0,0.0,8.52,3.4,5.12,0.0,100.0,0.0,0.0,511.2,204.0,307.2,0.0
2020-12-07 18:27:00,0.0,0.0,7.95,3.43,4.52,0.0,100.0,0.0,0.0,477.0,205.8,271.2,0.0
2020-12-07 18:28:00,0.0,0.0,7.78,3.42,4.36,0.0,100.0,0.0,0.0,466.8,205.2,261.6,0.0
2020-12-07 18:29:00,0.0,0.0,7.5,3.45,4.05,0.0,100.0,0.0,0.0,450.0,207.0,243.0,0.0
2020-12-07 18:30:00,0.0,0.0,6.78,3.43,3.35,0.0,100.0,0.0,0.0,406.8,205.8,201.0,0.0
2020-12-07 18:31:00,0.0,0.0,6.18,3.45,2.73,0.0,100.0,0.0,0.0,370.8,207.0,163.8,0.0
2020-12-07 18:32:00,0.0,0.0,6.12,3.43,2.69,0.0,100.0,0.0,0.0,367.2,205.8,161.4,0.0
2020-12-07 18:33:00,0.0,0.0,6.48,3.45,3.03,0.0,100.0,0.0,0.0,388.8,207.0,181.79999999999998,0.0
2020-12-07 18:34:00,0.0,0.0,7.07,3.4,3.67,0.0,100.0,0.0,0.0,424.20000000000005,204.0,220.2,0.0
2020-12-07 18:35:00,0.0,0.0,7.48,3.43,4.05,0.0,100.0,0.0,0.0,448.8,205.8,243.0,0.0
2020-12-07 18:36:00,0.0,0.0,7.88,3.4,4.48,0.0,100.0,0.0,0.0,472.8,204.0,268.8,0.0
2020-12-07 18:37:00,0.0,0.0,8.52,3.38,5.14,0.0,100.0,0.0,0.0,511.2,202.79999999999998,308.4,0.0
2020-12-07 18:38:00,0.0,0.0,9.9,3.4,6.5,0.0,100.0,0.0,0.0,594.0,204.0,390.0,0.0
2020-12-07 18:39:00,0.0,0.0,10.12,3.42,6.7,0.0,100.0,0.0,0.0,607.1999999999999,205.2,402.0,0.0
2020-12-07 18:40:00,0.0,0.0,9.97,3.35,6.62,0.0,100.0,0.0,0.0,598.2,201.0,397.2,0.0
2020-12-07 18:41:00,0.0,0.0,15.68,3.47,12.21,0.0,100.0,0.0,0.0,940.8,208.20000000000002,732.6,0.0
2020-12-07 18:42:00,0.0,0.0,16.93,3.72,13.21,0.0,100.0,0.0,0.0,1015.8,223.20000000000002,792.6,0.0
2020-12-07 18:43:00,0.0,0.0,13.72,3.48,10.24,0.0,100.0,0.0,0.0,823.2,208.8,614.4,0.0
2020-12-07 18:44:00,0.0,0.0,16.53,3.62,12.91,0.0,100.0,0.0,0.0,991.8000000000001,217.20000000000002,774.6,0.0
2020-12-07 18:45:00,0.0,0.0,19.05,3.6,15.45,0.0,100.0,0.0,0.0,1143.0,216.0,927.0,0.0
2020-12-07 18:46:00,0.0,0.0,15.58,3.62,11.96,0.0,100.0,0.0,0.0,934.8000000000001,217.20000000000002,717.6,0.0
2020-12-07 18:47:00,0.0,0.0,10.42,3.45,6.97,0.0,100.0,0.0,0.0,625.2,207.0,418.2,0.0
2020-12-07 18:48:00,0.0,0.0,10.38,3.53,6.85,0.0,100.0,0.0,0.0,622.8000000000001,211.79999999999998,411.0,0.0
2020-12-07 18:49:00,0.0,0.0,10.1,3.43,6.67,0.0,100.0,0.0,0.0,606.0,205.8,400.2,0.0
2020-12-07 18:50:00,0.0,0.0,11.95,3.42,8.53,0.0,100.0,0.0,0.0,717.0,205.2,511.79999999999995,0.0
2020-12-07 18:51:00,0.0,0.0,12.95,3.55,9.4,0.0,100.0,0.0,0.0,777.0,213.0,564.0,0.0
2020-12-07 18:52:00,0.0,0.0,10.28,3.4,6.88,0.0,100.0,0.0,0.0,616.8,204.0,412.8,0.0
2020-12-07 18:53:00,0.0,0.0,10.18,3.45,6.73,0.0,100.0,0.0,0.0,610.8,207.0,403.8,0.0
2020-12-07 18:54:00,0.0,0.0,9.33,3.35,5.98,0.0,100.0,0.0,0.0,559.8000000000001,201.0,358.8,0.0
2020-12-07 18:55:00,0.0,0.0,12.08,3.28,8.8,0.0,100.0,0.0,0.0,724.8000000000001,196.79999999999998,528.0,0.0
2020-12-07 18:56:00,0.0,0.0,15.5,3.65,11.85,0.0,100.0,0.0,0.0,930.0,219.0,711.0,0.0
2020-12-07 18:57:00,0.0,0.0,8.82,3.4,5.42,0.0,100.0,0.0,0.0,529.2,204.0,325.2,0.0
2020-12-07 18:58:00,0.0,0.0,8.12,3.38,4.74,0.0,100.0,0.0,0.0,487.19999999999993,202.79999999999998,284.40000000000003,0.0
2020-12-07 18:59:00,0.0,0.0,7.65,3.38,4.27,0.0,100.0,0.0,0.0,459.0,202.79999999999998,256.2,0.0
2020-12-07 19:00:00,0.0,0.0,6.83,3.33,3.5,0.0,100.0,0.0,0.0,409.8,199.8,210.0,0.0
2020-12-07 19:01:00,0.0,0.0,6.1,3.38,2.72,0.0,100.0,0.0,0.0,366.0,202.79999999999998,163.20000000000002,0.0
2020-12-07 19:02:00,0.0,0.0,5.1,3.4,1.7,0.0,100.0,0.0,0.0,306.0,204.0,102.0,0.0
2020-12-07 19:03:00,0.0,0.0,4.25,3.4,0.85,0.0,100.0,0.0,0.0,255.0,204.0,51.0,0.0
2020-12-07 19:04:00,0.0,0.0,3.83,3.37,0.46,0.0,100.0,0.0,0.0,229.8,202.20000000000002,27.6,0.0
2020-12-07 19:05:00,0.0,0.0,3.77,3.37,0.4,0.0,100.0,0.0,0.0,226.20000000000002,202.20000000000002,24.0,0.0
2020-12-07 19:06:00,0.0,0.0,3.48,3.37,0.11,0.0,100.0,0.0,0.0,208.8,202.20000000000002,6.6000000000000005,0.0
2020-12-07 19:07:00,0.0,0.0,3.37,3.35,0.02,0.0,100.0,0.0,0.0,202.20000000000002,201.0,1.2,0.0
2020-12-07 19:08:00,0.0,0.0,3.58,3.37,0.21,0.0,100.0,0.0,0.0,214.8,202.20000000000002,12.6,0.0
2020-12-07 19:09:00,0.0,0.0,3.57,3.37,0.2,0.0,100.0,0.0,0.0,214.2,202.20000000000002,12.0,0.0
2020-12-07 19:10:00,0.12,0.0,3.6,3.42,0.3,0.0,100.0,7.2,0.0,216.0,205.2,18.0,0.0
2020-12-07 19:11:00,0.0,0.0,3.25,3.42,0.0,0.17,100.0,0.0,0.0,195.0,205.2,0.0,10.200000000000001
2020-12-07 19:12:00,0.0,0.0,2.98,3.42,0.0,0.44,100.0,0.0,0.0,178.8,205.2,0.0,26.400000000000002
2020-12-07 19:13:00,0.0,0.0,2.63,3.42,0.0,0.79,100.0,0.0,0.0,157.79999999999998,205.2,0.0,47.400000000000006
2020-12-07 19:14:00,0.0,0.0,2.68,3.42,0.0,0.74,100.0,0.0,0.0,160.8,205.2,0.0,44.4
2020-12-07 19:15:00,0.0,0.0,3.65,3.4,0.25,0.0,100.0,0.0,0.0,219.0,204.0,15.0,0.0
2020-12-07 19:16:00,0.0,0.0,4.77,3.42,1.35,0.0,100.0,0.0,0.0,286.2,205.2,81.0,0.0
2020-12-07 19:17:00,0.0,0.0,4.72,3.38,1.34,0.0,100.0,0.0,0.0,283.2,202.79999999999998,80.4,0.0
2020-12-07 19:18:00,0.0,0.0,4.8,3.38,1.42,0.0,100.0,0.0,0.0,288.0,202.79999999999998,85.2,0.0
2020-12-07 19:19:00,0.0,0.0,4.75,3.37,1.38,0.0,100.0,0.0,0.0,285.0,202.20000000000002,82.8,0.0
2020-12-07 19:20:00,0.0,0.0,4.65,3.35,1.3,0.0,100.0,0.0,0.0,279.0,201.0,78.0,0.0
2020-12-07 19:21:00,0.0,0.0,4.5,3.35,1.15,0.0,100.0,0.0,0.0,270.0,201.0,69.0,0.0
2020-12-07 19:22:00,0.0,0.0,4.03,3.33,0.7,0.0,100.0,0.0,0.0,241.8,199.8,42.0,0.0
2020-12-07 19:23:00,0.0,0.0,3.73,3.35,0.38,0.0,100.0,0.0,0.0,223.8,201.0,22.8,0.0
2020-12-07 19:24:00,0.0,0.0,3.45,3.35,0.1,0.0,100.0,0.0,0.0,207.0,201.0,6.0,0.0
2020-12-07 19:25:00,0.0,0.0,2.88,3.37,0.0,0.49,100.0,0.0,0.0,172.79999999999998,202.20000000000002,0.0,29.4
2020-12-07 19:26:00,0.0,0.0,2.32,3.37,0.0,1.05,100.0,0.0,0.0,139.2,202.20000000000002,0.0,63.0
2020-12-07 19:27:00,0.97,0.0,1.87,3.37,0.0,0.53,100.0,58.199999999999996,0.0,112.2,202.20000000000002,0.0,31.8
2020-12-07 19:28:00,1.28,0.0,1.7,3.37,0.0,0.39,100.0,76.8,0.0,102.0,202.20000000000002,0.0,23.400000000000002
2020-12-07 19:29:00,1.42,0.0,1.65,3.38,0.0,0.31,100.0,85.2,0.0,99.0,202.79999999999998,0.0,18.6
2020-12-07 19:30:00,1.37,0.0,1.55,3.37,0.0,0.45,100.0,82.2,0.0,93.0,202.20000000000002,0.0,27.0
2020-12-07 19:31:00,1.48,0.0,1.38,3.35,0.0,0.49,100.0,88.8,0.0,82.8,201.0,0.0,29.4
2020-12-07 19:32:00,1.87,0.0,1.02,3.35,0.0,0.46,100.0,112.2,0.0,61.2,201.0,0.0,27.6
2020-12-07 19:33:00,2.25,0.0,0.65,3.3,0.0,0.4,100.0,135.0,0.0,39.0,198.0,0.0,24.0
2020-12-07 19:34:00,2.38,0.0,0.55,3.37,0.0,0.44,99.0,142.79999999999998,0.0,33.0,202.20000000000002,0.0,26.400000000000002
2020-12-07 19:35:00,2.38,0.0,0.48,3.35,0.0,0.49,99.0,142.79999999999998,0.0,28.8,201.0,0.0,29.4
2020-12-07 19:36:00,2.38,0.0,0.5,3.37,0.0,0.49,99.0,142.79999999999998,0.0,30.0,202.20000000000002,0.0,29.4
2020-12-07 19:37:00,2.27,0.0,0.57,3.33,0.0,0.49,99.0,136.20000000000002,0.0,34.199999999999996,199.8,0.0,29.4
2020-12-07 19:38:00,2.45,0.0,0.5,3.4,0.0,0.45,99.0,147.0,0.0,30.0,204.0,0.0,27.0
2020-12-07 19:39:00,2.42,0.0,0.48,3.37,0.0,0.47,99.0,145.2,0.0,28.8,202.20000000000002,0.0,28.2
2020-12-07 19:40:00,2.43,0.0,0.43,3.37,0.0,0.51,99.0,145.8,0.0,25.8,202.20000000000002,0.0,30.6
2020-12-07 19:41:00,2.38,0.0,0.5,3.35,0.0,0.47,99.0,142.79999999999998,0.0,30.0,201.0,0.0,28.2
2020-12-07 19:42:00,2.25,0.0,0.62,3.35,0.0,0.48,99.0,135.0,0.0,37.2,201.0,0.0,28.8
2020-12-07 19:43:00,1.98,0.0,0.9,3.38,0.0,0.5,99.0,118.8,0.0,54.0,202.79999999999998,0.0,30.0
2020-12-07 19:44:00,1.93,0.0,1.02,3.35,0.0,0.4,99.0,115.8,0.0,61.2,201.0,0.0,24.0
2020-12-07 19:45:00,1.75,0.0,1.03,3.32,0.0,0.54,99.0,105.0,0.0,61.800000000000004,199.2,0.0,32.400000000000006
2020-12-07 19:46:00,1.57,0.0,1.27,3.3,0.0,0.46,99.0,94.2,0.0,76.2,198.0,0.0,27.6
2020-12-07 19:47:00,1.52,0.0,1.28,3.33,0.0,0.53,99.0,91.2,0.0,76.8,199.8,0.0,31.8
2020-12-07 19:48:00,1.7,0.0,1.1,3.32,0.0,0.52,99.0,102.0,0.0,66.0,199.2,0.0,31.200000000000003
2020-12-07 19:49:00,1.7,0.0,1.13,3.35,0.0,0.52,99.0,102.0,0.0,67.8,201.0,0.0,31.200000000000003
2020-12-07 19:50:00,1.77,0.0,1.1,3.37,0.0,0.5,99.0,106.2,0.0,66.0,202.20000000000002,0.0,30.0
2020-12-07 19:51:00,1.75,0.0,1.08,3.37,0.0,0.54,99.0,105.0,0.0,64.80000000000001,202.20000000000002,0.0,32.400000000000006
2020-12-07 19:52:00,1.75,0.0,1.15,3.35,0.0,0.45,99.0,105.0,0.0,69.0,201.0,0.0,27.0
2020-12-07 19:53:00,1.48,0.0,1.35,3.35,0.0,0.52,99.0,88.8,0.0,81.0,201.0,0.0,31.200000000000003
2020-12-07 19:54:00,1.33,0.0,1.52,3.35,0.0,0.5,99.0,79.80000000000001,0.0,91.2,201.0,0.0,30.0
2020-12-07 19:55:00,1.13,0.0,1.75,3.38,0.0,0.5,99.0,67.8,0.0,105.0,202.79999999999998,0.0,30.0
2020-12-07 19:56:00,1.05,0.0,1.82,3.37,0.0,0.5,99.0,63.0,0.0,109.2,202.20000000000002,0.0,30.0
2020-12-07 19:57:00,1.05,0.0,1.82,3.35,0.0,0.48,99.0,63.0,0.0,109.2,201.0,0.0,28.8
2020-12-07 19:58:00,1.25,0.0,1.65,3.32,0.0,0.42,99.0,75.0,0.0,99.0,199.2,0.0,25.2
2020-12-07 19:59:00,1.28,0.0,1.58,3.35,0.0,0.49,99.0,76.8,0.0,94.80000000000001,201.0,0.0,29.4
2020-12-07 20:00:00,1.33,0.0,1.55,3.4,0.0,0.52,99.0,79.80000000000001,0.0,93.0,204.0,0.0,31.200000000000003
2020-12-07 20:01:00,1.52,0.0,1.4,3.38,0.0,0.46,99.0,91.2,0.0,84.0,202.79999999999998,0.0,27.6
2020-12-07 20:02:00,1.5,0.0,1.4,3.38,0.0,0.48,99.0,90.0,0.0,84.0,202.79999999999998,0.0,28.8
2020-12-07 20:03:00,1.43,0.0,1.47,3.43,0.0,0.53,99.0,85.8,0.0,88.2,205.8,0.0,31.8
2020-12-07 20:04:00,1.42,0.0,1.48,3.37,0.0,0.47,99.0,85.2,0.0,88.8,202.20000000000002,0.0,28.2
2020-12-07 20:05:00,1.33,0.0,1.53,3.38,0.0,0.52,99.0,79.80000000000001,0.0,91.8,202.79999999999998,0.0,31.200000000000003
2020-12-07 20:06:00,1.37,0.0,1.52,3.37,0.0,0.48,99.0,82.2,0.0,91.2,202.20000000000002,0.0,28.8
2020-12-07 20:07:00,1.37,0.0,1.52,3.35,0.0,0.46,99.0,82.2,0.0,91.2,201.0,0.0,27.6
2020-12-07 20:08:00,1.42,0.0,1.48,3.4,0.0,0.5,99.0,85.2,0.0,88.8,204.0,0.0,30.0
2020-12-07 20:09:00,1.4,0.0,1.5,3.35,0.0,0.45,99.0,84.0,0.0,90.0,201.0,0.0,27.0
2020-12-07 20:10:00,1.22,0.0,1.67,3.37,0.0,0.48,99.0,73.2,0.0,100.2,202.20000000000002,0.0,28.8
2020-12-07 20:11:00,1.13,0.0,1.7,3.35,0.0,0.52,99.0,67.8,0.0,102.0,201.0,0.0,31.200000000000003
2020-12-07 20:12:00,1.27,0.0,1.68,3.37,0.0,0.42,99.0,76.2,0.0,100.8,202.20000000000002,0.0,25.2
2020-12-07 20:13:00,1.23,0.0,1.63,3.42,0.0,0.56,99.0,73.8,0.0,97.8,205.2,0.0,33.6
2020-12-07 20:14:00,1.3,0.0,1.58,3.37,0.0,0.49,99.0,78.0,0.0,94.80000000000001,202.20000000000002,0.0,29.4
2020-12-07 20:15:00,1.4,0.0,1.48,3.38,0.0,0.5,99.0,84.0,0.0,88.8,202.79999999999998,0.0,30.0
2020-12-07 20:16:00,1.47,0.0,1.42,3.38,0.0,0.49,99.0,88.2,0.0,85.2,202.79999999999998,0.0,29.4
2020-12-07 20:17:00,1.5,0.0,1.38,3.33,0.0,0.45,99.0,90.0,0.0,82.8,199.8,0.0,27.0
2020-12-07 20:18:00,1.47,0.0,1.35,3.32,0.0,0.5,99.0,88.2,0.0,81.0,199.2,0.0,30.0
2020-12-07 20:19:00,1.57,0.0,1.25,3.32,0.0,0.5,99.0,94.2,0.0,75.0,199.2,0.0,30.0
2020-12-07 20:20:00,1.9,0.0,0.95,3.32,0.0,0.47,99.0,114.0,0.0,57.0,199.2,0.0,28.2
2020-12-07 20:21:00,2.22,0.0,0.67,3.35,0.0,0.46,99.0,133.20000000000002,0.0,40.2,201.0,0.0,27.6
2020-12-07 20:22:00,2.28,0.0,0.57,3.35,0.0,0.5,99.0,136.79999999999998,0.0,34.199999999999996,201.0,0.0,30.0
2020-12-07 20:23:00,2.2,0.0,0.5,3.3,0.0,0.6,99.0,132.0,0.0,30.0,198.0,0.0,36.0
2020-12-07 20:24:00,2.42,0.0,0.43,3.33,0.0,0.48,99.0,145.2,0.0,25.8,199.8,0.0,28.8
2020-12-07 20:25:00,2.62,0.0,0.25,3.37,0.0,0.5,98.0,157.20000000000002,0.0,15.0,202.20000000000002,0.0,30.0
2020-12-07 20:26:00,2.83,0.0,0.0,3.35,0.0,0.52,98.0,169.8,0.0,0.0,201.0,0.0,31.200000000000003
2020-12-07 20:27:00,2.85,0.0,0.0,3.33,0.0,0.48,98.0,171.0,0.0,0.0,199.8,0.0,28.8
2020-12-07 20:28:00,2.82,0.0,0.0,3.32,0.0,0.5,98.0,169.2,0.0,0.0,199.2,0.0,30.0
2020-12-07 20:29:00,2.8,0.0,0.0,3.33,0.0,0.53,98.0,168.0,0.0,0.0,199.8,0.0,31.8
2020-12-07 20:30:00,2.82,0.0,0.0,3.33,0.0,0.51,98.0,169.2,0.0,0.0,199.8,0.0,30.6
2020-12-07 20:31:00,2.92,0.0,0.0,3.33,0.0,0.41,98.0,175.2,0.0,0.0,199.8,0.0,24.599999999999998
2020-12-07 20:32:00,2.77,0.0,0.0,3.3,0.0,0.53,98.0,166.20000000000002,0.0,0.0,198.0,0.0,31.8
2020-12-07 20:33:00,2.85,0.0,0.0,3.37,0.0,0.52,98.0,171.0,0.0,0.0,202.20000000000002,0.0,31.200000000000003
2020-12-07 20:34:00,2.92,0.0,0.0,3.35,0.0,0.43,98.0,175.2,0.0,0.0,201.0,0.0,25.8
2020-12-07 20:35:00,2.83,0.0,0.0,3.35,0.0,0.52,98.0,169.8,0.0,0.0,201.0,0.0,31.200000000000003
2020-12-07 20:36:00,2.87,0.0,0.0,3.37,0.0,0.5,98.0,172.20000000000002,0.0,0.0,202.20000000000002,0.0,30.0
2020-12-07 20:37:00,2.83,0.0,0.0,3.33,0.0,0.5,98.0,169.8,0.0,0.0,199.8,0.0,30.0
2020-12-07 20:38:00,2.83,0.0,0.0,3.37,0.0,0.54,98.0,169.8,0.0,0.0,202.20000000000002,0.0,32.400000000000006
2020-12-07 20:39:00,2.9,0.0,0.0,3.33,0.0,0.43,98.0,174.0,0.0,0.0,199.8,0.0,25.8
2020-12-07 20:40:00,2.87,0.0,0.0,3.33,0.0,0.46,98.0,172.20000000000002,0.0,0.0,199.8,0.0,27.6
2020-12-07 20:41:00,2.83,0.0,0.0,3.32,0.0,0.49,98.0,169.8,0.0,0.0,199.2,0.0,29.4
2020-12-07 20:42:00,2.82,0.0,0.0,3.32,0.0,0.5,98.0,169.2,0.0,0.0,199.2,0.0,30.0
2020-12-07 20:43:00,2.75,0.0,0.0,3.3,0.0,0.55,98.0,165.0,0.0,0.0,198.0,0.0,33.0
2020-12-07 20:44:00,2.77,0.0,0.0,3.3,0.0,0.53,98.0,166.20000000000002,0.0,0.0,198.0,0.0,31.8
2020-12-07 20:45:00,2.8,0.0,0.0,3.28,0.0,0.48,98.0,168.0,0.0,0.0,196.79999999999998,0.0,28.8
2020-12-07 20:46:00,2.85,0.0,0.0,3.33,0.0,0.48,98.0,171.0,0.0,0.0,199.8,0.0,28.8
2020-12-07 20:47:00,2.83,0.0,0.0,3.33,0.0,0.5,98.0,169.8,0.0,0.0,199.8,0.0,30.0
2020-12-07 20:48:00,2.85,0.0,0.07,3.37,0.0,0.45,98.0,171.0,0.0,4.2,202.20000000000002,0.0,27.0
2020-12-07 20:49:00,2.82,0.0,0.18,3.35,0.0,0.35,98.0,169.2,0.0,10.799999999999999,201.0,0.0,21.0
2020-12-07 20:50:00,2.62,0.0,0.22,3.32,0.0,0.48,98.0,157.20000000000002,0.0,13.200000000000001,199.2,0.0,28.8
2020-12-07 20:51:00,2.8,0.0,0.05,3.32,0.0,0.47,98.0,168.0,0.0,3.0,199.2,0.0,28.2
2020-12-07 20:52:00,2.87,0.0,0.0,3.33,0.0,0.46,98.0,172.20000000000002,0.0,0.0,199.8,0.0,27.6
2020-12-07 20:53:00,2.85,0.0,0.0,3.37,0.0,0.52,97.0,171.0,0.0,0.0,202.20000000000002,0.0,31.200000000000003
2020-12-07 20:54:00,2.83,0.0,0.0,3.32,0.0,0.49,97.0,169.8,0.0,0.0,199.2,0.0,29.4
2020-12-07 20:55:00,2.82,0.0,0.0,3.32,0.0,0.5,97.0,169.2,0.0,0.0,199.2,0.0,30.0
2020-12-07 20:56:00,2.85,0.0,0.0,3.33,0.0,0.48,97.0,171.0,0.0,0.0,199.8,0.0,28.8
2020-12-07 20:57:00,2.9,0.0,0.0,3.33,0.0,0.43,97.0,174.0,0.0,0.0,199.8,0.0,25.8
2020-12-07 20:58:00,2.82,0.0,0.0,3.3,0.0,0.48,97.0,169.2,0.0,0.0,198.0,0.0,28.8
2020-12-07 20:59:00,2.77,0.0,0.0,3.28,0.0,0.51,97.0,166.20000000000002,0.0,0.0,196.79999999999998,0.0,30.6
2020-12-07 21:00:00,2.77,0.0,0.0,3.27,0.0,0.5,97.0,166.20000000000002,0.0,0.0,196.20000000000002,0.0,30.0
2020-12-07 21:01:00,2.8,0.0,0.0,3.27,0.0,0.47,97.0,168.0,0.0,0.0,196.20000000000002,0.0,28.2
2020-12-07 21:02:00,2.4,0.0,0.33,3.25,0.0,0.52,97.0,144.0,0.0,19.8,195.0,0.0,31.200000000000003
2020-12-07 21:03:00,1.75,0.0,1.05,3.32,0.0,0.52,97.0,105.0,0.0,63.0,199.2,0.0,31.200000000000003
2020-12-07 21:04:00,2.33,0.0,0.48,3.32,0.0,0.51,97.0,139.8,0.0,28.8,199.2,0.0,30.6
2020-12-07 21:05:00,2.8,0.0,0.0,3.3,0.0,0.5,97.0,168.0,0.0,0.0,198.0,0.0,30.0
2020-12-07 21:06:00,2.82,0.0,0.0,3.32,0.0,0.5,97.0,169.2,0.0,0.0,199.2,0.0,30.0
2020-12-07 21:07:00,2.82,0.0,0.0,3.27,0.0,0.45,97.0,169.2,0.0,0.0,196.20000000000002,0.0,27.0
2020-12-07 21:08:00,2.82,0.0,0.0,3.28,0.0,0.46,97.0,169.2,0.0,0.0,196.79999999999998,0.0,27.6
2020-12-07 21:09:00,2.88,0.0,0.0,3.3,0.0,0.42,97.0,172.79999999999998,0.0,0.0,198.0,0.0,25.2
2020-12-07 21:10:00,2.8,0.0,0.0,3.32,0.0,0.52,97.0,168.0,0.0,0.0,199.2,0.0,31.200000000000003
2020-12-07 21:11:00,2.8,0.0,0.0,3.32,0.0,0.52,97.0,168.0,0.0,0.0,199.2,0.0,31.200000000000003
2020-12-07 21:12:00,2.8,0.0,0.0,3.32,0.0,0.52,97.0,168.0,0.0,0.0,199.2,0.0,31.200000000000003
2020-12-07 21:13:00,2.83,0.0,0.0,3.3,0.0,0.47,97.0,169.8,0.0,0.0,198.0,0.0,28.2
2020-12-07 21:14:00,2.85,0.0,0.0,3.35,0.0,0.5,97.0,171.0,0.0,0.0,201.0,0.0,30.0
2020-12-07 21:15:00,2.9,0.0,0.0,3.37,0.0,0.47,97.0,174.0,0.0,0.0,202.20000000000002,0.0,28.2
2020-12-07 21:16:00,2.83,0.0,0.0,3.35,0.0,0.52,97.0,169.8,0.0,0.0,201.0,0.0,31.200000000000003
2020-12-07 21:17:00,2.8,0.0,0.0,3.33,0.0,0.53,97.0,168.0,0.0,0.0,199.8,0.0,31.8
2020-12-07 21:18:00,2.82,0.0,0.0,3.32,0.0,0.5,97.0,169.2,0.0,0.0,199.2,0.0,30.0
2020-12-07 21:19:00,2.78,0.0,0.0,3.33,0.0,0.55,97.0,166.79999999999998,0.0,0.0,199.8,0.0,33.0
2020-12-07 21:20:00,2.8,0.0,0.0,3.32,0.0,0.52,97.0,168.0,0.0,0.0,199.2,0.0,31.200000000000003
2020-12-07 21:21:00,2.88,0.0,0.0,3.33,0.0,0.45,96.0,172.79999999999998,0.0,0.0,199.8,0.0,27.0
2020-12-07 21:22:00,2.87,0.0,0.0,3.33,0.0,0.46,96.0,172.20000000000002,0.0,0.0,199.8,0.0,27.6
2020-12-07 21:23:00,2.83,0.0,0.0,3.32,0.0,0.49,96.0,169.8,0.0,0.0,199.2,0.0,29.4
2020-12-07 21:24:00,2.82,0.0,0.0,3.33,0.0,0.51,96.0,169.2,0.0,0.0,199.8,0.0,30.6
2020-12-07 21:25:00,2.85,0.0,0.0,3.35,0.0,0.5,96.0,171.0,0.0,0.0,201.0,0.0,30.0
2020-12-07 21:26:00,2.87,0.0,0.0,3.38,0.0,0.51,96.0,172.20000000000002,0.0,0.0,202.79999999999998,0.0,30.6
2020-12-07 21:27:00,2.9,0.0,0.0,3.38,0.0,0.48,96.0,174.0,0.0,0.0,202.79999999999998,0.0,28.8
2020-12-07 21:28:00,2.87,0.0,0.0,3.38,0.0,0.51,96.0,172.20000000000002,0.0,0.0,202.79999999999998,0.0,30.6
2020-12-07 21:29:00,2.87,0.0,0.0,3.4,0.0,0.53,96.0,172.20000000000002,0.0,0.0,204.0,0.0,31.8
2020-12-07 21:30:00,2.9,0.0,0.0,3.38,0.0,0.48,96.0,174.0,0.0,0.0,202.79999999999998,0.0,28.8
2020-12-07 21:31:00,2.9,0.0,0.0,3.42,0.0,0.52,96.0,174.0,0.0,0.0,205.2,0.0,31.200000000000003
2020-12-07 21:32:00,2.92,0.0,0.0,3.4,0.0,0.48,96.0,175.2,0.0,0.0,204.0,0.0,28.8
2020-12-07 21:33:00,2.95,0.0,0.0,3.43,0.0,0.48,96.0,177.0,0.0,0.0,205.8,0.0,28.8
2020-12-07 21:34:00,2.92,0.0,0.0,3.4,0.0,0.48,96.0,175.2,0.0,0.0,204.0,0.0,28.8
2020-12-07 21:35:00,2.85,0.0,0.0,3.37,0.0,0.52,96.0,171.0,0.0,0.0,202.20000000000002,0.0,31.200000000000003
2020-12-07 21:36:00,2.83,0.0,0.0,3.33,0.0,0.5,96.0,169.8,0.0,0.0,199.8,0.0,30.0
2020-12-07 21:37:00,2.83,0.0,0.0,3.33,0.0,0.5,96.0,169.8,0.0,0.0,199.8,0.0,30.0
2020-12-07 21:38:00,2.88,0.0,0.0,3.33,0.0,0.45,96.0,172.79999999999998,0.0,0.0,199.8,0.0,27.0
2020-12-07 21:39:00,2.9,0.0,0.0,3.37,0.0,0.47,96.0,174.0,0.0,0.0,202.20000000000002,0.0,28.2
2020-12-07 21:40:00,2.85,0.0,0.0,3.37,0.0,0.52,96.0,171.0,0.0,0.0,202.20000000000002,0.0,31.200000000000003
2020-12-07 21:41:00,2.85,0.0,0.0,3.35,0.0,0.5,96.0,171.0,0.0,0.0,201.0,0.0,30.0
2020-12-07 21:42:00,2.87,0.0,0.0,3.35,0.0,0.48,96.0,172.20000000000002,0.0,0.0,201.0,0.0,28.8
2020-12-07 21:43:00,2.85,0.0,0.0,3.35,0.0,0.5,96.0,171.0,0.0,0.0,201.0,0.0,30.0
2020-12-07 21:44:00,2.83,0.0,0.0,3.35,0.0,0.52,95.0,169.8,0.0,0.0,201.0,0.0,31.200000000000003
2020-12-07 21:45:00,2.9,0.0,0.0,3.37,0.0,0.47,95.0,174.0,0.0,0.0,202.20000000000002,0.0,28.2
2020-12-07 21:46:00,2.85,0.0,0.0,3.33,0.0,0.48,95.0,171.0,0.0,0.0,199.8,0.0,28.8
2020-12-07 21:47:00,2.82,0.0,0.0,3.32,0.0,0.5,95.0,169.2,0.0,0.0,199.2,0.0,30.0
2020-12-07 21:48:00,2.87,0.0,0.0,3.32,0.0,0.45,95.0,172.20000000000002,0.0,0.0,199.2,0.0,27.0
2020-12-07 21:49:00,2.82,0.0,0.0,3.33,0.0,0.51,95.0,169.2,0.0,0.0,199.8,0.0,30.6
2020-12-07 21:50:00,2.85,0.0,0.0,3.33,0.0,0.48,95.0,171.0,0.0,0.0,199.8,0.0,28.8
2020-12-07 21:51:00,2.83,0.0,0.0,3.35,0.0,0.52,95.0,169.8,0.0,0.0,201.0,0.0,31.200000000000003
2020-12-07 21:52:00,2.87,0.0,0.0,3.35,0.0,0.48,95.0,172.20000000000002,0.0,0.0,201.0,0.0,28.8
2020-12-07 21:53:00,2.83,0.0,0.0,3.33,0.0,0.5,95.0,169.8,0.0,0.0,199.8,0.0,30.0
2020-12-07 21:54:00,2.8,0.0,0.0,3.32,0.0,0.52,95.0,168.0,0.0,0.0,199.2,0.0,31.200000000000003
2020-12-07 21:55:00,2.83,0.0,0.0,3.35,0.0,0.52,95.0,169.8,0.0,0.0,201.0,0.0,31.200000000000003
2020-12-07 21:56:00,2.9,0.0,0.0,3.37,0.0,0.47,95.0,174.0,0.0,0.0,202.20000000000002,0.0,28.2
2020-12-07 21:57:00,2.88,0.0,0.0,3.37,0.0,0.49,95.0,172.79999999999998,0.0,0.0,202.20000000000002,0.0,29.4
2020-12-07 21:58:00,2.87,0.0,0.0,3.35,0.0,0.48,95.0,172.20000000000002,0.0,0.0,201.0,0.0,28.8
2020-12-07 21:59:00,2.82,0.0,0.0,3.33,0.0,0.51,95.0,169.2,0.0,0.0,199.8,0.0,30.6
2020-12-07 22:00:00,2.82,0.0,0.0,3.32,0.0,0.5,95.0,169.2,0.0,0.0,199.2,0.0,30.0
2020-12-07 22:01:00,2.83,0.0,0.0,3.32,0.0,0.49,95.0,169.8,0.0,0.0,199.2,0.0,29.4
2020-12-07 22:02:00,2.8,0.0,0.0,3.32,0.0,0.52,95.0,168.0,0.0,0.0,199.2,0.0,31.200000000000003
2020-12-07 22:03:00,2.87,0.0,0.0,3.33,0.0,0.46,95.0,172.20000000000002,0.0,0.0,199.8,0.0,27.6
2020-12-07 22:04:00,2.83,0.0,0.0,3.32,0.0,0.49,95.0,169.8,0.0,0.0,199.2,0.0,29.4
2020-12-07 22:05:00,2.83,0.0,0.0,3.33,0.0,0.5,95.0,169.8,0.0,0.0,199.8,0.0,30.0
2020-12-07 22:06:00,2.8,0.0,0.0,3.32,0.0,0.52,95.0,168.0,0.0,0.0,199.2,0.0,31.200000000000003
2020-12-07 22:07:00,2.82,0.0,0.0,3.32,0.0,0.5,94.0,169.2,0.0,0.0,199.2,0.0,30.0
2020-12-07 22:08:00,2.87,0.0,0.0,3.33,0.0,0.46,94.0,172.20000000000002,0.0,0.0,199.8,0.0,27.6
2020-12-07 22:09:00,2.85,0.0,0.0,3.33,0.0,0.48,94.0,171.0,0.0,0.0,199.8,0.0,28.8
2020-12-07 22:10:00,2.83,0.0,0.0,3.33,0.0,0.5,94.0,169.8,0.0,0.0,199.8,0.0,30.0
2020-12-07 22:11:00,2.82,0.0,0.0,3.33,0.0,0.51,94.0,169.2,0.0,0.0,199.8,0.0,30.6
2020-12-07 22:12:00,2.82,0.0,0.0,3.3,0.0,0.48,94.0,169.2,0.0,0.0,198.0,0.0,28.8
2020-12-07 22:13:00,2.83,0.0,0.0,3.32,0.0,0.49,94.0,169.8,0.0,0.0,199.2,0.0,29.4
2020-12-07 22:14:00,2.83,0.0,0.0,3.3,0.0,0.47,94.0,169.8,0.0,0.0,198.0,0.0,28.2
2020-12-07 22:15:00,2.85,0.0,0.0,3.33,0.0,0.48,94.0,171.0,0.0,0.0,199.8,0.0,28.8
2020-12-07 22:16:00,2.87,0.0,0.0,3.33,0.0,0.46,94.0,172.20000000000002,0.0,0.0,199.8,0.0,27.6
2020-12-07 22:17:00,2.92,0.0,0.0,3.33,0.0,0.41,94.0,175.2,0.0,0.0,199.8,0.0,24.599999999999998
2020-12-07 22:18:00,2.87,0.0,0.0,3.32,0.0,0.45,94.0,172.20000000000002,0.0,0.0,199.2,0.0,27.0
2020-12-07 22:19:00,2.83,0.0,0.0,3.33,0.0,0.5,94.0,169.8,0.0,0.0,199.8,0.0,30.0
2020-12-07 22:20:00,2.88,0.0,0.0,3.35,0.0,0.47,94.0,172.79999999999998,0.0,0.0,201.0,0.0,28.2
2020-12-07 22:21:00,2.88,0.0,0.0,3.37,0.0,0.49,94.0,172.79999999999998,0.0,0.0,202.20000000000002,0.0,29.4
2020-12-07 22:22:00,2.87,0.0,0.0,3.37,0.0,0.5,94.0,172.20000000000002,0.0,0.0,202.20000000000002,0.0,30.0
2020-12-07 22:23:00,2.95,0.0,0.0,3.38,0.0,0.43,94.0,177.0,0.0,0.0,202.79999999999998,0.0,25.8
2020-12-07 22:24:00,2.92,0.0,0.0,3.38,0.0,0.46,94.0,175.2,0.0,0.0,202.79999999999998,0.0,27.6
2020-12-07 22:25:00,2.85,0.0,0.0,3.35,0.0,0.5,94.0,171.0,0.0,0.0,201.0,0.0,30.0
2020-12-07 22:26:00,2.85,0.0,0.0,3.33,0.0,0.48,94.0,171.0,0.0,0.0,199.8,0.0,28.8
2020-12-07 22:27:00,2.83,0.0,0.0,3.32,0.0,0.49,94.0,169.8,0.0,0.0,199.2,0.0,29.4
2020-12-07 22:28:00,2.83,0.0,0.0,3.3,0.0,0.47,94.0,169.8,0.0,0.0,198.0,0.0,28.2
2020-12-07 22:29:00,2.85,0.0,0.0,3.32,0.0,0.47,92.0,171.0,0.0,0.0,199.2,0.0,28.2
2020-12-07 22:30:00,2.83,0.0,0.0,3.35,0.0,0.52,92.0,169.8,0.0,0.0,201.0,0.0,31.200000000000003
2020-12-07 22:31:00,2.83,0.0,0.0,3.35,0.0,0.52,92.0,169.8,0.0,0.0,201.0,0.0,31.200000000000003
2020-12-07 22:32:00,2.85,0.0,0.0,3.33,0.0,0.48,92.0,171.0,0.0,0.0,199.8,0.0,28.8
2020-12-07 22:33:00,2.82,0.0,0.0,3.35,0.0,0.53,92.0,169.2,0.0,0.0,201.0,0.0,31.8
2020-12-07 22:34:00,2.3,0.0,0.0,2.52,0.0,0.22,92.0,138.0,0.0,0.0,151.20000000000002,0.0,13.200000000000001
2020-12-07 22:35:00,1.43,0.0,0.0,1.93,0.0,0.5,92.0,85.8,0.0,0.0,115.8,0.0,30.0
2020-12-07 22:36:00,1.43,0.0,0.0,1.92,0.0,0.49,92.0,85.8,0.0,0.0,115.2,0.0,29.4
2020-12-07 22:37:00,1.42,0.0,0.0,1.92,0.0,0.5,92.0,85.2,0.0,0.0,115.2,0.0,30.0
2020-12-07 22:38:00,1.43,0.0,0.0,1.92,0.0,0.49,92.0,85.8,0.0,0.0,115.2,0.0,29.4
2020-12-07 22:39:00,1.4,0.0,0.0,1.88,0.0,0.48,92.0,84.0,0.0,0.0,112.8,0.0,28.8
2020-12-07 22:40:00,1.38,0.0,0.0,1.88,0.0,0.5,92.0,82.8,0.0,0.0,112.8,0.0,30.0
2020-12-07 22:41:00,1.4,0.0,0.0,1.88,0.0,0.48,92.0,84.0,0.0,0.0,112.8,0.0,28.8
2020-12-07 22:42:00,1.4,0.0,0.0,1.88,0.0,0.48,92.0,84.0,0.0,0.0,112.8,0.0,28.8
2020-12-07 22:43:00,1.42,0.0,0.0,1.92,0.0,0.5,92.0,85.2,0.0,0.0,115.2,0.0,30.0
2020-12-07 22:44:00,1.37,0.0,0.0,1.87,0.0,0.5,92.0,82.2,0.0,0.0,112.2,0.0,30.0
2020-12-07 22:45:00,1.4,0.0,0.0,1.88,0.0,0.48,92.0,84.0,0.0,0.0,112.8,0.0,28.8
2020-12-07 22:46:00,1.42,0.0,0.0,1.9,0.0,0.48,92.0,85.2,0.0,0.0,114.0,0.0,28.8
2020-12-07 22:47:00,1.45,0.0,0.0,1.9,0.0,0.45,92.0,87.0,0.0,0.0,114.0,0.0,27.0
2020-12-07 22:48:00,1.47,0.0,0.0,1.88,0.0,0.41,92.0,88.2,0.0,0.0,112.8,0.0,24.599999999999998
2020-12-07 22:49:00,1.4,0.0,0.0,1.9,0.0,0.5,92.0,84.0,0.0,0.0,114.0,0.0,30.0
2020-12-07 22:50:00,1.35,0.0,0.0,1.85,0.0,0.5,92.0,81.0,0.0,0.0,111.0,0.0,30.0
2020-12-07 22:51:00,1.38,0.0,0.0,1.88,0.0,0.5,92.0,82.8,0.0,0.0,112.8,0.0,30.0
2020-12-07 22:52:00,1.4,0.0,0.0,1.88,0.0,0.48,92.0,84.0,0.0,0.0,112.8,0.0,28.8
2020-12-07 22:53:00,1.37,0.0,0.0,1.88,0.0,0.51,92.0,82.2,0.0,0.0,112.8,0.0,30.6
2020-12-07 22:54:00,1.4,0.0,0.0,1.85,0.0,0.45,92.0,84.0,0.0,0.0,111.0,0.0,27.0
2020-12-07 22:55:00,1.4,0.0,0.0,1.87,0.0,0.47,92.0,84.0,0.0,0.0,112.2,0.0,28.2
2020-12-07 22:56:00,1.35,0.0,0.0,1.87,0.0,0.52,92.0,81.0,0.0,0.0,112.2,0.0,31.200000000000003
2020-12-07 22:57:00,1.35,0.0,0.0,1.87,0.0,0.52,92.0,81.0,0.0,0.0,112.2,0.0,31.200000000000003
2020-12-07 22:58:00,1.35,0.0,0.0,1.87,0.0,0.52,92.0,81.0,0.0,0.0,112.2,0.0,31.200000000000003
2020-12-07 22:59:00,1.4,0.0,0.0,1.87,0.0,0.47,92.0,84.0,0.0,0.0,112.2,0.0,28.2
2020-12-07 23:00:00,1.42,0.0,0.0,1.9,0.0,0.48,92.0,85.2,0.0,0.0,114.0,0.0,28.8
2020-12-07 23:01:00,1.4,0.0,0.0,1.9,0.0,0.5,91.0,84.0,0.0,0.0,114.0,0.0,30.0
2020-12-07 23:02:00,1.4,0.0,0.0,1.85,0.0,0.45,91.0,84.0,0.0,0.0,111.0,0.0,27.0
2020-12-07 23:03:00,1.43,0.0,0.0,1.92,0.0,0.49,91.0,85.8,0.0,0.0,115.2,0.0,29.4
2020-12-07 23:04:00,1.38,0.0,0.0,1.88,0.0,0.5,91.0,82.8,0.0,0.0,112.8,0.0,30.0
2020-12-07 23:05:00,1.42,0.0,0.0,1.9,0.0,0.48,91.0,85.2,0.0,0.0,114.0,0.0,28.8
2020-12-07 23:06:00,1.4,0.0,0.0,1.9,0.0,0.5,91.0,84.0,0.0,0.0,114.0,0.0,30.0
2020-12-07 23:07:00,1.42,0.0,0.0,1.9,0.0,0.48,91.0,85.2,0.0,0.0,114.0,0.0,28.8
2020-12-07 23:08:00,1.38,0.0,0.0,1.88,0.0,0.5,91.0,82.8,0.0,0.0,112.8,0.0,30.0
2020-12-07 23:09:00,1.37,0.0,0.0,1.9,0.0,0.53,91.0,82.2,0.0,0.0,114.0,0.0,31.8
2020-12-07 23:10:00,1.38,0.0,0.0,1.9,0.0,0.52,91.0,82.8,0.0,0.0,114.0,0.0,31.200000000000003
2020-12-07 23:11:00,1.4,0.0,0.0,1.88,0.0,0.48,91.0,84.0,0.0,0.0,112.8,0.0,28.8
2020-12-07 23:12:00,1.35,0.0,0.0,1.88,0.0,0.53,91.0,81.0,0.0,0.0,112.8,0.0,31.8
2020-12-07 23:13:00,1.37,0.0,0.0,1.9,0.0,0.53,91.0,82.2,0.0,0.0,114.0,0.0,31.8
2020-12-07 23:14:00,1.4,0.0,0.0,1.9,0.0,0.5,91.0,84.0,0.0,0.0,114.0,0.0,30.0
2020-12-07 23:15:00,1.43,0.0,0.0,1.92,0.0,0.49,91.0,85.8,0.0,0.0,115.2,0.0,29.4
2020-12-07 23:16:00,1.43,0.0,0.0,1.92,0.0,0.49,91.0,85.8,0.0,0.0,115.2,0.0,29.4
2020-12-07 23:17:00,1.43,0.0,0.0,1.92,0.0,0.49,91.0,85.8,0.0,0.0,115.2,0.0,29.4
2020-12-07 23:18:00,1.4,0.0,0.0,1.92,0.0,0.52,91.0,84.0,0.0,0.0,115.2,0.0,31.200000000000003
2020-12-07 23:19:00,1.42,0.0,0.0,1.9,0.0,0.48,91.0,85.2,0.0,0.0,114.0,0.0,28.8
2020-12-07 23:20:00,1.42,0.0,0.0,1.9,0.0,0.48,91.0,85.2,0.0,0.0,114.0,0.0,28.8
2020-12-07 23:21:00,1.4,0.0,0.0,1.9,0.0,0.5,91.0,84.0,0.0,0.0,114.0,0.0,30.0
2020-12-07 23:22:00,1.43,0.0,0.0,1.9,0.0,0.47,91.0,85.8,0.0,0.0,114.0,0.0,28.2
2020-12-07 23:23:00,1.4,0.0,0.0,1.92,0.0,0.52,91.0,84.0,0.0,0.0,115.2,0.0,31.200000000000003
2020-12-07 23:24:00,1.43,0.0,0.0,1.9,0.0,0.47,91.0,85.8,0.0,0.0,114.0,0.0,28.2
2020-12-07 23:25:00,1.42,0.0,0.0,1.9,0.0,0.48,91.0,85.2,0.0,0.0,114.0,0.0,28.8
2020-12-07 23:26:00,1.38,0.0,0.0,1.9,0.0,0.52,91.0,82.8,0.0,0.0,114.0,0.0,31.200000000000003
2020-12-07 23:27:00,1.43,0.0,0.0,1.92,0.0,0.49,91.0,85.8,0.0,0.0,115.2,0.0,29.4
2020-12-07 23:28:00,1.4,0.0,0.0,1.9,0.0,0.5,91.0,84.0,0.0,0.0,114.0,0.0,30.0
2020-12-07 23:29:00,1.42,0.0,0.0,1.9,0.0,0.48,91.0,85.2,0.0,0.0,114.0,0.0,28.8
2020-12-07 23:30:00,1.37,0.0,0.0,1.87,0.0,0.5,91.0,82.2,0.0,0.0,112.2,0.0,30.0
2020-12-07 23:31:00,1.38,0.0,0.0,1.9,0.0,0.52,91.0,82.8,0.0,0.0,114.0,0.0,31.200000000000003
2020-12-07 23:32:00,1.38,0.0,0.0,1.9,0.0,0.52,91.0,82.8,0.0,0.0,114.0,0.0,31.200000000000003
2020-12-07 23:33:00,1.42,0.0,0.0,1.9,0.0,0.48,91.0,85.2,0.0,0.0,114.0,0.0,28.8
2020-12-07 23:34:00,1.42,0.0,0.0,1.9,0.0,0.48,91.0,85.2,0.0,0.0,114.0,0.0,28.8
2020-12-07 23:35:00,1.37,0.0,0.0,1.9,0.0,0.53,90.0,82.2,0.0,0.0,114.0,0.0,31.8
2020-12-07 23:36:00,1.42,0.0,0.0,1.9,0.0,0.48,90.0,85.2,0.0,0.0,114.0,0.0,28.8
2020-12-07 23:37:00,1.35,0.0,0.0,1.88,0.0,0.53,90.0,81.0,0.0,0.0,112.8,0.0,31.8
2020-12-07 23:38:00,1.42,0.0,0.0,1.92,0.0,0.5,90.0,85.2,0.0,0.0,115.2,0.0,30.0
2020-12-07 23:39:00,1.42,0.0,0.0,1.9,0.0,0.48,90.0,85.2,0.0,0.0,114.0,0.0,28.8
2020-12-07 23:40:00,1.4,0.0,0.0,1.92,0.0,0.52,90.0,84.0,0.0,0.0,115.2,0.0,31.200000000000003
2020-12-07 23:41:00,1.42,0.0,0.0,1.92,0.0,0.5,90.0,85.2,0.0,0.0,115.2,0.0,30.0
2020-12-07 23:42:00,1.4,0.0,0.0,1.92,0.0,0.52,90.0,84.0,0.0,0.0,115.2,0.0,31.200000000000003
2020-12-07 23:43:00,1.43,0.0,0.0,1.92,0.0,0.49,90.0,85.8,0.0,0.0,115.2,0.0,29.4
2020-12-07 23:44:00,1.42,0.0,0.0,1.88,0.0,0.46,90.0,85.2,0.0,0.0,112.8,0.0,27.6
2020-12-07 23:45:00,1.38,0.0,0.0,1.88,0.0,0.5,90.0,82.8,0.0,0.0,112.8,0.0,30.0
2020-12-07 23:46:00,1.38,0.0,0.0,1.88,0.0,0.5,90.0,82.8,0.0,0.0,112.8,0.0,30.0
2020-12-07 23:47:00,1.42,0.0,0.0,1.87,0.0,0.45,90.0,85.2,0.0,0.0,112.2,0.0,27.0
2020-12-07 23:48:00,1.42,0.0,0.0,1.88,0.0,0.46,90.0,85.2,0.0,0.0,112.8,0.0,27.6
2020-12-07 23:49:00,1.4,0.0,0.0,1.9,0.0,0.5,90.0,84.0,0.0,0.0,114.0,0.0,30.0
2020-12-07 23:50:00,1.42,0.0,0.0,1.92,0.0,0.5,90.0,85.2,0.0,0.0,115.2,0.0,30.0
2020-12-07 23:51:00,1.45,0.0,0.0,1.93,0.0,0.48,90.0,87.0,0.0,0.0,115.8,0.0,28.8
2020-12-07 23:52:00,1.42,0.0,0.0,1.93,0.0,0.51,90.0,85.2,0.0,0.0,115.8,0.0,30.6
2020-12-07 23:53:00,1.43,0.0,0.0,1.93,0.0,0.5,90.0,85.8,0.0,0.0,115.8,0.0,30.0
2020-12-07 23:54:00,1.4,0.0,0.0,1.92,0.0,0.52,90.0,84.0,0.0,0.0,115.2,0.0,31.200000000000003
2020-12-07 23:55:00,1.43,0.0,0.0,1.93,0.0,0.5,90.0,85.8,0.0,0.0,115.8,0.0,30.0
2020-12-07 23:56:00,1.42,0.0,0.0,1.9,0.0,0.48,90.0,85.2,0.0,0.0,114.0,0.0,28.8
2020-12-07 23:57:00,1.42,0.0,0.0,1.9,0.0,0.48,90.0,85.2,0.0,0.0,114.0,0.0,28.8
2020-12-07 23:58:00,1.42,0.0,0.0,1.92,0.0,0.5,90.0,85.2,0.0,0.0,115.2,0.0,30.0
2020-12-07 23:59:00,1.4,0.0,0.0,1.92,0.0,0.52,90.0,84.0,0.0,0.0,115.2,0.0,31.200000000000003
2020-12-08 00:00:00,0.0,0.13,0.0,2.88,0.0,3.01,0.0,0.0,7.800000000000001,0.0,172.79999999999998,0.0,180.6
2020-12-08 00:01:00,0.0,0.12,0.0,2.87,0.0,2.99,0.0,0.0,7.2,0.0,172.20000000000002,0.0,179.4
2020-12-08 00:02:00,0.0,0.12,0.0,2.85,0.0,2.97,0.0,0.0,7.2,0.0,171.0,0.0,178.20000000000002
2020-12-08 00:03:00,0.0,0.12,0.0,2.53,0.0,2.65,0.0,0.0,7.2,0.0,151.79999999999998,0.0,159.0
2020-12-08 00:04:00,0.0,0.12,0.0,2.15,0.0,2.27,0.0,0.0,7.2,0.0,129.0,0.0,136.20000000000002
2020-12-08 00:05:00,0.0,0.12,0.0,2.22,0.0,2.34,0.0,0.0,7.2,0.0,133.20000000000002,0.0,140.4
2020-12-08 00:06:00,0.0,0.13,0.0,2.2,0.0,2.33,0.0,0.0,7.800000000000001,0.0,132.0,0.0,139.8
2020-12-08 00:07:00,0.0,0.13,0.0,2.12,0.0,2.25,0.0,0.0,7.800000000000001,0.0,127.2,0.0,135.0
2020-12-08 00:08:00,0.0,0.13,0.0,2.22,0.0,2.35,0.0,0.0,7.800000000000001,0.0,133.20000000000002,0.0,141.0
2020-12-08 00:09:00,0.0,0.13,0.0,2.55,0.0,2.68,0.0,0.0,7.800000000000001,0.0,153.0,0.0,160.8
2020-12-08 00:10:00,0.0,0.13,0.0,2.57,0.0,2.7,0.0,0.0,7.800000000000001,0.0,154.2,0.0,162.0
2020-12-08 00:11:00,0.0,0.13,0.0,2.55,0.0,2.68,0.0,0.0,7.800000000000001,0.0,153.0,0.0,160.8
2020-12-08 00:12:00,0.0,0.13,0.0,2.55,0.0,2.68,0.0,0.0,7.800000000000001,0.0,153.0,0.0,160.8
2020-12-08 00:13:00,0.0,0.13,0.0,2.53,0.0,2.66,0.0,0.0,7.800000000000001,0.0,151.79999999999998,0.0,159.60000000000002
2020-12-08 00:14:00,0.0,0.12,0.0,2.33,0.0,2.45,0.0,0.0,7.2,0.0,139.8,0.0,147.0
2020-12-08 00:15:00,0.0,0.12,0.0,2.13,0.0,2.25,0.0,0.0,7.2,0.0,127.8,0.0,135.0
2020-12-08 00:16:00,0.0,0.12,0.0,2.17,0.0,2.29,0.0,0.0,7.2,0.0,130.2,0.0,137.4
2020-12-08 00:17:00,0.0,0.12,0.0,2.15,0.0,2.27,0.0,0.0,7.2,0.0,129.0,0.0,136.20000000000002
2020-12-08 00:18:00,0.0,0.13,0.0,2.15,0.0,2.28,0.0,0.0,7.800000000000001,0.0,129.0,0.0,136.79999999999998
2020-12-08 00:19:00,0.0,0.13,0.0,2.17,0.0,2.3,0.0,0.0,7.800000000000001,0.0,130.2,0.0,138.0
2020-12-08 00:20:00,0.0,0.13,0.0,2.17,0.0,2.3,0.0,0.0,7.800000000000001,0.0,130.2,0.0,138.0
2020-12-08 00:21:00,0.0,0.13,0.0,2.15,0.0,2.28,0.0,0.0,7.800000000000001,0.0,129.0,0.0,136.79999999999998
2020-12-08 00:22:00,0.0,0.13,0.0,2.15,0.0,2.28,0.0,0.0,7.800000000000001,0.0,129.0,0.0,136.79999999999998
2020-12-08 00:23:00,0.0,0.13,0.0,2.17,0.0,2.3,0.0,0.0,7.800000000000001,0.0,130.2,0.0,138.0
2020-12-08 00:24:00,0.0,0.13,0.0,2.15,0.0,2.28,0.0,0.0,7.800000000000001,0.0,129.0,0.0,136.79999999999998
2020-12-08 00:25:00,0.0,0.12,0.0,2.15,0.0,2.27,0.0,0.0,7.2,0.0,129.0,0.0,136.20000000000002
2020-12-08 00:26:00,0.0,0.1,0.0,2.13,0.0,2.23,0.0,0.0,6.0,0.0,127.8,0.0,133.8
2020-12-08 00:27:00,0.0,0.1,0.0,2.15,0.0,2.25,0.0,0.0,6.0,0.0,129.0,0.0,135.0
2020-12-08 00:28:00,0.0,0.1,0.0,2.15,0.0,2.25,0.0,0.0,6.0,0.0,129.0,0.0,135.0
2020-12-08 00:29:00,0.0,0.12,0.0,2.15,0.0,2.27,0.0,0.0,7.2,0.0,129.0,0.0,136.20000000000002
2020-12-08 00:30:00,0.0,0.13,0.0,2.15,0.0,2.28,0.0,0.0,7.800000000000001,0.0,129.0,0.0,136.79999999999998
2020-12-08 00:31:00,0.0,0.13,0.0,2.15,0.0,2.28,0.0,0.0,7.800000000000001,0.0,129.0,0.0,136.79999999999998
2020-12-08 00:32:00,0.0,0.13,0.0,2.15,0.0,2.28,0.0,0.0,7.800000000000001,0.0,129.0,0.0,136.79999999999998
2020-12-08 00:33:00,0.0,0.13,0.0,2.12,0.0,2.25,0.0,0.0,7.800000000000001,0.0,127.2,0.0,135.0
2020-12-08 00:34:00,0.0,0.13,0.0,2.12,0.0,2.25,0.0,0.0,7.800000000000001,0.0,127.2,0.0,135.0
2020-12-08 00:35:00,0.0,0.13,0.0,2.13,0.0,2.26,0.0,0.0,7.800000000000001,0.0,127.8,0.0,135.6
2020-12-08 00:36:00,0.0,0.13,0.0,8.38,0.0,8.51,0.0,0.0,7.800000000000001,0.0,502.80000000000007,0.0,510.59999999999997
2020-12-08 00:37:00,0.0,0.13,0.0,5.83,0.0,5.96,0.0,0.0,7.800000000000001,0.0,349.8,0.0,357.6
2020-12-08 00:38:00,0.0,0.12,0.0,2.13,0.0,2.25,0.0,0.0,7.2,0.0,127.8,0.0,135.0
2020-12-08 00:39:00,0.0,0.1,0.0,2.13,0.0,2.23,0.0,0.0,6.0,0.0,127.8,0.0,133.8
2020-12-08 00:40:00,0.0,0.1,0.0,2.13,0.0,2.23,0.0,0.0,6.0,0.0,127.8,0.0,133.8
2020-12-08 00:41:00,0.0,0.12,0.0,2.12,0.0,2.24,0.0,0.0,7.2,0.0,127.2,0.0,134.4
2020-12-08 00:42:00,0.0,0.12,0.0,2.12,0.0,2.24,0.0,0.0,7.2,0.0,127.2,0.0,134.4
2020-12-08 00:43:00,0.0,0.13,0.0,2.1,0.0,2.23,0.0,0.0,7.800000000000001,0.0,126.0,0.0,133.8
2020-12-08 00:44:00,0.0,0.12,0.0,2.1,0.0,2.22,0.0,0.0,7.2,0.0,126.0,0.0,133.20000000000002
2020-12-08 00:45:00,0.0,0.12,0.0,2.08,0.0,2.2,0.0,0.0,7.2,0.0,124.80000000000001,0.0,132.0
2020-12-08 00:46:00,0.0,0.12,0.0,2.1,0.0,2.22,0.0,0.0,7.2,0.0,126.0,0.0,133.20000000000002
2020-12-08 00:47:00,0.0,0.12,0.0,2.1,0.0,2.22,0.0,0.0,7.2,0.0,126.0,0.0,133.20000000000002
2020-12-08 00:48:00,0.0,0.12,0.0,2.1,0.0,2.22,0.0,0.0,7.2,0.0,126.0,0.0,133.20000000000002
2020-12-08 00:49:00,0.0,0.13,0.0,2.1,0.0,2.23,0.0,0.0,7.800000000000001,0.0,126.0,0.0,133.8
2020-12-08 00:50:00,0.0,0.1,0.0,2.08,0.0,2.18,0.0,0.0,6.0,0.0,124.80000000000001,0.0,130.8
2020-12-08 00:51:00,0.0,0.1,0.0,2.1,0.0,2.2,0.0,0.0,6.0,0.0,126.0,0.0,132.0
2020-12-08 00:52:00,0.0,0.1,0.0,2.1,0.0,2.2,0.0,0.0,6.0,0.0,126.0,0.0,132.0
2020-12-08 00:53:00,0.0,0.1,0.0,2.1,0.0,2.2,0.0,0.0,6.0,0.0,126.0,0.0,132.0
2020-12-08 00:54:00,0.0,0.12,0.0,2.08,0.0,2.2,0.0,0.0,7.2,0.0,124.80000000000001,0.0,132.0
2020-12-08 00:55:00,0.0,0.13,0.0,2.07,0.0,2.2,0.0,0.0,7.800000000000001,0.0,124.19999999999999,0.0,132.0
2020-12-08 00:56:00,0.0,0.13,0.0,2.07,0.0,2.2,0.0,0.0,7.800000000000001,0.0,124.19999999999999,0.0,132.0
2020-12-08 00:57:00,0.0,0.13,0.0,2.07,0.0,2.2,0.0,0.0,7.800000000000001,0.0,124.19999999999999,0.0,132.0
2020-12-08 00:58:00,0.0,0.13,0.0,2.07,0.0,2.2,0.0,0.0,7.800000000000001,0.0,124.19999999999999,0.0,132.0
2020-12-08 00:59:00,0.0,0.13,0.0,2.07,0.0,2.2,0.0,0.0,7.800000000000001,0.0,124.19999999999999,0.0,132.0
2020-12-08 01:00:00,0.0,0.13,0.0,2.07,0.0,2.2,0.0,0.0,7.800000000000001,0.0,124.19999999999999,0.0,132.0
2020-12-08 01:01:00,0.0,0.13,0.0,2.08,0.0,2.21,0.0,0.0,7.800000000000001,0.0,124.80000000000001,0.0,132.6
2020-12-08 01:02:00,0.0,0.1,0.0,2.07,0.0,2.17,0.0,0.0,6.0,0.0,124.19999999999999,0.0,130.2
2020-12-08 01:03:00,0.0,0.1,0.0,2.08,0.0,2.18,0.0,0.0,6.0,0.0,124.80000000000001,0.0,130.8
2020-12-08 01:04:00,0.0,0.1,0.0,2.07,0.0,2.17,0.0,0.0,6.0,0.0,124.19999999999999,0.0,130.2
2020-12-08 01:05:00,0.0,0.1,0.0,2.07,0.0,2.17,0.0,0.0,6.0,0.0,124.19999999999999,0.0,130.2
2020-12-08 01:06:00,0.0,0.12,0.0,2.08,0.0,2.2,0.0,0.0,7.2,0.0,124.80000000000001,0.0,132.0
2020-12-08 01:07:00,0.0,0.12,0.0,2.1,0.0,2.22,0.0,0.0,7.2,0.0,126.0,0.0,133.20000000000002
2020-12-08 01:08:00,0.0,0.12,0.0,2.08,0.0,2.2,0.0,0.0,7.2,0.0,124.80000000000001,0.0,132.0
2020-12-08 01:09:00,0.0,0.12,0.0,2.08,0.0,2.2,0.0,0.0,7.2,0.0,124.80000000000001,0.0,132.0
2020-12-08 01:10:00,0.0,0.12,0.0,2.08,0.0,2.2,0.0,0.0,7.2,0.0,124.80000000000001,0.0,132.0
2020-12-08 01:11:00,0.0,0.12,0.0,2.08,0.0,2.2,0.0,0.0,7.2,0.0,124.80000000000001,0.0,132.0
2020-12-08 01:12:00,0.0,0.12,0.0,2.1,0.0,2.22,0.0,0.0,7.2,0.0,126.0,0.0,133.20000000000002
2020-12-08 01:13:00,0.0,0.12,0.0,2.1,0.0,2.22,0.0,0.0,7.2,0.0,126.0,0.0,133.20000000000002
2020-12-08 01:14:00,0.0,0.1,0.0,2.08,0.0,2.18,0.0,0.0,6.0,0.0,124.80000000000001,0.0,130.8
2020-12-08 01:15:00,0.0,0.1,0.0,2.1,0.0,2.2,0.0,0.0,6.0,0.0,126.0,0.0,132.0
2020-12-08 01:16:00,0.0,0.1,0.0,2.07,0.0,2.17,0.0,0.0,6.0,0.0,124.19999999999999,0.0,130.2
2020-12-08 01:17:00,0.0,0.1,0.0,2.07,0.0,2.17,0.0,0.0,6.0,0.0,124.19999999999999,0.0,130.2
2020-12-08 01:18:00,0.0,0.12,0.0,2.05,0.0,2.17,0.0,0.0,7.2,0.0,122.99999999999999,0.0,130.2
2020-12-08 01:19:00,0.0,0.13,0.0,2.07,0.0,2.2,0.0,0.0,7.800000000000001,0.0,124.19999999999999,0.0,132.0
2020-12-08 01:20:00,0.0,0.13,0.0,2.05,0.0,2.18,0.0,0.0,7.800000000000001,0.0,122.99999999999999,0.0,130.8
2020-12-08 01:21:00,0.0,0.12,0.0,2.05,0.0,2.17,0.0,0.0,7.2,0.0,122.99999999999999,0.0,130.2
2020-12-08 01:22:00,0.0,0.12,0.0,2.05,0.0,2.17,0.0,0.0,7.2,0.0,122.99999999999999,0.0,130.2
2020-12-08 01:23:00,0.0,0.12,0.0,2.05,0.0,2.17,0.0,0.0,7.2,0.0,122.99999999999999,0.0,130.2
2020-12-08 01:24:00,0.0,0.12,0.0,2.08,0.0,2.2,0.0,0.0,7.2,0.0,124.80000000000001,0.0,132.0
2020-12-08 01:25:00,0.0,0.12,0.0,2.08,0.0,2.2,0.0,0.0,7.2,0.0,124.80000000000001,0.0,132.0
2020-12-08 01:26:00,0.0,0.1,0.0,2.07,0.0,2.17,0.0,0.0,6.0,0.0,124.19999999999999,0.0,130.2
2020-12-08 01:27:00,0.0,0.1,0.0,2.07,0.0,2.17,0.0,0.0,6.0,0.0,124.19999999999999,0.0,130.2
2020-12-08 01:28:00,0.0,0.1,0.0,2.05,0.0,2.15,0.0,0.0,6.0,0.0,122.99999999999999,0.0,129.0
2020-12-08 01:29:00,0.0,0.1,0.0,2.05,0.0,2.15,0.0,0.0,6.0,0.0,122.99999999999999,0.0,129.0
2020-12-08 01:30:00,0.0,0.1,0.0,2.03,0.0,2.13,0.0,0.0,6.0,0.0,121.79999999999998,0.0,127.8
2020-12-08 01:31:00,0.0,0.12,0.0,2.03,0.0,2.15,0.0,0.0,7.2,0.0,121.79999999999998,0.0,129.0
2020-12-08 01:32:00,0.0,0.12,0.0,2.03,0.0,2.15,0.0,0.0,7.2,0.0,121.79999999999998,0.0,129.0
2020-12-08 01:33:00,0.0,0.12,0.0,2.03,0.0,2.15,0.0,0.0,7.2,0.0,121.79999999999998,0.0,129.0
2020-12-08 01:34:00,0.0,0.12,0.0,2.02,0.0,2.14,0.0,0.0,7.2,0.0,121.2,0.0,128.4
2020-12-08 01:35:00,0.0,0.12,0.0,2.03,0.0,2.15,0.0,0.0,7.2,0.0,121.79999999999998,0.0,129.0
2020-12-08 01:36:00,0.0,0.12,0.0,2.05,0.0,2.17,0.0,0.0,7.2,0.0,122.99999999999999,0.0,130.2
2020-12-08 01:37:00,0.0,0.12,0.0,2.03,0.0,2.15,0.0,0.0,7.2,0.0,121.79999999999998,0.0,129.0
2020-12-08 01:38:00,0.0,0.1,0.0,2.03,0.0,2.13,0.0,0.0,6.0,0.0,121.79999999999998,0.0,127.8
2020-12-08 01:39:00,0.0,0.1,0.0,2.03,0.0,2.13,0.0,0.0,6.0,0.0,121.79999999999998,0.0,127.8
2020-12-08 01:40:00,0.0,0.1,0.0,2.05,0.0,2.15,0.0,0.0,6.0,0.0,122.99999999999999,0.0,129.0
2020-12-08 01:41:00,0.0,0.1,0.0,2.03,0.0,2.13,0.0,0.0,6.0,0.0,121.79999999999998,0.0,127.8
2020-12-08 01:42:00,0.0,0.1,0.0,2.03,0.0,2.13,0.0,0.0,6.0,0.0,121.79999999999998,0.0,127.8
2020-12-08 01:43:00,0.0,0.12,0.0,2.03,0.0,2.15,0.0,0.0,7.2,0.0,121.79999999999998,0.0,129.0
2020-12-08 01:44:00,0.0,0.12,0.0,2.03,0.0,2.15,0.0,0.0,7.2,0.0,121.79999999999998,0.0,129.0
2020-12-08 01:45:00,0.0,0.12,0.0,2.02,0.0,2.14,0.0,0.0,7.2,0.0,121.2,0.0,128.4
2020-12-08 01:46:00,0.0,0.12,0.0,2.02,0.0,2.14,0.0,0.0,7.2,0.0,121.2,0.0,128.4
2020-12-08 01:47:00,0.0,0.12,0.0,2.0,0.0,2.12,0.0,0.0,7.2,0.0,120.0,0.0,127.2
2020-12-08 01:48:00,0.0,0.12,0.0,2.02,0.0,2.14,0.0,0.0,7.2,0.0,121.2,0.0,128.4
2020-12-08 01:49:00,0.0,0.12,0.0,2.03,0.0,2.15,0.0,0.0,7.2,0.0,121.79999999999998,0.0,129.0
2020-12-08 01:50:00,0.0,0.1,0.0,2.03,0.0,2.13,0.0,0.0,6.0,0.0,121.79999999999998,0.0,127.8
2020-12-08 01:51:00,0.0,0.08,0.0,2.05,0.0,2.13,0.0,0.0,4.8,0.0,122.99999999999999,0.0,127.8
2020-12-08 01:52:00,0.0,0.1,0.0,2.03,0.0,2.13,0.0,0.0,6.0,0.0,121.79999999999998,0.0,127.8
2020-12-08 01:53:00,0.0,0.1,0.0,2.05,0.0,2.15,0.0,0.0,6.0,0.0,122.99999999999999,0.0,129.0
2020-12-08 01:54:00,0.0,0.1,0.0,2.05,0.0,2.15,0.0,0.0,6.0,0.0,122.99999999999999,0.0,129.0
2020-12-08 01:55:00,0.0,0.12,0.0,2.05,0.0,2.17,0.0,0.0,7.2,0.0,122.99999999999999,0.0,130.2
2020-12-08 01:56:00,0.0,0.12,0.0,2.02,0.0,2.14,0.0,0.0,7.2,0.0,121.2,0.0,128.4
2020-12-08 01:57:00,0.0,0.12,0.0,2.03,0.0,2.15,0.0,0.0,7.2,0.0,121.79999999999998,0.0,129.0
2020-12-08 01:58:00,0.0,0.12,0.0,2.02,0.0,2.14,0.0,0.0,7.2,0.0,121.2,0.0,128.4
2020-12-08 01:59:00,0.0,0.12,0.0,2.02,0.0,2.14,0.0,0.0,7.2,0.0,121.2,0.0,128.4
2020-12-08 02:00:00,0.0,0.12,0.0,2.02,0.0,2.14,0.0,0.0,7.2,0.0,121.2,0.0,128.4
2020-12-08 02:01:00,0.0,0.12,0.0,2.03,0.0,2.15,0.0,0.0,7.2,0.0,121.79999999999998,0.0,129.0
2020-12-08 02:02:00,0.0,0.1,0.0,2.05,0.0,2.15,0.0,0.0,6.0,0.0,122.99999999999999,0.0,129.0
2020-12-08 02:03:00,0.0,0.1,0.0,2.05,0.0,2.15,0.0,0.0,6.0,0.0,122.99999999999999,0.0,129.0
2020-12-08 02:04:00,0.0,0.1,0.0,2.03,0.0,2.13,0.0,0.0,6.0,0.0,121.79999999999998,0.0,127.8
2020-12-08 02:05:00,0.0,8.22,0.0,1.87,0.0,10.09,0.0,0.0,493.20000000000005,0.0,112.2,0.0,605.4
2020-12-08 02:06:00,0.0,13.33,0.0,2.07,0.0,15.4,0.0,0.0,799.8000000000001,0.0,124.19999999999999,0.0,924.0
2020-12-08 02:07:00,0.0,13.33,0.0,2.07,0.0,15.4,0.0,0.0,799.8000000000001,0.0,124.19999999999999,0.0,924.0
2020-12-08 02:08:00,0.0,13.33,0.0,2.05,0.0,15.38,0.0,0.0,799.8000000000001,0.0,122.99999999999999,0.0,922.8000000000001
2020-12-08 02:09:00,0.0,13.33,0.0,2.28,0.0,15.61,0.0,0.0,799.8000000000001,0.0,136.79999999999998,0.0,936.6
2020-12-08 02:10:00,0.0,13.33,0.0,2.05,0.0,15.38,0.0,0.0,799.8000000000001,0.0,122.99999999999999,0.0,922.8000000000001
2020-12-08 02:11:00,0.0,13.33,0.0,2.08,0.0,15.41,0.0,0.0,799.8000000000001,0.0,124.80000000000001,0.0,924.6
2020-12-08 02:12:00,0.0,13.33,0.0,2.1,0.0,15.43,0.0,0.0,799.8000000000001,0.0,126.0,0.0,925.8
2020-12-08 02:13:00,0.0,13.33,0.0,2.05,0.0,15.38,0.0,0.0,799.8000000000001,0.0,122.99999999999999,0.0,922.8000000000001
2020-12-08 02:14:00,0.0,13.33,0.0,2.08,0.0,15.41,0.0,0.0,799.8000000000001,0.0,124.80000000000001,0.0,924.6
2020-12-08 02:15:00,0.0,13.33,0.0,2.08,0.0,15.41,0.0,0.0,799.8000000000001,0.0,124.80000000000001,0.0,924.6
2020-12-08 02:16:00,0.0,13.33,0.0,2.08,0.0,15.41,0.0,0.0,799.8000000000001,0.0,124.80000000000001,0.0,924.6
2020-12-08 02:17:00,0.0,13.33,0.0,2.07,0.0,15.4,0.0,0.0,799.8000000000001,0.0,124.19999999999999,0.0,924.0
2020-12-08 02:18:00,0.0,13.33,0.0,2.1,0.0,15.43,0.0,0.0,799.8000000000001,0.0,126.0,0.0,925.8
2020-12-08 02:19:00,0.0,13.33,0.0,2.08,0.0,15.41,0.0,0.0,799.8000000000001,0.0,124.80000000000001,0.0,924.6
2020-12-08 02:20:00,0.0,13.33,0.0,2.08,0.0,15.41,0.0,0.0,799.8000000000001,0.0,124.80000000000001,0.0,924.6
2020-12-08 02:21:00,0.0,13.33,0.0,2.08,0.0,15.41,0.0,0.0,799.8000000000001,0.0,124.80000000000001,0.0,924.6
2020-12-08 02:22:00,0.0,13.33,0.0,2.1,0.0,15.43,0.0,0.0,799.8000000000001,0.0,126.0,0.0,925.8
2020-12-08 02:23:00,0.0,13.33,0.0,2.1,0.0,15.43,0.0,0.0,799.8000000000001,0.0,126.0,0.0,925.8
2020-12-08 02:24:00,0.0,13.33,0.0,2.12,0.0,15.45,0.0,0.0,799.8000000000001,0.0,127.2,0.0,927.0
2020-12-08 02:25:00,0.0,13.33,0.0,2.07,0.0,15.4,0.0,0.0,799.8000000000001,0.0,124.19999999999999,0.0,924.0
2020-12-08 02:26:00,0.0,13.33,0.0,2.1,0.0,15.43,0.0,0.0,799.8000000000001,0.0,126.0,0.0,925.8
2020-12-08 02:27:00,0.0,13.33,0.0,2.1,0.0,15.43,0.0,0.0,799.8000000000001,0.0,126.0,0.0,925.8
2020-12-08 02:28:00,0.0,13.33,0.0,2.13,0.0,15.46,0.0,0.0,799.8000000000001,0.0,127.8,0.0,927.6
2020-12-08 02:29:00,0.0,7.42,0.0,1.93,0.0,9.35,1.0,0.0,445.2,0.0,115.8,0.0,561.0
2020-12-08 02:30:00,0.0,0.08,0.0,2.1,0.0,2.18,0.0,0.0,4.8,0.0,126.0,0.0,130.8
2020-12-08 02:31:00,0.0,0.18,0.0,2.02,0.0,2.2,0.0,0.0,10.799999999999999,0.0,121.2,0.0,132.0
2020-12-08 02:32:00,0.0,0.18,0.0,1.95,0.0,2.13,0.0,0.0,10.799999999999999,0.0,117.0,0.0,127.8
2020-12-08 02:33:00,0.0,0.18,0.0,1.95,0.0,2.13,0.0,0.0,10.799999999999999,0.0,117.0,0.0,127.8
2020-12-08 02:34:00,0.0,0.17,0.0,1.95,0.0,2.12,0.0,0.0,10.200000000000001,0.0,117.0,0.0,127.2
2020-12-08 02:35:00,0.0,0.17,0.0,1.92,0.0,2.09,0.0,0.0,10.200000000000001,0.0,115.2,0.0,125.39999999999999
2020-12-08 02:36:00,0.0,0.17,0.0,1.92,0.0,2.09,0.0,0.0,10.200000000000001,0.0,115.2,0.0,125.39999999999999
2020-12-08 02:37:00,0.0,0.15,0.0,1.93,0.0,2.08,0.0,0.0,9.0,0.0,115.8,0.0,124.80000000000001
2020-12-08 02:38:00,0.0,0.15,0.0,1.95,0.0,2.1,0.0,0.0,9.0,0.0,117.0,0.0,126.0
2020-12-08 02:39:00,0.0,0.17,0.0,1.95,0.0,2.12,0.0,0.0,10.200000000000001,0.0,117.0,0.0,127.2
2020-12-08 02:40:00,0.0,0.18,0.0,1.95,0.0,2.13,0.0,0.0,10.799999999999999,0.0,117.0,0.0,127.8
2020-12-08 02:41:00,0.0,0.18,0.0,1.95,0.0,2.13,0.0,0.0,10.799999999999999,0.0,117.0,0.0,127.8
2020-12-08 02:42:00,0.0,0.18,0.0,1.93,0.0,2.11,0.0,0.0,10.799999999999999,0.0,115.8,0.0,126.6
2020-12-08 02:43:00,0.0,0.18,0.0,1.93,0.0,2.11,0.0,0.0,10.799999999999999,0.0,115.8,0.0,126.6
2020-12-08 02:44:00,0.0,0.18,0.0,1.93,0.0,2.11,0.0,0.0,10.799999999999999,0.0,115.8,0.0,126.6
2020-12-08 02:45:00,0.0,0.18,0.0,1.97,0.0,2.15,0.0,0.0,10.799999999999999,0.0,118.2,0.0,129.0
2020-12-08 02:46:00,0.0,0.18,0.0,1.92,0.0,2.1,0.0,0.0,10.799999999999999,0.0,115.2,0.0,126.0
2020-12-08 02:47:00,0.0,0.17,0.0,1.92,0.0,2.09,0.0,0.0,10.200000000000001,0.0,115.2,0.0,125.39999999999999
2020-12-08 02:48:00,0.0,0.17,0.0,1.92,0.0,2.09,0.0,0.0,10.200000000000001,0.0,115.2,0.0,125.39999999999999
2020-12-08 02:49:00,0.0,0.15,0.0,1.9,0.0,2.05,0.0,0.0,9.0,0.0,114.0,0.0,122.99999999999999
2020-12-08 02:50:00,0.0,0.15,0.0,1.92,0.0,2.07,0.0,0.0,9.0,0.0,115.2,0.0,124.19999999999999
2020-12-08 02:51:00,0.0,0.17,0.0,1.93,0.0,2.1,0.0,0.0,10.200000000000001,0.0,115.8,0.0,126.0
2020-12-08 02:52:00,0.0,0.18,0.0,1.92,0.0,2.1,0.0,0.0,10.799999999999999,0.0,115.2,0.0,126.0
2020-12-08 02:53:00,0.0,0.18,0.0,1.92,0.0,2.1,0.0,0.0,10.799999999999999,0.0,115.2,0.0,126.0
2020-12-08 02:54:00,0.0,0.18,0.0,1.93,0.0,2.11,0.0,0.0,10.799999999999999,0.0,115.8,0.0,126.6
2020-12-08 02:55:00,0.0,0.18,0.0,1.93,0.0,2.11,0.0,0.0,10.799999999999999,0.0,115.8,0.0,126.6
2020-12-08 02:56:00,0.0,0.2,0.0,1.92,0.0,2.12,0.0,0.0,12.0,0.0,115.2,0.0,127.2
2020-12-08 02:57:00,0.0,0.2,0.0,1.88,0.0,2.08,0.0,0.0,12.0,0.0,112.8,0.0,124.80000000000001
2020-12-08 02:58:00,0.0,0.18,0.0,1.88,0.0,2.06,0.0,0.0,10.799999999999999,0.0,112.8,0.0,123.60000000000001
2020-12-08 02:59:00,0.0,0.17,0.0,1.88,0.0,2.05,0.0,0.0,10.200000000000001,0.0,112.8,0.0,122.99999999999999
2020-12-08 03:00:00,0.0,0.17,0.0,1.9,0.0,2.07,0.0,0.0,10.200000000000001,0.0,114.0,0.0,124.19999999999999
2020-12-08 03:01:00,0.0,0.17,0.0,1.9,0.0,2.07,0.0,0.0,10.200000000000001,0.0,114.0,0.0,124.19999999999999
2020-12-08 03:02:00,0.0,0.15,0.0,1.88,0.0,2.03,0.0,0.0,9.0,0.0,112.8,0.0,121.79999999999998
2020-12-08 03:03:00,0.0,0.15,0.0,1.9,0.0,2.05,0.0,0.0,9.0,0.0,114.0,0.0,122.99999999999999
2020-12-08 03:04:00,0.0,0.18,0.0,3.73,0.0,3.91,0.0,0.0,10.799999999999999,0.0,223.8,0.0,234.60000000000002
2020-12-08 03:05:00,0.0,0.18,0.0,3.95,0.0,4.13,0.0,0.0,10.799999999999999,0.0,237.0,0.0,247.79999999999998
2020-12-08 03:06:00,0.0,0.18,0.0,3.82,0.0,4.0,0.0,0.0,10.799999999999999,0.0,229.2,0.0,240.0
2020-12-08 03:07:00,0.0,0.18,0.0,3.8,0.0,3.98,0.0,0.0,10.799999999999999,0.0,228.0,0.0,238.8
2020-12-08 03:08:00,0.0,0.18,0.0,3.82,0.0,4.0,0.0,0.0,10.799999999999999,0.0,229.2,0.0,240.0
2020-12-08 03:09:00,0.0,0.18,0.0,3.75,0.0,3.93,0.0,0.0,10.799999999999999,0.0,225.0,0.0,235.8
2020-12-08 03:10:00,0.0,0.18,0.0,3.75,0.0,3.93,0.0,0.0,10.799999999999999,0.0,225.0,0.0,235.8
2020-12-08 03:11:00,0.0,0.17,0.0,3.73,0.0,3.9,0.0,0.0,10.200000000000001,0.0,223.8,0.0,234.0
2020-12-08 03:12:00,0.0,0.17,0.0,3.72,0.0,3.89,0.0,0.0,10.200000000000001,0.0,223.20000000000002,0.0,233.4
2020-12-08 03:13:00,0.0,0.17,0.0,3.67,0.0,3.84,0.0,0.0,10.200000000000001,0.0,220.2,0.0,230.4
2020-12-08 03:14:00,0.0,0.15,0.0,3.65,0.0,3.8,0.0,0.0,9.0,0.0,219.0,0.0,228.0
2020-12-08 03:15:00,0.0,0.15,0.0,3.63,0.0,3.78,0.0,0.0,9.0,0.0,217.79999999999998,0.0,226.79999999999998
2020-12-08 03:16:00,0.0,0.17,0.0,3.62,0.0,3.79,0.0,0.0,10.200000000000001,0.0,217.20000000000002,0.0,227.4
2020-12-08 03:17:00,0.0,0.18,0.0,3.58,0.0,3.76,0.0,0.0,10.799999999999999,0.0,214.8,0.0,225.6
2020-12-08 03:18:00,0.0,0.18,0.0,3.58,0.0,3.76,0.0,0.0,10.799999999999999,0.0,214.8,0.0,225.6
2020-12-08 03:19:00,0.0,0.18,0.0,3.55,0.0,3.73,0.0,0.0,10.799999999999999,0.0,213.0,0.0,223.8
2020-12-08 03:20:00,0.0,0.18,0.0,3.58,0.0,3.76,0.0,0.0,10.799999999999999,0.0,214.8,0.0,225.6
2020-12-08 03:21:00,0.0,0.18,0.0,3.58,0.0,3.76,0.0,0.0,10.799999999999999,0.0,214.8,0.0,225.6
2020-12-08 03:22:00,0.0,0.18,0.0,3.58,0.0,3.76,0.0,0.0,10.799999999999999,0.0,214.8,0.0,225.6
2020-12-08 03:23:00,0.0,0.17,0.0,3.57,0.0,3.74,0.0,0.0,10.200000000000001,0.0,214.2,0.0,224.4
2020-12-08 03:24:00,0.0,0.17,0.0,3.57,0.0,3.74,0.0,0.0,10.200000000000001,0.0,214.2,0.0,224.4
2020-12-08 03:25:00,0.0,0.17,0.0,3.55,0.0,3.72,0.0,0.0,10.200000000000001,0.0,213.0,0.0,223.20000000000002
2020-12-08 03:26:00,0.0,0.15,0.0,3.53,0.0,3.68,0.0,0.0,9.0,0.0,211.79999999999998,0.0,220.8
2020-12-08 03:27:00,0.0,0.15,0.0,3.52,0.0,3.67,0.0,0.0,9.0,0.0,211.20000000000002,0.0,220.2
2020-12-08 03:28:00,0.0,0.17,0.0,3.48,0.0,3.65,0.0,0.0,10.200000000000001,0.0,208.8,0.0,219.0
2020-12-08 03:29:00,0.0,0.18,0.0,3.48,0.0,3.66,0.0,0.0,10.799999999999999,0.0,208.8,0.0,219.60000000000002
2020-12-08 03:30:00,0.0,0.18,0.0,3.48,0.0,3.66,0.0,0.0,10.799999999999999,0.0,208.8,0.0,219.60000000000002
2020-12-08 03:31:00,0.0,0.18,0.0,3.48,0.0,3.66,0.0,0.0,10.799999999999999,0.0,208.8,0.0,219.60000000000002
2020-12-08 03:32:00,0.0,0.18,0.0,3.45,0.0,3.63,0.0,0.0,10.799999999999999,0.0,207.0,0.0,217.79999999999998
2020-12-08 03:33:00,0.0,0.18,0.0,3.47,0.0,3.65,0.0,0.0,10.799999999999999,0.0,208.20000000000002,0.0,219.0
2020-12-08 03:34:00,0.0,0.18,0.0,3.47,0.0,3.65,0.0,0.0,10.799999999999999,0.0,208.20000000000002,0.0,219.0
2020-12-08 03:35:00,0.0,0.17,0.0,3.47,0.0,3.64,0.0,0.0,10.200000000000001,0.0,208.20000000000002,0.0,218.4
2020-12-08 03:36:00,0.0,0.17,0.0,3.45,0.0,3.62,0.0,0.0,10.200000000000001,0.0,207.0,0.0,217.20000000000002
2020-12-08 03:37:00,0.0,0.15,0.0,3.47,0.0,3.62,0.0,0.0,9.0,0.0,208.20000000000002,0.0,217.20000000000002
2020-12-08 03:38:00,0.0,0.15,0.0,3.45,0.0,3.6,0.0,0.0,9.0,0.0,207.0,0.0,216.0
2020-12-08 03:39:00,0.0,0.15,0.0,3.47,0.0,3.62,0.0,0.0,9.0,0.0,208.20000000000002,0.0,217.20000000000002
2020-12-08 03:40:00,0.0,0.17,0.0,3.48,0.0,3.65,0.0,0.0,10.200000000000001,0.0,208.8,0.0,219.0
2020-12-08 03:41:00,0.0,0.17,0.0,3.47,0.0,3.64,0.0,0.0,10.200000000000001,0.0,208.20000000000002,0.0,218.4
2020-12-08 03:42:00,0.0,0.18,0.0,3.47,0.0,3.65,0.0,0.0,10.799999999999999,0.0,208.20000000000002,0.0,219.0
2020-12-08 03:43:00,0.0,0.18,0.0,3.45,0.0,3.63,0.0,0.0,10.799999999999999,0.0,207.0,0.0,217.79999999999998
2020-12-08 03:44:00,0.0,0.18,0.0,3.43,0.0,3.61,0.0,0.0,10.799999999999999,0.0,205.8,0.0,216.6
2020-12-08 03:45:00,0.0,0.18,0.0,3.43,0.0,3.61,0.0,0.0,10.799999999999999,0.0,205.8,0.0,216.6
2020-12-08 03:46:00,0.0,0.18,0.0,3.43,0.0,3.61,0.0,0.0,10.799999999999999,0.0,205.8,0.0,216.6
2020-12-08 03:47:00,0.0,0.17,0.0,3.42,0.0,3.59,0.0,0.0,10.200000000000001,0.0,205.2,0.0,215.4
2020-12-08 03:48:00,0.0,0.15,0.0,3.42,0.0,3.57,0.0,0.0,9.0,0.0,205.2,0.0,214.2
2020-12-08 03:49:00,0.0,0.15,0.0,3.4,0.0,3.55,0.0,0.0,9.0,0.0,204.0,0.0,213.0
2020-12-08 03:50:00,0.0,0.15,0.0,3.43,0.0,3.58,0.0,0.0,9.0,0.0,205.8,0.0,214.8
2020-12-08 03:51:00,0.0,0.15,0.0,3.42,0.0,3.57,0.0,0.0,9.0,0.0,205.2,0.0,214.2
2020-12-08 03:52:00,0.0,0.15,0.0,3.43,0.0,3.58,0.0,0.0,9.0,0.0,205.8,0.0,214.8
2020-12-08 03:53:00,0.0,0.17,0.0,3.42,0.0,3.59,0.0,0.0,10.200000000000001,0.0,205.2,0.0,215.4
2020-12-08 03:54:00,0.0,0.17,0.0,3.4,0.0,3.57,0.0,0.0,10.200000000000001,0.0,204.0,0.0,214.2
2020-12-08 03:55:00,0.0,0.18,0.0,3.42,0.0,3.6,0.0,0.0,10.799999999999999,0.0,205.2,0.0,216.0
2020-12-08 03:56:00,0.0,0.18,0.0,3.43,0.0,3.61,0.0,0.0,10.799999999999999,0.0,205.8,0.0,216.6
2020-12-08 03:57:00,0.0,0.18,0.0,3.43,0.0,3.61,0.0,0.0,10.799999999999999,0.0,205.8,0.0,216.6
2020-12-08 03:58:00,0.0,0.18,0.0,3.45,0.0,3.63,0.0,0.0,10.799999999999999,0.0,207.0,0.0,217.79999999999998
2020-12-08 03:59:00,0.0,0.17,0.0,3.43,0.0,3.6,0.0,0.0,10.200000000000001,0.0,205.8,0.0,216.0
2020-12-08 04:00:00,0.0,0.15,0.0,3.43,0.0,3.58,0.0,0.0,9.0,0.0,205.8,0.0,214.8
2020-12-08 04:01:00,0.0,0.15,0.0,3.42,0.0,3.57,0.0,0.0,9.0,0.0,205.2,0.0,214.2
2020-12-08 04:02:00,0.0,0.15,0.0,3.42,0.0,3.57,0.0,0.0,9.0,0.0,205.2,0.0,214.2
2020-12-08 04:03:00,0.0,0.15,0.0,3.42,0.0,3.57,0.0,0.0,9.0,0.0,205.2,0.0,214.2
2020-12-08 04:04:00,0.0,0.15,0.0,3.42,0.0,3.57,0.0,0.0,9.0,0.0,205.2,0.0,214.2
2020-12-08 04:05:00,0.0,0.17,0.0,3.42,0.0,3.59,0.0,0.0,10.200000000000001,0.0,205.2,0.0,215.4
2020-12-08 04:06:00,0.0,0.17,0.0,3.43,0.0,3.6,0.0,0.0,10.200000000000001,0.0,205.8,0.0,216.0
2020-12-08 04:07:00,0.0,0.18,0.0,3.43,0.0,3.61,0.0,0.0,10.799999999999999,0.0,205.8,0.0,216.6
2020-12-08 04:08:00,0.0,0.18,0.0,3.43,0.0,3.61,0.0,0.0,10.799999999999999,0.0,205.8,0.0,216.6
2020-12-08 04:09:00,0.0,0.18,0.0,3.43,0.0,3.61,0.0,0.0,10.799999999999999,0.0,205.8,0.0,216.6
2020-12-08 04:10:00,0.0,0.18,0.0,3.43,0.0,3.61,0.0,0.0,10.799999999999999,0.0,205.8,0.0,216.6
2020-12-08 04:11:00,0.0,0.17,0.0,3.42,0.0,3.59,0.0,0.0,10.200000000000001,0.0,205.2,0.0,215.4
2020-12-08 04:12:00,0.0,0.15,0.0,3.4,0.0,3.55,0.0,0.0,9.0,0.0,204.0,0.0,213.0
2020-12-08 04:13:00,0.0,0.15,0.0,3.38,0.0,3.53,0.0,0.0,9.0,0.0,202.79999999999998,0.0,211.79999999999998
2020-12-08 04:14:00,0.0,0.15,0.0,3.38,0.0,3.53,0.0,0.0,9.0,0.0,202.79999999999998,0.0,211.79999999999998
2020-12-08 04:15:00,0.0,0.15,0.0,3.38,0.0,3.53,0.0,0.0,9.0,0.0,202.79999999999998,0.0,211.79999999999998
2020-12-08 04:16:00,0.0,0.15,0.0,3.37,0.0,3.52,0.0,0.0,9.0,0.0,202.20000000000002,0.0,211.20000000000002
2020-12-08 04:17:00,0.0,0.17,0.0,3.38,0.0,3.55,0.0,0.0,10.200000000000001,0.0,202.79999999999998,0.0,213.0
2020-12-08 04:18:00,0.0,0.25,0.0,4.824999999999999,0.0,5.074999999999999,0.0,0.0,15.0,0.0,289.49999999999994,0.0,304.49999999999994
2020-12-08 04:19:00,0.0,0.33,0.0,6.27,0.0,6.6,0.0,0.0,19.8,0.0,376.2,0.0,396.0
2020-12-08 04:20:00,0.0,0.18,0.0,3.37,0.0,3.55,0.0,0.0,10.799999999999999,0.0,202.20000000000002,0.0,213.0
2020-12-08 04:21:00,0.0,0.17,0.0,3.35,0.0,3.52,0.0,0.0,10.200000000000001,0.0,201.0,0.0,211.20000000000002
2020-12-08 04:22:00,0.0,0.18,0.0,3.35,0.0,3.53,0.0,0.0,10.799999999999999,0.0,201.0,0.0,211.79999999999998
2020-12-08 04:23:00,0.0,0.17,0.0,3.33,0.0,3.5,0.0,0.0,10.200000000000001,0.0,199.8,0.0,210.0
2020-12-08 04:24:00,0.0,0.15,0.0,3.33,0.0,3.48,0.0,0.0,9.0,0.0,199.8,0.0,208.8
2020-12-08 04:25:00,0.0,0.15,0.0,3.35,0.0,3.5,0.0,0.0,9.0,0.0,201.0,0.0,210.0
2020-12-08 04:26:00,0.0,0.15,0.0,3.33,0.0,3.48,0.0,0.0,9.0,0.0,199.8,0.0,208.8
2020-12-08 04:27:00,0.0,0.15,0.0,3.33,0.0,3.48,0.0,0.0,9.0,0.0,199.8,0.0,208.8
2020-12-08 04:28:00,0.0,0.15,0.0,3.33,0.0,3.48,0.0,0.0,9.0,0.0,199.8,0.0,208.8
2020-12-08 04:29:00,0.0,0.17,0.0,3.35,0.0,3.52,0.0,0.0,10.200000000000001,0.0,201.0,0.0,211.20000000000002
2020-12-08 04:30:00,0.0,0.17,0.0,3.33,0.0,3.5,0.0,0.0,10.200000000000001,0.0,199.8,0.0,210.0
2020-12-08 04:31:00,0.0,0.17,0.0,3.3,0.0,3.47,0.0,0.0,10.200000000000001,0.0,198.0,0.0,208.20000000000002
2020-12-08 04:32:00,0.0,0.17,0.0,3.32,0.0,3.49,0.0,0.0,10.200000000000001,0.0,199.2,0.0,209.4
2020-12-08 04:33:00,0.0,0.17,0.0,3.32,0.0,3.49,0.0,0.0,10.200000000000001,0.0,199.2,0.0,209.4
2020-12-08 04:34:00,0.0,0.17,0.0,3.33,0.0,3.5,0.0,0.0,10.200000000000001,0.0,199.8,0.0,210.0
2020-12-08 04:35:00,0.0,0.17,0.0,3.37,0.0,3.54,0.0,0.0,10.200000000000001,0.0,202.20000000000002,0.0,212.4
2020-12-08 04:36:00,0.0,0.15,0.0,3.43,0.0,3.58,0.0,0.0,9.0,0.0,205.8,0.0,214.8
2020-12-08 04:37:00,0.0,0.15,0.0,3.52,0.0,3.67,0.0,0.0,9.0,0.0,211.20000000000002,0.0,220.2
2020-12-08 04:38:00,0.0,0.15,0.0,3.35,0.0,3.5,0.0,0.0,9.0,0.0,201.0,0.0,210.0
2020-12-08 04:39:00,0.0,0.13,0.0,3.33,0.0,3.46,0.0,0.0,7.800000000000001,0.0,199.8,0.0,207.6
2020-12-08 04:40:00,0.0,0.13,0.0,3.33,0.0,3.46,0.0,0.0,7.800000000000001,0.0,199.8,0.0,207.6
2020-12-08 04:41:00,0.0,0.15,0.0,3.35,0.0,3.5,0.0,0.0,9.0,0.0,201.0,0.0,210.0
2020-12-08 04:42:00,0.0,0.17,0.0,3.33,0.0,3.5,0.0,0.0,10.200000000000001,0.0,199.8,0.0,210.0
2020-12-08 04:43:00,0.0,0.17,0.0,3.33,0.0,3.5,0.0,0.0,10.200000000000001,0.0,199.8,0.0,210.0
2020-12-08 04:44:00,0.0,0.17,0.0,3.33,0.0,3.5,0.0,0.0,10.200000000000001,0.0,199.8,0.0,210.0
2020-12-08 04:45:00,0.0,0.17,0.0,3.33,0.0,3.5,0.0,0.0,10.200000000000001,0.0,199.8,0.0,210.0
2020-12-08 04:46:00,0.0,0.17,0.0,3.33,0.0,3.5,0.0,0.0,10.200000000000001,0.0,199.8,0.0,210.0
2020-12-08 04:47:00,0.0,0.17,0.0,3.32,0.0,3.49,0.0,0.0,10.200000000000001,0.0,199.2,0.0,209.4
2020-12-08 04:48:00,0.0,0.15,0.0,3.33,0.0,3.48,0.0,0.0,9.0,0.0,199.8,0.0,208.8
2020-12-08 04:49:00,0.0,0.15,0.0,3.33,0.0,3.48,0.0,0.0,9.0,0.0,199.8,0.0,208.8
2020-12-08 04:50:00,0.0,0.13,0.0,3.32,0.0,3.45,0.0,0.0,7.800000000000001,0.0,199.2,0.0,207.0
2020-12-08 04:51:00,0.0,0.13,0.0,3.33,0.0,3.46,0.0,0.0,7.800000000000001,0.0,199.8,0.0,207.6
2020-12-08 04:52:00,0.0,0.13,0.0,3.35,0.0,3.48,0.0,0.0,7.800000000000001,0.0,201.0,0.0,208.8
2020-12-08 04:53:00,0.0,0.15,0.0,3.33,0.0,3.48,0.0,0.0,9.0,0.0,199.8,0.0,208.8
2020-12-08 04:54:00,0.0,0.17,0.0,3.33,0.0,3.5,0.0,0.0,10.200000000000001,0.0,199.8,0.0,210.0
2020-12-08 04:55:00,0.0,0.17,0.0,3.37,0.0,3.54,0.0,0.0,10.200000000000001,0.0,202.20000000000002,0.0,212.4
2020-12-08 04:56:00,0.0,0.17,0.0,3.32,0.0,3.49,0.0,0.0,10.200000000000001,0.0,199.2,0.0,209.4
2020-12-08 04:57:00,0.0,0.17,0.0,3.35,0.0,3.52,0.0,0.0,10.200000000000001,0.0,201.0,0.0,211.20000000000002
2020-12-08 04:58:00,0.0,0.17,0.0,3.33,0.0,3.5,0.0,0.0,10.200000000000001,0.0,199.8,0.0,210.0
2020-12-08 04:59:00,0.0,0.17,0.0,3.35,0.0,3.52,0.0,0.0,10.200000000000001,0.0,201.0,0.0,211.20000000000002
2020-12-08 05:00:00,0.0,0.15,0.0,3.32,0.0,3.47,0.0,0.0,9.0,0.0,199.2,0.0,208.20000000000002
2020-12-08 05:01:00,0.0,0.15,0.0,3.32,0.0,3.47,0.0,0.0,9.0,0.0,199.2,0.0,208.20000000000002
2020-12-08 05:02:00,0.0,0.15,0.0,3.32,0.0,3.47,0.0,0.0,9.0,0.0,199.2,0.0,208.20000000000002
2020-12-08 05:03:00,0.0,0.13,0.0,3.28,0.0,3.41,0.0,0.0,7.800000000000001,0.0,196.79999999999998,0.0,204.60000000000002
2020-12-08 05:04:00,0.0,0.13,0.0,3.32,0.0,3.45,0.0,0.0,7.800000000000001,0.0,199.2,0.0,207.0
2020-12-08 05:05:00,0.0,0.15,0.0,3.35,0.0,3.5,0.0,0.0,9.0,0.0,201.0,0.0,210.0
2020-12-08 05:06:00,0.0,0.15,0.0,3.35,0.0,3.5,0.0,0.0,9.0,0.0,201.0,0.0,210.0
2020-12-08 05:07:00,0.0,0.17,0.0,3.37,0.0,3.54,0.0,0.0,10.200000000000001,0.0,202.20000000000002,0.0,212.4
2020-12-08 05:08:00,0.0,0.17,0.0,3.35,0.0,3.52,0.0,0.0,10.200000000000001,0.0,201.0,0.0,211.20000000000002
2020-12-08 05:09:00,0.0,0.17,0.0,3.35,0.0,3.52,0.0,0.0,10.200000000000001,0.0,201.0,0.0,211.20000000000002
2020-12-08 05:10:00,0.0,0.17,0.0,3.35,0.0,3.52,0.0,0.0,10.200000000000001,0.0,201.0,0.0,211.20000000000002
2020-12-08 05:11:00,0.0,0.17,0.0,3.37,0.0,3.54,0.0,0.0,10.200000000000001,0.0,202.20000000000002,0.0,212.4
2020-12-08 05:12:00,0.0,0.15,0.0,3.37,0.0,3.52,0.0,0.0,9.0,0.0,202.20000000000002,0.0,211.20000000000002
2020-12-08 05:13:00,0.0,0.15,0.0,3.37,0.0,3.52,0.0,0.0,9.0,0.0,202.20000000000002,0.0,211.20000000000002
2020-12-08 05:14:00,0.0,0.13,0.0,3.35,0.0,3.48,0.0,0.0,7.800000000000001,0.0,201.0,0.0,208.8
2020-12-08 05:15:00,0.0,0.13,0.0,3.35,0.0,3.48,0.0,0.0,7.800000000000001,0.0,201.0,0.0,208.8
2020-12-08 05:16:00,0.0,0.13,0.0,3.35,0.0,3.48,0.0,0.0,7.800000000000001,0.0,201.0,0.0,208.8
2020-12-08 05:17:00,0.0,0.15,0.0,3.37,0.0,3.52,0.0,0.0,9.0,0.0,202.20000000000002,0.0,211.20000000000002
2020-12-08 05:18:00,0.0,0.15,0.0,3.35,0.0,3.5,0.0,0.0,9.0,0.0,201.0,0.0,210.0
2020-12-08 05:19:00,0.0,0.17,0.0,3.35,0.0,3.52,0.0,0.0,10.200000000000001,0.0,201.0,0.0,211.20000000000002
2020-12-08 05:20:00,0.0,0.17,0.0,3.37,0.0,3.54,0.0,0.0,10.200000000000001,0.0,202.20000000000002,0.0,212.4
2020-12-08 05:21:00,0.0,0.15,0.0,3.37,0.0,3.52,0.0,0.0,9.0,0.0,202.20000000000002,0.0,211.20000000000002
2020-12-08 05:22:00,0.0,0.17,0.0,3.37,0.0,3.54,0.0,0.0,10.200000000000001,0.0,202.20000000000002,0.0,212.4
2020-12-08 05:23:00,0.0,0.17,0.0,3.37,0.0,3.54,0.0,0.0,10.200000000000001,0.0,202.20000000000002,0.0,212.4
2020-12-08 05:24:00,0.0,0.15,0.0,3.37,0.0,3.52,0.0,0.0,9.0,0.0,202.20000000000002,0.0,211.20000000000002
2020-12-08 05:25:00,0.0,0.13,0.0,3.37,0.0,3.5,0.0,0.0,7.800000000000001,0.0,202.20000000000002,0.0,210.0
2020-12-08 05:26:00,0.0,0.13,0.0,3.33,0.0,3.46,0.0,0.0,7.800000000000001,0.0,199.8,0.0,207.6
2020-12-08 05:27:00,0.0,0.13,0.0,3.33,0.0,3.46,0.0,0.0,7.800000000000001,0.0,199.8,0.0,207.6
2020-12-08 05:28:00,0.0,0.13,0.0,3.32,0.0,3.45,0.0,0.0,7.800000000000001,0.0,199.2,0.0,207.0
2020-12-08 05:29:00,0.0,0.13,0.0,3.33,0.0,3.46,0.0,0.0,7.800000000000001,0.0,199.8,0.0,207.6
2020-12-08 05:30:00,0.0,0.15,0.0,3.33,0.0,3.48,0.0,0.0,9.0,0.0,199.8,0.0,208.8
2020-12-08 05:31:00,0.0,0.15,0.0,3.33,0.0,3.48,0.0,0.0,9.0,0.0,199.8,0.0,208.8
2020-12-08 05:32:00,0.0,0.15,0.0,3.33,0.0,3.48,0.0,0.0,9.0,0.0,199.8,0.0,208.8
2020-12-08 05:33:00,0.0,0.17,0.0,3.3,0.0,3.47,0.0,0.0,10.200000000000001,0.0,198.0,0.0,208.20000000000002
2020-12-08 05:34:00,0.0,0.17,0.0,3.32,0.0,3.49,0.0,0.0,10.200000000000001,0.0,199.2,0.0,209.4
2020-12-08 05:35:00,0.0,0.17,0.0,3.33,0.0,3.5,0.0,0.0,10.200000000000001,0.0,199.8,0.0,210.0
2020-12-08 05:36:00,0.0,0.15,0.0,3.32,0.0,3.47,0.0,0.0,9.0,0.0,199.2,0.0,208.20000000000002
2020-12-08 05:37:00,0.0,0.13,0.0,3.33,0.0,3.46,0.0,0.0,7.800000000000001,0.0,199.8,0.0,207.6
2020-12-08 05:38:00,0.0,0.13,0.0,3.32,0.0,3.45,0.0,0.0,7.800000000000001,0.0,199.2,0.0,207.0
2020-12-08 05:39:00,0.0,0.13,0.0,3.32,0.0,3.45,0.0,0.0,7.800000000000001,0.0,199.2,0.0,207.0
2020-12-08 05:40:00,0.0,0.13,0.0,3.33,0.0,3.46,0.0,0.0,7.800000000000001,0.0,199.8,0.0,207.6
2020-12-08 05:41:00,0.0,0.13,0.0,3.35,0.0,3.48,0.0,0.0,7.800000000000001,0.0,201.0,0.0,208.8
2020-12-08 05:42:00,0.0,0.15,0.0,3.35,0.0,3.5,0.0,0.0,9.0,0.0,201.0,0.0,210.0
2020-12-08 05:43:00,0.0,0.17,0.0,3.35,0.0,3.52,0.0,0.0,10.200000000000001,0.0,201.0,0.0,211.20000000000002
2020-12-08 05:44:00,0.0,0.17,0.0,3.33,0.0,3.5,0.0,0.0,10.200000000000001,0.0,199.8,0.0,210.0
2020-12-08 05:45:00,0.0,0.17,0.0,3.35,0.0,3.52,0.0,0.0,10.200000000000001,0.0,201.0,0.0,211.20000000000002
2020-12-08 05:46:00,0.0,0.17,0.0,3.33,0.0,3.5,0.0,0.0,10.200000000000001,0.0,199.8,0.0,210.0
2020-12-08 05:47:00,0.0,0.17,0.0,3.35,0.0,3.52,0.0,0.0,10.200000000000001,0.0,201.0,0.0,211.20000000000002
2020-12-08 05:48:00,0.0,0.15,0.0,3.3,0.0,3.45,0.0,0.0,9.0,0.0,198.0,0.0,207.0
2020-12-08 05:49:00,0.0,0.13,0.0,3.33,0.0,3.46,0.0,0.0,7.800000000000001,0.0,199.8,0.0,207.6
2020-12-08 05:50:00,0.0,0.13,0.0,3.32,0.0,3.45,0.0,0.0,7.800000000000001,0.0,199.2,0.0,207.0
2020-12-08 05:51:00,0.0,0.13,0.0,3.33,0.0,3.46,0.0,0.0,7.800000000000001,0.0,199.8,0.0,207.6
2020-12-08 05:52:00,0.0,0.13,0.0,3.32,0.0,3.45,0.0,0.0,7.800000000000001,0.0,199.2,0.0,207.0
2020-12-08 05:53:00,0.0,0.13,0.0,3.32,0.0,3.45,0.0,0.0,7.800000000000001,0.0,199.2,0.0,207.0
2020-12-08 05:54:00,0.0,0.15,0.0,3.32,0.0,3.47,0.0,0.0,9.0,0.0,199.2,0.0,208.20000000000002
2020-12-08 05:55:00,0.0,0.15,0.0,3.3,0.0,3.45,0.0,0.0,9.0,0.0,198.0,0.0,207.0
2020-12-08 05:56:00,0.0,0.15,0.0,3.33,0.0,3.48,0.0,0.0,9.0,0.0,199.8,0.0,208.8
2020-12-08 05:57:00,0.0,0.15,0.0,3.28,0.0,3.43,0.0,0.0,9.0,0.0,196.79999999999998,0.0,205.8
2020-12-08 05:58:00,0.0,0.15,0.0,3.32,0.0,3.47,0.0,0.0,9.0,0.0,199.2,0.0,208.20000000000002
2020-12-08 05:59:00,0.0,0.15,0.0,3.33,0.0,3.48,0.0,0.0,9.0,0.0,199.8,0.0,208.8
2020-12-08 06:00:00,0.0,0.13,0.0,3.33,0.0,3.46,0.0,0.0,7.800000000000001,0.0,199.8,0.0,207.6
2020-12-08 06:01:00,0.0,0.13,0.0,3.4,0.0,3.53,0.0,0.0,7.800000000000001,0.0,204.0,0.0,211.79999999999998
2020-12-08 06:02:00,0.0,0.13,0.0,3.47,0.0,3.6,0.0,0.0,7.800000000000001,0.0,208.20000000000002,0.0,216.0
2020-12-08 06:03:00,0.0,0.13,0.0,3.52,0.0,3.65,0.0,0.0,7.800000000000001,0.0,211.20000000000002,0.0,219.0
2020-12-08 06:04:00,0.0,0.13,0.0,3.52,0.0,3.65,0.0,0.0,7.800000000000001,0.0,211.20000000000002,0.0,219.0
2020-12-08 06:05:00,0.0,0.13,0.0,3.52,0.0,3.65,0.0,0.0,7.800000000000001,0.0,211.20000000000002,0.0,219.0
2020-12-08 06:06:00,0.0,0.15,0.0,3.52,0.0,3.67,0.0,0.0,9.0,0.0,211.20000000000002,0.0,220.2
2020-12-08 06:07:00,0.0,0.15,0.0,3.53,0.0,3.68,0.0,0.0,9.0,0.0,211.79999999999998,0.0,220.8
2020-12-08 06:08:00,0.0,0.15,0.0,3.55,0.0,3.7,0.0,0.0,9.0,0.0,213.0,0.0,222.0
2020-12-08 06:09:00,0.0,0.15,0.0,3.55,0.0,3.7,0.0,0.0,9.0,0.0,213.0,0.0,222.0
2020-12-08 06:10:00,0.0,0.15,0.0,3.53,0.0,3.68,0.0,0.0,9.0,0.0,211.79999999999998,0.0,220.8
2020-12-08 06:11:00,0.0,0.15,0.0,3.53,0.0,3.68,0.0,0.0,9.0,0.0,211.79999999999998,0.0,220.8
2020-12-08 06:12:00,0.0,0.13,0.0,3.53,0.0,3.66,0.0,0.0,7.800000000000001,0.0,211.79999999999998,0.0,219.60000000000002
2020-12-08 06:13:00,0.0,0.13,0.0,3.55,0.0,3.68,0.0,0.0,7.800000000000001,0.0,213.0,0.0,220.8
2020-12-08 06:14:00,0.0,0.13,0.0,3.53,0.0,3.66,0.0,0.0,7.800000000000001,0.0,211.79999999999998,0.0,219.60000000000002
2020-12-08 06:15:00,0.0,0.12,0.0,3.55,0.0,3.67,0.0,0.0,7.2,0.0,213.0,0.0,220.2
2020-12-08 06:16:00,0.0,0.12,0.0,3.55,0.0,3.67,0.0,0.0,7.2,0.0,213.0,0.0,220.2
2020-12-08 06:17:00,0.0,0.12,0.0,3.55,0.0,3.67,0.0,0.0,7.2,0.0,213.0,0.0,220.2
2020-12-08 06:18:00,0.0,0.15,0.0,3.55,0.0,3.7,0.0,0.0,9.0,0.0,213.0,0.0,222.0
2020-12-08 06:19:00,0.0,0.15,0.0,3.53,0.0,3.68,0.0,0.0,9.0,0.0,211.79999999999998,0.0,220.8
2020-12-08 06:20:00,0.0,0.15,0.0,3.57,0.0,3.72,0.0,0.0,9.0,0.0,214.2,0.0,223.20000000000002
2020-12-08 06:21:00,0.0,0.15,0.0,3.53,0.0,3.68,0.0,0.0,9.0,0.0,211.79999999999998,0.0,220.8
2020-12-08 06:22:00,0.0,0.15,0.0,3.55,0.0,3.7,0.0,0.0,9.0,0.0,213.0,0.0,222.0
2020-12-08 06:23:00,0.0,0.15,0.0,3.55,0.0,3.7,0.0,0.0,9.0,0.0,213.0,0.0,222.0
2020-12-08 06:24:00,0.0,0.13,0.0,3.55,0.0,3.68,0.0,0.0,7.800000000000001,0.0,213.0,0.0,220.8
2020-12-08 06:25:00,0.0,0.13,0.0,3.53,0.0,3.66,0.0,0.0,7.800000000000001,0.0,211.79999999999998,0.0,219.60000000000002
2020-12-08 06:26:00,0.0,0.12,0.0,3.55,0.0,3.67,0.0,0.0,7.2,0.0,213.0,0.0,220.2
2020-12-08 06:27:00,0.0,0.12,0.0,3.53,0.0,3.65,0.0,0.0,7.2,0.0,211.79999999999998,0.0,219.0
2020-12-08 06:28:00,0.0,0.12,0.0,3.53,0.0,3.65,0.0,0.0,7.2,0.0,211.79999999999998,0.0,219.0
2020-12-08 06:29:00,0.0,0.12,0.0,3.53,0.0,3.65,0.0,0.0,7.2,0.0,211.79999999999998,0.0,219.0
2020-12-08 06:30:00,0.0,0.13,0.0,3.53,0.0,3.66,0.0,0.0,7.800000000000001,0.0,211.79999999999998,0.0,219.60000000000002
2020-12-08 06:31:00,0.0,0.15,0.0,3.52,0.0,3.67,0.0,0.0,9.0,0.0,211.20000000000002,0.0,220.2
2020-12-08 06:32:00,0.0,0.15,0.0,3.53,0.0,3.68,0.0,0.0,9.0,0.0,211.79999999999998,0.0,220.8
2020-12-08 06:33:00,0.0,0.15,0.0,3.52,0.0,3.67,0.0,0.0,9.0,0.0,211.20000000000002,0.0,220.2
2020-12-08 06:34:00,0.0,0.15,0.0,3.52,0.0,3.67,0.0,0.0,9.0,0.0,211.20000000000002,0.0,220.2
2020-12-08 06:35:00,0.0,0.15,0.0,3.52,0.0,3.67,0.0,0.0,9.0,0.0,211.20000000000002,0.0,220.2
2020-12-08 06:36:00,0.0,0.13,0.0,3.5,0.0,3.63,0.0,0.0,7.800000000000001,0.0,210.0,0.0,217.79999999999998
2020-12-08 06:37:00,0.0,0.13,0.0,3.52,0.0,3.65,0.0,0.0,7.800000000000001,0.0,211.20000000000002,0.0,219.0
2020-12-08 06:38:00,0.0,0.12,0.0,3.5,0.0,3.62,0.0,0.0,7.2,0.0,210.0,0.0,217.20000000000002
2020-12-08 06:39:00,0.0,0.12,0.0,13.98,0.0,14.1,0.0,0.0,7.2,0.0,838.8000000000001,0.0,846.0
2020-12-08 06:40:00,0.0,0.12,0.0,3.52,0.0,3.64,0.0,0.0,7.2,0.0,211.20000000000002,0.0,218.4
2020-12-08 06:41:00,0.0,0.12,0.0,3.52,0.0,3.64,0.0,0.0,7.2,0.0,211.20000000000002,0.0,218.4
2020-12-08 06:42:00,0.0,0.13,0.0,3.5,0.0,3.63,0.0,0.0,7.800000000000001,0.0,210.0,0.0,217.79999999999998
2020-12-08 06:43:00,0.0,0.13,0.0,4.2,0.0,4.33,0.0,0.0,7.800000000000001,0.0,252.0,0.0,259.8
2020-12-08 06:44:00,0.0,0.13,0.0,4.92,0.0,5.05,0.0,0.0,7.800000000000001,0.0,295.2,0.0,303.0
2020-12-08 06:45:00,0.0,0.15,0.0,28.55,0.0,28.7,0.0,0.0,9.0,0.0,1713.0,0.0,1722.0
2020-12-08 06:46:00,0.0,0.15,0.0,40.98,0.0,41.13,0.0,0.0,9.0,0.0,2458.7999999999997,0.0,2467.8
2020-12-08 06:47:00,0.0,0.15,0.0,59.88,0.0,60.03,0.0,0.0,9.0,0.0,3592.8,0.0,3601.8
2020-12-08 06:48:00,0.0,0.13,0.0,49.3,0.0,49.43,0.0,0.0,7.800000000000001,0.0,2958.0,0.0,2965.8
2020-12-08 06:49:00,0.0,0.13,0.0,39.0,0.0,39.13,0.0,0.0,7.800000000000001,0.0,2340.0,0.0,2347.8
2020-12-08 06:50:00,0.0,0.12,0.0,39.12,0.0,39.24,0.0,0.0,7.2,0.0,2347.2,0.0,2354.4
2020-12-08 06:51:00,0.0,0.12,0.0,39.0,0.0,39.12,0.0,0.0,7.2,0.0,2340.0,0.0,2347.2
2020-12-08 06:52:00,0.0,0.12,0.0,38.88,0.0,39.0,0.0,0.0,7.2,0.0,2332.8,0.0,2340.0
2020-12-08 06:53:00,0.0,0.12,0.0,38.82,0.0,38.94,0.0,0.0,7.2,0.0,2329.2000000000003,0.0,2336.4
2020-12-08 06:54:00,0.0,0.13,0.0,38.72,0.0,38.85,0.0,0.0,7.800000000000001,0.0,2323.2,0.0,2331.0
2020-12-08 06:55:00,0.0,0.03,0.0,38.73,0.0,38.76,0.0,0.0,1.8,0.0,2323.7999999999997,0.0,2325.6
2020-12-08 06:56:00,0.15,0.0,0.0,38.88,0.0,38.73,0.0,9.0,0.0,0.0,2332.8,0.0,2323.7999999999997
2020-12-08 06:57:00,0.15,0.0,0.0,38.87,0.0,38.72,0.0,9.0,0.0,0.0,2332.2,0.0,2323.2
2020-12-08 06:58:00,0.0,0.0,0.0,38.62,0.0,38.62,0.0,0.0,0.0,0.0,2317.2,0.0,2317.2
2020-12-08 06:59:00,0.0,0.0,0.0,38.62,0.0,38.62,0.0,0.0,0.0,0.0,2317.2,0.0,2317.2
2020-12-08 07:00:00,0.0,0.0,0.0,38.58,0.0,38.58,0.0,0.0,0.0,0.0,2314.7999999999997,0.0,2314.7999999999997
2020-12-08 07:01:00,0.0,0.0,0.0,38.58,0.0,38.58,0.0,0.0,0.0,0.0,2314.7999999999997,0.0,2314.7999999999997
2020-12-08 07:02:00,0.0,0.0,0.0,38.5,0.0,38.5,0.0,0.0,0.0,0.0,2310.0,0.0,2310.0
2020-12-08 07:03:00,0.0,0.0,0.0,39.15,0.0,39.15,0.0,0.0,0.0,0.0,2349.0,0.0,2349.0
2020-12-08 07:04:00,0.0,0.0,0.0,38.78,0.0,38.78,0.0,0.0,0.0,0.0,2326.8,0.0,2326.8
2020-12-08 07:05:00,0.0,0.0,0.0,38.7,0.0,38.7,0.0,0.0,0.0,0.0,2322.0,0.0,2322.0
2020-12-08 07:06:00,0.0,0.0,0.0,39.13,0.0,39.13,0.0,0.0,0.0,0.0,2347.8,0.0,2347.8
2020-12-08 07:07:00,0.0,0.0,0.0,39.85,0.0,39.85,0.0,0.0,0.0,0.0,2391.0,0.0,2391.0
2020-12-08 07:08:00,0.0,0.0,0.0,39.98,0.0,39.98,0.0,0.0,0.0,0.0,2398.7999999999997,0.0,2398.7999999999997
2020-12-08 07:09:00,0.0,0.0,0.0,39.73,0.0,39.73,0.0,0.0,0.0,0.0,2383.7999999999997,0.0,2383.7999999999997
2020-12-08 07:10:00,0.0,0.0,0.0,39.43,0.0,39.43,0.0,0.0,0.0,0.0,2365.8,0.0,2365.8
2020-12-08 07:11:00,0.0,0.0,0.0,39.45,0.0,39.45,0.0,0.0,0.0,0.0,2367.0,0.0,2367.0
2020-12-08 07:12:00,0.0,0.0,0.0,59.57,0.0,59.57,0.0,0.0,0.0,0.0,3574.2000000000003,0.0,3574.2000000000003
2020-12-08 07:13:00,0.0,0.0,0.0,71.32,0.0,71.32,0.0,0.0,0.0,0.0,4279.2,0.0,4279.2
2020-12-08 07:14:00,0.0,0.0,0.0,42.63,0.0,42.63,0.0,0.0,0.0,0.0,2557.8,0.0,2557.8
2020-12-08 07:15:00,0.0,0.0,0.0,4.88,0.0,4.88,0.0,0.0,0.0,0.0,292.8,0.0,292.8
2020-12-08 07:16:00,0.0,0.0,0.05,4.88,0.0,4.83,0.0,0.0,0.0,3.0,292.8,0.0,289.8
2020-12-08 07:17:00,0.0,0.0,0.12,4.85,0.0,4.73,0.0,0.0,0.0,7.2,291.0,0.0,283.8
2020-12-08 07:18:00,0.0,0.0,0.18,4.83,0.0,4.65,0.0,0.0,0.0,10.799999999999999,289.8,0.0,279.0
2020-12-08 07:19:00,0.0,0.0,0.28,4.88,0.0,4.6,0.0,0.0,0.0,16.8,292.8,0.0,276.0
2020-12-08 07:20:00,0.0,0.0,0.32,4.85,0.0,4.53,0.0,0.0,0.0,19.2,291.0,0.0,271.8
2020-12-08 07:21:00,0.0,0.0,0.38,4.85,0.0,4.47,0.0,0.0,0.0,22.8,291.0,0.0,268.2
2020-12-08 07:22:00,0.0,0.0,0.35,4.85,0.0,4.5,0.0,0.0,0.0,21.0,291.0,0.0,270.0
2020-12-08 07:23:00,0.0,0.0,0.28,4.87,0.0,4.59,0.0,0.0,0.0,16.8,292.2,0.0,275.4
2020-12-08 07:24:00,0.0,0.0,0.2,4.85,0.0,4.65,0.0,0.0,0.0,12.0,291.0,0.0,279.0
2020-12-08 07:25:00,0.0,0.0,0.08,4.83,0.0,4.75,0.0,0.0,0.0,4.8,289.8,0.0,285.0
2020-12-08 07:26:00,0.0,0.0,0.0,4.85,0.0,4.85,0.0,0.0,0.0,0.0,291.0,0.0,291.0
2020-12-08 07:27:00,0.0,0.07,0.0,4.85,0.0,4.92,0.0,0.0,4.2,0.0,291.0,0.0,295.2
2020-12-08 07:28:00,0.0,0.08,0.0,4.85,0.0,4.93,0.0,0.0,4.8,0.0,291.0,0.0,295.8
2020-12-08 07:29:00,0.0,0.07,0.0,4.83,0.0,4.9,0.0,0.0,4.2,0.0,289.8,0.0,294.0
2020-12-08 07:30:00,0.0,0.07,0.0,4.77,0.0,4.84,0.0,0.0,4.2,0.0,286.2,0.0,290.4
2020-12-08 07:31:00,0.0,0.0,0.0,4.77,0.0,4.77,0.0,0.0,0.0,0.0,286.2,0.0,286.2
2020-12-08 07:32:00,0.0,0.0,0.05,4.8,0.0,4.75,0.0,0.0,0.0,3.0,288.0,0.0,285.0
2020-12-08 07:33:00,0.0,0.0,0.1,4.85,0.0,4.75,0.0,0.0,0.0,6.0,291.0,0.0,285.0
2020-12-08 07:34:00,0.0,0.0,0.15,4.83,0.0,4.68,0.0,0.0,0.0,9.0,289.8,0.0,280.8
2020-12-08 07:35:00,0.0,0.0,0.17,16.77,0.0,16.6,0.0,0.0,0.0,10.200000000000001,1006.1999999999999,0.0,996.0000000000001
2020-12-08 07:36:00,0.0,0.0,0.23,45.0,0.0,44.77,0.0,0.0,0.0,13.8,2700.0,0.0,2686.2000000000003
2020-12-08 07:37:00,0.0,0.0,0.28,39.78,0.0,39.5,0.0,0.0,0.0,16.8,2386.8,0.0,2370.0
2020-12-08 07:38:00,0.0,0.0,0.33,38.25,0.0,37.92,0.0,0.0,0.0,19.8,2295.0,0.0,2275.2000000000003
2020-12-08 07:39:00,0.0,0.0,0.38,38.28,0.0,37.9,0.0,0.0,0.0,22.8,2296.8,0.0,2274.0
2020-12-08 07:40:00,0.0,0.0,0.42,37.95,0.0,37.53,0.0,0.0,0.0,25.2,2277.0,0.0,2251.8
2020-12-08 07:41:00,0.0,0.0,0.52,38.37,0.0,37.85,0.0,0.0,0.0,31.200000000000003,2302.2,0.0,2271.0
2020-12-08 07:42:00,0.0,0.0,0.58,38.33,0.0,37.75,0.0,0.0,0.0,34.8,2299.7999999999997,0.0,2265.0
2020-12-08 07:43:00,0.0,0.0,0.67,22.87,0.0,22.2,0.0,0.0,0.0,40.2,1372.2,0.0,1332.0
2020-12-08 07:44:00,0.0,0.0,0.77,10.37,0.0,9.6,0.0,0.0,0.0,46.2,622.1999999999999,0.0,576.0
2020-12-08 07:45:00,0.0,0.0,0.88,4.83,0.0,3.95,0.0,0.0,0.0,52.800000000000004,289.8,0.0,237.0
2020-12-08 07:46:00,0.0,0.0,1.03,4.82,0.0,3.79,0.0,0.0,0.0,61.800000000000004,289.20000000000005,0.0,227.4
2020-12-08 07:47:00,0.0,0.0,1.15,4.82,0.0,3.67,0.0,0.0,0.0,69.0,289.20000000000005,0.0,220.2
2020-12-08 07:48:00,0.0,0.0,1.23,4.83,0.0,3.6,0.0,0.0,0.0,73.8,289.8,0.0,216.0
2020-12-08 07:49:00,0.0,0.0,1.27,5.75,0.0,4.48,0.0,0.0,0.0,76.2,345.0,0.0,268.8
2020-12-08 07:50:00,0.0,0.0,1.27,5.75,0.0,4.48,0.0,0.0,0.0,76.2,345.0,0.0,268.8
2020-12-08 07:51:00,0.0,0.0,1.33,3.35,0.0,2.02,0.0,0.0,0.0,79.80000000000001,201.0,0.0,121.2
2020-12-08 07:52:00,0.0,0.0,1.37,3.33,0.0,1.96,0.0,0.0,0.0,82.2,199.8,0.0,117.6
2020-12-08 07:53:00,0.0,0.0,1.4,3.33,0.0,1.93,0.0,0.0,0.0,84.0,199.8,0.0,115.8
2020-12-08 07:54:00,0.0,0.0,1.4,3.33,0.0,1.93,0.0,0.0,0.0,84.0,199.8,0.0,115.8
2020-12-08 07:55:00,0.0,0.0,1.35,3.4,0.0,2.05,0.0,0.0,0.0,81.0,204.0,0.0,122.99999999999999
2020-12-08 07:56:00,0.0,0.0,1.3,3.27,0.0,1.97,0.0,0.0,0.0,78.0,196.20000000000002,0.0,118.2
2020-12-08 07:57:00,0.0,0.0,1.27,3.43,0.0,2.16,0.0,0.0,0.0,76.2,205.8,0.0,129.60000000000002
2020-12-08 07:58:00,0.0,0.0,1.23,3.33,0.0,2.1,0.0,0.0,0.0,73.8,199.8,0.0,126.0
2020-12-08 07:59:00,0.0,0.0,1.18,2.73,0.0,1.55,0.0,0.0,0.0,70.8,163.8,0.0,93.0
2020-12-08 08:00:00,0.0,0.0,1.08,3.45,0.0,2.37,0.0,0.0,0.0,64.80000000000001,207.0,0.0,142.20000000000002
2020-12-08 08:01:00,0.0,0.0,1.05,3.43,0.0,2.38,0.0,0.0,0.0,63.0,205.8,0.0,142.79999999999998
2020-12-08 08:02:00,0.0,0.0,1.02,3.43,0.0,2.41,0.0,0.0,0.0,61.2,205.8,0.0,144.60000000000002
2020-12-08 08:03:00,0.0,0.0,1.1,3.43,0.0,2.33,0.0,0.0,0.0,66.0,205.8,0.0,139.8
2020-12-08 08:04:00,0.0,0.0,1.13,3.42,0.0,2.29,0.0,0.0,0.0,67.8,205.2,0.0,137.4
2020-12-08 08:05:00,0.0,0.0,1.13,3.43,0.0,2.3,0.0,0.0,0.0,67.8,205.8,0.0,138.0
2020-12-08 08:06:00,0.0,0.0,1.1,3.42,0.0,2.32,0.0,0.0,0.0,66.0,205.2,0.0,139.2
2020-12-08 08:07:00,0.0,0.0,1.12,3.42,0.0,2.3,0.0,0.0,0.0,67.2,205.2,0.0,138.0
2020-12-08 08:08:00,0.0,0.0,1.07,3.4,0.0,2.33,0.0,0.0,0.0,64.2,204.0,0.0,139.8
2020-12-08 08:09:00,0.0,0.0,0.95,3.43,0.0,2.48,0.0,0.0,0.0,57.0,205.8,0.0,148.8
2020-12-08 08:10:00,0.0,0.0,0.78,3.42,0.0,2.64,0.0,0.0,0.0,46.800000000000004,205.2,0.0,158.4
2020-12-08 08:11:00,0.0,0.0,0.73,3.45,0.0,2.72,0.0,0.0,0.0,43.8,207.0,0.0,163.20000000000002
2020-12-08 08:12:00,0.0,0.0,0.67,3.45,0.0,2.78,0.0,0.0,0.0,40.2,207.0,0.0,166.79999999999998
2020-12-08 08:13:00,0.0,0.0,0.62,3.47,0.0,2.85,0.0,0.0,0.0,37.2,208.20000000000002,0.0,171.0
2020-12-08 08:14:00,0.0,0.0,0.58,3.47,0.0,2.89,0.0,0.0,0.0,34.8,208.20000000000002,0.0,173.4
2020-12-08 08:15:00,0.0,0.0,0.5,3.42,0.0,2.92,0.0,0.0,0.0,30.0,205.2,0.0,175.2
2020-12-08 08:16:00,0.0,0.0,0.52,3.42,0.0,2.9,0.0,0.0,0.0,31.200000000000003,205.2,0.0,174.0
2020-12-08 08:17:00,0.0,0.0,0.47,3.45,0.0,2.98,0.0,0.0,0.0,28.2,207.0,0.0,178.8
2020-12-08 08:18:00,0.0,0.0,0.42,3.27,0.0,2.85,0.0,0.0,0.0,25.2,196.20000000000002,0.0,171.0
2020-12-08 08:19:00,0.0,0.0,0.42,3.18,0.0,2.76,0.0,0.0,0.0,25.2,190.8,0.0,165.6
2020-12-08 08:20:00,0.0,0.0,0.38,3.15,0.0,2.77,0.0,0.0,0.0,22.8,189.0,0.0,166.20000000000002
2020-12-08 08:21:00,0.0,0.0,0.47,3.18,0.0,2.71,0.0,0.0,0.0,28.2,190.8,0.0,162.6
2020-12-08 08:22:00,0.0,0.0,0.52,3.18,0.0,2.66,0.0,0.0,0.0,31.200000000000003,190.8,0.0,159.60000000000002
2020-12-08 08:23:00,0.0,0.0,0.58,3.2,0.0,2.62,0.0,0.0,0.0,34.8,192.0,0.0,157.20000000000002
2020-12-08 08:24:00,0.0,0.0,0.7,3.18,0.0,2.48,0.0,0.0,0.0,42.0,190.8,0.0,148.8
2020-12-08 08:25:00,0.0,0.0,0.85,3.18,0.0,2.33,0.0,0.0,0.0,51.0,190.8,0.0,139.8
2020-12-08 08:26:00,0.0,0.0,0.92,3.18,0.0,2.26,0.0,0.0,0.0,55.2,190.8,0.0,135.6
2020-12-08 08:27:00,0.0,0.0,0.95,3.2,0.0,2.25,0.0,0.0,0.0,57.0,192.0,0.0,135.0
2020-12-08 08:28:00,0.0,0.0,1.0,3.18,0.0,2.18,0.0,0.0,0.0,60.0,190.8,0.0,130.8
2020-12-08 08:29:00,0.0,0.0,1.0,3.2,0.0,2.2,0.0,0.0,0.0,60.0,192.0,0.0,132.0
2020-12-08 08:30:00,0.0,0.0,1.02,3.28,0.0,2.26,0.0,0.0,0.0,61.2,196.79999999999998,0.0,135.6
2020-12-08 08:31:00,0.0,0.0,1.07,3.58,0.0,2.51,0.0,0.0,0.0,64.2,214.8,0.0,150.6
2020-12-08 08:32:00,0.0,0.0,1.1,3.55,0.0,2.45,0.0,0.0,0.0,66.0,213.0,0.0,147.0
2020-12-08 08:33:00,0.0,0.0,1.17,3.52,0.0,2.35,0.0,0.0,0.0,70.2,211.20000000000002,0.0,141.0
2020-12-08 08:34:00,0.0,0.0,1.22,3.53,0.0,2.31,0.0,0.0,0.0,73.2,211.79999999999998,0.0,138.6
2020-12-08 08:35:00,0.0,0.0,1.27,3.52,0.0,2.25,0.0,0.0,0.0,76.2,211.20000000000002,0.0,135.0
2020-12-08 08:36:00,0.0,0.0,1.35,3.5,0.0,2.15,0.0,0.0,0.0,81.0,210.0,0.0,129.0
2020-12-08 08:37:00,0.0,0.0,1.48,3.52,0.0,2.04,0.0,0.0,0.0,88.8,211.20000000000002,0.0,122.4
2020-12-08 08:38:00,0.0,0.0,1.57,3.52,0.0,1.95,0.0,0.0,0.0,94.2,211.20000000000002,0.0,117.0
2020-12-08 08:39:00,0.0,0.0,1.75,3.5,0.0,1.75,0.0,0.0,0.0,105.0,210.0,0.0,105.0
2020-12-08 08:40:00,0.0,0.0,1.8,3.48,0.0,1.68,0.0,0.0,0.0,108.0,208.8,0.0,100.8
2020-12-08 08:41:00,0.0,0.0,2.1,3.47,0.0,1.37,0.0,0.0,0.0,126.0,208.20000000000002,0.0,82.2
2020-12-08 08:42:00,0.0,0.0,2.23,3.43,0.0,1.2,0.0,0.0,0.0,133.8,205.8,0.0,72.0
2020-12-08 08:43:00,0.0,0.0,2.18,35.67,0.0,33.49,0.0,0.0,0.0,130.8,2140.2000000000003,0.0,2009.4
2020-12-08 08:44:00,0.0,0.0,2.35,37.0,0.0,34.65,0.0,0.0,0.0,141.0,2220.0,0.0,2079.0
2020-12-08 08:45:00,0.0,0.0,2.33,37.13,0.0,34.8,0.0,0.0,0.0,139.8,2227.8,0.0,2088.0
2020-12-08 08:46:00,0.0,0.0,2.27,36.82,0.0,34.55,0.0,0.0,0.0,136.20000000000002,2209.2000000000003,0.0,2073.0
2020-12-08 08:47:00,0.0,0.0,2.15,36.63,0.0,34.48,0.0,0.0,0.0,129.0,2197.8,0.0,2068.7999999999997
2020-12-08 08:48:00,0.0,0.0,1.95,36.7,0.0,34.75,0.0,0.0,0.0,117.0,2202.0,0.0,2085.0
2020-12-08 08:49:00,0.0,0.0,1.83,37.03,0.0,35.2,0.0,0.0,0.0,109.80000000000001,2221.8,0.0,2112.0
2020-12-08 08:50:00,0.0,0.0,1.8,37.07,0.0,35.27,0.0,0.0,0.0,108.0,2224.2000000000003,0.0,2116.2000000000003
2020-12-08 08:51:00,0.0,0.0,1.97,36.8,0.0,34.83,0.0,0.0,0.0,118.2,2208.0,0.0,2089.7999999999997
2020-12-08 08:52:00,0.0,0.0,2.2,36.72,0.0,34.52,0.0,0.0,0.0,132.0,2203.2,0.0,2071.2000000000003
2020-12-08 08:53:00,0.0,0.0,2.38,36.8,0.0,34.42,0.0,0.0,0.0,142.79999999999998,2208.0,0.0,2065.2000000000003
2020-12-08 08:54:00,0.0,0.0,2.8,36.75,0.0,33.95,0.0,0.0,0.0,168.0,2205.0,0.0,2037.0000000000002
2020-12-08 08:55:00,0.0,0.0,3.27,36.78,0.0,33.51,0.0,0.0,0.0,196.20000000000002,2206.8,0.0,2010.6
2020-12-08 08:56:00,0.0,0.0,3.68,36.57,0.0,32.89,0.0,0.0,0.0,220.8,2194.2000000000003,0.0,1973.4
2020-12-08 08:57:00,0.0,0.0,4.12,36.7,0.0,32.58,0.0,0.0,0.0,247.20000000000002,2202.0,0.0,1954.8
2020-12-08 08:58:00,0.0,0.0,4.05,36.68,0.0,32.63,0.0,0.0,0.0,243.0,2200.8,0.0,1957.8000000000002
2020-12-08 08:59:00,0.0,0.0,3.87,36.5,0.0,32.63,0.0,0.0,0.0,232.20000000000002,2190.0,0.0,1957.8000000000002
2020-12-08 09:00:00,0.0,0.7,3.58,28.58,0.0,25.7,0.0,0.0,42.0,214.8,1714.8,0.0,1542.0
2020-12-08 09:01:00,0.0,2.98,3.48,3.53,0.0,3.03,0.0,0.0,178.8,208.8,211.79999999999998,0.0,181.79999999999998
2020-12-08 09:02:00,0.0,1.22,3.25,3.5,0.0,1.47,0.0,0.0,73.2,195.0,210.0,0.0,88.2
2020-12-08 09:03:00,0.0,2.13,3.27,3.2,0.0,2.06,0.0,0.0,127.8,196.20000000000002,192.0,0.0,123.60000000000001
2020-12-08 09:04:00,0.0,2.43,3.33,3.17,0.0,2.27,0.0,0.0,145.8,199.8,190.2,0.0,136.20000000000002
2020-12-08 09:05:00,0.0,0.92,3.1,3.28,0.0,1.1,0.0,0.0,55.2,186.0,196.79999999999998,0.0,66.0
2020-12-08 09:06:00,0.0,0.0,3.12,3.47,0.0,0.35,0.0,0.0,0.0,187.20000000000002,208.20000000000002,0.0,21.0
2020-12-08 09:07:00,0.0,0.0,3.02,3.48,0.0,0.46,0.0,0.0,0.0,181.20000000000002,208.8,0.0,27.6
2020-12-08 09:08:00,0.0,0.0,3.02,3.45,0.0,0.43,0.0,0.0,0.0,181.20000000000002,207.0,0.0,25.8
2020-12-08 09:09:00,0.0,0.0,3.05,3.48,0.0,0.43,0.0,0.0,0.0,183.0,208.8,0.0,25.8
2020-12-08 09:10:00,0.0,0.0,3.03,25.52,0.0,22.49,0.0,0.0,0.0,181.79999999999998,1531.2,0.0,1349.3999999999999
2020-12-08 09:11:00,0.0,0.0,3.03,36.6,0.0,33.57,0.0,0.0,0.0,181.79999999999998,2196.0,0.0,2014.2
2020-12-08 09:12:00,0.0,0.0,3.03,36.78,0.0,33.75,0.0,0.0,0.0,181.79999999999998,2206.8,0.0,2025.0
2020-12-08 09:13:00,0.0,0.0,3.03,36.78,0.0,33.75,0.0,0.0,0.0,181.79999999999998,2206.8,0.0,2025.0
2020-12-08 09:14:00,0.0,0.0,3.08,37.05,0.0,33.97,0.0,0.0,0.0,184.8,2223.0,0.0,2038.2
2020-12-08 09:15:00,0.0,0.0,3.17,36.87,0.0,33.7,0.0,0.0,0.0,190.2,2212.2,0.0,2022.0000000000002
2020-12-08 09:16:00,0.0,0.0,3.17,36.85,0.0,33.68,0.0,0.0,0.0,190.2,2211.0,0.0,2020.8
2020-12-08 09:17:00,0.0,0.0,3.03,36.7,0.0,33.67,0.0,0.0,0.0,181.79999999999998,2202.0,0.0,2020.2
2020-12-08 09:18:00,0.0,0.0,2.85,32.08,0.0,29.23,0.0,0.0,0.0,171.0,1924.8,0.0,1753.8
2020-12-08 09:19:00,0.0,0.0,2.73,3.92,0.0,1.19,0.0,0.0,0.0,163.8,235.2,0.0,71.39999999999999
2020-12-08 09:20:00,0.0,0.0,2.72,3.95,0.0,1.23,0.0,0.0,0.0,163.20000000000002,237.0,0.0,73.8
2020-12-08 09:21:00,0.0,0.0,2.8,3.93,0.0,1.13,0.0,0.0,0.0,168.0,235.8,0.0,67.8
2020-12-08 09:22:00,0.0,0.0,2.9,3.9,0.0,1.0,0.0,0.0,0.0,174.0,234.0,0.0,60.0
2020-12-08 09:23:00,0.0,0.0,3.07,3.95,0.0,0.88,0.0,0.0,0.0,184.2,237.0,0.0,52.800000000000004
2020-12-08 09:24:00,0.0,0.0,3.17,3.92,0.0,0.75,0.0,0.0,0.0,190.2,235.2,0.0,45.0
2020-12-08 09:25:00,0.0,0.0,3.28,3.97,0.0,0.69,0.0,0.0,0.0,196.79999999999998,238.20000000000002,0.0,41.4
2020-12-08 09:26:00,0.0,0.57,3.63,3.83,0.0,0.77,0.0,0.0,34.199999999999996,217.79999999999998,229.8,0.0,46.2
2020-12-08 09:27:00,0.0,1.72,3.92,3.85,0.0,1.65,0.0,0.0,103.2,235.2,231.0,0.0,99.0
2020-12-08 09:28:00,0.0,3.92,4.05,3.4,0.0,3.27,0.0,0.0,235.2,243.0,204.0,0.0,196.20000000000002
2020-12-08 09:29:00,0.0,4.48,4.47,2.3,0.0,2.31,0.0,0.0,268.8,268.2,138.0,0.0,138.6
2020-12-08 09:30:00,0.0,4.95,4.98,2.08,0.0,2.05,0.0,0.0,297.0,298.8,124.80000000000001,0.0,122.99999999999999
2020-12-08 09:31:00,0.0,5.5,5.5,2.1,0.0,2.1,0.0,0.0,330.0,330.0,126.0,0.0,126.0
2020-12-08 09:32:00,0.0,1.45,5.68,13.77,0.0,9.54,0.0,0.0,87.0,340.8,826.1999999999999,0.0,572.4
2020-12-08 09:33:00,0.0,0.0,5.98,16.17,0.0,10.19,0.0,0.0,0.0,358.8,970.2000000000002,0.0,611.4
2020-12-08 09:34:00,0.0,0.0,5.97,15.88,0.0,9.91,0.0,0.0,0.0,358.2,952.8000000000001,0.0,594.6
2020-12-08 09:35:00,0.0,3.05,5.88,8.2,0.0,5.37,0.0,0.0,183.0,352.8,491.99999999999994,0.0,322.2
2020-12-08 09:36:00,0.0,5.75,5.75,2.03,0.0,2.03,0.0,0.0,345.0,345.0,121.79999999999998,0.0,121.79999999999998
2020-12-08 09:37:00,0.0,5.8,5.8,2.02,0.0,2.02,0.0,0.0,348.0,348.0,121.2,0.0,121.2
2020-12-08 09:38:00,0.0,3.17,5.8,9.25,0.0,6.62,0.0,0.0,190.2,348.0,555.0,0.0,397.2
2020-12-08 09:39:00,0.0,0.05,6.5,15.2,0.0,8.75,0.0,0.0,3.0,390.0,912.0,0.0,525.0
2020-12-08 09:40:00,0.0,6.72,6.98,2.23,0.0,1.97,0.0,0.0,403.2,418.8,133.8,0.0,118.2
2020-12-08 09:41:00,0.0,6.92,6.92,2.07,0.0,2.07,0.0,0.0,415.2,415.2,124.19999999999999,0.0,124.19999999999999
2020-12-08 09:42:00,0.0,5.0,6.75,14.12,0.0,12.37,0.0,0.0,300.0,405.0,847.1999999999999,0.0,742.1999999999999
2020-12-08 09:43:00,0.0,0.0,6.57,35.27,0.0,28.7,0.0,0.0,0.0,394.20000000000005,2116.2000000000003,0.0,1722.0
2020-12-08 09:44:00,0.0,0.0,6.0,35.5,0.0,29.5,0.0,0.0,0.0,360.0,2130.0,0.0,1770.0
2020-12-08 09:45:00,0.0,0.0,5.53,35.95,0.0,30.42,0.0,0.0,0.0,331.8,2157.0,0.0,1825.2
2020-12-08 09:46:00,0.0,0.0,5.33,35.6,0.0,30.27,0.0,0.0,0.0,319.8,2136.0,0.0,1816.2
2020-12-08 09:47:00,0.0,0.0,5.4,35.72,0.0,30.32,0.0,0.0,0.0,324.0,2143.2,0.0,1819.2
2020-12-08 09:48:00,0.0,0.0,5.58,36.02,0.0,30.44,0.0,0.0,0.0,334.8,2161.2000000000003,0.0,1826.4
2020-12-08 09:49:00,0.0,0.0,5.77,35.6,0.0,29.83,0.0,0.0,0.0,346.2,2136.0,0.0,1789.8
2020-12-08 09:50:00,0.0,0.0,5.95,35.78,0.0,29.83,0.0,0.0,0.0,357.0,2146.8,0.0,1789.8
2020-12-08 09:51:00,0.0,0.0,6.27,63.52,0.0,57.25,0.0,0.0,0.0,376.2,3811.2000000000003,0.0,3435.0
2020-12-08 09:52:00,0.0,0.0,6.3,69.5,0.0,63.2,0.0,0.0,0.0,378.0,4170.0,0.0,3792.0
2020-12-08 09:53:00,0.0,0.0,6.07,48.78,0.0,42.71,0.0,0.0,0.0,364.20000000000005,2926.8,0.0,2562.6
2020-12-08 09:54:00,0.0,0.0,5.63,38.62,0.0,32.99,0.0,0.0,0.0,337.8,2317.2,0.0,1979.4
2020-12-08 09:55:00,0.0,0.0,5.12,38.15,0.0,33.03,0.0,0.0,0.0,307.2,2289.0,0.0,1981.8000000000002
2020-12-08 09:56:00,0.0,0.0,4.78,37.68,0.0,32.9,0.0,0.0,0.0,286.8,2260.8,0.0,1974.0
2020-12-08 09:57:00,0.0,0.0,4.7,37.7,0.0,33.0,0.0,0.0,0.0,282.0,2262.0,0.0,1980.0
2020-12-08 09:58:00,0.0,0.0,4.72,36.87,0.0,32.15,0.0,0.0,0.0,283.2,2212.2,0.0,1929.0
2020-12-08 09:59:00,0.0,0.0,4.93,44.02,0.0,39.09,0.0,0.0,0.0,295.8,2641.2000000000003,0.0,2345.4
2020-12-08 10:00:00,0.0,0.0,5.53,44.37,0.0,38.84,0.0,0.0,0.0,331.8,2662.2,0.0,2330.4
2020-12-08 10:01:00,0.0,0.0,5.72,44.18,0.0,38.46,0.0,0.0,0.0,343.2,2650.8,0.0,2307.6
2020-12-08 10:02:00,0.0,0.0,6.55,44.72,0.0,38.17,0.0,0.0,0.0,393.0,2683.2,0.0,2290.2000000000003
2020-12-08 10:03:00,0.0,0.0,7.28,44.88,0.0,37.6,0.0,0.0,0.0,436.8,2692.8,0.0,2256.0
2020-12-08 10:04:00,0.0,0.0,7.35,36.95,0.0,29.6,0.0,0.0,0.0,441.0,2217.0,0.0,1776.0
2020-12-08 10:05:00,0.0,0.0,7.55,16.8,0.0,9.25,0.0,0.0,0.0,453.0,1008.0,0.0,555.0
2020-12-08 10:06:00,0.0,0.0,7.27,12.55,0.0,5.28,0.0,0.0,0.0,436.2,753.0,0.0,316.8
2020-12-08 10:07:00,0.0,0.0,7.47,12.47,0.0,5.0,0.0,0.0,0.0,448.2,748.2,0.0,300.0
2020-12-08 10:08:00,0.0,0.0,8.35,12.45,0.0,4.1,0.0,0.0,0.0,501.0,747.0,0.0,245.99999999999997
2020-12-08 10:09:00,0.0,0.0,9.6,12.82,0.0,3.22,0.0,0.0,0.0,576.0,769.2,0.0,193.20000000000002
2020-12-08 10:10:00,0.0,9.35,10.28,4.63,0.0,3.7,0.0,0.0,561.0,616.8,277.8,0.0,222.0
2020-12-08 10:11:00,0.0,8.6,8.62,4.15,0.0,4.13,0.0,0.0,516.0,517.1999999999999,249.00000000000003,0.0,247.79999999999998
2020-12-08 10:12:00,0.0,7.08,7.12,4.18,0.0,4.14,0.0,0.0,424.8,427.2,250.79999999999998,0.0,248.39999999999998
2020-12-08 10:13:00,0.0,6.3,6.3,4.32,0.0,4.32,0.0,0.0,378.0,378.0,259.20000000000005,0.0,259.20000000000005
2020-12-08 10:14:00,0.0,6.2,6.2,4.53,0.0,4.53,0.0,0.0,372.0,372.0,271.8,0.0,271.8
2020-12-08 10:15:00,0.0,6.15,6.15,4.53,0.0,4.53,0.0,0.0,369.0,369.0,271.8,0.0,271.8
2020-12-08 10:16:00,0.0,6.43,6.43,4.58,0.0,4.58,0.0,0.0,385.8,385.8,274.8,0.0,274.8
2020-12-08 10:17:00,0.0,6.65,6.65,5.7,0.0,5.7,0.0,0.0,399.0,399.0,342.0,0.0,342.0
2020-12-08 10:18:00,0.0,7.02,7.02,5.57,0.0,5.57,0.0,0.0,421.2,421.2,334.20000000000005,0.0,334.20000000000005
2020-12-08 10:19:00,0.0,7.0,7.02,5.6,0.0,5.58,0.0,0.0,420.0,421.2,336.0,0.0,334.8
2020-12-08 10:20:00,0.0,1.47,6.7,16.77,0.0,11.54,0.0,0.0,88.2,402.0,1006.1999999999999,0.0,692.4
2020-12-08 10:21:00,0.0,6.87,7.7,6.32,0.0,5.49,0.0,0.0,412.2,462.0,379.20000000000005,0.0,329.40000000000003
2020-12-08 10:22:00,0.0,8.18,8.17,5.28,0.0,5.29,0.0,0.0,490.8,490.2,316.8,0.0,317.40000000000003
2020-12-08 10:23:00,0.0,10.12,10.07,5.4,0.0,5.45,0.0,0.0,607.1999999999999,604.2,324.0,0.0,327.0
2020-12-08 10:24:00,0.0,11.03,11.02,5.1,0.0,5.11,0.0,0.0,661.8,661.1999999999999,306.0,0.0,306.6
2020-12-08 10:25:00,0.0,10.1,10.1,5.1,0.0,5.1,0.0,0.0,606.0,606.0,306.0,0.0,306.0
2020-12-08 10:26:00,0.0,7.42,9.28,11.42,0.0,9.56,0.0,0.0,445.2,556.8,685.2,0.0,573.6
2020-12-08 10:27:00,0.0,0.0,9.5,26.5,0.0,17.0,0.0,0.0,0.0,570.0,1590.0,0.0,1020.0
2020-12-08 10:28:00,0.0,7.98,9.83,8.03,0.0,6.18,0.0,0.0,478.8,589.8000000000001,481.79999999999995,0.0,370.8
2020-12-08 10:29:00,0.0,9.22,9.23,5.05,0.0,5.04,0.0,0.0,553.2,553.8000000000001,303.0,0.0,302.40000000000003
2020-12-08 10:30:00,0.0,8.95,8.98,4.98,0.0,4.95,0.0,0.0,537.0,538.8000000000001,298.8,0.0,297.0
2020-12-08 10:31:00,0.0,8.68,8.68,5.07,0.0,5.07,0.0,0.0,520.8,520.8,304.20000000000005,0.0,304.20000000000005
2020-12-08 10:32:00,0.0,8.35,8.35,5.05,0.0,5.05,0.0,0.0,501.0,501.0,303.0,0.0,303.0
2020-12-08 10:33:00,0.0,8.07,8.07,5.03,0.0,5.03,0.0,0.0,484.20000000000005,484.20000000000005,301.8,0.0,301.8
2020-12-08 10:34:00,0.0,8.03,8.03,5.0,0.0,5.0,0.0,0.0,481.79999999999995,481.79999999999995,300.0,0.0,300.0
2020-12-08 10:35:00,0.0,8.23,8.22,4.98,0.0,4.99,0.0,0.0,493.8,493.20000000000005,298.8,0.0,299.40000000000003
2020-12-08 10:36:00,0.0,8.45,8.45,5.0,0.0,5.0,0.0,0.0,506.99999999999994,506.99999999999994,300.0,0.0,300.0
2020-12-08 10:37:00,0.0,8.43,8.43,5.03,0.0,5.03,0.0,0.0,505.8,505.8,301.8,0.0,301.8
2020-12-08 10:38:00,0.0,8.22,8.22,5.03,0.0,5.03,0.0,0.0,493.20000000000005,493.20000000000005,301.8,0.0,301.8
2020-12-08 10:39:00,0.0,7.97,7.97,5.0,0.0,5.0,0.0,0.0,478.2,478.2,300.0,0.0,300.0
2020-12-08 10:40:00,0.0,6.55,7.53,4.88,0.0,3.9,1.0,0.0,393.0,451.8,292.8,0.0,234.0
2020-12-08 10:41:00,0.0,3.37,7.82,4.9,0.0,0.45,1.0,0.0,202.20000000000002,469.20000000000005,294.0,0.0,27.0
2020-12-08 10:42:00,0.0,3.37,7.78,4.9,0.0,0.49,1.0,0.0,202.20000000000002,466.8,294.0,0.0,29.4
2020-12-08 10:43:00,0.0,0.95,7.58,10.98,0.0,4.35,2.0,0.0,57.0,454.8,658.8000000000001,0.0,261.0
2020-12-08 10:44:00,31.9,0.0,6.77,39.57,0.0,0.9,1.0,1914.0,0.0,406.2,2374.2000000000003,0.0,54.0
2020-12-08 10:45:00,29.67,0.0,8.13,38.65,0.0,0.85,1.0,1780.2,0.0,487.80000000000007,2319.0,0.0,51.0
2020-12-08 10:46:00,33.5,0.0,8.25,41.83,0.0,0.08,1.0,2010.0,0.0,495.0,2509.7999999999997,0.0,4.8
2020-12-08 10:47:00,7.32,0.0,11.47,38.83,0.0,20.04,0.0,439.20000000000005,0.0,688.2,2329.7999999999997,0.0,1202.3999999999999
2020-12-08 10:48:00,0.0,0.0,11.55,42.62,0.0,31.07,0.0,0.0,0.0,693.0,2557.2,0.0,1864.2
2020-12-08 10:49:00,0.0,0.0,14.58,42.03,0.0,27.45,0.0,0.0,0.0,874.8000000000001,2521.8,0.0,1647.0
2020-12-08 10:50:00,0.0,0.0,12.73,41.02,0.0,28.29,0.0,0.0,0.0,763.8000000000001,2461.2000000000003,0.0,1697.3999999999999
2020-12-08 10:51:00,0.0,0.0,13.72,38.05,0.0,24.33,0.0,0.0,0.0,823.2,2283.0,0.0,1459.8
2020-12-08 10:52:00,0.0,0.0,12.6,37.43,0.0,24.83,0.0,0.0,0.0,756.0,2245.8,0.0,1489.8
2020-12-08 10:53:00,0.0,0.0,12.82,37.63,0.0,24.81,0.0,0.0,0.0,769.2,2257.8,0.0,1488.6
2020-12-08 10:54:00,0.0,0.0,10.63,36.98,0.0,26.35,0.0,0.0,0.0,637.8000000000001,2218.7999999999997,0.0,1581.0
2020-12-08 10:55:00,0.0,0.0,9.95,37.25,0.0,27.3,0.0,0.0,0.0,597.0,2235.0,0.0,1638.0
2020-12-08 10:56:00,0.0,0.0,9.27,36.62,0.0,27.35,0.0,0.0,0.0,556.1999999999999,2197.2,0.0,1641.0
2020-12-08 10:57:00,0.0,0.0,9.13,37.1,0.0,27.97,0.0,0.0,0.0,547.8000000000001,2226.0,0.0,1678.2
2020-12-08 10:58:00,0.0,0.0,8.95,36.97,0.0,28.02,0.0,0.0,0.0,537.0,2218.2,0.0,1681.2
2020-12-08 10:59:00,0.0,0.0,8.78,37.02,0.0,28.24,0.0,0.0,0.0,526.8,2221.2000000000003,0.0,1694.3999999999999
2020-12-08 11:00:00,0.0,0.0,8.55,37.23,0.0,28.68,0.0,0.0,0.0,513.0,2233.7999999999997,0.0,1720.8
2020-12-08 11:01:00,0.0,0.0,8.57,37.12,0.0,28.55,0.0,0.0,0.0,514.2,2227.2,0.0,1713.0
2020-12-08 11:02:00,0.0,0.0,8.63,37.33,0.0,28.7,0.0,0.0,0.0,517.8000000000001,2239.7999999999997,0.0,1722.0
2020-12-08 11:03:00,0.0,0.0,8.75,37.03,0.0,28.28,0.0,0.0,0.0,525.0,2221.8,0.0,1696.8000000000002
2020-12-08 11:04:00,0.0,0.0,8.92,36.93,0.0,28.01,0.0,0.0,0.0,535.2,2215.8,0.0,1680.6000000000001
2020-12-08 11:05:00,0.0,0.0,9.1,37.02,0.0,27.92,0.0,0.0,0.0,546.0,2221.2000000000003,0.0,1675.2
2020-12-08 11:06:00,0.0,0.0,9.42,37.22,0.0,27.8,0.0,0.0,0.0,565.2,2233.2,0.0,1668.0
2020-12-08 11:07:00,0.0,0.0,9.62,37.6,0.0,27.98,0.0,0.0,0.0,577.1999999999999,2256.0,0.0,1678.8
2020-12-08 11:08:00,0.0,0.0,10.23,37.57,0.0,27.34,0.0,0.0,0.0,613.8000000000001,2254.2000000000003,0.0,1640.4
2020-12-08 11:09:00,0.0,0.0,11.35,37.25,0.0,25.9,0.0,0.0,0.0,681.0,2235.0,0.0,1554.0
2020-12-08 11:10:00,0.0,14.18,16.52,8.35,0.0,6.01,0.0,0.0,850.8,991.1999999999999,501.0,0.0,360.59999999999997
2020-12-08 11:11:00,0.0,11.93,12.12,4.92,0.0,4.73,0.0,0.0,715.8,727.1999999999999,295.2,0.0,283.8
2020-12-08 11:12:00,0.0,9.45,9.45,5.17,0.0,5.17,0.0,0.0,567.0,567.0,310.2,0.0,310.2
2020-12-08 11:13:00,0.0,11.37,11.28,5.23,0.0,5.32,0.0,0.0,682.1999999999999,676.8,313.8,0.0,319.20000000000005
2020-12-08 11:14:00,4.02,0.0,10.07,18.93,0.0,4.84,1.0,241.2,0.0,604.2,1135.8,0.0,290.4
2020-12-08 11:15:00,6.23,0.0,12.77,19.45,0.0,0.45,1.0,373.8,0.0,766.1999999999999,1167.0,0.0,27.0
2020-12-08 11:16:00,9.38,0.0,10.32,19.18,0.52,0.0,1.0,562.8000000000001,0.0,619.2,1150.8,31.200000000000003,0.0
2020-12-08 11:17:00,0.0,4.22,10.73,6.75,0.0,0.24,1.0,0.0,253.2,643.8000000000001,405.0,0.0,14.4
2020-12-08 11:18:00,0.0,6.02,10.67,5.4,0.0,0.75,1.0,0.0,361.2,640.2,324.0,0.0,45.0
2020-12-08 11:19:00,0.0,8.87,13.47,5.15,0.0,0.55,1.0,0.0,532.1999999999999,808.2,309.0,0.0,33.0
2020-12-08 11:20:00,0.0,7.65,12.27,4.88,0.0,0.26,1.0,0.0,459.0,736.1999999999999,292.8,0.0,15.600000000000001
2020-12-08 11:21:00,0.0,7.13,11.55,4.83,0.0,0.41,1.0,0.0,427.8,693.0,289.8,0.0,24.599999999999998
2020-12-08 11:22:00,0.0,8.08,12.6,4.95,0.0,0.43,1.0,0.0,484.8,756.0,297.0,0.0,25.8
2020-12-08 11:23:00,4.48,0.0,11.25,22.18,0.0,6.45,1.0,268.8,0.0,675.0,1330.8,0.0,387.0
2020-12-08 11:24:00,27.37,0.0,10.63,38.38,0.0,0.38,1.0,1642.2,0.0,637.8000000000001,2302.8,0.0,22.8
2020-12-08 11:25:00,15.35,0.0,12.03,22.98,4.4,0.0,1.0,921.0,0.0,721.8,1378.8,264.0,0.0
2020-12-08 11:26:00,0.0,7.22,11.7,4.9,0.0,0.42,1.0,0.0,433.2,702.0,294.0,0.0,25.2
2020-12-08 11:27:00,0.0,9.48,13.93,4.83,0.0,0.38,1.0,0.0,568.8000000000001,835.8,289.8,0.0,22.8
2020-12-08 11:28:00,0.0,9.77,14.08,4.83,0.0,0.52,1.0,0.0,586.1999999999999,844.8000000000001,289.8,0.0,31.200000000000003
2020-12-08 11:29:00,0.0,10.47,15.05,4.85,0.0,0.27,1.0,0.0,628.2,903.0,291.0,0.0,16.200000000000003
2020-12-08 11:30:00,0.0,8.03,12.43,4.75,0.0,0.35,1.0,0.0,481.79999999999995,745.8,285.0,0.0,21.0
2020-12-08 11:31:00,0.0,8.73,13.07,4.82,0.0,0.48,1.0,0.0,523.8000000000001,784.2,289.20000000000005,0.0,28.8
2020-12-08 11:32:00,0.0,9.93,14.4,4.82,0.0,0.35,1.0,0.0,595.8,864.0,289.20000000000005,0.0,21.0
2020-12-08 11:33:00,0.0,9.97,14.2,4.83,0.0,0.6,1.0,0.0,598.2,852.0,289.8,0.0,36.0
2020-12-08 11:34:00,0.0,9.42,13.83,4.82,0.0,0.41,1.0,0.0,565.2,829.8000000000001,289.20000000000005,0.0,24.599999999999998
2020-12-08 11:35:00,0.0,8.27,12.57,4.8,0.0,0.5,1.0,0.0,496.2,754.2,288.0,0.0,30.0
2020-12-08 11:36:00,0.0,8.17,12.47,4.8,0.0,0.5,1.0,0.0,490.2,748.2,288.0,0.0,30.0
2020-12-08 11:37:00,0.0,7.87,12.17,4.8,0.0,0.5,1.0,0.0,472.2,730.2,288.0,0.0,30.0
2020-12-08 11:38:00,0.0,8.1,12.4,4.83,0.0,0.53,1.0,0.0,486.0,744.0,289.8,0.0,31.8
2020-12-08 11:39:00,0.0,8.78,13.13,4.83,0.0,0.48,1.0,0.0,526.8,787.8000000000001,289.8,0.0,28.8
2020-12-08 11:40:00,0.0,9.05,13.68,4.9,0.0,0.27,1.0,0.0,543.0,820.8,294.0,0.0,16.200000000000003
2020-12-08 11:41:00,0.0,8.97,13.3,4.85,0.0,0.52,1.0,0.0,538.2,798.0,291.0,0.0,31.200000000000003
2020-12-08 11:42:00,0.0,7.85,12.25,4.85,0.0,0.45,1.0,0.0,471.0,735.0,291.0,0.0,27.0
2020-12-08 11:43:00,0.0,8.35,12.85,5.05,0.0,0.55,1.0,0.0,501.0,771.0,303.0,0.0,33.0
2020-12-08 11:44:00,0.0,8.63,14.5,10.95,0.0,5.08,1.0,0.0,517.8000000000001,870.0,657.0,0.0,304.8
2020-12-08 11:45:00,19.22,0.0,18.53,39.77,0.0,2.02,2.0,1153.2,0.0,1111.8000000000002,2386.2000000000003,0.0,121.2
2020-12-08 11:46:00,20.67,0.0,19.4,40.18,0.0,0.11,2.0,1240.2,0.0,1164.0,2410.8,0.0,6.6000000000000005
2020-12-08 11:47:00,24.47,0.0,15.3,40.08,0.0,0.31,2.0,1468.2,0.0,918.0,2404.7999999999997,0.0,18.6
2020-12-08 11:48:00,26.47,0.0,12.5,39.3,0.0,0.33,1.0,1588.2,0.0,750.0,2358.0,0.0,19.8
2020-12-08 11:49:00,24.3,0.0,13.33,37.95,0.0,0.32,1.0,1458.0,0.0,799.8000000000001,2277.0,0.0,19.2
2020-12-08 11:50:00,22.93,0.0,14.02,37.43,0.0,0.48,1.0,1375.8,0.0,841.1999999999999,2245.8,0.0,28.8
2020-12-08 11:51:00,24.98,0.0,12.18,37.37,0.0,0.21,1.0,1498.8,0.0,730.8,2242.2,0.0,12.6
2020-12-08 11:52:00,6.52,0.0,15.0,37.57,0.0,16.05,0.0,391.2,0.0,900.0,2254.2000000000003,0.0,963.0
2020-12-08 11:53:00,0.0,0.0,16.12,36.38,0.0,20.26,0.0,0.0,0.0,967.2,2182.8,0.0,1215.6000000000001
2020-12-08 11:54:00,0.0,0.0,13.17,36.47,0.0,23.3,0.0,0.0,0.0,790.2,2188.2,0.0,1398.0
2020-12-08 11:55:00,0.0,4.08,12.3,25.55,0.0,17.33,0.0,0.0,244.8,738.0,1533.0,0.0,1039.8
2020-12-08 11:56:00,0.0,11.45,11.47,5.67,0.0,5.65,0.0,0.0,687.0,688.2,340.2,0.0,339.0
2020-12-08 11:57:00,0.0,10.97,10.95,4.85,0.0,4.87,0.0,0.0,658.2,657.0,291.0,0.0,292.2
2020-12-08 11:58:00,0.0,12.68,12.68,4.43,0.0,4.43,0.0,0.0,760.8,760.8,265.8,0.0,265.8
2020-12-08 11:59:00,0.0,11.5,11.48,3.78,0.0,3.8,0.0,0.0,690.0,688.8000000000001,226.79999999999998,0.0,228.0
2020-12-08 12:00:00,0.0,13.52,13.42,3.73,0.0,3.83,0.0,0.0,811.1999999999999,805.2,223.8,0.0,229.8
2020-12-08 12:01:00,0.0,13.67,13.62,4.63,0.0,4.68,0.0,0.0,820.2,817.1999999999999,277.8,0.0,280.8
2020-12-08 12:02:00,9.9,0.0,12.9,31.7,0.0,8.9,1.0,594.0,0.0,774.0,1902.0,0.0,534.0
2020-12-08 12:03:00,28.8,0.0,8.53,37.73,0.0,0.4,1.0,1728.0,0.0,511.79999999999995,2263.7999999999997,0.0,24.0
2020-12-08 12:04:00,28.65,0.0,8.5,37.53,0.0,0.38,1.0,1719.0,0.0,510.0,2251.8,0.0,22.8
2020-12-08 12:05:00,6.67,0.0,10.27,37.83,0.0,20.89,0.0,400.2,0.0,616.1999999999999,2269.7999999999997,0.0,1253.4
2020-12-08 12:06:00,0.0,0.0,9.93,37.03,0.0,27.1,0.0,0.0,0.0,595.8,2221.8,0.0,1626.0
2020-12-08 12:07:00,0.0,0.0,10.42,37.03,0.0,26.61,0.0,0.0,0.0,625.2,2221.8,0.0,1596.6
2020-12-08 12:08:00,0.0,0.0,11.1,37.15,0.0,26.05,0.0,0.0,0.0,666.0,2229.0,0.0,1563.0
2020-12-08 12:09:00,0.0,0.0,10.6,37.2,0.0,26.6,0.0,0.0,0.0,636.0,2232.0,0.0,1596.0
2020-12-08 12:10:00,0.0,0.0,11.48,37.23,0.0,25.75,0.0,0.0,0.0,688.8000000000001,2233.7999999999997,0.0,1545.0
2020-12-08 12:11:00,0.0,0.0,16.02,37.12,0.0,21.1,0.0,0.0,0.0,961.1999999999999,2227.2,0.0,1266.0
2020-12-08 12:12:00,0.0,0.0,19.55,37.72,0.0,18.17,0.0,0.0,0.0,1173.0,2263.2,0.0,1090.2
2020-12-08 12:13:00,0.0,0.0,15.25,36.98,0.0,21.73,0.0,0.0,0.0,915.0,2218.7999999999997,0.0,1303.8
2020-12-08 12:14:00,0.0,0.0,24.92,37.18,0.0,12.26,0.0,0.0,0.0,1495.2,2230.8,0.0,735.6
2020-12-08 12:15:00,0.0,0.0,25.2,38.07,0.0,12.87,0.0,0.0,0.0,1512.0,2284.2000000000003,0.0,772.1999999999999
2020-12-08 12:16:00,0.0,16.73,20.08,8.85,0.0,5.5,0.0,0.0,1003.8000000000001,1204.8,531.0,0.0,330.0
2020-12-08 12:17:00,0.0,18.57,18.65,3.65,0.0,3.57,0.0,0.0,1114.2,1119.0,219.0,0.0,214.2
2020-12-08 12:18:00,0.0,12.4,12.38,5.1,0.0,5.12,0.0,0.0,744.0,742.8000000000001,306.0,0.0,307.2
2020-12-08 12:19:00,14.47,0.0,14.75,36.67,0.0,7.45,1.0,868.2,0.0,885.0,2200.2000000000003,0.0,447.0
2020-12-08 12:20:00,19.38,0.0,19.1,38.78,0.0,0.3,1.0,1162.8,0.0,1146.0,2326.8,0.0,18.0
2020-12-08 12:21:00,7.93,0.0,26.85,38.93,0.0,4.15,0.0,475.8,0.0,1611.0,2335.8,0.0,249.00000000000003
2020-12-08 12:22:00,0.1,0.0,21.13,37.68,0.0,16.45,0.0,6.0,0.0,1267.8,2260.8,0.0,987.0
2020-12-08 12:23:00,0.0,0.0,15.5,37.53,0.0,22.03,0.0,0.0,0.0,930.0,2251.8,0.0,1321.8000000000002
2020-12-08 12:24:00,0.0,0.0,11.02,37.9,0.0,26.88,0.0,0.0,0.0,661.1999999999999,2274.0,0.0,1612.8
2020-12-08 12:25:00,0.0,0.0,19.2,37.4,0.0,18.2,0.0,0.0,0.0,1152.0,2244.0,0.0,1092.0
2020-12-08 12:26:00,0.0,0.0,12.35,37.53,0.0,25.18,0.0,0.0,0.0,741.0,2251.8,0.0,1510.8
2020-12-08 12:27:00,0.0,2.23,18.37,32.82,0.0,16.68,0.0,0.0,133.8,1102.2,1969.2,0.0,1000.8
2020-12-08 12:28:00,0.0,21.33,21.38,3.83,0.0,3.78,0.0,0.0,1279.8,1282.8,229.8,0.0,226.79999999999998
2020-12-08 12:29:00,0.0,15.97,16.03,3.65,0.0,3.59,0.0,0.0,958.2,961.8000000000001,219.0,0.0,215.4
2020-12-08 12:30:00,0.0,19.6,19.47,3.93,0.0,4.06,0.0,0.0,1176.0,1168.2,235.8,0.0,243.59999999999997
2020-12-08 12:31:00,0.0,22.55,22.55,3.78,0.0,3.78,0.0,0.0,1353.0,1353.0,226.79999999999998,0.0,226.79999999999998
2020-12-08 12:32:00,0.0,18.52,18.67,3.53,0.0,3.38,1.0,0.0,1111.2,1120.2,211.79999999999998,0.0,202.79999999999998
2020-12-08 12:33:00,0.0,13.42,16.67,3.67,0.0,0.42,1.0,0.0,805.2,1000.2000000000002,220.2,0.0,25.2
2020-12-08 12:34:00,0.0,13.35,16.73,3.7,0.0,0.32,1.0,0.0,801.0,1003.8000000000001,222.0,0.0,19.2
2020-12-08 12:35:00,0.0,6.8,9.75,3.62,0.0,0.67,1.0,0.0,408.0,585.0,217.20000000000002,0.0,40.2
2020-12-08 12:36:00,0.0,10.68,13.9,3.6,0.0,0.38,1.0,0.0,640.8,834.0,216.0,0.0,22.8
2020-12-08 12:37:00,0.0,9.58,12.8,3.58,0.0,0.36,1.0,0.0,574.8000000000001,768.0,214.8,0.0,21.599999999999998
2020-12-08 12:38:00,0.0,13.23,16.28,3.62,0.0,0.57,1.0,0.0,793.8000000000001,976.8000000000001,217.20000000000002,0.0,34.199999999999996
2020-12-08 12:39:00,0.0,17.25,20.47,3.63,0.0,0.41,1.0,0.0,1035.0,1228.2,217.79999999999998,0.0,24.599999999999998
2020-12-08 12:40:00,0.0,18.08,21.38,3.53,0.0,0.23,2.0,0.0,1084.8,1282.8,211.79999999999998,0.0,13.8
2020-12-08 12:41:00,0.0,18.83,22.02,3.65,0.0,0.46,2.0,0.0,1129.8,1321.2,219.0,0.0,27.6
2020-12-08 12:42:00,0.0,19.55,22.75,3.65,0.0,0.45,2.0,0.0,1173.0,1365.0,219.0,0.0,27.0
2020-12-08 12:43:00,0.0,20.27,23.4,3.62,0.0,0.49,2.0,0.0,1216.2,1404.0,217.20000000000002,0.0,29.4
2020-12-08 12:44:00,0.0,20.65,23.75,3.6,0.0,0.5,2.0,0.0,1239.0,1425.0,216.0,0.0,30.0
2020-12-08 12:45:00,0.0,21.27,24.38,3.62,0.0,0.51,3.0,0.0,1276.2,1462.8,217.20000000000002,0.0,30.6
2020-12-08 12:46:00,0.0,21.83,24.97,3.63,0.0,0.49,3.0,0.0,1309.8,1498.2,217.79999999999998,0.0,29.4
2020-12-08 12:47:00,0.0,22.17,25.3,3.63,0.0,0.5,3.0,0.0,1330.2,1518.0,217.79999999999998,0.0,30.0
2020-12-08 12:48:00,0.0,22.85,26.02,3.67,0.0,0.5,3.0,0.0,1371.0,1561.2,220.2,0.0,30.0
2020-12-08 12:49:00,0.0,21.12,24.32,3.63,0.0,0.43,3.0,0.0,1267.2,1459.2,217.79999999999998,0.0,25.8
2020-12-08 12:50:00,0.0,22.62,25.72,3.65,0.0,0.55,4.0,0.0,1357.2,1543.2,219.0,0.0,33.0
2020-12-08 12:51:00,0.0,23.03,26.35,3.67,0.0,0.35,4.0,0.0,1381.8000000000002,1581.0,220.2,0.0,21.0
2020-12-08 12:52:00,0.0,23.67,26.83,3.63,0.0,0.47,4.0,0.0,1420.2,1609.8,217.79999999999998,0.0,28.2
2020-12-08 12:53:00,0.0,23.6,26.83,3.67,0.0,0.44,4.0,0.0,1416.0,1609.8,220.2,0.0,26.400000000000002
2020-12-08 12:54:00,0.0,7.45,10.75,3.62,0.0,0.32,5.0,0.0,447.0,645.0,217.20000000000002,0.0,19.2
2020-12-08 12:55:00,0.0,4.4,7.53,3.65,0.0,0.52,5.0,0.0,264.0,451.8,219.0,0.0,31.200000000000003
2020-12-08 12:56:00,0.0,4.73,7.88,3.65,0.0,0.5,5.0,0.0,283.8,472.8,219.0,0.0,30.0
2020-12-08 12:57:00,0.0,5.93,9.2,3.67,0.0,0.4,5.0,0.0,355.8,552.0,220.2,0.0,24.0
2020-12-08 12:58:00,0.0,4.17,7.35,3.65,0.0,0.47,5.0,0.0,250.2,441.0,219.0,0.0,28.2
2020-12-08 12:59:00,0.0,3.6,6.78,3.65,0.0,0.47,5.0,0.0,216.0,406.8,219.0,0.0,28.2
2020-12-08 13:00:00,0.0,2.98,6.43,3.67,0.0,0.22,5.0,0.0,178.8,385.8,220.2,0.0,13.200000000000001
2020-12-08 13:01:00,0.0,2.5,5.78,3.65,0.0,0.37,5.0,0.0,150.0,346.8,219.0,0.0,22.2
2020-12-08 13:02:00,0.0,1.85,5.0,3.65,0.0,0.5,5.0,0.0,111.0,300.0,219.0,0.0,30.0
2020-12-08 13:03:00,0.0,1.72,4.9,3.67,0.0,0.49,5.0,0.0,103.2,294.0,220.2,0.0,29.4
2020-12-08 13:04:00,0.0,1.77,4.93,3.67,0.0,0.51,5.0,0.0,106.2,295.8,220.2,0.0,30.6
2020-12-08 13:05:00,0.0,14.7,17.52,3.58,0.0,0.76,5.0,0.0,882.0,1051.2,214.8,0.0,45.6
2020-12-08 13:06:00,0.0,20.45,23.98,3.58,0.0,0.05,5.0,0.0,1227.0,1438.8,214.8,0.0,3.0
2020-12-08 13:07:00,0.0,20.37,23.45,3.55,0.0,0.47,5.0,0.0,1222.2,1407.0,213.0,0.0,28.2
2020-12-08 13:08:00,0.0,20.52,23.85,3.67,0.0,0.34,6.0,0.0,1231.2,1431.0,220.2,0.0,20.400000000000002
2020-12-08 13:09:00,0.0,20.55,23.73,3.67,0.0,0.49,6.0,0.0,1233.0,1423.8,220.2,0.0,29.4
2020-12-08 13:10:00,0.0,19.88,23.5,3.65,0.0,0.03,6.0,0.0,1192.8,1410.0,219.0,0.0,1.8
2020-12-08 13:11:00,0.0,20.8,23.95,3.67,0.0,0.52,6.0,0.0,1248.0,1437.0,220.2,0.0,31.200000000000003
2020-12-08 13:12:00,0.0,21.3,24.48,3.72,0.0,0.54,6.0,0.0,1278.0,1468.8,223.20000000000002,0.0,32.400000000000006
2020-12-08 13:13:00,0.0,22.25,25.43,3.73,0.0,0.55,8.0,0.0,1335.0,1525.8,223.8,0.0,33.0
2020-12-08 13:14:00,0.0,22.58,25.77,3.7,0.0,0.51,8.0,0.0,1354.8,1546.2,222.0,0.0,30.6
2020-12-08 13:15:00,0.0,22.33,25.53,3.7,0.0,0.5,8.0,0.0,1339.8,1531.8000000000002,222.0,0.0,30.0
2020-12-08 13:16:00,0.0,22.3,25.47,3.67,0.0,0.5,8.0,0.0,1338.0,1528.2,220.2,0.0,30.0
2020-12-08 13:17:00,0.0,23.77,25.95,2.43,0.0,0.25,9.0,0.0,1426.2,1557.0,145.8,0.0,15.0
2020-12-08 13:18:00,0.0,24.68,26.45,2.22,0.0,0.45,9.0,0.0,1480.8,1587.0,133.20000000000002,0.0,27.0
2020-12-08 13:19:00,0.0,24.83,26.53,2.22,0.0,0.52,9.0,0.0,1489.8,1591.8000000000002,133.20000000000002,0.0,31.200000000000003
2020-12-08 13:20:00,0.0,18.3,20.1,2.05,0.0,0.25,9.0,0.0,1098.0,1206.0,122.99999999999999,0.0,15.0
2020-12-08 13:21:00,0.0,22.85,25.17,2.33,0.0,0.01,9.0,0.0,1371.0,1510.2,139.8,0.0,0.6
2020-12-08 13:22:00,0.0,23.15,24.92,2.2,0.0,0.43,10.0,0.0,1389.0,1495.2,132.0,0.0,25.8
2020-12-08 13:23:00,0.0,23.3,25.05,2.22,0.0,0.47,10.0,0.0,1398.0,1503.0,133.20000000000002,0.0,28.2
2020-12-08 13:24:00,0.0,22.85,24.47,2.15,0.0,0.53,10.0,0.0,1371.0,1468.2,129.0,0.0,31.8
2020-12-08 13:25:00,0.0,22.3,24.08,2.18,0.0,0.4,10.0,0.0,1338.0,1444.8,130.8,0.0,24.0
2020-12-08 13:26:00,0.0,22.97,24.73,2.18,0.0,0.42,11.0,0.0,1378.2,1483.8,130.8,0.0,25.2
2020-12-08 13:27:00,0.0,22.82,24.53,2.23,0.0,0.52,11.0,0.0,1369.2,1471.8000000000002,133.8,0.0,31.200000000000003
2020-12-08 13:28:00,0.0,22.52,24.23,2.23,0.0,0.52,11.0,0.0,1351.2,1453.8,133.8,0.0,31.200000000000003
2020-12-08 13:29:00,0.0,23.5,25.27,2.25,0.0,0.48,11.0,0.0,1410.0,1516.2,135.0,0.0,28.8
2020-12-08 13:30:00,0.0,23.4,25.88,2.22,0.26,0.0,12.0,0.0,1404.0,1552.8,133.20000000000002,15.600000000000001,0.0
2020-12-08 13:31:00,0.0,24.7,26.8,2.27,0.0,0.17,12.0,0.0,1482.0,1608.0,136.20000000000002,0.0,10.200000000000001
2020-12-08 13:32:00,0.0,25.35,27.17,2.25,0.0,0.43,12.0,0.0,1521.0,1630.2,135.0,0.0,25.8
2020-12-08 13:33:00,0.0,25.07,26.82,2.25,0.0,0.5,12.0,0.0,1504.2,1609.2,135.0,0.0,30.0
2020-12-08 13:34:00,0.0,24.9,26.62,2.18,0.0,0.46,13.0,0.0,1494.0,1597.2,130.8,0.0,27.6
2020-12-08 13:35:00,0.0,24.87,26.58,2.2,0.0,0.49,13.0,0.0,1492.2,1594.8,132.0,0.0,29.4
2020-12-08 13:36:00,0.0,25.1,26.85,2.22,0.0,0.47,13.0,0.0,1506.0,1611.0,133.20000000000002,0.0,28.2
2020-12-08 13:37:00,0.0,25.07,26.78,2.22,0.0,0.51,13.0,0.0,1504.2,1606.8000000000002,133.20000000000002,0.0,30.6
2020-12-08 13:38:00,0.0,25.07,26.77,2.2,0.0,0.5,14.0,0.0,1504.2,1606.2,132.0,0.0,30.0
2020-12-08 13:39:00,0.0,24.38,26.13,2.22,0.0,0.47,14.0,0.0,1462.8,1567.8,133.20000000000002,0.0,28.2
2020-12-08 13:40:00,0.0,24.2,25.93,2.17,0.0,0.44,14.0,0.0,1452.0,1555.8,130.2,0.0,26.400000000000002
2020-12-08 13:41:00,0.0,24.78,26.62,2.25,0.0,0.41,14.0,0.0,1486.8000000000002,1597.2,135.0,0.0,24.599999999999998
2020-12-08 13:42:00,0.0,25.03,26.83,2.22,0.0,0.42,14.0,0.0,1501.8000000000002,1609.8,133.20000000000002,0.0,25.2
2020-12-08 13:43:00,0.0,24.98,26.7,2.18,0.0,0.46,15.0,0.0,1498.8,1602.0,130.8,0.0,27.6
2020-12-08 13:44:00,0.0,24.97,26.63,2.17,0.0,0.51,15.0,0.0,1498.2,1597.8,130.2,0.0,30.6
2020-12-08 13:45:00,0.0,25.13,26.77,2.15,0.0,0.51,15.0,0.0,1507.8,1606.2,129.0,0.0,30.6
2020-12-08 13:46:00,0.0,25.33,26.98,2.15,0.0,0.5,15.0,0.0,1519.8,1618.8,129.0,0.0,30.0
2020-12-08 13:47:00,0.0,25.38,27.07,2.17,0.0,0.48,16.0,0.0,1522.8,1624.2,130.2,0.0,28.8
2020-12-08 13:48:00,0.0,25.08,26.75,2.15,0.0,0.48,16.0,0.0,1504.8,1605.0,129.0,0.0,28.8
2020-12-08 13:49:00,0.0,24.83,26.52,2.17,0.0,0.48,16.0,0.0,1489.8,1591.2,130.2,0.0,28.8
2020-12-08 13:50:00,0.0,24.5,26.27,2.13,0.0,0.36,16.0,0.0,1470.0,1576.2,127.8,0.0,21.599999999999998
2020-12-08 13:51:00,0.0,24.8,26.47,2.18,0.0,0.51,17.0,0.0,1488.0,1588.2,130.8,0.0,30.6
2020-12-08 13:52:00,0.0,25.02,26.83,2.18,0.0,0.37,17.0,0.0,1501.2,1609.8,130.8,0.0,22.2
2020-12-08 13:53:00,0.0,25.13,26.87,2.18,0.0,0.44,17.0,0.0,1507.8,1612.2,130.8,0.0,26.400000000000002
2020-12-08 13:54:00,0.0,24.85,26.58,2.18,0.0,0.45,17.0,0.0,1491.0,1594.8,130.8,0.0,27.0
2020-12-08 13:55:00,0.0,24.7,26.4,2.18,0.0,0.48,18.0,0.0,1482.0,1584.0,130.8,0.0,28.8
2020-12-08 13:56:00,0.0,24.58,26.28,2.18,0.0,0.48,18.0,0.0,1474.8,1576.8000000000002,130.8,0.0,28.8
2020-12-08 13:57:00,0.0,24.68,26.38,2.22,0.0,0.52,18.0,0.0,1480.8,1582.8,133.20000000000002,0.0,31.200000000000003
2020-12-08 13:58:00,0.0,24.93,26.68,2.23,0.0,0.48,18.0,0.0,1495.8,1600.8,133.8,0.0,28.8
2020-12-08 13:59:00,0.0,25.4,27.15,2.23,0.0,0.48,19.0,0.0,1524.0,1629.0,133.8,0.0,28.8
2020-12-08 14:00:00,0.0,25.33,27.17,2.13,0.0,0.29,19.0,0.0,1519.8,1630.2,127.8,0.0,17.4
2020-12-08 14:01:00,0.0,25.47,27.27,2.22,0.0,0.42,19.0,0.0,1528.2,1636.2,133.20000000000002,0.0,25.2
2020-12-08 14:02:00,0.0,25.37,27.08,2.17,0.0,0.46,19.0,0.0,1522.2,1624.8,130.2,0.0,27.6
2020-12-08 14:03:00,0.0,25.22,27.07,2.22,0.0,0.37,20.0,0.0,1513.2,1624.2,133.20000000000002,0.0,22.2
2020-12-08 14:04:00,0.0,25.18,27.0,2.23,0.0,0.41,20.0,0.0,1510.8,1620.0,133.8,0.0,24.599999999999998
2020-12-08 14:05:00,0.0,25.28,27.12,2.27,0.0,0.43,20.0,0.0,1516.8000000000002,1627.2,136.20000000000002,0.0,25.8
2020-12-08 14:06:00,0.0,25.6,27.42,2.25,0.0,0.43,20.0,0.0,1536.0,1645.2,135.0,0.0,25.8
2020-12-08 14:07:00,0.0,25.98,27.73,2.23,0.0,0.48,22.0,0.0,1558.8,1663.8,133.8,0.0,28.8
2020-12-08 14:08:00,0.0,26.25,27.95,2.18,0.0,0.48,22.0,0.0,1575.0,1677.0,130.8,0.0,28.8
2020-12-08 14:09:00,0.0,26.07,27.85,2.23,0.0,0.45,22.0,0.0,1564.2,1671.0,133.8,0.0,27.0
2020-12-08 14:10:00,0.0,25.73,27.43,2.1,0.0,0.4,22.0,0.0,1543.8,1645.8,126.0,0.0,24.0
2020-12-08 14:11:00,0.0,26.03,27.77,2.23,0.0,0.49,23.0,0.0,1561.8000000000002,1666.2,133.8,0.0,29.4
2020-12-08 14:12:00,0.0,26.57,28.33,2.23,0.0,0.47,23.0,0.0,1594.2,1699.8,133.8,0.0,28.2
2020-12-08 14:13:00,0.0,26.87,28.57,2.22,0.0,0.52,23.0,0.0,1612.2,1714.2,133.20000000000002,0.0,31.200000000000003
2020-12-08 14:14:00,0.0,26.47,28.15,2.18,0.0,0.5,23.0,0.0,1588.2,1689.0,130.8,0.0,30.0
2020-12-08 14:15:00,0.0,25.87,27.6,2.2,0.0,0.47,24.0,0.0,1552.2,1656.0,132.0,0.0,28.2
2020-12-08 14:16:00,0.0,25.57,27.3,2.2,0.0,0.47,24.0,0.0,1534.2,1638.0,132.0,0.0,28.2
2020-12-08 14:17:00,0.0,25.4,27.18,2.22,0.0,0.44,24.0,0.0,1524.0,1630.8,133.20000000000002,0.0,26.400000000000002
2020-12-08 14:18:00,0.0,25.38,27.35,2.28,0.0,0.31,24.0,0.0,1522.8,1641.0,136.79999999999998,0.0,18.6
2020-12-08 14:19:00,0.0,25.75,27.63,2.25,0.0,0.37,25.0,0.0,1545.0,1657.8,135.0,0.0,22.2
2020-12-08 14:20:00,0.0,24.97,27.78,2.75,0.06,0.0,25.0,0.0,1498.2,1666.8000000000002,165.0,3.6,0.0
2020-12-08 14:21:00,0.0,26.12,27.92,2.2,0.0,0.4,25.0,0.0,1567.2,1675.2,132.0,0.0,24.0
2020-12-08 14:22:00,0.0,26.07,27.75,2.18,0.0,0.5,26.0,0.0,1564.2,1665.0,130.8,0.0,30.0
2020-12-08 14:23:00,0.0,26.0,27.72,2.2,0.0,0.48,26.0,0.0,1560.0,1663.2,132.0,0.0,28.8
2020-12-08 14:24:00,0.0,26.07,27.78,2.23,0.0,0.52,26.0,0.0,1564.2,1666.8000000000002,133.8,0.0,31.200000000000003
2020-12-08 14:25:00,0.0,26.17,27.9,2.22,0.0,0.49,26.0,0.0,1570.2,1674.0,133.20000000000002,0.0,29.4
2020-12-08 14:26:00,0.0,26.13,28.05,2.2,0.0,0.28,27.0,0.0,1567.8,1683.0,132.0,0.0,16.8
2020-12-08 14:27:00,0.0,26.22,27.98,2.22,0.0,0.46,27.0,0.0,1573.2,1678.8,133.20000000000002,0.0,27.6
2020-12-08 14:28:00,0.0,26.27,28.02,2.22,0.0,0.47,27.0,0.0,1576.2,1681.2,133.20000000000002,0.0,28.2
2020-12-08 14:29:00,0.0,26.5,28.2,2.22,0.0,0.52,27.0,0.0,1590.0,1692.0,133.20000000000002,0.0,31.200000000000003
2020-12-08 14:30:00,0.0,26.62,28.08,2.13,0.0,0.67,28.0,0.0,1597.2,1684.8,127.8,0.0,40.2
2020-12-08 14:31:00,0.0,26.7,28.35,2.2,0.0,0.55,28.0,0.0,1602.0,1701.0,132.0,0.0,33.0
2020-12-08 14:32:00,0.0,26.75,28.48,2.23,0.0,0.5,28.0,0.0,1605.0,1708.8,133.8,0.0,30.0
2020-12-08 14:33:00,0.0,26.87,28.58,2.23,0.0,0.52,28.0,0.0,1612.2,1714.8,133.8,0.0,31.200000000000003
2020-12-08 14:34:00,0.0,27.07,28.8,2.23,0.0,0.5,29.0,0.0,1624.2,1728.0,133.8,0.0,30.0
2020-12-08 14:35:00,0.0,27.08,28.83,2.23,0.0,0.48,29.0,0.0,1624.8,1729.8,133.8,0.0,28.8
2020-12-08 14:36:00,0.0,27.07,28.85,2.2,0.0,0.42,29.0,0.0,1624.2,1731.0,132.0,0.0,25.2
2020-12-08 14:37:00,0.0,27.07,28.8,2.22,0.0,0.49,29.0,0.0,1624.2,1728.0,133.20000000000002,0.0,29.4
2020-12-08 14:38:00,0.0,26.87,28.62,2.23,0.0,0.48,30.0,0.0,1612.2,1717.2,133.8,0.0,28.8
2020-12-08 14:39:00,0.0,26.73,28.45,2.18,0.0,0.46,30.0,0.0,1603.8,1707.0,130.8,0.0,27.6
2020-12-08 14:40:00,0.0,26.73,28.33,2.22,0.0,0.62,30.0,0.0,1603.8,1699.8,133.20000000000002,0.0,37.2
2020-12-08 14:41:00,0.0,26.8,28.55,2.22,0.0,0.47,30.0,0.0,1608.0,1713.0,133.20000000000002,0.0,28.2
2020-12-08 14:42:00,0.0,26.87,28.58,2.2,0.0,0.49,31.0,0.0,1612.2,1714.8,132.0,0.0,29.4
2020-12-08 14:43:00,0.0,27.13,28.87,2.22,0.0,0.48,31.0,0.0,1627.8,1732.2,133.20000000000002,0.0,28.8
2020-12-08 14:44:00,0.0,27.5,29.2,2.27,0.0,0.57,31.0,0.0,1650.0,1752.0,136.20000000000002,0.0,34.199999999999996
2020-12-08 14:45:00,0.0,27.53,29.33,2.27,0.0,0.47,32.0,0.0,1651.8000000000002,1759.8,136.20000000000002,0.0,28.2
2020-12-08 14:46:00,0.0,27.77,29.52,2.22,0.0,0.47,32.0,0.0,1666.2,1771.2,133.20000000000002,0.0,28.2
2020-12-08 14:47:00,0.0,28.17,29.87,2.2,0.0,0.5,32.0,0.0,1690.2,1792.2,132.0,0.0,30.0
2020-12-08 14:48:00,0.0,21.9,24.02,2.12,0.0,0.0,32.0,0.0,1314.0,1441.2,127.2,0.0,0.0
2020-12-08 14:49:00,0.0,28.92,29.65,2.25,0.0,1.52,33.0,0.0,1735.2,1779.0,135.0,0.0,91.2
2020-12-08 14:50:00,0.0,28.45,30.12,2.13,0.0,0.46,33.0,0.0,1707.0,1807.2,127.8,0.0,27.6
2020-12-08 14:51:00,0.0,28.85,30.55,2.22,0.0,0.52,33.0,0.0,1731.0,1833.0,133.20000000000002,0.0,31.200000000000003
2020-12-08 14:52:00,0.0,29.35,31.13,2.23,0.0,0.45,33.0,0.0,1761.0,1867.8,133.8,0.0,27.0
2020-12-08 14:53:00,0.0,28.18,29.42,2.2,0.0,0.96,34.0,0.0,1690.8,1765.2,132.0,0.0,57.6
2020-12-08 14:54:00,0.0,29.12,30.78,2.18,0.0,0.52,34.0,0.0,1747.2,1846.8000000000002,130.8,0.0,31.200000000000003
2020-12-08 14:55:00,0.0,24.28,26.05,2.27,0.0,0.5,34.0,0.0,1456.8000000000002,1563.0,136.20000000000002,0.0,30.0
2020-12-08 14:56:00,0.0,28.17,30.2,2.27,0.0,0.24,35.0,0.0,1690.2,1812.0,136.20000000000002,0.0,14.4
2020-12-08 14:57:00,0.0,28.03,29.82,2.23,0.0,0.44,35.0,0.0,1681.8000000000002,1789.2,133.8,0.0,26.400000000000002
2020-12-08 14:58:00,0.0,27.85,29.63,2.25,0.0,0.47,35.0,0.0,1671.0,1777.8,135.0,0.0,28.2
2020-12-08 14:59:00,0.0,27.98,29.68,2.23,0.0,0.53,35.0,0.0,1678.8,1780.8,133.8,0.0,31.8
2020-12-08 15:00:00,0.0,27.95,29.85,2.22,0.0,0.32,37.0,0.0,1677.0,1791.0,133.20000000000002,0.0,19.2
2020-12-08 15:01:00,0.0,28.53,30.42,2.27,0.0,0.38,37.0,0.0,1711.8000000000002,1825.2,136.20000000000002,0.0,22.8
2020-12-08 15:02:00,0.0,28.75,30.92,2.3,0.0,0.13,37.0,0.0,1725.0,1855.2,138.0,0.0,7.800000000000001
2020-12-08 15:03:00,0.0,29.53,31.35,2.23,0.0,0.41,37.0,0.0,1771.8000000000002,1881.0,133.8,0.0,24.599999999999998
2020-12-08 15:04:00,0.0,29.3,31.07,2.25,0.0,0.48,38.0,0.0,1758.0,1864.2,135.0,0.0,28.8
2020-12-08 15:05:00,0.0,28.85,30.73,2.23,0.0,0.35,38.0,0.0,1731.0,1843.8,133.8,0.0,21.0
2020-12-08 15:06:00,0.0,28.5,30.3,2.25,0.0,0.45,38.0,0.0,1710.0,1818.0,135.0,0.0,27.0
2020-12-08 15:07:00,0.0,28.4,30.17,2.25,0.0,0.48,39.0,0.0,1704.0,1810.2,135.0,0.0,28.8
2020-12-08 15:08:00,0.0,28.3,30.15,2.28,0.0,0.43,39.0,0.0,1698.0,1809.0,136.79999999999998,0.0,25.8
2020-12-08 15:09:00,0.0,28.37,30.13,2.23,0.0,0.47,39.0,0.0,1702.2,1807.8,133.8,0.0,28.2
2020-12-08 15:10:00,0.0,28.03,29.8,2.2,0.0,0.43,39.0,0.0,1681.8000000000002,1788.0,132.0,0.0,25.8
2020-12-08 15:11:00,0.0,27.93,29.77,2.27,0.0,0.43,40.0,0.0,1675.8,1786.2,136.20000000000002,0.0,25.8
2020-12-08 15:12:00,0.0,27.75,29.62,2.3,0.0,0.43,40.0,0.0,1665.0,1777.2,138.0,0.0,25.8
2020-12-08 15:13:00,0.0,27.77,29.53,2.25,0.0,0.49,40.0,0.0,1666.2,1771.8000000000002,135.0,0.0,29.4
2020-12-08 15:14:00,0.0,27.67,29.47,2.25,0.0,0.45,40.0,0.0,1660.2,1768.2,135.0,0.0,27.0
2020-12-08 15:15:00,0.0,27.68,29.43,2.25,0.0,0.5,41.0,0.0,1660.8,1765.8,135.0,0.0,30.0
2020-12-08 15:16:00,0.0,27.83,29.55,2.23,0.0,0.51,41.0,0.0,1669.8,1773.0,133.8,0.0,30.6
2020-12-08 15:17:00,0.0,28.03,29.75,2.22,0.0,0.5,41.0,0.0,1681.8000000000002,1785.0,133.20000000000002,0.0,30.0
2020-12-08 15:18:00,0.0,28.3,30.0,2.22,0.0,0.52,42.0,0.0,1698.0,1800.0,133.20000000000002,0.0,31.200000000000003
2020-12-08 15:19:00,0.0,28.35,30.03,2.22,0.0,0.54,42.0,0.0,1701.0,1801.8000000000002,133.20000000000002,0.0,32.400000000000006
2020-12-08 15:20:00,0.0,28.43,29.48,2.07,0.0,1.02,42.0,0.0,1705.8,1768.8,124.19999999999999,0.0,61.2
2020-12-08 15:21:00,0.0,28.07,29.83,2.23,0.0,0.47,42.0,0.0,1684.2,1789.8,133.8,0.0,28.2
2020-12-08 15:22:00,0.0,28.05,29.78,2.22,0.0,0.49,43.0,0.0,1683.0,1786.8000000000002,133.20000000000002,0.0,29.4
2020-12-08 15:23:00,0.0,27.98,29.77,2.23,0.0,0.44,43.0,0.0,1678.8,1786.2,133.8,0.0,26.400000000000002
2020-12-08 15:24:00,0.0,27.63,29.55,2.25,0.0,0.33,43.0,0.0,1657.8,1773.0,135.0,0.0,19.8
2020-12-08 15:25:00,0.0,27.57,29.35,2.23,0.0,0.45,43.0,0.0,1654.2,1761.0,133.8,0.0,27.0
2020-12-08 15:26:00,0.0,27.57,29.28,2.22,0.0,0.51,44.0,0.0,1654.2,1756.8000000000002,133.20000000000002,0.0,30.6
2020-12-08 15:27:00,0.0,27.72,29.45,2.22,0.0,0.49,44.0,0.0,1663.2,1767.0,133.20000000000002,0.0,29.4
2020-12-08 15:28:00,0.0,27.83,29.58,2.18,0.0,0.43,44.0,0.0,1669.8,1774.8,130.8,0.0,25.8
2020-12-08 15:29:00,0.0,27.45,29.68,2.23,0.0,0.0,45.0,0.0,1647.0,1780.8,133.8,0.0,0.0
2020-12-08 15:30:00,0.0,27.02,29.55,2.13,0.4,0.0,45.0,0.0,1621.2,1773.0,127.8,24.0,0.0
2020-12-08 15:31:00,0.0,28.0,29.75,2.18,0.0,0.43,45.0,0.0,1680.0,1785.0,130.8,0.0,25.8
2020-12-08 15:32:00,0.0,27.6,29.33,2.18,0.0,0.45,45.0,0.0,1656.0,1759.8,130.8,0.0,27.0
2020-12-08 15:33:00,0.0,27.52,29.22,2.15,0.0,0.45,46.0,0.0,1651.2,1753.2,129.0,0.0,27.0
2020-12-08 15:34:00,0.0,27.65,29.4,2.18,0.0,0.43,46.0,0.0,1659.0,1764.0,130.8,0.0,25.8
2020-12-08 15:35:00,0.0,27.7,29.43,2.17,0.0,0.44,46.0,0.0,1662.0,1765.8,130.2,0.0,26.400000000000002
2020-12-08 15:36:00,0.0,27.83,29.57,2.23,0.0,0.49,46.0,0.0,1669.8,1774.2,133.8,0.0,29.4
2020-12-08 15:37:00,0.0,27.78,29.57,2.2,0.0,0.41,47.0,0.0,1666.8000000000002,1774.2,132.0,0.0,24.599999999999998
2020-12-08 15:38:00,0.0,28.15,29.82,2.18,0.0,0.51,47.0,0.0,1689.0,1789.2,130.8,0.0,30.6
2020-12-08 15:39:00,0.0,28.15,29.87,2.18,0.0,0.46,47.0,0.0,1689.0,1792.2,130.8,0.0,27.6
2020-12-08 15:40:00,0.0,27.8,29.53,2.22,0.0,0.49,48.0,0.0,1668.0,1771.8000000000002,133.20000000000002,0.0,29.4
2020-12-08 15:41:00,0.0,27.93,29.65,2.2,0.0,0.48,48.0,0.0,1675.8,1779.0,132.0,0.0,28.8
2020-12-08 15:42:00,0.0,27.73,29.42,2.17,0.0,0.48,48.0,0.0,1663.8,1765.2,130.2,0.0,28.8
2020-12-08 15:43:00,0.0,27.63,29.42,2.2,0.0,0.41,48.0,0.0,1657.8,1765.2,132.0,0.0,24.599999999999998
2020-12-08 15:44:00,0.0,27.57,29.27,2.2,0.0,0.5,49.0,0.0,1654.2,1756.2,132.0,0.0,30.0
2020-12-08 15:45:00,0.0,27.43,29.15,2.22,0.0,0.5,49.0,0.0,1645.8,1749.0,133.20000000000002,0.0,30.0
2020-12-08 15:46:00,0.0,27.23,28.98,2.13,0.0,0.38,49.0,0.0,1633.8,1738.8,127.8,0.0,22.8
2020-12-08 15:47:00,0.0,22.47,24.17,2.17,0.0,0.47,49.0,0.0,1348.2,1450.2,130.2,0.0,28.2
2020-12-08 15:48:00,0.0,26.42,27.73,2.02,0.0,0.71,51.0,0.0,1585.2,1663.8,121.2,0.0,42.6
2020-12-08 15:49:00,0.0,27.72,29.37,2.17,0.0,0.52,51.0,0.0,1663.2,1762.2,130.2,0.0,31.200000000000003
2020-12-08 15:50:00,0.0,27.57,29.25,2.1,0.0,0.42,51.0,0.0,1654.2,1755.0,126.0,0.0,25.2
2020-12-08 15:51:00,0.0,27.67,29.35,2.15,0.0,0.47,51.0,0.0,1660.2,1761.0,129.0,0.0,28.2
2020-12-08 15:52:00,0.0,27.9,29.57,2.17,0.0,0.5,52.0,0.0,1674.0,1774.2,130.2,0.0,30.0
2020-12-08 15:53:00,0.0,27.52,29.22,2.18,0.0,0.48,52.0,0.0,1651.2,1753.2,130.8,0.0,28.8
2020-12-08 15:54:00,0.0,27.17,28.93,2.22,0.0,0.46,52.0,0.0,1630.2,1735.8,133.20000000000002,0.0,27.6
2020-12-08 15:55:00,0.0,26.92,28.7,2.2,0.0,0.42,53.0,0.0,1615.2,1722.0,132.0,0.0,25.2
2020-12-08 15:56:00,0.0,26.92,28.7,2.22,0.0,0.44,53.0,0.0,1615.2,1722.0,133.20000000000002,0.0,26.400000000000002
2020-12-08 15:57:00,0.0,27.15,28.93,2.15,0.0,0.37,53.0,0.0,1629.0,1735.8,129.0,0.0,22.2
2020-12-08 15:58:00,0.0,27.5,29.25,2.23,0.0,0.48,53.0,0.0,1650.0,1755.0,133.8,0.0,28.8
2020-12-08 15:59:00,0.0,27.27,29.07,2.2,0.0,0.4,54.0,0.0,1636.2,1744.2,132.0,0.0,24.0
2020-12-08 16:00:00,0.0,27.17,28.98,2.23,0.0,0.42,54.0,0.0,1630.2,1738.8,133.8,0.0,25.2
2020-12-08 16:01:00,0.0,27.7,29.47,2.17,0.0,0.4,54.0,0.0,1662.0,1768.2,130.2,0.0,24.0
2020-12-08 16:02:00,0.0,27.75,29.43,2.18,0.0,0.5,54.0,0.0,1665.0,1765.8,130.8,0.0,30.0
2020-12-08 16:03:00,0.0,27.77,29.42,2.18,0.0,0.53,55.0,0.0,1666.2,1765.2,130.8,0.0,31.8
2020-12-08 16:04:00,0.0,28.03,29.75,2.2,0.0,0.48,55.0,0.0,1681.8000000000002,1785.0,132.0,0.0,28.8
2020-12-08 16:05:00,0.0,27.72,29.43,2.2,0.0,0.49,55.0,0.0,1663.2,1765.8,132.0,0.0,29.4
2020-12-08 16:06:00,0.0,27.77,29.55,2.18,0.0,0.4,55.0,0.0,1666.2,1773.0,130.8,0.0,24.0
2020-12-08 16:07:00,0.0,28.32,30.05,2.2,0.0,0.47,56.0,0.0,1699.2,1803.0,132.0,0.0,28.2
2020-12-08 16:08:00,0.0,28.37,30.03,2.17,0.0,0.51,56.0,0.0,1702.2,1801.8000000000002,130.2,0.0,30.6
2020-12-08 16:09:00,0.0,28.32,30.0,2.18,0.0,0.5,56.0,0.0,1699.2,1800.0,130.8,0.0,30.0
2020-12-08 16:10:00,0.0,27.93,29.78,2.37,0.0,0.52,57.0,0.0,1675.8,1786.8000000000002,142.20000000000002,0.0,31.200000000000003
2020-12-08 16:11:00,0.0,27.6,29.37,2.22,0.0,0.45,57.0,0.0,1656.0,1762.2,133.20000000000002,0.0,27.0
2020-12-08 16:12:00,0.0,27.48,29.3,2.2,0.0,0.38,57.0,0.0,1648.8,1758.0,132.0,0.0,22.8
2020-12-08 16:13:00,0.0,27.07,28.78,2.17,0.0,0.46,57.0,0.0,1624.2,1726.8000000000002,130.2,0.0,27.6
2020-12-08 16:14:00,0.0,27.23,28.97,2.2,0.0,0.46,58.0,0.0,1633.8,1738.2,132.0,0.0,27.6
2020-12-08 16:15:00,0.0,27.2,28.97,2.2,0.0,0.43,58.0,0.0,1632.0,1738.2,132.0,0.0,25.8
2020-12-08 16:16:00,0.0,27.47,29.13,2.2,0.0,0.54,58.0,0.0,1648.2,1747.8,132.0,0.0,32.400000000000006
2020-12-08 16:17:00,0.0,27.45,29.18,2.22,0.0,0.49,58.0,0.0,1647.0,1750.8,133.20000000000002,0.0,29.4
2020-12-08 16:18:00,0.0,27.1,28.88,2.2,0.0,0.42,59.0,0.0,1626.0,1732.8,132.0,0.0,25.2
2020-12-08 16:19:00,0.0,27.48,29.17,2.18,0.0,0.49,59.0,0.0,1648.8,1750.2,130.8,0.0,29.4
2020-12-08 16:20:00,0.0,27.13,29.08,2.1,0.0,0.15,59.0,0.0,1627.8,1744.8,126.0,0.0,9.0
2020-12-08 16:21:00,0.0,27.15,28.9,2.17,0.0,0.42,60.0,0.0,1629.0,1734.0,130.2,0.0,25.2
2020-12-08 16:22:00,0.0,26.33,28.68,2.98,0.0,0.63,60.0,0.0,1579.8,1720.8,178.8,0.0,37.800000000000004
2020-12-08 16:23:00,0.0,25.05,28.82,4.25,0.0,0.48,60.0,0.0,1503.0,1729.2,255.0,0.0,28.8
2020-12-08 16:24:00,0.0,25.4,29.07,4.15,0.0,0.48,60.0,0.0,1524.0,1744.2,249.00000000000003,0.0,28.8
2020-12-08 16:25:00,0.0,23.83,27.6,4.18,0.0,0.41,61.0,0.0,1429.8,1656.0,250.79999999999998,0.0,24.599999999999998
2020-12-08 16:26:00,0.0,22.78,26.42,4.15,0.0,0.51,61.0,0.0,1366.8000000000002,1585.2,249.00000000000003,0.0,30.6
2020-12-08 16:27:00,0.0,18.52,22.15,3.97,0.0,0.34,61.0,0.0,1111.2,1329.0,238.20000000000002,0.0,20.400000000000002
2020-12-08 16:28:00,0.0,26.17,29.77,4.02,0.0,0.42,61.0,0.0,1570.2,1786.2,241.2,0.0,25.2
2020-12-08 16:29:00,0.0,26.63,30.12,3.93,0.0,0.44,61.0,0.0,1597.8,1807.2,235.8,0.0,26.400000000000002
2020-12-08 16:30:00,0.0,26.23,29.77,3.82,0.0,0.28,62.0,0.0,1573.8,1786.2,229.2,0.0,16.8
2020-12-08 16:31:00,0.0,26.72,30.12,3.88,0.0,0.48,62.0,0.0,1603.2,1807.2,232.79999999999998,0.0,28.8
2020-12-08 16:32:00,0.0,27.0,30.35,3.85,0.0,0.5,62.0,0.0,1620.0,1821.0,231.0,0.0,30.0
2020-12-08 16:33:00,0.0,25.52,29.25,3.9,0.0,0.17,62.0,0.0,1531.2,1755.0,234.0,0.0,10.200000000000001
2020-12-08 16:34:00,0.0,27.3,30.52,3.87,0.0,0.65,63.0,0.0,1638.0,1831.2,232.20000000000002,0.0,39.0
2020-12-08 16:35:00,0.0,26.65,30.35,3.9,0.0,0.2,63.0,0.0,1599.0,1821.0,234.0,0.0,12.0
2020-12-08 16:36:00,0.0,27.73,31.22,3.88,0.0,0.39,63.0,0.0,1663.8,1873.2,232.79999999999998,0.0,23.400000000000002
2020-12-08 16:37:00,0.0,27.63,31.0,3.9,0.0,0.53,65.0,0.0,1657.8,1860.0,234.0,0.0,31.8
2020-12-08 16:38:00,0.0,23.45,27.02,3.92,0.0,0.35,65.0,0.0,1407.0,1621.2,235.2,0.0,21.0
2020-12-08 16:39:00,0.0,17.62,20.85,3.93,0.0,0.7,65.0,0.0,1057.2,1251.0,235.8,0.0,42.0
2020-12-08 16:40:00,0.0,27.75,30.37,3.92,0.0,1.3,65.0,0.0,1665.0,1822.2,235.2,0.0,78.0
2020-12-08 16:41:00,0.0,27.72,31.05,3.87,0.0,0.54,65.0,0.0,1663.2,1863.0,232.20000000000002,0.0,32.400000000000006
2020-12-08 16:42:00,0.0,28.23,31.62,3.9,0.0,0.51,66.0,0.0,1693.8,1897.2,234.0,0.0,30.6
2020-12-08 16:43:00,0.0,28.62,32.03,3.88,0.0,0.47,66.0,0.0,1717.2,1921.8000000000002,232.79999999999998,0.0,28.2
2020-12-08 16:44:00,0.0,29.07,32.47,3.87,0.0,0.47,66.0,0.0,1744.2,1948.2,232.20000000000002,0.0,28.2
2020-12-08 16:45:00,0.0,28.7,32.1,3.87,0.0,0.47,67.0,0.0,1722.0,1926.0,232.20000000000002,0.0,28.2
2020-12-08 16:46:00,0.0,26.82,30.23,3.9,0.0,0.49,67.0,0.0,1609.2,1813.8,234.0,0.0,29.4
2020-12-08 16:47:00,0.0,25.83,29.25,3.9,0.0,0.48,67.0,0.0,1549.8,1755.0,234.0,0.0,28.8
2020-12-08 16:48:00,0.0,26.48,29.9,3.87,0.0,0.45,67.0,0.0,1588.8,1794.0,232.20000000000002,0.0,27.0
2020-12-08 16:49:00,0.0,26.7,30.17,3.9,0.0,0.43,68.0,0.0,1602.0,1810.2,234.0,0.0,25.8
2020-12-08 16:50:00,0.0,27.03,29.75,3.77,0.0,1.05,68.0,0.0,1621.8000000000002,1785.0,226.20000000000002,0.0,63.0
2020-12-08 16:51:00,0.0,26.15,29.6,3.9,0.0,0.45,68.0,0.0,1569.0,1776.0,234.0,0.0,27.0
2020-12-08 16:52:00,0.0,25.9,29.4,3.85,0.0,0.35,68.0,0.0,1554.0,1764.0,231.0,0.0,21.0
2020-12-08 16:53:00,0.0,24.0,27.5,3.93,0.0,0.43,69.0,0.0,1440.0,1650.0,235.8,0.0,25.8
2020-12-08 16:54:00,0.0,23.38,26.95,3.9,0.0,0.33,69.0,0.0,1402.8,1617.0,234.0,0.0,19.8
2020-12-08 16:55:00,0.0,23.32,27.0,3.93,0.0,0.25,69.0,0.0,1399.2,1620.0,235.8,0.0,15.0
2020-12-08 16:56:00,0.0,24.43,27.95,3.92,0.0,0.4,69.0,0.0,1465.8,1677.0,235.2,0.0,24.0
2020-12-08 16:57:00,0.0,23.02,26.48,3.85,0.0,0.39,69.0,0.0,1381.2,1588.8,231.0,0.0,23.400000000000002
2020-12-08 16:58:00,0.0,23.05,26.43,3.87,0.0,0.49,70.0,0.0,1383.0,1585.8,232.20000000000002,0.0,29.4
2020-12-08 16:59:00,0.0,25.13,28.52,3.87,0.0,0.48,70.0,0.0,1507.8,1711.2,232.20000000000002,0.0,28.8
2020-12-08 17:00:00,0.0,24.87,27.43,3.55,0.0,0.99,70.0,0.0,1492.2,1645.8,213.0,0.0,59.4
2020-12-08 17:01:00,0.0,24.05,27.38,3.82,0.0,0.49,70.0,0.0,1443.0,1642.8,229.2,0.0,29.4
2020-12-08 17:02:00,0.0,14.92,18.73,3.82,0.0,0.01,71.0,0.0,895.2,1123.8,229.2,0.0,0.6
2020-12-08 17:03:00,0.0,17.42,20.88,3.78,0.0,0.32,71.0,0.0,1045.2,1252.8,226.79999999999998,0.0,19.2
2020-12-08 17:04:00,0.0,6.65,9.95,3.78,0.0,0.48,71.0,0.0,399.0,597.0,226.79999999999998,0.0,28.8
2020-12-08 17:05:00,0.0,19.73,23.25,3.88,0.0,0.36,71.0,0.0,1183.8,1395.0,232.79999999999998,0.0,21.599999999999998
2020-12-08 17:06:00,0.0,19.28,22.93,3.73,0.0,0.08,71.0,0.0,1156.8000000000002,1375.8,223.8,0.0,4.8
2020-12-08 17:07:00,0.0,21.07,24.57,3.83,0.0,0.33,71.0,0.0,1264.2,1474.2,229.8,0.0,19.8
2020-12-08 17:08:00,0.0,21.65,25.25,3.85,0.0,0.25,72.0,0.0,1299.0,1515.0,231.0,0.0,15.0
2020-12-08 17:09:00,0.0,25.23,28.57,3.78,0.0,0.44,72.0,0.0,1513.8,1714.2,226.79999999999998,0.0,26.400000000000002
2020-12-08 17:10:00,0.0,24.5,27.9,3.57,0.0,0.17,72.0,0.0,1470.0,1674.0,214.2,0.0,10.200000000000001
2020-12-08 17:11:00,0.0,24.23,27.5,3.78,0.0,0.51,72.0,0.0,1453.8,1650.0,226.79999999999998,0.0,30.6
2020-12-08 17:12:00,0.0,24.25,27.53,3.78,0.0,0.5,73.0,0.0,1455.0,1651.8000000000002,226.79999999999998,0.0,30.0
2020-12-08 17:13:00,0.0,24.58,27.9,3.78,0.0,0.46,73.0,0.0,1474.8,1674.0,226.79999999999998,0.0,27.6
2020-12-08 17:14:00,0.0,19.63,23.38,3.8,0.0,0.05,73.0,0.0,1177.8,1402.8,228.0,0.0,3.0
2020-12-08 17:15:00,0.0,15.7,19.22,3.85,0.0,0.33,73.0,0.0,942.0,1153.2,231.0,0.0,19.8
2020-12-08 17:16:00,0.0,24.73,28.03,3.82,0.0,0.52,73.0,0.0,1483.8,1681.8000000000002,229.2,0.0,31.200000000000003
2020-12-08 17:17:00,0.0,26.87,30.15,3.73,0.0,0.45,74.0,0.0,1612.2,1809.0,223.8,0.0,27.0
2020-12-08 17:18:00,0.0,20.47,24.2,3.77,0.0,0.04,74.0,0.0,1228.2,1452.0,226.20000000000002,0.0,2.4
2020-12-08 17:19:00,0.0,17.43,20.92,3.73,0.0,0.24,74.0,0.0,1045.8,1255.2,223.8,0.0,14.4
2020-12-08 17:20:00,0.0,28.95,31.25,3.63,0.0,1.33,74.0,0.0,1737.0,1875.0,217.79999999999998,0.0,79.80000000000001
2020-12-08 17:21:00,0.0,27.73,31.05,3.77,0.0,0.45,74.0,0.0,1663.8,1863.0,226.20000000000002,0.0,27.0
2020-12-08 17:22:00,0.0,26.3,29.6,3.75,0.0,0.45,75.0,0.0,1578.0,1776.0,225.0,0.0,27.0
2020-12-08 17:23:00,0.0,25.42,28.68,3.73,0.0,0.47,75.0,0.0,1525.2,1720.8,223.8,0.0,28.2
2020-12-08 17:24:00,0.0,25.13,28.42,3.73,0.0,0.44,75.0,0.0,1507.8,1705.2,223.8,0.0,26.400000000000002
2020-12-08 17:25:00,0.0,23.78,28.1,4.05,0.27,0.0,75.0,0.0,1426.8000000000002,1686.0,243.0,16.200000000000003,0.0
2020-12-08 17:26:00,0.0,25.27,28.6,3.78,0.0,0.45,76.0,0.0,1516.2,1716.0,226.79999999999998,0.0,27.0
2020-12-08 17:27:00,0.0,25.5,28.73,3.72,0.0,0.49,76.0,0.0,1530.0,1723.8,223.20000000000002,0.0,29.4
2020-12-08 17:28:00,0.0,25.17,28.5,3.73,0.0,0.4,76.0,0.0,1510.2,1710.0,223.8,0.0,24.0
2020-12-08 17:29:00,0.0,22.28,25.82,3.68,0.0,0.14,76.0,0.0,1336.8000000000002,1549.2,220.8,0.0,8.4
2020-12-08 17:30:00,0.0,10.03,13.13,3.6,0.0,0.5,76.0,0.0,601.8,787.8000000000001,216.0,0.0,30.0
2020-12-08 17:31:00,0.0,23.12,26.32,3.75,0.0,0.55,77.0,0.0,1387.2,1579.2,225.0,0.0,33.0
2020-12-08 17:32:00,0.0,24.38,27.95,3.72,0.0,0.15,77.0,0.0,1462.8,1677.0,223.20000000000002,0.0,9.0
2020-12-08 17:33:00,0.0,12.68,15.7,3.67,0.0,0.65,77.0,0.0,760.8,942.0,220.2,0.0,39.0
2020-12-08 17:34:00,0.0,24.6,28.03,3.7,0.0,0.27,77.0,0.0,1476.0,1681.8000000000002,222.0,0.0,16.200000000000003
2020-12-08 17:35:00,0.0,24.4,27.72,3.7,0.0,0.38,77.0,0.0,1464.0,1663.2,222.0,0.0,22.8
2020-12-08 17:36:00,0.0,24.27,27.58,3.68,0.0,0.37,78.0,0.0,1456.2,1654.8,220.8,0.0,22.2
2020-12-08 17:37:00,0.0,23.87,27.23,3.7,0.0,0.34,78.0,0.0,1432.2,1633.8,222.0,0.0,20.400000000000002
2020-12-08 17:38:00,0.0,7.72,11.4,3.78,0.0,0.1,78.0,0.0,463.2,684.0,226.79999999999998,0.0,6.0
2020-12-08 17:39:00,0.0,7.37,10.42,3.72,0.0,0.67,78.0,0.0,442.2,625.2,223.20000000000002,0.0,40.2
2020-12-08 17:40:00,0.0,12.12,15.5,3.77,0.0,0.39,78.0,0.0,727.1999999999999,930.0,226.20000000000002,0.0,23.400000000000002
2020-12-08 17:41:00,0.0,19.32,22.23,3.7,0.0,0.79,78.0,0.0,1159.2,1333.8,222.0,0.0,47.400000000000006
2020-12-08 17:42:00,0.0,25.97,29.35,3.72,0.0,0.34,80.0,0.0,1558.2,1761.0,223.20000000000002,0.0,20.400000000000002
2020-12-08 17:43:00,0.0,20.53,23.48,3.77,0.0,0.82,80.0,0.0,1231.8000000000002,1408.8,226.20000000000002,0.0,49.199999999999996
2020-12-08 17:44:00,0.0,24.35,27.32,3.72,0.0,0.75,80.0,0.0,1461.0,1639.2,223.20000000000002,0.0,45.0
2020-12-08 17:45:00,0.0,23.65,27.25,3.68,0.0,0.08,80.0,0.0,1419.0,1635.0,220.8,0.0,4.8
2020-12-08 17:46:00,0.0,23.5,26.38,3.75,0.0,0.87,80.0,0.0,1410.0,1582.8,225.0,0.0,52.2
2020-12-08 17:47:00,0.0,25.12,28.4,3.72,0.0,0.44,81.0,0.0,1507.2,1704.0,223.20000000000002,0.0,26.400000000000002
2020-12-08 17:48:00,0.0,17.78,20.87,3.7,0.0,0.61,81.0,0.0,1066.8000000000002,1252.2,222.0,0.0,36.6
2020-12-08 17:49:00,0.0,9.28,12.05,3.58,0.0,0.81,81.0,0.0,556.8,723.0,214.8,0.0,48.6
2020-12-08 17:50:00,0.0,25.97,28.43,3.52,0.0,1.06,81.0,0.0,1558.2,1705.8,211.20000000000002,0.0,63.6
2020-12-08 17:51:00,0.0,24.48,28.53,3.97,0.08,0.0,81.0,0.0,1468.8,1711.8000000000002,238.20000000000002,4.8,0.0
2020-12-08 17:52:00,0.0,25.88,29.23,3.95,0.0,0.6,82.0,0.0,1552.8,1753.8,237.0,0.0,36.0
2020-12-08 17:53:00,0.0,26.22,29.43,3.68,0.0,0.47,82.0,0.0,1573.2,1765.8,220.8,0.0,28.2
2020-12-08 17:54:00,0.0,25.63,28.88,3.72,0.0,0.47,82.0,0.0,1537.8,1732.8,223.20000000000002,0.0,28.2
2020-12-08 17:55:00,0.0,24.93,28.27,3.67,0.0,0.33,82.0,0.0,1495.8,1696.2,220.2,0.0,19.8
2020-12-08 17:56:00,0.0,23.37,26.73,3.75,0.0,0.39,83.0,0.0,1402.2,1603.8,225.0,0.0,23.400000000000002
2020-12-08 17:57:00,0.0,24.22,27.5,3.7,0.0,0.42,83.0,0.0,1453.2,1650.0,222.0,0.0,25.2
2020-12-08 17:58:00,0.0,23.85,27.22,3.7,0.0,0.33,83.0,0.0,1431.0,1633.2,222.0,0.0,19.8
2020-12-08 17:59:00,0.0,14.53,17.65,3.63,0.0,0.51,83.0,0.0,871.8,1059.0,217.79999999999998,0.0,30.6
2020-12-08 18:00:00,0.0,25.03,27.48,3.5,0.0,1.05,83.0,0.0,1501.8000000000002,1648.8,210.0,0.0,63.0
2020-12-08 18:01:00,0.0,10.82,14.45,3.68,0.0,0.05,84.0,0.0,649.2,867.0,220.8,0.0,3.0
2020-12-08 18:02:00,0.0,8.63,11.82,3.72,0.0,0.53,84.0,0.0,517.8000000000001,709.2,223.20000000000002,0.0,31.8
2020-12-08 18:03:00,0.0,7.62,10.83,3.7,0.0,0.49,84.0,0.0,457.2,649.8000000000001,222.0,0.0,29.4
2020-12-08 18:04:00,0.0,18.93,21.87,3.7,0.0,0.76,84.0,0.0,1135.8,1312.2,222.0,0.0,45.6
2020-12-08 18:05:00,0.0,23.78,27.0,3.63,0.0,0.41,84.0,0.0,1426.8000000000002,1620.0,217.79999999999998,0.0,24.599999999999998
2020-12-08 18:06:00,0.0,21.8,25.33,3.62,0.0,0.09,84.0,0.0,1308.0,1519.8,217.20000000000002,0.0,5.3999999999999995
2020-12-08 18:07:00,0.0,22.53,25.7,3.65,0.0,0.48,85.0,0.0,1351.8000000000002,1542.0,219.0,0.0,28.8
2020-12-08 18:08:00,0.0,22.65,25.83,3.68,0.0,0.5,85.0,0.0,1359.0,1549.8,220.8,0.0,30.0
2020-12-08 18:09:00,0.0,22.6,25.75,3.65,0.0,0.5,85.0,0.0,1356.0,1545.0,219.0,0.0,30.0
2020-12-08 18:10:00,0.0,22.23,25.72,3.72,0.0,0.23,85.0,0.0,1333.8,1543.2,223.20000000000002,0.0,13.8
2020-12-08 18:11:00,0.0,22.72,26.08,3.65,0.0,0.29,85.0,0.0,1363.2,1564.8,219.0,0.0,17.4
2020-12-08 18:12:00,0.0,23.22,26.42,3.68,0.0,0.48,86.0,0.0,1393.2,1585.2,220.8,0.0,28.8
2020-12-08 18:13:00,0.0,23.02,26.22,3.65,0.0,0.45,86.0,0.0,1381.2,1573.2,219.0,0.0,27.0
2020-12-08 18:14:00,0.0,22.1,25.32,3.62,0.0,0.4,86.0,0.0,1326.0,1519.2,217.20000000000002,0.0,24.0
2020-12-08 18:15:00,0.0,21.45,24.82,3.68,0.0,0.31,86.0,0.0,1287.0,1489.2,220.8,0.0,18.6
2020-12-08 18:16:00,0.0,21.57,24.82,3.7,0.0,0.45,86.0,0.0,1294.2,1489.2,222.0,0.0,27.0
2020-12-08 18:17:00,0.0,21.82,25.03,3.67,0.0,0.46,87.0,0.0,1309.2,1501.8000000000002,220.2,0.0,27.6
2020-12-08 18:18:00,0.0,17.83,21.45,3.68,0.0,0.06,87.0,0.0,1069.8,1287.0,220.8,0.0,3.6
2020-12-08 18:19:00,0.0,5.18,8.42,3.67,0.0,0.43,87.0,0.0,310.8,505.2,220.2,0.0,25.8
2020-12-08 18:20:00,0.0,10.15,13.42,3.73,0.0,0.46,87.0,0.0,609.0,805.2,223.8,0.0,27.6
2020-12-08 18:21:00,0.0,4.02,7.28,3.68,0.0,0.42,87.0,0.0,241.2,436.8,220.8,0.0,25.2
2020-12-08 18:22:00,0.0,4.33,7.53,3.67,0.0,0.47,87.0,0.0,259.8,451.8,220.2,0.0,28.2
2020-12-08 18:23:00,0.0,3.8,7.0,3.65,0.0,0.45,87.0,0.0,228.0,420.0,219.0,0.0,27.0
2020-12-08 18:24:00,0.0,2.7,5.83,3.65,0.0,0.52,87.0,0.0,162.0,349.8,219.0,0.0,31.200000000000003
2020-12-08 18:25:00,0.0,2.5,5.65,3.65,0.0,0.5,87.0,0.0,150.0,339.0,219.0,0.0,30.0
2020-12-08 18:26:00,0.0,2.78,5.92,3.62,0.0,0.48,87.0,0.0,166.79999999999998,355.2,217.20000000000002,0.0,28.8
2020-12-08 18:27:00,0.0,2.78,5.98,3.63,0.0,0.43,87.0,0.0,166.79999999999998,358.8,217.79999999999998,0.0,25.8
2020-12-08 18:28:00,0.0,2.73,5.83,3.62,0.0,0.52,87.0,0.0,163.8,349.8,217.20000000000002,0.0,31.200000000000003
2020-12-08 18:29:00,0.0,2.68,5.82,3.63,0.0,0.49,87.0,0.0,160.8,349.20000000000005,217.79999999999998,0.0,29.4
2020-12-08 18:30:00,0.0,2.83,5.97,3.68,0.0,0.54,87.0,0.0,169.8,358.2,220.8,0.0,32.400000000000006
2020-12-08 18:31:00,0.0,3.6,6.82,3.67,0.0,0.45,87.0,0.0,216.0,409.20000000000005,220.2,0.0,27.0
2020-12-08 18:32:00,0.0,3.9,7.05,3.63,0.0,0.48,87.0,0.0,234.0,423.0,217.79999999999998,0.0,28.8
2020-12-08 18:33:00,0.0,4.43,7.55,3.65,0.0,0.53,87.0,0.0,265.8,453.0,219.0,0.0,31.8
2020-12-08 18:34:00,0.0,3.82,6.98,3.63,0.0,0.47,87.0,0.0,229.2,418.8,217.79999999999998,0.0,28.2
2020-12-08 18:35:00,0.0,3.4,6.62,3.67,0.0,0.45,87.0,0.0,204.0,397.2,220.2,0.0,27.0
2020-12-08 18:36:00,0.0,3.28,6.5,3.65,0.0,0.43,87.0,0.0,196.79999999999998,390.0,219.0,0.0,25.8
2020-12-08 18:37:00,0.0,3.3,6.4,3.62,0.0,0.52,87.0,0.0,198.0,384.0,217.20000000000002,0.0,31.200000000000003
2020-12-08 18:38:00,0.0,4.02,7.15,3.67,0.0,0.54,88.0,0.0,241.2,429.0,220.2,0.0,32.400000000000006
2020-12-08 18:39:00,0.0,5.62,8.73,3.67,0.0,0.56,88.0,0.0,337.2,523.8000000000001,220.2,0.0,33.6
2020-12-08 18:40:00,0.0,7.1,10.37,3.62,0.0,0.35,88.0,0.0,426.0,622.1999999999999,217.20000000000002,0.0,21.0
2020-12-08 18:41:00,0.0,8.47,11.67,3.68,0.0,0.48,88.0,0.0,508.20000000000005,700.2,220.8,0.0,28.8
2020-12-08 18:42:00,0.0,8.15,11.37,3.68,0.0,0.46,88.0,0.0,489.0,682.1999999999999,220.8,0.0,27.6
2020-12-08 18:43:00,0.0,7.62,10.85,3.67,0.0,0.44,88.0,0.0,457.2,651.0,220.2,0.0,26.400000000000002
2020-12-08 18:44:00,0.0,6.93,10.08,3.63,0.0,0.48,88.0,0.0,415.8,604.8000000000001,217.79999999999998,0.0,28.8
2020-12-08 18:45:00,0.0,6.65,9.8,3.65,0.0,0.5,88.0,0.0,399.0,588.0,219.0,0.0,30.0
2020-12-08 18:46:00,0.0,8.63,11.72,3.65,0.0,0.56,88.0,0.0,517.8000000000001,703.2,219.0,0.0,33.6
2020-12-08 18:47:00,0.0,14.97,18.13,3.62,0.0,0.46,88.0,0.0,898.2,1087.8,217.20000000000002,0.0,27.6
2020-12-08 18:48:00,0.0,11.12,14.3,3.7,0.0,0.52,88.0,0.0,667.1999999999999,858.0,222.0,0.0,31.200000000000003
2020-12-08 18:49:00,0.0,11.25,14.47,3.67,0.0,0.45,88.0,0.0,675.0,868.2,220.2,0.0,27.0
2020-12-08 18:50:00,0.0,9.7,12.82,3.65,0.0,0.53,89.0,0.0,582.0,769.2,219.0,0.0,31.8
2020-12-08 18:51:00,0.0,8.37,11.57,3.65,0.0,0.45,89.0,0.0,502.19999999999993,694.2,219.0,0.0,27.0
2020-12-08 18:52:00,0.0,6.97,10.13,3.65,0.0,0.49,89.0,0.0,418.2,607.8000000000001,219.0,0.0,29.4
2020-12-08 18:53:00,0.0,5.5,8.67,3.65,0.0,0.48,89.0,0.0,330.0,520.2,219.0,0.0,28.8
2020-12-08 18:54:00,0.0,5.02,8.22,3.65,0.0,0.45,89.0,0.0,301.2,493.20000000000005,219.0,0.0,27.0
2020-12-08 18:55:00,0.0,5.58,8.72,3.63,0.0,0.49,89.0,0.0,334.8,523.2,217.79999999999998,0.0,29.4
2020-12-08 18:56:00,0.0,5.07,8.23,3.62,0.0,0.46,89.0,0.0,304.20000000000005,493.8,217.20000000000002,0.0,27.6
2020-12-08 18:57:00,0.0,5.65,8.77,3.62,0.0,0.5,89.0,0.0,339.0,526.1999999999999,217.20000000000002,0.0,30.0
2020-12-08 18:58:00,0.0,4.15,7.43,3.65,0.0,0.37,89.0,0.0,249.00000000000003,445.8,219.0,0.0,22.2
2020-12-08 18:59:00,0.0,6.07,9.27,3.62,0.0,0.42,89.0,0.0,364.20000000000005,556.1999999999999,217.20000000000002,0.0,25.2
2020-12-08 19:00:00,0.0,5.95,9.13,3.65,0.0,0.47,89.0,0.0,357.0,547.8000000000001,219.0,0.0,28.2
2020-12-08 19:01:00,0.0,4.22,7.38,3.65,0.0,0.49,89.0,0.0,253.2,442.8,219.0,0.0,29.4
2020-12-08 19:02:00,0.0,3.78,6.93,3.65,0.0,0.5,89.0,0.0,226.79999999999998,415.8,219.0,0.0,30.0
2020-12-08 19:03:00,0.0,3.62,6.82,3.65,0.0,0.45,89.0,0.0,217.20000000000002,409.20000000000005,219.0,0.0,27.0
2020-12-08 19:04:00,0.0,3.88,7.08,3.63,0.0,0.43,89.0,0.0,232.79999999999998,424.8,217.79999999999998,0.0,25.8
2020-12-08 19:05:00,0.0,5.05,8.15,3.63,0.0,0.53,89.0,0.0,303.0,489.0,217.79999999999998,0.0,31.8
2020-12-08 19:06:00,0.0,5.37,8.52,3.62,0.0,0.47,89.0,0.0,322.2,511.2,217.20000000000002,0.0,28.2
2020-12-08 19:07:00,0.0,4.05,7.12,3.62,0.0,0.55,89.0,0.0,243.0,427.2,217.20000000000002,0.0,33.0
2020-12-08 19:08:00,0.0,4.08,7.22,3.63,0.0,0.49,89.0,0.0,244.8,433.2,217.79999999999998,0.0,29.4
2020-12-08 19:09:00,0.0,6.65,9.65,3.62,0.0,0.62,89.0,0.0,399.0,579.0,217.20000000000002,0.0,37.2
2020-12-08 19:10:00,0.0,8.72,12.1,3.8,0.0,0.42,90.0,0.0,523.2,726.0,228.0,0.0,25.2
2020-12-08 19:11:00,0.0,11.83,14.98,3.63,0.0,0.48,90.0,0.0,709.8000000000001,898.8000000000001,217.79999999999998,0.0,28.8
2020-12-08 19:12:00,0.0,11.58,14.75,3.57,0.0,0.4,90.0,0.0,694.8000000000001,885.0,214.2,0.0,24.0
2020-12-08 19:13:00,0.0,8.57,11.75,3.63,0.0,0.45,90.0,0.0,514.2,705.0,217.79999999999998,0.0,27.0
2020-12-08 19:14:00,0.0,6.13,9.37,3.63,0.0,0.39,90.0,0.0,367.8,562.1999999999999,217.79999999999998,0.0,23.400000000000002
2020-12-08 19:15:00,0.0,5.22,8.35,3.63,0.0,0.5,90.0,0.0,313.2,501.0,217.79999999999998,0.0,30.0
2020-12-08 19:16:00,0.0,4.12,7.23,3.6,0.0,0.49,90.0,0.0,247.20000000000002,433.8,216.0,0.0,29.4
2020-12-08 19:17:00,0.0,6.93,10.02,3.58,0.0,0.49,90.0,0.0,415.8,601.1999999999999,214.8,0.0,29.4
2020-12-08 19:18:00,0.0,5.05,8.07,3.37,0.0,0.35,90.0,0.0,303.0,484.20000000000005,202.20000000000002,0.0,21.0
2020-12-08 19:19:00,0.0,2.82,5.72,3.38,0.0,0.48,90.0,0.0,169.2,343.2,202.79999999999998,0.0,28.8
2020-12-08 19:20:00,0.0,2.63,5.4,3.32,0.0,0.55,90.0,0.0,157.79999999999998,324.0,199.2,0.0,33.0
2020-12-08 19:21:00,0.0,3.7,6.58,3.38,0.0,0.5,90.0,0.0,222.0,394.8,202.79999999999998,0.0,30.0
2020-12-08 19:22:00,0.0,6.65,9.5,3.4,0.0,0.55,90.0,0.0,399.0,570.0,204.0,0.0,33.0
2020-12-08 19:23:00,0.0,7.5,10.45,3.4,0.0,0.45,90.0,0.0,450.0,627.0,204.0,0.0,27.0
2020-12-08 19:24:00,0.0,3.78,6.78,3.4,0.0,0.4,90.0,0.0,226.79999999999998,406.8,204.0,0.0,24.0
2020-12-08 19:25:00,0.0,1.68,4.65,3.4,0.0,0.43,90.0,0.0,100.8,279.0,204.0,0.0,25.8
2020-12-08 19:26:00,0.0,1.03,3.93,3.38,0.0,0.48,90.0,0.0,61.800000000000004,235.8,202.79999999999998,0.0,28.8
2020-12-08 19:27:00,0.0,0.67,3.63,3.43,0.0,0.47,91.0,0.0,40.2,217.79999999999998,205.8,0.0,28.2
2020-12-08 19:28:00,0.0,0.6,3.47,3.38,0.0,0.51,91.0,0.0,36.0,208.20000000000002,202.79999999999998,0.0,30.6
2020-12-08 19:29:00,0.0,0.52,3.42,3.38,0.0,0.48,91.0,0.0,31.200000000000003,205.2,202.79999999999998,0.0,28.8
2020-12-08 19:30:00,0.0,0.48,3.35,3.43,0.0,0.56,91.0,0.0,28.8,201.0,205.8,0.0,33.6
2020-12-08 19:31:00,0.0,0.52,3.37,3.38,0.0,0.53,91.0,0.0,31.200000000000003,202.20000000000002,202.79999999999998,0.0,31.8
2020-12-08 19:32:00,15.77,0.0,2.77,22.4,0.0,3.86,91.0,946.1999999999999,0.0,166.20000000000002,1344.0,0.0,231.6
2020-12-08 19:33:00,33.45,0.0,2.55,36.53,0.0,0.53,91.0,2007.0000000000002,0.0,153.0,2191.8,0.0,31.8
2020-12-08 19:34:00,33.78,0.0,2.33,36.57,0.0,0.46,90.0,2026.8000000000002,0.0,139.8,2194.2000000000003,0.0,27.6
2020-12-08 19:35:00,33.77,0.0,2.33,36.5,0.0,0.4,90.0,2026.2000000000003,0.0,139.8,2190.0,0.0,24.0
2020-12-08 19:36:00,33.92,0.0,2.13,36.5,0.0,0.45,90.0,2035.2,0.0,127.8,2190.0,0.0,27.0
2020-12-08 19:37:00,34.13,0.0,2.05,36.65,0.0,0.47,89.0,2047.8000000000002,0.0,122.99999999999999,2199.0,0.0,28.2
2020-12-08 19:38:00,33.78,0.0,2.2,36.1,0.0,0.12,89.0,2026.8000000000002,0.0,132.0,2166.0,0.0,7.2
2020-12-08 19:39:00,32.35,0.0,3.45,36.37,0.0,0.57,89.0,1941.0,0.0,207.0,2182.2,0.0,34.199999999999996
2020-12-08 19:40:00,31.37,0.0,4.07,35.77,0.0,0.33,88.0,1882.2,0.0,244.20000000000002,2146.2000000000003,0.0,19.8
2020-12-08 19:41:00,32.07,0.0,3.3,35.88,0.0,0.51,88.0,1924.2,0.0,198.0,2152.8,0.0,30.6
2020-12-08 19:42:00,32.47,0.0,3.15,36.12,0.0,0.5,88.0,1948.2,0.0,189.0,2167.2,0.0,30.0
2020-12-08 19:43:00,33.37,0.0,2.75,36.6,0.0,0.48,87.0,2002.1999999999998,0.0,165.0,2196.0,0.0,28.8
2020-12-08 19:44:00,33.92,0.0,2.33,36.6,0.0,0.35,87.0,2035.2,0.0,139.8,2196.0,0.0,21.0
2020-12-08 19:45:00,33.22,0.0,2.22,35.62,0.0,0.18,87.0,1993.2,0.0,133.20000000000002,2137.2,0.0,10.799999999999999
2020-12-08 19:46:00,33.43,0.0,1.85,35.83,0.0,0.55,86.0,2005.8,0.0,111.0,2149.7999999999997,0.0,33.0
2020-12-08 19:47:00,34.48,0.0,1.68,36.8,0.0,0.64,86.0,2068.7999999999997,0.0,100.8,2208.0,0.0,38.4
2020-12-08 19:48:00,35.53,0.0,1.4,37.47,0.0,0.54,86.0,2131.8,0.0,84.0,2248.2,0.0,32.400000000000006
2020-12-08 19:49:00,36.1,0.0,1.27,37.68,0.0,0.31,85.0,2166.0,0.0,76.2,2260.8,0.0,18.6
2020-12-08 19:50:00,35.9,0.0,1.03,37.37,0.0,0.44,85.0,2154.0,0.0,61.800000000000004,2242.2,0.0,26.400000000000002
2020-12-08 19:51:00,36.2,0.0,0.97,37.68,0.0,0.51,85.0,2172.0,0.0,58.199999999999996,2260.8,0.0,30.6
2020-12-08 19:52:00,36.43,0.0,0.82,37.6,0.0,0.35,84.0,2185.8,0.0,49.199999999999996,2256.0,0.0,21.0
2020-12-08 19:53:00,36.48,0.0,0.67,37.8,0.0,0.65,84.0,2188.7999999999997,0.0,40.2,2268.0,0.0,39.0
2020-12-08 19:54:00,37.07,0.0,0.55,38.03,0.0,0.41,83.0,2224.2000000000003,0.0,33.0,2281.8,0.0,24.599999999999998
2020-12-08 19:55:00,37.18,0.0,0.43,38.17,0.0,0.56,83.0,2230.8,0.0,25.8,2290.2000000000003,0.0,33.6
2020-12-08 19:56:00,37.27,0.0,0.35,38.1,0.0,0.48,83.0,2236.2000000000003,0.0,21.0,2286.0,0.0,28.8
2020-12-08 19:57:00,37.58,0.0,0.22,38.23,0.0,0.43,82.0,2254.7999999999997,0.0,13.200000000000001,2293.7999999999997,0.0,25.8
2020-12-08 19:58:00,33.97,0.0,1.02,29.53,5.46,0.0,82.0,2038.2,0.0,61.2,1771.8000000000002,327.6,0.0
2020-12-08 19:59:00,2.03,0.0,1.17,3.5,0.0,0.3,82.0,121.79999999999998,0.0,70.2,210.0,0.0,18.0
2020-12-08 20:00:00,2.0,0.0,0.95,3.43,0.0,0.48,82.0,120.0,0.0,57.0,205.8,0.0,28.8
2020-12-08 20:01:00,2.05,0.0,0.9,3.45,0.0,0.5,82.0,122.99999999999999,0.0,54.0,207.0,0.0,30.0
2020-12-08 20:02:00,2.13,0.0,0.83,3.45,0.0,0.49,82.0,127.8,0.0,49.8,207.0,0.0,29.4
2020-12-08 20:03:00,2.23,0.0,0.77,3.45,0.0,0.45,82.0,133.8,0.0,46.2,207.0,0.0,27.0
2020-12-08 20:04:00,2.27,0.0,0.7,3.43,0.0,0.46,82.0,136.20000000000002,0.0,42.0,205.8,0.0,27.6
2020-12-08 20:05:00,2.37,0.0,0.65,3.45,0.0,0.43,82.0,142.20000000000002,0.0,39.0,207.0,0.0,25.8
2020-12-08 20:06:00,2.4,0.0,0.62,3.45,0.0,0.43,82.0,144.0,0.0,37.2,207.0,0.0,25.8
2020-12-08 20:07:00,2.37,0.0,0.55,3.43,0.0,0.51,82.0,142.20000000000002,0.0,33.0,205.8,0.0,30.6
2020-12-08 20:08:00,2.47,0.0,0.48,3.42,0.0,0.47,82.0,148.20000000000002,0.0,28.8,205.2,0.0,28.2
2020-12-08 20:09:00,2.55,0.0,0.4,3.43,0.0,0.48,82.0,153.0,0.0,24.0,205.8,0.0,28.8
2020-12-08 20:10:00,2.85,0.0,0.35,3.48,0.0,0.28,82.0,171.0,0.0,21.0,208.8,0.0,16.8
2020-12-08 20:11:00,3.07,0.0,0.23,3.52,0.0,0.22,82.0,184.2,0.0,13.8,211.20000000000002,0.0,13.200000000000001
2020-12-08 20:12:00,2.83,0.0,0.18,3.45,0.0,0.44,82.0,169.8,0.0,10.799999999999999,207.0,0.0,26.400000000000002
2020-12-08 20:13:00,2.87,0.0,0.1,3.43,0.0,0.46,82.0,172.20000000000002,0.0,6.0,205.8,0.0,27.6
2020-12-08 20:14:00,2.88,0.0,0.07,3.43,0.0,0.48,82.0,172.79999999999998,0.0,4.2,205.8,0.0,28.8
2020-12-08 20:15:00,2.97,0.0,0.07,3.43,0.0,0.39,82.0,178.20000000000002,0.0,4.2,205.8,0.0,23.400000000000002
2020-12-08 20:16:00,3.0,0.0,0.03,3.47,0.0,0.44,81.0,180.0,0.0,1.8,208.20000000000002,0.0,26.400000000000002
2020-12-08 20:17:00,3.08,0.0,0.03,3.43,0.0,0.32,81.0,184.8,0.0,1.8,205.8,0.0,19.2
2020-12-08 20:18:00,2.95,0.0,0.0,3.42,0.0,0.47,81.0,177.0,0.0,0.0,205.2,0.0,28.2
2020-12-08 20:19:00,2.92,0.0,0.0,3.42,0.0,0.5,81.0,175.2,0.0,0.0,205.2,0.0,30.0
2020-12-08 20:20:00,2.92,0.0,0.0,3.42,0.0,0.5,81.0,175.2,0.0,0.0,205.2,0.0,30.0
2020-12-08 20:21:00,2.97,0.0,0.0,3.47,0.0,0.5,81.0,178.20000000000002,0.0,0.0,208.20000000000002,0.0,30.0
2020-12-08 20:22:00,2.93,0.0,0.0,3.43,0.0,0.5,81.0,175.8,0.0,0.0,205.8,0.0,30.0
2020-12-08 20:23:00,2.98,0.0,0.0,3.45,0.0,0.47,81.0,178.8,0.0,0.0,207.0,0.0,28.2
2020-12-08 20:24:00,2.95,0.0,0.0,3.47,0.0,0.52,81.0,177.0,0.0,0.0,208.20000000000002,0.0,31.200000000000003
2020-12-08 20:25:00,3.12,0.0,0.0,3.42,0.0,0.3,81.0,187.20000000000002,0.0,0.0,205.2,0.0,18.0
2020-12-08 20:26:00,2.98,0.0,0.0,3.43,0.0,0.45,81.0,178.8,0.0,0.0,205.8,0.0,27.0
2020-12-08 20:27:00,2.95,0.0,0.0,3.43,0.0,0.48,81.0,177.0,0.0,0.0,205.8,0.0,28.8
2020-12-08 20:28:00,2.88,0.0,0.0,3.4,0.0,0.52,81.0,172.79999999999998,0.0,0.0,204.0,0.0,31.200000000000003
2020-12-08 20:29:00,2.95,0.0,0.0,3.45,0.0,0.5,81.0,177.0,0.0,0.0,207.0,0.0,30.0
2020-12-08 20:30:00,2.95,0.0,0.0,3.43,0.0,0.48,81.0,177.0,0.0,0.0,205.8,0.0,28.8
2020-12-08 20:31:00,2.98,0.0,0.0,3.42,0.0,0.44,81.0,178.8,0.0,0.0,205.2,0.0,26.400000000000002
2020-12-08 20:32:00,2.97,0.0,0.0,3.4,0.0,0.43,81.0,178.20000000000002,0.0,0.0,204.0,0.0,25.8
2020-12-08 20:33:00,2.88,0.0,0.0,3.38,0.0,0.5,81.0,172.79999999999998,0.0,0.0,202.79999999999998,0.0,30.0
2020-12-08 20:34:00,2.85,0.0,0.0,3.37,0.0,0.52,81.0,171.0,0.0,0.0,202.20000000000002,0.0,31.200000000000003
2020-12-08 20:35:00,2.88,0.0,0.0,3.38,0.0,0.5,81.0,172.79999999999998,0.0,0.0,202.79999999999998,0.0,30.0
2020-12-08 20:36:00,2.95,0.0,0.0,3.42,0.0,0.47,81.0,177.0,0.0,0.0,205.2,0.0,28.2
2020-12-08 20:37:00,3.0,0.0,0.0,3.45,0.0,0.45,81.0,180.0,0.0,0.0,207.0,0.0,27.0
2020-12-08 20:38:00,3.05,0.0,0.0,3.42,0.0,0.37,81.0,183.0,0.0,0.0,205.2,0.0,22.2
2020-12-08 20:39:00,2.88,0.0,0.0,3.4,0.0,0.52,81.0,172.79999999999998,0.0,0.0,204.0,0.0,31.200000000000003
2020-12-08 20:40:00,3.0,0.0,0.0,3.4,0.0,0.4,81.0,180.0,0.0,0.0,204.0,0.0,24.0
2020-12-08 20:41:00,2.88,0.0,0.0,3.42,0.0,0.54,81.0,172.79999999999998,0.0,0.0,205.2,0.0,32.400000000000006
2020-12-08 20:42:00,2.93,0.0,0.0,3.42,0.0,0.49,81.0,175.8,0.0,0.0,205.2,0.0,29.4
2020-12-08 20:43:00,2.9,0.0,0.0,3.4,0.0,0.5,81.0,174.0,0.0,0.0,204.0,0.0,30.0
2020-12-08 20:44:00,2.93,0.0,0.0,3.43,0.0,0.5,81.0,175.8,0.0,0.0,205.8,0.0,30.0
2020-12-08 20:45:00,2.93,0.0,0.0,3.45,0.0,0.52,80.0,175.8,0.0,0.0,207.0,0.0,31.200000000000003
2020-12-08 20:46:00,2.92,0.0,0.0,3.43,0.0,0.51,80.0,175.2,0.0,0.0,205.8,0.0,30.6
2020-12-08 20:47:00,2.88,0.0,0.0,3.42,0.0,0.54,80.0,172.79999999999998,0.0,0.0,205.2,0.0,32.400000000000006
2020-12-08 20:48:00,3.42,0.0,0.0,9.85,0.0,6.43,80.0,205.2,0.0,0.0,591.0,0.0,385.8
2020-12-08 20:49:00,36.7,0.0,0.0,36.97,0.0,0.27,80.0,2202.0,0.0,0.0,2218.2,0.0,16.200000000000003
2020-12-08 20:50:00,29.05,0.0,0.75,27.53,2.27,0.0,80.0,1743.0,0.0,45.0,1651.8000000000002,136.20000000000002,0.0
2020-12-08 20:51:00,3.07,0.0,0.0,3.45,0.0,0.38,80.0,184.2,0.0,0.0,207.0,0.0,22.8
2020-12-08 20:52:00,2.97,0.0,0.0,3.48,0.0,0.51,80.0,178.20000000000002,0.0,0.0,208.8,0.0,30.6
2020-12-08 20:53:00,2.95,0.0,0.0,3.42,0.0,0.47,80.0,177.0,0.0,0.0,205.2,0.0,28.2
2020-12-08 20:54:00,3.1,0.0,0.0,6.8,0.0,3.7,78.0,186.0,0.0,0.0,408.0,0.0,222.0
2020-12-08 20:55:00,36.42,0.0,0.0,37.32,0.0,0.9,78.0,2185.2000000000003,0.0,0.0,2239.2000000000003,0.0,54.0
2020-12-08 20:56:00,37.55,0.0,0.0,37.98,0.0,0.43,78.0,2253.0,0.0,0.0,2278.7999999999997,0.0,25.8
2020-12-08 20:57:00,11.55,0.0,0.4,8.55,3.4,0.0,78.0,693.0,0.0,24.0,513.0,204.0,0.0
2020-12-08 20:58:00,3.02,0.0,0.0,3.48,0.0,0.46,78.0,181.20000000000002,0.0,0.0,208.8,0.0,27.6
2020-12-08 20:59:00,7.4,0.0,0.0,9.0,0.0,1.6,77.0,444.0,0.0,0.0,540.0,0.0,96.0
2020-12-08 21:00:00,10.27,0.0,0.0,10.73,0.0,0.46,77.0,616.1999999999999,0.0,0.0,643.8000000000001,0.0,27.6
2020-12-08 21:01:00,4.93,0.0,0.15,4.7,0.38,0.0,77.0,295.8,0.0,9.0,282.0,22.8,0.0
2020-12-08 21:02:00,3.05,0.0,0.0,3.58,0.0,0.53,77.0,183.0,0.0,0.0,214.8,0.0,31.8
2020-12-08 21:03:00,3.05,0.0,0.0,3.55,0.0,0.5,77.0,183.0,0.0,0.0,213.0,0.0,30.0
2020-12-08 21:04:00,3.08,0.0,0.0,3.57,0.0,0.49,77.0,184.8,0.0,0.0,214.2,0.0,29.4
2020-12-08 21:05:00,3.05,0.0,0.0,3.57,0.0,0.52,77.0,183.0,0.0,0.0,214.2,0.0,31.200000000000003
2020-12-08 21:06:00,3.02,0.0,0.0,3.55,0.0,0.53,77.0,181.20000000000002,0.0,0.0,213.0,0.0,31.8
2020-12-08 21:07:00,2.95,0.0,0.0,3.45,0.0,0.5,77.0,177.0,0.0,0.0,207.0,0.0,30.0
2020-12-08 21:08:00,3.03,0.0,0.0,3.52,0.0,0.49,77.0,181.79999999999998,0.0,0.0,211.20000000000002,0.0,29.4
2020-12-08 21:09:00,3.23,0.0,0.0,3.77,0.0,0.54,77.0,193.8,0.0,0.0,226.20000000000002,0.0,32.400000000000006
2020-12-08 21:10:00,3.32,0.0,0.0,3.77,0.0,0.45,77.0,199.2,0.0,0.0,226.20000000000002,0.0,27.0
2020-12-08 21:11:00,3.25,0.0,0.0,3.75,0.0,0.5,77.0,195.0,0.0,0.0,225.0,0.0,30.0
2020-12-08 21:12:00,3.23,0.0,0.0,3.77,0.0,0.54,77.0,193.8,0.0,0.0,226.20000000000002,0.0,32.400000000000006
2020-12-08 21:13:00,3.28,0.0,0.0,3.77,0.0,0.49,77.0,196.79999999999998,0.0,0.0,226.20000000000002,0.0,29.4
2020-12-08 21:14:00,3.7,0.0,0.0,4.27,0.0,0.57,77.0,222.0,0.0,0.0,256.2,0.0,34.199999999999996
2020-12-08 21:15:00,4.45,0.0,0.0,4.97,0.0,0.52,77.0,267.0,0.0,0.0,298.2,0.0,31.200000000000003
2020-12-08 21:16:00,4.53,0.0,0.0,5.0,0.0,0.47,77.0,271.8,0.0,0.0,300.0,0.0,28.2
2020-12-08 21:17:00,4.48,0.0,0.0,4.98,0.0,0.5,77.0,268.8,0.0,0.0,298.8,0.0,30.0
2020-12-08 21:18:00,4.47,0.0,0.0,4.98,0.0,0.51,76.0,268.2,0.0,0.0,298.8,0.0,30.6
2020-12-08 21:19:00,4.5,0.0,0.0,4.98,0.0,0.48,76.0,270.0,0.0,0.0,298.8,0.0,28.8
2020-12-08 21:20:00,4.5,0.0,0.0,5.0,0.0,0.5,76.0,270.0,0.0,0.0,300.0,0.0,30.0
2020-12-08 21:21:00,4.55,0.0,0.0,5.02,0.0,0.47,76.0,273.0,0.0,0.0,301.2,0.0,28.2
2020-12-08 21:22:00,4.58,0.0,0.0,5.03,0.0,0.45,76.0,274.8,0.0,0.0,301.8,0.0,27.0
2020-12-08 21:23:00,4.48,0.0,0.0,5.03,0.0,0.55,76.0,268.8,0.0,0.0,301.8,0.0,33.0
2020-12-08 21:24:00,4.52,0.0,0.0,5.08,0.0,0.56,76.0,271.2,0.0,0.0,304.8,0.0,33.6
2020-12-08 21:25:00,4.82,0.0,0.0,5.25,0.0,0.43,76.0,289.20000000000005,0.0,0.0,315.0,0.0,25.8
2020-12-08 21:26:00,4.82,0.0,0.0,5.23,0.0,0.41,76.0,289.20000000000005,0.0,0.0,313.8,0.0,24.599999999999998
2020-12-08 21:27:00,4.72,0.0,0.0,5.2,0.0,0.48,76.0,283.2,0.0,0.0,312.0,0.0,28.8
2020-12-08 21:28:00,4.72,0.0,0.0,5.18,0.0,0.46,76.0,283.2,0.0,0.0,310.8,0.0,27.6
2020-12-08 21:29:00,4.7,0.0,0.0,5.2,0.0,0.5,76.0,282.0,0.0,0.0,312.0,0.0,30.0
2020-12-08 21:30:00,4.7,0.0,0.0,5.2,0.0,0.5,76.0,282.0,0.0,0.0,312.0,0.0,30.0
2020-12-08 21:31:00,4.67,0.0,0.0,5.17,0.0,0.5,76.0,280.2,0.0,0.0,310.2,0.0,30.0
2020-12-08 21:32:00,4.8,0.0,0.0,5.27,0.0,0.47,76.0,288.0,0.0,0.0,316.2,0.0,28.2
2020-12-08 21:33:00,5.22,0.0,0.0,5.73,0.0,0.51,76.0,313.2,0.0,0.0,343.8,0.0,30.6
2020-12-08 21:34:00,5.33,0.0,0.0,5.78,0.0,0.45,76.0,319.8,0.0,0.0,346.8,0.0,27.0
2020-12-08 21:35:00,5.3,0.0,0.0,5.75,0.0,0.45,75.0,318.0,0.0,0.0,345.0,0.0,27.0
2020-12-08 21:36:00,5.3,0.0,0.0,5.77,0.0,0.47,75.0,318.0,0.0,0.0,346.2,0.0,28.2
2020-12-08 21:37:00,5.33,0.0,0.0,5.68,0.0,0.35,75.0,319.8,0.0,0.0,340.8,0.0,21.0
2020-12-08 21:38:00,4.9,0.0,0.0,5.23,0.0,0.33,75.0,294.0,0.0,0.0,313.8,0.0,19.8
2020-12-08 21:39:00,5.93,0.0,0.0,6.35,0.0,0.42,75.0,355.8,0.0,0.0,381.0,0.0,25.2
2020-12-08 21:40:00,7.23,0.0,0.0,14.48,0.0,7.25,75.0,433.8,0.0,0.0,868.8000000000001,0.0,435.0
2020-12-08 21:41:00,40.73,0.0,0.0,41.07,0.0,0.34,75.0,2443.7999999999997,0.0,0.0,2464.2000000000003,0.0,20.400000000000002
2020-12-08 21:42:00,35.73,0.0,0.37,32.78,3.32,0.0,74.0,2143.7999999999997,0.0,22.2,1966.8000000000002,199.2,0.0
2020-12-08 21:43:00,7.02,0.0,0.03,8.35,0.0,1.3,74.0,421.2,0.0,1.8,501.0,0.0,78.0
2020-12-08 21:44:00,13.75,0.0,0.0,13.9,0.0,0.15,74.0,825.0,0.0,0.0,834.0,0.0,9.0
2020-12-08 21:45:00,13.57,0.0,0.0,14.07,0.0,0.5,74.0,814.2,0.0,0.0,844.2,0.0,30.0
2020-12-08 21:46:00,13.48,0.0,0.0,14.0,0.0,0.52,74.0,808.8000000000001,0.0,0.0,840.0,0.0,31.200000000000003
2020-12-08 21:47:00,13.53,0.0,0.0,14.03,0.0,0.5,74.0,811.8,0.0,0.0,841.8,0.0,30.0
2020-12-08 21:48:00,13.6,0.0,0.0,14.12,0.0,0.52,73.0,816.0,0.0,0.0,847.1999999999999,0.0,31.200000000000003
2020-12-08 21:49:00,13.47,0.0,0.0,13.93,0.0,0.46,73.0,808.2,0.0,0.0,835.8,0.0,27.6
2020-12-08 21:50:00,13.18,0.0,0.0,13.67,0.0,0.49,73.0,790.8,0.0,0.0,820.2,0.0,29.4
2020-12-08 21:51:00,13.18,0.0,0.0,13.73,0.0,0.55,73.0,790.8,0.0,0.0,823.8000000000001,0.0,33.0
2020-12-08 21:52:00,13.37,0.0,0.0,13.87,0.0,0.5,73.0,802.1999999999999,0.0,0.0,832.1999999999999,0.0,30.0
2020-12-08 21:53:00,4.88,0.0,0.17,5.1,0.0,0.05,73.0,292.8,0.0,10.200000000000001,306.0,0.0,3.0
2020-12-08 21:54:00,4.1,0.0,0.0,4.57,0.0,0.47,73.0,245.99999999999997,0.0,0.0,274.20000000000005,0.0,28.2
2020-12-08 21:55:00,4.12,0.0,0.0,4.55,0.0,0.43,73.0,247.20000000000002,0.0,0.0,273.0,0.0,25.8
2020-12-08 21:56:00,4.35,0.0,0.0,4.92,0.0,0.57,73.0,261.0,0.0,0.0,295.2,0.0,34.199999999999996
2020-12-08 21:57:00,4.5,0.0,0.0,5.0,0.0,0.5,73.0,270.0,0.0,0.0,300.0,0.0,30.0
2020-12-08 21:58:00,4.5,0.0,0.0,5.0,0.0,0.5,73.0,270.0,0.0,0.0,300.0,0.0,30.0
2020-12-08 21:59:00,4.52,0.0,0.0,5.03,0.0,0.51,72.0,271.2,0.0,0.0,301.8,0.0,30.6
2020-12-08 22:00:00,4.55,0.0,0.0,5.02,0.0,0.47,72.0,273.0,0.0,0.0,301.2,0.0,28.2
2020-12-08 22:01:00,4.2,0.0,0.0,4.53,0.0,0.33,72.0,252.0,0.0,0.0,271.8,0.0,19.8
2020-12-08 22:02:00,4.0,0.0,0.0,4.4,0.0,0.4,72.0,240.0,0.0,0.0,264.0,0.0,24.0
2020-12-08 22:03:00,3.88,0.0,0.0,4.52,0.0,0.64,72.0,232.79999999999998,0.0,0.0,271.2,0.0,38.4
2020-12-08 22:04:00,4.13,0.0,0.0,4.47,0.0,0.34,72.0,247.79999999999998,0.0,0.0,268.2,0.0,20.400000000000002
2020-12-08 22:05:00,3.97,0.0,0.0,4.45,0.0,0.48,72.0,238.20000000000002,0.0,0.0,267.0,0.0,28.8
2020-12-08 22:06:00,3.97,0.0,0.0,4.47,0.0,0.5,72.0,238.20000000000002,0.0,0.0,268.2,0.0,30.0
2020-12-08 22:07:00,4.0,0.0,0.0,4.48,0.0,0.48,72.0,240.0,0.0,0.0,268.8,0.0,28.8
2020-12-08 22:08:00,4.02,0.0,0.0,4.53,0.0,0.51,72.0,241.2,0.0,0.0,271.8,0.0,30.6
2020-12-08 22:09:00,4.07,0.0,0.0,4.57,0.0,0.5,72.0,244.20000000000002,0.0,0.0,274.20000000000005,0.0,30.0
2020-12-08 22:10:00,3.73,0.0,0.0,4.15,0.0,0.42,72.0,223.8,0.0,0.0,249.00000000000003,0.0,25.2
2020-12-08 22:11:00,3.62,0.0,0.0,4.13,0.0,0.51,72.0,217.20000000000002,0.0,0.0,247.79999999999998,0.0,30.6
2020-12-08 22:12:00,3.63,0.0,0.0,4.12,0.0,0.49,72.0,217.79999999999998,0.0,0.0,247.20000000000002,0.0,29.4
2020-12-08 22:13:00,4.3,0.0,0.0,4.93,0.0,0.63,72.0,258.0,0.0,0.0,295.8,0.0,37.800000000000004
2020-12-08 22:14:00,5.3,0.0,0.0,5.78,0.0,0.48,72.0,318.0,0.0,0.0,346.8,0.0,28.8
2020-12-08 22:15:00,5.47,0.0,0.0,5.9,0.0,0.43,72.0,328.2,0.0,0.0,354.0,0.0,25.8
2020-12-08 22:16:00,5.35,0.0,0.0,5.85,0.0,0.5,72.0,321.0,0.0,0.0,351.0,0.0,30.0
2020-12-08 22:17:00,5.35,0.0,0.0,5.87,0.0,0.52,72.0,321.0,0.0,0.0,352.2,0.0,31.200000000000003
2020-12-08 22:18:00,5.4,0.0,0.0,5.9,0.0,0.5,71.0,324.0,0.0,0.0,354.0,0.0,30.0
2020-12-08 22:19:00,5.43,0.0,0.0,5.93,0.0,0.5,71.0,325.8,0.0,0.0,355.8,0.0,30.0
2020-12-08 22:20:00,5.48,0.0,0.0,5.95,0.0,0.47,71.0,328.8,0.0,0.0,357.0,0.0,28.2
2020-12-08 22:21:00,5.4,0.0,0.0,5.92,0.0,0.52,71.0,324.0,0.0,0.0,355.2,0.0,31.200000000000003
2020-12-08 22:22:00,5.42,0.0,0.0,5.88,0.0,0.46,71.0,325.2,0.0,0.0,352.8,0.0,27.6
2020-12-08 22:23:00,5.27,0.0,0.0,5.78,0.0,0.51,71.0,316.2,0.0,0.0,346.8,0.0,30.6
2020-12-08 22:24:00,5.42,0.0,0.0,5.9,0.0,0.48,71.0,325.2,0.0,0.0,354.0,0.0,28.8
2020-12-08 22:25:00,5.55,0.0,0.0,6.02,0.0,0.47,71.0,333.0,0.0,0.0,361.2,0.0,28.2
2020-12-08 22:26:00,5.38,0.0,0.0,5.77,0.0,0.39,71.0,322.8,0.0,0.0,346.2,0.0,23.400000000000002
2020-12-08 22:27:00,4.98,0.0,0.0,5.35,0.0,0.37,71.0,298.8,0.0,0.0,321.0,0.0,22.2
2020-12-08 22:28:00,4.9,0.0,0.0,5.35,0.0,0.45,71.0,294.0,0.0,0.0,321.0,0.0,27.0
2020-12-08 22:29:00,4.83,0.0,0.0,5.33,0.0,0.5,71.0,289.8,0.0,0.0,319.8,0.0,30.0
2020-12-08 22:30:00,4.85,0.0,0.0,5.32,0.0,0.47,71.0,291.0,0.0,0.0,319.20000000000005,0.0,28.2
2020-12-08 22:31:00,4.8,0.0,0.0,5.32,0.0,0.52,71.0,288.0,0.0,0.0,319.20000000000005,0.0,31.200000000000003
2020-12-08 22:32:00,4.82,0.0,0.0,5.32,0.0,0.5,71.0,289.20000000000005,0.0,0.0,319.20000000000005,0.0,30.0
2020-12-08 22:33:00,4.87,0.0,0.0,5.35,0.0,0.48,71.0,292.2,0.0,0.0,321.0,0.0,28.8
2020-12-08 22:34:00,4.83,0.0,0.0,5.33,0.0,0.5,70.0,289.8,0.0,0.0,319.8,0.0,30.0
2020-12-08 22:35:00,4.82,0.0,0.0,5.32,0.0,0.5,70.0,289.20000000000005,0.0,0.0,319.20000000000005,0.0,30.0
2020-12-08 22:36:00,4.85,0.0,0.0,5.32,0.0,0.47,70.0,291.0,0.0,0.0,319.20000000000005,0.0,28.2
2020-12-08 22:37:00,4.83,0.0,0.0,5.32,0.0,0.49,70.0,289.8,0.0,0.0,319.20000000000005,0.0,29.4
2020-12-08 22:38:00,4.83,0.0,0.0,5.33,0.0,0.5,70.0,289.8,0.0,0.0,319.8,0.0,30.0
2020-12-08 22:39:00,4.82,0.0,0.0,5.35,0.0,0.53,70.0,289.20000000000005,0.0,0.0,321.0,0.0,31.8
2020-12-08 22:40:00,4.85,0.0,0.0,5.35,0.0,0.5,70.0,291.0,0.0,0.0,321.0,0.0,30.0
2020-12-08 22:41:00,4.88,0.0,0.0,5.37,0.0,0.49,70.0,292.8,0.0,0.0,322.2,0.0,29.4
2020-12-08 22:42:00,4.85,0.0,0.0,5.37,0.0,0.52,70.0,291.0,0.0,0.0,322.2,0.0,31.200000000000003
2020-12-08 22:43:00,4.87,0.0,0.0,5.37,0.0,0.5,70.0,292.2,0.0,0.0,322.2,0.0,30.0
2020-12-08 22:44:00,4.88,0.0,0.0,5.38,0.0,0.5,70.0,292.8,0.0,0.0,322.8,0.0,30.0
2020-12-08 22:45:00,4.85,0.0,0.0,5.37,0.0,0.52,70.0,291.0,0.0,0.0,322.2,0.0,31.200000000000003
2020-12-08 22:46:00,4.85,0.0,0.0,5.35,0.0,0.5,70.0,291.0,0.0,0.0,321.0,0.0,30.0
2020-12-08 22:47:00,4.83,0.0,0.0,5.35,0.0,0.52,70.0,289.8,0.0,0.0,321.0,0.0,31.200000000000003
2020-12-08 22:48:00,4.88,0.0,0.0,5.35,0.0,0.47,70.0,292.8,0.0,0.0,321.0,0.0,28.2
2020-12-08 22:49:00,4.88,0.0,0.0,5.37,0.0,0.49,70.0,292.8,0.0,0.0,322.2,0.0,29.4
2020-12-08 22:50:00,4.88,0.0,0.0,5.38,0.0,0.5,69.0,292.8,0.0,0.0,322.8,0.0,30.0
2020-12-08 22:51:00,4.82,0.0,0.0,5.35,0.0,0.53,69.0,289.20000000000005,0.0,0.0,321.0,0.0,31.8
2020-12-08 22:52:00,4.85,0.0,0.0,5.35,0.0,0.5,69.0,291.0,0.0,0.0,321.0,0.0,30.0
2020-12-08 22:53:00,4.85,0.0,0.0,5.33,0.0,0.48,69.0,291.0,0.0,0.0,319.8,0.0,28.8
2020-12-08 22:54:00,4.83,0.0,0.0,5.33,0.0,0.5,69.0,289.8,0.0,0.0,319.8,0.0,30.0
2020-12-08 22:55:00,4.87,0.0,0.0,5.35,0.0,0.48,69.0,292.2,0.0,0.0,321.0,0.0,28.8
2020-12-08 22:56:00,4.88,0.0,0.0,5.35,0.0,0.47,69.0,292.8,0.0,0.0,321.0,0.0,28.2
2020-12-08 22:57:00,4.83,0.0,0.0,5.35,0.0,0.52,69.0,289.8,0.0,0.0,321.0,0.0,31.200000000000003
2020-12-08 22:58:00,4.85,0.0,0.0,5.33,0.0,0.48,69.0,291.0,0.0,0.0,319.8,0.0,28.8
2020-12-08 22:59:00,4.87,0.0,0.0,5.35,0.0,0.48,69.0,292.2,0.0,0.0,321.0,0.0,28.8
2020-12-08 23:00:00,5.02,0.0,0.0,5.58,0.0,0.56,69.0,301.2,0.0,0.0,334.8,0.0,33.6
2020-12-08 23:01:00,5.53,0.0,0.0,6.03,0.0,0.5,69.0,331.8,0.0,0.0,361.8,0.0,30.0
2020-12-08 23:02:00,5.45,0.0,0.0,5.87,0.0,0.42,69.0,327.0,0.0,0.0,352.2,0.0,25.2
2020-12-08 23:03:00,5.07,0.0,0.0,5.48,0.0,0.41,69.0,304.20000000000005,0.0,0.0,328.8,0.0,24.599999999999998
2020-12-08 23:04:00,5.35,0.0,0.0,5.92,0.0,0.57,69.0,321.0,0.0,0.0,355.2,0.0,34.199999999999996
2020-12-08 23:05:00,5.57,0.0,0.0,6.0,0.0,0.43,69.0,334.20000000000005,0.0,0.0,360.0,0.0,25.8
2020-12-08 23:06:00,5.47,0.0,0.0,5.9,0.0,0.43,68.0,328.2,0.0,0.0,354.0,0.0,25.8
2020-12-08 23:07:00,5.22,0.0,0.0,5.75,0.0,0.53,68.0,313.2,0.0,0.0,345.0,0.0,31.8
2020-12-08 23:08:00,5.3,0.0,0.0,5.75,0.0,0.45,68.0,318.0,0.0,0.0,345.0,0.0,27.0
2020-12-08 23:09:00,5.3,0.0,0.0,5.75,0.0,0.45,68.0,318.0,0.0,0.0,345.0,0.0,27.0
2020-12-08 23:10:00,5.35,0.0,0.0,5.75,0.0,0.4,68.0,321.0,0.0,0.0,345.0,0.0,24.0
2020-12-08 23:11:00,5.33,0.0,0.0,5.77,0.0,0.44,68.0,319.8,0.0,0.0,346.2,0.0,26.400000000000002
2020-12-08 23:12:00,5.35,0.0,0.0,5.85,0.0,0.5,68.0,321.0,0.0,0.0,351.0,0.0,30.0
2020-12-08 23:13:00,17.52,0.0,0.0,22.1,0.0,4.58,68.0,1051.2,0.0,0.0,1326.0,0.0,274.8
2020-12-08 23:14:00,27.93,0.0,0.0,28.32,0.0,0.39,68.0,1675.8,0.0,0.0,1699.2,0.0,23.400000000000002
2020-12-08 23:15:00,27.52,0.0,0.0,27.88,0.0,0.36,67.0,1651.2,0.0,0.0,1672.8,0.0,21.599999999999998
2020-12-08 23:16:00,14.6,0.0,0.42,13.03,1.99,0.0,67.0,876.0,0.0,25.2,781.8,119.4,0.0
2020-12-08 23:17:00,5.38,0.0,0.0,5.82,0.0,0.44,67.0,322.8,0.0,0.0,349.20000000000005,0.0,26.400000000000002
2020-12-08 23:18:00,5.32,0.0,0.0,5.8,0.0,0.48,67.0,319.20000000000005,0.0,0.0,348.0,0.0,28.8
2020-12-08 23:19:00,5.3,0.0,0.0,5.8,0.0,0.5,67.0,318.0,0.0,0.0,348.0,0.0,30.0
2020-12-08 23:20:00,5.33,0.0,0.0,5.78,0.0,0.45,67.0,319.8,0.0,0.0,346.8,0.0,27.0
2020-12-08 23:21:00,5.42,0.0,0.0,5.8,0.0,0.38,67.0,325.2,0.0,0.0,348.0,0.0,22.8
2020-12-08 23:22:00,5.32,0.0,0.0,5.77,0.0,0.45,67.0,319.20000000000005,0.0,0.0,346.2,0.0,27.0
2020-12-08 23:23:00,5.28,0.0,0.0,5.8,0.0,0.52,67.0,316.8,0.0,0.0,348.0,0.0,31.200000000000003
2020-12-08 23:24:00,5.28,0.0,0.0,5.78,0.0,0.5,67.0,316.8,0.0,0.0,346.8,0.0,30.0
2020-12-08 23:25:00,5.3,0.0,0.0,5.78,0.0,0.48,67.0,318.0,0.0,0.0,346.8,0.0,28.8
2020-12-08 23:26:00,5.25,0.0,0.0,5.72,0.0,0.47,66.0,315.0,0.0,0.0,343.2,0.0,28.2
2020-12-08 23:27:00,5.3,0.0,0.0,5.73,0.0,0.43,66.0,318.0,0.0,0.0,343.8,0.0,25.8
2020-12-08 23:28:00,5.22,0.0,0.0,5.75,0.0,0.53,66.0,313.2,0.0,0.0,345.0,0.0,31.8
2020-12-08 23:29:00,5.27,0.0,0.0,5.78,0.0,0.51,66.0,316.2,0.0,0.0,346.8,0.0,30.6
2020-12-08 23:30:00,5.27,0.0,0.0,5.73,0.0,0.46,66.0,316.2,0.0,0.0,343.8,0.0,27.6
2020-12-08 23:31:00,5.25,0.0,0.0,5.73,0.0,0.48,66.0,315.0,0.0,0.0,343.8,0.0,28.8
2020-12-08 23:32:00,5.3,0.0,0.0,5.75,0.0,0.45,66.0,318.0,0.0,0.0,345.0,0.0,27.0
2020-12-08 23:33:00,5.25,0.0,0.0,5.75,0.0,0.5,66.0,315.0,0.0,0.0,345.0,0.0,30.0
2020-12-08 23:34:00,5.27,0.0,0.0,5.77,0.0,0.5,66.0,316.2,0.0,0.0,346.2,0.0,30.0
2020-12-08 23:35:00,5.27,0.0,0.0,5.68,0.0,0.41,66.0,316.2,0.0,0.0,340.8,0.0,24.599999999999998
2020-12-08 23:36:00,5.1,0.0,0.0,5.68,0.0,0.58,66.0,306.0,0.0,0.0,340.8,0.0,34.8
2020-12-08 23:37:00,5.27,0.0,0.0,5.75,0.0,0.48,66.0,316.2,0.0,0.0,345.0,0.0,28.8
2020-12-08 23:38:00,5.23,0.0,0.0,5.73,0.0,0.5,66.0,313.8,0.0,0.0,343.8,0.0,30.0
2020-12-08 23:39:00,5.22,0.0,0.0,5.72,0.0,0.5,66.0,313.2,0.0,0.0,343.2,0.0,30.0
2020-12-08 23:40:00,5.3,0.0,0.0,5.77,0.0,0.47,66.0,318.0,0.0,0.0,346.2,0.0,28.2
2020-12-08 23:41:00,5.27,0.0,0.0,5.78,0.0,0.51,66.0,316.2,0.0,0.0,346.8,0.0,30.6
2020-12-08 23:42:00,5.3,0.0,0.0,5.77,0.0,0.47,65.0,318.0,0.0,0.0,346.2,0.0,28.2
2020-12-08 23:43:00,5.25,0.0,0.0,5.75,0.0,0.5,65.0,315.0,0.0,0.0,345.0,0.0,30.0
2020-12-08 23:44:00,5.3,0.0,0.0,5.75,0.0,0.45,65.0,318.0,0.0,0.0,345.0,0.0,27.0
2020-12-08 23:45:00,5.28,0.0,0.0,5.73,0.0,0.45,65.0,316.8,0.0,0.0,343.8,0.0,27.0
2020-12-08 23:46:00,5.2,0.0,0.0,5.73,0.0,0.53,65.0,312.0,0.0,0.0,343.8,0.0,31.8
2020-12-08 23:47:00,5.25,0.0,0.0,5.73,0.0,0.48,65.0,315.0,0.0,0.0,343.8,0.0,28.8
2020-12-08 23:48:00,5.2,0.0,0.0,5.73,0.0,0.53,65.0,312.0,0.0,0.0,343.8,0.0,31.8
2020-12-08 23:49:00,5.22,0.0,0.0,5.73,0.0,0.51,65.0,313.2,0.0,0.0,343.8,0.0,30.6
2020-12-08 23:50:00,5.2,0.0,0.0,5.7,0.0,0.5,65.0,312.0,0.0,0.0,342.0,0.0,30.0
2020-12-08 23:51:00,5.2,0.0,0.0,5.72,0.0,0.52,65.0,312.0,0.0,0.0,343.2,0.0,31.200000000000003
2020-12-08 23:52:00,5.22,0.0,0.0,5.72,0.0,0.5,65.0,313.2,0.0,0.0,343.2,0.0,30.0
2020-12-08 23:53:00,5.23,0.0,0.0,5.72,0.0,0.49,65.0,313.8,0.0,0.0,343.2,0.0,29.4
2020-12-08 23:54:00,5.27,0.0,0.0,5.72,0.0,0.45,65.0,316.2,0.0,0.0,343.2,0.0,27.0
2020-12-08 23:55:00,5.23,0.0,0.0,5.7,0.0,0.47,65.0,313.8,0.0,0.0,342.0,0.0,28.2
2020-12-08 23:56:00,5.25,0.0,0.0,5.68,0.0,0.43,65.0,315.0,0.0,0.0,340.8,0.0,25.8
2020-12-08 23:57:00,5.15,0.0,0.0,5.63,0.0,0.48,63.0,309.0,0.0,0.0,337.8,0.0,28.8
2020-12-08 23:58:00,5.18,0.0,0.0,5.7,0.0,0.52,63.0,310.8,0.0,0.0,342.0,0.0,31.200000000000003
2020-12-08 23:59:00,5.25,0.0,0.0,5.73,0.0,0.48,63.0,315.0,0.0,0.0,343.8,0.0,28.8
2020-12-09 00:00:00,0.0,0.15,0.0,5.18,0.0,5.33,10.0,0.0,9.0,0.0,310.8,0.0,319.8
2020-12-09 00:01:00,0.0,0.15,0.0,5.32,0.0,5.47,10.0,0.0,9.0,0.0,319.20000000000005,0.0,328.2
2020-12-09 00:02:00,0.0,0.15,0.0,5.55,0.0,5.7,10.0,0.0,9.0,0.0,333.0,0.0,342.0
2020-12-09 00:03:00,0.0,0.15,0.0,7.22,0.0,7.37,10.0,0.0,9.0,0.0,433.2,0.0,442.2
2020-12-09 00:04:00,0.0,0.15,0.0,39.32,0.0,39.47,10.0,0.0,9.0,0.0,2359.2000000000003,0.0,2368.2
2020-12-09 00:05:00,0.0,0.15,0.0,39.47,0.0,39.62,10.0,0.0,9.0,0.0,2368.2,0.0,2377.2
2020-12-09 00:06:00,0.0,0.15,0.0,39.52,0.0,39.67,10.0,0.0,9.0,0.0,2371.2000000000003,0.0,2380.2000000000003
2020-12-09 00:07:00,0.0,0.15,0.0,39.6,0.0,39.75,10.0,0.0,9.0,0.0,2376.0,0.0,2385.0
2020-12-09 00:08:00,0.0,0.15,0.0,20.08,0.0,20.23,10.0,0.0,9.0,0.0,1204.8,0.0,1213.8
2020-12-09 00:09:00,0.0,0.15,0.0,6.25,0.0,6.4,10.0,0.0,9.0,0.0,375.0,0.0,384.0
2020-12-09 00:10:00,0.0,0.15,0.0,6.25,0.0,6.4,10.0,0.0,9.0,0.0,375.0,0.0,384.0
2020-12-09 00:11:00,0.0,0.15,0.0,10.07,0.0,10.22,10.0,0.0,9.0,0.0,604.2,0.0,613.2
2020-12-09 00:12:00,0.0,0.15,0.0,38.18,0.0,38.33,10.0,0.0,9.0,0.0,2290.8,0.0,2299.7999999999997
2020-12-09 00:13:00,0.0,0.15,0.0,38.38,0.0,38.53,10.0,0.0,9.0,0.0,2302.8,0.0,2311.8
2020-12-09 00:14:00,0.0,0.15,0.0,18.42,0.0,18.57,10.0,0.0,9.0,0.0,1105.2,0.0,1114.2
2020-12-09 00:15:00,0.0,0.15,0.0,4.85,0.0,5.0,10.0,0.0,9.0,0.0,291.0,0.0,300.0
2020-12-09 00:16:00,0.0,0.15,0.0,4.92,0.0,5.07,10.0,0.0,9.0,0.0,295.2,0.0,304.20000000000005
2020-12-09 00:17:00,0.0,0.15,0.0,4.78,0.0,4.93,10.0,0.0,9.0,0.0,286.8,0.0,295.8
2020-12-09 00:18:00,0.0,0.15,0.0,4.93,0.0,5.08,10.0,0.0,9.0,0.0,295.8,0.0,304.8
2020-12-09 00:19:00,0.0,0.15,0.0,5.32,0.0,5.47,10.0,0.0,9.0,0.0,319.20000000000005,0.0,328.2
2020-12-09 00:20:00,0.0,0.15,0.0,5.32,0.0,5.47,10.0,0.0,9.0,0.0,319.20000000000005,0.0,328.2
2020-12-09 00:21:00,0.0,0.15,0.0,5.32,0.0,5.47,10.0,0.0,9.0,0.0,319.20000000000005,0.0,328.2
2020-12-09 00:22:00,0.0,0.15,0.0,5.43,0.0,5.58,10.0,0.0,9.0,0.0,325.8,0.0,334.8
2020-12-09 00:23:00,0.0,0.15,0.0,5.67,0.0,5.82,10.0,0.0,9.0,0.0,340.2,0.0,349.20000000000005
2020-12-09 00:24:00,0.0,0.15,0.0,4.72,0.0,4.87,10.0,0.0,9.0,0.0,283.2,0.0,292.2
2020-12-09 00:25:00,0.0,0.15,0.0,4.68,0.0,4.83,10.0,0.0,9.0,0.0,280.8,0.0,289.8
2020-12-09 00:26:00,0.0,0.15,0.0,4.75,0.0,4.9,10.0,0.0,9.0,0.0,285.0,0.0,294.0
2020-12-09 00:27:00,0.0,0.15,0.0,4.77,0.0,4.92,10.0,0.0,9.0,0.0,286.2,0.0,295.2
2020-12-09 00:28:00,0.0,0.15,0.0,4.75,0.0,4.9,10.0,0.0,9.0,0.0,285.0,0.0,294.0
2020-12-09 00:29:00,0.0,0.15,0.0,4.85,0.0,5.0,10.0,0.0,9.0,0.0,291.0,0.0,300.0
2020-12-09 00:30:00,0.0,0.15,0.0,4.78,0.0,4.93,10.0,0.0,9.0,0.0,286.8,0.0,295.8
2020-12-09 00:31:00,0.0,0.15,0.0,4.5,0.0,4.65,10.0,0.0,9.0,0.0,270.0,0.0,279.0
2020-12-09 00:32:00,0.0,0.15,0.0,4.28,0.0,4.43,10.0,0.0,9.0,0.0,256.8,0.0,265.8
2020-12-09 00:33:00,0.0,0.15,0.0,4.43,0.0,4.58,10.0,0.0,9.0,0.0,265.8,0.0,274.8
2020-12-09 00:34:00,0.0,0.15,0.0,4.38,0.0,4.53,10.0,0.0,9.0,0.0,262.8,0.0,271.8
2020-12-09 00:35:00,0.0,0.15,0.0,4.35,0.0,4.5,10.0,0.0,9.0,0.0,261.0,0.0,270.0
2020-12-09 00:36:00,0.0,0.15,0.0,4.37,0.0,4.52,10.0,0.0,9.0,0.0,262.2,0.0,271.2
2020-12-09 00:37:00,0.0,0.15,0.0,4.25,0.0,4.4,10.0,0.0,9.0,0.0,255.0,0.0,264.0
2020-12-09 00:38:00,0.0,0.15,0.0,4.47,0.0,4.62,10.0,0.0,9.0,0.0,268.2,0.0,277.2
2020-12-09 00:39:00,0.0,0.15,0.0,4.82,0.0,4.97,10.0,0.0,9.0,0.0,289.20000000000005,0.0,298.2
2020-12-09 00:40:00,0.0,0.15,0.0,5.02,0.0,5.17,10.0,0.0,9.0,0.0,301.2,0.0,310.2
2020-12-09 00:41:00,0.0,0.15,0.0,24.88,0.0,25.03,10.0,0.0,9.0,0.0,1492.8,0.0,1501.8000000000002
2020-12-09 00:42:00,0.0,0.15,0.0,19.12,0.0,19.27,10.0,0.0,9.0,0.0,1147.2,0.0,1156.2
2020-12-09 00:43:00,0.0,0.15,0.0,4.85,0.0,5.0,10.0,0.0,9.0,0.0,291.0,0.0,300.0
2020-12-09 00:44:00,0.0,0.15,0.0,4.65,0.0,4.8,10.0,0.0,9.0,0.0,279.0,0.0,288.0
2020-12-09 00:45:00,0.0,0.15,0.0,4.78,0.0,4.93,10.0,0.0,9.0,0.0,286.8,0.0,295.8
2020-12-09 00:46:00,0.0,0.15,0.0,4.67,0.0,4.82,10.0,0.0,9.0,0.0,280.2,0.0,289.20000000000005
2020-12-09 00:47:00,0.0,0.15,0.0,4.87,0.0,5.02,10.0,0.0,9.0,0.0,292.2,0.0,301.2
2020-12-09 00:48:00,0.0,0.15,0.0,4.85,0.0,5.0,10.0,0.0,9.0,0.0,291.0,0.0,300.0
2020-12-09 00:49:00,0.0,0.15,0.0,4.83,0.0,4.98,10.0,0.0,9.0,0.0,289.8,0.0,298.8
2020-12-09 00:50:00,0.0,0.15,0.0,4.7,0.0,4.85,10.0,0.0,9.0,0.0,282.0,0.0,291.0
2020-12-09 00:51:00,0.0,0.15,0.0,4.8,0.0,4.95,10.0,0.0,9.0,0.0,288.0,0.0,297.0
2020-12-09 00:52:00,0.0,0.15,0.0,4.75,0.0,4.9,10.0,0.0,9.0,0.0,285.0,0.0,294.0
2020-12-09 00:53:00,0.0,0.15,0.0,4.52,0.0,4.67,10.0,0.0,9.0,0.0,271.2,0.0,280.2
2020-12-09 00:54:00,0.0,0.15,0.0,4.48,0.0,4.63,10.0,0.0,9.0,0.0,268.8,0.0,277.8
2020-12-09 00:55:00,0.0,0.15,0.0,6.57,0.0,6.72,10.0,0.0,9.0,0.0,394.20000000000005,0.0,403.2
2020-12-09 00:56:00,0.0,0.15,0.0,6.52,0.0,6.67,10.0,0.0,9.0,0.0,391.2,0.0,400.2
2020-12-09 00:57:00,0.0,0.15,0.0,6.17,0.0,6.32,10.0,0.0,9.0,0.0,370.2,0.0,379.20000000000005
2020-12-09 00:58:00,0.0,0.15,0.0,5.85,0.0,6.0,10.0,0.0,9.0,0.0,351.0,0.0,360.0
2020-12-09 00:59:00,0.0,0.15,0.0,5.82,0.0,5.97,10.0,0.0,9.0,0.0,349.20000000000005,0.0,358.2
2020-12-09 01:00:00,0.0,0.15,0.0,5.6,0.0,5.75,10.0,0.0,9.0,0.0,336.0,0.0,345.0
2020-12-09 01:01:00,0.0,0.15,0.0,5.42,0.0,5.57,10.0,0.0,9.0,0.0,325.2,0.0,334.20000000000005
2020-12-09 01:02:00,0.0,0.15,0.0,5.4,0.0,5.55,10.0,0.0,9.0,0.0,324.0,0.0,333.0
2020-12-09 01:03:00,0.0,0.15,0.0,5.4,0.0,5.55,10.0,0.0,9.0,0.0,324.0,0.0,333.0
2020-12-09 01:04:00,0.0,0.15,0.0,5.48,0.0,5.63,10.0,0.0,9.0,0.0,328.8,0.0,337.8
2020-12-09 01:05:00,0.0,0.15,0.0,5.8,0.0,5.95,10.0,0.0,9.0,0.0,348.0,0.0,357.0
2020-12-09 01:06:00,0.0,0.15,0.0,5.52,0.0,5.67,10.0,0.0,9.0,0.0,331.2,0.0,340.2
2020-12-09 01:07:00,0.0,0.15,0.0,5.18,0.0,5.33,10.0,0.0,9.0,0.0,310.8,0.0,319.8
2020-12-09 01:08:00,0.0,0.15,0.0,5.18,0.0,5.33,10.0,0.0,9.0,0.0,310.8,0.0,319.8
2020-12-09 01:09:00,0.0,0.15,0.0,32.5,0.0,32.65,10.0,0.0,9.0,0.0,1950.0,0.0,1959.0
2020-12-09 01:10:00,0.0,0.15,0.0,40.0,0.0,40.15,10.0,0.0,9.0,0.0,2400.0,0.0,2409.0
2020-12-09 01:11:00,0.0,0.15,0.0,40.07,0.0,40.22,10.0,0.0,9.0,0.0,2404.2000000000003,0.0,2413.2
2020-12-09 01:12:00,0.0,0.15,0.0,31.18,0.0,31.33,10.0,0.0,9.0,0.0,1870.8,0.0,1879.8
2020-12-09 01:13:00,0.0,0.15,0.0,5.12,0.0,5.27,10.0,0.0,9.0,0.0,307.2,0.0,316.2
2020-12-09 01:14:00,0.0,0.15,0.0,5.6,0.0,5.75,10.0,0.0,9.0,0.0,336.0,0.0,345.0
2020-12-09 01:15:00,0.0,0.15,0.0,5.53,0.0,5.68,10.0,0.0,9.0,0.0,331.8,0.0,340.8
2020-12-09 01:16:00,0.0,0.15,0.0,5.07,0.0,5.22,10.0,0.0,9.0,0.0,304.20000000000005,0.0,313.2
2020-12-09 01:17:00,0.0,0.15,0.0,5.07,0.0,5.22,10.0,0.0,9.0,0.0,304.20000000000005,0.0,313.2
2020-12-09 01:18:00,0.0,0.15,0.0,5.05,0.0,5.2,10.0,0.0,9.0,0.0,303.0,0.0,312.0
2020-12-09 01:19:00,0.0,0.15,0.0,5.05,0.0,5.2,10.0,0.0,9.0,0.0,303.0,0.0,312.0
2020-12-09 01:20:00,0.0,0.15,0.0,5.12,0.0,5.27,10.0,0.0,9.0,0.0,307.2,0.0,316.2
2020-12-09 01:21:00,0.0,0.15,0.0,5.03,0.0,5.18,10.0,0.0,9.0,0.0,301.8,0.0,310.8
2020-12-09 01:22:00,0.0,0.15,0.0,5.0,0.0,5.15,10.0,0.0,9.0,0.0,300.0,0.0,309.0
2020-12-09 01:23:00,0.0,0.15,0.0,5.0,0.0,5.15,10.0,0.0,9.0,0.0,300.0,0.0,309.0
2020-12-09 01:24:00,0.0,0.15,0.0,4.98,0.0,5.13,10.0,0.0,9.0,0.0,298.8,0.0,307.8
2020-12-09 01:25:00,0.0,0.15,0.0,4.95,0.0,5.1,10.0,0.0,9.0,0.0,297.0,0.0,306.0
2020-12-09 01:26:00,0.0,0.15,0.0,4.97,0.0,5.12,10.0,0.0,9.0,0.0,298.2,0.0,307.2
2020-12-09 01:27:00,0.0,0.15,0.0,4.98,0.0,5.13,10.0,0.0,9.0,0.0,298.8,0.0,307.8
2020-12-09 01:28:00,0.0,0.15,0.0,4.97,0.0,5.12,10.0,0.0,9.0,0.0,298.2,0.0,307.2
2020-12-09 01:29:00,0.0,0.15,0.0,4.93,0.0,5.08,10.0,0.0,9.0,0.0,295.8,0.0,304.8
2020-12-09 01:30:00,0.0,0.15,0.0,4.93,0.0,5.08,10.0,0.0,9.0,0.0,295.8,0.0,304.8
2020-12-09 01:31:00,0.0,0.15,0.0,4.93,0.0,5.08,10.0,0.0,9.0,0.0,295.8,0.0,304.8
2020-12-09 01:32:00,0.0,0.15,0.0,4.93,0.0,5.08,10.0,0.0,9.0,0.0,295.8,0.0,304.8
2020-12-09 01:33:00,0.0,0.15,0.0,4.93,0.0,5.08,10.0,0.0,9.0,0.0,295.8,0.0,304.8
2020-12-09 01:34:00,0.0,0.15,0.0,4.93,0.0,5.08,10.0,0.0,9.0,0.0,295.8,0.0,304.8
2020-12-09 01:35:00,0.0,0.15,0.0,4.93,0.0,5.08,10.0,0.0,9.0,0.0,295.8,0.0,304.8
2020-12-09 01:36:00,0.0,0.15,0.0,4.93,0.0,5.08,10.0,0.0,9.0,0.0,295.8,0.0,304.8
2020-12-09 01:37:00,0.0,0.15,0.0,4.9,0.0,5.05,10.0,0.0,9.0,0.0,294.0,0.0,303.0
2020-12-09 01:38:00,0.0,0.15,0.0,4.88,0.0,5.03,10.0,0.0,9.0,0.0,292.8,0.0,301.8
2020-12-09 01:39:00,0.0,0.15,0.0,4.88,0.0,5.03,10.0,0.0,9.0,0.0,292.8,0.0,301.8
2020-12-09 01:40:00,0.0,0.15,0.0,4.92,0.0,5.07,10.0,0.0,9.0,0.0,295.2,0.0,304.20000000000005
2020-12-09 01:41:00,0.0,0.15,0.0,4.88,0.0,5.03,10.0,0.0,9.0,0.0,292.8,0.0,301.8
2020-12-09 01:42:00,0.0,0.15,0.0,4.9,0.0,5.05,10.0,0.0,9.0,0.0,294.0,0.0,303.0
2020-12-09 01:43:00,0.0,0.15,0.0,4.87,0.0,5.02,10.0,0.0,9.0,0.0,292.2,0.0,301.2
2020-12-09 01:44:00,0.0,0.15,0.0,4.88,0.0,5.03,10.0,0.0,9.0,0.0,292.8,0.0,301.8
2020-12-09 01:45:00,0.0,0.15,0.0,4.87,0.0,5.02,10.0,0.0,9.0,0.0,292.2,0.0,301.2
2020-12-09 01:46:00,0.0,0.15,0.0,4.85,0.0,5.0,10.0,0.0,9.0,0.0,291.0,0.0,300.0
2020-12-09 01:47:00,0.0,0.15,0.0,4.83,0.0,4.98,10.0,0.0,9.0,0.0,289.8,0.0,298.8
2020-12-09 01:48:00,0.0,0.15,0.0,4.83,0.0,4.98,10.0,0.0,9.0,0.0,289.8,0.0,298.8
2020-12-09 01:49:00,0.0,0.15,0.0,4.85,0.0,5.0,10.0,0.0,9.0,0.0,291.0,0.0,300.0
2020-12-09 01:50:00,0.0,0.15,0.0,4.9,0.0,5.05,10.0,0.0,9.0,0.0,294.0,0.0,303.0
2020-12-09 01:51:00,0.0,0.15,0.0,5.13,0.0,5.28,10.0,0.0,9.0,0.0,307.8,0.0,316.8
2020-12-09 01:52:00,0.0,0.15,0.0,5.15,0.0,5.3,10.0,0.0,9.0,0.0,309.0,0.0,318.0
2020-12-09 01:53:00,0.0,0.15,0.0,5.13,0.0,5.28,10.0,0.0,9.0,0.0,307.8,0.0,316.8
2020-12-09 01:54:00,0.0,0.15,0.0,5.28,0.0,5.43,10.0,0.0,9.0,0.0,316.8,0.0,325.8
2020-12-09 01:55:00,0.0,0.15,0.0,5.23,0.0,5.38,10.0,0.0,9.0,0.0,313.8,0.0,322.8
2020-12-09 01:56:00,0.0,0.15,0.0,5.15,0.0,5.3,10.0,0.0,9.0,0.0,309.0,0.0,318.0
2020-12-09 01:57:00,0.0,0.15,0.0,5.15,0.0,5.3,10.0,0.0,9.0,0.0,309.0,0.0,318.0
2020-12-09 01:58:00,0.0,0.15,0.0,5.23,0.0,5.38,10.0,0.0,9.0,0.0,313.8,0.0,322.8
2020-12-09 01:59:00,0.0,0.15,0.0,6.12,0.0,6.27,10.0,0.0,9.0,0.0,367.2,0.0,376.2
2020-12-09 02:00:00,0.0,0.15,0.0,6.17,0.0,6.32,10.0,0.0,9.0,0.0,370.2,0.0,379.20000000000005
2020-12-09 02:01:00,0.0,0.15,0.0,6.17,0.0,6.32,10.0,0.0,9.0,0.0,370.2,0.0,379.20000000000005
2020-12-09 02:02:00,0.0,0.15,0.0,5.78,0.0,5.93,10.0,0.0,9.0,0.0,346.8,0.0,355.8
2020-12-09 02:03:00,0.0,0.15,0.0,20.38,0.0,20.53,10.0,0.0,9.0,0.0,1222.8,0.0,1231.8000000000002
2020-12-09 02:04:00,0.0,0.15,0.0,38.97,0.0,39.12,10.0,0.0,9.0,0.0,2338.2,0.0,2347.2
2020-12-09 02:05:00,0.0,0.15,0.0,5.18,0.0,5.33,10.0,0.0,9.0,0.0,310.8,0.0,319.8
2020-12-09 02:06:00,0.0,0.15,0.0,5.1,0.0,5.25,10.0,0.0,9.0,0.0,306.0,0.0,315.0
2020-12-09 02:07:00,0.0,0.15,0.0,4.57,0.0,4.72,10.0,0.0,9.0,0.0,274.20000000000005,0.0,283.2
2020-12-09 02:08:00,0.0,0.15,0.0,4.3,0.0,4.45,10.0,0.0,9.0,0.0,258.0,0.0,267.0
2020-12-09 02:09:00,0.0,0.15,0.0,4.25,0.0,4.4,10.0,0.0,9.0,0.0,255.0,0.0,264.0
2020-12-09 02:10:00,0.0,0.15,0.0,4.15,0.0,4.3,10.0,0.0,9.0,0.0,249.00000000000003,0.0,258.0
2020-12-09 02:11:00,0.0,0.15,0.0,4.17,0.0,4.32,10.0,0.0,9.0,0.0,250.2,0.0,259.20000000000005
2020-12-09 02:12:00,0.0,0.15,0.0,4.35,0.0,4.5,10.0,0.0,9.0,0.0,261.0,0.0,270.0
2020-12-09 02:13:00,0.0,0.15,0.0,4.7,0.0,4.85,10.0,0.0,9.0,0.0,282.0,0.0,291.0
2020-12-09 02:14:00,0.0,0.15,0.0,4.13,0.0,4.28,10.0,0.0,9.0,0.0,247.79999999999998,0.0,256.8
2020-12-09 02:15:00,0.0,0.15,0.0,4.08,0.0,4.23,10.0,0.0,9.0,0.0,244.8,0.0,253.80000000000004
2020-12-09 02:16:00,0.0,0.15,0.0,4.1,0.0,4.25,10.0,0.0,9.0,0.0,245.99999999999997,0.0,255.0
2020-12-09 02:17:00,0.0,0.15,0.0,4.13,0.0,4.28,10.0,0.0,9.0,0.0,247.79999999999998,0.0,256.8
2020-12-09 02:18:00,0.0,0.15,0.0,4.12,0.0,4.27,10.0,0.0,9.0,0.0,247.20000000000002,0.0,256.2
2020-12-09 02:19:00,0.0,0.15,0.0,4.1,0.0,4.25,10.0,0.0,9.0,0.0,245.99999999999997,0.0,255.0
2020-12-09 02:20:00,0.0,0.15,0.0,4.1,0.0,4.25,9.0,0.0,9.0,0.0,245.99999999999997,0.0,255.0
2020-12-09 02:21:00,0.0,0.15,0.0,4.13,0.0,4.28,9.0,0.0,9.0,0.0,247.79999999999998,0.0,256.8
2020-12-09 02:22:00,0.0,0.15,0.0,32.38,0.0,32.53,9.0,0.0,9.0,0.0,1942.8000000000002,0.0,1951.8000000000002
2020-12-09 02:23:00,0.0,0.15,0.0,38.65,0.0,38.8,9.0,0.0,9.0,0.0,2319.0,0.0,2328.0
2020-12-09 02:24:00,0.0,0.15,0.0,38.7,0.0,38.85,9.0,0.0,9.0,0.0,2322.0,0.0,2331.0
2020-12-09 02:25:00,0.0,0.15,0.0,20.25,0.0,20.4,9.0,0.0,9.0,0.0,1215.0,0.0,1224.0
2020-12-09 02:26:00,0.0,0.15,0.0,4.12,0.0,4.27,9.0,0.0,9.0,0.0,247.20000000000002,0.0,256.2
2020-12-09 02:27:00,0.0,0.15,0.0,4.1,0.0,4.25,9.0,0.0,9.0,0.0,245.99999999999997,0.0,255.0
2020-12-09 02:28:00,0.0,0.15,0.0,4.13,0.0,4.28,9.0,0.0,9.0,0.0,247.79999999999998,0.0,256.8
2020-12-09 02:29:00,0.0,0.15,0.0,4.12,0.0,4.27,9.0,0.0,9.0,0.0,247.20000000000002,0.0,256.2
2020-12-09 02:30:00,0.0,0.15,0.0,4.08,0.0,4.23,9.0,0.0,9.0,0.0,244.8,0.0,253.80000000000004
2020-12-09 02:31:00,0.0,0.15,0.0,3.97,0.0,4.12,9.0,0.0,9.0,0.0,238.20000000000002,0.0,247.20000000000002
2020-12-09 02:32:00,0.0,0.15,0.0,3.98,0.0,4.13,9.0,0.0,9.0,0.0,238.8,0.0,247.79999999999998
2020-12-09 02:33:00,0.0,0.15,0.0,3.97,0.0,4.12,9.0,0.0,9.0,0.0,238.20000000000002,0.0,247.20000000000002
2020-12-09 02:34:00,0.0,0.15,0.0,4.0,0.0,4.15,9.0,0.0,9.0,0.0,240.0,0.0,249.00000000000003
2020-12-09 02:35:00,0.0,0.15,0.0,4.0,0.0,4.15,9.0,0.0,9.0,0.0,240.0,0.0,249.00000000000003
2020-12-09 02:36:00,0.0,0.15,0.0,3.98,0.0,4.13,9.0,0.0,9.0,0.0,238.8,0.0,247.79999999999998
2020-12-09 02:37:00,0.0,0.15,0.0,3.98,0.0,4.13,9.0,0.0,9.0,0.0,238.8,0.0,247.79999999999998
2020-12-09 02:38:00,0.0,0.15,0.0,3.97,0.0,4.12,9.0,0.0,9.0,0.0,238.20000000000002,0.0,247.20000000000002
2020-12-09 02:39:00,0.0,0.15,0.0,3.97,0.0,4.12,9.0,0.0,9.0,0.0,238.20000000000002,0.0,247.20000000000002
2020-12-09 02:40:00,0.0,0.15,0.0,3.97,0.0,4.12,9.0,0.0,9.0,0.0,238.20000000000002,0.0,247.20000000000002
2020-12-09 02:41:00,0.0,0.15,0.0,4.1,0.0,4.25,9.0,0.0,9.0,0.0,245.99999999999997,0.0,255.0
2020-12-09 02:42:00,0.0,0.15,0.0,4.17,0.0,4.32,9.0,0.0,9.0,0.0,250.2,0.0,259.20000000000005
2020-12-09 02:43:00,0.0,0.15,0.0,4.22,0.0,4.37,9.0,0.0,9.0,0.0,253.2,0.0,262.2
2020-12-09 02:44:00,0.0,0.15,0.0,4.25,0.0,4.4,9.0,0.0,9.0,0.0,255.0,0.0,264.0
2020-12-09 02:45:00,0.0,0.25,0.0,6.866666666666667,0.0,7.116666666666667,9.0,0.0,15.0,0.0,412.00000000000006,0.0,427.00000000000006
2020-12-09 02:46:00,0.0,0.35,0.0,9.483333333333334,0.0,9.833333333333334,9.0,0.0,21.0,0.0,569.0000000000001,0.0,590.0
2020-12-09 02:47:00,0.0,0.45,0.0,12.1,0.0,12.55,9.0,0.0,27.0,0.0,726.0,0.0,753.0
2020-12-09 02:48:00,0.0,0.15,0.0,4.18,0.0,4.33,9.0,0.0,9.0,0.0,250.79999999999998,0.0,259.8
2020-12-09 02:49:00,0.0,0.15,0.0,4.18,0.0,4.33,9.0,0.0,9.0,0.0,250.79999999999998,0.0,259.8
2020-12-09 02:50:00,0.0,0.15,0.0,4.15,0.0,4.3,9.0,0.0,9.0,0.0,249.00000000000003,0.0,258.0
2020-12-09 02:51:00,0.0,0.15,0.0,4.0,0.0,4.15,9.0,0.0,9.0,0.0,240.0,0.0,249.00000000000003
2020-12-09 02:52:00,0.0,0.15,0.0,3.95,0.0,4.1,9.0,0.0,9.0,0.0,237.0,0.0,245.99999999999997
2020-12-09 02:53:00,0.0,0.15,0.0,3.8,0.0,3.95,9.0,0.0,9.0,0.0,228.0,0.0,237.0
2020-12-09 02:54:00,0.0,0.15,0.0,3.78,0.0,3.93,9.0,0.0,9.0,0.0,226.79999999999998,0.0,235.8
2020-12-09 02:55:00,0.0,0.15,0.0,3.87,0.0,4.02,9.0,0.0,9.0,0.0,232.20000000000002,0.0,241.2
2020-12-09 02:56:00,0.0,0.15,0.0,3.92,0.0,4.07,9.0,0.0,9.0,0.0,235.2,0.0,244.20000000000002
2020-12-09 02:57:00,0.0,0.15,0.0,3.9,0.0,4.05,9.0,0.0,9.0,0.0,234.0,0.0,243.0
2020-12-09 02:58:00,0.0,0.15,0.0,3.75,0.0,3.9,9.0,0.0,9.0,0.0,225.0,0.0,234.0
2020-12-09 02:59:00,0.0,0.15,0.0,3.82,0.0,3.97,9.0,0.0,9.0,0.0,229.2,0.0,238.20000000000002
2020-12-09 03:00:00,0.0,0.15,0.0,4.0,0.0,4.15,9.0,0.0,9.0,0.0,240.0,0.0,249.00000000000003
2020-12-09 03:01:00,0.0,0.15,0.0,3.92,0.0,4.07,9.0,0.0,9.0,0.0,235.2,0.0,244.20000000000002
2020-12-09 03:02:00,0.0,0.15,0.0,4.02,0.0,4.17,9.0,0.0,9.0,0.0,241.2,0.0,250.2
2020-12-09 03:03:00,0.0,0.15,0.0,3.92,0.0,4.07,9.0,0.0,9.0,0.0,235.2,0.0,244.20000000000002
2020-12-09 03:04:00,0.0,0.15,0.0,3.83,0.0,3.98,9.0,0.0,9.0,0.0,229.8,0.0,238.8
2020-12-09 03:05:00,0.0,0.15,0.0,3.8,0.0,3.95,9.0,0.0,9.0,0.0,228.0,0.0,237.0
2020-12-09 03:06:00,0.0,0.15,0.0,3.78,0.0,3.93,9.0,0.0,9.0,0.0,226.79999999999998,0.0,235.8
2020-12-09 03:07:00,0.0,0.15,0.0,3.78,0.0,3.93,9.0,0.0,9.0,0.0,226.79999999999998,0.0,235.8
2020-12-09 03:08:00,0.0,0.15,0.0,3.77,0.0,3.92,9.0,0.0,9.0,0.0,226.20000000000002,0.0,235.2
2020-12-09 03:09:00,0.0,0.15,0.0,3.77,0.0,3.92,9.0,0.0,9.0,0.0,226.20000000000002,0.0,235.2
2020-12-09 03:10:00,0.0,0.15,0.0,3.78,0.0,3.93,9.0,0.0,9.0,0.0,226.79999999999998,0.0,235.8
2020-12-09 03:11:00,0.0,0.15,0.0,3.8,0.0,3.95,9.0,0.0,9.0,0.0,228.0,0.0,237.0
2020-12-09 03:12:00,0.0,0.15,0.0,3.75,0.0,3.9,9.0,0.0,9.0,0.0,225.0,0.0,234.0
2020-12-09 03:13:00,0.0,0.15,0.0,3.75,0.0,3.9,9.0,0.0,9.0,0.0,225.0,0.0,234.0
2020-12-09 03:14:00,0.0,0.15,0.0,3.8,0.0,3.95,9.0,0.0,9.0,0.0,228.0,0.0,237.0
2020-12-09 03:15:00,0.0,0.15,0.0,3.78,0.0,3.93,9.0,0.0,9.0,0.0,226.79999999999998,0.0,235.8
2020-12-09 03:16:00,0.0,0.15,0.0,3.8,0.0,3.95,9.0,0.0,9.0,0.0,228.0,0.0,237.0
2020-12-09 03:17:00,0.0,0.15,0.0,3.78,0.0,3.93,9.0,0.0,9.0,0.0,226.79999999999998,0.0,235.8
2020-12-09 03:18:00,0.0,0.15,0.0,3.8,0.0,3.95,9.0,0.0,9.0,0.0,228.0,0.0,237.0
2020-12-09 03:19:00,0.0,0.15,0.0,3.78,0.0,3.93,9.0,0.0,9.0,0.0,226.79999999999998,0.0,235.8
2020-12-09 03:20:00,0.0,0.15,0.0,3.78,0.0,3.93,9.0,0.0,9.0,0.0,226.79999999999998,0.0,235.8
2020-12-09 03:21:00,0.0,0.15,0.0,3.78,0.0,3.93,9.0,0.0,9.0,0.0,226.79999999999998,0.0,235.8
2020-12-09 03:22:00,0.0,0.15,0.0,3.77,0.0,3.92,9.0,0.0,9.0,0.0,226.20000000000002,0.0,235.2
2020-12-09 03:23:00,0.0,0.15,0.0,3.73,0.0,3.88,9.0,0.0,9.0,0.0,223.8,0.0,232.79999999999998
2020-12-09 03:24:00,0.0,0.15,0.0,3.75,0.0,3.9,9.0,0.0,9.0,0.0,225.0,0.0,234.0
2020-12-09 03:25:00,0.0,0.15,0.0,3.73,0.0,3.88,9.0,0.0,9.0,0.0,223.8,0.0,232.79999999999998
2020-12-09 03:26:00,0.0,0.15,0.0,3.73,0.0,3.88,9.0,0.0,9.0,0.0,223.8,0.0,232.79999999999998
2020-12-09 03:27:00,0.0,0.15,0.0,3.72,0.0,3.87,9.0,0.0,9.0,0.0,223.20000000000002,0.0,232.20000000000002
2020-12-09 03:28:00,0.0,0.15,0.0,3.72,0.0,3.87,9.0,0.0,9.0,0.0,223.20000000000002,0.0,232.20000000000002
2020-12-09 03:29:00,0.0,0.15,0.0,3.7,0.0,3.85,9.0,0.0,9.0,0.0,222.0,0.0,231.0
2020-12-09 03:30:00,0.0,0.15,0.0,3.72,0.0,3.87,9.0,0.0,9.0,0.0,223.20000000000002,0.0,232.20000000000002
2020-12-09 03:31:00,0.0,0.15,0.0,3.73,0.0,3.88,9.0,0.0,9.0,0.0,223.8,0.0,232.79999999999998
2020-12-09 03:32:00,0.0,0.15,0.0,3.73,0.0,3.88,9.0,0.0,9.0,0.0,223.8,0.0,232.79999999999998
2020-12-09 03:33:00,0.0,0.15,0.0,32.42,0.0,32.57,9.0,0.0,9.0,0.0,1945.2,0.0,1954.2
2020-12-09 03:34:00,0.0,0.15,0.0,37.72,0.0,37.87,9.0,0.0,9.0,0.0,2263.2,0.0,2272.2
2020-12-09 03:35:00,0.0,0.15,0.0,37.43,0.0,37.58,9.0,0.0,9.0,0.0,2245.8,0.0,2254.7999999999997
2020-12-09 03:36:00,0.0,0.15,0.0,19.37,0.0,19.52,9.0,0.0,9.0,0.0,1162.2,0.0,1171.2
2020-12-09 03:37:00,0.0,0.15,0.0,3.68,0.0,3.83,9.0,0.0,9.0,0.0,220.8,0.0,229.8
2020-12-09 03:38:00,0.0,0.15,0.0,3.68,0.0,3.83,9.0,0.0,9.0,0.0,220.8,0.0,229.8
2020-12-09 03:39:00,0.0,0.15,0.0,3.68,0.0,3.83,9.0,0.0,9.0,0.0,220.8,0.0,229.8
2020-12-09 03:40:00,0.0,0.15,0.0,3.7,0.0,3.85,9.0,0.0,9.0,0.0,222.0,0.0,231.0
2020-12-09 03:41:00,0.0,0.15,0.0,3.67,0.0,3.82,9.0,0.0,9.0,0.0,220.2,0.0,229.2
2020-12-09 03:42:00,0.0,0.15,0.0,3.65,0.0,3.8,9.0,0.0,9.0,0.0,219.0,0.0,228.0
2020-12-09 03:43:00,0.0,0.15,0.0,3.68,0.0,3.83,9.0,0.0,9.0,0.0,220.8,0.0,229.8
2020-12-09 03:44:00,0.0,0.15,0.0,3.68,0.0,3.83,9.0,0.0,9.0,0.0,220.8,0.0,229.8
2020-12-09 03:45:00,0.0,0.15,0.0,3.68,0.0,3.83,9.0,0.0,9.0,0.0,220.8,0.0,229.8
2020-12-09 03:46:00,0.0,0.15,0.0,3.68,0.0,3.83,9.0,0.0,9.0,0.0,220.8,0.0,229.8
2020-12-09 03:47:00,0.0,0.15,0.0,3.68,0.0,3.83,9.0,0.0,9.0,0.0,220.8,0.0,229.8
2020-12-09 03:48:00,0.0,0.15,0.0,3.68,0.0,3.83,9.0,0.0,9.0,0.0,220.8,0.0,229.8
2020-12-09 03:49:00,0.0,0.15,0.0,3.68,0.0,3.83,9.0,0.0,9.0,0.0,220.8,0.0,229.8
2020-12-09 03:50:00,0.0,0.15,0.0,3.7,0.0,3.85,9.0,0.0,9.0,0.0,222.0,0.0,231.0
2020-12-09 03:51:00,0.0,0.15,0.0,3.72,0.0,3.87,9.0,0.0,9.0,0.0,223.20000000000002,0.0,232.20000000000002
2020-12-09 03:52:00,0.0,0.15,0.0,3.72,0.0,3.87,9.0,0.0,9.0,0.0,223.20000000000002,0.0,232.20000000000002
2020-12-09 03:53:00,0.0,0.15,0.0,3.72,0.0,3.87,9.0,0.0,9.0,0.0,223.20000000000002,0.0,232.20000000000002
2020-12-09 03:54:00,0.0,0.15,0.0,3.72,0.0,3.87,9.0,0.0,9.0,0.0,223.20000000000002,0.0,232.20000000000002
2020-12-09 03:55:00,0.0,0.15,0.0,3.73,0.0,3.88,9.0,0.0,9.0,0.0,223.8,0.0,232.79999999999998
2020-12-09 03:56:00,0.0,0.15,0.0,3.72,0.0,3.87,9.0,0.0,9.0,0.0,223.20000000000002,0.0,232.20000000000002
2020-12-09 03:57:00,0.0,0.15,0.0,3.72,0.0,3.87,9.0,0.0,9.0,0.0,223.20000000000002,0.0,232.20000000000002
2020-12-09 03:58:00,0.0,0.15,0.0,3.72,0.0,3.87,9.0,0.0,9.0,0.0,223.20000000000002,0.0,232.20000000000002
2020-12-09 03:59:00,0.0,0.15,0.0,3.73,0.0,3.88,9.0,0.0,9.0,0.0,223.8,0.0,232.79999999999998
2020-12-09 04:00:00,0.0,0.15,0.0,3.72,0.0,3.87,9.0,0.0,9.0,0.0,223.20000000000002,0.0,232.20000000000002
2020-12-09 04:01:00,0.0,0.15,0.0,3.7,0.0,3.85,9.0,0.0,9.0,0.0,222.0,0.0,231.0
2020-12-09 04:02:00,0.0,0.15,0.0,3.7,0.0,3.85,9.0,0.0,9.0,0.0,222.0,0.0,231.0
2020-12-09 04:03:00,0.0,0.15,0.0,3.7,0.0,3.85,9.0,0.0,9.0,0.0,222.0,0.0,231.0
2020-12-09 04:04:00,0.0,0.15,0.0,3.7,0.0,3.85,9.0,0.0,9.0,0.0,222.0,0.0,231.0
2020-12-09 04:05:00,0.0,0.15,0.0,3.7,0.0,3.85,9.0,0.0,9.0,0.0,222.0,0.0,231.0
2020-12-09 04:06:00,0.0,0.15,0.0,3.72,0.0,3.87,9.0,0.0,9.0,0.0,223.20000000000002,0.0,232.20000000000002
2020-12-09 04:07:00,0.0,0.15,0.0,3.7,0.0,3.85,9.0,0.0,9.0,0.0,222.0,0.0,231.0
2020-12-09 04:08:00,0.0,0.15,0.0,3.73,0.0,3.88,9.0,0.0,9.0,0.0,223.8,0.0,232.79999999999998
2020-12-09 04:09:00,0.0,0.15,0.0,3.72,0.0,3.87,9.0,0.0,9.0,0.0,223.20000000000002,0.0,232.20000000000002
2020-12-09 04:10:00,0.0,0.15,0.0,3.7,0.0,3.85,9.0,0.0,9.0,0.0,222.0,0.0,231.0
2020-12-09 04:11:00,0.0,0.15,0.0,3.7,0.0,3.85,9.0,0.0,9.0,0.0,222.0,0.0,231.0
2020-12-09 04:12:00,0.0,0.15,0.0,3.68,0.0,3.83,9.0,0.0,9.0,0.0,220.8,0.0,229.8
2020-12-09 04:13:00,0.0,0.15,0.0,3.68,0.0,3.83,9.0,0.0,9.0,0.0,220.8,0.0,229.8
2020-12-09 04:14:00,0.0,0.15,0.0,3.68,0.0,3.83,9.0,0.0,9.0,0.0,220.8,0.0,229.8
2020-12-09 04:15:00,0.0,0.15,0.0,3.7,0.0,3.85,9.0,0.0,9.0,0.0,222.0,0.0,231.0
2020-12-09 04:16:00,0.0,0.15,0.0,3.7,0.0,3.85,9.0,0.0,9.0,0.0,222.0,0.0,231.0
2020-12-09 04:17:00,0.0,0.15,0.0,3.7,0.0,3.85,9.0,0.0,9.0,0.0,222.0,0.0,231.0
2020-12-09 04:18:00,0.0,0.15,0.0,3.7,0.0,3.85,9.0,0.0,9.0,0.0,222.0,0.0,231.0
2020-12-09 04:19:00,0.0,0.15,0.0,3.7,0.0,3.85,9.0,0.0,9.0,0.0,222.0,0.0,231.0
2020-12-09 04:20:00,0.0,0.15,0.0,3.7,0.0,3.85,9.0,0.0,9.0,0.0,222.0,0.0,231.0
2020-12-09 04:21:00,0.0,0.15,0.0,3.68,0.0,3.83,9.0,0.0,9.0,0.0,220.8,0.0,229.8
2020-12-09 04:22:00,0.0,0.15,0.0,3.7,0.0,3.85,9.0,0.0,9.0,0.0,222.0,0.0,231.0
2020-12-09 04:23:00,0.0,0.15,0.0,3.7,0.0,3.85,9.0,0.0,9.0,0.0,222.0,0.0,231.0
2020-12-09 04:24:00,0.0,0.15,0.0,3.7,0.0,3.85,9.0,0.0,9.0,0.0,222.0,0.0,231.0
2020-12-09 04:25:00,0.0,0.15,0.0,3.68,0.0,3.83,9.0,0.0,9.0,0.0,220.8,0.0,229.8
2020-12-09 04:26:00,0.0,0.15,0.0,3.7,0.0,3.85,9.0,0.0,9.0,0.0,222.0,0.0,231.0
2020-12-09 04:27:00,0.0,0.15,0.0,3.7,0.0,3.85,9.0,0.0,9.0,0.0,222.0,0.0,231.0
2020-12-09 04:28:00,0.0,0.15,0.0,3.7,0.0,3.85,9.0,0.0,9.0,0.0,222.0,0.0,231.0
2020-12-09 04:29:00,0.0,0.15,0.0,3.68,0.0,3.83,9.0,0.0,9.0,0.0,220.8,0.0,229.8
2020-12-09 04:30:00,0.0,0.15,0.0,3.68,0.0,3.83,9.0,0.0,9.0,0.0,220.8,0.0,229.8
2020-12-09 04:31:00,0.0,0.15,0.0,3.68,0.0,3.83,9.0,0.0,9.0,0.0,220.8,0.0,229.8
2020-12-09 04:32:00,0.0,0.15,0.0,3.7,0.0,3.85,9.0,0.0,9.0,0.0,222.0,0.0,231.0
2020-12-09 04:33:00,0.0,0.15,0.0,3.68,0.0,3.83,9.0,0.0,9.0,0.0,220.8,0.0,229.8
2020-12-09 04:34:00,0.0,0.15,0.0,3.68,0.0,3.83,9.0,0.0,9.0,0.0,220.8,0.0,229.8
2020-12-09 04:35:00,0.0,0.15,0.0,3.68,0.0,3.83,9.0,0.0,9.0,0.0,220.8,0.0,229.8
2020-12-09 04:36:00,0.0,0.15,0.0,3.68,0.0,3.83,9.0,0.0,9.0,0.0,220.8,0.0,229.8
2020-12-09 04:37:00,0.0,0.15,0.0,3.68,0.0,3.83,9.0,0.0,9.0,0.0,220.8,0.0,229.8
2020-12-09 04:38:00,0.0,0.15,0.0,3.68,0.0,3.83,9.0,0.0,9.0,0.0,220.8,0.0,229.8
2020-12-09 04:39:00,0.0,0.15,0.0,3.68,0.0,3.83,9.0,0.0,9.0,0.0,220.8,0.0,229.8
2020-12-09 04:40:00,0.0,0.15,0.0,3.68,0.0,3.83,9.0,0.0,9.0,0.0,220.8,0.0,229.8
2020-12-09 04:41:00,0.0,0.15,0.0,3.68,0.0,3.83,9.0,0.0,9.0,0.0,220.8,0.0,229.8
2020-12-09 04:42:00,0.0,0.15,0.0,3.67,0.0,3.82,9.0,0.0,9.0,0.0,220.2,0.0,229.2
2020-12-09 04:43:00,0.0,0.15,0.0,3.67,0.0,3.82,9.0,0.0,9.0,0.0,220.2,0.0,229.2
2020-12-09 04:44:00,0.0,0.15,0.0,3.65,0.0,3.8,9.0,0.0,9.0,0.0,219.0,0.0,228.0
2020-12-09 04:45:00,0.0,0.13,0.0,3.65,0.0,3.78,9.0,0.0,7.800000000000001,0.0,219.0,0.0,226.79999999999998
2020-12-09 04:46:00,0.0,0.15,0.0,3.65,0.0,3.8,9.0,0.0,9.0,0.0,219.0,0.0,228.0
2020-12-09 04:47:00,0.0,0.15,0.0,17.25,0.0,17.4,9.0,0.0,9.0,0.0,1035.0,0.0,1044.0
2020-12-09 04:48:00,0.0,0.15,0.0,37.5,0.0,37.65,9.0,0.0,9.0,0.0,2250.0,0.0,2259.0
2020-12-09 04:49:00,0.0,0.15,0.0,37.5,0.0,37.65,9.0,0.0,9.0,0.0,2250.0,0.0,2259.0
2020-12-09 04:50:00,0.0,0.15,0.0,37.4,0.0,37.55,9.0,0.0,9.0,0.0,2244.0,0.0,2253.0
2020-12-09 04:51:00,0.0,0.15,0.0,4.73,0.0,4.88,9.0,0.0,9.0,0.0,283.8,0.0,292.8
2020-12-09 04:52:00,0.0,0.15,0.0,3.67,0.0,3.82,9.0,0.0,9.0,0.0,220.2,0.0,229.2
2020-12-09 04:53:00,0.0,0.15,0.0,3.68,0.0,3.83,9.0,0.0,9.0,0.0,220.8,0.0,229.8
2020-12-09 04:54:00,0.0,0.15,0.0,3.65,0.0,3.8,9.0,0.0,9.0,0.0,219.0,0.0,228.0
2020-12-09 04:55:00,0.0,0.15,0.0,3.67,0.0,3.82,9.0,0.0,9.0,0.0,220.2,0.0,229.2
2020-12-09 04:56:00,0.0,0.15,0.0,3.63,0.0,3.78,9.0,0.0,9.0,0.0,217.79999999999998,0.0,226.79999999999998
2020-12-09 04:57:00,0.0,0.15,0.0,3.67,0.0,3.82,9.0,0.0,9.0,0.0,220.2,0.0,229.2
2020-12-09 04:58:00,0.0,0.15,0.0,3.67,0.0,3.82,9.0,0.0,9.0,0.0,220.2,0.0,229.2
2020-12-09 04:59:00,0.0,0.15,0.0,3.63,0.0,3.78,9.0,0.0,9.0,0.0,217.79999999999998,0.0,226.79999999999998
2020-12-09 05:00:00,0.0,0.15,0.0,3.63,0.0,3.78,9.0,0.0,9.0,0.0,217.79999999999998,0.0,226.79999999999998
2020-12-09 05:01:00,0.0,0.15,0.0,3.62,0.0,3.77,9.0,0.0,9.0,0.0,217.20000000000002,0.0,226.20000000000002
2020-12-09 05:02:00,0.0,0.15,0.0,3.63,0.0,3.78,9.0,0.0,9.0,0.0,217.79999999999998,0.0,226.79999999999998
2020-12-09 05:03:00,0.0,0.15,0.0,3.62,0.0,3.77,9.0,0.0,9.0,0.0,217.20000000000002,0.0,226.20000000000002
2020-12-09 05:04:00,0.0,0.15,0.0,3.63,0.0,3.78,9.0,0.0,9.0,0.0,217.79999999999998,0.0,226.79999999999998
2020-12-09 05:05:00,0.0,0.15,0.0,3.62,0.0,3.77,9.0,0.0,9.0,0.0,217.20000000000002,0.0,226.20000000000002
2020-12-09 05:06:00,0.0,0.15,0.0,3.6,0.0,3.75,9.0,0.0,9.0,0.0,216.0,0.0,225.0
2020-12-09 05:07:00,0.0,0.15,0.0,3.62,0.0,3.77,9.0,0.0,9.0,0.0,217.20000000000002,0.0,226.20000000000002
2020-12-09 05:08:00,0.0,0.15,0.0,3.62,0.0,3.77,9.0,0.0,9.0,0.0,217.20000000000002,0.0,226.20000000000002
2020-12-09 05:09:00,0.0,0.15,0.0,3.63,0.0,3.78,9.0,0.0,9.0,0.0,217.79999999999998,0.0,226.79999999999998
2020-12-09 05:10:00,0.0,0.15,0.0,3.63,0.0,3.78,9.0,0.0,9.0,0.0,217.79999999999998,0.0,226.79999999999998
2020-12-09 05:11:00,0.0,0.15,0.0,3.65,0.0,3.8,9.0,0.0,9.0,0.0,219.0,0.0,228.0
2020-12-09 05:12:00,0.0,0.15,0.0,3.63,0.0,3.78,9.0,0.0,9.0,0.0,217.79999999999998,0.0,226.79999999999998
2020-12-09 05:13:00,0.0,0.15,0.0,3.63,0.0,3.78,9.0,0.0,9.0,0.0,217.79999999999998,0.0,226.79999999999998
2020-12-09 05:14:00,0.0,0.15,0.0,3.63,0.0,3.78,9.0,0.0,9.0,0.0,217.79999999999998,0.0,226.79999999999998
2020-12-09 05:15:00,0.0,0.15,0.0,3.65,0.0,3.8,9.0,0.0,9.0,0.0,219.0,0.0,228.0
2020-12-09 05:16:00,0.0,0.13,0.0,3.67,0.0,3.8,9.0,0.0,7.800000000000001,0.0,220.2,0.0,228.0
2020-12-09 05:17:00,0.0,0.15,0.0,3.67,0.0,3.82,9.0,0.0,9.0,0.0,220.2,0.0,229.2
2020-12-09 05:18:00,0.0,0.15,0.0,3.68,0.0,3.83,9.0,0.0,9.0,0.0,220.8,0.0,229.8
2020-12-09 05:19:00,0.0,0.15,0.0,3.65,0.0,3.8,9.0,0.0,9.0,0.0,219.0,0.0,228.0
2020-12-09 05:20:00,0.0,0.15,0.0,3.67,0.0,3.82,9.0,0.0,9.0,0.0,220.2,0.0,229.2
2020-12-09 05:21:00,0.0,0.15,0.0,3.67,0.0,3.82,9.0,0.0,9.0,0.0,220.2,0.0,229.2
2020-12-09 05:22:00,0.0,0.15,0.0,3.67,0.0,3.82,9.0,0.0,9.0,0.0,220.2,0.0,229.2
2020-12-09 05:23:00,0.0,0.15,0.0,3.65,0.0,3.8,9.0,0.0,9.0,0.0,219.0,0.0,228.0
2020-12-09 05:24:00,0.0,0.15,0.0,3.7,0.0,3.85,9.0,0.0,9.0,0.0,222.0,0.0,231.0
2020-12-09 05:25:00,0.0,0.15,0.0,3.7,0.0,3.85,9.0,0.0,9.0,0.0,222.0,0.0,231.0
2020-12-09 05:26:00,0.0,0.15,0.0,3.68,0.0,3.83,9.0,0.0,9.0,0.0,220.8,0.0,229.8
2020-12-09 05:27:00,0.0,0.15,0.0,3.72,0.0,3.87,9.0,0.0,9.0,0.0,223.20000000000002,0.0,232.20000000000002
2020-12-09 05:28:00,0.0,0.15,0.0,3.7,0.0,3.85,9.0,0.0,9.0,0.0,222.0,0.0,231.0
2020-12-09 05:29:00,0.0,0.15,0.0,3.7,0.0,3.85,9.0,0.0,9.0,0.0,222.0,0.0,231.0
2020-12-09 05:30:00,0.0,0.15,0.0,3.68,0.0,3.83,9.0,0.0,9.0,0.0,220.8,0.0,229.8
2020-12-09 05:31:00,0.0,0.15,0.0,3.67,0.0,3.82,9.0,0.0,9.0,0.0,220.2,0.0,229.2
2020-12-09 05:32:00,0.0,0.15,0.0,3.68,0.0,3.83,9.0,0.0,9.0,0.0,220.8,0.0,229.8
2020-12-09 05:33:00,0.0,0.15,0.0,3.67,0.0,3.82,9.0,0.0,9.0,0.0,220.2,0.0,229.2
2020-12-09 05:34:00,0.0,0.15,0.0,3.67,0.0,3.82,9.0,0.0,9.0,0.0,220.2,0.0,229.2
2020-12-09 05:35:00,0.0,0.15,0.0,3.68,0.0,3.83,9.0,0.0,9.0,0.0,220.8,0.0,229.8
2020-12-09 05:36:00,0.0,0.15,0.0,3.68,0.0,3.83,9.0,0.0,9.0,0.0,220.8,0.0,229.8
2020-12-09 05:37:00,0.0,0.15,0.0,3.7,0.0,3.85,9.0,0.0,9.0,0.0,222.0,0.0,231.0
2020-12-09 05:38:00,0.0,0.15,0.0,3.7,0.0,3.85,9.0,0.0,9.0,0.0,222.0,0.0,231.0
2020-12-09 05:39:00,0.0,0.15,0.0,3.72,0.0,3.87,9.0,0.0,9.0,0.0,223.20000000000002,0.0,232.20000000000002
2020-12-09 05:40:00,0.0,0.15,0.0,3.7,0.0,3.85,9.0,0.0,9.0,0.0,222.0,0.0,231.0
2020-12-09 05:41:00,0.0,0.15,0.0,3.7,0.0,3.85,9.0,0.0,9.0,0.0,222.0,0.0,231.0
2020-12-09 05:42:00,0.0,0.15,0.0,3.72,0.0,3.87,9.0,0.0,9.0,0.0,223.20000000000002,0.0,232.20000000000002
2020-12-09 05:43:00,0.0,0.15,0.0,3.7,0.0,3.85,9.0,0.0,9.0,0.0,222.0,0.0,231.0
2020-12-09 05:44:00,0.0,0.15,0.0,3.72,0.0,3.87,9.0,0.0,9.0,0.0,223.20000000000002,0.0,232.20000000000002
2020-12-09 05:45:00,0.0,0.15,0.0,3.75,0.0,3.9,9.0,0.0,9.0,0.0,225.0,0.0,234.0
2020-12-09 05:46:00,0.0,0.15,0.0,3.72,0.0,3.87,9.0,0.0,9.0,0.0,223.20000000000002,0.0,232.20000000000002
2020-12-09 05:47:00,0.0,0.15,0.0,3.72,0.0,3.87,9.0,0.0,9.0,0.0,223.20000000000002,0.0,232.20000000000002
2020-12-09 05:48:00,0.0,0.15,0.0,3.72,0.0,3.87,9.0,0.0,9.0,0.0,223.20000000000002,0.0,232.20000000000002
2020-12-09 05:49:00,0.0,0.15,0.0,3.7,0.0,3.85,9.0,0.0,9.0,0.0,222.0,0.0,231.0
2020-12-09 05:50:00,0.0,0.15,0.0,3.72,0.0,3.87,9.0,0.0,9.0,0.0,223.20000000000002,0.0,232.20000000000002
2020-12-09 05:51:00,0.0,0.15,0.0,3.72,0.0,3.87,9.0,0.0,9.0,0.0,223.20000000000002,0.0,232.20000000000002
2020-12-09 05:52:00,0.0,0.15,0.0,3.72,0.0,3.87,9.0,0.0,9.0,0.0,223.20000000000002,0.0,232.20000000000002
2020-12-09 05:53:00,0.0,0.15,0.0,3.7,0.0,3.85,9.0,0.0,9.0,0.0,222.0,0.0,231.0
2020-12-09 05:54:00,0.0,0.15,0.0,3.7,0.0,3.85,9.0,0.0,9.0,0.0,222.0,0.0,231.0
2020-12-09 05:55:00,0.0,0.15,0.0,3.72,0.0,3.87,9.0,0.0,9.0,0.0,223.20000000000002,0.0,232.20000000000002
2020-12-09 05:56:00,0.0,0.15,0.0,3.72,0.0,3.87,9.0,0.0,9.0,0.0,223.20000000000002,0.0,232.20000000000002
2020-12-09 05:57:00,0.0,0.15,0.0,3.72,0.0,3.87,9.0,0.0,9.0,0.0,223.20000000000002,0.0,232.20000000000002
2020-12-09 05:58:00,0.0,0.15,0.0,3.72,0.0,3.87,9.0,0.0,9.0,0.0,223.20000000000002,0.0,232.20000000000002
2020-12-09 05:59:00,0.0,0.15,0.0,3.73,0.0,3.88,9.0,0.0,9.0,0.0,223.8,0.0,232.79999999999998
2020-12-09 06:00:00,0.0,0.15,0.0,3.72,0.0,3.87,9.0,0.0,9.0,0.0,223.20000000000002,0.0,232.20000000000002
2020-12-09 06:01:00,0.0,0.15,0.0,3.78,0.0,3.93,9.0,0.0,9.0,0.0,226.79999999999998,0.0,235.8
2020-12-09 06:02:00,0.0,0.15,0.0,3.85,0.0,4.0,9.0,0.0,9.0,0.0,231.0,0.0,240.0
2020-12-09 06:03:00,0.0,0.15,0.0,3.85,0.0,4.0,9.0,0.0,9.0,0.0,231.0,0.0,240.0
2020-12-09 06:04:00,0.0,0.15,0.0,3.85,0.0,4.0,9.0,0.0,9.0,0.0,231.0,0.0,240.0
2020-12-09 06:05:00,0.0,0.15,0.0,3.82,0.0,3.97,9.0,0.0,9.0,0.0,229.2,0.0,238.20000000000002
2020-12-09 06:06:00,0.0,0.15,0.0,3.82,0.0,3.97,9.0,0.0,9.0,0.0,229.2,0.0,238.20000000000002
2020-12-09 06:07:00,0.0,0.15,0.0,28.12,0.0,28.27,9.0,0.0,9.0,0.0,1687.2,0.0,1696.2
2020-12-09 06:08:00,0.0,0.15,0.0,38.43,0.0,38.58,9.0,0.0,9.0,0.0,2305.8,0.0,2314.7999999999997
2020-12-09 06:09:00,0.0,0.15,0.0,38.23,0.0,38.38,9.0,0.0,9.0,0.0,2293.7999999999997,0.0,2302.8
2020-12-09 06:10:00,0.0,0.15,0.0,7.8,0.0,7.95,9.0,0.0,9.0,0.0,468.0,0.0,477.0
2020-12-09 06:11:00,0.0,0.15,0.0,3.78,0.0,3.93,9.0,0.0,9.0,0.0,226.79999999999998,0.0,235.8
2020-12-09 06:12:00,0.0,0.15,0.0,3.82,0.0,3.97,9.0,0.0,9.0,0.0,229.2,0.0,238.20000000000002
2020-12-09 06:13:00,0.0,0.15,0.0,3.82,0.0,3.97,9.0,0.0,9.0,0.0,229.2,0.0,238.20000000000002
2020-12-09 06:14:00,0.0,0.15,0.0,3.82,0.0,3.97,9.0,0.0,9.0,0.0,229.2,0.0,238.20000000000002
2020-12-09 06:15:00,0.0,0.15,0.0,3.82,0.0,3.97,9.0,0.0,9.0,0.0,229.2,0.0,238.20000000000002
2020-12-09 06:16:00,0.0,0.15,0.0,3.83,0.0,3.98,9.0,0.0,9.0,0.0,229.8,0.0,238.8
2020-12-09 06:17:00,0.0,0.15,0.0,3.82,0.0,3.97,9.0,0.0,9.0,0.0,229.2,0.0,238.20000000000002
2020-12-09 06:18:00,0.0,0.15,0.0,3.78,0.0,3.93,9.0,0.0,9.0,0.0,226.79999999999998,0.0,235.8
2020-12-09 06:19:00,0.0,0.15,0.0,3.78,0.0,3.93,9.0,0.0,9.0,0.0,226.79999999999998,0.0,235.8
2020-12-09 06:20:00,0.0,0.15,0.0,3.83,0.0,3.98,9.0,0.0,9.0,0.0,229.8,0.0,238.8
2020-12-09 06:21:00,0.0,0.15,0.0,3.78,0.0,3.93,9.0,0.0,9.0,0.0,226.79999999999998,0.0,235.8
2020-12-09 06:22:00,0.0,0.15,0.0,3.82,0.0,3.97,9.0,0.0,9.0,0.0,229.2,0.0,238.20000000000002
2020-12-09 06:23:00,0.0,0.15,0.0,3.8,0.0,3.95,9.0,0.0,9.0,0.0,228.0,0.0,237.0
2020-12-09 06:24:00,0.0,0.15,0.0,3.85,0.0,4.0,9.0,0.0,9.0,0.0,231.0,0.0,240.0
2020-12-09 06:25:00,0.0,0.15,0.0,3.82,0.0,3.97,9.0,0.0,9.0,0.0,229.2,0.0,238.20000000000002
2020-12-09 06:26:00,0.0,0.15,0.0,3.82,0.0,3.97,9.0,0.0,9.0,0.0,229.2,0.0,238.20000000000002
2020-12-09 06:27:00,0.0,0.15,0.0,3.82,0.0,3.97,9.0,0.0,9.0,0.0,229.2,0.0,238.20000000000002
2020-12-09 06:28:00,0.0,0.15,0.0,3.83,0.0,3.98,9.0,0.0,9.0,0.0,229.8,0.0,238.8
2020-12-09 06:29:00,0.0,0.15,0.0,3.83,0.0,3.98,9.0,0.0,9.0,0.0,229.8,0.0,238.8
2020-12-09 06:30:00,0.0,0.15,0.0,3.83,0.0,3.98,9.0,0.0,9.0,0.0,229.8,0.0,238.8
2020-12-09 06:31:00,0.0,0.15,0.0,3.85,0.0,4.0,9.0,0.0,9.0,0.0,231.0,0.0,240.0
2020-12-09 06:32:00,0.0,0.15,0.0,3.83,0.0,3.98,9.0,0.0,9.0,0.0,229.8,0.0,238.8
2020-12-09 06:33:00,0.0,0.15,0.0,3.82,0.0,3.97,9.0,0.0,9.0,0.0,229.2,0.0,238.20000000000002
2020-12-09 06:34:00,0.0,0.15,0.0,3.82,0.0,3.97,9.0,0.0,9.0,0.0,229.2,0.0,238.20000000000002
2020-12-09 06:35:00,0.0,0.15,0.0,3.82,0.0,3.97,9.0,0.0,9.0,0.0,229.2,0.0,238.20000000000002
2020-12-09 06:36:00,0.0,0.15,0.0,3.8,0.0,3.95,9.0,0.0,9.0,0.0,228.0,0.0,237.0
2020-12-09 06:37:00,0.0,0.15,0.0,3.82,0.0,3.97,9.0,0.0,9.0,0.0,229.2,0.0,238.20000000000002
2020-12-09 06:38:00,0.0,0.15,0.0,3.82,0.0,3.97,9.0,0.0,9.0,0.0,229.2,0.0,238.20000000000002
2020-12-09 06:39:00,0.0,0.15,0.0,3.83,0.0,3.98,9.0,0.0,9.0,0.0,229.8,0.0,238.8
2020-12-09 06:40:00,0.0,0.15,0.0,3.83,0.0,3.98,9.0,0.0,9.0,0.0,229.8,0.0,238.8
2020-12-09 06:41:00,0.0,0.15,0.0,3.82,0.0,3.97,9.0,0.0,9.0,0.0,229.2,0.0,238.20000000000002
2020-12-09 06:42:00,0.0,0.15,0.0,3.83,0.0,3.98,9.0,0.0,9.0,0.0,229.8,0.0,238.8
2020-12-09 06:43:00,0.0,0.15,0.0,3.8,0.0,3.95,9.0,0.0,9.0,0.0,228.0,0.0,237.0
2020-12-09 06:44:00,0.0,0.15,0.0,3.8,0.0,3.95,9.0,0.0,9.0,0.0,228.0,0.0,237.0
2020-12-09 06:45:00,0.0,0.15,0.0,3.83,0.0,3.98,9.0,0.0,9.0,0.0,229.8,0.0,238.8
2020-12-09 06:46:00,0.0,0.15,0.0,3.83,0.0,3.98,9.0,0.0,9.0,0.0,229.8,0.0,238.8
2020-12-09 06:47:00,0.0,0.15,0.0,3.82,0.0,3.97,9.0,0.0,9.0,0.0,229.2,0.0,238.20000000000002
2020-12-09 06:48:00,0.0,0.15,0.0,3.82,0.0,3.97,9.0,0.0,9.0,0.0,229.2,0.0,238.20000000000002
2020-12-09 06:49:00,0.0,0.15,0.0,3.78,0.0,3.93,9.0,0.0,9.0,0.0,226.79999999999998,0.0,235.8
2020-12-09 06:50:00,0.0,0.15,0.0,3.8,0.0,3.95,9.0,0.0,9.0,0.0,228.0,0.0,237.0
2020-12-09 06:51:00,0.0,0.15,0.0,3.8,0.0,3.95,9.0,0.0,9.0,0.0,228.0,0.0,237.0
2020-12-09 06:52:00,0.0,0.15,0.0,3.78,0.0,3.93,9.0,0.0,9.0,0.0,226.79999999999998,0.0,235.8
2020-12-09 06:53:00,0.0,0.15,0.0,3.77,0.0,3.92,9.0,0.0,9.0,0.0,226.20000000000002,0.0,235.2
2020-12-09 06:54:00,0.0,0.15,0.0,3.78,0.0,3.93,9.0,0.0,9.0,0.0,226.79999999999998,0.0,235.8
2020-12-09 06:55:00,0.0,0.15,0.0,3.82,0.0,3.97,9.0,0.0,9.0,0.0,229.2,0.0,238.20000000000002
2020-12-09 06:56:00,0.0,0.15,0.0,3.82,0.0,3.97,9.0,0.0,9.0,0.0,229.2,0.0,238.20000000000002
2020-12-09 06:57:00,0.0,0.15,0.0,3.8,0.0,3.95,9.0,0.0,9.0,0.0,228.0,0.0,237.0
2020-12-09 06:58:00,0.0,0.15,0.0,3.82,0.0,3.97,9.0,0.0,9.0,0.0,229.2,0.0,238.20000000000002
2020-12-09 06:59:00,0.0,0.15,0.0,3.82,0.0,3.97,9.0,0.0,9.0,0.0,229.2,0.0,238.20000000000002
2020-12-09 07:00:00,0.0,0.15,0.0,3.8,0.0,3.95,9.0,0.0,9.0,0.0,228.0,0.0,237.0
2020-12-09 07:01:00,0.0,0.15,0.0,3.78,0.0,3.93,9.0,0.0,9.0,0.0,226.79999999999998,0.0,235.8
2020-12-09 07:02:00,0.0,0.15,0.0,3.78,0.0,3.93,9.0,0.0,9.0,0.0,226.79999999999998,0.0,235.8
2020-12-09 07:03:00,0.0,0.15,0.0,3.78,0.0,3.93,9.0,0.0,9.0,0.0,226.79999999999998,0.0,235.8
2020-12-09 07:04:00,0.0,0.15,0.0,3.77,0.0,3.92,9.0,0.0,9.0,0.0,226.20000000000002,0.0,235.2
2020-12-09 07:05:00,0.0,0.15,0.0,3.75,0.0,3.9,9.0,0.0,9.0,0.0,225.0,0.0,234.0
2020-12-09 07:06:00,0.0,0.15,0.0,3.75,0.0,3.9,9.0,0.0,9.0,0.0,225.0,0.0,234.0
2020-12-09 07:07:00,0.0,0.15,0.0,3.75,0.0,3.9,9.0,0.0,9.0,0.0,225.0,0.0,234.0
2020-12-09 07:08:00,0.0,0.15,0.0,3.75,0.0,3.9,9.0,0.0,9.0,0.0,225.0,0.0,234.0
2020-12-09 07:09:00,0.0,0.15,0.0,3.75,0.0,3.9,9.0,0.0,9.0,0.0,225.0,0.0,234.0
2020-12-09 07:10:00,0.0,0.15,0.0,3.77,0.0,3.92,9.0,0.0,9.0,0.0,226.20000000000002,0.0,235.2
2020-12-09 07:11:00,0.0,0.15,0.0,3.75,0.0,3.9,9.0,0.0,9.0,0.0,225.0,0.0,234.0
2020-12-09 07:12:00,0.0,0.15,0.0,3.75,0.0,3.9,9.0,0.0,9.0,0.0,225.0,0.0,234.0
2020-12-09 07:13:00,0.0,0.15,0.0,3.82,0.0,3.97,9.0,0.0,9.0,0.0,229.2,0.0,238.20000000000002
2020-12-09 07:14:00,0.0,0.15,0.0,3.88,0.0,4.03,9.0,0.0,9.0,0.0,232.79999999999998,0.0,241.8
2020-12-09 07:15:00,0.0,0.15,0.0,3.95,0.0,4.1,9.0,0.0,9.0,0.0,237.0,0.0,245.99999999999997
2020-12-09 07:16:00,0.0,0.15,0.0,9.55,0.0,9.7,9.0,0.0,9.0,0.0,573.0,0.0,582.0
2020-12-09 07:17:00,0.0,0.15,0.0,38.48,0.0,38.63,9.0,0.0,9.0,0.0,2308.7999999999997,0.0,2317.8
2020-12-09 07:18:00,0.0,0.15,0.0,39.03,0.0,39.18,9.0,0.0,9.0,0.0,2341.8,0.0,2350.8
2020-12-09 07:19:00,0.0,0.15,0.0,35.67,0.0,35.82,9.0,0.0,9.0,0.0,2140.2000000000003,0.0,2149.2000000000003
2020-12-09 07:20:00,0.0,0.15,0.0,5.4,0.0,5.55,9.0,0.0,9.0,0.0,324.0,0.0,333.0
2020-12-09 07:21:00,0.0,0.15,0.0,5.38,0.0,5.53,9.0,0.0,9.0,0.0,322.8,0.0,331.8
2020-12-09 07:22:00,0.0,0.15,0.0,5.38,0.0,5.53,9.0,0.0,9.0,0.0,322.8,0.0,331.8
2020-12-09 07:23:00,0.0,0.15,0.0,5.38,0.0,5.53,9.0,0.0,9.0,0.0,322.8,0.0,331.8
2020-12-09 07:24:00,0.0,0.15,0.0,5.37,0.0,5.52,9.0,0.0,9.0,0.0,322.2,0.0,331.2
2020-12-09 07:25:00,0.0,0.15,0.0,5.38,0.0,5.53,9.0,0.0,9.0,0.0,322.8,0.0,331.8
2020-12-09 07:26:00,0.0,0.15,0.0,5.35,0.0,5.5,9.0,0.0,9.0,0.0,321.0,0.0,330.0
2020-12-09 07:27:00,0.0,0.13,0.0,5.33,0.0,5.46,9.0,0.0,7.800000000000001,0.0,319.8,0.0,327.6
2020-12-09 07:28:00,0.0,0.15,0.0,5.9,0.0,6.05,9.0,0.0,9.0,0.0,354.0,0.0,363.0
2020-12-09 07:29:00,0.0,0.15,0.0,5.67,0.0,5.82,9.0,0.0,9.0,0.0,340.2,0.0,349.20000000000005
2020-12-09 07:30:00,0.0,0.15,0.0,6.0,0.0,6.15,9.0,0.0,9.0,0.0,360.0,0.0,369.0
2020-12-09 07:31:00,0.0,0.15,0.0,5.85,0.0,6.0,9.0,0.0,9.0,0.0,351.0,0.0,360.0
2020-12-09 07:32:00,0.0,0.15,0.0,5.87,0.0,6.02,9.0,0.0,9.0,0.0,352.2,0.0,361.2
2020-12-09 07:33:00,0.0,0.15,0.0,6.02,0.0,6.17,9.0,0.0,9.0,0.0,361.2,0.0,370.2
2020-12-09 07:34:00,0.0,0.13,0.0,6.02,0.0,6.15,9.0,0.0,7.800000000000001,0.0,361.2,0.0,369.0
2020-12-09 07:35:00,0.0,0.13,0.0,6.07,0.0,6.2,9.0,0.0,7.800000000000001,0.0,364.20000000000005,0.0,372.0
2020-12-09 07:36:00,0.0,0.03,0.0,6.15,0.0,6.18,9.0,0.0,1.8,0.0,369.0,0.0,370.8
2020-12-09 07:37:00,0.0,0.0,0.0,6.17,0.0,6.17,9.0,0.0,0.0,0.0,370.2,0.0,370.2
2020-12-09 07:38:00,0.0,0.0,0.0,6.15,0.0,6.15,9.0,0.0,0.0,0.0,369.0,0.0,369.0
2020-12-09 07:39:00,0.0,0.0,0.05,6.02,0.0,5.97,9.0,0.0,0.0,3.0,361.2,0.0,358.2
2020-12-09 07:40:00,0.0,0.0,0.0,6.03,0.0,6.03,9.0,0.0,0.0,0.0,361.8,0.0,361.8
2020-12-09 07:41:00,0.0,0.0,0.0,6.07,0.0,6.07,9.0,0.0,0.0,0.0,364.20000000000005,0.0,364.20000000000005
2020-12-09 07:42:00,0.0,0.0,0.0,6.03,0.0,6.03,9.0,0.0,0.0,0.0,361.8,0.0,361.8
2020-12-09 07:43:00,0.05,0.0,0.0,6.03,0.0,5.98,9.0,3.0,0.0,0.0,361.8,0.0,358.8
2020-12-09 07:44:00,0.0,0.0,0.0,6.02,0.0,6.02,9.0,0.0,0.0,0.0,361.2,0.0,361.2
2020-12-09 07:45:00,0.0,0.0,0.0,6.0,0.0,6.0,9.0,0.0,0.0,0.0,360.0,0.0,360.0
2020-12-09 07:46:00,0.03,0.0,0.0,6.0,0.0,5.97,9.0,1.8,0.0,0.0,360.0,0.0,358.2
2020-12-09 07:47:00,0.0,0.0,0.0,5.97,0.0,5.97,9.0,0.0,0.0,0.0,358.2,0.0,358.2
2020-12-09 07:48:00,0.0,0.0,0.0,5.73,0.0,5.73,9.0,0.0,0.0,0.0,343.8,0.0,343.8
2020-12-09 07:49:00,0.0,0.0,0.0,5.48,0.0,5.48,9.0,0.0,0.0,0.0,328.8,0.0,328.8
2020-12-09 07:50:00,0.0,0.0,0.0,5.4,0.0,5.4,9.0,0.0,0.0,0.0,324.0,0.0,324.0
2020-12-09 07:51:00,0.03,0.0,0.0,5.47,0.0,5.44,9.0,1.8,0.0,0.0,328.2,0.0,326.40000000000003
2020-12-09 07:52:00,0.0,0.03,0.05,5.47,0.0,5.45,9.0,0.0,1.8,3.0,328.2,0.0,327.0
2020-12-09 07:53:00,0.0,0.0,0.0,5.52,0.0,5.52,9.0,0.0,0.0,0.0,331.2,0.0,331.2
2020-12-09 07:54:00,0.03,0.0,0.0,5.27,0.0,5.24,9.0,1.8,0.0,0.0,316.2,0.0,314.40000000000003
2020-12-09 07:55:00,0.0,0.12,0.0,5.27,0.0,5.39,9.0,0.0,7.2,0.0,316.2,0.0,323.4
2020-12-09 07:56:00,0.03,0.0,0.0,5.47,0.0,5.44,9.0,1.8,0.0,0.0,328.2,0.0,326.40000000000003
2020-12-09 07:57:00,0.0,0.0,0.0,5.33,0.0,5.33,9.0,0.0,0.0,0.0,319.8,0.0,319.8
2020-12-09 07:58:00,0.05,0.0,0.0,5.38,0.0,5.33,9.0,3.0,0.0,0.0,322.8,0.0,319.8
2020-12-09 07:59:00,0.0,0.03,0.0,5.22,0.0,5.25,9.0,0.0,1.8,0.0,313.2,0.0,315.0
2020-12-09 08:00:00,0.0,0.07,0.0,5.42,0.0,5.49,9.0,0.0,4.2,0.0,325.2,0.0,329.40000000000003
2020-12-09 08:01:00,0.0,0.05,0.0,5.32,0.0,5.37,9.0,0.0,3.0,0.0,319.20000000000005,0.0,322.2
2020-12-09 08:02:00,0.0,0.2,0.0,5.38,0.0,5.58,9.0,0.0,12.0,0.0,322.8,0.0,334.8
2020-12-09 08:03:00,0.0,0.22,0.0,5.38,0.0,5.6,9.0,0.0,13.200000000000001,0.0,322.8,0.0,336.0
2020-12-09 08:04:00,0.0,0.15,0.0,5.43,0.0,5.58,9.0,0.0,9.0,0.0,325.8,0.0,334.8
2020-12-09 08:05:00,0.0,0.15,0.0,5.35,0.0,5.5,9.0,0.0,9.0,0.0,321.0,0.0,330.0
2020-12-09 08:06:00,0.0,0.13,0.0,5.42,0.0,5.55,9.0,0.0,7.800000000000001,0.0,325.2,0.0,333.0
2020-12-09 08:07:00,0.0,0.13,0.0,5.43,0.0,5.56,9.0,0.0,7.800000000000001,0.0,325.8,0.0,333.59999999999997
2020-12-09 08:08:00,0.0,0.07,0.0,5.4,0.0,5.47,9.0,0.0,4.2,0.0,324.0,0.0,328.2
2020-12-09 08:09:00,0.0,0.05,0.0,5.33,0.0,5.38,9.0,0.0,3.0,0.0,319.8,0.0,322.8
2020-12-09 08:10:00,0.0,0.0,0.0,5.37,0.0,5.37,9.0,0.0,0.0,0.0,322.2,0.0,322.2
2020-12-09 08:11:00,0.0,0.0,0.0,5.37,0.0,5.37,9.0,0.0,0.0,0.0,322.2,0.0,322.2
2020-12-09 08:12:00,0.0,0.05,0.03,5.3,0.0,5.32,9.0,0.0,3.0,1.8,318.0,0.0,319.20000000000005
2020-12-09 08:13:00,0.0,0.0,0.03,5.35,0.0,5.32,9.0,0.0,0.0,1.8,321.0,0.0,319.20000000000005
2020-12-09 08:14:00,0.0,0.0,0.05,5.47,0.0,5.42,9.0,0.0,0.0,3.0,328.2,0.0,325.2
2020-12-09 08:15:00,0.0,0.0,0.05,5.33,0.0,5.28,9.0,0.0,0.0,3.0,319.8,0.0,316.8
2020-12-09 08:16:00,0.0,0.0,0.03,5.38,0.0,5.35,9.0,0.0,0.0,1.8,322.8,0.0,321.0
2020-12-09 08:17:00,0.0,0.08,0.0,5.23,0.0,5.31,9.0,0.0,4.8,0.0,313.8,0.0,318.59999999999997
2020-12-09 08:18:00,0.0,0.0,0.03,5.4,0.0,5.37,9.0,0.0,0.0,1.8,324.0,0.0,322.2
2020-12-09 08:19:00,0.0,0.0,0.05,5.37,0.0,5.32,9.0,0.0,0.0,3.0,322.2,0.0,319.20000000000005
2020-12-09 08:20:00,0.0,0.0,0.1,5.4,0.0,5.3,9.0,0.0,0.0,6.0,324.0,0.0,318.0
2020-12-09 08:21:00,0.0,0.0,0.13,5.45,0.0,5.32,9.0,0.0,0.0,7.800000000000001,327.0,0.0,319.20000000000005
2020-12-09 08:22:00,0.0,0.0,0.17,5.43,0.0,5.26,9.0,0.0,0.0,10.200000000000001,325.8,0.0,315.59999999999997
2020-12-09 08:23:00,0.0,0.0,0.2,5.38,0.0,5.18,9.0,0.0,0.0,12.0,322.8,0.0,310.8
2020-12-09 08:24:00,0.0,0.0,0.3,5.38,0.0,5.08,9.0,0.0,0.0,18.0,322.8,0.0,304.8
2020-12-09 08:25:00,0.0,0.0,0.42,5.33,0.0,4.91,9.0,0.0,0.0,25.2,319.8,0.0,294.6
2020-12-09 08:26:00,0.03,0.0,0.52,5.38,0.0,4.83,9.0,1.8,0.0,31.200000000000003,322.8,0.0,289.8
2020-12-09 08:27:00,0.0,0.0,0.45,5.33,0.0,4.88,9.0,0.0,0.0,27.0,319.8,0.0,292.8
2020-12-09 08:28:00,0.0,0.03,0.3,5.32,0.0,5.05,9.0,0.0,1.8,18.0,319.20000000000005,0.0,303.0
2020-12-09 08:29:00,0.0,0.0,0.2,5.43,0.0,5.23,9.0,0.0,0.0,12.0,325.8,0.0,313.8
2020-12-09 08:30:00,0.0,0.0,0.13,5.4,0.0,5.27,9.0,0.0,0.0,7.800000000000001,324.0,0.0,316.2
2020-12-09 08:31:00,0.0,0.0,0.15,8.77,0.0,8.62,9.0,0.0,0.0,9.0,526.1999999999999,0.0,517.1999999999999
2020-12-09 08:32:00,0.0,0.0,0.18,39.03,0.0,38.85,9.0,0.0,0.0,10.799999999999999,2341.8,0.0,2331.0
2020-12-09 08:33:00,0.0,0.0,0.25,39.07,0.0,38.82,9.0,0.0,0.0,15.0,2344.2000000000003,0.0,2329.2000000000003
2020-12-09 08:34:00,0.0,0.0,0.37,38.92,0.0,38.55,9.0,0.0,0.0,22.2,2335.2000000000003,0.0,2313.0
2020-12-09 08:35:00,0.03,0.0,0.45,14.73,0.0,14.25,9.0,1.8,0.0,27.0,883.8000000000001,0.0,855.0
2020-12-09 08:36:00,0.0,0.0,0.6,5.35,0.0,4.75,9.0,0.0,0.0,36.0,321.0,0.0,285.0
2020-12-09 08:37:00,0.03,0.0,0.65,5.47,0.0,4.79,9.0,1.8,0.0,39.0,328.2,0.0,287.40000000000003
2020-12-09 08:38:00,0.0,0.0,0.65,5.37,0.0,4.72,9.0,0.0,0.0,39.0,322.2,0.0,283.2
2020-12-09 08:39:00,0.0,0.0,0.78,5.43,0.0,4.65,9.0,0.0,0.0,46.800000000000004,325.8,0.0,279.0
2020-12-09 08:40:00,0.0,0.0,0.78,5.42,0.0,4.64,9.0,0.0,0.0,46.800000000000004,325.2,0.0,278.4
2020-12-09 08:41:00,0.0,0.0,0.77,5.33,0.0,4.56,9.0,0.0,0.0,46.2,319.8,0.0,273.59999999999997
2020-12-09 08:42:00,0.0,0.0,0.72,5.4,0.0,4.68,9.0,0.0,0.0,43.199999999999996,324.0,0.0,280.8
2020-12-09 08:43:00,0.03,0.0,0.58,5.3,0.0,4.69,9.0,1.8,0.0,34.8,318.0,0.0,281.40000000000003
2020-12-09 08:44:00,0.0,0.0,0.6,5.38,0.0,4.78,9.0,0.0,0.0,36.0,322.8,0.0,286.8
2020-12-09 08:45:00,0.0,0.03,0.53,5.35,0.0,4.85,9.0,0.0,1.8,31.8,321.0,0.0,291.0
2020-12-09 08:46:00,0.0,0.0,0.57,5.4,0.0,4.83,9.0,0.0,0.0,34.199999999999996,324.0,0.0,289.8
2020-12-09 08:47:00,0.0,0.0,0.55,5.45,0.0,4.9,9.0,0.0,0.0,33.0,327.0,0.0,294.0
2020-12-09 08:48:00,0.0,0.0,0.5,5.4,0.0,4.9,9.0,0.0,0.0,30.0,324.0,0.0,294.0
2020-12-09 08:49:00,0.0,0.0,0.58,5.37,0.0,4.79,9.0,0.0,0.0,34.8,322.2,0.0,287.40000000000003
2020-12-09 08:50:00,0.0,0.0,0.67,5.38,0.0,4.71,9.0,0.0,0.0,40.2,322.8,0.0,282.6
2020-12-09 08:51:00,0.0,0.0,0.83,5.38,0.0,4.55,9.0,0.0,0.0,49.8,322.8,0.0,273.0
2020-12-09 08:52:00,0.0,0.0,1.13,5.4,0.0,4.27,9.0,0.0,0.0,67.8,324.0,0.0,256.2
2020-12-09 08:53:00,0.0,0.0,1.32,5.37,0.0,4.05,9.0,0.0,0.0,79.2,322.2,0.0,243.0
2020-12-09 08:54:00,0.0,0.0,1.38,5.43,0.0,4.05,8.0,0.0,0.0,82.8,325.8,0.0,243.0
2020-12-09 08:55:00,0.0,0.0,1.38,5.33,0.0,3.95,8.0,0.0,0.0,82.8,319.8,0.0,237.0
2020-12-09 08:56:00,0.0,0.0,1.72,5.3,0.0,3.58,8.0,0.0,0.0,103.2,318.0,0.0,214.8
2020-12-09 08:57:00,0.0,0.0,1.83,5.37,0.0,3.54,8.0,0.0,0.0,109.80000000000001,322.2,0.0,212.4
2020-12-09 08:58:00,0.0,0.0,1.75,5.47,0.0,3.72,8.0,0.0,0.0,105.0,328.2,0.0,223.20000000000002
2020-12-09 08:59:00,0.03,0.0,1.72,5.42,0.0,3.67,8.0,1.8,0.0,103.2,325.2,0.0,220.2
2020-12-09 09:00:00,0.0,0.0,1.53,5.4,0.0,3.87,8.0,0.0,0.0,91.8,324.0,0.0,232.20000000000002
2020-12-09 09:01:00,0.0,0.0,1.43,5.33,0.0,3.9,8.0,0.0,0.0,85.8,319.8,0.0,234.0
2020-12-09 09:02:00,0.0,0.0,1.47,5.92,0.0,4.45,8.0,0.0,0.0,88.2,355.2,0.0,267.0
2020-12-09 09:03:00,0.0,0.0,1.6,5.95,0.0,4.35,8.0,0.0,0.0,96.0,357.0,0.0,261.0
2020-12-09 09:04:00,0.0,0.0,1.55,6.02,0.0,4.47,8.0,0.0,0.0,93.0,361.2,0.0,268.2
2020-12-09 09:05:00,0.0,0.0,1.6,5.97,0.0,4.37,8.0,0.0,0.0,96.0,358.2,0.0,262.2
2020-12-09 09:06:00,0.0,0.0,1.92,6.05,0.0,4.13,8.0,0.0,0.0,115.2,363.0,0.0,247.79999999999998
2020-12-09 09:07:00,0.0,0.0,2.12,6.12,0.0,4.0,8.0,0.0,0.0,127.2,367.2,0.0,240.0
2020-12-09 09:08:00,0.0,0.0,2.15,6.08,0.0,3.93,8.0,0.0,0.0,129.0,364.8,0.0,235.8
2020-12-09 09:09:00,0.0,0.0,2.0,6.15,0.0,4.15,8.0,0.0,0.0,120.0,369.0,0.0,249.00000000000003
2020-12-09 09:10:00,0.0,0.0,1.93,6.17,0.0,4.24,8.0,0.0,0.0,115.8,370.2,0.0,254.4
2020-12-09 09:11:00,0.0,0.0,2.02,6.17,0.0,4.15,8.0,0.0,0.0,121.2,370.2,0.0,249.00000000000003
2020-12-09 09:12:00,0.0,0.0,2.07,6.15,0.0,4.08,8.0,0.0,0.0,124.19999999999999,369.0,0.0,244.8
2020-12-09 09:13:00,0.0,0.0,1.85,6.22,0.0,4.37,8.0,0.0,0.0,111.0,373.2,0.0,262.2
2020-12-09 09:14:00,0.0,0.0,1.83,6.15,0.0,4.32,8.0,0.0,0.0,109.80000000000001,369.0,0.0,259.20000000000005
2020-12-09 09:15:00,0.0,0.03,1.57,6.12,0.0,4.58,8.0,0.0,1.8,94.2,367.2,0.0,274.8
2020-12-09 09:16:00,0.0,0.0,1.47,6.18,0.0,4.71,8.0,0.0,0.0,88.2,370.8,0.0,282.6
2020-12-09 09:17:00,0.0,0.0,1.33,6.17,0.0,4.84,8.0,0.0,0.0,79.80000000000001,370.2,0.0,290.4
2020-12-09 09:18:00,0.0,0.0,1.2,6.15,0.0,4.95,8.0,0.0,0.0,72.0,369.0,0.0,297.0
2020-12-09 09:19:00,0.0,0.0,1.08,6.5,0.0,5.42,8.0,0.0,0.0,64.80000000000001,390.0,0.0,325.2
2020-12-09 09:20:00,0.0,0.0,1.03,6.4,0.0,5.37,8.0,0.0,0.0,61.800000000000004,384.0,0.0,322.2
2020-12-09 09:21:00,0.0,0.0,0.98,6.38,0.0,5.4,8.0,0.0,0.0,58.8,382.8,0.0,324.0
2020-12-09 09:22:00,0.0,0.0,0.98,6.35,0.0,5.37,8.0,0.0,0.0,58.8,381.0,0.0,322.2
2020-12-09 09:23:00,0.0,0.0,1.08,6.4,0.0,5.32,8.0,0.0,0.0,64.80000000000001,384.0,0.0,319.20000000000005
2020-12-09 09:24:00,0.0,0.0,1.05,6.35,0.0,5.3,8.0,0.0,0.0,63.0,381.0,0.0,318.0
2020-12-09 09:25:00,0.0,0.0,0.77,6.17,0.0,5.4,8.0,0.0,0.0,46.2,370.2,0.0,324.0
2020-12-09 09:26:00,0.0,0.0,0.83,6.28,0.0,5.45,8.0,0.0,0.0,49.8,376.8,0.0,327.0
2020-12-09 09:27:00,0.0,0.0,1.1,6.23,0.0,5.13,8.0,0.0,0.0,66.0,373.8,0.0,307.8
2020-12-09 09:28:00,0.0,0.0,1.57,6.52,0.0,4.95,8.0,0.0,0.0,94.2,391.2,0.0,297.0
2020-12-09 09:29:00,0.0,0.0,1.83,6.65,0.0,4.82,8.0,0.0,0.0,109.80000000000001,399.0,0.0,289.20000000000005
2020-12-09 09:30:00,0.0,0.0,1.8,6.68,0.0,4.88,8.0,0.0,0.0,108.0,400.8,0.0,292.8
2020-12-09 09:31:00,0.0,0.0,1.62,6.58,0.0,4.96,8.0,0.0,0.0,97.2,394.8,0.0,297.6
2020-12-09 09:32:00,0.0,0.0,1.8,6.63,0.0,4.83,8.0,0.0,0.0,108.0,397.8,0.0,289.8
2020-12-09 09:33:00,0.0,0.0,1.78,6.67,0.0,4.89,8.0,0.0,0.0,106.8,400.2,0.0,293.4
2020-12-09 09:34:00,0.0,0.0,1.68,6.63,0.0,4.95,8.0,0.0,0.0,100.8,397.8,0.0,297.0
2020-12-09 09:35:00,0.0,0.0,1.6,6.58,0.0,4.98,8.0,0.0,0.0,96.0,394.8,0.0,298.8
2020-12-09 09:36:00,0.0,0.0,1.72,5.17,0.0,3.45,8.0,0.0,0.0,103.2,310.2,0.0,207.0
2020-12-09 09:37:00,0.0,0.0,1.68,4.93,0.0,3.25,8.0,0.0,0.0,100.8,295.8,0.0,195.0
2020-12-09 09:38:00,0.0,0.0,1.7,4.93,0.0,3.23,8.0,0.0,0.0,102.0,295.8,0.0,193.8
2020-12-09 09:39:00,0.0,0.03,1.58,4.98,0.0,3.43,8.0,0.0,1.8,94.80000000000001,298.8,0.0,205.8
2020-12-09 09:40:00,0.0,0.03,1.53,5.03,0.0,3.53,8.0,0.0,1.8,91.8,301.8,0.0,211.79999999999998
2020-12-09 09:41:00,0.0,0.0,1.62,5.02,0.0,3.4,8.0,0.0,0.0,97.2,301.2,0.0,204.0
2020-12-09 09:42:00,0.0,0.0,1.57,5.05,0.0,3.48,8.0,0.0,0.0,94.2,303.0,0.0,208.8
2020-12-09 09:43:00,0.0,0.0,1.55,5.12,0.0,3.57,8.0,0.0,0.0,93.0,307.2,0.0,214.2
2020-12-09 09:44:00,0.0,0.0,1.5,14.48,0.0,12.98,8.0,0.0,0.0,90.0,868.8000000000001,0.0,778.8000000000001
2020-12-09 09:45:00,0.0,0.0,1.53,37.95,0.0,36.42,8.0,0.0,0.0,91.8,2277.0,0.0,2185.2000000000003
2020-12-09 09:46:00,0.0,0.0,1.63,37.98,0.0,36.35,8.0,0.0,0.0,97.8,2278.7999999999997,0.0,2181.0
2020-12-09 09:47:00,0.0,0.0,1.7,28.63,0.0,26.93,8.0,0.0,0.0,102.0,1717.8,0.0,1615.8
2020-12-09 09:48:00,0.0,0.0,1.85,4.83,0.0,2.98,8.0,0.0,0.0,111.0,289.8,0.0,178.8
2020-12-09 09:49:00,0.0,0.05,2.15,7.6,0.0,5.5,8.0,0.0,3.0,129.0,456.0,0.0,330.0
2020-12-09 09:50:00,0.0,0.0,2.55,38.27,0.0,35.72,8.0,0.0,0.0,153.0,2296.2000000000003,0.0,2143.2
2020-12-09 09:51:00,0.0,0.0,2.85,38.35,0.0,35.5,8.0,0.0,0.0,171.0,2301.0,0.0,2130.0
2020-12-09 09:52:00,0.0,0.0,2.77,38.1,0.0,35.33,8.0,0.0,0.0,166.20000000000002,2286.0,0.0,2119.7999999999997
2020-12-09 09:53:00,0.0,0.0,2.57,9.72,0.0,7.15,8.0,0.0,0.0,154.2,583.2,0.0,429.0
2020-12-09 09:54:00,0.0,0.0,2.58,4.82,0.0,2.24,8.0,0.0,0.0,154.8,289.20000000000005,0.0,134.4
2020-12-09 09:55:00,0.0,0.03,2.7,4.83,0.0,2.16,8.0,0.0,1.8,162.0,289.8,0.0,129.60000000000002
2020-12-09 09:56:00,0.0,0.03,2.87,4.85,0.0,2.01,8.0,0.0,1.8,172.20000000000002,291.0,0.0,120.6
2020-12-09 09:57:00,0.0,0.0,3.33,4.85,0.0,1.52,8.0,0.0,0.0,199.8,291.0,0.0,91.2
2020-12-09 09:58:00,0.0,0.0,3.47,4.85,0.0,1.38,8.0,0.0,0.0,208.20000000000002,291.0,0.0,82.8
2020-12-09 09:59:00,0.0,0.0,3.35,4.87,0.0,1.52,8.0,0.0,0.0,201.0,292.2,0.0,91.2
2020-12-09 10:00:00,0.0,0.0,3.12,4.8,0.0,1.68,8.0,0.0,0.0,187.20000000000002,288.0,0.0,100.8
2020-12-09 10:01:00,0.0,0.03,3.02,5.38,0.0,2.39,8.0,0.0,1.8,181.20000000000002,322.8,0.0,143.4
2020-12-09 10:02:00,0.0,0.0,3.57,5.58,0.0,2.01,8.0,0.0,0.0,214.2,334.8,0.0,120.6
2020-12-09 10:03:00,0.0,0.0,3.67,5.57,0.0,1.9,8.0,0.0,0.0,220.2,334.20000000000005,0.0,114.0
2020-12-09 10:04:00,0.0,0.0,3.28,5.55,0.0,2.27,8.0,0.0,0.0,196.79999999999998,333.0,0.0,136.20000000000002
2020-12-09 10:05:00,0.0,0.0,3.22,5.55,0.0,2.33,8.0,0.0,0.0,193.20000000000002,333.0,0.0,139.8
2020-12-09 10:06:00,0.0,0.0,3.75,5.53,0.0,1.78,8.0,0.0,0.0,225.0,331.8,0.0,106.8
2020-12-09 10:07:00,0.0,0.0,3.43,5.58,0.0,2.15,8.0,0.0,0.0,205.8,334.8,0.0,129.0
2020-12-09 10:08:00,0.0,0.0,3.82,5.6,0.0,1.78,8.0,0.0,0.0,229.2,336.0,0.0,106.8
2020-12-09 10:09:00,0.0,0.0,3.32,5.62,0.0,2.3,8.0,0.0,0.0,199.2,337.2,0.0,138.0
2020-12-09 10:10:00,0.0,0.0,3.57,5.65,0.0,2.08,8.0,0.0,0.0,214.2,339.0,0.0,124.80000000000001
2020-12-09 10:11:00,0.0,0.03,3.75,5.67,0.0,1.95,8.0,0.0,1.8,225.0,340.2,0.0,117.0
2020-12-09 10:12:00,0.0,0.03,3.72,5.63,0.0,1.94,8.0,0.0,1.8,223.20000000000002,337.8,0.0,116.39999999999999
2020-12-09 10:13:00,0.0,0.0,3.82,5.63,0.0,1.81,8.0,0.0,0.0,229.2,337.8,0.0,108.60000000000001
2020-12-09 10:14:00,0.0,0.0,3.85,5.62,0.0,1.77,8.0,0.0,0.0,231.0,337.2,0.0,106.2
2020-12-09 10:15:00,0.0,0.0,3.92,5.63,0.0,1.71,8.0,0.0,0.0,235.2,337.8,0.0,102.6
2020-12-09 10:16:00,0.0,0.0,3.22,5.6,0.0,2.38,8.0,0.0,0.0,193.20000000000002,336.0,0.0,142.79999999999998
2020-12-09 10:17:00,0.0,0.0,2.62,30.2,0.0,27.58,8.0,0.0,0.0,157.20000000000002,1812.0,0.0,1654.8
2020-12-09 10:18:00,0.0,0.0,2.47,39.97,0.0,37.5,8.0,0.0,0.0,148.20000000000002,2398.2,0.0,2250.0
2020-12-09 10:19:00,0.0,0.0,2.65,39.73,0.0,37.08,8.0,0.0,0.0,159.0,2383.7999999999997,0.0,2224.7999999999997
2020-12-09 10:20:00,0.0,0.0,3.07,39.73,0.0,36.66,8.0,0.0,0.0,184.2,2383.7999999999997,0.0,2199.6
2020-12-09 10:21:00,0.0,0.0,3.6,36.62,0.0,33.02,8.0,0.0,0.0,216.0,2197.2,0.0,1981.2000000000003
2020-12-09 10:22:00,0.0,0.0,3.53,5.92,0.0,2.39,8.0,0.0,0.0,211.79999999999998,355.2,0.0,143.4
2020-12-09 10:23:00,0.0,0.0,4.22,5.95,0.0,1.73,8.0,0.0,0.0,253.2,357.0,0.0,103.8
2020-12-09 10:24:00,0.0,0.0,3.98,5.92,0.0,1.94,8.0,0.0,0.0,238.8,355.2,0.0,116.39999999999999
2020-12-09 10:25:00,0.0,0.0,4.67,5.95,0.0,1.28,8.0,0.0,0.0,280.2,357.0,0.0,76.8
2020-12-09 10:26:00,0.0,0.0,4.83,6.68,0.0,1.85,8.0,0.0,0.0,289.8,400.8,0.0,111.0
2020-12-09 10:27:00,0.0,0.0,4.47,7.48,0.0,3.01,8.0,0.0,0.0,268.2,448.8,0.0,180.6
2020-12-09 10:28:00,0.0,0.0,3.32,6.32,0.0,3.0,8.0,0.0,0.0,199.2,379.20000000000005,0.0,180.0
2020-12-09 10:29:00,0.0,0.07,3.6,5.15,0.0,1.62,8.0,0.0,4.2,216.0,309.0,0.0,97.2
2020-12-09 10:30:00,0.0,0.0,4.23,4.93,0.0,0.7,8.0,0.0,0.0,253.80000000000004,295.8,0.0,42.0
2020-12-09 10:31:00,0.0,0.0,4.12,4.77,0.0,0.65,8.0,0.0,0.0,247.20000000000002,286.2,0.0,39.0
2020-12-09 10:32:00,0.0,0.0,4.28,4.83,0.0,0.55,8.0,0.0,0.0,256.8,289.8,0.0,33.0
2020-12-09 10:33:00,0.0,0.03,4.32,5.12,0.0,0.83,8.0,0.0,1.8,259.20000000000005,307.2,0.0,49.8
2020-12-09 10:34:00,0.0,1.73,4.8,4.93,0.0,1.86,8.0,0.0,103.8,288.0,295.8,0.0,111.60000000000001
2020-12-09 10:35:00,0.0,5.83,5.82,4.48,0.0,4.49,8.0,0.0,349.8,349.20000000000005,268.8,0.0,269.40000000000003
2020-12-09 10:36:00,0.0,5.95,5.98,4.5,0.0,4.47,8.0,0.0,357.0,358.8,270.0,0.0,268.2
2020-12-09 10:37:00,0.0,6.45,6.42,4.53,0.0,4.56,8.0,0.0,387.0,385.2,271.8,0.0,273.59999999999997
2020-12-09 10:38:00,0.0,6.93,6.88,4.52,0.0,4.57,8.0,0.0,415.8,412.8,271.2,0.0,274.20000000000005
2020-12-09 10:39:00,0.0,7.27,7.25,4.48,0.0,4.5,8.0,0.0,436.2,435.0,268.8,0.0,270.0
2020-12-09 10:40:00,0.0,6.82,6.82,4.48,0.0,4.48,8.0,0.0,409.20000000000005,409.20000000000005,268.8,0.0,268.8
2020-12-09 10:41:00,0.0,6.52,6.52,4.47,0.0,4.47,8.0,0.0,391.2,391.2,268.2,0.0,268.2
2020-12-09 10:42:00,0.0,6.43,6.43,4.47,0.0,4.47,8.0,0.0,385.8,385.8,268.2,0.0,268.2
2020-12-09 10:43:00,0.0,6.37,6.37,4.45,0.0,4.45,8.0,0.0,382.2,382.2,267.0,0.0,267.0
2020-12-09 10:44:00,0.0,6.3,6.3,4.48,0.0,4.48,8.0,0.0,378.0,378.0,268.8,0.0,268.8
2020-12-09 10:45:00,0.0,5.05,6.03,12.87,0.0,11.89,9.0,0.0,303.0,361.8,772.1999999999999,0.0,713.4000000000001
2020-12-09 10:46:00,0.0,0.0,5.58,37.98,0.0,32.4,9.0,0.0,0.0,334.8,2278.7999999999997,0.0,1944.0
2020-12-09 10:47:00,0.0,0.0,5.8,40.75,0.0,34.95,9.0,0.0,0.0,348.0,2445.0,0.0,2097.0
2020-12-09 10:48:00,0.0,0.03,6.03,43.65,0.0,37.65,9.0,0.0,1.8,361.8,2619.0,0.0,2259.0
2020-12-09 10:49:00,0.0,0.0,6.27,43.8,0.0,37.53,9.0,0.0,0.0,376.2,2628.0,0.0,2251.8
2020-12-09 10:50:00,0.0,0.0,6.25,44.45,0.0,38.2,9.0,0.0,0.0,375.0,2667.0,0.0,2292.0
2020-12-09 10:51:00,0.0,0.0,6.27,72.98,0.0,66.71,9.0,0.0,0.0,376.2,4378.8,0.0,4002.5999999999995
2020-12-09 10:52:00,0.0,0.03,6.23,73.03,0.0,66.83,9.0,0.0,1.8,373.8,4381.8,0.0,4009.7999999999997
2020-12-09 10:53:00,0.0,0.03,6.33,73.67,0.0,67.37,9.0,0.0,1.8,379.8,4420.2,0.0,4042.2000000000003
2020-12-09 10:54:00,0.0,0.03,6.42,43.95,0.0,37.56,9.0,0.0,1.8,385.2,2637.0,0.0,2253.6000000000004
2020-12-09 10:55:00,0.0,0.0,6.48,40.18,0.0,33.7,9.0,0.0,0.0,388.8,2410.8,0.0,2022.0000000000002
2020-12-09 10:56:00,0.0,0.0,6.6,50.82,0.0,44.22,9.0,0.0,0.0,396.0,3049.2000000000003,0.0,2653.2
2020-12-09 10:57:00,0.0,0.0,6.85,51.6,0.0,44.75,9.0,0.0,0.0,411.0,3096.0,0.0,2685.0
2020-12-09 10:58:00,0.0,0.05,6.82,50.4,0.0,43.63,9.0,0.0,3.0,409.20000000000005,3024.0,0.0,2617.8
2020-12-09 10:59:00,0.0,0.0,6.62,27.08,0.0,20.46,9.0,0.0,0.0,397.2,1624.8,0.0,1227.6000000000001
2020-12-09 11:00:00,0.0,0.0,7.37,16.97,0.0,9.6,9.0,0.0,0.0,442.2,1018.1999999999999,0.0,576.0
2020-12-09 11:01:00,0.0,0.03,7.55,41.55,0.0,34.03,9.0,0.0,1.8,453.0,2493.0,0.0,2041.8000000000002
2020-12-09 11:02:00,0.0,0.03,7.62,50.52,0.0,42.93,9.0,0.0,1.8,457.2,3031.2000000000003,0.0,2575.8
2020-12-09 11:03:00,0.0,0.0,7.83,46.13,0.0,38.3,9.0,0.0,0.0,469.8,2767.8,0.0,2298.0
2020-12-09 11:04:00,0.0,0.0,7.78,39.55,0.0,31.77,9.0,0.0,0.0,466.8,2373.0,0.0,1906.2
2020-12-09 11:05:00,0.0,0.0,7.87,39.33,0.0,31.46,9.0,0.0,0.0,472.2,2359.7999999999997,0.0,1887.6000000000001
2020-12-09 11:06:00,0.0,0.0,7.95,39.03,0.0,31.08,9.0,0.0,0.0,477.0,2341.8,0.0,1864.8
2020-12-09 11:07:00,0.0,0.03,8.15,39.75,0.0,31.63,9.0,0.0,1.8,489.0,2385.0,0.0,1897.8
2020-12-09 11:08:00,0.0,0.03,8.25,40.12,0.0,31.9,9.0,0.0,1.8,495.0,2407.2,0.0,1914.0
2020-12-09 11:09:00,0.0,0.0,8.35,39.85,0.0,31.5,9.0,0.0,0.0,501.0,2391.0,0.0,1890.0
2020-12-09 11:10:00,0.0,0.03,8.55,39.73,0.0,31.21,9.0,0.0,1.8,513.0,2383.7999999999997,0.0,1872.6000000000001
2020-12-09 11:11:00,0.0,0.0,8.75,39.83,0.0,31.08,9.0,0.0,0.0,525.0,2389.7999999999997,0.0,1864.8
2020-12-09 11:12:00,0.0,9.33,9.57,5.73,0.0,5.49,9.0,0.0,559.8000000000001,574.2,343.8,0.0,329.40000000000003
2020-12-09 11:13:00,0.0,9.13,10.08,11.87,0.0,10.92,9.0,0.0,547.8000000000001,604.8000000000001,712.1999999999999,0.0,655.2
2020-12-09 11:14:00,0.0,0.03,9.7,40.43,0.0,30.76,9.0,0.0,1.8,582.0,2425.8,0.0,1845.6000000000001
2020-12-09 11:15:00,0.0,7.23,10.25,15.27,0.0,12.25,9.0,0.0,433.8,615.0,916.1999999999999,0.0,735.0
2020-12-09 11:16:00,0.0,10.67,10.68,5.78,0.0,5.77,9.0,0.0,640.2,640.8,346.8,0.0,346.2
2020-12-09 11:17:00,0.0,1.72,10.03,37.43,0.0,29.12,9.0,0.0,103.2,601.8,2245.8,0.0,1747.2
2020-12-09 11:18:00,0.0,8.17,10.37,13.1,0.0,10.9,9.0,0.0,490.2,622.1999999999999,786.0,0.0,654.0
2020-12-09 11:19:00,0.0,11.08,11.02,5.72,0.0,5.78,9.0,0.0,664.8000000000001,661.1999999999999,343.2,0.0,346.8
2020-12-09 11:20:00,0.0,10.88,10.93,5.63,0.0,5.58,9.0,0.0,652.8000000000001,655.8,337.8,0.0,334.8
2020-12-09 11:21:00,0.0,10.63,10.67,5.72,0.0,5.68,9.0,0.0,637.8000000000001,640.2,343.2,0.0,340.8
2020-12-09 11:22:00,0.0,11.28,11.28,5.63,0.0,5.63,9.0,0.0,676.8,676.8,337.8,0.0,337.8
2020-12-09 11:23:00,0.0,2.17,10.37,55.13,0.0,46.93,10.0,0.0,130.2,622.1999999999999,3307.8,0.0,2815.8
2020-12-09 11:24:00,0.0,0.0,10.42,45.4,0.0,34.98,10.0,0.0,0.0,625.2,2724.0,0.0,2098.7999999999997
2020-12-09 11:25:00,0.0,0.0,10.4,39.2,0.0,28.8,10.0,0.0,0.0,624.0,2352.0,0.0,1728.0
2020-12-09 11:26:00,0.0,0.0,10.7,39.25,0.0,28.55,10.0,0.0,0.0,642.0,2355.0,0.0,1713.0
2020-12-09 11:27:00,0.0,0.0,10.95,39.3,0.0,28.35,10.0,0.0,0.0,657.0,2358.0,0.0,1701.0
2020-12-09 11:28:00,0.0,0.0,10.55,51.37,0.0,40.82,10.0,0.0,0.0,633.0,3082.2,0.0,2449.2000000000003
2020-12-09 11:29:00,0.0,0.0,11.5,39.12,0.0,27.62,10.0,0.0,0.0,690.0,2347.2,0.0,1657.2
2020-12-09 11:30:00,0.0,4.42,11.93,25.83,0.0,18.32,10.0,0.0,265.2,715.8,1549.8,0.0,1099.2
2020-12-09 11:31:00,0.0,10.08,10.35,5.82,0.0,5.55,10.0,0.0,604.8000000000001,621.0,349.20000000000005,0.0,333.0
2020-12-09 11:32:00,0.0,12.73,12.65,6.38,0.0,6.46,10.0,0.0,763.8000000000001,759.0,382.8,0.0,387.6
2020-12-09 11:33:00,0.0,12.68,12.72,6.07,0.0,6.03,10.0,0.0,760.8,763.2,364.20000000000005,0.0,361.8
2020-12-09 11:34:00,0.0,12.67,12.67,5.75,0.0,5.75,10.0,0.0,760.2,760.2,345.0,0.0,345.0
2020-12-09 11:35:00,0.0,12.7,12.68,5.78,0.0,5.8,10.0,0.0,762.0,760.8,346.8,0.0,348.0
2020-12-09 11:36:00,0.0,8.3,12.82,19.42,0.0,14.9,10.0,0.0,498.00000000000006,769.2,1165.2,0.0,894.0
2020-12-09 11:37:00,0.0,13.3,13.3,5.85,0.0,5.85,10.0,0.0,798.0,798.0,351.0,0.0,351.0
2020-12-09 11:38:00,0.0,13.45,13.32,5.6,0.0,5.73,10.0,0.0,807.0,799.2,336.0,0.0,343.8
2020-12-09 11:39:00,1.62,0.0,14.18,30.57,0.0,14.77,10.0,97.2,0.0,850.8,1834.2,0.0,886.1999999999999
2020-12-09 11:40:00,0.0,9.68,14.63,17.53,0.0,12.58,10.0,0.0,580.8,877.8000000000001,1051.8000000000002,0.0,754.8000000000001
2020-12-09 11:41:00,0.0,14.87,14.93,5.85,0.0,5.79,10.0,0.0,892.1999999999999,895.8,351.0,0.0,347.40000000000003
2020-12-09 11:42:00,0.0,14.07,14.0,5.93,0.0,6.0,10.0,0.0,844.2,840.0,355.8,0.0,360.0
2020-12-09 11:43:00,0.0,14.3,14.27,8.33,0.0,8.36,10.0,0.0,858.0,856.1999999999999,499.8,0.0,501.59999999999997
2020-12-09 11:44:00,0.0,1.45,14.47,28.1,0.0,15.08,11.0,0.0,87.0,868.2,1686.0,0.0,904.8000000000001
2020-12-09 11:45:00,31.33,0.0,14.3,45.65,0.0,0.02,11.0,1879.8,0.0,858.0,2739.0,0.0,1.2
2020-12-09 11:46:00,10.82,0.0,14.3,39.52,0.0,14.4,10.0,649.2,0.0,858.0,2371.2000000000003,0.0,864.0
2020-12-09 11:47:00,0.0,0.03,13.73,44.25,0.0,30.55,10.0,0.0,1.8,823.8000000000001,2655.0,0.0,1833.0
2020-12-09 11:48:00,0.03,0.0,13.53,74.73,0.0,61.17,10.0,1.8,0.0,811.8,4483.8,0.0,3670.2000000000003
2020-12-09 11:49:00,0.0,0.0,13.65,75.13,0.0,61.48,10.0,0.0,0.0,819.0,4507.8,0.0,3688.7999999999997
2020-12-09 11:50:00,0.0,0.0,11.52,64.87,0.0,53.35,10.0,0.0,0.0,691.1999999999999,3892.2000000000003,0.0,3201.0
2020-12-09 11:51:00,0.0,0.0,13.05,37.35,0.0,24.3,10.0,0.0,0.0,783.0,2241.0,0.0,1458.0
2020-12-09 11:52:00,0.0,0.0,13.65,43.1,0.0,29.45,10.0,0.0,0.0,819.0,2586.0,0.0,1767.0
2020-12-09 11:53:00,0.0,0.0,13.73,36.8,0.0,23.07,10.0,0.0,0.0,823.8000000000001,2208.0,0.0,1384.2
2020-12-09 11:54:00,0.0,0.0,13.92,37.7,0.0,23.78,10.0,0.0,0.0,835.2,2262.0,0.0,1426.8000000000002
2020-12-09 11:55:00,0.0,0.0,13.97,38.28,0.0,24.31,10.0,0.0,0.0,838.2,2296.8,0.0,1458.6
2020-12-09 11:56:00,0.0,0.03,13.98,38.0,0.0,24.05,10.0,0.0,1.8,838.8000000000001,2280.0,0.0,1443.0
2020-12-09 11:57:00,0.0,0.0,14.1,37.88,0.0,23.78,10.0,0.0,0.0,846.0,2272.8,0.0,1426.8000000000002
2020-12-09 11:58:00,0.0,0.0,14.1,48.32,0.0,34.22,10.0,0.0,0.0,846.0,2899.2000000000003,0.0,2053.2
2020-12-09 11:59:00,0.0,0.0,14.02,50.13,0.0,36.11,10.0,0.0,0.0,841.1999999999999,3007.8,0.0,2166.6
2020-12-09 12:00:00,0.0,0.0,14.22,50.07,0.0,35.85,10.0,0.0,0.0,853.2,3004.2000000000003,0.0,2151.0
2020-12-09 12:01:00,0.0,5.43,14.58,27.47,0.0,18.32,10.0,0.0,325.8,874.8000000000001,1648.2,0.0,1099.2
2020-12-09 12:02:00,0.0,0.0,14.43,17.65,0.0,3.22,10.0,0.0,0.0,865.8,1059.0,0.0,193.20000000000002
2020-12-09 12:03:00,0.0,0.0,14.83,17.42,0.0,2.59,10.0,0.0,0.0,889.8000000000001,1045.2,0.0,155.4
2020-12-09 12:04:00,0.0,15.52,15.7,4.5,0.0,4.32,10.0,0.0,931.1999999999999,942.0,270.0,0.0,259.20000000000005
2020-12-09 12:05:00,0.0,15.78,15.77,4.6,0.0,4.61,10.0,0.0,946.8,946.1999999999999,276.0,0.0,276.6
2020-12-09 12:06:00,0.0,15.82,15.8,4.55,0.0,4.57,10.0,0.0,949.2,948.0,273.0,0.0,274.20000000000005
2020-12-09 12:07:00,0.0,15.83,15.87,4.5,0.0,4.46,10.0,0.0,949.8000000000001,952.1999999999999,270.0,0.0,267.6
2020-12-09 12:08:00,0.0,16.15,16.08,4.6,0.0,4.67,10.0,0.0,968.9999999999999,964.8,276.0,0.0,280.2
2020-12-09 12:09:00,0.0,16.07,16.0,4.75,0.0,4.82,10.0,0.0,964.2,960.0,285.0,0.0,289.20000000000005
2020-12-09 12:10:00,0.0,16.22,16.2,4.45,0.0,4.47,10.0,0.0,973.1999999999999,972.0,267.0,0.0,268.2
2020-12-09 12:11:00,0.0,14.17,15.7,3.98,0.0,2.45,11.0,0.0,850.2,942.0,238.8,0.0,147.0
2020-12-09 12:12:00,0.0,10.15,14.43,5.23,0.0,0.95,11.0,0.0,609.0,865.8,313.8,0.0,57.0
2020-12-09 12:13:00,0.0,4.83,14.15,9.4,0.0,0.08,11.0,0.0,289.8,849.0,564.0,0.0,4.8
2020-12-09 12:14:00,0.0,7.68,12.53,4.98,0.0,0.13,11.0,0.0,460.8,751.8,298.8,0.0,7.800000000000001
2020-12-09 12:15:00,0.0,9.33,12.62,3.55,0.0,0.26,11.0,0.0,559.8000000000001,757.1999999999999,213.0,0.0,15.600000000000001
2020-12-09 12:16:00,0.0,7.82,11.18,3.77,0.0,0.41,11.0,0.0,469.20000000000005,670.8,226.20000000000002,0.0,24.599999999999998
2020-12-09 12:17:00,0.0,7.25,10.98,3.83,0.0,0.1,11.0,0.0,435.0,658.8000000000001,229.8,0.0,6.0
2020-12-09 12:18:00,0.0,6.12,9.72,3.98,0.0,0.38,11.0,0.0,367.2,583.2,238.8,0.0,22.8
2020-12-09 12:19:00,0.0,10.03,13.48,3.93,0.0,0.48,11.0,0.0,601.8,808.8000000000001,235.8,0.0,28.8
2020-12-09 12:20:00,0.0,12.95,16.63,4.15,0.0,0.47,11.0,0.0,777.0,997.8,249.00000000000003,0.0,28.2
2020-12-09 12:21:00,0.0,13.67,17.03,3.97,0.0,0.61,11.0,0.0,820.2,1021.8000000000001,238.20000000000002,0.0,36.6
2020-12-09 12:22:00,0.0,13.65,17.53,4.2,0.0,0.32,11.0,0.0,819.0,1051.8000000000002,252.0,0.0,19.2
2020-12-09 12:23:00,0.0,14.17,17.73,3.87,0.0,0.31,12.0,0.0,850.2,1063.8,232.20000000000002,0.0,18.6
2020-12-09 12:24:00,0.0,13.63,17.4,3.77,0.0,0.0,12.0,0.0,817.8000000000001,1044.0,226.20000000000002,0.0,0.0
2020-12-09 12:25:00,0.0,12.55,17.2,6.27,0.0,1.62,12.0,0.0,753.0,1032.0,376.2,0.0,97.2
2020-12-09 12:26:00,0.0,8.92,17.35,9.07,0.0,0.64,12.0,0.0,535.2,1041.0,544.2,0.0,38.4
2020-12-09 12:27:00,0.0,13.47,17.52,4.28,0.0,0.23,12.0,0.0,808.2,1051.2,256.8,0.0,13.8
2020-12-09 12:28:00,0.0,14.87,17.63,3.38,0.0,0.62,12.0,0.0,892.1999999999999,1057.8,202.79999999999998,0.0,37.2
2020-12-09 12:29:00,0.0,14.28,17.17,3.55,0.0,0.66,12.0,0.0,856.8,1030.2,213.0,0.0,39.6
2020-12-09 12:30:00,10.65,0.0,16.97,30.43,0.0,2.81,13.0,639.0,0.0,1018.1999999999999,1825.8,0.0,168.6
2020-12-09 12:31:00,20.27,0.0,16.5,37.22,0.0,0.45,13.0,1216.2,0.0,990.0,2233.2,0.0,27.0
2020-12-09 12:32:00,21.12,0.0,15.67,37.25,0.0,0.46,13.0,1267.2,0.0,940.2,2235.0,0.0,27.6
2020-12-09 12:33:00,0.0,8.12,15.83,7.43,0.28,0.0,13.0,0.0,487.19999999999993,949.8000000000001,445.8,16.8,0.0
2020-12-09 12:34:00,0.0,3.47,16.28,14.85,0.0,2.04,13.0,0.0,208.20000000000002,976.8000000000001,891.0,0.0,122.4
2020-12-09 12:35:00,0.53,0.0,15.58,15.73,0.38,0.0,13.0,31.8,0.0,934.8000000000001,943.8000000000001,22.8,0.0
2020-12-09 12:36:00,0.0,0.37,15.8,15.92,0.0,0.49,13.0,0.0,22.2,948.0,955.2,0.0,29.4
2020-12-09 12:37:00,2.15,0.0,16.02,20.48,0.0,2.31,13.0,129.0,0.0,961.1999999999999,1228.8,0.0,138.6
2020-12-09 12:38:00,21.15,0.0,16.8,42.17,0.0,4.22,13.0,1269.0,0.0,1008.0,2530.2000000000003,0.0,253.2
2020-12-09 12:39:00,26.2,0.0,17.98,44.63,0.0,0.45,12.0,1572.0,0.0,1078.8,2677.8,0.0,27.0
2020-12-09 12:40:00,17.23,0.0,18.87,36.32,0.0,0.22,12.0,1033.8,0.0,1132.2,2179.2000000000003,0.0,13.200000000000001
2020-12-09 12:41:00,17.38,0.0,18.78,36.22,0.0,0.06,12.0,1042.8,0.0,1126.8000000000002,2173.2,0.0,3.6
2020-12-09 12:42:00,4.72,0.0,18.98,23.07,0.63,0.0,12.0,283.2,0.0,1138.8,1384.2,37.800000000000004,0.0
2020-12-09 12:43:00,0.0,16.93,19.97,3.0,0.04,0.0,12.0,0.0,1015.8,1198.2,180.0,2.4,0.0
2020-12-09 12:44:00,0.0,16.33,19.62,3.42,0.0,0.13,12.0,0.0,979.8,1177.2,205.2,0.0,7.800000000000001
2020-12-09 12:45:00,0.0,12.12,21.32,10.23,0.0,1.03,12.0,0.0,727.1999999999999,1279.2,613.8000000000001,0.0,61.800000000000004
2020-12-09 12:46:00,0.0,10.72,21.4,11.28,0.0,0.6,12.0,0.0,643.2,1284.0,676.8,0.0,36.0
2020-12-09 12:47:00,0.0,10.07,21.05,11.2,0.0,0.22,12.0,0.0,604.2,1263.0,672.0,0.0,13.200000000000001
2020-12-09 12:48:00,0.0,3.65,13.77,10.53,0.0,0.41,13.0,0.0,219.0,826.1999999999999,631.8,0.0,24.599999999999998
2020-12-09 12:49:00,0.0,9.2,13.15,4.1,0.0,0.15,13.0,0.0,552.0,789.0,245.99999999999997,0.0,9.0
2020-12-09 12:50:00,0.0,5.15,11.93,8.9,0.0,2.12,13.0,0.0,309.0,715.8,534.0,0.0,127.2
2020-12-09 12:51:00,22.02,0.0,12.27,36.48,0.0,2.19,12.0,1321.2,0.0,736.1999999999999,2188.7999999999997,0.0,131.4
2020-12-09 12:52:00,24.23,0.0,11.95,36.83,0.0,0.65,12.0,1453.8,0.0,717.0,2209.7999999999997,0.0,39.0
2020-12-09 12:53:00,22.83,0.0,13.53,36.62,0.0,0.26,12.0,1369.8,0.0,811.8,2197.2,0.0,15.600000000000001
2020-12-09 12:54:00,0.0,7.57,17.37,9.03,0.77,0.0,12.0,0.0,454.20000000000005,1042.2,541.8,46.2,0.0
2020-12-09 12:55:00,0.0,12.3,15.43,2.98,0.15,0.0,12.0,0.0,738.0,925.8,178.8,9.0,0.0
2020-12-09 12:56:00,0.0,15.35,17.35,2.8,0.0,0.8,12.0,0.0,921.0,1041.0,168.0,0.0,48.0
2020-12-09 12:57:00,4.32,0.0,15.23,21.82,0.0,2.27,12.0,259.20000000000005,0.0,913.8000000000001,1309.2,0.0,136.20000000000002
2020-12-09 12:58:00,15.28,0.0,21.08,36.6,0.0,0.24,12.0,916.8,0.0,1264.8,2196.0,0.0,14.4
2020-12-09 12:59:00,22.32,0.0,13.97,36.63,0.0,0.34,12.0,1339.2,0.0,838.2,2197.8,0.0,20.400000000000002
2020-12-09 13:00:00,15.08,0.0,20.93,36.23,0.0,0.22,12.0,904.8000000000001,0.0,1255.8,2173.7999999999997,0.0,13.200000000000001
2020-12-09 13:01:00,16.4,0.0,19.18,36.0,0.0,0.42,11.0,983.9999999999999,0.0,1150.8,2160.0,0.0,25.2
2020-12-09 13:02:00,14.77,0.0,20.8,36.03,0.0,0.46,11.0,886.1999999999999,0.0,1248.0,2161.8,0.0,27.6
2020-12-09 13:03:00,0.0,14.35,20.23,5.05,0.83,0.0,11.0,0.0,861.0,1213.8,303.0,49.8,0.0
2020-12-09 13:04:00,0.0,20.78,22.72,2.58,0.0,0.64,11.0,0.0,1246.8000000000002,1363.2,154.8,0.0,38.4
2020-12-09 13:05:00,12.57,0.0,22.83,40.85,0.0,5.45,11.0,754.2,0.0,1369.8,2451.0,0.0,327.0
2020-12-09 13:06:00,18.22,0.0,26.95,45.37,0.0,0.2,11.0,1093.2,0.0,1617.0,2722.2,0.0,12.0
2020-12-09 13:07:00,16.03,0.0,29.07,45.37,0.0,0.27,11.0,961.8000000000001,0.0,1744.2,2722.2,0.0,16.200000000000003
2020-12-09 13:08:00,17.87,0.0,27.15,45.28,0.0,0.26,11.0,1072.2,0.0,1629.0,2716.8,0.0,15.600000000000001
2020-12-09 13:09:00,18.8,0.0,25.83,45.08,0.0,0.45,11.0,1128.0,0.0,1549.8,2704.7999999999997,0.0,27.0
2020-12-09 13:10:00,11.43,0.0,22.9,45.2,0.0,10.87,10.0,685.8,0.0,1374.0,2712.0,0.0,652.1999999999999
2020-12-09 13:11:00,0.0,0.0,19.92,43.95,0.0,24.03,10.0,0.0,0.0,1195.2,2637.0,0.0,1441.8000000000002
2020-12-09 13:12:00,0.0,0.0,16.15,43.93,0.0,27.78,10.0,0.0,0.0,968.9999999999999,2635.8,0.0,1666.8000000000002
2020-12-09 13:13:00,0.0,0.0,16.67,44.37,0.0,27.7,10.0,0.0,0.0,1000.2000000000002,2662.2,0.0,1662.0
2020-12-09 13:14:00,0.0,0.03,17.7,43.73,0.0,26.06,10.0,0.0,1.8,1062.0,2623.7999999999997,0.0,1563.6
2020-12-09 13:15:00,0.0,0.03,14.43,43.32,0.0,28.92,10.0,0.0,1.8,865.8,2599.2000000000003,0.0,1735.2
2020-12-09 13:16:00,0.0,0.0,12.12,43.77,0.0,31.65,10.0,0.0,0.0,727.1999999999999,2626.2000000000003,0.0,1899.0
2020-12-09 13:17:00,0.0,1.27,10.85,26.02,0.0,16.44,10.0,0.0,76.2,651.0,1561.2,0.0,986.4000000000001
2020-12-09 13:18:00,0.0,0.0,10.47,42.58,0.0,32.11,10.0,0.0,0.0,628.2,2554.7999999999997,0.0,1926.6
2020-12-09 13:19:00,0.03,0.0,8.1,34.6,0.0,26.47,10.0,1.8,0.0,486.0,2076.0,0.0,1588.2
2020-12-09 13:20:00,0.0,0.0,6.67,43.65,0.0,36.98,10.0,0.0,0.0,400.2,2619.0,0.0,2218.7999999999997
2020-12-09 13:21:00,0.0,0.0,8.2,38.82,0.0,30.62,10.0,0.0,0.0,491.99999999999994,2329.2000000000003,0.0,1837.2
2020-12-09 13:22:00,0.0,0.0,9.87,38.68,0.0,28.81,10.0,0.0,0.0,592.1999999999999,2320.8,0.0,1728.6
2020-12-09 13:23:00,0.0,1.72,10.65,36.43,0.0,27.5,10.0,0.0,103.2,639.0,2185.8,0.0,1650.0
2020-12-09 13:24:00,0.0,1.77,10.68,30.15,0.0,21.24,10.0,0.0,106.2,640.8,1809.0,0.0,1274.3999999999999
2020-12-09 13:25:00,0.0,0.0,10.47,32.37,0.0,21.9,10.0,0.0,0.0,628.2,1942.1999999999998,0.0,1314.0
2020-12-09 13:26:00,0.0,0.0,9.62,32.43,0.0,22.81,10.0,0.0,0.0,577.1999999999999,1945.8,0.0,1368.6
2020-12-09 13:27:00,0.0,1.1,8.62,28.1,0.0,20.58,10.0,0.0,66.0,517.1999999999999,1686.0,0.0,1234.8
2020-12-09 13:28:00,0.0,8.73,8.75,5.13,0.0,5.11,10.0,0.0,523.8000000000001,525.0,307.8,0.0,306.6
2020-12-09 13:29:00,0.0,8.7,8.7,5.48,0.0,5.48,10.0,0.0,522.0,522.0,328.8,0.0,328.8
2020-12-09 13:30:00,0.0,10.63,10.62,2.5,0.0,2.51,10.0,0.0,637.8000000000001,637.1999999999999,150.0,0.0,150.6
2020-12-09 13:31:00,0.0,13.2,13.13,2.28,0.0,2.35,10.0,0.0,792.0,787.8000000000001,136.79999999999998,0.0,141.0
2020-12-09 13:32:00,0.0,12.67,12.72,2.25,0.0,2.2,10.0,0.0,760.2,763.2,135.0,0.0,132.0
2020-12-09 13:33:00,0.0,13.08,13.03,2.33,0.0,2.38,10.0,0.0,784.8000000000001,781.8,139.8,0.0,142.79999999999998
2020-12-09 13:34:00,0.0,13.25,13.27,2.3,0.0,2.28,10.0,0.0,795.0,796.1999999999999,138.0,0.0,136.79999999999998
2020-12-09 13:35:00,0.0,12.53,12.6,2.28,0.0,2.21,10.0,0.0,751.8,756.0,136.79999999999998,0.0,132.6
2020-12-09 13:36:00,0.0,11.83,11.85,2.27,0.0,2.25,10.0,0.0,709.8000000000001,711.0,136.20000000000002,0.0,135.0
2020-12-09 13:37:00,0.0,9.55,11.1,2.4,0.0,0.85,11.0,0.0,573.0,666.0,144.0,0.0,51.0
2020-12-09 13:38:00,0.0,8.3,10.32,2.35,0.0,0.33,11.0,0.0,498.00000000000006,619.2,141.0,0.0,19.8
2020-12-09 13:39:00,0.0,7.23,9.08,2.28,0.0,0.43,11.0,0.0,433.8,544.8000000000001,136.79999999999998,0.0,25.8
2020-12-09 13:40:00,0.0,4.98,7.42,2.78,0.0,0.34,11.0,0.0,298.8,445.2,166.79999999999998,0.0,20.400000000000002
2020-12-09 13:41:00,0.0,6.33,8.17,2.38,0.0,0.54,11.0,0.0,379.8,490.2,142.79999999999998,0.0,32.400000000000006
2020-12-09 13:42:00,0.0,6.82,8.65,2.37,0.0,0.54,11.0,0.0,409.20000000000005,519.0,142.20000000000002,0.0,32.400000000000006
2020-12-09 13:43:00,0.0,6.55,8.47,2.35,0.0,0.43,11.0,0.0,393.0,508.20000000000005,141.0,0.0,25.8
2020-12-09 13:44:00,0.0,4.75,6.63,2.32,0.0,0.44,11.0,0.0,285.0,397.8,139.2,0.0,26.400000000000002
2020-12-09 13:45:00,0.0,2.62,4.57,2.33,0.0,0.38,11.0,0.0,157.20000000000002,274.20000000000005,139.8,0.0,22.8
2020-12-09 13:46:00,0.0,2.55,4.37,2.35,0.0,0.53,11.0,0.0,153.0,262.2,141.0,0.0,31.8
2020-12-09 13:47:00,0.0,3.13,5.12,3.6,0.0,1.61,11.0,0.0,187.79999999999998,307.2,216.0,0.0,96.60000000000001
2020-12-09 13:48:00,7.65,0.0,6.53,15.85,0.0,1.67,12.0,459.0,0.0,391.8,951.0,0.0,100.2
2020-12-09 13:49:00,15.37,0.0,8.13,31.82,0.0,8.32,12.0,922.1999999999999,0.0,487.80000000000007,1909.2,0.0,499.20000000000005
2020-12-09 13:50:00,43.73,0.0,9.2,53.4,0.0,0.47,11.0,2623.7999999999997,0.0,552.0,3204.0,0.0,28.2
2020-12-09 13:51:00,32.27,0.0,10.1,42.57,0.0,0.2,11.0,1936.2000000000003,0.0,606.0,2554.2000000000003,0.0,12.0
2020-12-09 13:52:00,36.13,0.0,13.48,74.12,0.0,24.51,10.0,2167.8,0.0,808.8000000000001,4447.200000000001,0.0,1470.6000000000001
2020-12-09 13:53:00,0.0,0.0,12.2,87.43,0.0,75.23,10.0,0.0,0.0,732.0,5245.8,0.0,4513.8
2020-12-09 13:54:00,0.0,0.0,11.68,110.95,0.0,99.27,10.0,0.0,0.0,700.8,6657.0,0.0,5956.2
2020-12-09 13:55:00,0.0,0.0,10.9,110.67,0.0,99.77,10.0,0.0,0.0,654.0,6640.2,0.0,5986.2
2020-12-09 13:56:00,0.0,0.0,8.03,110.68,0.0,102.65,10.0,0.0,0.0,481.79999999999995,6640.8,0.0,6159.0
2020-12-09 13:57:00,0.0,0.0,6.13,98.25,0.0,92.12,10.0,0.0,0.0,367.8,5895.0,0.0,5527.200000000001
2020-12-09 13:58:00,0.0,0.0,6.02,47.25,0.0,41.23,10.0,0.0,0.0,361.2,2835.0,0.0,2473.7999999999997
2020-12-09 13:59:00,0.0,0.0,5.42,45.28,0.0,39.86,10.0,0.0,0.0,325.2,2716.8,0.0,2391.6
2020-12-09 14:00:00,0.0,0.0,5.22,45.12,0.0,39.9,10.0,0.0,0.0,313.2,2707.2,0.0,2394.0
2020-12-09 14:01:00,0.0,0.0,7.28,45.65,0.0,38.37,10.0,0.0,0.0,436.8,2739.0,0.0,2302.2
2020-12-09 14:02:00,0.0,0.0,7.1,45.68,0.0,38.58,10.0,0.0,0.0,426.0,2740.8,0.0,2314.7999999999997
2020-12-09 14:03:00,0.0,0.0,7.25,45.77,0.0,38.52,10.0,0.0,0.0,435.0,2746.2000000000003,0.0,2311.2000000000003
2020-12-09 14:04:00,0.0,4.5,8.35,25.98,0.0,22.13,10.0,0.0,270.0,501.0,1558.8,0.0,1327.8
2020-12-09 14:05:00,0.0,0.0,9.55,45.07,0.0,35.52,10.0,0.0,0.0,573.0,2704.2000000000003,0.0,2131.2000000000003
2020-12-09 14:06:00,0.0,0.0,10.42,35.62,0.0,25.2,10.0,0.0,0.0,625.2,2137.2,0.0,1512.0
2020-12-09 14:07:00,0.0,0.0,8.15,45.68,0.0,37.53,10.0,0.0,0.0,489.0,2740.8,0.0,2251.8
2020-12-09 14:08:00,0.0,0.0,7.85,41.62,0.0,33.77,10.0,0.0,0.0,471.0,2497.2,0.0,2026.2000000000003
2020-12-09 14:09:00,0.0,0.0,6.55,39.52,0.0,32.97,10.0,0.0,0.0,393.0,2371.2000000000003,0.0,1978.2
2020-12-09 14:10:00,0.0,0.65,5.95,39.95,0.0,34.65,10.0,0.0,39.0,357.0,2397.0,0.0,2079.0
2020-12-09 14:11:00,0.0,1.7,6.17,39.4,0.0,34.93,10.0,0.0,102.0,370.2,2364.0,0.0,2095.8
2020-12-09 14:12:00,0.0,0.0,6.07,40.68,0.0,34.61,10.0,0.0,0.0,364.20000000000005,2440.8,0.0,2076.6
2020-12-09 14:13:00,0.0,0.0,6.05,40.02,0.0,33.97,10.0,0.0,0.0,363.0,2401.2000000000003,0.0,2038.2
2020-12-09 14:14:00,0.0,0.0,6.45,46.03,0.0,39.58,10.0,0.0,0.0,387.0,2761.8,0.0,2374.7999999999997
2020-12-09 14:15:00,0.0,0.0,9.25,36.52,0.0,27.27,10.0,0.0,0.0,555.0,2191.2000000000003,0.0,1636.2
2020-12-09 14:16:00,0.0,0.0,21.87,44.38,0.0,22.51,10.0,0.0,0.0,1312.2,2662.8,0.0,1350.6000000000001
2020-12-09 14:17:00,0.0,8.17,27.87,34.47,0.0,14.77,11.0,0.0,490.2,1672.2,2068.2,0.0,886.1999999999999
2020-12-09 14:18:00,4.05,0.0,21.27,45.37,0.0,20.05,10.0,243.0,0.0,1276.2,2722.2,0.0,1203.0
2020-12-09 14:19:00,0.0,0.0,9.23,66.8,0.0,57.57,10.0,0.0,0.0,553.8000000000001,4008.0,0.0,3454.2000000000003
2020-12-09 14:20:00,0.0,0.0,7.13,75.8,0.0,68.67,10.0,0.0,0.0,427.8,4548.0,0.0,4120.2
2020-12-09 14:21:00,0.0,0.0,6.4,74.87,0.0,68.47,10.0,0.0,0.0,384.0,4492.200000000001,0.0,4108.2
2020-12-09 14:22:00,0.0,0.0,6.3,36.55,0.0,30.25,10.0,0.0,0.0,378.0,2193.0,0.0,1815.0
2020-12-09 14:23:00,0.0,0.0,5.87,45.4,0.0,39.53,10.0,0.0,0.0,352.2,2724.0,0.0,2371.8
2020-12-09 14:24:00,0.05,0.0,5.45,65.05,0.0,59.55,10.0,3.0,0.0,327.0,3903.0,0.0,3573.0
2020-12-09 14:25:00,0.0,0.0,5.05,74.3,0.0,69.25,10.0,0.0,0.0,303.0,4458.0,0.0,4155.0
2020-12-09 14:26:00,0.0,0.0,6.3,48.67,0.0,42.37,10.0,0.0,0.0,378.0,2920.2000000000003,0.0,2542.2
2020-12-09 14:27:00,0.0,0.0,5.58,58.97,0.0,53.39,10.0,0.0,0.0,334.8,3538.2,0.0,3203.4
2020-12-09 14:28:00,0.0,0.0,4.35,55.85,0.0,51.5,10.0,0.0,0.0,261.0,3351.0,0.0,3090.0
2020-12-09 14:29:00,0.0,0.0,4.05,57.8,0.0,53.75,10.0,0.0,0.0,243.0,3468.0,0.0,3225.0
2020-12-09 14:30:00,0.0,1.3,6.07,53.45,0.0,48.68,10.0,0.0,78.0,364.20000000000005,3207.0,0.0,2920.8
2020-12-09 14:31:00,0.0,0.0,6.05,64.55,0.0,58.5,10.0,0.0,0.0,363.0,3873.0,0.0,3510.0
2020-12-09 14:32:00,0.0,0.0,6.58,57.12,0.0,50.54,10.0,0.0,0.0,394.8,3427.2,0.0,3032.4
2020-12-09 14:33:00,0.0,0.0,6.65,61.53,0.0,54.88,10.0,0.0,0.0,399.0,3691.8,0.0,3292.8
2020-12-09 14:34:00,0.0,0.0,3.85,76.9,0.0,73.05,10.0,0.0,0.0,231.0,4614.0,0.0,4383.0
2020-12-09 14:35:00,0.0,0.0,3.35,82.32,0.0,78.97,10.0,0.0,0.0,201.0,4939.2,0.0,4738.2
2020-12-09 14:36:00,0.0,0.0,4.02,91.78,0.0,87.76,10.0,0.0,0.0,241.2,5506.8,0.0,5265.6
2020-12-09 14:37:00,0.05,0.0,4.62,83.62,0.0,78.95,10.0,3.0,0.0,277.2,5017.200000000001,0.0,4737.0
2020-12-09 14:38:00,0.0,0.0,3.7,96.07,0.0,92.37,10.0,0.0,0.0,222.0,5764.2,0.0,5542.200000000001
2020-12-09 14:39:00,0.0,0.0,3.25,85.93,0.0,82.68,10.0,0.0,0.0,195.0,5155.8,0.0,4960.8
2020-12-09 14:40:00,0.0,0.0,3.4,96.32,0.0,92.92,10.0,0.0,0.0,204.0,5779.2,0.0,5575.2
2020-12-09 14:41:00,0.03,0.0,3.83,107.4,0.0,103.54,10.0,1.8,0.0,229.8,6444.0,0.0,6212.400000000001
2020-12-09 14:42:00,0.0,0.0,3.67,99.9,0.0,96.23,10.0,0.0,0.0,220.2,5994.0,0.0,5773.8
2020-12-09 14:43:00,0.0,0.0,2.62,85.13,0.0,82.51,10.0,0.0,0.0,157.20000000000002,5107.8,0.0,4950.6
2020-12-09 14:44:00,0.0,0.0,2.52,71.3,0.0,68.78,10.0,0.0,0.0,151.20000000000002,4278.0,0.0,4126.8
2020-12-09 14:45:00,0.0,0.0,3.47,49.82,0.0,46.35,10.0,0.0,0.0,208.20000000000002,2989.2000000000003,0.0,2781.0
2020-12-09 14:46:00,0.0,0.0,4.85,46.68,0.0,41.83,10.0,0.0,0.0,291.0,2800.8,0.0,2509.7999999999997
2020-12-09 14:47:00,0.0,0.0,5.58,47.5,0.0,41.92,10.0,0.0,0.0,334.8,2850.0,0.0,2515.2000000000003
2020-12-09 14:48:00,0.0,0.0,3.85,45.93,0.0,42.08,10.0,0.0,0.0,231.0,2755.8,0.0,2524.7999999999997
2020-12-09 14:49:00,0.0,0.0,2.82,43.47,0.0,40.65,10.0,0.0,0.0,169.2,2608.2,0.0,2439.0
2020-12-09 14:50:00,0.0,0.0,2.58,36.77,0.0,34.19,10.0,0.0,0.0,154.8,2206.2000000000003,0.0,2051.4
2020-12-09 14:51:00,0.0,0.0,3.93,32.88,0.0,28.95,10.0,0.0,0.0,235.8,1972.8000000000002,0.0,1737.0
2020-12-09 14:52:00,0.0,0.0,3.97,40.58,0.0,36.61,10.0,0.0,0.0,238.20000000000002,2434.7999999999997,0.0,2196.6
2020-12-09 14:53:00,0.0,0.0,4.07,36.0,0.0,31.93,10.0,0.0,0.0,244.20000000000002,2160.0,0.0,1915.8
2020-12-09 14:54:00,0.0,0.0,4.35,52.68,0.0,48.33,10.0,0.0,0.0,261.0,3160.8,0.0,2899.7999999999997
2020-12-09 14:55:00,0.0,0.0,5.57,33.17,0.0,27.6,10.0,0.0,0.0,334.20000000000005,1990.2,0.0,1656.0
2020-12-09 14:56:00,0.0,4.17,6.25,15.72,0.0,13.64,10.0,0.0,250.2,375.0,943.2,0.0,818.4000000000001
2020-12-09 14:57:00,0.0,5.63,5.8,5.7,0.0,5.53,10.0,0.0,337.8,348.0,342.0,0.0,331.8
2020-12-09 14:58:00,0.0,0.17,4.8,5.73,0.0,1.1,10.0,0.0,10.200000000000001,288.0,343.8,0.0,66.0
2020-12-09 14:59:00,0.0,0.0,6.33,8.67,0.0,2.34,10.0,0.0,0.0,379.8,520.2,0.0,140.4
2020-12-09 15:00:00,0.0,9.37,10.53,7.78,0.0,6.62,10.0,0.0,562.1999999999999,631.8,466.8,0.0,397.2
2020-12-09 15:01:00,0.0,11.12,11.17,6.55,0.0,6.5,10.0,0.0,667.1999999999999,670.2,393.0,0.0,390.0
2020-12-09 15:02:00,0.0,18.03,17.75,4.33,0.0,4.61,10.0,0.0,1081.8000000000002,1065.0,259.8,0.0,276.6
2020-12-09 15:03:00,0.0,24.12,23.88,4.55,0.0,4.79,10.0,0.0,1447.2,1432.8,273.0,0.0,287.40000000000003
2020-12-09 15:04:00,0.0,17.35,17.72,4.68,0.0,4.31,10.0,0.0,1041.0,1063.2,280.8,0.0,258.59999999999997
2020-12-09 15:05:00,0.0,16.7,16.72,4.53,0.0,4.51,10.0,0.0,1002.0,1003.1999999999999,271.8,0.0,270.59999999999997
2020-12-09 15:06:00,0.0,17.05,19.48,4.58,0.0,2.15,11.0,0.0,1023.0,1168.8,274.8,0.0,129.0
2020-12-09 15:07:00,0.0,11.25,15.18,4.82,0.0,0.89,11.0,0.0,675.0,910.8,289.20000000000005,0.0,53.4
2020-12-09 15:08:00,0.0,7.95,12.32,4.37,0.0,0.0,11.0,0.0,477.0,739.2,262.2,0.0,0.0
2020-12-09 15:09:00,0.0,6.53,10.85,4.38,0.0,0.06,11.0,0.0,391.8,651.0,262.8,0.0,3.6
2020-12-09 15:10:00,0.0,2.58,6.6,4.4,0.0,0.38,11.0,0.0,154.8,396.0,264.0,0.0,22.8
2020-12-09 15:11:00,0.0,1.47,5.33,4.45,0.0,0.59,11.0,0.0,88.2,319.8,267.0,0.0,35.4
2020-12-09 15:12:00,0.0,2.2,6.52,5.15,0.0,0.83,12.0,0.0,132.0,391.2,309.0,0.0,49.8
2020-12-09 15:13:00,1.57,0.0,5.33,7.32,0.0,0.42,12.0,94.2,0.0,319.8,439.20000000000005,0.0,25.2
2020-12-09 15:14:00,1.02,0.0,5.85,7.42,0.0,0.55,12.0,61.2,0.0,351.0,445.2,0.0,33.0
2020-12-09 15:15:00,0.0,5.47,12.25,7.08,0.0,0.3,12.0,0.0,328.2,735.0,424.8,0.0,18.0
2020-12-09 15:16:00,0.0,22.27,29.52,7.93,0.0,0.68,12.0,0.0,1336.2,1771.2,475.8,0.0,40.800000000000004
2020-12-09 15:17:00,0.0,18.28,26.68,8.87,0.0,0.47,12.0,0.0,1096.8000000000002,1600.8,532.1999999999999,0.0,28.2
2020-12-09 15:18:00,0.0,20.03,28.22,8.6,0.0,0.41,12.0,0.0,1201.8000000000002,1693.2,516.0,0.0,24.599999999999998
2020-12-09 15:19:00,0.0,21.92,28.42,8.4,0.0,1.9,12.0,0.0,1315.2,1705.2,504.0,0.0,114.0
2020-12-09 15:20:00,0.0,18.77,27.97,9.62,0.0,0.42,12.0,0.0,1126.2,1678.2,577.1999999999999,0.0,25.2
2020-12-09 15:21:00,0.0,17.83,27.23,9.65,0.0,0.25,12.0,0.0,1069.8,1633.8,579.0,0.0,15.0
2020-12-09 15:22:00,0.0,19.6,28.42,8.85,0.0,0.03,12.0,0.0,1176.0,1705.2,531.0,0.0,1.8
2020-12-09 15:23:00,0.0,22.55,28.48,6.5,0.0,0.57,12.0,0.0,1353.0,1708.8,390.0,0.0,34.199999999999996
2020-12-09 15:24:00,0.0,22.7,28.48,6.47,0.0,0.69,13.0,0.0,1362.0,1708.8,388.2,0.0,41.4
2020-12-09 15:25:00,0.0,21.95,27.95,6.5,0.0,0.5,13.0,0.0,1317.0,1677.0,390.0,0.0,30.0
2020-12-09 15:26:00,0.0,22.15,27.9,6.33,0.0,0.58,13.0,0.0,1329.0,1674.0,379.8,0.0,34.8
2020-12-09 15:27:00,0.0,22.42,28.42,6.42,0.0,0.42,13.0,0.0,1345.2,1705.2,385.2,0.0,25.2
2020-12-09 15:28:00,0.0,21.35,27.3,6.38,0.0,0.43,13.0,0.0,1281.0,1638.0,382.8,0.0,25.8
2020-12-09 15:29:00,0.18,0.0,27.4,34.68,0.0,7.1,14.0,10.799999999999999,0.0,1644.0,2080.8,0.0,426.0
2020-12-09 15:30:00,12.45,0.0,27.9,40.67,0.0,0.32,14.0,747.0,0.0,1674.0,2440.2000000000003,0.0,19.2
2020-12-09 15:31:00,11.73,0.0,28.28,40.47,0.0,0.46,14.0,703.8000000000001,0.0,1696.8000000000002,2428.2,0.0,27.6
2020-12-09 15:32:00,12.55,0.0,27.83,41.07,0.0,0.69,14.0,753.0,0.0,1669.8,2464.2000000000003,0.0,41.4
2020-12-09 15:33:00,0.0,11.65,27.45,15.55,0.25,0.0,14.0,0.0,699.0,1647.0,933.0,15.0,0.0
2020-12-09 15:34:00,0.0,21.47,27.55,6.43,0.0,0.35,14.0,0.0,1288.2,1653.0,385.8,0.0,21.0
2020-12-09 15:35:00,0.0,21.93,27.78,6.4,0.0,0.55,14.0,0.0,1315.8,1666.8000000000002,384.0,0.0,33.0
2020-12-09 15:36:00,0.0,17.48,23.82,6.4,0.0,0.06,15.0,0.0,1048.8,1429.2,384.0,0.0,3.6
2020-12-09 15:37:00,0.0,1.62,7.18,6.23,0.0,0.67,15.0,0.0,97.2,430.8,373.8,0.0,40.2
2020-12-09 15:38:00,0.0,4.45,10.42,6.05,0.0,0.08,15.0,0.0,267.0,625.2,363.0,0.0,4.8
2020-12-09 15:39:00,0.0,4.75,10.7,6.42,0.0,0.47,15.0,0.0,285.0,642.0,385.2,0.0,28.2
2020-12-09 15:40:00,0.0,3.47,9.6,6.38,0.0,0.25,15.0,0.0,208.20000000000002,576.0,382.8,0.0,15.0
2020-12-09 15:41:00,0.0,11.85,18.07,6.17,0.05,0.0,15.0,0.0,711.0,1084.2,370.2,3.0,0.0
2020-12-09 15:42:00,0.0,1.92,8.18,6.5,0.0,0.24,15.0,0.0,115.2,490.8,390.0,0.0,14.4
2020-12-09 15:43:00,0.0,4.25,10.6,6.32,0.03,0.0,15.0,0.0,255.0,636.0,379.20000000000005,1.8,0.0
2020-12-09 15:44:00,0.0,4.03,10.27,6.45,0.0,0.21,15.0,0.0,241.8,616.1999999999999,387.0,0.0,12.6
2020-12-09 15:45:00,0.0,8.2,14.05,6.53,0.0,0.68,15.0,0.0,491.99999999999994,843.0,391.8,0.0,40.800000000000004
2020-12-09 15:46:00,0.0,3.58,9.47,6.33,0.0,0.44,15.0,0.0,214.8,568.2,379.8,0.0,26.400000000000002
2020-12-09 15:47:00,0.0,7.1,12.68,6.05,0.0,0.47,15.0,0.0,426.0,760.8,363.0,0.0,28.2
2020-12-09 15:48:00,0.0,4.23,10.07,6.3,0.0,0.46,15.0,0.0,253.80000000000004,604.2,378.0,0.0,27.6
2020-12-09 15:49:00,0.0,4.52,10.43,6.33,0.0,0.42,15.0,0.0,271.2,625.8,379.8,0.0,25.2
2020-12-09 15:50:00,0.0,10.22,16.25,6.33,0.0,0.3,15.0,0.0,613.2,975.0,379.8,0.0,18.0
2020-12-09 15:51:00,0.0,19.25,24.53,5.97,0.0,0.69,15.0,0.0,1155.0,1471.8000000000002,358.2,0.0,41.4
2020-12-09 15:52:00,0.0,20.53,26.13,6.22,0.0,0.62,15.0,0.0,1231.8000000000002,1567.8,373.2,0.0,37.2
2020-12-09 15:53:00,0.0,19.88,25.65,6.28,0.0,0.51,15.0,0.0,1192.8,1539.0,376.8,0.0,30.6
2020-12-09 15:54:00,0.0,15.02,21.0,6.43,0.0,0.45,15.0,0.0,901.1999999999999,1260.0,385.8,0.0,27.0
2020-12-09 15:55:00,0.0,12.37,18.12,6.47,0.0,0.72,15.0,0.0,742.1999999999999,1087.2,388.2,0.0,43.199999999999996
2020-12-09 15:56:00,0.0,14.2,20.18,6.17,0.0,0.19,15.0,0.0,852.0,1210.8,370.2,0.0,11.4
2020-12-09 15:57:00,0.0,16.28,21.88,6.28,0.0,0.68,15.0,0.0,976.8000000000001,1312.8,376.8,0.0,40.800000000000004
2020-12-09 15:58:00,0.0,22.3,28.27,6.38,0.0,0.41,16.0,0.0,1338.0,1696.2,382.8,0.0,24.599999999999998
2020-12-09 15:59:00,0.0,22.7,28.45,6.17,0.0,0.42,16.0,0.0,1362.0,1707.0,370.2,0.0,25.2
2020-12-09 16:00:00,0.0,21.02,26.75,6.52,0.0,0.79,16.0,0.0,1261.2,1605.0,391.2,0.0,47.400000000000006
2020-12-09 16:01:00,0.0,20.45,26.35,6.25,0.0,0.35,16.0,0.0,1227.0,1581.0,375.0,0.0,21.0
2020-12-09 16:02:00,0.0,19.27,24.95,6.27,0.0,0.59,16.0,0.0,1156.2,1497.0,376.2,0.0,35.4
2020-12-09 16:03:00,0.0,17.05,23.05,6.4,0.0,0.4,17.0,0.0,1023.0,1383.0,384.0,0.0,24.0
2020-12-09 16:04:00,0.0,19.67,25.35,6.2,0.0,0.52,17.0,0.0,1180.2,1521.0,372.0,0.0,31.200000000000003
2020-12-09 16:05:00,0.0,19.58,25.17,6.45,0.0,0.86,17.0,0.0,1174.8,1510.2,387.0,0.0,51.6
2020-12-09 16:06:00,0.0,15.53,21.55,6.22,0.0,0.2,17.0,0.0,931.8,1293.0,373.2,0.0,12.0
2020-12-09 16:07:00,0.0,18.83,24.32,6.17,0.0,0.68,17.0,0.0,1129.8,1459.2,370.2,0.0,40.800000000000004
2020-12-09 16:08:00,0.0,19.85,25.42,6.35,0.0,0.78,17.0,0.0,1191.0,1525.2,381.0,0.0,46.800000000000004
2020-12-09 16:09:00,0.0,17.58,22.35,5.9,0.0,1.13,18.0,0.0,1054.8,1341.0,354.0,0.0,67.8
2020-12-09 16:10:00,0.0,12.25,18.45,6.33,0.0,0.13,18.0,0.0,735.0,1107.0,379.8,0.0,7.800000000000001
2020-12-09 16:11:00,0.0,10.82,16.95,6.08,0.05,0.0,18.0,0.0,649.2,1017.0,364.8,3.0,0.0
2020-12-09 16:12:00,0.0,14.58,20.33,6.03,0.0,0.28,18.0,0.0,874.8000000000001,1219.8,361.8,0.0,16.8
2020-12-09 16:13:00,0.0,9.85,16.5,6.53,0.12,0.0,18.0,0.0,591.0,990.0,391.8,7.2,0.0
2020-12-09 16:14:00,0.0,5.25,11.37,6.37,0.0,0.25,19.0,0.0,315.0,682.1999999999999,382.2,0.0,15.0
2020-12-09 16:15:00,0.0,4.3,10.32,6.4,0.0,0.38,19.0,0.0,258.0,619.2,384.0,0.0,22.8
2020-12-09 16:16:00,0.0,12.12,18.03,6.2,0.0,0.29,19.0,0.0,727.1999999999999,1081.8000000000002,372.0,0.0,17.4
2020-12-09 16:17:00,0.0,11.85,17.53,6.07,0.0,0.39,19.0,0.0,711.0,1051.8000000000002,364.20000000000005,0.0,23.400000000000002
2020-12-09 16:18:00,0.0,7.87,13.97,6.32,0.0,0.22,19.0,0.0,472.2,838.2,379.20000000000005,0.0,13.200000000000001
2020-12-09 16:19:00,0.0,8.98,14.12,5.98,0.0,0.84,19.0,0.0,538.8000000000001,847.1999999999999,358.8,0.0,50.4
2020-12-09 16:20:00,0.0,15.88,21.33,5.58,0.0,0.13,19.0,0.0,952.8000000000001,1279.8,334.8,0.0,7.800000000000001
2020-12-09 16:21:00,0.0,16.02,19.3,3.53,0.0,0.25,19.0,0.0,961.1999999999999,1158.0,211.79999999999998,0.0,15.0
2020-12-09 16:22:00,0.0,19.07,22.27,3.72,0.0,0.52,19.0,0.0,1144.2,1336.2,223.20000000000002,0.0,31.200000000000003
2020-12-09 16:23:00,0.0,16.22,19.72,3.75,0.0,0.25,19.0,0.0,973.1999999999999,1183.2,225.0,0.0,15.0
2020-12-09 16:24:00,0.0,11.63,14.85,3.7,0.0,0.48,19.0,0.0,697.8000000000001,891.0,222.0,0.0,28.8
2020-12-09 16:25:00,0.0,16.88,20.58,3.73,0.0,0.03,19.0,0.0,1012.8,1234.8,223.8,0.0,1.8
2020-12-09 16:26:00,0.0,9.93,13.2,3.9,0.0,0.63,19.0,0.0,595.8,792.0,234.0,0.0,37.800000000000004
2020-12-09 16:27:00,0.0,8.08,11.35,3.63,0.0,0.36,19.0,0.0,484.8,681.0,217.79999999999998,0.0,21.599999999999998
2020-12-09 16:28:00,0.0,11.17,14.78,3.8,0.0,0.19,20.0,0.0,670.2,886.8,228.0,0.0,11.4
2020-12-09 16:29:00,0.0,4.58,7.82,3.75,0.0,0.51,20.0,0.0,274.8,469.20000000000005,225.0,0.0,30.6
2020-12-09 16:30:00,0.0,10.0,13.32,3.75,0.0,0.43,20.0,0.0,600.0,799.2,225.0,0.0,25.8
2020-12-09 16:31:00,0.0,12.35,15.65,3.52,0.0,0.22,20.0,0.0,741.0,939.0,211.20000000000002,0.0,13.200000000000001
2020-12-09 16:32:00,0.0,8.6,11.78,4.38,0.0,1.2,20.0,0.0,516.0,706.8,262.8,0.0,72.0
2020-12-09 16:33:00,24.17,0.0,9.13,38.55,0.0,5.25,22.0,1450.2,0.0,547.8000000000001,2313.0,0.0,315.0
2020-12-09 16:34:00,24.72,0.0,13.5,38.85,0.0,0.63,20.0,1483.2,0.0,810.0,2331.0,0.0,37.800000000000004
2020-12-09 16:35:00,29.52,0.0,9.62,39.02,0.12,0.0,20.0,1771.2,0.0,577.1999999999999,2341.2000000000003,7.2,0.0
2020-12-09 16:36:00,31.43,0.0,7.17,39.2,0.0,0.6,20.0,1885.8,0.0,430.2,2352.0,0.0,36.0
2020-12-09 16:37:00,10.55,0.0,8.15,15.05,3.65,0.0,20.0,633.0,0.0,489.0,903.0,219.0,0.0
2020-12-09 16:38:00,0.0,2.48,7.62,5.82,0.0,0.68,20.0,0.0,148.8,457.2,349.20000000000005,0.0,40.800000000000004
2020-12-09 16:39:00,0.0,4.6,10.0,5.88,0.0,0.48,20.0,0.0,276.0,600.0,352.8,0.0,28.8
2020-12-09 16:40:00,0.0,3.7,9.77,5.98,0.09,0.0,20.0,0.0,222.0,586.1999999999999,358.8,5.3999999999999995,0.0
2020-12-09 16:41:00,1.03,0.0,4.75,6.27,0.0,0.49,20.0,61.800000000000004,0.0,285.0,376.2,0.0,29.4
2020-12-09 16:42:00,0.97,0.0,4.73,6.22,0.0,0.52,20.0,58.199999999999996,0.0,283.8,373.2,0.0,31.200000000000003
2020-12-09 16:43:00,0.63,0.0,5.13,6.68,0.0,0.92,20.0,37.800000000000004,0.0,307.8,400.8,0.0,55.2
2020-12-09 16:44:00,0.83,0.0,4.92,6.22,0.0,0.47,20.0,49.8,0.0,295.2,373.2,0.0,28.2
2020-12-09 16:45:00,0.87,0.0,4.93,6.23,0.0,0.43,20.0,52.2,0.0,295.8,373.8,0.0,25.8
2020-12-09 16:46:00,0.4,0.0,5.37,6.23,0.0,0.46,20.0,24.0,0.0,322.2,373.8,0.0,27.6
2020-12-09 16:47:00,0.0,0.12,5.85,6.25,0.0,0.52,20.0,0.0,7.2,351.0,375.0,0.0,31.200000000000003
2020-12-09 16:48:00,0.27,0.0,5.55,6.25,0.0,0.43,20.0,16.200000000000003,0.0,333.0,375.0,0.0,25.8
2020-12-09 16:49:00,0.5,0.0,5.37,6.32,0.0,0.45,20.0,30.0,0.0,322.2,379.20000000000005,0.0,27.0
2020-12-09 16:50:00,0.0,0.8,6.48,6.15,0.0,0.47,20.0,0.0,48.0,388.8,369.0,0.0,28.2
2020-12-09 16:51:00,0.12,0.0,5.65,6.18,0.0,0.41,20.0,7.2,0.0,339.0,370.8,0.0,24.599999999999998
2020-12-09 16:52:00,0.0,0.6,6.08,6.08,0.0,0.6,20.0,0.0,36.0,364.8,364.8,0.0,36.0
2020-12-09 16:53:00,0.0,1.22,6.97,6.45,0.0,0.7,20.0,0.0,73.2,418.2,387.0,0.0,42.0
2020-12-09 16:54:00,0.0,3.23,9.0,6.27,0.0,0.5,20.0,0.0,193.8,540.0,376.2,0.0,30.0
2020-12-09 16:55:00,0.0,0.52,6.32,6.2,0.0,0.4,20.0,0.0,31.200000000000003,379.20000000000005,372.0,0.0,24.0
2020-12-09 16:56:00,0.3,0.0,5.4,6.27,0.0,0.57,20.0,18.0,0.0,324.0,376.2,0.0,34.199999999999996
2020-12-09 16:57:00,0.53,0.0,5.45,6.2,0.0,0.22,20.0,31.8,0.0,327.0,372.0,0.0,13.200000000000001
2020-12-09 16:58:00,0.0,0.65,6.47,6.18,0.0,0.36,20.0,0.0,39.0,388.2,370.8,0.0,21.599999999999998
2020-12-09 16:59:00,0.0,0.37,6.18,6.1,0.0,0.29,20.0,0.0,22.2,370.8,366.0,0.0,17.4
2020-12-09 17:00:00,0.67,0.0,5.08,6.03,0.0,0.28,20.0,40.2,0.0,304.8,361.8,0.0,16.8
2020-12-09 17:01:00,1.52,0.0,4.25,6.2,0.0,0.43,20.0,91.2,0.0,255.0,372.0,0.0,25.8
2020-12-09 17:02:00,1.75,0.0,3.93,6.2,0.0,0.52,20.0,105.0,0.0,235.8,372.0,0.0,31.200000000000003
2020-12-09 17:03:00,1.2,0.0,4.27,6.17,0.0,0.7,20.0,72.0,0.0,256.2,370.2,0.0,42.0
2020-12-09 17:04:00,1.52,0.0,4.28,6.37,0.0,0.57,19.0,91.2,0.0,256.8,382.2,0.0,34.199999999999996
2020-12-09 17:05:00,1.35,0.0,4.28,6.23,0.0,0.6,19.0,81.0,0.0,256.8,373.8,0.0,36.0
2020-12-09 17:06:00,1.8,0.0,3.92,6.13,0.0,0.41,19.0,108.0,0.0,235.2,367.8,0.0,24.599999999999998
2020-12-09 17:07:00,1.53,0.0,3.75,5.83,0.0,0.55,19.0,91.8,0.0,225.0,349.8,0.0,33.0
2020-12-09 17:08:00,1.75,0.0,4.02,6.17,0.0,0.4,19.0,105.0,0.0,241.2,370.2,0.0,24.0
2020-12-09 17:09:00,1.08,0.0,4.12,5.6,0.0,0.4,19.0,64.80000000000001,0.0,247.20000000000002,336.0,0.0,24.0
2020-12-09 17:10:00,18.52,0.0,5.08,26.35,0.0,2.75,19.0,1111.2,0.0,304.8,1581.0,0.0,165.0
2020-12-09 17:11:00,33.48,0.0,6.03,39.98,0.0,0.47,19.0,2008.7999999999997,0.0,361.8,2398.7999999999997,0.0,28.2
2020-12-09 17:12:00,32.9,0.0,6.1,37.23,1.77,0.0,18.0,1974.0,0.0,366.0,2233.7999999999997,106.2,0.0
2020-12-09 17:13:00,1.65,0.0,5.35,6.0,1.0,0.0,18.0,99.0,0.0,321.0,360.0,60.0,0.0
2020-12-09 17:14:00,0.43,0.0,5.18,6.17,0.0,0.56,18.0,25.8,0.0,310.8,370.2,0.0,33.6
2020-12-09 17:15:00,0.57,0.0,5.08,6.15,0.0,0.5,18.0,34.199999999999996,0.0,304.8,369.0,0.0,30.0
2020-12-09 17:16:00,0.0,0.07,5.42,6.07,0.0,0.72,18.0,0.0,4.2,325.2,364.20000000000005,0.0,43.199999999999996
2020-12-09 17:17:00,0.2,0.0,5.58,6.25,0.0,0.47,18.0,12.0,0.0,334.8,375.0,0.0,28.2
2020-12-09 17:18:00,0.35,0.0,5.58,7.43,0.0,1.5,18.0,21.0,0.0,334.8,445.8,0.0,90.0
2020-12-09 17:19:00,7.88,0.0,5.28,18.32,0.0,5.16,18.0,472.8,0.0,316.8,1099.2,0.0,309.6
2020-12-09 17:20:00,0.0,4.87,5.13,7.53,0.0,7.27,18.0,0.0,292.2,307.8,451.8,0.0,436.2
2020-12-09 17:21:00,0.78,0.0,5.13,6.42,0.0,0.51,18.0,46.800000000000004,0.0,307.8,385.2,0.0,30.6
2020-12-09 17:22:00,0.68,0.0,5.32,6.48,0.0,0.48,18.0,40.800000000000004,0.0,319.20000000000005,388.8,0.0,28.8
2020-12-09 17:23:00,0.4,0.0,5.6,6.65,0.0,0.65,18.0,24.0,0.0,336.0,399.0,0.0,39.0
2020-12-09 17:24:00,0.92,0.0,5.32,6.78,0.0,0.54,18.0,55.2,0.0,319.20000000000005,406.8,0.0,32.400000000000006
2020-12-09 17:25:00,0.88,0.0,5.47,6.65,0.0,0.3,18.0,52.800000000000004,0.0,328.2,399.0,0.0,18.0
2020-12-09 17:26:00,1.25,0.0,4.57,6.18,0.0,0.36,18.0,75.0,0.0,274.20000000000005,370.8,0.0,21.599999999999998
2020-12-09 17:27:00,2.38,0.0,3.9,6.73,0.0,0.45,18.0,142.79999999999998,0.0,234.0,403.8,0.0,27.0
2020-12-09 17:28:00,2.52,0.0,3.83,6.82,0.0,0.47,18.0,151.20000000000002,0.0,229.8,409.20000000000005,0.0,28.2
2020-12-09 17:29:00,2.15,0.0,4.05,6.72,0.0,0.52,18.0,129.0,0.0,243.0,403.2,0.0,31.200000000000003
2020-12-09 17:30:00,1.67,0.0,4.55,6.7,0.0,0.48,18.0,100.2,0.0,273.0,402.0,0.0,28.8
2020-12-09 17:31:00,1.8,0.0,4.38,6.7,0.0,0.52,18.0,108.0,0.0,262.8,402.0,0.0,31.200000000000003
2020-12-09 17:32:00,2.17,0.0,4.1,6.73,0.0,0.46,18.0,130.2,0.0,245.99999999999997,403.8,0.0,27.6
2020-12-09 17:33:00,2.57,0.0,3.7,6.73,0.0,0.46,18.0,154.2,0.0,222.0,403.8,0.0,27.6
2020-12-09 17:34:00,2.23,0.0,3.87,6.62,0.0,0.52,18.0,133.8,0.0,232.20000000000002,397.2,0.0,31.200000000000003
2020-12-09 17:35:00,2.22,0.0,3.97,6.63,0.0,0.44,18.0,133.20000000000002,0.0,238.20000000000002,397.8,0.0,26.400000000000002
2020-12-09 17:36:00,1.62,0.0,4.45,6.52,0.0,0.45,18.0,97.2,0.0,267.0,391.2,0.0,27.0
2020-12-09 17:37:00,1.63,0.0,4.35,6.28,0.0,0.3,18.0,97.8,0.0,261.0,376.8,0.0,18.0
2020-12-09 17:38:00,1.8,0.0,4.15,6.57,0.0,0.62,18.0,108.0,0.0,249.00000000000003,394.20000000000005,0.0,37.2
2020-12-09 17:39:00,1.82,0.0,4.35,6.8,0.0,0.63,18.0,109.2,0.0,261.0,408.0,0.0,37.800000000000004
2020-12-09 17:40:00,28.73,0.0,4.92,43.1,0.0,9.45,18.0,1723.8,0.0,295.2,2586.0,0.0,567.0
2020-12-09 17:41:00,39.38,0.0,5.03,44.78,0.0,0.37,17.0,2362.8,0.0,301.8,2686.8,0.0,22.2
2020-12-09 17:42:00,38.93,0.0,5.15,44.63,0.0,0.55,17.0,2335.8,0.0,309.0,2677.8,0.0,33.0
2020-12-09 17:43:00,42.78,0.0,4.38,58.93,0.0,11.77,16.0,2566.8,0.0,262.8,3535.8,0.0,706.1999999999999
2020-12-09 17:44:00,51.8,0.0,4.95,78.78,0.0,22.03,16.0,3108.0,0.0,297.0,4726.8,0.0,1321.8000000000002
2020-12-09 17:45:00,51.78,0.0,4.57,78.57,0.0,22.22,15.0,3106.8,0.0,274.20000000000005,4714.2,0.0,1333.2
2020-12-09 17:46:00,49.08,0.0,4.77,69.82,0.0,15.97,15.0,2944.7999999999997,0.0,286.2,4189.2,0.0,958.2
2020-12-09 17:47:00,35.2,0.0,5.7,41.42,0.0,0.52,14.0,2112.0,0.0,342.0,2485.2000000000003,0.0,31.200000000000003
2020-12-09 17:48:00,36.3,0.0,4.62,41.35,0.0,0.43,14.0,2178.0,0.0,277.2,2481.0,0.0,25.8
2020-12-09 17:49:00,3.13,0.0,5.0,7.48,0.65,0.0,14.0,187.79999999999998,0.0,300.0,448.8,39.0,0.0
2020-12-09 17:50:00,1.3,0.0,5.07,6.85,0.0,0.48,14.0,78.0,0.0,304.20000000000005,411.0,0.0,28.8
2020-12-09 17:51:00,2.13,0.0,4.13,6.8,0.0,0.54,14.0,127.8,0.0,247.79999999999998,408.0,0.0,32.400000000000006
2020-12-09 17:52:00,1.67,0.0,4.53,6.72,0.0,0.52,14.0,100.2,0.0,271.8,403.2,0.0,31.200000000000003
2020-12-09 17:53:00,1.45,0.0,4.77,6.75,0.0,0.53,14.0,87.0,0.0,286.2,405.0,0.0,31.8
2020-12-09 17:54:00,1.93,0.0,4.33,6.73,0.0,0.47,14.0,115.8,0.0,259.8,403.8,0.0,28.2
2020-12-09 17:55:00,1.08,0.0,5.28,6.72,0.0,0.36,14.0,64.80000000000001,0.0,316.8,403.2,0.0,21.599999999999998
2020-12-09 17:56:00,1.48,0.0,4.63,6.52,0.0,0.41,14.0,88.8,0.0,277.8,391.2,0.0,24.599999999999998
2020-12-09 17:57:00,1.3,0.0,4.77,6.55,0.0,0.48,14.0,78.0,0.0,286.2,393.0,0.0,28.8
2020-12-09 17:58:00,1.25,0.0,4.8,6.65,0.0,0.6,13.0,75.0,0.0,288.0,399.0,0.0,36.0
2020-12-09 17:59:00,1.07,0.0,5.27,6.68,0.0,0.34,13.0,64.2,0.0,316.2,400.8,0.0,20.400000000000002
2020-12-09 18:00:00,30.43,0.0,4.78,38.75,0.0,3.54,13.0,1825.8,0.0,286.8,2325.0,0.0,212.4
2020-12-09 18:01:00,44.13,0.0,5.28,49.83,0.0,0.42,13.0,2647.8,0.0,316.8,2989.7999999999997,0.0,25.2
2020-12-09 18:02:00,43.25,0.0,6.08,49.7,0.0,0.37,12.0,2595.0,0.0,364.8,2982.0,0.0,22.2
2020-12-09 18:03:00,44.35,0.0,4.87,49.68,0.0,0.46,12.0,2661.0,0.0,292.2,2980.8,0.0,27.6
2020-12-09 18:04:00,45.15,0.0,4.28,49.87,0.0,0.44,11.0,2709.0,0.0,256.8,2992.2,0.0,26.400000000000002
2020-12-09 18:05:00,46.08,0.0,4.2,51.27,0.0,0.99,11.0,2764.7999999999997,0.0,252.0,3076.2000000000003,0.0,59.4
2020-12-09 18:06:00,13.57,0.0,6.05,53.12,0.0,33.5,10.0,814.2,0.0,363.0,3187.2,0.0,2010.0
2020-12-09 18:07:00,0.03,0.0,3.48,52.73,0.0,49.22,10.0,1.8,0.0,208.8,3163.7999999999997,0.0,2953.2
2020-12-09 18:08:00,0.0,0.0,5.85,51.15,0.0,45.3,10.0,0.0,0.0,351.0,3069.0,0.0,2718.0
2020-12-09 18:09:00,0.0,0.0,3.68,47.07,0.0,43.39,10.0,0.0,0.0,220.8,2824.2000000000003,0.0,2603.4
2020-12-09 18:10:00,0.0,0.0,4.65,47.0,0.0,42.35,10.0,0.0,0.0,279.0,2820.0,0.0,2541.0
2020-12-09 18:11:00,0.0,0.0,4.7,47.35,0.0,42.65,10.0,0.0,0.0,282.0,2841.0,0.0,2559.0
2020-12-09 18:12:00,0.0,0.0,4.65,28.35,0.0,23.7,10.0,0.0,0.0,279.0,1701.0,0.0,1422.0
2020-12-09 18:13:00,0.0,0.0,5.72,48.48,0.0,42.76,10.0,0.0,0.0,343.2,2908.7999999999997,0.0,2565.6
2020-12-09 18:14:00,0.0,1.13,6.45,12.58,0.0,7.26,10.0,0.0,67.8,387.0,754.8000000000001,0.0,435.59999999999997
2020-12-09 18:15:00,0.0,1.35,5.55,9.15,0.0,4.95,10.0,0.0,81.0,333.0,549.0,0.0,297.0
2020-12-09 18:16:00,0.0,0.0,4.95,16.27,0.0,11.32,10.0,0.0,0.0,297.0,976.1999999999999,0.0,679.2
2020-12-09 18:17:00,0.0,0.0,7.13,41.43,0.0,34.3,10.0,0.0,0.0,427.8,2485.8,0.0,2058.0
2020-12-09 18:18:00,0.0,0.0,4.1,44.72,0.0,40.62,10.0,0.0,0.0,245.99999999999997,2683.2,0.0,2437.2
2020-12-09 18:19:00,0.0,0.0,3.72,30.4,0.0,26.68,10.0,0.0,0.0,223.20000000000002,1824.0,0.0,1600.8
2020-12-09 18:20:00,0.0,0.0,4.1,36.85,0.0,32.75,10.0,0.0,0.0,245.99999999999997,2211.0,0.0,1965.0
2020-12-09 18:21:00,0.0,0.0,5.4,36.83,0.0,31.43,10.0,0.0,0.0,324.0,2209.7999999999997,0.0,1885.8
2020-12-09 18:22:00,0.0,0.32,7.9,35.1,0.0,27.52,10.0,0.0,19.2,474.0,2106.0,0.0,1651.2
2020-12-09 18:23:00,0.0,3.63,8.15,9.3,0.0,4.78,11.0,0.0,217.79999999999998,489.0,558.0,0.0,286.8
2020-12-09 18:24:00,0.0,0.0,7.12,9.75,0.0,2.63,10.0,0.0,0.0,427.2,585.0,0.0,157.79999999999998
2020-12-09 18:25:00,0.0,0.72,5.77,7.35,0.0,2.3,10.0,0.0,43.199999999999996,346.2,441.0,0.0,138.0
2020-12-09 18:26:00,0.0,6.08,7.73,6.47,0.0,4.82,10.0,0.0,364.8,463.8,388.2,0.0,289.20000000000005
2020-12-09 18:27:00,0.48,0.0,5.55,6.73,0.0,0.7,11.0,28.8,0.0,333.0,403.8,0.0,42.0
2020-12-09 18:28:00,1.78,0.0,4.32,6.68,0.0,0.58,11.0,106.8,0.0,259.20000000000005,400.8,0.0,34.8
2020-12-09 18:29:00,0.58,0.0,3.63,6.37,0.0,2.16,10.0,34.8,0.0,217.79999999999998,382.2,0.0,129.60000000000002
2020-12-09 18:30:00,0.0,0.0,2.3,6.58,0.0,4.28,10.0,0.0,0.0,138.0,394.8,0.0,256.8
2020-12-09 18:31:00,0.0,0.0,3.77,6.68,0.0,2.91,10.0,0.0,0.0,226.20000000000002,400.8,0.0,174.60000000000002
2020-12-09 18:32:00,0.0,6.65,7.43,6.28,0.0,5.5,10.0,0.0,399.0,445.8,376.8,0.0,330.0
2020-12-09 18:33:00,1.45,0.0,4.82,6.42,0.0,0.15,11.0,87.0,0.0,289.20000000000005,385.2,0.0,9.0
2020-12-09 18:34:00,0.62,0.0,5.3,6.53,0.0,0.61,11.0,37.2,0.0,318.0,391.8,0.0,36.6
2020-12-09 18:35:00,0.0,0.5,5.53,6.68,0.0,1.65,11.0,0.0,30.0,331.8,400.8,0.0,99.0
2020-12-09 18:36:00,0.43,0.0,2.9,6.47,0.0,3.14,10.0,25.8,0.0,174.0,388.2,0.0,188.4
2020-12-09 18:37:00,0.0,0.0,1.57,6.62,0.0,5.05,10.0,0.0,0.0,94.2,397.2,0.0,303.0
2020-12-09 18:38:00,0.0,0.0,1.73,7.27,0.0,5.54,10.0,0.0,0.0,103.8,436.2,0.0,332.40000000000003
2020-12-09 18:39:00,0.0,0.0,1.4,7.52,0.0,6.12,10.0,0.0,0.0,84.0,451.2,0.0,367.2
2020-12-09 18:40:00,0.0,0.0,1.55,25.83,0.0,24.28,10.0,0.0,0.0,93.0,1549.8,0.0,1456.8000000000002
2020-12-09 18:41:00,0.0,0.0,0.78,40.77,0.0,39.99,10.0,0.0,0.0,46.800000000000004,2446.2000000000003,0.0,2399.4
2020-12-09 18:42:00,0.0,0.0,0.78,40.3,0.0,39.52,10.0,0.0,0.0,46.800000000000004,2418.0,0.0,2371.2000000000003
2020-12-09 18:43:00,0.0,0.0,0.9,40.65,0.0,39.75,10.0,0.0,0.0,54.0,2439.0,0.0,2385.0
2020-12-09 18:44:00,0.0,0.0,0.55,34.58,0.0,34.03,10.0,0.0,0.0,33.0,2074.7999999999997,0.0,2041.8000000000002
2020-12-09 18:45:00,0.0,0.0,0.45,7.3,0.0,6.85,10.0,0.0,0.0,27.0,438.0,0.0,411.0
2020-12-09 18:46:00,0.0,0.0,0.57,6.55,0.0,5.98,10.0,0.0,0.0,34.199999999999996,393.0,0.0,358.8
2020-12-09 18:47:00,0.0,0.05,0.77,7.12,0.0,6.4,10.0,0.0,3.0,46.2,427.2,0.0,384.0
2020-12-09 18:48:00,0.0,0.0,0.83,7.07,0.0,6.24,10.0,0.0,0.0,49.8,424.20000000000005,0.0,374.40000000000003
2020-12-09 18:49:00,0.0,0.0,1.12,6.92,0.0,5.8,10.0,0.0,0.0,67.2,415.2,0.0,348.0
2020-12-09 18:50:00,0.0,0.0,1.25,18.25,0.0,17.0,10.0,0.0,0.0,75.0,1095.0,0.0,1020.0
2020-12-09 18:51:00,0.0,0.0,0.45,40.35,0.0,39.9,10.0,0.0,0.0,27.0,2421.0,0.0,2394.0
2020-12-09 18:52:00,0.0,0.03,0.18,40.07,0.0,39.92,10.0,0.0,1.8,10.799999999999999,2404.2000000000003,0.0,2395.2000000000003
2020-12-09 18:53:00,0.0,0.0,0.33,40.38,0.0,40.05,10.0,0.0,0.0,19.8,2422.8,0.0,2403.0
2020-12-09 18:54:00,0.0,0.0,0.4,40.42,0.0,40.02,10.0,0.0,0.0,24.0,2425.2000000000003,0.0,2401.2000000000003
2020-12-09 18:55:00,0.0,0.07,0.17,40.38,0.0,40.28,10.0,0.0,4.2,10.200000000000001,2422.8,0.0,2416.8
2020-12-09 18:56:00,0.0,0.28,0.0,35.38,0.0,35.66,10.0,0.0,16.8,0.0,2122.8,0.0,2139.6
2020-12-09 18:57:00,0.0,0.07,0.0,7.72,0.0,7.79,10.0,0.0,4.2,0.0,463.2,0.0,467.40000000000003
2020-12-09 18:58:00,0.0,0.08,0.0,7.75,0.0,7.83,10.0,0.0,4.8,0.0,465.0,0.0,469.8
2020-12-09 18:59:00,0.0,0.4,0.0,7.73,0.0,8.13,10.0,0.0,24.0,0.0,463.8,0.0,487.80000000000007
2020-12-09 19:00:00,0.0,0.53,0.0,7.77,0.0,8.3,10.0,0.0,31.8,0.0,466.2,0.0,498.00000000000006
2020-12-09 19:01:00,0.0,0.68,0.0,7.7,0.0,8.38,10.0,0.0,40.800000000000004,0.0,462.0,0.0,502.80000000000007
2020-12-09 19:02:00,0.0,0.37,0.0,7.88,0.0,8.25,10.0,0.0,22.2,0.0,472.8,0.0,495.0
2020-12-09 19:03:00,0.0,0.0,0.0,7.82,0.0,7.82,10.0,0.0,0.0,0.0,469.20000000000005,0.0,469.20000000000005
2020-12-09 19:04:00,0.0,0.0,0.0,7.75,0.0,7.75,10.0,0.0,0.0,0.0,465.0,0.0,465.0
2020-12-09 19:05:00,0.0,0.0,0.0,8.0,0.0,8.0,10.0,0.0,0.0,0.0,480.0,0.0,480.0
2020-12-09 19:06:00,0.0,0.0,0.0,7.67,0.0,7.67,10.0,0.0,0.0,0.0,460.2,0.0,460.2
2020-12-09 19:07:00,0.0,0.03,0.0,7.55,0.0,7.58,10.0,0.0,1.8,0.0,453.0,0.0,454.8
2020-12-09 19:08:00,0.0,0.0,0.0,7.7,0.0,7.7,10.0,0.0,0.0,0.0,462.0,0.0,462.0
2020-12-09 19:09:00,0.0,0.0,0.0,7.67,0.0,7.67,10.0,0.0,0.0,0.0,460.2,0.0,460.2
2020-12-09 19:10:00,0.0,0.0,0.0,7.67,0.0,7.67,10.0,0.0,0.0,0.0,460.2,0.0,460.2
2020-12-09 19:11:00,0.0,0.0,0.0,7.72,0.0,7.72,10.0,0.0,0.0,0.0,463.2,0.0,463.2
2020-12-09 19:12:00,0.0,0.0,0.0,7.7,0.0,7.7,10.0,0.0,0.0,0.0,462.0,0.0,462.0
2020-12-09 19:13:00,0.0,0.0,0.0,7.68,0.0,7.68,10.0,0.0,0.0,0.0,460.8,0.0,460.8
2020-12-09 19:14:00,0.0,0.0,0.0,7.65,0.0,7.65,10.0,0.0,0.0,0.0,459.0,0.0,459.0
2020-12-09 19:15:00,0.0,0.0,0.0,7.75,0.0,7.75,10.0,0.0,0.0,0.0,465.0,0.0,465.0
2020-12-09 19:16:00,0.0,0.0,0.0,7.7,0.0,7.7,10.0,0.0,0.0,0.0,462.0,0.0,462.0
2020-12-09 19:17:00,0.0,0.0,0.0,7.75,0.0,7.75,10.0,0.0,0.0,0.0,465.0,0.0,465.0
2020-12-09 19:18:00,0.0,0.0,0.0,7.27,0.0,7.27,10.0,0.0,0.0,0.0,436.2,0.0,436.2
2020-12-09 19:19:00,0.0,0.0,0.0,10.88,0.0,10.88,10.0,0.0,0.0,0.0,652.8000000000001,0.0,652.8000000000001
2020-12-09 19:20:00,0.0,0.0,0.0,28.73,0.0,28.73,10.0,0.0,0.0,0.0,1723.8,0.0,1723.8
2020-12-09 19:21:00,0.0,0.03,0.0,28.68,0.0,28.71,10.0,0.0,1.8,0.0,1720.8,0.0,1722.6000000000001
2020-12-09 19:22:00,0.0,0.0,0.0,27.57,0.0,27.57,10.0,0.0,0.0,0.0,1654.2,0.0,1654.2
2020-12-09 19:23:00,0.0,0.0,0.07,38.45,0.0,38.38,10.0,0.0,0.0,4.2,2307.0,0.0,2302.8
2020-12-09 19:24:00,0.0,0.0,0.0,40.68,0.0,40.68,10.0,0.0,0.0,0.0,2440.8,0.0,2440.8
2020-12-09 19:25:00,0.0,0.0,0.0,41.13,0.0,41.13,10.0,0.0,0.0,0.0,2467.8,0.0,2467.8
2020-12-09 19:26:00,0.0,0.03,0.0,41.28,0.0,41.31,10.0,0.0,1.8,0.0,2476.8,0.0,2478.6000000000004
2020-12-09 19:27:00,0.0,0.08,0.0,27.35,0.0,27.43,10.0,0.0,4.8,0.0,1641.0,0.0,1645.8
2020-12-09 19:28:00,0.0,0.1,0.0,7.37,0.0,7.47,10.0,0.0,6.0,0.0,442.2,0.0,448.2
2020-12-09 19:29:00,0.0,0.08,0.0,7.3,0.0,7.38,10.0,0.0,4.8,0.0,438.0,0.0,442.8
2020-12-09 19:30:00,0.0,0.1,0.0,7.53,0.0,7.63,10.0,0.0,6.0,0.0,451.8,0.0,457.8
2020-12-09 19:31:00,0.0,0.12,0.0,7.52,0.0,7.64,10.0,0.0,7.2,0.0,451.2,0.0,458.4
2020-12-09 19:32:00,0.0,0.12,0.0,7.48,0.0,7.6,10.0,0.0,7.2,0.0,448.8,0.0,456.0
2020-12-09 19:33:00,0.0,0.13,0.0,7.4,0.0,7.53,10.0,0.0,7.800000000000001,0.0,444.0,0.0,451.8
2020-12-09 19:34:00,0.0,0.12,0.0,7.42,0.0,7.54,10.0,0.0,7.2,0.0,445.2,0.0,452.40000000000003
2020-12-09 19:35:00,0.0,0.1,0.0,7.03,0.0,7.13,10.0,0.0,6.0,0.0,421.8,0.0,427.8
2020-12-09 19:36:00,0.0,0.12,0.0,7.17,0.0,7.29,10.0,0.0,7.2,0.0,430.2,0.0,437.40000000000003
2020-12-09 19:37:00,0.0,0.13,0.03,6.32,0.0,6.42,10.0,0.0,7.800000000000001,1.8,379.20000000000005,0.0,385.2
2020-12-09 19:38:00,0.0,0.13,0.0,6.25,0.0,6.38,10.0,0.0,7.800000000000001,0.0,375.0,0.0,382.8
2020-12-09 19:39:00,0.0,0.17,0.0,6.12,0.0,6.29,10.0,0.0,10.200000000000001,0.0,367.2,0.0,377.40000000000003
2020-12-09 19:40:00,0.0,0.17,0.0,6.22,0.0,6.39,10.0,0.0,10.200000000000001,0.0,373.2,0.0,383.4
2020-12-09 19:41:00,0.0,0.17,0.0,6.15,0.0,6.32,10.0,0.0,10.200000000000001,0.0,369.0,0.0,379.20000000000005
2020-12-09 19:42:00,0.0,0.15,0.0,6.1,0.0,6.25,10.0,0.0,9.0,0.0,366.0,0.0,375.0
2020-12-09 19:43:00,0.0,0.15,0.0,6.12,0.0,6.27,10.0,0.0,9.0,0.0,367.2,0.0,376.2
2020-12-09 19:44:00,0.0,0.15,0.0,6.1,0.0,6.25,10.0,0.0,9.0,0.0,366.0,0.0,375.0
2020-12-09 19:45:00,0.0,0.15,0.0,16.93,0.0,17.08,10.0,0.0,9.0,0.0,1015.8,0.0,1024.8
2020-12-09 19:46:00,0.0,0.13,0.0,27.57,0.0,27.7,10.0,0.0,7.800000000000001,0.0,1654.2,0.0,1662.0
2020-12-09 19:47:00,0.0,0.15,0.0,16.17,0.0,16.32,10.0,0.0,9.0,0.0,970.2000000000002,0.0,979.2
2020-12-09 19:48:00,0.0,0.15,0.0,5.95,0.0,6.1,10.0,0.0,9.0,0.0,357.0,0.0,366.0
2020-12-09 19:49:00,0.0,0.15,0.0,6.07,0.0,6.22,10.0,0.0,9.0,0.0,364.20000000000005,0.0,373.2
2020-12-09 19:50:00,0.0,0.15,0.0,15.22,0.0,15.37,10.0,0.0,9.0,0.0,913.2,0.0,922.1999999999999
2020-12-09 19:51:00,0.0,0.15,0.0,5.95,0.0,6.1,10.0,0.0,9.0,0.0,357.0,0.0,366.0
2020-12-09 19:52:00,0.0,0.15,0.0,6.07,0.0,6.22,10.0,0.0,9.0,0.0,364.20000000000005,0.0,373.2
2020-12-09 19:53:00,0.0,0.15,0.0,6.03,0.0,6.18,10.0,0.0,9.0,0.0,361.8,0.0,370.8
2020-12-09 19:54:00,0.0,0.15,0.0,6.03,0.0,6.18,10.0,0.0,9.0,0.0,361.8,0.0,370.8
2020-12-09 19:55:00,0.0,0.15,0.0,5.57,0.0,5.72,10.0,0.0,9.0,0.0,334.20000000000005,0.0,343.2
2020-12-09 19:56:00,0.0,0.15,0.0,5.63,0.0,5.78,10.0,0.0,9.0,0.0,337.8,0.0,346.8
2020-12-09 19:57:00,0.0,0.15,0.0,6.03,0.0,6.18,10.0,0.0,9.0,0.0,361.8,0.0,370.8
2020-12-09 19:58:00,0.0,0.15,0.0,6.37,0.0,6.52,10.0,0.0,9.0,0.0,382.2,0.0,391.2
2020-12-09 19:59:00,0.0,0.15,0.0,6.28,0.0,6.43,10.0,0.0,9.0,0.0,376.8,0.0,385.8
2020-12-09 20:00:00,0.0,0.15,0.0,6.35,0.0,6.5,10.0,0.0,9.0,0.0,381.0,0.0,390.0
2020-12-09 20:01:00,0.0,0.15,0.0,6.33,0.0,6.48,10.0,0.0,9.0,0.0,379.8,0.0,388.8
2020-12-09 20:02:00,0.0,0.15,0.0,5.35,0.0,5.5,10.0,0.0,9.0,0.0,321.0,0.0,330.0
2020-12-09 20:03:00,0.0,0.15,0.0,6.82,0.0,6.97,10.0,0.0,9.0,0.0,409.20000000000005,0.0,418.2
2020-12-09 20:04:00,0.0,0.15,0.0,39.78,0.0,39.93,10.0,0.0,9.0,0.0,2386.8,0.0,2395.8
2020-12-09 20:05:00,0.0,0.15,0.0,39.55,0.0,39.7,10.0,0.0,9.0,0.0,2373.0,0.0,2382.0
2020-12-09 20:06:00,0.0,0.15,0.0,47.58,0.0,47.73,10.0,0.0,9.0,0.0,2854.7999999999997,0.0,2863.7999999999997
2020-12-09 20:07:00,0.0,0.15,0.0,72.1,0.0,72.25,10.0,0.0,9.0,0.0,4326.0,0.0,4335.0
2020-12-09 20:08:00,0.0,0.15,0.0,57.62,0.0,57.77,10.0,0.0,9.0,0.0,3457.2,0.0,3466.2000000000003
2020-12-09 20:09:00,0.0,0.15,0.0,39.6,0.0,39.75,10.0,0.0,9.0,0.0,2376.0,0.0,2385.0
2020-12-09 20:10:00,0.0,0.15,0.0,39.62,0.0,39.77,10.0,0.0,9.0,0.0,2377.2,0.0,2386.2000000000003
2020-12-09 20:11:00,0.0,0.15,0.0,39.93,0.0,40.08,10.0,0.0,9.0,0.0,2395.8,0.0,2404.7999999999997
2020-12-09 20:12:00,0.0,0.15,0.0,40.08,0.0,40.23,10.0,0.0,9.0,0.0,2404.7999999999997,0.0,2413.7999999999997
2020-12-09 20:13:00,0.0,0.15,0.0,40.27,0.0,40.42,10.0,0.0,9.0,0.0,2416.2000000000003,0.0,2425.2000000000003
2020-12-09 20:14:00,0.0,0.15,0.0,40.07,0.0,40.22,10.0,0.0,9.0,0.0,2404.2000000000003,0.0,2413.2
2020-12-09 20:15:00,0.0,0.15,0.0,40.48,0.0,40.63,10.0,0.0,9.0,0.0,2428.7999999999997,0.0,2437.8
2020-12-09 20:16:00,0.0,0.15,0.0,37.22,0.0,37.37,10.0,0.0,9.0,0.0,2233.2,0.0,2242.2
2020-12-09 20:17:00,0.0,0.15,0.0,5.87,0.0,6.02,10.0,0.0,9.0,0.0,352.2,0.0,361.2
2020-12-09 20:18:00,0.0,0.15,0.0,5.92,0.0,6.07,10.0,0.0,9.0,0.0,355.2,0.0,364.20000000000005
2020-12-09 20:19:00,0.0,0.15,0.0,6.0,0.0,6.15,10.0,0.0,9.0,0.0,360.0,0.0,369.0
2020-12-09 20:20:00,0.0,0.15,0.0,6.02,0.0,6.17,10.0,0.0,9.0,0.0,361.2,0.0,370.2
2020-12-09 20:21:00,0.0,0.15,0.0,6.02,0.0,6.17,10.0,0.0,9.0,0.0,361.2,0.0,370.2
2020-12-09 20:22:00,0.0,0.15,0.0,6.03,0.0,6.18,10.0,0.0,9.0,0.0,361.8,0.0,370.8
2020-12-09 20:23:00,0.0,0.15,0.0,6.05,0.0,6.2,10.0,0.0,9.0,0.0,363.0,0.0,372.0
2020-12-09 20:24:00,0.0,0.15,0.0,6.03,0.0,6.18,10.0,0.0,9.0,0.0,361.8,0.0,370.8
2020-12-09 20:25:00,0.0,0.15,0.0,5.93,0.0,6.08,10.0,0.0,9.0,0.0,355.8,0.0,364.8
2020-12-09 20:26:00,0.0,0.15,0.0,5.92,0.0,6.07,10.0,0.0,9.0,0.0,355.2,0.0,364.20000000000005
2020-12-09 20:27:00,0.0,0.15,0.0,5.93,0.0,6.08,10.0,0.0,9.0,0.0,355.8,0.0,364.8
2020-12-09 20:28:00,0.0,0.15,0.0,5.95,0.0,6.1,10.0,0.0,9.0,0.0,357.0,0.0,366.0
2020-12-09 20:29:00,0.0,0.15,0.0,5.98,0.0,6.13,10.0,0.0,9.0,0.0,358.8,0.0,367.8
2020-12-09 20:30:00,0.0,0.15,0.0,5.92,0.0,6.07,10.0,0.0,9.0,0.0,355.2,0.0,364.20000000000005
2020-12-09 20:31:00,0.0,0.15,0.0,5.87,0.0,6.02,10.0,0.0,9.0,0.0,352.2,0.0,361.2
2020-12-09 20:32:00,0.0,0.15,0.0,5.88,0.0,6.03,10.0,0.0,9.0,0.0,352.8,0.0,361.8
2020-12-09 20:33:00,0.0,0.15,0.0,5.95,0.0,6.1,10.0,0.0,9.0,0.0,357.0,0.0,366.0
2020-12-09 20:34:00,0.0,0.15,0.0,5.95,0.0,6.1,10.0,0.0,9.0,0.0,357.0,0.0,366.0
2020-12-09 20:35:00,0.0,0.15,0.0,5.97,0.0,6.12,10.0,0.0,9.0,0.0,358.2,0.0,367.2
2020-12-09 20:36:00,0.0,0.15,0.0,5.92,0.0,6.07,10.0,0.0,9.0,0.0,355.2,0.0,364.20000000000005
2020-12-09 20:37:00,0.0,0.15,0.0,5.8,0.0,5.95,10.0,0.0,9.0,0.0,348.0,0.0,357.0
2020-12-09 20:38:00,0.0,0.15,0.0,5.83,0.0,5.98,10.0,0.0,9.0,0.0,349.8,0.0,358.8
2020-12-09 20:39:00,0.0,0.15,0.0,5.88,0.0,6.03,10.0,0.0,9.0,0.0,352.8,0.0,361.8
2020-12-09 20:40:00,0.0,0.15,0.0,5.93,0.0,6.08,10.0,0.0,9.0,0.0,355.8,0.0,364.8
2020-12-09 20:41:00,0.0,0.15,0.0,12.02,0.0,12.17,10.0,0.0,9.0,0.0,721.1999999999999,0.0,730.2
2020-12-09 20:42:00,0.0,0.15,0.0,39.2,0.0,39.35,10.0,0.0,9.0,0.0,2352.0,0.0,2361.0
2020-12-09 20:43:00,0.0,0.15,0.0,9.73,0.0,9.88,10.0,0.0,9.0,0.0,583.8000000000001,0.0,592.8000000000001
2020-12-09 20:44:00,0.0,0.15,0.0,5.67,0.0,5.82,10.0,0.0,9.0,0.0,340.2,0.0,349.20000000000005
2020-12-09 20:45:00,0.0,0.15,0.0,5.93,0.0,6.08,10.0,0.0,9.0,0.0,355.8,0.0,364.8
2020-12-09 20:46:00,0.0,0.15,0.0,5.93,0.0,6.08,10.0,0.0,9.0,0.0,355.8,0.0,364.8
2020-12-09 20:47:00,0.0,0.15,0.0,5.93,0.0,6.08,10.0,0.0,9.0,0.0,355.8,0.0,364.8
2020-12-09 20:48:00,0.0,0.15,0.0,5.95,0.0,6.1,10.0,0.0,9.0,0.0,357.0,0.0,366.0
2020-12-09 20:49:00,0.0,0.15,0.0,6.0,0.0,6.15,10.0,0.0,9.0,0.0,360.0,0.0,369.0
2020-12-09 20:50:00,0.0,0.15,0.0,6.07,0.0,6.22,10.0,0.0,9.0,0.0,364.20000000000005,0.0,373.2
2020-12-09 20:51:00,0.0,0.15,0.0,6.17,0.0,6.32,10.0,0.0,9.0,0.0,370.2,0.0,379.20000000000005
2020-12-09 20:52:00,0.0,0.15,0.0,6.2,0.0,6.35,10.0,0.0,9.0,0.0,372.0,0.0,381.0
2020-12-09 20:53:00,0.0,0.15,0.0,6.0,0.0,6.15,10.0,0.0,9.0,0.0,360.0,0.0,369.0
2020-12-09 20:54:00,0.0,0.15,0.0,5.43,0.0,5.58,10.0,0.0,9.0,0.0,325.8,0.0,334.8
2020-12-09 20:55:00,0.0,0.15,0.0,5.73,0.0,5.88,10.0,0.0,9.0,0.0,343.8,0.0,352.8
2020-12-09 20:56:00,0.0,0.15,0.0,6.0,0.0,6.15,10.0,0.0,9.0,0.0,360.0,0.0,369.0
2020-12-09 20:57:00,0.0,0.15,0.0,6.02,0.0,6.17,10.0,0.0,9.0,0.0,361.2,0.0,370.2
2020-12-09 20:58:00,0.0,0.15,0.0,6.03,0.0,6.18,10.0,0.0,9.0,0.0,361.8,0.0,370.8
2020-12-09 20:59:00,0.0,0.15,0.0,6.08,0.0,6.23,10.0,0.0,9.0,0.0,364.8,0.0,373.8
2020-12-09 21:00:00,0.0,0.15,0.0,6.07,0.0,6.22,10.0,0.0,9.0,0.0,364.20000000000005,0.0,373.2
2020-12-09 21:01:00,0.0,0.15,0.0,6.1,0.0,6.25,10.0,0.0,9.0,0.0,366.0,0.0,375.0
2020-12-09 21:02:00,0.0,0.15,0.0,6.17,0.0,6.32,10.0,0.0,9.0,0.0,370.2,0.0,379.20000000000005
2020-12-09 21:03:00,0.0,0.15,0.0,5.98,0.0,6.13,10.0,0.0,9.0,0.0,358.8,0.0,367.8
2020-12-09 21:04:00,0.0,0.15,0.0,5.88,0.0,6.03,10.0,0.0,9.0,0.0,352.8,0.0,361.8
2020-12-09 21:05:00,0.0,0.15,0.0,5.35,0.0,5.5,10.0,0.0,9.0,0.0,321.0,0.0,330.0
2020-12-09 21:06:00,0.0,0.15,0.0,5.78,0.0,5.93,10.0,0.0,9.0,0.0,346.8,0.0,355.8
2020-12-09 21:07:00,0.0,0.15,0.0,6.28,0.0,6.43,10.0,0.0,9.0,0.0,376.8,0.0,385.8
2020-12-09 21:08:00,0.0,0.15,0.0,6.0,0.0,6.15,10.0,0.0,9.0,0.0,360.0,0.0,369.0
2020-12-09 21:09:00,0.0,0.15,0.0,5.97,0.0,6.12,10.0,0.0,9.0,0.0,358.2,0.0,367.2
2020-12-09 21:10:00,0.0,0.15,0.0,5.95,0.0,6.1,10.0,0.0,9.0,0.0,357.0,0.0,366.0
2020-12-09 21:11:00,0.0,0.15,0.0,6.05,0.0,6.2,10.0,0.0,9.0,0.0,363.0,0.0,372.0
2020-12-09 21:12:00,0.0,0.15,0.0,6.08,0.0,6.23,10.0,0.0,9.0,0.0,364.8,0.0,373.8
2020-12-09 21:13:00,0.0,0.15,0.0,6.03,0.0,6.18,10.0,0.0,9.0,0.0,361.8,0.0,370.8
2020-12-09 21:14:00,0.0,0.15,0.0,6.1,0.0,6.25,10.0,0.0,9.0,0.0,366.0,0.0,375.0
2020-12-09 21:15:00,0.0,0.15,0.0,6.15,0.0,6.3,10.0,0.0,9.0,0.0,369.0,0.0,378.0
2020-12-09 21:16:00,0.0,0.15,0.0,5.8,0.0,5.95,10.0,0.0,9.0,0.0,348.0,0.0,357.0
2020-12-09 21:17:00,0.0,0.15,0.0,4.98,0.0,5.13,10.0,0.0,9.0,0.0,298.8,0.0,307.8
2020-12-09 21:18:00,0.0,0.15,0.0,5.38,0.0,5.53,10.0,0.0,9.0,0.0,322.8,0.0,331.8
2020-12-09 21:19:00,0.0,0.15,0.0,8.47,0.0,8.62,10.0,0.0,9.0,0.0,508.20000000000005,0.0,517.1999999999999
2020-12-09 21:20:00,0.0,0.15,0.0,11.18,0.0,11.33,10.0,0.0,9.0,0.0,670.8,0.0,679.8000000000001
2020-12-09 21:21:00,0.0,0.15,0.0,11.25,0.0,11.4,10.0,0.0,9.0,0.0,675.0,0.0,684.0
2020-12-09 21:22:00,0.0,0.15,0.0,5.98,0.0,6.13,10.0,0.0,9.0,0.0,358.8,0.0,367.8
2020-12-09 21:23:00,0.0,0.15,0.0,9.6,0.0,9.75,10.0,0.0,9.0,0.0,576.0,0.0,585.0
2020-12-09 21:24:00,0.0,0.15,0.0,18.13,0.0,18.28,10.0,0.0,9.0,0.0,1087.8,0.0,1096.8000000000002
2020-12-09 21:25:00,0.0,0.15,0.0,18.68,0.0,18.83,10.0,0.0,9.0,0.0,1120.8,0.0,1129.8
2020-12-09 21:26:00,0.0,0.15,0.0,17.38,0.0,17.53,10.0,0.0,9.0,0.0,1042.8,0.0,1051.8000000000002
2020-12-09 21:27:00,0.0,0.15,0.0,11.25,0.0,11.4,10.0,0.0,9.0,0.0,675.0,0.0,684.0
2020-12-09 21:28:00,0.0,0.15,0.0,18.97,0.0,19.12,10.0,0.0,9.0,0.0,1138.2,0.0,1147.2
2020-12-09 21:29:00,0.0,0.15,0.0,14.27,0.0,14.42,10.0,0.0,9.0,0.0,856.1999999999999,0.0,865.2
2020-12-09 21:30:00,0.0,0.15,0.0,17.22,0.0,17.37,10.0,0.0,9.0,0.0,1033.2,0.0,1042.2
2020-12-09 21:31:00,0.0,0.15,0.0,18.65,0.0,18.8,10.0,0.0,9.0,0.0,1119.0,0.0,1128.0
2020-12-09 21:32:00,0.0,0.15,0.0,31.92,0.0,32.07,10.0,0.0,9.0,0.0,1915.2,0.0,1924.2
2020-12-09 21:33:00,0.0,0.15,0.0,38.58,0.0,38.73,10.0,0.0,9.0,0.0,2314.7999999999997,0.0,2323.7999999999997
2020-12-09 21:34:00,0.0,0.15,0.0,5.73,0.0,5.88,10.0,0.0,9.0,0.0,343.8,0.0,352.8
2020-12-09 21:35:00,0.0,0.15,0.0,5.82,0.0,5.97,10.0,0.0,9.0,0.0,349.20000000000005,0.0,358.2
2020-12-09 21:36:00,0.0,0.15,0.0,5.9,0.0,6.05,10.0,0.0,9.0,0.0,354.0,0.0,363.0
2020-12-09 21:37:00,0.0,0.15,0.0,5.98,0.0,6.13,10.0,0.0,9.0,0.0,358.8,0.0,367.8
2020-12-09 21:38:00,0.0,0.15,0.0,18.82,0.0,18.97,10.0,0.0,9.0,0.0,1129.2,0.0,1138.2
2020-12-09 21:39:00,0.0,0.15,0.0,16.62,0.0,16.77,10.0,0.0,9.0,0.0,997.2,0.0,1006.1999999999999
2020-12-09 21:40:00,0.0,0.15,0.0,6.1,0.0,6.25,10.0,0.0,9.0,0.0,366.0,0.0,375.0
2020-12-09 21:41:00,0.0,0.15,0.0,6.1,0.0,6.25,10.0,0.0,9.0,0.0,366.0,0.0,375.0
2020-12-09 21:42:00,0.0,0.15,0.0,6.05,0.0,6.2,10.0,0.0,9.0,0.0,363.0,0.0,372.0
2020-12-09 21:43:00,0.0,0.15,0.0,6.1,0.0,6.25,10.0,0.0,9.0,0.0,366.0,0.0,375.0
2020-12-09 21:44:00,0.0,0.15,0.0,6.07,0.0,6.22,10.0,0.0,9.0,0.0,364.20000000000005,0.0,373.2
2020-12-09 21:45:00,0.0,0.15,0.0,6.02,0.0,6.17,10.0,0.0,9.0,0.0,361.2,0.0,370.2
2020-12-09 21:46:00,0.0,0.15,0.0,6.08,0.0,6.23,10.0,0.0,9.0,0.0,364.8,0.0,373.8
2020-12-09 21:47:00,0.0,0.15,0.0,6.08,0.0,6.23,10.0,0.0,9.0,0.0,364.8,0.0,373.8
2020-12-09 21:48:00,0.0,0.15,0.0,6.0,0.0,6.15,10.0,0.0,9.0,0.0,360.0,0.0,369.0
2020-12-09 21:49:00,0.0,0.15,0.0,5.9,0.0,6.05,10.0,0.0,9.0,0.0,354.0,0.0,363.0
2020-12-09 21:50:00,0.0,0.15,0.0,5.82,0.0,5.97,10.0,0.0,9.0,0.0,349.20000000000005,0.0,358.2
2020-12-09 21:51:00,0.0,0.15,0.0,5.83,0.0,5.98,10.0,0.0,9.0,0.0,349.8,0.0,358.8
2020-12-09 21:52:00,0.0,0.15,0.0,5.87,0.0,6.02,10.0,0.0,9.0,0.0,352.2,0.0,361.2
2020-12-09 21:53:00,0.0,0.15,0.0,5.83,0.0,5.98,10.0,0.0,9.0,0.0,349.8,0.0,358.8
2020-12-09 21:54:00,0.0,0.15,0.0,5.85,0.0,6.0,10.0,0.0,9.0,0.0,351.0,0.0,360.0
2020-12-09 21:55:00,0.0,0.15,0.0,5.83,0.0,5.98,10.0,0.0,9.0,0.0,349.8,0.0,358.8
2020-12-09 21:56:00,0.0,0.15,0.0,5.82,0.0,5.97,10.0,0.0,9.0,0.0,349.20000000000005,0.0,358.2
2020-12-09 21:57:00,0.0,0.15,0.0,5.8,0.0,5.95,10.0,0.0,9.0,0.0,348.0,0.0,357.0
2020-12-09 21:58:00,0.0,0.15,0.0,6.0,0.0,6.15,10.0,0.0,9.0,0.0,360.0,0.0,369.0
2020-12-09 21:59:00,0.0,0.15,0.0,6.12,0.0,6.27,10.0,0.0,9.0,0.0,367.2,0.0,376.2
2020-12-09 22:00:00,0.0,0.15,0.0,6.03,0.0,6.18,10.0,0.0,9.0,0.0,361.8,0.0,370.8
2020-12-09 22:01:00,0.0,0.15,0.0,6.03,0.0,6.18,10.0,0.0,9.0,0.0,361.8,0.0,370.8
2020-12-09 22:02:00,0.0,0.15,0.0,5.98,0.0,6.13,10.0,0.0,9.0,0.0,358.8,0.0,367.8
2020-12-09 22:03:00,0.0,0.15,0.0,5.98,0.0,6.13,10.0,0.0,9.0,0.0,358.8,0.0,367.8
2020-12-09 22:04:00,0.0,0.15,0.0,5.95,0.0,6.1,10.0,0.0,9.0,0.0,357.0,0.0,366.0
2020-12-09 22:05:00,0.0,0.15,0.0,5.87,0.0,6.02,10.0,0.0,9.0,0.0,352.2,0.0,361.2
2020-12-09 22:06:00,0.0,0.15,0.0,6.03,0.0,6.18,10.0,0.0,9.0,0.0,361.8,0.0,370.8
2020-12-09 22:07:00,0.0,0.15,0.0,5.9,0.0,6.05,10.0,0.0,9.0,0.0,354.0,0.0,363.0
2020-12-09 22:08:00,0.0,0.15,0.0,5.88,0.0,6.03,10.0,0.0,9.0,0.0,352.8,0.0,361.8
2020-12-09 22:09:00,0.0,0.15,0.0,5.92,0.0,6.07,10.0,0.0,9.0,0.0,355.2,0.0,364.20000000000005
2020-12-09 22:10:00,0.0,0.15,0.0,5.85,0.0,6.0,10.0,0.0,9.0,0.0,351.0,0.0,360.0
2020-12-09 22:11:00,0.0,0.15,0.0,5.88,0.0,6.03,10.0,0.0,9.0,0.0,352.8,0.0,361.8
2020-12-09 22:12:00,0.0,0.15,0.0,5.87,0.0,6.02,10.0,0.0,9.0,0.0,352.2,0.0,361.2
2020-12-09 22:13:00,0.0,0.15,0.0,5.88,0.0,6.03,10.0,0.0,9.0,0.0,352.8,0.0,361.8
2020-12-09 22:14:00,0.0,0.15,0.0,5.88,0.0,6.03,10.0,0.0,9.0,0.0,352.8,0.0,361.8
2020-12-09 22:15:00,0.0,0.15,0.0,5.82,0.0,5.97,10.0,0.0,9.0,0.0,349.20000000000005,0.0,358.2
2020-12-09 22:16:00,0.0,0.15,0.0,5.85,0.0,6.0,10.0,0.0,9.0,0.0,351.0,0.0,360.0
2020-12-09 22:17:00,0.0,0.15,0.0,5.77,0.0,5.92,10.0,0.0,9.0,0.0,346.2,0.0,355.2
2020-12-09 22:18:00,0.0,0.15,0.0,5.77,0.0,5.92,10.0,0.0,9.0,0.0,346.2,0.0,355.2
2020-12-09 22:19:00,0.0,0.15,0.0,10.82,0.0,10.97,10.0,0.0,9.0,0.0,649.2,0.0,658.2
2020-12-09 22:20:00,0.0,0.15,0.0,39.4,0.0,39.55,10.0,0.0,9.0,0.0,2364.0,0.0,2373.0
2020-12-09 22:21:00,0.0,0.15,0.0,39.32,0.0,39.47,10.0,0.0,9.0,0.0,2359.2000000000003,0.0,2368.2
2020-12-09 22:22:00,0.0,0.15,0.0,39.53,0.0,39.68,10.0,0.0,9.0,0.0,2371.8,0.0,2380.8
2020-12-09 22:23:00,0.0,0.15,0.0,32.33,0.0,32.48,10.0,0.0,9.0,0.0,1939.8,0.0,1948.7999999999997
2020-12-09 22:24:00,0.0,0.15,0.0,6.83,0.0,6.98,10.0,0.0,9.0,0.0,409.8,0.0,418.8
2020-12-09 22:25:00,0.0,0.15,0.0,8.2,0.0,8.35,10.0,0.0,9.0,0.0,491.99999999999994,0.0,501.0
2020-12-09 22:26:00,0.0,0.15,0.0,8.02,0.0,8.17,10.0,0.0,9.0,0.0,481.2,0.0,490.2
2020-12-09 22:27:00,0.0,0.15,0.0,8.0,0.0,8.15,10.0,0.0,9.0,0.0,480.0,0.0,489.0
2020-12-09 22:28:00,0.0,0.17,0.0,8.12,0.0,8.29,10.0,0.0,10.200000000000001,0.0,487.19999999999993,0.0,497.4
2020-12-09 22:29:00,0.0,0.17,0.0,8.02,0.0,8.19,10.0,0.0,10.200000000000001,0.0,481.2,0.0,491.4
2020-12-09 22:30:00,0.0,0.15,0.0,7.95,0.0,8.1,10.0,0.0,9.0,0.0,477.0,0.0,486.0
2020-12-09 22:31:00,0.0,0.15,0.0,7.8,0.0,7.95,10.0,0.0,9.0,0.0,468.0,0.0,477.0
2020-12-09 22:32:00,0.0,0.15,0.0,7.48,0.0,7.63,10.0,0.0,9.0,0.0,448.8,0.0,457.8
2020-12-09 22:33:00,0.0,0.17,0.0,7.35,0.0,7.52,10.0,0.0,10.200000000000001,0.0,441.0,0.0,451.2
2020-12-09 22:34:00,0.0,0.17,0.0,7.42,0.0,7.59,10.0,0.0,10.200000000000001,0.0,445.2,0.0,455.4
2020-12-09 22:35:00,0.0,0.17,0.0,7.42,0.0,7.59,10.0,0.0,10.200000000000001,0.0,445.2,0.0,455.4
2020-12-09 22:36:00,0.0,0.15,0.0,7.4,0.0,7.55,10.0,0.0,9.0,0.0,444.0,0.0,453.0
2020-12-09 22:37:00,0.0,0.15,0.0,7.42,0.0,7.57,10.0,0.0,9.0,0.0,445.2,0.0,454.20000000000005
2020-12-09 22:38:00,0.0,0.15,0.0,7.42,0.0,7.57,10.0,0.0,9.0,0.0,445.2,0.0,454.20000000000005
2020-12-09 22:39:00,0.0,0.17,0.0,7.42,0.0,7.59,10.0,0.0,10.200000000000001,0.0,445.2,0.0,455.4
2020-12-09 22:40:00,0.0,0.17,0.0,7.37,0.0,7.54,10.0,0.0,10.200000000000001,0.0,442.2,0.0,452.40000000000003
2020-12-09 22:41:00,0.0,0.17,0.0,7.35,0.0,7.52,10.0,0.0,10.200000000000001,0.0,441.0,0.0,451.2
2020-12-09 22:42:00,0.0,0.15,0.0,7.37,0.0,7.52,10.0,0.0,9.0,0.0,442.2,0.0,451.2
2020-12-09 22:43:00,0.0,0.17,0.0,7.33,0.0,7.5,10.0,0.0,10.200000000000001,0.0,439.8,0.0,450.0
2020-12-09 22:44:00,0.0,0.17,0.0,7.33,0.0,7.5,10.0,0.0,10.200000000000001,0.0,439.8,0.0,450.0
2020-12-09 22:45:00,0.0,0.15,0.0,7.32,0.0,7.47,10.0,0.0,9.0,0.0,439.20000000000005,0.0,448.2
2020-12-09 22:46:00,0.0,0.15,0.0,7.27,0.0,7.42,10.0,0.0,9.0,0.0,436.2,0.0,445.2
2020-12-09 22:47:00,0.0,0.17,0.0,7.27,0.0,7.44,10.0,0.0,10.200000000000001,0.0,436.2,0.0,446.40000000000003
2020-12-09 22:48:00,0.0,0.15,0.0,7.27,0.0,7.42,10.0,0.0,9.0,0.0,436.2,0.0,445.2
2020-12-09 22:49:00,0.0,0.17,0.0,7.3,0.0,7.47,10.0,0.0,10.200000000000001,0.0,438.0,0.0,448.2
2020-12-09 22:50:00,0.0,0.15,0.0,6.88,0.0,7.03,10.0,0.0,9.0,0.0,412.8,0.0,421.8
2020-12-09 22:51:00,0.0,0.15,0.0,7.28,0.0,7.43,10.0,0.0,9.0,0.0,436.8,0.0,445.8
2020-12-09 22:52:00,0.0,0.15,0.0,6.72,0.0,6.87,10.0,0.0,9.0,0.0,403.2,0.0,412.2
2020-12-09 22:53:00,0.0,0.17,0.0,6.48,0.0,6.65,10.0,0.0,10.200000000000001,0.0,388.8,0.0,399.0
2020-12-09 22:54:00,0.0,0.15,0.0,6.5,0.0,6.65,10.0,0.0,9.0,0.0,390.0,0.0,399.0
2020-12-09 22:55:00,0.0,0.15,0.0,6.62,0.0,6.77,10.0,0.0,9.0,0.0,397.2,0.0,406.2
2020-12-09 22:56:00,0.0,0.17,0.0,6.78,0.0,6.95,10.0,0.0,10.200000000000001,0.0,406.8,0.0,417.0
2020-12-09 22:57:00,0.0,0.15,0.0,6.68,0.0,6.83,10.0,0.0,9.0,0.0,400.8,0.0,409.8
2020-12-09 22:58:00,0.0,0.15,0.0,6.42,0.0,6.57,10.0,0.0,9.0,0.0,385.2,0.0,394.20000000000005
2020-12-09 22:59:00,0.0,0.15,0.0,6.35,0.0,6.5,10.0,0.0,9.0,0.0,381.0,0.0,390.0
2020-12-09 23:00:00,0.0,0.15,0.0,6.38,0.0,6.53,10.0,0.0,9.0,0.0,382.8,0.0,391.8
2020-12-09 23:01:00,0.0,0.15,0.0,6.72,0.0,6.87,10.0,0.0,9.0,0.0,403.2,0.0,412.2
2020-12-09 23:02:00,0.0,0.15,0.0,6.87,0.0,7.02,10.0,0.0,9.0,0.0,412.2,0.0,421.2
2020-12-09 23:03:00,0.0,0.15,0.0,6.75,0.0,6.9,10.0,0.0,9.0,0.0,405.0,0.0,414.0
2020-12-09 23:04:00,0.0,0.15,0.0,6.65,0.0,6.8,10.0,0.0,9.0,0.0,399.0,0.0,408.0
2020-12-09 23:05:00,0.0,0.15,0.0,6.57,0.0,6.72,10.0,0.0,9.0,0.0,394.20000000000005,0.0,403.2
2020-12-09 23:06:00,0.0,0.15,0.0,6.53,0.0,6.68,10.0,0.0,9.0,0.0,391.8,0.0,400.8
2020-12-09 23:07:00,0.0,0.15,0.0,6.47,0.0,6.62,10.0,0.0,9.0,0.0,388.2,0.0,397.2
2020-12-09 23:08:00,0.0,0.17,0.0,6.48,0.0,6.65,10.0,0.0,10.200000000000001,0.0,388.8,0.0,399.0
2020-12-09 23:09:00,0.0,0.15,0.0,6.52,0.0,6.67,10.0,0.0,9.0,0.0,391.2,0.0,400.2
2020-12-09 23:10:00,0.0,0.15,0.0,6.5,0.0,6.65,10.0,0.0,9.0,0.0,390.0,0.0,399.0
2020-12-09 23:11:00,0.0,0.15,0.0,6.53,0.0,6.68,10.0,0.0,9.0,0.0,391.8,0.0,400.8
2020-12-09 23:12:00,0.0,0.15,0.0,6.5,0.0,6.65,10.0,0.0,9.0,0.0,390.0,0.0,399.0
2020-12-09 23:13:00,0.0,0.15,0.0,6.5,0.0,6.65,10.0,0.0,9.0,0.0,390.0,0.0,399.0
2020-12-09 23:14:00,0.0,0.15,0.0,6.52,0.0,6.67,10.0,0.0,9.0,0.0,391.2,0.0,400.2
2020-12-09 23:15:00,0.0,0.15,0.0,6.93,0.0,7.08,10.0,0.0,9.0,0.0,415.8,0.0,424.8
2020-12-09 23:16:00,0.0,0.15,0.0,7.08,0.0,7.23,10.0,0.0,9.0,0.0,424.8,0.0,433.8
2020-12-09 23:17:00,0.0,0.15,0.0,6.85,0.0,7.0,10.0,0.0,9.0,0.0,411.0,0.0,420.0
2020-12-09 23:18:00,0.0,0.15,0.0,6.62,0.0,6.77,10.0,0.0,9.0,0.0,397.2,0.0,406.2
2020-12-09 23:19:00,0.0,0.15,0.0,6.48,0.0,6.63,10.0,0.0,9.0,0.0,388.8,0.0,397.8
2020-12-09 23:20:00,0.0,0.15,0.0,6.23,0.0,6.38,10.0,0.0,9.0,0.0,373.8,0.0,382.8
2020-12-09 23:21:00,0.0,0.15,0.0,6.35,0.0,6.5,10.0,0.0,9.0,0.0,381.0,0.0,390.0
2020-12-09 23:22:00,0.0,0.15,0.0,6.33,0.0,6.48,10.0,0.0,9.0,0.0,379.8,0.0,388.8
2020-12-09 23:23:00,0.0,0.15,0.0,6.47,0.0,6.62,10.0,0.0,9.0,0.0,388.2,0.0,397.2
2020-12-09 23:24:00,0.0,0.15,0.0,6.42,0.0,6.57,10.0,0.0,9.0,0.0,385.2,0.0,394.20000000000005
2020-12-09 23:25:00,0.0,0.15,0.0,6.43,0.0,6.58,10.0,0.0,9.0,0.0,385.8,0.0,394.8
2020-12-09 23:26:00,0.0,0.15,0.0,6.45,0.0,6.6,10.0,0.0,9.0,0.0,387.0,0.0,396.0
2020-12-09 23:27:00,0.0,0.15,0.0,6.48,0.0,6.63,10.0,0.0,9.0,0.0,388.8,0.0,397.8
2020-12-09 23:28:00,0.0,0.15,0.0,6.48,0.0,6.63,10.0,0.0,9.0,0.0,388.8,0.0,397.8
2020-12-09 23:29:00,0.0,0.15,0.0,6.45,0.0,6.6,10.0,0.0,9.0,0.0,387.0,0.0,396.0
2020-12-09 23:30:00,0.0,0.15,0.0,6.4,0.0,6.55,10.0,0.0,9.0,0.0,384.0,0.0,393.0
2020-12-09 23:31:00,0.0,0.15,0.0,6.42,0.0,6.57,10.0,0.0,9.0,0.0,385.2,0.0,394.20000000000005
2020-12-09 23:32:00,0.0,0.15,0.0,6.4,0.0,6.55,10.0,0.0,9.0,0.0,384.0,0.0,393.0
2020-12-09 23:33:00,0.0,0.15,0.0,6.4,0.0,6.55,10.0,0.0,9.0,0.0,384.0,0.0,393.0
2020-12-09 23:34:00,0.0,0.15,0.0,6.42,0.0,6.57,10.0,0.0,9.0,0.0,385.2,0.0,394.20000000000005
2020-12-09 23:35:00,0.0,0.15,0.0,6.38,0.0,6.53,10.0,0.0,9.0,0.0,382.8,0.0,391.8
2020-12-09 23:36:00,0.0,0.15,0.0,6.42,0.0,6.57,10.0,0.0,9.0,0.0,385.2,0.0,394.20000000000005
2020-12-09 23:37:00,0.0,0.15,0.0,6.37,0.0,6.52,10.0,0.0,9.0,0.0,382.2,0.0,391.2
2020-12-09 23:38:00,0.0,0.15,0.0,6.4,0.0,6.55,10.0,0.0,9.0,0.0,384.0,0.0,393.0
2020-12-09 23:39:00,0.0,0.15,0.0,6.53,0.0,6.68,10.0,0.0,9.0,0.0,391.8,0.0,400.8
2020-12-09 23:40:00,0.0,0.15,0.0,6.98,0.0,7.13,10.0,0.0,9.0,0.0,418.8,0.0,427.8
2020-12-09 23:41:00,0.0,0.15,0.0,7.23,0.0,7.38,10.0,0.0,9.0,0.0,433.8,0.0,442.8
2020-12-09 23:42:00,0.0,0.15,0.0,7.25,0.0,7.4,10.0,0.0,9.0,0.0,435.0,0.0,444.0
2020-12-09 23:43:00,0.0,0.15,0.0,7.35,0.0,7.5,10.0,0.0,9.0,0.0,441.0,0.0,450.0
2020-12-09 23:44:00,0.0,0.15,0.0,7.27,0.0,7.42,10.0,0.0,9.0,0.0,436.2,0.0,445.2
2020-12-09 23:45:00,0.0,0.15,0.0,7.3,0.0,7.45,10.0,0.0,9.0,0.0,438.0,0.0,447.0
2020-12-09 23:46:00,0.0,0.15,0.0,7.23,0.0,7.38,10.0,0.0,9.0,0.0,433.8,0.0,442.8
2020-12-09 23:47:00,0.0,0.15,0.0,6.9,0.0,7.05,10.0,0.0,9.0,0.0,414.0,0.0,423.0
2020-12-09 23:48:00,0.0,0.15,0.0,6.82,0.0,6.97,10.0,0.0,9.0,0.0,409.20000000000005,0.0,418.2
2020-12-09 23:49:00,0.0,0.15,0.0,6.9,0.0,7.05,10.0,0.0,9.0,0.0,414.0,0.0,423.0
2020-12-09 23:50:00,0.0,0.15,0.0,6.88,0.0,7.03,10.0,0.0,9.0,0.0,412.8,0.0,421.8
2020-12-09 23:51:00,0.0,0.15,0.0,6.87,0.0,7.02,10.0,0.0,9.0,0.0,412.2,0.0,421.2
2020-12-09 23:52:00,0.0,0.15,0.0,6.85,0.0,7.0,10.0,0.0,9.0,0.0,411.0,0.0,420.0
2020-12-09 23:53:00,0.0,0.15,0.0,6.87,0.0,7.02,10.0,0.0,9.0,0.0,412.2,0.0,421.2
2020-12-09 23:54:00,0.0,0.15,0.0,6.9,0.0,7.05,10.0,0.0,9.0,0.0,414.0,0.0,423.0
2020-12-09 23:55:00,0.0,0.15,0.0,6.88,0.0,7.03,9.0,0.0,9.0,0.0,412.8,0.0,421.8
2020-12-09 23:56:00,0.0,0.15,0.0,6.92,0.0,7.07,9.0,0.0,9.0,0.0,415.2,0.0,424.20000000000005
2020-12-09 23:57:00,0.0,0.15,0.0,6.88,0.0,7.03,9.0,0.0,9.0,0.0,412.8,0.0,421.8
2020-12-09 23:58:00,0.0,0.15,0.0,6.85,0.0,7.0,9.0,0.0,9.0,0.0,411.0,0.0,420.0
2020-12-09 23:59:00,0.0,0.15,0.0,6.85,0.0,7.0,9.0,0.0,9.0,0.0,411.0,0.0,420.0
2020-12-10 00:00:00,0.0,0.15,0.0,4.25,0.0,4.4,10.0,0.0,9.0,0.0,255.0,0.0,264.0
2020-12-10 00:01:00,0.0,0.15,0.0,4.32,0.0,4.47,10.0,0.0,9.0,0.0,259.20000000000005,0.0,268.2
2020-12-10 00:02:00,0.0,0.15,0.0,4.1,0.0,4.25,10.0,0.0,9.0,0.0,245.99999999999997,0.0,255.0
2020-12-10 00:03:00,0.0,0.15,0.0,50.95,0.0,51.1,10.0,0.0,9.0,0.0,3057.0,0.0,3066.0
2020-12-10 00:04:00,0.0,0.15,0.0,50.77,0.0,50.92,10.0,0.0,9.0,0.0,3046.2000000000003,0.0,3055.2000000000003
2020-12-10 00:05:00,0.0,0.15,0.0,50.62,0.0,50.77,10.0,0.0,9.0,0.0,3037.2,0.0,3046.2000000000003
2020-12-10 00:06:00,0.0,0.15,0.0,50.68,0.0,50.83,10.0,0.0,9.0,0.0,3040.8,0.0,3049.7999999999997
2020-12-10 00:07:00,0.0,0.15,0.0,47.35,0.0,47.5,10.0,0.0,9.0,0.0,2841.0,0.0,2850.0
2020-12-10 00:08:00,0.0,0.15,0.0,4.38,0.0,4.53,10.0,0.0,9.0,0.0,262.8,0.0,271.8
2020-12-10 00:09:00,0.0,0.15,0.0,4.43,0.0,4.58,10.0,0.0,9.0,0.0,265.8,0.0,274.8
2020-12-10 00:10:00,0.0,0.15,0.0,4.35,0.0,4.5,10.0,0.0,9.0,0.0,261.0,0.0,270.0
2020-12-10 00:11:00,0.0,0.15,0.0,4.33,0.0,4.48,10.0,0.0,9.0,0.0,259.8,0.0,268.8
2020-12-10 00:12:00,0.0,0.15,0.0,4.3,0.0,4.45,10.0,0.0,9.0,0.0,258.0,0.0,267.0
2020-12-10 00:13:00,0.0,0.15,0.0,4.35,0.0,4.5,10.0,0.0,9.0,0.0,261.0,0.0,270.0
2020-12-10 00:14:00,0.0,0.15,0.0,4.37,0.0,4.52,10.0,0.0,9.0,0.0,262.2,0.0,271.2
2020-12-10 00:15:00,0.0,0.15,0.0,4.23,0.0,4.38,10.0,0.0,9.0,0.0,253.80000000000004,0.0,262.8
2020-12-10 00:16:00,0.0,0.15,0.0,4.13,0.0,4.28,10.0,0.0,9.0,0.0,247.79999999999998,0.0,256.8
2020-12-10 00:17:00,0.0,0.15,0.0,4.28,0.0,4.43,10.0,0.0,9.0,0.0,256.8,0.0,265.8
2020-12-10 00:18:00,0.0,0.15,0.0,4.35,0.0,4.5,10.0,0.0,9.0,0.0,261.0,0.0,270.0
2020-12-10 00:19:00,0.0,0.15,0.0,4.32,0.0,4.47,10.0,0.0,9.0,0.0,259.20000000000005,0.0,268.2
2020-12-10 00:20:00,0.0,0.15,0.0,4.33,0.0,4.48,9.0,0.0,9.0,0.0,259.8,0.0,268.8
2020-12-10 00:21:00,0.0,0.15,0.0,4.33,0.0,4.48,9.0,0.0,9.0,0.0,259.8,0.0,268.8
2020-12-10 00:22:00,0.0,0.15,0.0,4.3,0.0,4.45,9.0,0.0,9.0,0.0,258.0,0.0,267.0
2020-12-10 00:23:00,0.0,0.15,0.0,4.35,0.0,4.5,9.0,0.0,9.0,0.0,261.0,0.0,270.0
2020-12-10 00:24:00,0.0,0.15,0.0,4.32,0.0,4.47,9.0,0.0,9.0,0.0,259.20000000000005,0.0,268.2
2020-12-10 00:25:00,0.0,0.15,0.0,4.33,0.0,4.48,9.0,0.0,9.0,0.0,259.8,0.0,268.8
2020-12-10 00:26:00,0.0,0.15,0.0,4.32,0.0,4.47,9.0,0.0,9.0,0.0,259.20000000000005,0.0,268.2
2020-12-10 00:27:00,0.0,0.15,0.0,4.33,0.0,4.48,9.0,0.0,9.0,0.0,259.8,0.0,268.8
2020-12-10 00:28:00,0.0,0.15,0.0,4.32,0.0,4.47,9.0,0.0,9.0,0.0,259.20000000000005,0.0,268.2
2020-12-10 00:29:00,0.0,0.15,0.0,4.33,0.0,4.48,9.0,0.0,9.0,0.0,259.8,0.0,268.8
2020-12-10 00:30:00,0.0,0.15,0.0,4.32,0.0,4.47,9.0,0.0,9.0,0.0,259.20000000000005,0.0,268.2
2020-12-10 00:31:00,0.0,0.15,0.0,4.0,0.0,4.15,9.0,0.0,9.0,0.0,240.0,0.0,249.00000000000003
2020-12-10 00:32:00,0.0,0.15,0.0,4.3,0.0,4.45,9.0,0.0,9.0,0.0,258.0,0.0,267.0
2020-12-10 00:33:00,0.0,0.15,0.0,4.28,0.0,4.43,9.0,0.0,9.0,0.0,256.8,0.0,265.8
2020-12-10 00:34:00,0.0,0.15,0.0,4.17,0.0,4.32,9.0,0.0,9.0,0.0,250.2,0.0,259.20000000000005
2020-12-10 00:35:00,0.0,0.15,0.0,4.32,0.0,4.47,9.0,0.0,9.0,0.0,259.20000000000005,0.0,268.2
2020-12-10 00:36:00,0.0,0.15,0.0,4.33,0.0,4.48,9.0,0.0,9.0,0.0,259.8,0.0,268.8
2020-12-10 00:37:00,0.0,0.15,0.0,4.32,0.0,4.47,9.0,0.0,9.0,0.0,259.20000000000005,0.0,268.2
2020-12-10 00:38:00,0.0,0.15,0.0,4.32,0.0,4.47,9.0,0.0,9.0,0.0,259.20000000000005,0.0,268.2
2020-12-10 00:39:00,0.0,0.15,0.0,4.32,0.0,4.47,9.0,0.0,9.0,0.0,259.20000000000005,0.0,268.2
2020-12-10 00:40:00,0.0,0.15,0.0,4.3,0.0,4.45,9.0,0.0,9.0,0.0,258.0,0.0,267.0
2020-12-10 00:41:00,0.0,0.15,0.0,4.3,0.0,4.45,9.0,0.0,9.0,0.0,258.0,0.0,267.0
2020-12-10 00:42:00,0.0,0.15,0.0,4.3,0.0,4.45,9.0,0.0,9.0,0.0,258.0,0.0,267.0
2020-12-10 00:43:00,0.0,0.15,0.0,4.3,0.0,4.45,9.0,0.0,9.0,0.0,258.0,0.0,267.0
2020-12-10 00:44:00,0.0,0.15,0.0,4.57,0.0,4.72,9.0,0.0,9.0,0.0,274.20000000000005,0.0,283.2
2020-12-10 00:45:00,0.0,0.15,0.0,4.7,0.0,4.85,9.0,0.0,9.0,0.0,282.0,0.0,291.0
2020-12-10 00:46:00,0.0,0.15,0.0,4.7,0.0,4.85,9.0,0.0,9.0,0.0,282.0,0.0,291.0
2020-12-10 00:47:00,0.0,0.15,0.0,4.72,0.0,4.87,9.0,0.0,9.0,0.0,283.2,0.0,292.2
2020-12-10 00:48:00,0.0,0.15,0.0,4.77,0.0,4.92,9.0,0.0,9.0,0.0,286.2,0.0,295.2
2020-12-10 00:49:00,0.0,0.15,0.0,4.77,0.0,4.92,9.0,0.0,9.0,0.0,286.2,0.0,295.2
2020-12-10 00:50:00,0.0,0.15,0.0,4.77,0.0,4.92,9.0,0.0,9.0,0.0,286.2,0.0,295.2
2020-12-10 00:51:00,0.0,0.15,0.0,4.75,0.0,4.9,9.0,0.0,9.0,0.0,285.0,0.0,294.0
2020-12-10 00:52:00,0.0,0.15,0.0,4.75,0.0,4.9,9.0,0.0,9.0,0.0,285.0,0.0,294.0
2020-12-10 00:53:00,0.0,0.15,0.0,4.75,0.0,4.9,9.0,0.0,9.0,0.0,285.0,0.0,294.0
2020-12-10 00:54:00,0.0,0.15,0.0,4.75,0.0,4.9,9.0,0.0,9.0,0.0,285.0,0.0,294.0
2020-12-10 00:55:00,0.0,0.15,0.0,4.52,0.0,4.67,9.0,0.0,9.0,0.0,271.2,0.0,280.2
2020-12-10 00:56:00,0.0,0.15,0.0,4.33,0.0,4.48,9.0,0.0,9.0,0.0,259.8,0.0,268.8
2020-12-10 00:57:00,0.0,0.15,0.0,4.28,0.0,4.43,9.0,0.0,9.0,0.0,256.8,0.0,265.8
2020-12-10 00:58:00,0.0,0.15,0.0,4.08,0.0,4.23,9.0,0.0,9.0,0.0,244.8,0.0,253.80000000000004
2020-12-10 00:59:00,0.0,0.15,0.0,4.33,0.0,4.48,9.0,0.0,9.0,0.0,259.8,0.0,268.8
2020-12-10 01:00:00,0.0,0.15,0.0,4.35,0.0,4.5,9.0,0.0,9.0,0.0,261.0,0.0,270.0
2020-12-10 01:01:00,0.0,0.15,0.0,4.33,0.0,4.48,9.0,0.0,9.0,0.0,259.8,0.0,268.8
2020-12-10 01:02:00,0.0,0.15,0.0,4.33,0.0,4.48,9.0,0.0,9.0,0.0,259.8,0.0,268.8
2020-12-10 01:03:00,0.0,0.15,0.0,4.33,0.0,4.48,9.0,0.0,9.0,0.0,259.8,0.0,268.8
2020-12-10 01:04:00,0.0,0.15,0.0,4.35,0.0,4.5,9.0,0.0,9.0,0.0,261.0,0.0,270.0
2020-12-10 01:05:00,0.0,0.15,0.0,4.35,0.0,4.5,9.0,0.0,9.0,0.0,261.0,0.0,270.0
2020-12-10 01:06:00,0.0,0.13,0.0,4.37,0.0,4.5,9.0,0.0,7.800000000000001,0.0,262.2,0.0,270.0
2020-12-10 01:07:00,0.0,0.15,0.0,4.35,0.0,4.5,9.0,0.0,9.0,0.0,261.0,0.0,270.0
2020-12-10 01:08:00,0.0,0.15,0.0,4.33,0.0,4.48,9.0,0.0,9.0,0.0,259.8,0.0,268.8
2020-12-10 01:09:00,0.0,0.15,0.0,3.27,0.0,3.42,9.0,0.0,9.0,0.0,196.20000000000002,0.0,205.2
2020-12-10 01:10:00,0.0,0.15,0.0,3.02,0.0,3.17,9.0,0.0,9.0,0.0,181.20000000000002,0.0,190.2
2020-12-10 01:11:00,0.0,0.15,0.0,3.03,0.0,3.18,9.0,0.0,9.0,0.0,181.79999999999998,0.0,190.8
2020-12-10 01:12:00,0.0,0.15,0.0,3.05,0.0,3.2,9.0,0.0,9.0,0.0,183.0,0.0,192.0
2020-12-10 01:13:00,0.0,0.15,0.0,3.05,0.0,3.2,9.0,0.0,9.0,0.0,183.0,0.0,192.0
2020-12-10 01:14:00,0.0,0.15,0.0,3.08,0.0,3.23,9.0,0.0,9.0,0.0,184.8,0.0,193.8
2020-12-10 01:15:00,0.0,0.15,0.0,3.07,0.0,3.22,9.0,0.0,9.0,0.0,184.2,0.0,193.20000000000002
2020-12-10 01:16:00,0.0,0.15,0.0,3.08,0.0,3.23,9.0,0.0,9.0,0.0,184.8,0.0,193.8
2020-12-10 01:17:00,0.0,0.15,0.0,3.08,0.0,3.23,9.0,0.0,9.0,0.0,184.8,0.0,193.8
2020-12-10 01:18:00,0.0,0.15,0.0,3.08,0.0,3.23,9.0,0.0,9.0,0.0,184.8,0.0,193.8
2020-12-10 01:19:00,0.0,0.15,0.0,3.08,0.0,3.23,9.0,0.0,9.0,0.0,184.8,0.0,193.8
2020-12-10 01:20:00,0.0,0.15,0.0,3.08,0.0,3.23,9.0,0.0,9.0,0.0,184.8,0.0,193.8
2020-12-10 01:21:00,0.0,0.15,0.0,3.07,0.0,3.22,9.0,0.0,9.0,0.0,184.2,0.0,193.20000000000002
2020-12-10 01:22:00,0.0,0.15,0.0,3.05,0.0,3.2,9.0,0.0,9.0,0.0,183.0,0.0,192.0
2020-12-10 01:23:00,0.0,0.15,0.0,3.07,0.0,3.22,9.0,0.0,9.0,0.0,184.2,0.0,193.20000000000002
2020-12-10 01:24:00,0.0,0.15,0.0,3.08,0.0,3.23,9.0,0.0,9.0,0.0,184.8,0.0,193.8
2020-12-10 01:25:00,0.0,0.15,0.0,3.08,0.0,3.23,9.0,0.0,9.0,0.0,184.8,0.0,193.8
2020-12-10 01:26:00,0.0,0.15,0.0,3.08,0.0,3.23,9.0,0.0,9.0,0.0,184.8,0.0,193.8
2020-12-10 01:27:00,0.0,0.15,0.0,3.1,0.0,3.25,9.0,0.0,9.0,0.0,186.0,0.0,195.0
2020-12-10 01:28:00,0.0,0.15,0.0,3.08,0.0,3.23,9.0,0.0,9.0,0.0,184.8,0.0,193.8
2020-12-10 01:29:00,0.0,0.15,0.0,3.1,0.0,3.25,9.0,0.0,9.0,0.0,186.0,0.0,195.0
2020-12-10 01:30:00,0.0,0.15,0.0,3.08,0.0,3.23,9.0,0.0,9.0,0.0,184.8,0.0,193.8
2020-12-10 01:31:00,0.0,0.15,0.0,3.08,0.0,3.23,9.0,0.0,9.0,0.0,184.8,0.0,193.8
2020-12-10 01:32:00,0.0,0.15,0.0,3.08,0.0,3.23,9.0,0.0,9.0,0.0,184.8,0.0,193.8
2020-12-10 01:33:00,0.0,0.15,0.0,3.07,0.0,3.22,9.0,0.0,9.0,0.0,184.2,0.0,193.20000000000002
2020-12-10 01:34:00,0.0,0.15,0.0,3.08,0.0,3.23,9.0,0.0,9.0,0.0,184.8,0.0,193.8
2020-12-10 01:35:00,0.0,0.15,0.0,3.05,0.0,3.2,9.0,0.0,9.0,0.0,183.0,0.0,192.0
2020-12-10 01:36:00,0.0,0.15,0.0,3.08,0.0,3.23,9.0,0.0,9.0,0.0,184.8,0.0,193.8
2020-12-10 01:37:00,0.0,0.15,0.0,3.08,0.0,3.23,9.0,0.0,9.0,0.0,184.8,0.0,193.8
2020-12-10 01:38:00,0.0,0.15,0.0,3.1,0.0,3.25,9.0,0.0,9.0,0.0,186.0,0.0,195.0
2020-12-10 01:39:00,0.0,0.15,0.0,3.1,0.0,3.25,9.0,0.0,9.0,0.0,186.0,0.0,195.0
2020-12-10 01:40:00,0.0,0.15,0.0,3.1,0.0,3.25,9.0,0.0,9.0,0.0,186.0,0.0,195.0
2020-12-10 01:41:00,0.0,0.15,0.0,3.12,0.0,3.27,9.0,0.0,9.0,0.0,187.20000000000002,0.0,196.20000000000002
2020-12-10 01:42:00,0.0,0.15,0.0,3.07,0.0,3.22,9.0,0.0,9.0,0.0,184.2,0.0,193.20000000000002
2020-12-10 01:43:00,0.0,0.15,0.0,3.4,0.0,3.55,9.0,0.0,9.0,0.0,204.0,0.0,213.0
2020-12-10 01:44:00,0.0,0.15,0.0,3.6,0.0,3.75,9.0,0.0,9.0,0.0,216.0,0.0,225.0
2020-12-10 01:45:00,0.0,0.15,0.0,3.37,0.0,3.52,9.0,0.0,9.0,0.0,202.20000000000002,0.0,211.20000000000002
2020-12-10 01:46:00,0.0,0.15,0.0,46.47,0.0,46.62,9.0,0.0,9.0,0.0,2788.2,0.0,2797.2
2020-12-10 01:47:00,0.0,0.15,0.0,51.22,0.0,51.37,9.0,0.0,9.0,0.0,3073.2,0.0,3082.2
2020-12-10 01:48:00,0.0,0.15,0.0,51.17,0.0,51.32,9.0,0.0,9.0,0.0,3070.2000000000003,0.0,3079.2000000000003
2020-12-10 01:49:00,0.0,0.15,0.0,51.35,0.0,51.5,9.0,0.0,9.0,0.0,3081.0,0.0,3090.0
2020-12-10 01:50:00,0.0,0.15,0.0,33.68,0.0,33.83,9.0,0.0,9.0,0.0,2020.8,0.0,2029.8
2020-12-10 01:51:00,0.0,0.15,0.0,3.12,0.0,3.27,9.0,0.0,9.0,0.0,187.20000000000002,0.0,196.20000000000002
2020-12-10 01:52:00,0.0,0.15,0.0,3.1,0.0,3.25,9.0,0.0,9.0,0.0,186.0,0.0,195.0
2020-12-10 01:53:00,0.0,0.15,0.0,3.1,0.0,3.25,9.0,0.0,9.0,0.0,186.0,0.0,195.0
2020-12-10 01:54:00,0.0,0.15,0.0,3.12,0.0,3.27,9.0,0.0,9.0,0.0,187.20000000000002,0.0,196.20000000000002
2020-12-10 01:55:00,0.0,0.15,0.0,3.1,0.0,3.25,9.0,0.0,9.0,0.0,186.0,0.0,195.0
2020-12-10 01:56:00,0.0,0.15,0.0,3.08,0.0,3.23,9.0,0.0,9.0,0.0,184.8,0.0,193.8
2020-12-10 01:57:00,0.0,0.15,0.0,3.1,0.0,3.25,9.0,0.0,9.0,0.0,186.0,0.0,195.0
2020-12-10 01:58:00,0.0,0.15,0.0,3.1,0.0,3.25,9.0,0.0,9.0,0.0,186.0,0.0,195.0
2020-12-10 01:59:00,0.0,0.15,0.0,3.1,0.0,3.25,9.0,0.0,9.0,0.0,186.0,0.0,195.0
2020-12-10 02:00:00,0.0,0.15,0.0,3.12,0.0,3.27,9.0,0.0,9.0,0.0,187.20000000000002,0.0,196.20000000000002
2020-12-10 02:01:00,0.0,0.15,0.0,3.12,0.0,3.27,9.0,0.0,9.0,0.0,187.20000000000002,0.0,196.20000000000002
2020-12-10 02:02:00,0.0,0.15,0.0,3.1,0.0,3.25,9.0,0.0,9.0,0.0,186.0,0.0,195.0
2020-12-10 02:03:00,0.0,0.15,0.0,3.1,0.0,3.25,9.0,0.0,9.0,0.0,186.0,0.0,195.0
2020-12-10 02:04:00,0.0,0.15,0.0,3.17,0.0,3.32,9.0,0.0,9.0,0.0,190.2,0.0,199.2
2020-12-10 02:05:00,0.0,0.15,0.0,3.17,0.0,3.32,9.0,0.0,9.0,0.0,190.2,0.0,199.2
2020-12-10 02:06:00,0.0,0.15,0.0,3.08,0.0,3.23,9.0,0.0,9.0,0.0,184.8,0.0,193.8
2020-12-10 02:07:00,0.0,0.15,0.0,3.1,0.0,3.25,9.0,0.0,9.0,0.0,186.0,0.0,195.0
2020-12-10 02:08:00,0.0,0.15,0.0,3.03,0.0,3.18,9.0,0.0,9.0,0.0,181.79999999999998,0.0,190.8
2020-12-10 02:09:00,0.0,0.15,0.0,3.03,0.0,3.18,9.0,0.0,9.0,0.0,181.79999999999998,0.0,190.8
2020-12-10 02:10:00,0.0,0.15,0.0,3.05,0.0,3.2,9.0,0.0,9.0,0.0,183.0,0.0,192.0
2020-12-10 02:11:00,0.0,0.15,0.0,3.03,0.0,3.18,9.0,0.0,9.0,0.0,181.79999999999998,0.0,190.8
2020-12-10 02:12:00,0.0,0.15,0.0,3.03,0.0,3.18,9.0,0.0,9.0,0.0,181.79999999999998,0.0,190.8
2020-12-10 02:13:00,0.0,0.15,0.0,3.08,0.0,3.23,9.0,0.0,9.0,0.0,184.8,0.0,193.8
2020-12-10 02:14:00,0.0,0.15,0.0,3.1,0.0,3.25,9.0,0.0,9.0,0.0,186.0,0.0,195.0
2020-12-10 02:15:00,0.0,0.15,0.0,3.1,0.0,3.25,9.0,0.0,9.0,0.0,186.0,0.0,195.0
2020-12-10 02:16:00,0.0,0.15,0.0,3.08,0.0,3.23,9.0,0.0,9.0,0.0,184.8,0.0,193.8
2020-12-10 02:17:00,0.0,0.15,0.0,3.03,0.0,3.18,9.0,0.0,9.0,0.0,181.79999999999998,0.0,190.8
2020-12-10 02:18:00,0.0,0.15,0.0,3.05,0.0,3.2,9.0,0.0,9.0,0.0,183.0,0.0,192.0
2020-12-10 02:19:00,0.0,0.15,0.0,3.05,0.0,3.2,9.0,0.0,9.0,0.0,183.0,0.0,192.0
2020-12-10 02:20:00,0.0,4.46,0.0,4.19,0.0,8.649999999999999,9.0,0.0,267.6,0.0,251.40000000000003,0.0,518.9999999999999
2020-12-10 02:21:00,0.0,8.77,0.0,5.33,0.0,14.1,9.0,0.0,526.1999999999999,0.0,319.8,0.0,846.0
2020-12-10 02:22:00,0.0,5.53,0.03,3.08,0.0,8.58,9.0,0.0,331.8,1.8,184.8,0.0,514.8000000000001
2020-12-10 02:23:00,0.0,5.53,0.03,3.1,0.0,8.6,9.0,0.0,331.8,1.8,186.0,0.0,516.0
2020-12-10 02:24:00,0.0,5.53,0.0,3.08,0.0,8.61,9.0,0.0,331.8,0.0,184.8,0.0,516.6
2020-12-10 02:25:00,0.0,5.52,0.03,3.13,0.0,8.62,9.0,0.0,331.2,1.8,187.79999999999998,0.0,517.1999999999999
2020-12-10 02:26:00,0.0,5.53,0.03,3.12,0.0,8.62,9.0,0.0,331.8,1.8,187.20000000000002,0.0,517.1999999999999
2020-12-10 02:27:00,0.0,5.53,0.03,3.17,0.0,8.67,9.0,0.0,331.8,1.8,190.2,0.0,520.2
2020-12-10 02:28:00,0.0,5.53,0.03,3.15,0.0,8.65,9.0,0.0,331.8,1.8,189.0,0.0,519.0
2020-12-10 02:29:00,0.0,5.55,0.05,3.15,0.0,8.65,9.0,0.0,333.0,3.0,189.0,0.0,519.0
2020-12-10 02:30:00,0.0,5.53,0.03,3.13,0.0,8.63,9.0,0.0,331.8,1.8,187.79999999999998,0.0,517.8000000000001
2020-12-10 02:31:00,0.0,5.55,0.03,3.15,0.0,8.67,9.0,0.0,333.0,1.8,189.0,0.0,520.2
2020-12-10 02:32:00,0.0,5.55,0.03,3.22,0.0,8.74,9.0,0.0,333.0,1.8,193.20000000000002,0.0,524.4
2020-12-10 02:33:00,0.0,5.53,0.03,3.15,0.0,8.65,9.0,0.0,331.8,1.8,189.0,0.0,519.0
2020-12-10 02:34:00,0.0,5.53,0.03,3.13,0.0,8.63,9.0,0.0,331.8,1.8,187.79999999999998,0.0,517.8000000000001
2020-12-10 02:35:00,0.0,5.57,0.03,3.12,0.0,8.66,9.0,0.0,334.20000000000005,1.8,187.20000000000002,0.0,519.6
2020-12-10 02:36:00,0.0,5.55,0.03,3.13,0.0,8.65,9.0,0.0,333.0,1.8,187.79999999999998,0.0,519.0
2020-12-10 02:37:00,0.0,5.53,0.03,3.12,0.0,8.62,9.0,0.0,331.8,1.8,187.20000000000002,0.0,517.1999999999999
2020-12-10 02:38:00,0.0,5.53,0.03,3.18,0.0,8.68,9.0,0.0,331.8,1.8,190.8,0.0,520.8
2020-12-10 02:39:00,0.0,5.53,0.03,3.17,0.0,8.67,9.0,0.0,331.8,1.8,190.2,0.0,520.2
2020-12-10 02:40:00,0.0,5.53,0.0,3.17,0.0,8.7,9.0,0.0,331.8,0.0,190.2,0.0,522.0
2020-12-10 02:41:00,0.0,5.55,0.03,3.2,0.0,8.72,9.0,0.0,333.0,1.8,192.0,0.0,523.2
2020-12-10 02:42:00,0.0,5.53,0.03,3.18,0.0,8.68,9.0,0.0,331.8,1.8,190.8,0.0,520.8
2020-12-10 02:43:00,0.0,5.53,0.03,3.18,0.0,8.68,9.0,0.0,331.8,1.8,190.8,0.0,520.8
2020-12-10 02:44:00,0.0,5.53,0.0,3.17,0.0,8.7,9.0,0.0,331.8,0.0,190.2,0.0,522.0
2020-12-10 02:45:00,0.0,5.55,0.0,3.15,0.0,8.7,9.0,0.0,333.0,0.0,189.0,0.0,522.0
2020-12-10 02:46:00,0.0,5.52,0.03,3.18,0.0,8.67,9.0,0.0,331.2,1.8,190.8,0.0,520.2
2020-12-10 02:47:00,0.0,5.55,0.03,3.17,0.0,8.69,9.0,0.0,333.0,1.8,190.2,0.0,521.4
2020-12-10 02:48:00,0.0,5.55,0.0,3.17,0.0,8.72,9.0,0.0,333.0,0.0,190.2,0.0,523.2
2020-12-10 02:49:00,0.0,5.53,0.03,3.2,0.0,8.7,9.0,0.0,331.8,1.8,192.0,0.0,522.0
2020-12-10 02:50:00,0.0,2.88,0.0,3.35,0.0,6.23,10.0,0.0,172.79999999999998,0.0,201.0,0.0,373.8
2020-12-10 02:51:00,0.0,0.12,0.0,3.17,0.0,3.29,10.0,0.0,7.2,0.0,190.2,0.0,197.4
2020-12-10 02:52:00,0.0,0.15,0.0,3.18,0.0,3.33,10.0,0.0,9.0,0.0,190.8,0.0,199.8
2020-12-10 02:53:00,0.0,0.15,0.0,3.17,0.0,3.32,10.0,0.0,9.0,0.0,190.2,0.0,199.2
2020-12-10 02:54:00,0.0,0.15,0.0,3.63,0.0,3.78,10.0,0.0,9.0,0.0,217.79999999999998,0.0,226.79999999999998
2020-12-10 02:55:00,0.0,0.15,0.0,5.33,0.0,5.48,10.0,0.0,9.0,0.0,319.8,0.0,328.8
2020-12-10 02:56:00,0.0,0.15,0.0,5.18,0.0,5.33,10.0,0.0,9.0,0.0,310.8,0.0,319.8
2020-12-10 02:57:00,0.0,0.15,0.0,5.1,0.0,5.25,10.0,0.0,9.0,0.0,306.0,0.0,315.0
2020-12-10 02:58:00,0.0,0.15,0.0,5.17,0.0,5.32,10.0,0.0,9.0,0.0,310.2,0.0,319.20000000000005
2020-12-10 02:59:00,0.0,0.15,0.0,5.13,0.0,5.28,10.0,0.0,9.0,0.0,307.8,0.0,316.8
2020-12-10 03:00:00,0.0,0.15,0.0,5.17,0.0,5.32,10.0,0.0,9.0,0.0,310.2,0.0,319.20000000000005
2020-12-10 03:01:00,0.0,0.15,0.0,5.13,0.0,5.28,10.0,0.0,9.0,0.0,307.8,0.0,316.8
2020-12-10 03:02:00,0.0,0.15,0.0,5.15,0.0,5.3,10.0,0.0,9.0,0.0,309.0,0.0,318.0
2020-12-10 03:03:00,0.0,0.15,0.0,5.0,0.0,5.15,10.0,0.0,9.0,0.0,300.0,0.0,309.0
2020-12-10 03:04:00,0.0,0.15,0.0,4.98,0.0,5.13,10.0,0.0,9.0,0.0,298.8,0.0,307.8
2020-12-10 03:05:00,0.0,0.15,0.0,4.73,0.0,4.88,10.0,0.0,9.0,0.0,283.8,0.0,292.8
2020-12-10 03:06:00,0.0,0.15,0.0,4.42,0.0,4.57,10.0,0.0,9.0,0.0,265.2,0.0,274.20000000000005
2020-12-10 03:07:00,0.0,0.15,0.0,4.75,0.0,4.9,10.0,0.0,9.0,0.0,285.0,0.0,294.0
2020-12-10 03:08:00,0.0,0.15,0.0,4.4,0.0,4.55,10.0,0.0,9.0,0.0,264.0,0.0,273.0
2020-12-10 03:09:00,0.0,0.15,0.0,4.35,0.0,4.5,10.0,0.0,9.0,0.0,261.0,0.0,270.0
2020-12-10 03:10:00,0.0,0.15,0.0,4.32,0.0,4.47,10.0,0.0,9.0,0.0,259.20000000000005,0.0,268.2
2020-12-10 03:11:00,0.0,0.15,0.0,4.32,0.0,4.47,10.0,0.0,9.0,0.0,259.20000000000005,0.0,268.2
2020-12-10 03:12:00,0.0,0.15,0.0,4.3,0.0,4.45,10.0,0.0,9.0,0.0,258.0,0.0,267.0
2020-12-10 03:13:00,0.0,0.15,0.0,4.3,0.0,4.45,10.0,0.0,9.0,0.0,258.0,0.0,267.0
2020-12-10 03:14:00,0.0,0.15,0.0,4.28,0.0,4.43,10.0,0.0,9.0,0.0,256.8,0.0,265.8
2020-12-10 03:15:00,0.0,0.15,0.0,4.28,0.0,4.43,10.0,0.0,9.0,0.0,256.8,0.0,265.8
2020-12-10 03:16:00,0.0,0.15,0.0,4.23,0.0,4.38,10.0,0.0,9.0,0.0,253.80000000000004,0.0,262.8
2020-12-10 03:17:00,0.0,0.15,0.0,4.17,0.0,4.32,10.0,0.0,9.0,0.0,250.2,0.0,259.20000000000005
2020-12-10 03:18:00,0.0,0.15,0.0,4.18,0.0,4.33,10.0,0.0,9.0,0.0,250.79999999999998,0.0,259.8
2020-12-10 03:19:00,0.0,0.15,0.0,4.15,0.0,4.3,10.0,0.0,9.0,0.0,249.00000000000003,0.0,258.0
2020-12-10 03:20:00,0.0,0.15,0.0,4.15,0.0,4.3,10.0,0.0,9.0,0.0,249.00000000000003,0.0,258.0
2020-12-10 03:21:00,0.0,0.15,0.0,4.15,0.0,4.3,10.0,0.0,9.0,0.0,249.00000000000003,0.0,258.0
2020-12-10 03:22:00,0.0,0.15,0.0,4.17,0.0,4.32,10.0,0.0,9.0,0.0,250.2,0.0,259.20000000000005
2020-12-10 03:23:00,0.0,0.15,0.0,4.17,0.0,4.32,10.0,0.0,9.0,0.0,250.2,0.0,259.20000000000005
2020-12-10 03:24:00,0.0,0.15,0.0,4.17,0.0,4.32,10.0,0.0,9.0,0.0,250.2,0.0,259.20000000000005
2020-12-10 03:25:00,0.0,0.15,0.0,4.15,0.0,4.3,10.0,0.0,9.0,0.0,249.00000000000003,0.0,258.0
2020-12-10 03:26:00,0.0,0.15,0.0,4.13,0.0,4.28,10.0,0.0,9.0,0.0,247.79999999999998,0.0,256.8
2020-12-10 03:27:00,0.0,0.15,0.0,4.13,0.0,4.28,10.0,0.0,9.0,0.0,247.79999999999998,0.0,256.8
2020-12-10 03:28:00,0.0,0.15,0.0,4.1,0.0,4.25,10.0,0.0,9.0,0.0,245.99999999999997,0.0,255.0
2020-12-10 03:29:00,0.0,0.15,0.0,4.13,0.0,4.28,10.0,0.0,9.0,0.0,247.79999999999998,0.0,256.8
2020-12-10 03:30:00,0.0,0.15,0.0,4.12,0.0,4.27,10.0,0.0,9.0,0.0,247.20000000000002,0.0,256.2
2020-12-10 03:31:00,0.0,0.15,0.0,4.12,0.0,4.27,10.0,0.0,9.0,0.0,247.20000000000002,0.0,256.2
2020-12-10 03:32:00,0.0,0.15,0.0,4.12,0.0,4.27,10.0,0.0,9.0,0.0,247.20000000000002,0.0,256.2
2020-12-10 03:33:00,0.0,0.15,0.0,4.08,0.0,4.23,10.0,0.0,9.0,0.0,244.8,0.0,253.80000000000004
2020-12-10 03:34:00,0.0,0.15,0.0,41.12,0.0,41.27,10.0,0.0,9.0,0.0,2467.2,0.0,2476.2000000000003
2020-12-10 03:35:00,0.0,0.15,0.0,50.75,0.0,50.9,10.0,0.0,9.0,0.0,3045.0,0.0,3054.0
2020-12-10 03:36:00,0.0,0.15,0.0,50.85,0.0,51.0,10.0,0.0,9.0,0.0,3051.0,0.0,3060.0
2020-12-10 03:37:00,0.0,0.15,0.0,51.02,0.0,51.17,10.0,0.0,9.0,0.0,3061.2000000000003,0.0,3070.2000000000003
2020-12-10 03:38:00,0.0,0.15,0.0,41.7,0.0,41.85,10.0,0.0,9.0,0.0,2502.0,0.0,2511.0
2020-12-10 03:39:00,0.0,0.15,0.0,4.03,0.0,4.18,10.0,0.0,9.0,0.0,241.8,0.0,250.79999999999998
2020-12-10 03:40:00,0.0,0.15,0.0,4.03,0.0,4.18,10.0,0.0,9.0,0.0,241.8,0.0,250.79999999999998
2020-12-10 03:41:00,0.0,0.15,0.0,4.03,0.0,4.18,10.0,0.0,9.0,0.0,241.8,0.0,250.79999999999998
2020-12-10 03:42:00,0.0,0.15,0.0,4.02,0.0,4.17,10.0,0.0,9.0,0.0,241.2,0.0,250.2
2020-12-10 03:43:00,0.0,0.15,0.0,4.03,0.0,4.18,10.0,0.0,9.0,0.0,241.8,0.0,250.79999999999998
2020-12-10 03:44:00,0.0,0.15,0.0,4.02,0.0,4.17,10.0,0.0,9.0,0.0,241.2,0.0,250.2
2020-12-10 03:45:00,0.0,0.15,0.0,4.02,0.0,4.17,10.0,0.0,9.0,0.0,241.2,0.0,250.2
2020-12-10 03:46:00,0.0,0.15,0.0,4.02,0.0,4.17,10.0,0.0,9.0,0.0,241.2,0.0,250.2
2020-12-10 03:47:00,0.0,0.15,0.0,4.0,0.0,4.15,10.0,0.0,9.0,0.0,240.0,0.0,249.00000000000003
2020-12-10 03:48:00,0.0,0.15,0.0,4.0,0.0,4.15,10.0,0.0,9.0,0.0,240.0,0.0,249.00000000000003
2020-12-10 03:49:00,0.0,0.15,0.0,4.02,0.0,4.17,10.0,0.0,9.0,0.0,241.2,0.0,250.2
2020-12-10 03:50:00,0.0,0.15,0.0,4.02,0.0,4.17,10.0,0.0,9.0,0.0,241.2,0.0,250.2
2020-12-10 03:51:00,0.0,0.15,0.0,4.03,0.0,4.18,10.0,0.0,9.0,0.0,241.8,0.0,250.79999999999998
2020-12-10 03:52:00,0.0,0.15,0.0,4.02,0.0,4.17,10.0,0.0,9.0,0.0,241.2,0.0,250.2
2020-12-10 03:53:00,0.0,0.15,0.0,4.02,0.0,4.17,10.0,0.0,9.0,0.0,241.2,0.0,250.2
2020-12-10 03:54:00,0.0,0.15,0.0,4.0,0.0,4.15,10.0,0.0,9.0,0.0,240.0,0.0,249.00000000000003
2020-12-10 03:55:00,0.0,0.15,0.0,3.98,0.0,4.13,10.0,0.0,9.0,0.0,238.8,0.0,247.79999999999998
2020-12-10 03:56:00,0.0,0.15,0.0,3.98,0.0,4.13,10.0,0.0,9.0,0.0,238.8,0.0,247.79999999999998
2020-12-10 03:57:00,0.0,0.15,0.0,4.0,0.0,4.15,10.0,0.0,9.0,0.0,240.0,0.0,249.00000000000003
2020-12-10 03:58:00,0.0,0.15,0.0,4.02,0.0,4.17,10.0,0.0,9.0,0.0,241.2,0.0,250.2
2020-12-10 03:59:00,0.0,0.15,0.0,4.03,0.0,4.18,10.0,0.0,9.0,0.0,241.8,0.0,250.79999999999998
2020-12-10 04:00:00,0.0,0.15,0.0,4.03,0.0,4.18,10.0,0.0,9.0,0.0,241.8,0.0,250.79999999999998
2020-12-10 04:01:00,0.0,0.15,0.0,4.07,0.0,4.22,10.0,0.0,9.0,0.0,244.20000000000002,0.0,253.2
2020-12-10 04:02:00,0.0,0.15,0.0,4.05,0.0,4.2,10.0,0.0,9.0,0.0,243.0,0.0,252.0
2020-12-10 04:03:00,0.0,0.15,0.0,4.03,0.0,4.18,10.0,0.0,9.0,0.0,241.8,0.0,250.79999999999998
2020-12-10 04:04:00,0.0,0.15,0.0,4.03,0.0,4.18,10.0,0.0,9.0,0.0,241.8,0.0,250.79999999999998
2020-12-10 04:05:00,0.0,0.15,0.0,4.02,0.0,4.17,10.0,0.0,9.0,0.0,241.2,0.0,250.2
2020-12-10 04:06:00,0.0,0.15,0.0,4.02,0.0,4.17,10.0,0.0,9.0,0.0,241.2,0.0,250.2
2020-12-10 04:07:00,0.0,0.15,0.0,4.02,0.0,4.17,10.0,0.0,9.0,0.0,241.2,0.0,250.2
2020-12-10 04:08:00,0.0,0.15,0.0,4.03,0.0,4.18,10.0,0.0,9.0,0.0,241.8,0.0,250.79999999999998
2020-12-10 04:09:00,0.0,0.15,0.0,4.03,0.0,4.18,10.0,0.0,9.0,0.0,241.8,0.0,250.79999999999998
2020-12-10 04:10:00,0.0,0.15,0.0,4.02,0.0,4.17,10.0,0.0,9.0,0.0,241.2,0.0,250.2
2020-12-10 04:11:00,0.0,0.15,0.0,4.03,0.0,4.18,10.0,0.0,9.0,0.0,241.8,0.0,250.79999999999998
2020-12-10 04:12:00,0.0,0.15,0.0,4.03,0.0,4.18,10.0,0.0,9.0,0.0,241.8,0.0,250.79999999999998
2020-12-10 04:13:00,0.0,0.15,0.0,4.02,0.0,4.17,10.0,0.0,9.0,0.0,241.2,0.0,250.2
2020-12-10 04:14:00,0.0,0.15,0.0,4.02,0.0,4.17,10.0,0.0,9.0,0.0,241.2,0.0,250.2
2020-12-10 04:15:00,0.0,0.15,0.0,4.05,0.0,4.2,10.0,0.0,9.0,0.0,243.0,0.0,252.0
2020-12-10 04:16:00,0.0,0.15,0.0,4.03,0.0,4.18,10.0,0.0,9.0,0.0,241.8,0.0,250.79999999999998
2020-12-10 04:17:00,0.0,0.15,0.0,4.02,0.0,4.17,10.0,0.0,9.0,0.0,241.2,0.0,250.2
2020-12-10 04:18:00,0.0,0.15,0.0,4.0,0.0,4.15,10.0,0.0,9.0,0.0,240.0,0.0,249.00000000000003
2020-12-10 04:19:00,0.0,0.15,0.0,4.0,0.0,4.15,10.0,0.0,9.0,0.0,240.0,0.0,249.00000000000003
2020-12-10 04:20:00,0.0,0.15,0.0,4.0,0.0,4.15,10.0,0.0,9.0,0.0,240.0,0.0,249.00000000000003
2020-12-10 04:21:00,0.0,0.15,0.0,4.02,0.0,4.17,10.0,0.0,9.0,0.0,241.2,0.0,250.2
2020-12-10 04:22:00,0.0,0.15,0.0,4.02,0.0,4.17,10.0,0.0,9.0,0.0,241.2,0.0,250.2
2020-12-10 04:23:00,0.0,0.15,0.0,4.0,0.0,4.15,10.0,0.0,9.0,0.0,240.0,0.0,249.00000000000003
2020-12-10 04:24:00,0.0,0.15,0.0,3.23,0.0,3.38,10.0,0.0,9.0,0.0,193.8,0.0,202.79999999999998
2020-12-10 04:25:00,0.0,0.15,0.0,2.45,0.0,2.6,10.0,0.0,9.0,0.0,147.0,0.0,156.0
2020-12-10 04:26:00,0.0,0.15,0.0,2.45,0.0,2.6,10.0,0.0,9.0,0.0,147.0,0.0,156.0
2020-12-10 04:27:00,0.0,0.15,0.0,2.45,0.0,2.6,10.0,0.0,9.0,0.0,147.0,0.0,156.0
2020-12-10 04:28:00,0.0,0.15,0.0,2.47,0.0,2.62,10.0,0.0,9.0,0.0,148.20000000000002,0.0,157.20000000000002
2020-12-10 04:29:00,0.0,0.15,0.0,2.45,0.0,2.6,10.0,0.0,9.0,0.0,147.0,0.0,156.0
2020-12-10 04:30:00,0.0,0.15,0.0,2.45,0.0,2.6,10.0,0.0,9.0,0.0,147.0,0.0,156.0
2020-12-10 04:31:00,0.0,0.15,0.0,2.45,0.0,2.6,10.0,0.0,9.0,0.0,147.0,0.0,156.0
2020-12-10 04:32:00,0.0,0.15,0.0,2.45,0.0,2.6,10.0,0.0,9.0,0.0,147.0,0.0,156.0
2020-12-10 04:33:00,0.0,0.15,0.0,2.45,0.0,2.6,10.0,0.0,9.0,0.0,147.0,0.0,156.0
2020-12-10 04:34:00,0.0,0.15,0.0,2.45,0.0,2.6,10.0,0.0,9.0,0.0,147.0,0.0,156.0
2020-12-10 04:35:00,0.0,0.15,0.0,2.45,0.0,2.6,10.0,0.0,9.0,0.0,147.0,0.0,156.0
2020-12-10 04:36:00,0.0,0.15,0.0,2.43,0.0,2.58,10.0,0.0,9.0,0.0,145.8,0.0,154.8
2020-12-10 04:37:00,0.0,0.15,0.0,2.43,0.0,2.58,10.0,0.0,9.0,0.0,145.8,0.0,154.8
2020-12-10 04:38:00,0.0,0.15,0.0,2.45,0.0,2.6,10.0,0.0,9.0,0.0,147.0,0.0,156.0
2020-12-10 04:39:00,0.0,0.15,0.0,2.43,0.0,2.58,10.0,0.0,9.0,0.0,145.8,0.0,154.8
2020-12-10 04:40:00,0.0,0.15,0.0,2.45,0.0,2.6,10.0,0.0,9.0,0.0,147.0,0.0,156.0
2020-12-10 04:41:00,0.0,0.15,0.0,2.43,0.0,2.58,10.0,0.0,9.0,0.0,145.8,0.0,154.8
2020-12-10 04:42:00,0.0,0.15,0.0,2.4,0.0,2.55,10.0,0.0,9.0,0.0,144.0,0.0,153.0
2020-12-10 04:43:00,0.0,0.15,0.0,2.38,0.0,2.53,10.0,0.0,9.0,0.0,142.79999999999998,0.0,151.79999999999998
2020-12-10 04:44:00,0.0,0.15,0.0,2.4,0.0,2.55,10.0,0.0,9.0,0.0,144.0,0.0,153.0
2020-12-10 04:45:00,0.0,0.15,0.0,2.43,0.0,2.58,10.0,0.0,9.0,0.0,145.8,0.0,154.8
2020-12-10 04:46:00,0.0,0.15,0.0,2.42,0.0,2.57,10.0,0.0,9.0,0.0,145.2,0.0,154.2
2020-12-10 04:47:00,0.0,0.15,0.0,2.38,0.0,2.53,10.0,0.0,9.0,0.0,142.79999999999998,0.0,151.79999999999998
2020-12-10 04:48:00,0.0,0.15,0.0,2.4,0.0,2.55,10.0,0.0,9.0,0.0,144.0,0.0,153.0
2020-12-10 04:49:00,0.0,0.15,0.0,2.43,0.0,2.58,10.0,0.0,9.0,0.0,145.8,0.0,154.8
2020-12-10 04:50:00,0.0,0.15,0.0,2.45,0.0,2.6,10.0,0.0,9.0,0.0,147.0,0.0,156.0
2020-12-10 04:51:00,0.0,0.15,0.0,2.42,0.0,2.57,10.0,0.0,9.0,0.0,145.2,0.0,154.2
2020-12-10 04:52:00,0.0,0.15,0.0,2.45,0.0,2.6,10.0,0.0,9.0,0.0,147.0,0.0,156.0
2020-12-10 04:53:00,0.0,0.15,0.0,2.43,0.0,2.58,10.0,0.0,9.0,0.0,145.8,0.0,154.8
2020-12-10 04:54:00,0.0,0.15,0.0,2.43,0.0,2.58,10.0,0.0,9.0,0.0,145.8,0.0,154.8
2020-12-10 04:55:00,0.0,0.15,0.0,2.43,0.0,2.58,10.0,0.0,9.0,0.0,145.8,0.0,154.8
2020-12-10 04:56:00,0.0,0.15,0.0,2.43,0.0,2.58,10.0,0.0,9.0,0.0,145.8,0.0,154.8
2020-12-10 04:57:00,0.0,0.15,0.0,2.4,0.0,2.55,10.0,0.0,9.0,0.0,144.0,0.0,153.0
2020-12-10 04:58:00,0.0,0.15,0.0,2.42,0.0,2.57,10.0,0.0,9.0,0.0,145.2,0.0,154.2
2020-12-10 04:59:00,0.0,0.15,0.0,2.4,0.0,2.55,10.0,0.0,9.0,0.0,144.0,0.0,153.0
2020-12-10 05:00:00,0.0,0.15,0.0,2.4,0.0,2.55,10.0,0.0,9.0,0.0,144.0,0.0,153.0
2020-12-10 05:01:00,0.0,0.15,0.0,2.4,0.0,2.55,10.0,0.0,9.0,0.0,144.0,0.0,153.0
2020-12-10 05:02:00,0.0,0.15,0.0,2.4,0.0,2.55,10.0,0.0,9.0,0.0,144.0,0.0,153.0
2020-12-10 05:03:00,0.0,0.15,0.0,2.43,0.0,2.58,10.0,0.0,9.0,0.0,145.8,0.0,154.8
2020-12-10 05:04:00,0.0,0.15,0.0,2.45,0.0,2.6,10.0,0.0,9.0,0.0,147.0,0.0,156.0
2020-12-10 05:05:00,0.0,0.15,0.0,2.43,0.0,2.58,10.0,0.0,9.0,0.0,145.8,0.0,154.8
2020-12-10 05:06:00,0.0,0.15,0.0,2.42,0.0,2.57,10.0,0.0,9.0,0.0,145.2,0.0,154.2
2020-12-10 05:07:00,0.0,0.15,0.0,2.42,0.0,2.57,10.0,0.0,9.0,0.0,145.2,0.0,154.2
2020-12-10 05:08:00,0.0,0.15,0.0,2.42,0.0,2.57,10.0,0.0,9.0,0.0,145.2,0.0,154.2
2020-12-10 05:09:00,0.0,0.15,0.0,2.42,0.0,2.57,10.0,0.0,9.0,0.0,145.2,0.0,154.2
2020-12-10 05:10:00,0.0,0.15,0.0,2.43,0.0,2.58,10.0,0.0,9.0,0.0,145.8,0.0,154.8
2020-12-10 05:11:00,0.0,0.15,0.0,2.43,0.0,2.58,10.0,0.0,9.0,0.0,145.8,0.0,154.8
2020-12-10 05:12:00,0.0,0.15,0.0,2.43,0.0,2.58,10.0,0.0,9.0,0.0,145.8,0.0,154.8
2020-12-10 05:13:00,0.0,0.15,0.0,2.43,0.0,2.58,10.0,0.0,9.0,0.0,145.8,0.0,154.8
2020-12-10 05:14:00,0.0,0.15,0.0,2.45,0.0,2.6,10.0,0.0,9.0,0.0,147.0,0.0,156.0
2020-12-10 05:15:00,0.0,0.15,0.0,2.42,0.0,2.57,10.0,0.0,9.0,0.0,145.2,0.0,154.2
2020-12-10 05:16:00,0.0,0.15,0.0,2.43,0.0,2.58,10.0,0.0,9.0,0.0,145.8,0.0,154.8
2020-12-10 05:17:00,0.0,0.15,0.0,2.43,0.0,2.58,10.0,0.0,9.0,0.0,145.8,0.0,154.8
2020-12-10 05:18:00,0.0,0.15,0.0,2.43,0.0,2.58,10.0,0.0,9.0,0.0,145.8,0.0,154.8
2020-12-10 05:19:00,0.0,0.15,0.0,2.47,0.0,2.62,10.0,0.0,9.0,0.0,148.20000000000002,0.0,157.20000000000002
2020-12-10 05:20:00,0.0,0.15,0.0,2.47,0.0,2.62,10.0,0.0,9.0,0.0,148.20000000000002,0.0,157.20000000000002
2020-12-10 05:21:00,0.0,0.15,0.0,2.47,0.0,2.62,10.0,0.0,9.0,0.0,148.20000000000002,0.0,157.20000000000002
2020-12-10 05:22:00,0.0,0.15,0.0,2.48,0.0,2.63,10.0,0.0,9.0,0.0,148.8,0.0,157.79999999999998
2020-12-10 05:23:00,0.0,0.15,0.0,2.47,0.0,2.62,10.0,0.0,9.0,0.0,148.20000000000002,0.0,157.20000000000002
2020-12-10 05:24:00,0.0,0.15,0.0,2.47,0.0,2.62,10.0,0.0,9.0,0.0,148.20000000000002,0.0,157.20000000000002
2020-12-10 05:25:00,0.0,0.15,0.0,11.97,0.0,12.12,10.0,0.0,9.0,0.0,718.2,0.0,727.1999999999999
2020-12-10 05:26:00,0.0,0.15,0.0,49.8,0.0,49.95,10.0,0.0,9.0,0.0,2988.0,0.0,2997.0
2020-12-10 05:27:00,0.0,0.15,0.0,49.78,0.0,49.93,10.0,0.0,9.0,0.0,2986.8,0.0,2995.8
2020-12-10 05:28:00,0.0,0.15,0.0,49.7,0.0,49.85,10.0,0.0,9.0,0.0,2982.0,0.0,2991.0
2020-12-10 05:29:00,0.0,0.15,0.0,49.68,0.0,49.83,10.0,0.0,9.0,0.0,2980.8,0.0,2989.7999999999997
2020-12-10 05:30:00,0.0,0.15,0.0,23.12,0.0,23.27,10.0,0.0,9.0,0.0,1387.2,0.0,1396.2
2020-12-10 05:31:00,0.0,0.15,0.0,2.4,0.0,2.55,10.0,0.0,9.0,0.0,144.0,0.0,153.0
2020-12-10 05:32:00,0.0,0.15,0.0,2.42,0.0,2.57,10.0,0.0,9.0,0.0,145.2,0.0,154.2
2020-12-10 05:33:00,0.0,0.15,0.0,2.4,0.0,2.55,10.0,0.0,9.0,0.0,144.0,0.0,153.0
2020-12-10 05:34:00,0.0,0.15,0.0,2.4,0.0,2.55,10.0,0.0,9.0,0.0,144.0,0.0,153.0
2020-12-10 05:35:00,0.0,0.15,0.0,2.4,0.0,2.55,10.0,0.0,9.0,0.0,144.0,0.0,153.0
2020-12-10 05:36:00,0.0,0.15,0.0,2.42,0.0,2.57,10.0,0.0,9.0,0.0,145.2,0.0,154.2
2020-12-10 05:37:00,0.0,0.15,0.0,2.42,0.0,2.57,10.0,0.0,9.0,0.0,145.2,0.0,154.2
2020-12-10 05:38:00,0.0,0.15,0.0,2.43,0.0,2.58,10.0,0.0,9.0,0.0,145.8,0.0,154.8
2020-12-10 05:39:00,0.0,0.15,0.0,2.42,0.0,2.57,10.0,0.0,9.0,0.0,145.2,0.0,154.2
2020-12-10 05:40:00,0.0,0.15,0.0,2.43,0.0,2.58,10.0,0.0,9.0,0.0,145.8,0.0,154.8
2020-12-10 05:41:00,0.0,0.15,0.0,2.42,0.0,2.57,10.0,0.0,9.0,0.0,145.2,0.0,154.2
2020-12-10 05:42:00,0.0,0.15,0.0,2.45,0.0,2.6,10.0,0.0,9.0,0.0,147.0,0.0,156.0
2020-12-10 05:43:00,0.0,0.15,0.0,2.45,0.0,2.6,10.0,0.0,9.0,0.0,147.0,0.0,156.0
2020-12-10 05:44:00,0.0,0.15,0.0,2.45,0.0,2.6,10.0,0.0,9.0,0.0,147.0,0.0,156.0
2020-12-10 05:45:00,0.0,0.15,0.0,2.45,0.0,2.6,10.0,0.0,9.0,0.0,147.0,0.0,156.0
2020-12-10 05:46:00,0.0,0.15,0.0,2.43,0.0,2.58,10.0,0.0,9.0,0.0,145.8,0.0,154.8
2020-12-10 05:47:00,0.0,0.15,0.0,2.47,0.0,2.62,10.0,0.0,9.0,0.0,148.20000000000002,0.0,157.20000000000002
2020-12-10 05:48:00,0.0,0.15,0.0,2.47,0.0,2.62,10.0,0.0,9.0,0.0,148.20000000000002,0.0,157.20000000000002
2020-12-10 05:49:00,0.0,0.15,0.0,2.45,0.0,2.6,10.0,0.0,9.0,0.0,147.0,0.0,156.0
2020-12-10 05:50:00,0.0,0.15,0.0,2.45,0.0,2.6,10.0,0.0,9.0,0.0,147.0,0.0,156.0
2020-12-10 05:51:00,0.0,0.15,0.0,2.45,0.0,2.6,10.0,0.0,9.0,0.0,147.0,0.0,156.0
2020-12-10 05:52:00,0.0,0.15,0.0,2.45,0.0,2.6,10.0,0.0,9.0,0.0,147.0,0.0,156.0
2020-12-10 05:53:00,0.0,0.15,0.0,2.45,0.0,2.6,10.0,0.0,9.0,0.0,147.0,0.0,156.0
2020-12-10 05:54:00,0.0,0.15,0.0,2.47,0.0,2.62,10.0,0.0,9.0,0.0,148.20000000000002,0.0,157.20000000000002
2020-12-10 05:55:00,0.0,0.15,0.0,2.45,0.0,2.6,10.0,0.0,9.0,0.0,147.0,0.0,156.0
2020-12-10 05:56:00,0.0,0.15,0.0,2.43,0.0,2.58,10.0,0.0,9.0,0.0,145.8,0.0,154.8
2020-12-10 05:57:00,0.0,0.15,0.0,2.43,0.0,2.58,10.0,0.0,9.0,0.0,145.8,0.0,154.8
2020-12-10 05:58:00,0.0,0.15,0.0,2.43,0.0,2.58,10.0,0.0,9.0,0.0,145.8,0.0,154.8
2020-12-10 05:59:00,0.0,0.15,0.0,2.42,0.0,2.57,10.0,0.0,9.0,0.0,145.2,0.0,154.2
2020-12-10 06:00:00,0.0,0.15,0.0,2.43,0.0,2.58,10.0,0.0,9.0,0.0,145.8,0.0,154.8
2020-12-10 06:01:00,0.0,0.15,0.0,2.45,0.0,2.6,10.0,0.0,9.0,0.0,147.0,0.0,156.0
2020-12-10 06:02:00,0.0,0.15,0.0,2.43,0.0,2.58,10.0,0.0,9.0,0.0,145.8,0.0,154.8
2020-12-10 06:03:00,0.0,0.15,0.0,2.43,0.0,2.58,10.0,0.0,9.0,0.0,145.8,0.0,154.8
2020-12-10 06:04:00,0.0,0.15,0.0,2.42,0.0,2.57,10.0,0.0,9.0,0.0,145.2,0.0,154.2
2020-12-10 06:05:00,0.0,0.15,0.0,2.43,0.0,2.58,10.0,0.0,9.0,0.0,145.8,0.0,154.8
2020-12-10 06:06:00,0.0,0.15,0.0,2.43,0.0,2.58,10.0,0.0,9.0,0.0,145.8,0.0,154.8
2020-12-10 06:07:00,0.0,0.15,0.0,2.42,0.0,2.57,10.0,0.0,9.0,0.0,145.2,0.0,154.2
2020-12-10 06:08:00,0.0,0.15,0.0,2.42,0.0,2.57,10.0,0.0,9.0,0.0,145.2,0.0,154.2
2020-12-10 06:09:00,0.0,0.15,0.0,2.4,0.0,2.55,10.0,0.0,9.0,0.0,144.0,0.0,153.0
2020-12-10 06:10:00,0.0,0.15,0.0,2.4,0.0,2.55,10.0,0.0,9.0,0.0,144.0,0.0,153.0
2020-12-10 06:11:00,0.0,0.15,0.0,2.42,0.0,2.57,10.0,0.0,9.0,0.0,145.2,0.0,154.2
2020-12-10 06:12:00,0.0,0.15,0.0,2.42,0.0,2.57,10.0,0.0,9.0,0.0,145.2,0.0,154.2
2020-12-10 06:13:00,0.0,0.15,0.0,2.42,0.0,2.57,10.0,0.0,9.0,0.0,145.2,0.0,154.2
2020-12-10 06:14:00,0.0,0.15,0.0,2.4,0.0,2.55,10.0,0.0,9.0,0.0,144.0,0.0,153.0
2020-12-10 06:15:00,0.0,0.15,0.0,2.4,0.0,2.55,10.0,0.0,9.0,0.0,144.0,0.0,153.0
2020-12-10 06:16:00,0.0,0.15,0.0,3.25,0.0,3.4,10.0,0.0,9.0,0.0,195.0,0.0,204.0
2020-12-10 06:17:00,0.0,0.15,0.0,4.05,0.0,4.2,10.0,0.0,9.0,0.0,243.0,0.0,252.0
2020-12-10 06:18:00,0.0,0.15,0.0,3.85,0.0,4.0,10.0,0.0,9.0,0.0,231.0,0.0,240.0
2020-12-10 06:19:00,0.0,0.15,0.0,3.75,0.0,3.9,10.0,0.0,9.0,0.0,225.0,0.0,234.0
2020-12-10 06:20:00,0.0,0.15,0.0,4.0,0.0,4.15,10.0,0.0,9.0,0.0,240.0,0.0,249.00000000000003
2020-12-10 06:21:00,0.0,0.15,0.0,3.98,0.0,4.13,10.0,0.0,9.0,0.0,238.8,0.0,247.79999999999998
2020-12-10 06:22:00,0.0,0.15,0.0,3.97,0.0,4.12,10.0,0.0,9.0,0.0,238.20000000000002,0.0,247.20000000000002
2020-12-10 06:23:00,0.0,0.15,0.0,3.95,0.0,4.1,10.0,0.0,9.0,0.0,237.0,0.0,245.99999999999997
2020-12-10 06:24:00,0.0,0.15,0.0,3.88,0.0,4.03,10.0,0.0,9.0,0.0,232.79999999999998,0.0,241.8
2020-12-10 06:25:00,0.0,0.15,0.0,4.0,0.0,4.15,10.0,0.0,9.0,0.0,240.0,0.0,249.00000000000003
2020-12-10 06:26:00,0.0,0.15,0.0,3.95,0.0,4.1,10.0,0.0,9.0,0.0,237.0,0.0,245.99999999999997
2020-12-10 06:27:00,0.0,0.15,0.0,3.93,0.0,4.08,10.0,0.0,9.0,0.0,235.8,0.0,244.8
2020-12-10 06:28:00,0.0,0.15,0.0,3.95,0.0,4.1,10.0,0.0,9.0,0.0,237.0,0.0,245.99999999999997
2020-12-10 06:29:00,0.0,0.15,0.0,3.97,0.0,4.12,10.0,0.0,9.0,0.0,238.20000000000002,0.0,247.20000000000002
2020-12-10 06:30:00,0.0,0.15,0.0,3.95,0.0,4.1,10.0,0.0,9.0,0.0,237.0,0.0,245.99999999999997
2020-12-10 06:31:00,0.0,0.15,0.0,4.0,0.0,4.15,10.0,0.0,9.0,0.0,240.0,0.0,249.00000000000003
2020-12-10 06:32:00,0.0,0.15,0.0,3.8,0.0,3.95,10.0,0.0,9.0,0.0,228.0,0.0,237.0
2020-12-10 06:33:00,0.0,0.15,0.0,3.7,0.0,3.85,10.0,0.0,9.0,0.0,222.0,0.0,231.0
2020-12-10 06:34:00,0.0,0.15,0.0,3.95,0.0,4.1,10.0,0.0,9.0,0.0,237.0,0.0,245.99999999999997
2020-12-10 06:35:00,0.0,0.15,0.0,3.95,0.0,4.1,10.0,0.0,9.0,0.0,237.0,0.0,245.99999999999997
2020-12-10 06:36:00,0.0,0.15,0.0,3.95,0.0,4.1,10.0,0.0,9.0,0.0,237.0,0.0,245.99999999999997
2020-12-10 06:37:00,0.0,0.15,0.0,3.98,0.0,4.13,10.0,0.0,9.0,0.0,238.8,0.0,247.79999999999998
2020-12-10 06:38:00,0.0,0.15,0.0,3.98,0.0,4.13,10.0,0.0,9.0,0.0,238.8,0.0,247.79999999999998
2020-12-10 06:39:00,0.0,0.15,0.0,3.95,0.0,4.1,10.0,0.0,9.0,0.0,237.0,0.0,245.99999999999997
2020-12-10 06:40:00,0.0,0.15,0.0,4.7,0.0,4.85,10.0,0.0,9.0,0.0,282.0,0.0,291.0
2020-12-10 06:41:00,0.0,0.15,0.0,5.37,0.0,5.52,10.0,0.0,9.0,0.0,322.2,0.0,331.2
2020-12-10 06:42:00,0.0,0.15,0.0,5.42,0.0,5.57,10.0,0.0,9.0,0.0,325.2,0.0,334.20000000000005
2020-12-10 06:43:00,0.0,0.15,0.0,5.3,0.0,5.45,10.0,0.0,9.0,0.0,318.0,0.0,327.0
2020-12-10 06:44:00,0.0,0.15,0.0,5.2,0.0,5.35,10.0,0.0,9.0,0.0,312.0,0.0,321.0
2020-12-10 06:45:00,0.0,0.15,0.0,5.42,0.0,5.57,10.0,0.0,9.0,0.0,325.2,0.0,334.20000000000005
2020-12-10 06:46:00,0.0,0.15,0.0,5.45,0.0,5.6,10.0,0.0,9.0,0.0,327.0,0.0,336.0
2020-12-10 06:47:00,0.0,0.15,0.0,5.45,0.0,5.6,10.0,0.0,9.0,0.0,327.0,0.0,336.0
2020-12-10 06:48:00,0.0,0.15,0.0,4.93,0.0,5.08,10.0,0.0,9.0,0.0,295.8,0.0,304.8
2020-12-10 06:49:00,0.0,0.15,0.0,5.45,0.0,5.6,10.0,0.0,9.0,0.0,327.0,0.0,336.0
2020-12-10 06:50:00,0.0,0.17,0.0,5.42,0.0,5.59,10.0,0.0,10.200000000000001,0.0,325.2,0.0,335.4
2020-12-10 06:51:00,0.0,0.15,0.0,5.42,0.0,5.57,10.0,0.0,9.0,0.0,325.2,0.0,334.20000000000005
2020-12-10 06:52:00,0.0,0.15,0.0,5.42,0.0,5.57,10.0,0.0,9.0,0.0,325.2,0.0,334.20000000000005
2020-12-10 06:53:00,0.0,0.15,0.0,5.42,0.0,5.57,10.0,0.0,9.0,0.0,325.2,0.0,334.20000000000005
2020-12-10 06:54:00,0.0,0.15,0.0,5.47,0.0,5.62,10.0,0.0,9.0,0.0,328.2,0.0,337.2
2020-12-10 06:55:00,0.0,0.15,0.0,5.47,0.0,5.62,10.0,0.0,9.0,0.0,328.2,0.0,337.2
2020-12-10 06:56:00,0.0,0.15,0.0,5.45,0.0,5.6,10.0,0.0,9.0,0.0,327.0,0.0,336.0
2020-12-10 06:57:00,0.0,0.15,0.0,5.47,0.0,5.62,10.0,0.0,9.0,0.0,328.2,0.0,337.2
2020-12-10 06:58:00,0.0,0.15,0.0,5.47,0.0,5.62,10.0,0.0,9.0,0.0,328.2,0.0,337.2
2020-12-10 06:59:00,0.0,0.15,0.0,5.47,0.0,5.62,10.0,0.0,9.0,0.0,328.2,0.0,337.2
2020-12-10 07:00:00,0.0,0.15,0.0,4.75,0.0,4.9,10.0,0.0,9.0,0.0,285.0,0.0,294.0
2020-12-10 07:01:00,0.0,0.15,0.0,5.35,0.0,5.5,10.0,0.0,9.0,0.0,321.0,0.0,330.0
2020-12-10 07:02:00,0.0,0.15,0.0,5.45,0.0,5.6,10.0,0.0,9.0,0.0,327.0,0.0,336.0
2020-12-10 07:03:00,0.0,0.15,0.0,5.43,0.0,5.58,10.0,0.0,9.0,0.0,325.8,0.0,334.8
2020-12-10 07:04:00,0.0,0.15,0.0,5.43,0.0,5.58,10.0,0.0,9.0,0.0,325.8,0.0,334.8
2020-12-10 07:05:00,0.0,0.15,0.0,5.43,0.0,5.58,10.0,0.0,9.0,0.0,325.8,0.0,334.8
2020-12-10 07:06:00,0.0,0.15,0.0,5.47,0.0,5.62,10.0,0.0,9.0,0.0,328.2,0.0,337.2
2020-12-10 07:07:00,0.0,0.15,0.0,5.4,0.0,5.55,10.0,0.0,9.0,0.0,324.0,0.0,333.0
2020-12-10 07:08:00,0.0,0.15,0.0,5.42,0.0,5.57,10.0,0.0,9.0,0.0,325.2,0.0,334.20000000000005
2020-12-10 07:09:00,0.0,0.15,0.0,5.4,0.0,5.55,10.0,0.0,9.0,0.0,324.0,0.0,333.0
2020-12-10 07:10:00,0.0,0.15,0.0,5.38,0.0,5.53,10.0,0.0,9.0,0.0,322.8,0.0,331.8
2020-12-10 07:11:00,0.0,0.15,0.0,5.37,0.0,5.52,10.0,0.0,9.0,0.0,322.2,0.0,331.2
2020-12-10 07:12:00,0.0,0.15,0.0,5.4,0.0,5.55,10.0,0.0,9.0,0.0,324.0,0.0,333.0
2020-12-10 07:13:00,0.0,0.15,0.0,5.37,0.0,5.52,10.0,0.0,9.0,0.0,322.2,0.0,331.2
2020-12-10 07:14:00,0.0,0.15,0.0,5.4,0.0,5.55,10.0,0.0,9.0,0.0,324.0,0.0,333.0
2020-12-10 07:15:00,0.0,0.15,0.0,5.38,0.0,5.53,10.0,0.0,9.0,0.0,322.8,0.0,331.8
2020-12-10 07:16:00,0.0,0.17,0.0,5.35,0.0,5.52,10.0,0.0,10.200000000000001,0.0,321.0,0.0,331.2
2020-12-10 07:17:00,0.0,0.15,0.0,5.38,0.0,5.53,10.0,0.0,9.0,0.0,322.8,0.0,331.8
2020-12-10 07:18:00,0.0,0.17,0.0,5.38,0.0,5.55,10.0,0.0,10.200000000000001,0.0,322.8,0.0,333.0
2020-12-10 07:19:00,0.0,0.17,0.0,5.4,0.0,5.57,10.0,0.0,10.200000000000001,0.0,324.0,0.0,334.20000000000005
2020-12-10 07:20:00,0.0,0.15,0.0,5.37,0.0,5.52,10.0,0.0,9.0,0.0,322.2,0.0,331.2
2020-12-10 07:21:00,0.0,0.15,0.0,5.38,0.0,5.53,10.0,0.0,9.0,0.0,322.8,0.0,331.8
2020-12-10 07:22:00,0.0,0.15,0.0,5.38,0.0,5.53,10.0,0.0,9.0,0.0,322.8,0.0,331.8
2020-12-10 07:23:00,0.0,0.17,0.0,5.38,0.0,5.55,10.0,0.0,10.200000000000001,0.0,322.8,0.0,333.0
2020-12-10 07:24:00,0.0,0.15,0.0,14.58,0.0,14.73,10.0,0.0,9.0,0.0,874.8000000000001,0.0,883.8000000000001
2020-12-10 07:25:00,0.0,0.15,0.0,51.77,0.0,51.92,10.0,0.0,9.0,0.0,3106.2000000000003,0.0,3115.2000000000003
2020-12-10 07:26:00,0.0,0.15,0.0,51.87,0.0,52.02,10.0,0.0,9.0,0.0,3112.2,0.0,3121.2000000000003
2020-12-10 07:27:00,0.0,0.15,0.0,51.7,0.0,51.85,10.0,0.0,9.0,0.0,3102.0,0.0,3111.0
2020-12-10 07:28:00,0.0,0.15,0.0,52.17,0.0,52.32,10.0,0.0,9.0,0.0,3130.2000000000003,0.0,3139.2000000000003
2020-12-10 07:29:00,0.0,0.15,0.0,10.08,0.0,10.23,10.0,0.0,9.0,0.0,604.8000000000001,0.0,613.8000000000001
2020-12-10 07:30:00,0.0,0.15,0.0,5.42,0.0,5.57,10.0,0.0,9.0,0.0,325.2,0.0,334.20000000000005
2020-12-10 07:31:00,0.0,0.15,0.0,5.43,0.0,5.58,10.0,0.0,9.0,0.0,325.8,0.0,334.8
2020-12-10 07:32:00,0.0,0.15,0.0,5.4,0.0,5.55,10.0,0.0,9.0,0.0,324.0,0.0,333.0
2020-12-10 07:33:00,0.0,0.17,0.0,5.37,0.0,5.54,10.0,0.0,10.200000000000001,0.0,322.2,0.0,332.40000000000003
2020-12-10 07:34:00,0.0,0.17,0.0,5.78,0.0,5.95,10.0,0.0,10.200000000000001,0.0,346.8,0.0,357.0
2020-12-10 07:35:00,0.0,0.15,0.0,6.17,0.0,6.32,10.0,0.0,9.0,0.0,370.2,0.0,379.20000000000005
2020-12-10 07:36:00,0.0,0.17,0.0,6.25,0.0,6.42,10.0,0.0,10.200000000000001,0.0,375.0,0.0,385.2
2020-12-10 07:37:00,0.0,0.17,0.0,6.28,0.0,6.45,10.0,0.0,10.200000000000001,0.0,376.8,0.0,387.0
2020-12-10 07:38:00,0.0,0.17,0.0,7.98,0.0,8.15,10.0,0.0,10.200000000000001,0.0,478.8,0.0,489.0
2020-12-10 07:39:00,0.0,0.15,0.0,8.35,0.0,8.5,10.0,0.0,9.0,0.0,501.0,0.0,510.0
2020-12-10 07:40:00,0.0,0.17,0.0,8.08,0.0,8.25,10.0,0.0,10.200000000000001,0.0,484.8,0.0,495.0
2020-12-10 07:41:00,0.0,0.15,0.0,8.23,0.0,8.38,10.0,0.0,9.0,0.0,493.8,0.0,502.80000000000007
2020-12-10 07:42:00,0.0,0.17,0.0,8.17,0.0,8.34,10.0,0.0,10.200000000000001,0.0,490.2,0.0,500.4
2020-12-10 07:43:00,0.0,0.17,0.0,8.17,0.0,8.34,10.0,0.0,10.200000000000001,0.0,490.2,0.0,500.4
2020-12-10 07:44:00,0.0,0.17,0.0,8.08,0.0,8.25,10.0,0.0,10.200000000000001,0.0,484.8,0.0,495.0
2020-12-10 07:45:00,0.0,0.15,0.0,10.47,0.0,10.62,10.0,0.0,9.0,0.0,628.2,0.0,637.1999999999999
2020-12-10 07:46:00,0.0,0.15,0.0,10.43,0.0,10.58,10.0,0.0,9.0,0.0,625.8,0.0,634.8000000000001
2020-12-10 07:47:00,0.0,0.15,0.0,8.22,0.0,8.37,10.0,0.0,9.0,0.0,493.20000000000005,0.0,502.19999999999993
2020-12-10 07:48:00,0.0,0.15,0.0,7.4,0.0,7.55,10.0,0.0,9.0,0.0,444.0,0.0,453.0
2020-12-10 07:49:00,0.0,0.15,0.0,7.2,0.0,7.35,10.0,0.0,9.0,0.0,432.0,0.0,441.0
2020-12-10 07:50:00,0.0,0.15,0.0,7.27,0.0,7.42,10.0,0.0,9.0,0.0,436.2,0.0,445.2
2020-12-10 07:51:00,0.0,0.15,0.0,7.23,0.0,7.38,10.0,0.0,9.0,0.0,433.8,0.0,442.8
2020-12-10 07:52:00,0.0,0.15,0.0,7.22,0.0,7.37,10.0,0.0,9.0,0.0,433.2,0.0,442.2
2020-12-10 07:53:00,0.0,0.15,0.0,8.98,0.0,9.13,10.0,0.0,9.0,0.0,538.8000000000001,0.0,547.8000000000001
2020-12-10 07:54:00,0.0,0.15,0.0,13.55,0.0,13.7,10.0,0.0,9.0,0.0,813.0,0.0,822.0
2020-12-10 07:55:00,0.0,0.15,0.0,8.07,0.0,8.22,10.0,0.0,9.0,0.0,484.20000000000005,0.0,493.20000000000005
2020-12-10 07:56:00,0.0,0.15,0.0,7.95,0.0,8.1,10.0,0.0,9.0,0.0,477.0,0.0,486.0
2020-12-10 07:57:00,0.0,0.15,0.0,8.12,0.0,8.27,10.0,0.0,9.0,0.0,487.19999999999993,0.0,496.2
2020-12-10 07:58:00,0.0,0.15,0.0,8.3,0.0,8.45,10.0,0.0,9.0,0.0,498.00000000000006,0.0,506.99999999999994
2020-12-10 07:59:00,0.0,0.15,0.0,8.47,0.0,8.62,10.0,0.0,9.0,0.0,508.20000000000005,0.0,517.1999999999999
2020-12-10 08:00:00,0.0,0.15,0.0,8.47,0.0,8.62,10.0,0.0,9.0,0.0,508.20000000000005,0.0,517.1999999999999
2020-12-10 08:01:00,0.0,0.15,0.0,8.45,0.0,8.6,10.0,0.0,9.0,0.0,506.99999999999994,0.0,516.0
2020-12-10 08:02:00,0.0,0.15,0.0,8.42,0.0,8.57,10.0,0.0,9.0,0.0,505.2,0.0,514.2
2020-12-10 08:03:00,0.0,0.15,0.0,8.35,0.0,8.5,10.0,0.0,9.0,0.0,501.0,0.0,510.0
2020-12-10 08:04:00,0.0,0.15,0.0,8.32,0.0,8.47,10.0,0.0,9.0,0.0,499.20000000000005,0.0,508.20000000000005
2020-12-10 08:05:00,0.0,0.15,0.0,8.32,0.0,8.47,10.0,0.0,9.0,0.0,499.20000000000005,0.0,508.20000000000005
2020-12-10 08:06:00,0.0,0.15,0.0,22.93,0.0,23.08,10.0,0.0,9.0,0.0,1375.8,0.0,1384.8
2020-12-10 08:07:00,0.0,0.15,0.0,14.87,0.0,15.02,10.0,0.0,9.0,0.0,892.1999999999999,0.0,901.1999999999999
2020-12-10 08:08:00,0.0,0.15,0.0,48.92,0.0,49.07,10.0,0.0,9.0,0.0,2935.2000000000003,0.0,2944.2000000000003
2020-12-10 08:09:00,0.0,0.15,0.0,55.13,0.0,55.28,10.0,0.0,9.0,0.0,3307.8,0.0,3316.8
2020-12-10 08:10:00,0.0,0.15,0.0,67.13,0.0,67.28,10.0,0.0,9.0,0.0,4027.7999999999997,0.0,4036.8
2020-12-10 08:11:00,0.0,0.15,0.0,69.75,0.0,69.9,10.0,0.0,9.0,0.0,4185.0,0.0,4194.0
2020-12-10 08:12:00,0.0,0.15,0.0,55.38,0.0,55.53,10.0,0.0,9.0,0.0,3322.8,0.0,3331.8
2020-12-10 08:13:00,0.0,0.15,0.0,34.6,0.0,34.75,10.0,0.0,9.0,0.0,2076.0,0.0,2085.0
2020-12-10 08:14:00,0.0,0.15,0.0,20.2,0.0,20.35,10.0,0.0,9.0,0.0,1212.0,0.0,1221.0
2020-12-10 08:15:00,0.0,0.15,0.0,8.15,0.0,8.3,10.0,0.0,9.0,0.0,489.0,0.0,498.00000000000006
2020-12-10 08:16:00,0.0,0.15,0.0,7.82,0.0,7.97,10.0,0.0,9.0,0.0,469.20000000000005,0.0,478.2
2020-12-10 08:17:00,0.0,0.15,0.0,7.52,0.0,7.67,10.0,0.0,9.0,0.0,451.2,0.0,460.2
2020-12-10 08:18:00,0.0,0.15,0.0,7.48,0.0,7.63,10.0,0.0,9.0,0.0,448.8,0.0,457.8
2020-12-10 08:19:00,0.0,0.15,0.0,7.45,0.0,7.6,10.0,0.0,9.0,0.0,447.0,0.0,456.0
2020-12-10 08:20:00,0.0,0.15,0.0,7.45,0.0,7.6,10.0,0.0,9.0,0.0,447.0,0.0,456.0
2020-12-10 08:21:00,0.0,0.15,0.0,7.4,0.0,7.55,10.0,0.0,9.0,0.0,444.0,0.0,453.0
2020-12-10 08:22:00,0.0,0.15,0.0,7.38,0.0,7.53,10.0,0.0,9.0,0.0,442.8,0.0,451.8
2020-12-10 08:23:00,0.0,0.12,0.0,7.42,0.0,7.54,10.0,0.0,7.2,0.0,445.2,0.0,452.40000000000003
2020-12-10 08:24:00,0.0,0.0,0.0,7.37,0.0,7.37,10.0,0.0,0.0,0.0,442.2,0.0,442.2
2020-12-10 08:25:00,0.0,0.0,0.0,13.52,0.0,13.52,10.0,0.0,0.0,0.0,811.1999999999999,0.0,811.1999999999999
2020-12-10 08:26:00,0.0,0.0,0.0,35.45,0.0,35.45,10.0,0.0,0.0,0.0,2127.0,0.0,2127.0
2020-12-10 08:27:00,0.0,0.0,0.0,41.28,0.0,41.28,10.0,0.0,0.0,0.0,2476.8,0.0,2476.8
2020-12-10 08:28:00,0.0,0.0,0.0,12.02,0.0,12.02,10.0,0.0,0.0,0.0,721.1999999999999,0.0,721.1999999999999
2020-12-10 08:29:00,0.0,0.0,0.0,9.53,0.0,9.53,10.0,0.0,0.0,0.0,571.8,0.0,571.8
2020-12-10 08:30:00,0.0,0.0,0.0,39.03,0.0,39.03,10.0,0.0,0.0,0.0,2341.8,0.0,2341.8
2020-12-10 08:31:00,0.0,0.0,0.0,25.48,0.0,25.48,10.0,0.0,0.0,0.0,1528.8,0.0,1528.8
2020-12-10 08:32:00,0.0,0.0,0.0,21.07,0.0,21.07,10.0,0.0,0.0,0.0,1264.2,0.0,1264.2
2020-12-10 08:33:00,0.0,0.0,0.0,12.83,0.0,12.83,10.0,0.0,0.0,0.0,769.8000000000001,0.0,769.8000000000001
2020-12-10 08:34:00,0.0,0.0,0.0,7.6,0.0,7.6,10.0,0.0,0.0,0.0,456.0,0.0,456.0
2020-12-10 08:35:00,0.0,0.03,0.0,7.38,0.0,7.41,10.0,0.0,1.8,0.0,442.8,0.0,444.6
2020-12-10 08:36:00,0.0,0.0,0.0,6.23,0.0,6.23,10.0,0.0,0.0,0.0,373.8,0.0,373.8
2020-12-10 08:37:00,0.0,0.0,0.0,6.95,0.0,6.95,10.0,0.0,0.0,0.0,417.0,0.0,417.0
2020-12-10 08:38:00,0.0,0.0,0.0,5.82,0.0,5.82,10.0,0.0,0.0,0.0,349.20000000000005,0.0,349.20000000000005
2020-12-10 08:39:00,0.0,0.0,0.0,5.63,0.0,5.63,10.0,0.0,0.0,0.0,337.8,0.0,337.8
2020-12-10 08:40:00,0.0,0.0,0.0,7.65,0.0,7.65,10.0,0.0,0.0,0.0,459.0,0.0,459.0
2020-12-10 08:41:00,0.0,0.03,0.0,20.67,0.0,20.7,10.0,0.0,1.8,0.0,1240.2,0.0,1242.0
2020-12-10 08:42:00,0.0,0.0,0.0,5.65,0.0,5.65,10.0,0.0,0.0,0.0,339.0,0.0,339.0
2020-12-10 08:43:00,0.0,0.0,0.0,5.53,0.0,5.53,10.0,0.0,0.0,0.0,331.8,0.0,331.8
2020-12-10 08:44:00,0.0,0.03,0.0,5.45,0.0,5.48,10.0,0.0,1.8,0.0,327.0,0.0,328.8
2020-12-10 08:45:00,0.0,0.0,0.0,5.43,0.0,5.43,10.0,0.0,0.0,0.0,325.8,0.0,325.8
2020-12-10 08:46:00,0.0,0.05,0.0,5.53,0.0,5.58,10.0,0.0,3.0,0.0,331.8,0.0,334.8
2020-12-10 08:47:00,0.0,0.05,0.0,5.93,0.0,5.98,10.0,0.0,3.0,0.0,355.8,0.0,358.8
2020-12-10 08:48:00,0.0,0.07,0.0,6.32,0.0,6.39,10.0,0.0,4.2,0.0,379.20000000000005,0.0,383.4
2020-12-10 08:49:00,0.0,0.12,0.0,6.13,0.0,6.25,10.0,0.0,7.2,0.0,367.8,0.0,375.0
2020-12-10 08:50:00,0.0,0.05,0.0,5.77,0.0,5.82,10.0,0.0,3.0,0.0,346.2,0.0,349.20000000000005
2020-12-10 08:51:00,0.0,0.0,0.08,5.68,0.0,5.6,10.0,0.0,0.0,4.8,340.8,0.0,336.0
2020-12-10 08:52:00,0.0,0.0,0.15,5.75,0.0,5.6,10.0,0.0,0.0,9.0,345.0,0.0,336.0
2020-12-10 08:53:00,0.0,0.0,0.13,5.72,0.0,5.59,10.0,0.0,0.0,7.800000000000001,343.2,0.0,335.4
2020-12-10 08:54:00,0.0,0.05,0.08,24.97,0.0,24.94,10.0,0.0,3.0,4.8,1498.2,0.0,1496.4
2020-12-10 08:55:00,0.0,0.08,0.07,60.42,0.0,60.43,10.0,0.0,4.8,4.2,3625.2000000000003,0.0,3625.8
2020-12-10 08:56:00,0.0,0.03,0.03,57.53,0.0,57.53,10.0,0.0,1.8,1.8,3451.8,0.0,3451.8
2020-12-10 08:57:00,0.0,0.23,0.0,52.97,0.0,53.2,9.0,0.0,13.8,0.0,3178.2,0.0,3192.0
2020-12-10 08:58:00,0.0,0.3,0.0,60.78,0.0,61.08,9.0,0.0,18.0,0.0,3646.8,0.0,3664.7999999999997
2020-12-10 08:59:00,0.0,0.28,0.0,70.17,0.0,70.45,9.0,0.0,16.8,0.0,4210.2,0.0,4227.0
2020-12-10 09:00:00,0.0,0.13,0.0,65.88,0.0,66.01,9.0,0.0,7.800000000000001,0.0,3952.7999999999997,0.0,3960.6000000000004
2020-12-10 09:01:00,0.0,0.0,0.07,86.6,0.0,86.53,9.0,0.0,0.0,4.2,5196.0,0.0,5191.8
2020-12-10 09:02:00,0.0,0.0,0.23,75.27,0.0,75.04,9.0,0.0,0.0,13.8,4516.2,0.0,4502.400000000001
2020-12-10 09:03:00,0.0,0.0,0.3,66.13,0.0,65.83,9.0,0.0,0.0,18.0,3967.7999999999997,0.0,3949.7999999999997
2020-12-10 09:04:00,0.0,0.0,0.17,62.9,0.0,62.73,9.0,0.0,0.0,10.200000000000001,3774.0,0.0,3763.7999999999997
2020-12-10 09:05:00,0.0,0.03,0.35,52.52,0.0,52.2,9.0,0.0,1.8,21.0,3151.2000000000003,0.0,3132.0
2020-12-10 09:06:00,0.0,0.0,0.73,52.48,0.0,51.75,9.0,0.0,0.0,43.8,3148.7999999999997,0.0,3105.0
2020-12-10 09:07:00,0.0,0.0,1.13,52.27,0.0,51.14,9.0,0.0,0.0,67.8,3136.2000000000003,0.0,3068.4
2020-12-10 09:08:00,0.0,0.0,1.33,23.5,0.0,22.17,9.0,0.0,0.0,79.80000000000001,1410.0,0.0,1330.2
2020-12-10 09:09:00,0.0,0.0,1.5,4.23,0.0,2.73,9.0,0.0,0.0,90.0,253.80000000000004,0.0,163.8
2020-12-10 09:10:00,0.0,0.0,1.68,3.87,0.0,2.19,9.0,0.0,0.0,100.8,232.20000000000002,0.0,131.4
2020-12-10 09:11:00,0.0,0.0,1.55,3.45,0.0,1.9,9.0,0.0,0.0,93.0,207.0,0.0,114.0
2020-12-10 09:12:00,0.0,0.0,0.93,3.4,0.0,2.47,9.0,0.0,0.0,55.800000000000004,204.0,0.0,148.20000000000002
2020-12-10 09:13:00,0.0,0.0,0.57,3.37,0.0,2.8,9.0,0.0,0.0,34.199999999999996,202.20000000000002,0.0,168.0
2020-12-10 09:14:00,0.0,0.0,0.48,3.52,0.0,3.04,9.0,0.0,0.0,28.8,211.20000000000002,0.0,182.4
2020-12-10 09:15:00,0.0,0.05,0.48,3.37,0.0,2.94,9.0,0.0,3.0,28.8,202.20000000000002,0.0,176.4
2020-12-10 09:16:00,0.0,0.0,0.58,3.42,0.0,2.84,9.0,0.0,0.0,34.8,205.2,0.0,170.4
2020-12-10 09:17:00,0.0,0.0,0.75,3.37,0.0,2.62,9.0,0.0,0.0,45.0,202.20000000000002,0.0,157.20000000000002
2020-12-10 09:18:00,0.0,0.0,0.93,3.37,0.0,2.44,9.0,0.0,0.0,55.800000000000004,202.20000000000002,0.0,146.4
2020-12-10 09:19:00,0.0,0.0,0.93,3.3,0.0,2.37,9.0,0.0,0.0,55.800000000000004,198.0,0.0,142.20000000000002
2020-12-10 09:20:00,0.0,0.0,1.1,3.32,0.0,2.22,9.0,0.0,0.0,66.0,199.2,0.0,133.20000000000002
2020-12-10 09:21:00,0.0,0.27,1.37,3.13,0.0,2.03,9.0,0.0,16.200000000000003,82.2,187.79999999999998,0.0,121.79999999999998
2020-12-10 09:22:00,0.0,0.0,1.4,3.45,0.0,2.05,9.0,0.0,0.0,84.0,207.0,0.0,122.99999999999999
2020-12-10 09:23:00,0.0,0.05,1.3,3.35,0.0,2.1,9.0,0.0,3.0,78.0,201.0,0.0,126.0
2020-12-10 09:24:00,0.0,0.0,1.07,3.4,0.0,2.33,9.0,0.0,0.0,64.2,204.0,0.0,139.8
2020-12-10 09:25:00,0.0,0.0,1.02,3.77,0.0,2.75,9.0,0.0,0.0,61.2,226.20000000000002,0.0,165.0
2020-12-10 09:26:00,0.0,0.0,0.8,25.7,0.0,24.9,9.0,0.0,0.0,48.0,1542.0,0.0,1494.0
2020-12-10 09:27:00,0.0,0.0,0.73,50.87,0.0,50.14,9.0,0.0,0.0,43.8,3052.2,0.0,3008.4
2020-12-10 09:28:00,0.0,0.03,0.58,50.95,0.0,50.4,9.0,0.0,1.8,34.8,3057.0,0.0,3024.0
2020-12-10 09:29:00,0.0,0.0,0.55,50.9,0.0,50.35,9.0,0.0,0.0,33.0,3054.0,0.0,3021.0
2020-12-10 09:30:00,0.0,0.0,0.57,50.67,0.0,50.1,9.0,0.0,0.0,34.199999999999996,3040.2000000000003,0.0,3006.0
2020-12-10 09:31:00,0.0,0.0,0.6,50.42,0.0,49.82,9.0,0.0,0.0,36.0,3025.2000000000003,0.0,2989.2000000000003
2020-12-10 09:32:00,0.0,0.03,0.62,50.4,0.0,49.81,9.0,0.0,1.8,37.2,3024.0,0.0,2988.6000000000004
2020-12-10 09:33:00,0.0,0.05,0.6,51.02,0.0,50.47,9.0,0.0,3.0,36.0,3061.2000000000003,0.0,3028.2
2020-12-10 09:34:00,0.0,0.0,0.7,25.82,0.0,25.12,9.0,0.0,0.0,42.0,1549.2,0.0,1507.2
2020-12-10 09:35:00,0.0,0.0,1.0,3.6,0.0,2.6,9.0,0.0,0.0,60.0,216.0,0.0,156.0
2020-12-10 09:36:00,0.0,0.0,1.07,3.6,0.0,2.53,9.0,0.0,0.0,64.2,216.0,0.0,151.79999999999998
2020-12-10 09:37:00,0.0,0.0,1.07,3.52,0.0,2.45,9.0,0.0,0.0,64.2,211.20000000000002,0.0,147.0
2020-12-10 09:38:00,0.0,0.0,1.27,3.32,0.0,2.05,9.0,0.0,0.0,76.2,199.2,0.0,122.99999999999999
2020-12-10 09:39:00,0.0,0.0,1.67,3.43,0.0,1.76,9.0,0.0,0.0,100.2,205.8,0.0,105.60000000000001
2020-12-10 09:40:00,0.0,0.0,2.18,3.4,0.0,1.22,9.0,0.0,0.0,130.8,204.0,0.0,73.2
2020-12-10 09:41:00,0.0,0.0,2.75,3.38,0.0,0.63,9.0,0.0,0.0,165.0,202.79999999999998,0.0,37.800000000000004
2020-12-10 09:42:00,0.0,0.33,2.8,3.45,0.0,0.98,9.0,0.0,19.8,168.0,207.0,0.0,58.8
2020-12-10 09:43:00,0.0,0.0,2.65,3.35,0.0,0.7,9.0,0.0,0.0,159.0,201.0,0.0,42.0
2020-12-10 09:44:00,0.0,0.0,2.52,3.33,0.0,0.81,9.0,0.0,0.0,151.20000000000002,199.8,0.0,48.6
2020-12-10 09:45:00,0.0,0.0,2.45,3.35,0.0,0.9,9.0,0.0,0.0,147.0,201.0,0.0,54.0
2020-12-10 09:46:00,0.0,1.27,2.42,2.88,0.0,1.73,9.0,0.0,76.2,145.2,172.79999999999998,0.0,103.8
2020-12-10 09:47:00,0.0,0.93,2.12,2.48,0.0,1.29,9.0,0.0,55.800000000000004,127.2,148.8,0.0,77.4
2020-12-10 09:48:00,0.0,0.0,1.62,2.62,0.0,1.0,9.0,0.0,0.0,97.2,157.20000000000002,0.0,60.0
2020-12-10 09:49:00,0.0,0.0,1.42,2.63,0.0,1.21,9.0,0.0,0.0,85.2,157.79999999999998,0.0,72.6
2020-12-10 09:50:00,0.0,0.0,1.17,2.65,0.0,1.48,9.0,0.0,0.0,70.2,159.0,0.0,88.8
2020-12-10 09:51:00,0.0,0.0,1.07,2.58,0.0,1.51,9.0,0.0,0.0,64.2,154.8,0.0,90.60000000000001
2020-12-10 09:52:00,0.0,0.0,1.05,2.6,0.0,1.55,9.0,0.0,0.0,63.0,156.0,0.0,93.0
2020-12-10 09:53:00,0.0,0.0,1.1,2.67,0.0,1.57,9.0,0.0,0.0,66.0,160.2,0.0,94.2
2020-12-10 09:54:00,0.0,0.3,1.35,2.35,0.0,1.3,9.0,0.0,18.0,81.0,141.0,0.0,78.0
2020-12-10 09:55:00,0.0,0.0,1.58,2.68,0.0,1.1,9.0,0.0,0.0,94.80000000000001,160.8,0.0,66.0
2020-12-10 09:56:00,0.0,0.52,2.25,2.67,0.0,0.94,9.0,0.0,31.200000000000003,135.0,160.2,0.0,56.4
2020-12-10 09:57:00,0.0,3.42,3.43,2.58,0.0,2.57,9.0,0.0,205.2,205.8,154.8,0.0,154.2
2020-12-10 09:58:00,0.0,1.57,2.38,2.63,0.0,1.82,9.0,0.0,94.2,142.79999999999998,157.79999999999998,0.0,109.2
2020-12-10 09:59:00,0.0,0.2,1.63,2.65,0.0,1.22,9.0,0.0,12.0,97.8,159.0,0.0,73.2
2020-12-10 10:00:00,0.0,0.18,1.72,2.53,0.0,0.99,9.0,0.0,10.799999999999999,103.2,151.79999999999998,0.0,59.4
2020-12-10 10:01:00,0.0,0.32,1.72,2.52,0.0,1.12,9.0,0.0,19.2,103.2,151.20000000000002,0.0,67.2
2020-12-10 10:02:00,0.0,0.0,1.63,2.57,0.0,0.94,9.0,0.0,0.0,97.8,154.2,0.0,56.4
2020-12-10 10:03:00,0.0,0.15,1.63,2.5,0.0,1.02,9.0,0.0,9.0,97.8,150.0,0.0,61.2
2020-12-10 10:04:00,0.0,0.0,1.85,2.6,0.0,0.75,9.0,0.0,0.0,111.0,156.0,0.0,45.0
2020-12-10 10:05:00,0.0,0.7,2.38,2.7,0.0,1.02,9.0,0.0,42.0,142.79999999999998,162.0,0.0,61.2
2020-12-10 10:06:00,0.0,4.1,4.12,2.6,0.0,2.58,9.0,0.0,245.99999999999997,247.20000000000002,156.0,0.0,154.8
2020-12-10 10:07:00,0.0,5.92,5.9,2.58,0.0,2.6,9.0,0.0,355.2,354.0,154.8,0.0,156.0
2020-12-10 10:08:00,0.0,6.42,6.4,2.57,0.0,2.59,9.0,0.0,385.2,384.0,154.2,0.0,155.4
2020-12-10 10:09:00,0.0,4.83,4.85,2.57,0.0,2.55,9.0,0.0,289.8,291.0,154.2,0.0,153.0
2020-12-10 10:10:00,0.0,2.87,3.07,2.7,0.0,2.5,9.0,0.0,172.20000000000002,184.2,162.0,0.0,150.0
2020-12-10 10:11:00,0.0,0.03,1.63,2.65,0.0,1.05,10.0,0.0,1.8,97.8,159.0,0.0,63.0
2020-12-10 10:12:00,0.0,0.03,1.35,2.7,0.0,1.38,10.0,0.0,1.8,81.0,162.0,0.0,82.8
2020-12-10 10:13:00,0.0,0.15,1.17,2.53,0.0,1.51,10.0,0.0,9.0,70.2,151.79999999999998,0.0,90.60000000000001
2020-12-10 10:14:00,0.0,0.0,1.27,2.63,0.0,1.36,10.0,0.0,0.0,76.2,157.79999999999998,0.0,81.60000000000001
2020-12-10 10:15:00,0.0,0.2,1.52,2.53,0.0,1.21,10.0,0.0,12.0,91.2,151.79999999999998,0.0,72.6
2020-12-10 10:16:00,0.0,0.17,1.7,2.58,0.0,1.05,10.0,0.0,10.200000000000001,102.0,154.8,0.0,63.0
2020-12-10 10:17:00,0.0,1.32,2.23,2.32,0.0,1.41,10.0,0.0,79.2,133.8,139.2,0.0,84.6
2020-12-10 10:18:00,0.0,2.93,2.9,2.65,0.0,2.68,10.0,0.0,175.8,174.0,159.0,0.0,160.8
2020-12-10 10:19:00,0.0,3.25,3.23,2.6,0.0,2.62,10.0,0.0,195.0,193.8,156.0,0.0,157.20000000000002
2020-12-10 10:20:00,0.0,3.52,3.52,2.58,0.0,2.58,10.0,0.0,211.20000000000002,211.20000000000002,154.8,0.0,154.8
2020-12-10 10:21:00,0.0,3.75,3.73,2.6,0.0,2.62,10.0,0.0,225.0,223.8,156.0,0.0,157.20000000000002
2020-12-10 10:22:00,0.0,3.67,3.67,2.57,0.0,2.57,10.0,0.0,220.2,220.2,154.2,0.0,154.2
2020-12-10 10:23:00,0.0,3.38,3.35,2.62,0.0,2.65,10.0,0.0,202.79999999999998,201.0,157.20000000000002,0.0,159.0
2020-12-10 10:24:00,0.0,3.18,3.18,2.58,0.0,2.58,10.0,0.0,190.8,190.8,154.8,0.0,154.8
2020-12-10 10:25:00,0.0,3.28,3.28,2.58,0.0,2.58,10.0,0.0,196.79999999999998,196.79999999999998,154.8,0.0,154.8
2020-12-10 10:26:00,0.0,3.43,3.42,2.6,0.0,2.61,10.0,0.0,205.8,205.2,156.0,0.0,156.6
2020-12-10 10:27:00,0.0,3.58,3.57,2.65,0.0,2.66,10.0,0.0,214.8,214.2,159.0,0.0,159.60000000000002
2020-12-10 10:28:00,0.0,3.42,3.37,2.6,0.0,2.65,10.0,0.0,205.2,202.20000000000002,156.0,0.0,159.0
2020-12-10 10:29:00,0.0,3.07,3.15,2.73,0.0,2.65,10.0,0.0,184.2,189.0,163.8,0.0,159.0
2020-12-10 10:30:00,0.0,3.23,3.23,2.92,0.0,2.92,10.0,0.0,193.8,193.8,175.2,0.0,175.2
2020-12-10 10:31:00,0.0,3.97,3.93,2.77,0.0,2.81,10.0,0.0,238.20000000000002,235.8,166.20000000000002,0.0,168.6
2020-12-10 10:32:00,0.0,4.85,4.83,2.75,0.0,2.77,10.0,0.0,291.0,289.8,165.0,0.0,166.20000000000002
2020-12-10 10:33:00,0.0,5.15,5.15,2.6,0.0,2.6,10.0,0.0,309.0,309.0,156.0,0.0,156.0
2020-12-10 10:34:00,0.0,4.93,4.88,2.67,0.0,2.72,10.0,0.0,295.8,292.8,160.2,0.0,163.20000000000002
2020-12-10 10:35:00,0.0,5.12,5.12,2.78,0.0,2.78,10.0,0.0,307.2,307.2,166.79999999999998,0.0,166.79999999999998
2020-12-10 10:36:00,0.0,5.05,5.0,2.68,0.0,2.73,10.0,0.0,303.0,300.0,160.8,0.0,163.8
2020-12-10 10:37:00,0.0,5.15,5.17,2.77,0.0,2.75,10.0,0.0,309.0,310.2,166.20000000000002,0.0,165.0
2020-12-10 10:38:00,0.0,4.6,4.6,2.68,0.0,2.68,10.0,0.0,276.0,276.0,160.8,0.0,160.8
2020-12-10 10:39:00,0.0,3.75,3.77,2.68,0.0,2.66,10.0,0.0,225.0,226.20000000000002,160.8,0.0,159.60000000000002
2020-12-10 10:40:00,0.0,3.25,3.23,2.62,0.0,2.64,10.0,0.0,195.0,193.8,157.20000000000002,0.0,158.4
2020-12-10 10:41:00,0.0,3.35,3.32,2.85,0.0,2.88,10.0,0.0,201.0,199.2,171.0,0.0,172.79999999999998
2020-12-10 10:42:00,0.0,0.85,3.08,38.85,0.0,36.62,10.0,0.0,51.0,184.8,2331.0,0.0,2197.2
2020-12-10 10:43:00,0.0,0.0,2.85,73.0,0.0,70.15,10.0,0.0,0.0,171.0,4380.0,0.0,4209.0
2020-12-10 10:44:00,0.0,0.0,2.82,65.22,0.0,62.4,10.0,0.0,0.0,169.2,3913.2,0.0,3744.0
2020-12-10 10:45:00,0.0,0.0,2.83,42.12,0.0,39.29,10.0,0.0,0.0,169.8,2527.2,0.0,2357.4
2020-12-10 10:46:00,0.0,0.0,2.88,41.6,0.0,38.72,10.0,0.0,0.0,172.79999999999998,2496.0,0.0,2323.2
2020-12-10 10:47:00,0.0,0.0,2.88,41.08,0.0,38.2,10.0,0.0,0.0,172.79999999999998,2464.7999999999997,0.0,2292.0
2020-12-10 10:48:00,0.0,0.0,2.97,41.3,0.0,38.33,10.0,0.0,0.0,178.20000000000002,2478.0,0.0,2299.7999999999997
2020-12-10 10:49:00,0.0,0.0,3.42,41.32,0.0,37.9,10.0,0.0,0.0,205.2,2479.2000000000003,0.0,2274.0
2020-12-10 10:50:00,0.0,0.97,4.23,25.93,0.0,22.67,10.0,0.0,58.199999999999996,253.80000000000004,1555.8,0.0,1360.2
2020-12-10 10:51:00,0.0,1.87,4.48,23.0,0.0,20.39,10.0,0.0,112.2,268.8,1380.0,0.0,1223.4
2020-12-10 10:52:00,0.0,0.0,3.75,42.1,0.0,38.35,10.0,0.0,0.0,225.0,2526.0,0.0,2301.0
2020-12-10 10:53:00,0.0,0.0,3.12,41.9,0.0,38.78,10.0,0.0,0.0,187.20000000000002,2514.0,0.0,2326.8
2020-12-10 10:54:00,0.0,0.0,2.93,48.72,0.0,45.79,10.0,0.0,0.0,175.8,2923.2,0.0,2747.4
2020-12-10 10:55:00,0.0,0.0,2.58,51.42,0.0,48.84,10.0,0.0,0.0,154.8,3085.2000000000003,0.0,2930.4
2020-12-10 10:56:00,0.0,0.0,2.48,35.37,0.0,32.89,10.0,0.0,0.0,148.8,2122.2,0.0,1973.4
2020-12-10 10:57:00,0.0,0.0,2.57,35.63,0.0,33.06,10.0,0.0,0.0,154.2,2137.8,0.0,1983.6000000000001
2020-12-10 10:58:00,0.0,0.0,2.57,35.82,0.0,33.25,10.0,0.0,0.0,154.2,2149.2000000000003,0.0,1995.0
2020-12-10 10:59:00,0.0,0.0,2.47,36.08,0.0,33.61,10.0,0.0,0.0,148.20000000000002,2164.7999999999997,0.0,2016.6
2020-12-10 11:00:00,0.0,0.0,4.6,36.1,0.0,31.5,10.0,0.0,0.0,276.0,2166.0,0.0,1890.0
2020-12-10 11:01:00,0.0,0.0,3.05,35.9,0.0,32.85,10.0,0.0,0.0,183.0,2154.0,0.0,1971.0
2020-12-10 11:02:00,0.03,0.0,2.38,35.43,0.0,33.02,10.0,1.8,0.0,142.79999999999998,2125.8,0.0,1981.2000000000003
2020-12-10 11:03:00,0.0,0.0,2.65,36.17,0.0,33.52,10.0,0.0,0.0,159.0,2170.2000000000003,0.0,2011.2000000000003
2020-12-10 11:04:00,0.0,0.0,2.5,58.22,0.0,55.72,10.0,0.0,0.0,150.0,3493.2,0.0,3343.2
2020-12-10 11:05:00,0.0,0.0,5.48,58.95,0.0,53.47,10.0,0.0,0.0,328.8,3537.0,0.0,3208.2
2020-12-10 11:06:00,0.0,0.0,5.78,40.77,0.0,34.99,10.0,0.0,0.0,346.8,2446.2000000000003,0.0,2099.4
2020-12-10 11:07:00,0.0,0.0,5.82,40.5,0.0,34.68,10.0,0.0,0.0,349.20000000000005,2430.0,0.0,2080.8
2020-12-10 11:08:00,0.0,0.0,6.35,43.38,0.0,37.03,10.0,0.0,0.0,381.0,2602.8,0.0,2221.8
2020-12-10 11:09:00,0.0,0.0,6.83,69.3,0.0,62.47,10.0,0.0,0.0,409.8,4158.0,0.0,3748.2
2020-12-10 11:10:00,0.0,0.0,7.63,69.23,0.0,61.6,10.0,0.0,0.0,457.8,4153.8,0.0,3696.0
2020-12-10 11:11:00,0.0,0.0,7.42,54.5,0.0,47.08,10.0,0.0,0.0,445.2,3270.0,0.0,2824.7999999999997
2020-12-10 11:12:00,0.0,0.0,8.73,35.03,0.0,26.3,10.0,0.0,0.0,523.8000000000001,2101.8,0.0,1578.0
2020-12-10 11:13:00,0.0,0.0,8.83,35.8,0.0,26.97,10.0,0.0,0.0,529.8000000000001,2148.0,0.0,1618.2
2020-12-10 11:14:00,0.0,0.0,9.03,42.27,0.0,33.24,10.0,0.0,0.0,541.8,2536.2000000000003,0.0,1994.4
2020-12-10 11:15:00,0.0,0.0,8.68,45.38,0.0,36.7,10.0,0.0,0.0,520.8,2722.8,0.0,2202.0
2020-12-10 11:16:00,0.0,0.0,8.12,42.02,0.0,33.9,10.0,0.0,0.0,487.19999999999993,2521.2000000000003,0.0,2034.0
2020-12-10 11:17:00,0.0,0.0,9.43,54.53,0.0,45.1,10.0,0.0,0.0,565.8,3271.8,0.0,2706.0
2020-12-10 11:18:00,0.0,0.0,9.1,58.37,0.0,49.27,10.0,0.0,0.0,546.0,3502.2,0.0,2956.2000000000003
2020-12-10 11:19:00,0.0,1.75,9.42,35.62,0.0,27.95,10.0,0.0,105.0,565.2,2137.2,0.0,1677.0
2020-12-10 11:20:00,0.0,0.0,6.47,24.82,0.0,18.35,10.0,0.0,0.0,388.2,1489.2,0.0,1101.0
2020-12-10 11:21:00,0.0,8.32,9.32,7.32,0.0,6.32,10.0,0.0,499.20000000000005,559.2,439.20000000000005,0.0,379.20000000000005
2020-12-10 11:22:00,0.0,3.27,7.67,21.28,0.0,16.88,10.0,0.0,196.20000000000002,460.2,1276.8000000000002,0.0,1012.8
2020-12-10 11:23:00,0.0,3.58,7.35,24.28,0.0,20.51,10.0,0.0,214.8,441.0,1456.8000000000002,0.0,1230.6000000000001
2020-12-10 11:24:00,0.0,2.48,5.32,6.4,0.0,3.56,10.0,0.0,148.8,319.20000000000005,384.0,0.0,213.6
2020-12-10 11:25:00,0.0,3.52,6.1,6.3,0.0,3.72,10.0,0.0,211.20000000000002,366.0,378.0,0.0,223.20000000000002
2020-12-10 11:26:00,0.0,9.48,9.43,6.42,0.0,6.47,10.0,0.0,568.8000000000001,565.8,385.2,0.0,388.2
2020-12-10 11:27:00,0.0,9.58,9.6,6.1,0.0,6.08,10.0,0.0,574.8000000000001,576.0,366.0,0.0,364.8
2020-12-10 11:28:00,0.0,8.55,9.82,12.8,0.0,11.53,11.0,0.0,513.0,589.2,768.0,0.0,691.8
2020-12-10 11:29:00,20.17,0.0,10.05,30.23,0.0,0.01,10.0,1210.2,0.0,603.0,1813.8,0.0,0.6
2020-12-10 11:30:00,0.0,10.92,10.9,7.22,0.0,7.24,10.0,0.0,655.2,654.0,433.2,0.0,434.40000000000003
2020-12-10 11:31:00,0.0,11.53,11.53,7.1,0.0,7.1,10.0,0.0,691.8,691.8,426.0,0.0,426.0
2020-12-10 11:32:00,0.0,7.8,11.62,7.42,0.0,3.6,11.0,0.0,468.0,697.1999999999999,445.2,0.0,216.0
2020-12-10 11:33:00,0.0,3.83,10.9,7.48,0.0,0.41,11.0,0.0,229.8,654.0,448.8,0.0,24.599999999999998
2020-12-10 11:34:00,0.0,5.05,11.37,6.95,0.0,0.63,11.0,0.0,303.0,682.1999999999999,417.0,0.0,37.800000000000004
2020-12-10 11:35:00,10.47,0.0,8.42,26.17,0.0,7.28,11.0,628.2,0.0,505.2,1570.2,0.0,436.8
2020-12-10 11:36:00,14.15,0.0,5.97,19.75,0.37,0.0,11.0,849.0,0.0,358.2,1185.0,22.2,0.0
2020-12-10 11:37:00,1.38,0.0,5.13,7.47,0.0,0.96,11.0,82.8,0.0,307.8,448.2,0.0,57.6
2020-12-10 11:38:00,0.0,0.85,7.08,6.63,0.0,0.4,11.0,0.0,51.0,424.8,397.8,0.0,24.0
2020-12-10 11:39:00,0.0,2.58,9.12,6.87,0.0,0.33,11.0,0.0,154.8,547.1999999999999,412.2,0.0,19.8
2020-12-10 11:40:00,0.0,7.87,14.35,6.58,0.0,0.1,11.0,0.0,472.2,861.0,394.8,0.0,6.0
2020-12-10 11:41:00,0.0,5.95,12.03,6.22,0.0,0.14,11.0,0.0,357.0,721.8,373.2,0.0,8.4
2020-12-10 11:42:00,0.0,2.13,8.98,7.28,0.0,0.43,11.0,0.0,127.8,538.8000000000001,436.8,0.0,25.8
2020-12-10 11:43:00,0.0,0.13,8.03,8.43,0.0,0.53,11.0,0.0,7.800000000000001,481.79999999999995,505.8,0.0,31.8
2020-12-10 11:44:00,0.0,3.5,8.85,5.57,0.0,0.22,11.0,0.0,210.0,531.0,334.20000000000005,0.0,13.200000000000001
2020-12-10 11:45:00,0.0,2.43,7.9,6.68,0.0,1.21,11.0,0.0,145.8,474.0,400.8,0.0,72.6
2020-12-10 11:46:00,0.0,1.58,6.63,6.03,0.0,0.98,11.0,0.0,94.80000000000001,397.8,361.8,0.0,58.8
2020-12-10 11:47:00,0.0,2.45,8.25,7.07,0.0,1.27,11.0,0.0,147.0,495.0,424.20000000000005,0.0,76.2
2020-12-10 11:48:00,0.0,8.03,14.57,7.38,0.0,0.84,11.0,0.0,481.79999999999995,874.2,442.8,0.0,50.4
2020-12-10 11:49:00,0.0,4.2,11.35,7.25,0.0,0.1,11.0,0.0,252.0,681.0,435.0,0.0,6.0
2020-12-10 11:50:00,0.0,2.88,9.2,7.35,0.0,1.03,11.0,0.0,172.79999999999998,552.0,441.0,0.0,61.800000000000004
2020-12-10 11:51:00,0.0,1.23,8.85,7.0,0.62,0.0,11.0,0.0,73.8,531.0,420.0,37.2,0.0
2020-12-10 11:52:00,20.58,0.0,7.35,33.83,0.0,5.9,11.0,1234.8,0.0,441.0,2029.8,0.0,354.0
2020-12-10 11:53:00,5.43,0.0,6.08,8.35,3.16,0.0,10.0,325.8,0.0,364.8,501.0,189.60000000000002,0.0
2020-12-10 11:54:00,0.0,1.4,5.02,7.57,0.0,3.95,11.0,0.0,84.0,301.2,454.20000000000005,0.0,237.0
2020-12-10 11:55:00,0.22,0.0,4.38,8.1,0.0,3.5,10.0,13.200000000000001,0.0,262.8,486.0,0.0,210.0
2020-12-10 11:56:00,0.0,1.18,5.58,6.7,0.0,2.3,11.0,0.0,70.8,334.8,402.0,0.0,138.0
2020-12-10 11:57:00,0.0,3.22,6.25,6.83,0.0,3.8,10.0,0.0,193.20000000000002,375.0,409.8,0.0,228.0
2020-12-10 11:58:00,0.0,1.85,5.47,6.0,0.0,2.38,11.0,0.0,111.0,328.2,360.0,0.0,142.79999999999998
2020-12-10 11:59:00,1.18,0.0,4.83,6.83,0.0,0.82,11.0,70.8,0.0,289.8,409.8,0.0,49.199999999999996
2020-12-10 12:00:00,0.45,0.0,4.18,6.05,0.0,1.42,10.0,27.0,0.0,250.79999999999998,363.0,0.0,85.2
2020-12-10 12:01:00,0.47,0.0,4.35,7.28,0.0,2.46,10.0,28.2,0.0,261.0,436.8,0.0,147.6
2020-12-10 12:02:00,0.0,0.03,5.08,9.3,0.0,4.25,10.0,0.0,1.8,304.8,558.0,0.0,255.0
2020-12-10 12:03:00,0.0,0.03,5.3,10.08,0.0,4.81,10.0,0.0,1.8,318.0,604.8000000000001,0.0,288.59999999999997
2020-12-10 12:04:00,0.08,0.0,6.57,10.17,0.0,3.52,10.0,4.8,0.0,394.20000000000005,610.2,0.0,211.20000000000002
2020-12-10 12:05:00,0.0,4.07,7.67,8.43,0.0,4.83,10.0,0.0,244.20000000000002,460.2,505.8,0.0,289.8
2020-12-10 12:06:00,0.0,9.73,9.78,7.42,0.0,7.37,10.0,0.0,583.8000000000001,586.8,445.2,0.0,442.2
2020-12-10 12:07:00,8.7,0.0,7.88,29.45,0.0,12.87,10.0,522.0,0.0,472.8,1767.0,0.0,772.1999999999999
2020-12-10 12:08:00,0.27,0.0,4.97,9.93,0.0,4.69,10.0,16.200000000000003,0.0,298.2,595.8,0.0,281.40000000000003
2020-12-10 12:09:00,0.0,0.0,5.05,10.07,0.0,5.02,10.0,0.0,0.0,303.0,604.2,0.0,301.2
2020-12-10 12:10:00,0.0,3.33,6.67,7.53,0.0,4.19,10.0,0.0,199.8,400.2,451.8,0.0,251.40000000000003
2020-12-10 12:11:00,0.0,9.65,9.55,5.4,0.0,5.5,10.0,0.0,579.0,573.0,324.0,0.0,330.0
2020-12-10 12:12:00,0.0,10.73,10.78,5.85,0.0,5.8,10.0,0.0,643.8000000000001,646.8,351.0,0.0,348.0
2020-12-10 12:13:00,0.0,9.73,9.83,5.35,0.0,5.25,10.0,0.0,583.8000000000001,589.8000000000001,321.0,0.0,315.0
2020-12-10 12:14:00,0.0,7.03,7.1,4.97,0.0,4.9,10.0,0.0,421.8,426.0,298.2,0.0,294.0
2020-12-10 12:15:00,0.0,2.9,4.7,4.83,0.0,3.03,11.0,0.0,174.0,282.0,289.8,0.0,181.79999999999998
2020-12-10 12:16:00,0.88,0.0,3.73,5.05,0.0,0.44,11.0,52.800000000000004,0.0,223.8,303.0,0.0,26.400000000000002
2020-12-10 12:17:00,1.0,0.0,3.48,5.07,0.0,0.59,11.0,60.0,0.0,208.8,304.20000000000005,0.0,35.4
2020-12-10 12:18:00,0.92,0.0,3.72,5.0,0.0,0.36,11.0,55.2,0.0,223.20000000000002,300.0,0.0,21.599999999999998
2020-12-10 12:19:00,0.63,0.0,3.95,4.93,0.0,0.35,11.0,37.800000000000004,0.0,237.0,295.8,0.0,21.0
2020-12-10 12:20:00,0.0,0.33,4.82,5.08,0.0,0.59,11.0,0.0,19.8,289.20000000000005,304.8,0.0,35.4
2020-12-10 12:21:00,0.0,3.03,7.58,4.97,0.0,0.42,11.0,0.0,181.79999999999998,454.8,298.2,0.0,25.2
2020-12-10 12:22:00,0.0,4.1,9.48,5.45,0.0,0.07,11.0,0.0,245.99999999999997,568.8000000000001,327.0,0.0,4.2
2020-12-10 12:23:00,0.0,2.55,6.98,4.65,0.0,0.22,11.0,0.0,153.0,418.8,279.0,0.0,13.200000000000001
2020-12-10 12:24:00,0.0,1.9,6.0,4.83,0.0,0.73,11.0,0.0,114.0,360.0,289.8,0.0,43.8
2020-12-10 12:25:00,4.2,0.0,4.73,10.02,0.0,1.09,11.0,252.0,0.0,283.8,601.1999999999999,0.0,65.4
2020-12-10 12:26:00,3.25,0.0,4.3,7.35,0.2,0.0,11.0,195.0,0.0,258.0,441.0,12.0,0.0
2020-12-10 12:27:00,0.58,0.0,3.67,4.72,0.0,0.47,11.0,34.8,0.0,220.2,283.2,0.0,28.2
2020-12-10 12:28:00,0.0,0.95,3.77,3.28,0.0,0.46,11.0,0.0,57.0,226.20000000000002,196.79999999999998,0.0,27.6
2020-12-10 12:29:00,0.0,1.22,4.95,4.12,0.0,0.39,11.0,0.0,73.2,297.0,247.20000000000002,0.0,23.400000000000002
2020-12-10 12:30:00,0.0,3.15,7.0,4.07,0.0,0.22,11.0,0.0,189.0,420.0,244.20000000000002,0.0,13.200000000000001
2020-12-10 12:31:00,0.0,3.85,7.27,4.02,0.0,0.6,11.0,0.0,231.0,436.2,241.2,0.0,36.0
2020-12-10 12:32:00,0.0,0.83,4.82,4.12,0.0,0.13,11.0,0.0,49.8,289.20000000000005,247.20000000000002,0.0,7.800000000000001
2020-12-10 12:33:00,0.0,0.32,4.15,4.3,0.0,0.47,11.0,0.0,19.2,249.00000000000003,258.0,0.0,28.2
2020-12-10 12:34:00,0.0,0.25,4.25,4.18,0.0,0.18,11.0,0.0,15.0,255.0,250.79999999999998,0.0,10.799999999999999
2020-12-10 12:35:00,0.38,0.0,3.7,3.78,0.3,0.0,11.0,22.8,0.0,222.0,226.79999999999998,18.0,0.0
2020-12-10 12:36:00,0.0,3.45,6.5,3.87,0.0,0.82,11.0,0.0,207.0,390.0,232.20000000000002,0.0,49.199999999999996
2020-12-10 12:37:00,0.0,5.6,13.82,7.85,0.37,0.0,11.0,0.0,336.0,829.2,471.0,22.2,0.0
2020-12-10 12:38:00,0.0,9.27,13.87,5.0,0.0,0.4,11.0,0.0,556.1999999999999,832.1999999999999,300.0,0.0,24.0
2020-12-10 12:39:00,0.0,11.53,13.92,2.92,0.0,0.53,11.0,0.0,691.8,835.2,175.2,0.0,31.8
2020-12-10 12:40:00,0.0,10.98,13.78,3.05,0.0,0.25,11.0,0.0,658.8000000000001,826.8,183.0,0.0,15.0
2020-12-10 12:41:00,0.0,10.82,13.85,3.67,0.0,0.64,11.0,0.0,649.2,831.0,220.2,0.0,38.4
2020-12-10 12:42:00,0.0,10.57,13.78,3.97,0.0,0.76,11.0,0.0,634.2,826.8,238.20000000000002,0.0,45.6
2020-12-10 12:43:00,0.0,10.48,14.03,4.37,0.0,0.82,11.0,0.0,628.8000000000001,841.8,262.2,0.0,49.199999999999996
2020-12-10 12:44:00,0.0,10.85,14.85,4.08,0.0,0.08,11.0,0.0,651.0,891.0,244.8,0.0,4.8
2020-12-10 12:45:00,0.0,11.58,14.95,4.08,0.0,0.71,11.0,0.0,694.8000000000001,897.0,244.8,0.0,42.6
2020-12-10 12:46:00,0.0,11.28,14.92,4.22,0.0,0.58,11.0,0.0,676.8,895.2,253.2,0.0,34.8
2020-12-10 12:47:00,0.0,12.0,15.13,3.17,0.0,0.04,11.0,0.0,720.0,907.8000000000001,190.2,0.0,2.4
2020-12-10 12:48:00,0.0,12.2,15.23,3.52,0.0,0.49,11.0,0.0,732.0,913.8000000000001,211.20000000000002,0.0,29.4
2020-12-10 12:49:00,0.0,11.97,15.22,3.62,0.0,0.37,11.0,0.0,718.2,913.2,217.20000000000002,0.0,22.2
2020-12-10 12:50:00,0.0,12.78,15.3,3.03,0.0,0.51,11.0,0.0,766.8,918.0,181.79999999999998,0.0,30.6
2020-12-10 12:51:00,0.0,6.5,15.22,10.82,0.0,2.1,11.0,0.0,390.0,913.2,649.2,0.0,126.0
2020-12-10 12:52:00,0.0,4.27,15.48,11.47,0.0,0.26,11.0,0.0,256.2,928.8000000000001,688.2,0.0,15.600000000000001
2020-12-10 12:53:00,0.0,4.93,15.67,11.07,0.0,0.33,11.0,0.0,295.8,940.2,664.2,0.0,19.8
2020-12-10 12:54:00,0.0,5.43,15.8,10.67,0.0,0.3,11.0,0.0,325.8,948.0,640.2,0.0,18.0
2020-12-10 12:55:00,0.0,12.75,16.12,2.72,0.65,0.0,12.0,0.0,765.0,967.2,163.20000000000002,39.0,0.0
2020-12-10 12:56:00,0.0,13.72,16.07,2.78,0.0,0.43,12.0,0.0,823.2,964.2,166.79999999999998,0.0,25.8
2020-12-10 12:57:00,0.0,13.93,16.13,2.77,0.0,0.57,12.0,0.0,835.8,967.8,166.20000000000002,0.0,34.199999999999996
2020-12-10 12:58:00,0.0,14.33,16.48,2.68,0.0,0.53,12.0,0.0,859.8000000000001,988.8000000000001,160.8,0.0,31.8
2020-12-10 12:59:00,0.0,14.15,16.67,2.87,0.0,0.35,12.0,0.0,849.0,1000.2000000000002,172.20000000000002,0.0,21.0
2020-12-10 13:00:00,0.0,14.77,17.07,2.72,0.0,0.42,12.0,0.0,886.1999999999999,1024.2,163.20000000000002,0.0,25.2
2020-12-10 13:01:00,0.0,12.58,14.8,2.6,0.0,0.38,12.0,0.0,754.8000000000001,888.0,156.0,0.0,22.8
2020-12-10 13:02:00,0.0,15.1,17.53,2.75,0.0,0.32,12.0,0.0,906.0,1051.8000000000002,165.0,0.0,19.2
2020-12-10 13:03:00,0.0,12.22,14.62,2.63,0.0,0.23,13.0,0.0,733.2,877.1999999999999,157.79999999999998,0.0,13.8
2020-12-10 13:04:00,0.0,8.13,10.27,2.62,0.0,0.48,13.0,0.0,487.80000000000007,616.1999999999999,157.20000000000002,0.0,28.8
2020-12-10 13:05:00,0.0,13.63,15.97,2.6,0.0,0.26,13.0,0.0,817.8000000000001,958.2,156.0,0.0,15.600000000000001
2020-12-10 13:06:00,0.0,14.85,17.25,2.73,0.0,0.33,13.0,0.0,891.0,1035.0,163.8,0.0,19.8
2020-12-10 13:07:00,0.0,8.15,10.3,2.55,0.0,0.4,13.0,0.0,489.0,618.0,153.0,0.0,24.0
2020-12-10 13:08:00,0.0,8.1,10.37,2.7,0.0,0.43,13.0,0.0,486.0,622.1999999999999,162.0,0.0,25.8
2020-12-10 13:09:00,0.0,13.38,15.85,2.72,0.0,0.25,13.0,0.0,802.8000000000001,951.0,163.20000000000002,0.0,15.0
2020-12-10 13:10:00,0.0,7.32,9.53,2.67,0.0,0.46,13.0,0.0,439.20000000000005,571.8,160.2,0.0,27.6
2020-12-10 13:11:00,0.0,11.85,14.25,2.72,0.0,0.32,13.0,0.0,711.0,855.0,163.20000000000002,0.0,19.2
2020-12-10 13:12:00,0.0,14.83,16.93,2.62,0.0,0.52,13.0,0.0,889.8000000000001,1015.8,157.20000000000002,0.0,31.200000000000003
2020-12-10 13:13:00,0.0,14.9,17.15,2.6,0.0,0.35,14.0,0.0,894.0,1029.0,156.0,0.0,21.0
2020-12-10 13:14:00,0.0,16.32,18.53,2.68,0.0,0.47,14.0,0.0,979.2,1111.8000000000002,160.8,0.0,28.2
2020-12-10 13:15:00,0.0,16.22,18.25,2.52,0.0,0.49,14.0,0.0,973.1999999999999,1095.0,151.20000000000002,0.0,29.4
2020-12-10 13:16:00,0.0,16.22,18.53,2.52,0.0,0.21,14.0,0.0,973.1999999999999,1111.8000000000002,151.20000000000002,0.0,12.6
2020-12-10 13:17:00,0.0,16.75,19.02,2.62,0.0,0.35,14.0,0.0,1005.0,1141.2,157.20000000000002,0.0,21.0
2020-12-10 13:18:00,0.0,17.7,19.9,2.7,0.0,0.5,14.0,0.0,1062.0,1194.0,162.0,0.0,30.0
2020-12-10 13:19:00,0.0,18.75,20.9,2.63,0.0,0.48,15.0,0.0,1125.0,1254.0,157.79999999999998,0.0,28.8
2020-12-10 13:20:00,0.0,20.43,22.62,2.68,0.0,0.49,15.0,0.0,1225.8,1357.2,160.8,0.0,29.4
2020-12-10 13:21:00,0.0,19.23,21.7,2.8,0.0,0.33,15.0,0.0,1153.8,1302.0,168.0,0.0,19.8
2020-12-10 13:22:00,0.0,9.75,12.38,2.73,0.0,0.1,15.0,0.0,585.0,742.8000000000001,163.8,0.0,6.0
2020-12-10 13:23:00,0.0,5.33,7.47,2.62,0.0,0.48,15.0,0.0,319.8,448.2,157.20000000000002,0.0,28.8
2020-12-10 13:24:00,0.0,7.23,9.35,2.62,0.0,0.5,15.0,0.0,433.8,561.0,157.20000000000002,0.0,30.0
2020-12-10 13:25:00,0.0,8.63,10.7,2.62,0.0,0.55,15.0,0.0,517.8000000000001,642.0,157.20000000000002,0.0,33.0
2020-12-10 13:26:00,0.0,8.35,10.53,2.55,0.0,0.37,15.0,0.0,501.0,631.8,153.0,0.0,22.2
2020-12-10 13:27:00,0.0,5.78,7.92,2.55,0.0,0.41,15.0,0.0,346.8,475.2,153.0,0.0,24.599999999999998
2020-12-10 13:28:00,0.0,4.62,6.77,2.62,0.0,0.47,15.0,0.0,277.2,406.2,157.20000000000002,0.0,28.2
2020-12-10 13:29:00,0.0,4.05,6.12,2.58,0.0,0.51,15.0,0.0,243.0,367.2,154.8,0.0,30.6
2020-12-10 13:30:00,0.0,3.92,6.03,2.63,0.0,0.52,15.0,0.0,235.2,361.8,157.79999999999998,0.0,31.200000000000003
2020-12-10 13:31:00,0.0,4.07,6.22,2.62,0.0,0.47,15.0,0.0,244.20000000000002,373.2,157.20000000000002,0.0,28.2
2020-12-10 13:32:00,0.0,4.52,6.65,2.63,0.0,0.5,15.0,0.0,271.2,399.0,157.79999999999998,0.0,30.0
2020-12-10 13:33:00,0.0,5.02,7.13,2.6,0.0,0.49,15.0,0.0,301.2,427.8,156.0,0.0,29.4
2020-12-10 13:34:00,0.0,5.42,7.62,2.67,0.0,0.47,15.0,0.0,325.2,457.2,160.2,0.0,28.2
2020-12-10 13:35:00,2.15,0.0,8.0,12.63,0.0,2.48,16.0,129.0,0.0,480.0,757.8000000000001,0.0,148.8
2020-12-10 13:36:00,7.03,0.0,8.2,15.98,0.0,0.75,16.0,421.8,0.0,491.99999999999994,958.8000000000001,0.0,45.0
2020-12-10 13:37:00,7.12,0.0,8.63,16.32,0.0,0.57,16.0,427.2,0.0,517.8000000000001,979.2,0.0,34.199999999999996
2020-12-10 13:38:00,0.0,1.65,9.03,11.3,0.0,3.92,16.0,0.0,99.0,541.8,678.0,0.0,235.2
2020-12-10 13:39:00,29.23,0.0,9.05,46.95,0.0,8.67,16.0,1753.8,0.0,543.0,2817.0,0.0,520.2
2020-12-10 13:40:00,38.87,0.0,8.52,47.83,0.0,0.44,16.0,2332.2,0.0,511.2,2869.7999999999997,0.0,26.400000000000002
2020-12-10 13:41:00,39.62,0.0,7.7,47.87,0.0,0.55,15.0,2377.2,0.0,462.0,2872.2,0.0,33.0
2020-12-10 13:42:00,39.03,0.0,7.98,47.47,0.0,0.46,15.0,2341.8,0.0,478.8,2848.2,0.0,27.6
2020-12-10 13:43:00,31.97,0.0,14.68,47.38,0.0,0.73,14.0,1918.2,0.0,880.8,2842.8,0.0,43.8
2020-12-10 13:44:00,24.9,0.0,22.37,47.4,0.0,0.13,14.0,1494.0,0.0,1342.2,2844.0,0.0,7.800000000000001
2020-12-10 13:45:00,23.32,0.0,23.82,47.32,0.0,0.18,14.0,1399.2,0.0,1429.2,2839.2000000000003,0.0,10.799999999999999
2020-12-10 13:46:00,24.48,0.0,22.33,47.72,0.0,0.91,14.0,1468.8,0.0,1339.8,2863.2,0.0,54.6
2020-12-10 13:47:00,35.53,0.0,12.1,48.25,0.0,0.62,13.0,2131.8,0.0,726.0,2895.0,0.0,37.2
2020-12-10 13:48:00,28.97,0.0,19.0,48.43,0.0,0.46,13.0,1738.2,0.0,1140.0,2905.8,0.0,27.6
2020-12-10 13:49:00,30.6,0.0,17.58,48.33,0.0,0.15,13.0,1836.0,0.0,1054.8,2899.7999999999997,0.0,9.0
2020-12-10 13:50:00,22.4,0.0,20.92,42.05,1.27,0.0,12.0,1344.0,0.0,1255.2,2523.0,76.2,0.0
2020-12-10 13:51:00,14.38,0.0,24.08,42.63,0.0,4.17,12.0,862.8000000000001,0.0,1444.8,2557.8,0.0,250.2
2020-12-10 13:52:00,23.53,0.0,24.03,48.03,0.0,0.47,12.0,1411.8000000000002,0.0,1441.8000000000002,2881.8,0.0,28.2
2020-12-10 13:53:00,20.73,0.0,23.25,40.63,3.35,0.0,12.0,1243.8,0.0,1395.0,2437.8,201.0,0.0
2020-12-10 13:54:00,21.13,0.0,20.4,45.55,0.0,4.02,11.0,1267.8,0.0,1224.0,2733.0,0.0,241.2
2020-12-10 13:55:00,29.82,0.0,13.53,41.05,2.3,0.0,11.0,1789.2,0.0,811.8,2463.0,138.0,0.0
2020-12-10 13:56:00,21.72,0.0,18.8,42.37,0.0,1.85,11.0,1303.2,0.0,1128.0,2542.2,0.0,111.0
2020-12-10 13:57:00,29.05,0.0,9.55,47.67,0.0,9.07,10.0,1743.0,0.0,573.0,2860.2000000000003,0.0,544.2
2020-12-10 13:58:00,0.0,0.03,8.98,36.2,0.0,27.25,10.0,0.0,1.8,538.8000000000001,2172.0,0.0,1635.0
2020-12-10 13:59:00,0.0,0.0,22.45,46.3,0.0,23.85,10.0,0.0,0.0,1347.0,2778.0,0.0,1431.0
2020-12-10 14:00:00,0.0,2.27,19.35,35.1,0.0,18.02,11.0,0.0,136.20000000000002,1161.0,2106.0,0.0,1081.2
2020-12-10 14:01:00,1.38,0.0,12.25,46.78,0.0,33.15,10.0,82.8,0.0,735.0,2806.8,0.0,1989.0
2020-12-10 14:02:00,0.0,0.03,12.58,35.5,0.0,22.95,10.0,0.0,1.8,754.8000000000001,2130.0,0.0,1377.0
2020-12-10 14:03:00,0.0,0.0,10.8,46.83,0.0,36.03,10.0,0.0,0.0,648.0,2809.7999999999997,0.0,2161.8
2020-12-10 14:04:00,0.0,0.0,10.77,43.98,0.0,33.21,10.0,0.0,0.0,646.1999999999999,2638.7999999999997,0.0,1992.6000000000001
2020-12-10 14:05:00,0.03,0.0,8.9,38.1,0.0,29.17,10.0,1.8,0.0,534.0,2286.0,0.0,1750.2
2020-12-10 14:06:00,0.0,0.0,6.88,46.07,0.0,39.19,10.0,0.0,0.0,412.8,2764.2000000000003,0.0,2351.4
2020-12-10 14:07:00,0.0,1.9,5.58,36.23,0.0,32.55,10.0,0.0,114.0,334.8,2173.7999999999997,0.0,1952.9999999999998
2020-12-10 14:08:00,0.0,0.0,5.85,42.55,0.0,36.7,10.0,0.0,0.0,351.0,2553.0,0.0,2202.0
2020-12-10 14:09:00,0.0,0.0,15.1,38.32,0.0,23.22,10.0,0.0,0.0,906.0,2299.2000000000003,0.0,1393.2
2020-12-10 14:10:00,0.0,0.0,17.85,45.75,0.0,27.9,10.0,0.0,0.0,1071.0,2745.0,0.0,1674.0
2020-12-10 14:11:00,0.0,0.0,19.28,38.58,0.0,19.3,10.0,0.0,0.0,1156.8000000000002,2314.7999999999997,0.0,1158.0
2020-12-10 14:12:00,0.0,0.03,10.58,42.02,0.0,31.47,10.0,0.0,1.8,634.8000000000001,2521.2000000000003,0.0,1888.2
2020-12-10 14:13:00,0.0,5.47,15.83,35.52,0.0,25.16,10.0,0.0,328.2,949.8000000000001,2131.2000000000003,0.0,1509.6000000000001
2020-12-10 14:14:00,2.22,0.0,21.33,45.8,0.0,22.25,10.0,133.20000000000002,0.0,1279.8,2748.0,0.0,1335.0
2020-12-10 14:15:00,0.0,0.0,25.0,38.13,0.0,13.13,10.0,0.0,0.0,1500.0,2287.8,0.0,787.8000000000001
2020-12-10 14:16:00,0.0,0.0,27.52,43.05,0.0,15.53,10.0,0.0,0.0,1651.2,2583.0,0.0,931.8
2020-12-10 14:17:00,0.0,0.03,22.52,45.77,0.0,23.28,10.0,0.0,1.8,1351.2,2746.2000000000003,0.0,1396.8000000000002
2020-12-10 14:18:00,0.0,3.62,15.15,26.5,0.0,14.97,10.0,0.0,217.20000000000002,909.0,1590.0,0.0,898.2
2020-12-10 14:19:00,0.0,0.0,12.55,33.85,0.0,21.3,10.0,0.0,0.0,753.0,2031.0,0.0,1278.0
2020-12-10 14:20:00,0.0,0.0,15.4,33.58,0.0,18.18,10.0,0.0,0.0,924.0,2014.8,0.0,1090.8
2020-12-10 14:21:00,0.0,0.0,18.27,33.63,0.0,15.36,10.0,0.0,0.0,1096.2,2017.8000000000002,0.0,921.6
2020-12-10 14:22:00,0.0,0.03,26.07,34.02,0.0,7.98,10.0,0.0,1.8,1564.2,2041.2000000000003,0.0,478.8
2020-12-10 14:23:00,0.0,0.0,16.15,33.47,0.0,17.32,10.0,0.0,0.0,968.9999999999999,2008.2,0.0,1039.2
2020-12-10 14:24:00,0.0,0.0,8.43,33.55,0.0,25.12,10.0,0.0,0.0,505.8,2012.9999999999998,0.0,1507.2
2020-12-10 14:25:00,0.0,0.0,6.7,33.43,0.0,26.73,10.0,0.0,0.0,402.0,2005.8,0.0,1603.8
2020-12-10 14:26:00,0.0,0.0,6.03,33.53,0.0,27.5,10.0,0.0,0.0,361.8,2011.8000000000002,0.0,1650.0
2020-12-10 14:27:00,0.0,4.05,6.38,14.68,0.0,12.35,10.0,0.0,243.0,382.8,880.8,0.0,741.0
2020-12-10 14:28:00,0.0,7.57,7.55,5.63,0.0,5.65,10.0,0.0,454.20000000000005,453.0,337.8,0.0,339.0
2020-12-10 14:29:00,0.0,11.4,11.33,3.27,0.0,3.34,10.0,0.0,684.0,679.8000000000001,196.20000000000002,0.0,200.4
2020-12-10 14:30:00,0.0,21.35,21.45,2.4,0.0,2.3,10.0,0.0,1281.0,1287.0,144.0,0.0,138.0
2020-12-10 14:31:00,0.0,13.42,13.52,2.45,0.0,2.35,10.0,0.0,805.2,811.1999999999999,147.0,0.0,141.0
2020-12-10 14:32:00,0.0,9.45,9.5,2.43,0.0,2.38,10.0,0.0,567.0,570.0,145.8,0.0,142.79999999999998
2020-12-10 14:33:00,0.0,7.57,7.58,2.45,0.0,2.44,10.0,0.0,454.20000000000005,454.8,147.0,0.0,146.4
2020-12-10 14:34:00,0.0,6.22,6.22,2.45,0.0,2.45,10.0,0.0,373.2,373.2,147.0,0.0,147.0
2020-12-10 14:35:00,0.0,5.27,5.27,2.43,0.0,2.43,10.0,0.0,316.2,316.2,145.8,0.0,145.8
2020-12-10 14:36:00,0.0,7.18,7.03,2.32,0.0,2.47,10.0,0.0,430.8,421.8,139.2,0.0,148.20000000000002
2020-12-10 14:37:00,0.0,6.45,6.72,2.28,0.0,2.01,10.0,0.0,387.0,403.2,136.79999999999998,0.0,120.6
2020-12-10 14:38:00,0.0,6.05,5.98,4.55,0.0,4.62,10.0,0.0,363.0,358.8,273.0,0.0,277.2
2020-12-10 14:39:00,0.0,3.5,5.53,4.77,0.0,2.74,11.0,0.0,210.0,331.8,286.2,0.0,164.4
2020-12-10 14:40:00,0.0,18.435,23.365,7.069999999999999,0.0,2.14,11.0,0.0,1106.1,1401.8999999999999,424.2,0.0,128.4
2020-12-10 14:41:00,0.0,33.37,41.2,9.37,0.0,1.54,11.0,0.0,2002.1999999999998,2472.0,562.1999999999999,0.0,92.4
2020-12-10 14:42:00,0.0,2.48,6.62,5.48,0.0,1.34,12.0,0.0,148.8,397.2,328.8,0.0,80.4
2020-12-10 14:43:00,0.0,7.02,10.77,4.37,0.0,0.62,12.0,0.0,421.2,646.1999999999999,262.2,0.0,37.2
2020-12-10 14:44:00,0.0,19.4,23.52,4.27,0.0,0.15,12.0,0.0,1164.0,1411.2,256.2,0.0,9.0
2020-12-10 14:45:00,0.0,0.58,4.4,4.33,0.0,0.51,12.0,0.0,34.8,264.0,259.8,0.0,30.6
2020-12-10 14:46:00,0.83,0.0,3.1,4.3,0.0,0.37,12.0,49.8,0.0,186.0,258.0,0.0,22.2
2020-12-10 14:47:00,0.7,0.0,3.08,4.35,0.0,0.57,12.0,42.0,0.0,184.8,261.0,0.0,34.199999999999996
2020-12-10 14:48:00,0.33,0.0,3.52,4.33,0.0,0.48,12.0,19.8,0.0,211.20000000000002,259.8,0.0,28.8
2020-12-10 14:49:00,0.0,14.7,18.42,4.2,0.0,0.48,12.0,0.0,882.0,1105.2,252.0,0.0,28.8
2020-12-10 14:50:00,0.0,21.98,25.87,4.28,0.0,0.39,12.0,0.0,1318.8,1552.2,256.8,0.0,23.400000000000002
2020-12-10 14:51:00,0.0,22.03,25.73,4.28,0.0,0.58,12.0,0.0,1321.8000000000002,1543.8,256.8,0.0,34.8
2020-12-10 14:52:00,0.0,20.48,24.35,4.23,0.0,0.36,12.0,0.0,1228.8,1461.0,253.80000000000004,0.0,21.599999999999998
2020-12-10 14:53:00,0.0,22.72,25.8,4.05,0.0,0.97,12.0,0.0,1363.2,1548.0,243.0,0.0,58.199999999999996
2020-12-10 14:54:00,0.0,19.8,23.67,4.28,0.0,0.41,12.0,0.0,1188.0,1420.2,256.8,0.0,24.599999999999998
2020-12-10 14:55:00,0.0,4.83,8.25,4.07,0.0,0.65,12.0,0.0,289.8,495.0,244.20000000000002,0.0,39.0
2020-12-10 14:56:00,0.0,23.77,26.57,3.85,0.0,1.05,13.0,0.0,1426.2,1594.2,231.0,0.0,63.0
2020-12-10 14:57:00,0.0,22.0,25.43,3.68,0.0,0.25,13.0,0.0,1320.0,1525.8,220.8,0.0,15.0
2020-12-10 14:58:00,0.0,25.85,29.67,4.08,0.0,0.26,13.0,0.0,1551.0,1780.2,244.8,0.0,15.600000000000001
2020-12-10 14:59:00,0.0,2.08,15.93,17.8,0.0,3.95,14.0,0.0,124.80000000000001,955.8,1068.0,0.0,237.0
2020-12-10 15:00:00,31.3,0.0,16.78,48.55,0.0,0.47,14.0,1878.0,0.0,1006.8000000000001,2913.0,0.0,28.2
2020-12-10 15:01:00,39.63,0.0,8.15,48.27,0.0,0.49,13.0,2377.8,0.0,489.0,2896.2000000000003,0.0,29.4
2020-12-10 15:02:00,43.38,0.0,5.47,55.47,0.0,6.62,13.0,2602.8,0.0,328.2,3328.2,0.0,397.2
2020-12-10 15:03:00,51.78,0.0,3.97,84.78,0.0,29.03,12.0,3106.8,0.0,238.20000000000002,5086.8,0.0,1741.8000000000002
2020-12-10 15:04:00,51.8,0.0,3.17,87.13,0.0,32.16,12.0,3108.0,0.0,190.2,5227.8,0.0,1929.6
2020-12-10 15:05:00,51.82,0.0,2.8,115.63,0.0,61.01,11.0,3109.2000000000003,0.0,168.0,6937.8,0.0,3660.6
2020-12-10 15:06:00,41.6,0.0,2.7,113.88,0.0,69.58,10.0,2496.0,0.0,162.0,6832.8,0.0,4174.8
2020-12-10 15:07:00,0.0,0.0,2.57,98.2,0.0,95.63,10.0,0.0,0.0,154.2,5892.0,0.0,5737.8
2020-12-10 15:08:00,0.0,0.0,3.48,82.27,0.0,78.79,10.0,0.0,0.0,208.8,4936.2,0.0,4727.400000000001
2020-12-10 15:09:00,0.0,0.0,4.1,89.55,0.0,85.45,10.0,0.0,0.0,245.99999999999997,5373.0,0.0,5127.0
2020-12-10 15:10:00,0.0,0.0,4.47,80.17,0.0,75.7,10.0,0.0,0.0,268.2,4810.2,0.0,4542.0
2020-12-10 15:11:00,0.0,0.0,4.95,37.83,0.0,32.88,10.0,0.0,0.0,297.0,2269.7999999999997,0.0,1972.8000000000002
2020-12-10 15:12:00,0.0,0.0,5.3,65.92,0.0,60.62,10.0,0.0,0.0,318.0,3955.2000000000003,0.0,3637.2
2020-12-10 15:13:00,0.0,0.0,5.68,66.95,0.0,61.27,10.0,0.0,0.0,340.8,4017.0,0.0,3676.2000000000003
2020-12-10 15:14:00,0.0,0.0,6.17,68.05,0.0,61.88,10.0,0.0,0.0,370.2,4083.0,0.0,3712.8
2020-12-10 15:15:00,0.0,0.0,6.85,74.55,0.0,67.7,10.0,0.0,0.0,411.0,4473.0,0.0,4062.0
2020-12-10 15:16:00,0.0,1.22,8.1,52.32,0.0,45.44,10.0,0.0,73.2,486.0,3139.2000000000003,0.0,2726.4
2020-12-10 15:17:00,0.0,6.73,22.32,29.65,0.0,14.06,10.0,0.0,403.8,1339.2,1779.0,0.0,843.6
2020-12-10 15:18:00,0.0,26.45,28.25,8.65,0.0,6.85,10.0,0.0,1587.0,1695.0,519.0,0.0,411.0
2020-12-10 15:19:00,0.0,0.63,26.83,30.42,0.0,4.22,11.0,0.0,37.800000000000004,1609.8,1825.2,0.0,253.2
2020-12-10 15:20:00,0.0,0.7,26.55,31.88,0.0,6.03,11.0,0.0,42.0,1593.0,1912.8,0.0,361.8
2020-12-10 15:21:00,0.0,18.9,26.95,15.08,0.0,7.03,11.0,0.0,1134.0,1617.0,904.8000000000001,0.0,421.8
2020-12-10 15:22:00,17.62,0.0,11.45,30.22,0.0,1.15,11.0,1057.2,0.0,687.0,1813.2,0.0,69.0
2020-12-10 15:23:00,7.38,0.0,11.78,23.02,0.0,3.86,10.0,442.8,0.0,706.8,1381.2,0.0,231.6
2020-12-10 15:24:00,0.0,8.15,9.3,13.87,0.0,12.72,11.0,0.0,489.0,558.0,832.1999999999999,0.0,763.2
2020-12-10 15:25:00,8.45,0.0,10.02,21.88,0.0,3.41,11.0,506.99999999999994,0.0,601.1999999999999,1312.8,0.0,204.60000000000002
2020-12-10 15:26:00,8.6,0.0,7.37,24.05,0.0,8.08,10.0,516.0,0.0,442.2,1443.0,0.0,484.8
2020-12-10 15:27:00,0.0,6.78,6.77,5.13,0.0,5.14,10.0,0.0,406.8,406.2,307.8,0.0,308.4
2020-12-10 15:28:00,0.0,1.78,6.48,16.52,0.0,11.82,11.0,0.0,106.8,388.8,991.1999999999999,0.0,709.2
2020-12-10 15:29:00,6.78,0.0,6.13,23.45,0.0,10.54,11.0,406.8,0.0,367.8,1407.0,0.0,632.4
2020-12-10 15:30:00,0.0,0.52,5.08,24.83,0.0,20.27,10.0,0.0,31.200000000000003,304.8,1489.8,0.0,1216.2
2020-12-10 15:31:00,0.0,0.0,4.32,11.83,0.0,7.51,10.0,0.0,0.0,259.20000000000005,709.8000000000001,0.0,450.59999999999997
2020-12-10 15:32:00,0.0,0.0,3.73,38.13,0.0,34.4,10.0,0.0,0.0,223.8,2287.8,0.0,2064.0
2020-12-10 15:33:00,0.0,0.0,3.17,54.82,0.0,51.65,10.0,0.0,0.0,190.2,3289.2000000000003,0.0,3099.0
2020-12-10 15:34:00,0.0,0.0,2.92,64.33,0.0,61.41,10.0,0.0,0.0,175.2,3859.7999999999997,0.0,3684.6
2020-12-10 15:35:00,0.0,0.0,3.47,51.32,0.0,47.85,10.0,0.0,0.0,208.20000000000002,3079.2000000000003,0.0,2871.0
2020-12-10 15:36:00,0.0,1.95,7.0,20.1,0.0,15.05,10.0,0.0,117.0,420.0,1206.0,0.0,903.0
2020-12-10 15:37:00,0.0,14.05,16.65,10.32,0.0,7.72,10.0,0.0,843.0,998.9999999999999,619.2,0.0,463.2
2020-12-10 15:38:00,0.0,21.27,21.2,5.25,0.0,5.32,10.0,0.0,1276.2,1272.0,315.0,0.0,319.20000000000005
2020-12-10 15:39:00,0.0,19.68,19.93,8.07,0.0,7.82,10.0,0.0,1180.8,1195.8,484.20000000000005,0.0,469.20000000000005
2020-12-10 15:40:00,0.0,4.92,25.03,22.93,0.0,2.82,11.0,0.0,295.2,1501.8000000000002,1375.8,0.0,169.2
2020-12-10 15:41:00,0.0,19.73,24.12,4.43,0.0,0.04,11.0,0.0,1183.8,1447.2,265.8,0.0,2.4
2020-12-10 15:42:00,0.0,17.82,21.58,4.15,0.0,0.39,11.0,0.0,1069.2,1294.8,249.00000000000003,0.0,23.400000000000002
2020-12-10 15:43:00,0.0,22.18,25.62,4.02,0.0,0.58,11.0,0.0,1330.8,1537.2,241.2,0.0,34.8
2020-12-10 15:44:00,0.0,21.45,25.0,4.12,0.0,0.57,11.0,0.0,1287.0,1500.0,247.20000000000002,0.0,34.199999999999996
2020-12-10 15:45:00,0.0,1.87,5.72,3.95,0.0,0.1,12.0,0.0,112.2,343.2,237.0,0.0,6.0
2020-12-10 15:46:00,1.18,0.0,2.23,3.92,0.0,0.51,12.0,70.8,0.0,133.8,235.2,0.0,30.6
2020-12-10 15:47:00,1.0,0.0,2.5,4.02,0.0,0.52,12.0,60.0,0.0,150.0,241.2,0.0,31.200000000000003
2020-12-10 15:48:00,0.58,0.0,3.05,4.03,0.0,0.4,12.0,34.8,0.0,183.0,241.8,0.0,24.0
2020-12-10 15:49:00,0.0,7.55,10.78,3.92,0.0,0.69,12.0,0.0,453.0,646.8,235.2,0.0,41.4
2020-12-10 15:50:00,0.0,24.83,27.28,2.75,0.0,0.3,12.0,0.0,1489.8,1636.8000000000002,165.0,0.0,18.0
2020-12-10 15:51:00,0.0,22.13,23.88,2.37,0.0,0.62,12.0,0.0,1327.8,1432.8,142.20000000000002,0.0,37.2
2020-12-10 15:52:00,0.0,17.22,19.72,2.4,0.1,0.0,12.0,0.0,1033.2,1183.2,144.0,6.0,0.0
2020-12-10 15:53:00,0.0,15.33,17.1,2.5,0.0,0.73,12.0,0.0,919.8000000000001,1026.0,150.0,0.0,43.8
2020-12-10 15:54:00,0.0,24.13,26.2,2.82,0.0,0.75,12.0,0.0,1447.8,1572.0,169.2,0.0,45.0
2020-12-10 15:55:00,5.17,0.0,26.13,33.62,0.0,2.32,13.0,310.2,0.0,1567.8,2017.1999999999998,0.0,139.2
2020-12-10 15:56:00,7.62,0.0,25.48,32.65,0.45,0.0,13.0,457.2,0.0,1528.8,1959.0,27.0,0.0
2020-12-10 15:57:00,0.0,2.53,25.63,23.27,0.0,0.17,13.0,0.0,151.79999999999998,1537.8,1396.2,0.0,10.200000000000001
2020-12-10 15:58:00,0.0,4.18,24.78,17.77,2.83,0.0,13.0,0.0,250.79999999999998,1486.8000000000002,1066.2,169.8,0.0
2020-12-10 15:59:00,0.0,7.28,24.48,19.32,0.0,2.12,13.0,0.0,436.8,1468.8,1159.2,0.0,127.2
2020-12-10 16:00:00,0.0,11.37,24.58,17.6,0.0,4.39,13.0,0.0,682.1999999999999,1474.8,1056.0,0.0,263.4
2020-12-10 16:01:00,0.0,8.65,24.57,15.67,0.25,0.0,13.0,0.0,519.0,1474.2,940.2,15.0,0.0
2020-12-10 16:02:00,0.0,10.03,24.72,15.72,0.0,1.03,13.0,0.0,601.8,1483.2,943.2,0.0,61.800000000000004
2020-12-10 16:03:00,0.0,19.1,25.35,5.98,0.27,0.0,13.0,0.0,1146.0,1521.0,358.8,16.200000000000003,0.0
2020-12-10 16:04:00,0.0,23.58,25.28,2.38,0.0,0.68,13.0,0.0,1414.8,1516.8000000000002,142.79999999999998,0.0,40.800000000000004
2020-12-10 16:05:00,0.0,23.7,25.35,2.23,0.0,0.58,13.0,0.0,1422.0,1521.0,133.8,0.0,34.8
2020-12-10 16:06:00,0.0,23.93,25.58,2.28,0.0,0.63,13.0,0.0,1435.8,1534.8,136.79999999999998,0.0,37.800000000000004
2020-12-10 16:07:00,0.0,24.6,26.35,2.23,0.0,0.48,13.0,0.0,1476.0,1581.0,133.8,0.0,28.8
2020-12-10 16:08:00,0.0,25.05,26.77,2.25,0.0,0.53,13.0,0.0,1503.0,1606.2,135.0,0.0,31.8
2020-12-10 16:09:00,0.0,19.72,21.9,2.22,0.0,0.04,14.0,0.0,1183.2,1314.0,133.20000000000002,0.0,2.4
2020-12-10 16:10:00,0.0,14.55,16.68,2.48,0.0,0.35,14.0,0.0,873.0,1000.8,148.8,0.0,21.0
2020-12-10 16:11:00,0.0,13.68,16.75,3.7,0.0,0.63,14.0,0.0,820.8,1005.0,222.0,0.0,37.800000000000004
2020-12-10 16:12:00,0.0,19.48,22.95,3.65,0.0,0.18,14.0,0.0,1168.8,1377.0,219.0,0.0,10.799999999999999
2020-12-10 16:13:00,0.0,16.45,19.87,3.62,0.0,0.2,14.0,0.0,987.0,1192.2,217.20000000000002,0.0,12.0
2020-12-10 16:14:00,0.0,20.28,23.62,3.82,0.0,0.48,14.0,0.0,1216.8000000000002,1417.2,229.2,0.0,28.8
2020-12-10 16:15:00,0.0,20.88,24.03,3.68,0.0,0.53,15.0,0.0,1252.8,1441.8000000000002,220.8,0.0,31.8
2020-12-10 16:16:00,0.0,16.73,20.02,3.7,0.0,0.41,15.0,0.0,1003.8000000000001,1201.2,222.0,0.0,24.599999999999998
2020-12-10 16:17:00,0.0,13.63,17.0,3.88,0.0,0.51,15.0,0.0,817.8000000000001,1020.0,232.79999999999998,0.0,30.6
2020-12-10 16:18:00,0.0,16.47,19.75,3.42,0.0,0.14,15.0,0.0,988.1999999999999,1185.0,205.2,0.0,8.4
2020-12-10 16:19:00,0.0,17.32,20.83,3.57,0.0,0.06,15.0,0.0,1039.2,1249.8,214.2,0.0,3.6
2020-12-10 16:20:00,0.0,15.58,19.13,3.62,0.0,0.07,15.0,0.0,934.8000000000001,1147.8,217.20000000000002,0.0,4.2
2020-12-10 16:21:00,0.0,17.33,20.35,3.63,0.0,0.61,15.0,0.0,1039.8,1221.0,217.79999999999998,0.0,36.6
2020-12-10 16:22:00,0.0,11.95,15.1,3.43,0.0,0.28,16.0,0.0,717.0,906.0,205.8,0.0,16.8
2020-12-10 16:23:00,0.0,19.87,23.15,3.67,0.0,0.39,16.0,0.0,1192.2,1389.0,220.2,0.0,23.400000000000002
2020-12-10 16:24:00,0.0,19.87,23.08,3.83,0.0,0.62,16.0,0.0,1192.2,1384.8,229.8,0.0,37.2
2020-12-10 16:25:00,0.0,19.7,22.92,3.68,0.0,0.46,16.0,0.0,1182.0,1375.2,220.8,0.0,27.6
2020-12-10 16:26:00,0.0,18.77,22.4,3.87,0.0,0.24,16.0,0.0,1126.2,1344.0,232.20000000000002,0.0,14.4
2020-12-10 16:27:00,0.0,19.37,22.58,3.6,0.0,0.39,16.0,0.0,1162.2,1354.8,216.0,0.0,23.400000000000002
2020-12-10 16:28:00,0.0,19.55,22.57,3.65,0.0,0.63,17.0,0.0,1173.0,1354.2,219.0,0.0,37.800000000000004
2020-12-10 16:29:00,0.0,19.45,22.65,3.65,0.0,0.45,17.0,0.0,1167.0,1359.0,219.0,0.0,27.0
2020-12-10 16:30:00,0.0,20.05,22.4,2.62,0.0,0.27,17.0,0.0,1203.0,1344.0,157.20000000000002,0.0,16.200000000000003
2020-12-10 16:31:00,0.0,20.87,22.48,2.27,0.0,0.66,17.0,0.0,1252.2,1348.8,136.20000000000002,0.0,39.6
2020-12-10 16:32:00,0.0,17.78,19.85,2.18,0.0,0.11,17.0,0.0,1066.8000000000002,1191.0,130.8,0.0,6.6000000000000005
2020-12-10 16:33:00,0.0,13.27,14.9,2.18,0.0,0.55,17.0,0.0,796.1999999999999,894.0,130.8,0.0,33.0
2020-12-10 16:34:00,0.0,20.37,22.42,2.47,0.0,0.42,18.0,0.0,1222.2,1345.2,148.20000000000002,0.0,25.2
2020-12-10 16:35:00,0.0,13.77,16.23,2.73,0.0,0.27,18.0,0.0,826.1999999999999,973.8000000000001,163.8,0.0,16.200000000000003
2020-12-10 16:36:00,0.0,17.4,19.78,3.05,0.0,0.67,18.0,0.0,1044.0,1186.8000000000002,183.0,0.0,40.2
2020-12-10 16:37:00,0.0,19.58,22.03,2.88,0.0,0.43,18.0,0.0,1174.8,1321.8000000000002,172.79999999999998,0.0,25.8
2020-12-10 16:38:00,0.0,19.77,22.17,2.82,0.0,0.42,18.0,0.0,1186.2,1330.2,169.2,0.0,25.2
2020-12-10 16:39:00,0.0,18.2,20.62,2.77,0.0,0.35,18.0,0.0,1092.0,1237.2,166.20000000000002,0.0,21.0
2020-12-10 16:40:00,0.0,5.4,8.12,2.75,0.0,0.03,20.0,0.0,324.0,487.19999999999993,165.0,0.0,1.8
2020-12-10 16:41:00,0.0,0.32,2.62,2.83,0.0,0.53,20.0,0.0,19.2,157.20000000000002,169.8,0.0,31.8
2020-12-10 16:42:00,0.83,0.0,1.45,2.77,0.0,0.49,20.0,49.8,0.0,87.0,166.20000000000002,0.0,29.4
2020-12-10 16:43:00,0.85,0.0,1.37,2.73,0.0,0.51,19.0,51.0,0.0,82.2,163.8,0.0,30.6
2020-12-10 16:44:00,0.73,0.0,1.52,2.75,0.0,0.5,19.0,43.8,0.0,91.2,165.0,0.0,30.0
2020-12-10 16:45:00,0.83,0.0,1.98,3.0,0.0,0.19,19.0,49.8,0.0,118.8,180.0,0.0,11.4
2020-12-10 16:46:00,0.48,0.0,1.88,2.8,0.0,0.44,19.0,28.8,0.0,112.8,168.0,0.0,26.400000000000002
2020-12-10 16:47:00,0.7,0.0,1.77,2.82,0.0,0.35,19.0,42.0,0.0,106.2,169.2,0.0,21.0
2020-12-10 16:48:00,0.78,0.0,1.57,2.75,0.0,0.4,19.0,46.800000000000004,0.0,94.2,165.0,0.0,24.0
2020-12-10 16:49:00,0.8,0.0,1.47,2.78,0.0,0.51,19.0,48.0,0.0,88.2,166.79999999999998,0.0,30.6
2020-12-10 16:50:00,0.75,0.0,1.68,2.88,0.0,0.45,19.0,45.0,0.0,100.8,172.79999999999998,0.0,27.0
2020-12-10 16:51:00,0.8,0.0,1.72,2.7,0.0,0.18,19.0,48.0,0.0,103.2,162.0,0.0,10.799999999999999
2020-12-10 16:52:00,0.7,0.0,1.72,2.83,0.0,0.41,19.0,42.0,0.0,103.2,169.8,0.0,24.599999999999998
2020-12-10 16:53:00,0.47,0.0,1.85,2.82,0.0,0.5,19.0,28.2,0.0,111.0,169.2,0.0,30.0
2020-12-10 16:54:00,0.33,0.0,1.98,2.8,0.0,0.49,19.0,19.8,0.0,118.8,168.0,0.0,29.4
2020-12-10 16:55:00,0.0,3.75,6.08,2.95,0.0,0.62,19.0,0.0,225.0,364.8,177.0,0.0,37.2
2020-12-10 16:56:00,0.0,13.0,15.7,2.92,0.0,0.22,19.0,0.0,780.0,942.0,175.2,0.0,13.200000000000001
2020-12-10 16:57:00,0.0,3.7,6.02,2.83,0.0,0.51,20.0,0.0,222.0,361.2,169.8,0.0,30.6
2020-12-10 16:58:00,0.0,0.1,2.55,2.85,0.0,0.4,20.0,0.0,6.0,153.0,171.0,0.0,24.0
2020-12-10 16:59:00,0.15,0.0,2.3,2.83,0.0,0.38,20.0,9.0,0.0,138.0,169.8,0.0,22.8
2020-12-10 17:00:00,0.0,0.2,2.5,2.83,0.0,0.53,20.0,0.0,12.0,150.0,169.8,0.0,31.8
2020-12-10 17:01:00,0.0,3.08,5.55,2.87,0.0,0.4,20.0,0.0,184.8,333.0,172.20000000000002,0.0,24.0
2020-12-10 17:02:00,0.0,5.47,7.85,2.88,0.0,0.5,20.0,0.0,328.2,471.0,172.79999999999998,0.0,30.0
2020-12-10 17:03:00,0.0,10.95,13.32,2.73,0.0,0.36,20.0,0.0,657.0,799.2,163.8,0.0,21.599999999999998
2020-12-10 17:04:00,0.0,15.62,17.87,2.88,0.0,0.63,20.0,0.0,937.1999999999999,1072.2,172.79999999999998,0.0,37.800000000000004
2020-12-10 17:05:00,0.0,16.42,19.22,2.98,0.0,0.18,20.0,0.0,985.2000000000002,1153.2,178.8,0.0,10.799999999999999
2020-12-10 17:06:00,0.0,11.5,14.07,2.85,0.0,0.28,20.0,0.0,690.0,844.2,171.0,0.0,16.8
2020-12-10 17:07:00,0.0,6.85,9.33,3.03,0.0,0.55,20.0,0.0,411.0,559.8000000000001,181.79999999999998,0.0,33.0
2020-12-10 17:08:00,0.0,5.38,8.18,3.25,0.0,0.45,20.0,0.0,322.8,490.8,195.0,0.0,27.0
2020-12-10 17:09:00,0.0,12.75,15.98,3.85,0.0,0.62,20.0,0.0,765.0,958.8000000000001,231.0,0.0,37.2
2020-12-10 17:10:00,0.0,15.45,18.9,3.77,0.0,0.32,20.0,0.0,927.0,1134.0,226.20000000000002,0.0,19.2
2020-12-10 17:11:00,0.0,12.75,16.52,4.38,0.0,0.61,20.0,0.0,765.0,991.1999999999999,262.8,0.0,36.6
2020-12-10 17:12:00,0.0,11.98,16.0,4.32,0.0,0.3,20.0,0.0,718.8000000000001,960.0,259.20000000000005,0.0,18.0
2020-12-10 17:13:00,0.0,10.12,14.42,4.25,0.05,0.0,20.0,0.0,607.1999999999999,865.2,255.0,3.0,0.0
2020-12-10 17:14:00,0.0,9.53,13.32,4.28,0.0,0.49,20.0,0.0,571.8,799.2,256.8,0.0,29.4
2020-12-10 17:15:00,0.0,12.4,15.95,4.27,0.0,0.72,20.0,0.0,744.0,957.0,256.2,0.0,43.199999999999996
2020-12-10 17:16:00,0.0,11.27,15.8,5.13,0.0,0.6,20.0,0.0,676.1999999999999,948.0,307.8,0.0,36.0
2020-12-10 17:17:00,0.0,10.5,16.37,6.3,0.0,0.43,20.0,0.0,630.0,982.2,378.0,0.0,25.8
2020-12-10 17:18:00,0.0,7.63,13.37,6.17,0.0,0.43,20.0,0.0,457.8,802.1999999999999,370.2,0.0,25.8
2020-12-10 17:19:00,0.0,10.87,16.58,6.2,0.0,0.49,20.0,0.0,652.1999999999999,994.8,372.0,0.0,29.4
2020-12-10 17:20:00,0.0,9.72,16.35,8.15,0.0,1.52,22.0,0.0,583.2,981.0000000000001,489.0,0.0,91.2
2020-12-10 17:21:00,11.48,0.0,9.2,20.88,0.0,0.2,22.0,688.8000000000001,0.0,552.0,1252.8,0.0,12.0
2020-12-10 17:22:00,12.93,0.0,6.88,20.53,0.0,0.72,22.0,775.8,0.0,412.8,1231.8000000000002,0.0,43.199999999999996
2020-12-10 17:23:00,14.18,0.0,6.43,20.88,0.0,0.27,22.0,850.8,0.0,385.8,1252.8,0.0,16.200000000000003
2020-12-10 17:24:00,10.98,0.0,9.47,20.92,0.0,0.47,22.0,658.8000000000001,0.0,568.2,1255.2,0.0,28.2
2020-12-10 17:25:00,11.23,0.0,9.28,21.0,0.0,0.49,22.0,673.8000000000001,0.0,556.8,1260.0,0.0,29.4
2020-12-10 17:26:00,8.38,0.0,14.47,25.95,0.0,3.1,22.0,502.80000000000007,0.0,868.2,1557.0,0.0,186.0
2020-12-10 17:27:00,24.8,0.0,15.73,41.07,0.0,0.54,20.0,1488.0,0.0,943.8000000000001,2464.2000000000003,0.0,32.400000000000006
2020-12-10 17:28:00,25.02,0.0,15.55,41.13,0.0,0.56,20.0,1501.2,0.0,933.0,2467.8,0.0,33.6
2020-12-10 17:29:00,10.73,0.0,14.92,26.75,0.0,1.1,20.0,643.8000000000001,0.0,895.2,1605.0,0.0,66.0
2020-12-10 17:30:00,26.8,0.0,14.3,41.42,0.0,0.32,20.0,1608.0,0.0,858.0,2485.2000000000003,0.0,19.2
2020-12-10 17:31:00,26.18,0.0,14.4,40.73,0.0,0.15,19.0,1570.8,0.0,864.0,2443.7999999999997,0.0,9.0
2020-12-10 17:32:00,24.85,0.0,15.25,40.53,0.0,0.43,19.0,1491.0,0.0,915.0,2431.8,0.0,25.8
2020-12-10 17:33:00,23.1,0.0,15.62,35.55,3.17,0.0,19.0,1386.0,0.0,937.1999999999999,2133.0,190.2,0.0
2020-12-10 17:34:00,0.0,6.7,12.48,6.08,0.0,0.3,19.0,0.0,402.0,748.8000000000001,364.8,0.0,18.0
2020-12-10 17:35:00,0.0,3.38,9.62,6.7,0.0,0.46,19.0,0.0,202.79999999999998,577.1999999999999,402.0,0.0,27.6
2020-12-10 17:36:00,0.0,4.87,12.15,7.67,0.0,0.39,19.0,0.0,292.2,729.0,460.2,0.0,23.400000000000002
2020-12-10 17:37:00,0.0,1.22,7.93,7.07,0.0,0.36,19.0,0.0,73.2,475.8,424.20000000000005,0.0,21.599999999999998
2020-12-10 17:38:00,2.63,0.0,4.35,7.38,0.0,0.4,19.0,157.79999999999998,0.0,261.0,442.8,0.0,24.0
2020-12-10 17:39:00,4.5,0.0,2.43,7.42,0.0,0.49,19.0,270.0,0.0,145.8,445.2,0.0,29.4
2020-12-10 17:40:00,11.62,0.0,2.05,16.32,0.0,2.65,19.0,697.1999999999999,0.0,122.99999999999999,979.2,0.0,159.0
2020-12-10 17:41:00,19.67,0.0,2.23,22.45,0.0,0.55,19.0,1180.2,0.0,133.8,1347.0,0.0,33.0
2020-12-10 17:42:00,19.7,0.0,2.27,22.33,0.0,0.36,18.0,1182.0,0.0,136.20000000000002,1339.8,0.0,21.599999999999998
2020-12-10 17:43:00,16.28,0.0,2.28,20.68,0.0,2.12,18.0,976.8000000000001,0.0,136.79999999999998,1240.8,0.0,127.2
2020-12-10 17:44:00,12.67,0.0,2.62,15.32,0.0,0.03,18.0,760.2,0.0,157.20000000000002,919.2,0.0,1.8
2020-12-10 17:45:00,4.23,0.0,2.73,7.48,0.0,0.52,18.0,253.80000000000004,0.0,163.8,448.8,0.0,31.200000000000003
2020-12-10 17:46:00,0.0,0.03,7.0,7.35,0.0,0.38,18.0,0.0,1.8,420.0,441.0,0.0,22.8
2020-12-10 17:47:00,3.68,0.0,3.67,7.48,0.0,0.13,18.0,220.8,0.0,220.2,448.8,0.0,7.800000000000001
2020-12-10 17:48:00,3.58,0.0,3.47,7.5,0.0,0.45,18.0,214.8,0.0,208.20000000000002,450.0,0.0,27.0
2020-12-10 17:49:00,2.03,0.0,5.05,7.53,0.0,0.45,18.0,121.79999999999998,0.0,303.0,451.8,0.0,27.0
2020-12-10 17:50:00,3.63,0.0,3.45,7.47,0.0,0.39,18.0,217.79999999999998,0.0,207.0,448.2,0.0,23.400000000000002
2020-12-10 17:51:00,4.48,0.0,2.38,7.48,0.0,0.62,18.0,268.8,0.0,142.79999999999998,448.8,0.0,37.2
2020-12-10 17:52:00,3.82,0.0,3.07,7.42,0.0,0.53,18.0,229.2,0.0,184.2,445.2,0.0,31.8
2020-12-10 17:53:00,3.33,0.0,3.6,7.4,0.0,0.47,18.0,199.8,0.0,216.0,444.0,0.0,28.2
2020-12-10 17:54:00,1.8,0.0,5.07,7.3,0.0,0.43,18.0,108.0,0.0,304.20000000000005,438.0,0.0,25.8
2020-12-10 17:55:00,0.0,0.4,7.58,7.3,0.0,0.12,18.0,0.0,24.0,454.8,438.0,0.0,7.2
2020-12-10 17:56:00,0.0,3.85,10.65,7.25,0.0,0.45,18.0,0.0,231.0,639.0,435.0,0.0,27.0
2020-12-10 17:57:00,0.0,4.25,11.0,7.22,0.0,0.47,18.0,0.0,255.0,660.0,433.2,0.0,28.2
2020-12-10 17:58:00,0.0,4.25,11.03,7.2,0.0,0.42,18.0,0.0,255.0,661.8,432.0,0.0,25.2
2020-12-10 17:59:00,0.0,4.23,10.85,7.0,0.0,0.38,18.0,0.0,253.80000000000004,651.0,420.0,0.0,22.8
2020-12-10 18:00:00,0.37,0.0,10.75,19.98,0.0,8.86,18.0,22.2,0.0,645.0,1198.8,0.0,531.6
2020-12-10 18:01:00,31.6,0.0,10.28,42.38,0.0,0.5,18.0,1896.0,0.0,616.8,2542.8,0.0,30.0
2020-12-10 18:02:00,31.22,0.0,9.98,39.83,1.37,0.0,17.0,1873.2,0.0,598.8000000000001,2389.7999999999997,82.2,0.0
2020-12-10 18:03:00,0.0,2.97,9.77,7.13,0.0,0.33,17.0,0.0,178.20000000000002,586.1999999999999,427.8,0.0,19.8
2020-12-10 18:04:00,0.0,2.85,9.67,7.22,0.0,0.4,17.0,0.0,171.0,580.2,433.2,0.0,24.0
2020-12-10 18:05:00,0.0,2.75,9.43,7.18,0.0,0.5,17.0,0.0,165.0,565.8,430.8,0.0,30.0
2020-12-10 18:06:00,0.0,1.73,8.55,7.4,0.0,0.58,17.0,0.0,103.8,513.0,444.0,0.0,34.8
2020-12-10 18:07:00,0.0,0.0,7.73,8.0,0.0,0.27,17.0,0.0,0.0,463.8,480.0,0.0,16.200000000000003
2020-12-10 18:08:00,0.07,0.0,7.43,8.02,0.0,0.52,17.0,4.2,0.0,445.8,481.2,0.0,31.200000000000003
2020-12-10 18:09:00,0.48,0.0,6.95,7.92,0.0,0.49,17.0,28.8,0.0,417.0,475.2,0.0,29.4
2020-12-10 18:10:00,0.95,0.0,6.55,7.95,0.0,0.45,17.0,57.0,0.0,393.0,477.0,0.0,27.0
2020-12-10 18:11:00,1.47,0.0,6.02,7.88,0.0,0.39,17.0,88.2,0.0,361.2,472.8,0.0,23.400000000000002
2020-12-10 18:12:00,1.37,0.0,6.08,7.98,0.0,0.53,17.0,82.2,0.0,364.8,478.8,0.0,31.8
2020-12-10 18:13:00,3.07,0.0,4.45,7.93,0.0,0.41,17.0,184.2,0.0,267.0,475.8,0.0,24.599999999999998
2020-12-10 18:14:00,2.57,0.0,4.87,7.97,0.0,0.53,17.0,154.2,0.0,292.2,478.2,0.0,31.8
2020-12-10 18:15:00,3.5,0.0,3.95,7.87,0.0,0.42,17.0,210.0,0.0,237.0,472.2,0.0,25.2
2020-12-10 18:16:00,2.82,0.0,4.52,7.78,0.0,0.44,17.0,169.2,0.0,271.2,466.8,0.0,26.400000000000002
2020-12-10 18:17:00,4.97,0.0,2.15,7.6,0.0,0.48,17.0,298.2,0.0,129.0,456.0,0.0,28.8
2020-12-10 18:18:00,6.33,0.0,1.17,7.98,0.0,0.48,17.0,379.8,0.0,70.2,478.8,0.0,28.8
2020-12-10 18:19:00,6.6,0.0,0.88,7.95,0.0,0.47,17.0,396.0,0.0,52.800000000000004,477.0,0.0,28.2
2020-12-10 18:20:00,6.83,0.0,0.8,8.05,0.0,0.42,17.0,409.8,0.0,48.0,483.00000000000006,0.0,25.2
2020-12-10 18:21:00,6.7,0.0,0.85,7.92,0.0,0.37,17.0,402.0,0.0,51.0,475.2,0.0,22.2
2020-12-10 18:22:00,6.15,0.0,0.93,7.4,0.0,0.32,17.0,369.0,0.0,55.800000000000004,444.0,0.0,19.2
2020-12-10 18:23:00,4.82,0.0,1.23,6.53,0.0,0.48,16.0,289.20000000000005,0.0,73.8,391.8,0.0,28.8
2020-12-10 18:24:00,4.23,0.0,1.87,6.52,0.0,0.42,16.0,253.80000000000004,0.0,112.2,391.2,0.0,25.2
2020-12-10 18:25:00,2.55,0.0,3.52,6.52,0.0,0.45,16.0,153.0,0.0,211.20000000000002,391.2,0.0,27.0
2020-12-10 18:26:00,30.67,0.0,3.73,40.77,0.0,6.37,16.0,1840.2,0.0,223.8,2446.2000000000003,0.0,382.2
2020-12-10 18:27:00,37.2,0.0,3.38,41.28,0.0,0.7,16.0,2232.0,0.0,202.79999999999998,2476.8,0.0,42.0
2020-12-10 18:28:00,38.65,0.0,2.3,41.52,0.0,0.57,15.0,2319.0,0.0,138.0,2491.2000000000003,0.0,34.199999999999996
2020-12-10 18:29:00,12.12,0.0,1.48,12.78,0.82,0.0,15.0,727.1999999999999,0.0,88.8,766.8,49.199999999999996,0.0
2020-12-10 18:30:00,4.93,0.0,1.03,6.57,0.0,0.61,15.0,295.8,0.0,61.800000000000004,394.20000000000005,0.0,36.6
2020-12-10 18:31:00,24.6,0.0,1.48,32.75,0.0,6.67,15.0,1476.0,0.0,88.8,1965.0,0.0,400.2
2020-12-10 18:32:00,39.47,0.0,0.9,40.85,0.0,0.48,14.0,2368.2,0.0,54.0,2451.0,0.0,28.8
2020-12-10 18:33:00,39.6,0.0,0.77,40.92,0.0,0.55,14.0,2376.0,0.0,46.2,2455.2000000000003,0.0,33.0
2020-12-10 18:34:00,39.3,0.0,0.82,40.65,0.0,0.53,13.0,2358.0,0.0,49.199999999999996,2439.0,0.0,31.8
2020-12-10 18:35:00,39.37,0.0,0.97,40.9,0.0,0.56,13.0,2362.2,0.0,58.199999999999996,2454.0,0.0,33.6
2020-12-10 18:36:00,31.82,0.0,0.67,30.25,2.24,0.0,13.0,1909.2,0.0,40.2,1815.0,134.4,0.0
2020-12-10 18:37:00,5.72,0.0,0.42,6.3,0.0,0.16,13.0,343.2,0.0,25.2,378.0,0.0,9.6
2020-12-10 18:38:00,5.5,0.0,0.5,6.4,0.0,0.4,13.0,330.0,0.0,30.0,384.0,0.0,24.0
2020-12-10 18:39:00,5.58,0.0,0.38,6.27,0.0,0.31,12.0,334.8,0.0,22.8,376.2,0.0,18.6
2020-12-10 18:40:00,5.57,0.0,0.32,6.4,0.0,0.51,12.0,334.20000000000005,0.0,19.2,384.0,0.0,30.6
2020-12-10 18:41:00,5.78,0.0,0.22,6.48,0.0,0.48,12.0,346.8,0.0,13.200000000000001,388.8,0.0,28.8
2020-12-10 18:42:00,5.9,0.0,0.12,6.4,0.0,0.38,12.0,354.0,0.0,7.2,384.0,0.0,22.8
2020-12-10 18:43:00,6.03,0.0,0.03,6.55,0.0,0.49,12.0,361.8,0.0,1.8,393.0,0.0,29.4
2020-12-10 18:44:00,6.37,0.0,0.0,6.57,0.0,0.2,12.0,382.2,0.0,0.0,394.20000000000005,0.0,12.0
2020-12-10 18:45:00,6.05,0.0,0.0,6.55,0.0,0.5,12.0,363.0,0.0,0.0,393.0,0.0,30.0
2020-12-10 18:46:00,6.18,0.0,0.0,6.6,0.0,0.42,12.0,370.8,0.0,0.0,396.0,0.0,25.2
2020-12-10 18:47:00,6.03,0.0,0.0,6.52,0.0,0.49,12.0,361.8,0.0,0.0,391.2,0.0,29.4
2020-12-10 18:48:00,5.95,0.0,0.0,6.48,0.0,0.53,12.0,357.0,0.0,0.0,388.8,0.0,31.8
2020-12-10 18:49:00,6.0,0.0,0.0,6.42,0.0,0.42,12.0,360.0,0.0,0.0,385.2,0.0,25.2
2020-12-10 18:50:00,5.72,0.0,0.0,6.15,0.0,0.43,12.0,343.2,0.0,0.0,369.0,0.0,25.8
2020-12-10 18:51:00,5.6,0.0,0.0,6.03,0.0,0.43,12.0,336.0,0.0,0.0,361.8,0.0,25.8
2020-12-10 18:52:00,5.48,0.0,0.07,6.03,0.0,0.48,11.0,328.8,0.0,4.2,361.8,0.0,28.8
2020-12-10 18:53:00,5.47,0.0,0.03,6.0,0.0,0.5,11.0,328.2,0.0,1.8,360.0,0.0,30.0
2020-12-10 18:54:00,5.82,0.0,0.0,5.98,0.0,0.16,11.0,349.20000000000005,0.0,0.0,358.8,0.0,9.6
2020-12-10 18:55:00,5.63,0.0,0.0,6.07,0.0,0.44,11.0,337.8,0.0,0.0,364.20000000000005,0.0,26.400000000000002
2020-12-10 18:56:00,5.65,0.0,0.0,6.13,0.0,0.48,11.0,339.0,0.0,0.0,367.8,0.0,28.8
2020-12-10 18:57:00,5.67,0.0,0.0,6.15,0.0,0.48,11.0,340.2,0.0,0.0,369.0,0.0,28.8
2020-12-10 18:58:00,5.45,0.0,0.0,5.93,0.0,0.48,11.0,327.0,0.0,0.0,355.8,0.0,28.8
2020-12-10 18:59:00,5.18,0.0,0.0,5.72,0.0,0.54,11.0,310.8,0.0,0.0,343.2,0.0,32.400000000000006
2020-12-10 19:00:00,5.45,0.0,0.0,5.95,0.0,0.5,11.0,327.0,0.0,0.0,357.0,0.0,30.0
2020-12-10 19:01:00,5.48,0.0,0.0,6.03,0.0,0.55,11.0,328.8,0.0,0.0,361.8,0.0,33.0
2020-12-10 19:02:00,6.03,0.0,0.0,6.17,0.0,0.14,11.0,361.8,0.0,0.0,370.2,0.0,8.4
2020-12-10 19:03:00,5.63,0.0,0.0,6.17,0.0,0.54,11.0,337.8,0.0,0.0,370.2,0.0,32.400000000000006
2020-12-10 19:04:00,5.97,0.0,0.0,6.12,0.0,0.15,11.0,358.2,0.0,0.0,367.2,0.0,9.0
2020-12-10 19:05:00,5.05,0.0,0.0,5.43,0.0,0.38,11.0,303.0,0.0,0.0,325.8,0.0,22.8
2020-12-10 19:06:00,2.2,0.0,0.0,5.77,0.0,3.57,10.0,132.0,0.0,0.0,346.2,0.0,214.2
2020-12-10 19:07:00,0.0,0.17,0.0,6.02,0.0,6.19,10.0,0.0,10.200000000000001,0.0,361.2,0.0,371.40000000000003
2020-12-10 19:08:00,0.0,0.15,0.0,6.08,0.0,6.23,10.0,0.0,9.0,0.0,364.8,0.0,373.8
2020-12-10 19:09:00,0.0,0.15,0.0,6.05,0.0,6.2,10.0,0.0,9.0,0.0,363.0,0.0,372.0
2020-12-10 19:10:00,0.0,0.15,0.0,5.92,0.0,6.07,10.0,0.0,9.0,0.0,355.2,0.0,364.20000000000005
2020-12-10 19:11:00,0.0,0.15,0.0,5.9,0.0,6.05,10.0,0.0,9.0,0.0,354.0,0.0,363.0
2020-12-10 19:12:00,0.0,0.15,0.0,5.98,0.0,6.13,10.0,0.0,9.0,0.0,358.8,0.0,367.8
2020-12-10 19:13:00,0.0,0.15,0.0,5.95,0.0,6.1,10.0,0.0,9.0,0.0,357.0,0.0,366.0
2020-12-10 19:14:00,0.0,0.15,0.0,5.98,0.0,6.13,10.0,0.0,9.0,0.0,358.8,0.0,367.8
2020-12-10 19:15:00,0.0,0.15,0.0,6.02,0.0,6.17,10.0,0.0,9.0,0.0,361.2,0.0,370.2
2020-12-10 19:16:00,0.0,0.15,0.0,6.02,0.0,6.17,10.0,0.0,9.0,0.0,361.2,0.0,370.2
2020-12-10 19:17:00,0.0,0.15,0.0,5.9,0.0,6.05,10.0,0.0,9.0,0.0,354.0,0.0,363.0
2020-12-10 19:18:00,0.0,0.15,0.0,5.82,0.0,5.97,10.0,0.0,9.0,0.0,349.20000000000005,0.0,358.2
2020-12-10 19:19:00,0.0,0.15,0.0,6.03,0.0,6.18,10.0,0.0,9.0,0.0,361.8,0.0,370.8
2020-12-10 19:20:00,0.0,0.15,0.0,6.17,0.0,6.32,10.0,0.0,9.0,0.0,370.2,0.0,379.20000000000005
2020-12-10 19:21:00,0.0,0.15,0.0,6.48,0.0,6.63,10.0,0.0,9.0,0.0,388.8,0.0,397.8
2020-12-10 19:22:00,0.0,0.15,0.0,6.3,0.0,6.45,10.0,0.0,9.0,0.0,378.0,0.0,387.0
2020-12-10 19:23:00,0.0,0.15,0.0,6.53,0.0,6.68,10.0,0.0,9.0,0.0,391.8,0.0,400.8
2020-12-10 19:24:00,0.0,0.15,0.0,6.55,0.0,6.7,10.0,0.0,9.0,0.0,393.0,0.0,402.0
2020-12-10 19:25:00,0.0,0.15,0.0,6.57,0.0,6.72,10.0,0.0,9.0,0.0,394.20000000000005,0.0,403.2
2020-12-10 19:26:00,0.0,0.15,0.0,6.63,0.0,6.78,10.0,0.0,9.0,0.0,397.8,0.0,406.8
2020-12-10 19:27:00,0.0,0.15,0.0,6.6,0.0,6.75,10.0,0.0,9.0,0.0,396.0,0.0,405.0
2020-12-10 19:28:00,0.0,0.15,0.0,6.62,0.0,6.77,10.0,0.0,9.0,0.0,397.2,0.0,406.2
2020-12-10 19:29:00,0.0,0.15,0.0,6.92,0.0,7.07,10.0,0.0,9.0,0.0,415.2,0.0,424.20000000000005
2020-12-10 19:30:00,0.0,0.15,0.0,7.02,0.0,7.17,10.0,0.0,9.0,0.0,421.2,0.0,430.2
2020-12-10 19:31:00,0.0,0.15,0.0,7.05,0.0,7.2,10.0,0.0,9.0,0.0,423.0,0.0,432.0
2020-12-10 19:32:00,0.0,0.15,0.0,7.78,0.0,7.93,10.0,0.0,9.0,0.0,466.8,0.0,475.8
2020-12-10 19:33:00,0.0,0.15,0.0,10.2,0.0,10.35,10.0,0.0,9.0,0.0,612.0,0.0,621.0
2020-12-10 19:34:00,0.0,0.15,0.0,10.77,0.0,10.92,10.0,0.0,9.0,0.0,646.1999999999999,0.0,655.2
2020-12-10 19:35:00,0.0,0.15,0.0,9.62,0.0,9.77,10.0,0.0,9.0,0.0,577.1999999999999,0.0,586.1999999999999
2020-12-10 19:36:00,0.0,0.15,0.0,9.95,0.0,10.1,10.0,0.0,9.0,0.0,597.0,0.0,606.0
2020-12-10 19:37:00,0.0,0.15,0.0,9.93,0.0,10.08,10.0,0.0,9.0,0.0,595.8,0.0,604.8000000000001
2020-12-10 19:38:00,0.0,0.15,0.0,9.97,0.0,10.12,10.0,0.0,9.0,0.0,598.2,0.0,607.1999999999999
2020-12-10 19:39:00,0.0,0.15,0.0,9.88,0.0,10.03,10.0,0.0,9.0,0.0,592.8000000000001,0.0,601.8
2020-12-10 19:40:00,0.0,0.15,0.0,9.48,0.0,9.63,10.0,0.0,9.0,0.0,568.8000000000001,0.0,577.8000000000001
2020-12-10 19:41:00,0.0,0.15,0.0,9.43,0.0,9.58,10.0,0.0,9.0,0.0,565.8,0.0,574.8000000000001
2020-12-10 19:42:00,0.0,0.15,0.0,9.07,0.0,9.22,10.0,0.0,9.0,0.0,544.2,0.0,553.2
2020-12-10 19:43:00,0.0,0.15,0.0,9.5,0.0,9.65,10.0,0.0,9.0,0.0,570.0,0.0,579.0
2020-12-10 19:44:00,0.0,0.15,0.0,9.8,0.0,9.95,10.0,0.0,9.0,0.0,588.0,0.0,597.0
2020-12-10 19:45:00,0.0,0.15,0.0,9.88,0.0,10.03,10.0,0.0,9.0,0.0,592.8000000000001,0.0,601.8
2020-12-10 19:46:00,0.0,0.15,0.0,9.97,0.0,10.12,10.0,0.0,9.0,0.0,598.2,0.0,607.1999999999999
2020-12-10 19:47:00,0.0,0.15,0.0,9.7,0.0,9.85,10.0,0.0,9.0,0.0,582.0,0.0,591.0
2020-12-10 19:48:00,0.0,0.15,0.0,9.92,0.0,10.07,10.0,0.0,9.0,0.0,595.2,0.0,604.2
2020-12-10 19:49:00,0.0,0.15,0.0,9.62,0.0,9.77,10.0,0.0,9.0,0.0,577.1999999999999,0.0,586.1999999999999
2020-12-10 19:50:00,0.0,0.15,0.0,9.6,0.0,9.75,10.0,0.0,9.0,0.0,576.0,0.0,585.0
2020-12-10 19:51:00,0.0,0.15,0.0,9.83,0.0,9.98,10.0,0.0,9.0,0.0,589.8000000000001,0.0,598.8000000000001
2020-12-10 19:52:00,0.0,0.15,0.0,9.87,0.0,10.02,10.0,0.0,9.0,0.0,592.1999999999999,0.0,601.1999999999999
2020-12-10 19:53:00,0.0,0.15,0.0,9.9,0.0,10.05,10.0,0.0,9.0,0.0,594.0,0.0,603.0
2020-12-10 19:54:00,0.0,0.15,0.0,9.67,0.0,9.82,10.0,0.0,9.0,0.0,580.2,0.0,589.2
2020-12-10 19:55:00,0.0,0.15,0.0,9.58,0.0,9.73,10.0,0.0,9.0,0.0,574.8000000000001,0.0,583.8000000000001
2020-12-10 19:56:00,0.0,0.15,0.0,9.38,0.0,9.53,10.0,0.0,9.0,0.0,562.8000000000001,0.0,571.8
2020-12-10 19:57:00,0.0,0.15,0.0,9.68,0.0,9.83,10.0,0.0,9.0,0.0,580.8,0.0,589.8000000000001
2020-12-10 19:58:00,0.0,0.15,0.0,9.72,0.0,9.87,10.0,0.0,9.0,0.0,583.2,0.0,592.1999999999999
2020-12-10 19:59:00,0.0,0.15,0.0,9.65,0.0,9.8,10.0,0.0,9.0,0.0,579.0,0.0,588.0
2020-12-10 20:00:00,0.0,0.15,0.0,9.42,0.0,9.57,10.0,0.0,9.0,0.0,565.2,0.0,574.2
2020-12-10 20:01:00,0.0,0.15,0.0,9.47,0.0,9.62,10.0,0.0,9.0,0.0,568.2,0.0,577.1999999999999
2020-12-10 20:02:00,0.0,0.15,0.0,9.6,0.0,9.75,10.0,0.0,9.0,0.0,576.0,0.0,585.0
2020-12-10 20:03:00,0.0,0.15,0.0,9.58,0.0,9.73,10.0,0.0,9.0,0.0,574.8000000000001,0.0,583.8000000000001
2020-12-10 20:04:00,0.0,0.15,0.0,9.43,0.0,9.58,10.0,0.0,9.0,0.0,565.8,0.0,574.8000000000001
2020-12-10 20:05:00,0.0,0.15,0.0,9.77,0.0,9.92,10.0,0.0,9.0,0.0,586.1999999999999,0.0,595.2
2020-12-10 20:06:00,0.0,0.15,0.0,9.48,0.0,9.63,10.0,0.0,9.0,0.0,568.8000000000001,0.0,577.8000000000001
2020-12-10 20:07:00,0.0,0.15,0.0,9.67,0.0,9.82,10.0,0.0,9.0,0.0,580.2,0.0,589.2
2020-12-10 20:08:00,0.0,0.15,0.0,9.62,0.0,9.77,10.0,0.0,9.0,0.0,577.1999999999999,0.0,586.1999999999999
2020-12-10 20:09:00,0.0,0.15,0.0,26.0,0.0,26.15,10.0,0.0,9.0,0.0,1560.0,0.0,1569.0
2020-12-10 20:10:00,0.0,0.15,0.0,43.33,0.0,43.48,10.0,0.0,9.0,0.0,2599.7999999999997,0.0,2608.7999999999997
2020-12-10 20:11:00,0.0,0.15,0.0,43.65,0.0,43.8,10.0,0.0,9.0,0.0,2619.0,0.0,2628.0
2020-12-10 20:12:00,0.0,0.15,0.0,13.6,0.0,13.75,10.0,0.0,9.0,0.0,816.0,0.0,825.0
2020-12-10 20:13:00,0.0,0.15,0.0,9.43,0.0,9.58,10.0,0.0,9.0,0.0,565.8,0.0,574.8000000000001
2020-12-10 20:14:00,0.0,0.15,0.0,8.83,0.0,8.98,10.0,0.0,9.0,0.0,529.8000000000001,0.0,538.8000000000001
2020-12-10 20:15:00,0.0,0.15,0.0,8.98,0.0,9.13,10.0,0.0,9.0,0.0,538.8000000000001,0.0,547.8000000000001
2020-12-10 20:16:00,0.0,0.15,0.0,9.07,0.0,9.22,10.0,0.0,9.0,0.0,544.2,0.0,553.2
2020-12-10 20:17:00,0.0,0.15,0.0,9.0,0.0,9.15,10.0,0.0,9.0,0.0,540.0,0.0,549.0
2020-12-10 20:18:00,0.0,0.15,0.0,9.1,0.0,9.25,10.0,0.0,9.0,0.0,546.0,0.0,555.0
2020-12-10 20:19:00,0.0,0.15,0.0,9.5,0.0,9.65,10.0,0.0,9.0,0.0,570.0,0.0,579.0
2020-12-10 20:20:00,0.0,0.15,0.0,9.5,0.0,9.65,10.0,0.0,9.0,0.0,570.0,0.0,579.0
2020-12-10 20:21:00,0.0,0.15,0.0,9.52,0.0,9.67,10.0,0.0,9.0,0.0,571.1999999999999,0.0,580.2
2020-12-10 20:22:00,0.0,0.15,0.0,9.6,0.0,9.75,10.0,0.0,9.0,0.0,576.0,0.0,585.0
2020-12-10 20:23:00,0.0,0.15,0.0,9.4,0.0,9.55,10.0,0.0,9.0,0.0,564.0,0.0,573.0
2020-12-10 20:24:00,0.0,0.15,0.0,9.53,0.0,9.68,10.0,0.0,9.0,0.0,571.8,0.0,580.8
2020-12-10 20:25:00,0.0,0.15,0.0,9.92,0.0,10.07,10.0,0.0,9.0,0.0,595.2,0.0,604.2
2020-12-10 20:26:00,0.0,0.15,0.0,8.1,0.0,8.25,10.0,0.0,9.0,0.0,486.0,0.0,495.0
2020-12-10 20:27:00,0.0,0.15,0.0,7.68,0.0,7.83,10.0,0.0,9.0,0.0,460.8,0.0,469.8
2020-12-10 20:28:00,0.0,0.15,0.0,7.85,0.0,8.0,10.0,0.0,9.0,0.0,471.0,0.0,480.0
2020-12-10 20:29:00,0.0,0.15,0.0,7.67,0.0,7.82,10.0,0.0,9.0,0.0,460.2,0.0,469.20000000000005
2020-12-10 20:30:00,0.0,0.15,0.0,7.37,0.0,7.52,10.0,0.0,9.0,0.0,442.2,0.0,451.2
2020-12-10 20:31:00,0.0,0.15,0.0,7.4,0.0,7.55,10.0,0.0,9.0,0.0,444.0,0.0,453.0
2020-12-10 20:32:00,0.0,0.15,0.0,7.58,0.0,7.73,10.0,0.0,9.0,0.0,454.8,0.0,463.8
2020-12-10 20:33:00,0.0,0.15,0.0,7.8,0.0,7.95,10.0,0.0,9.0,0.0,468.0,0.0,477.0
2020-12-10 20:34:00,0.0,0.15,0.0,7.8,0.0,7.95,10.0,0.0,9.0,0.0,468.0,0.0,477.0
2020-12-10 20:35:00,0.0,0.15,0.0,7.8,0.0,7.95,10.0,0.0,9.0,0.0,468.0,0.0,477.0
2020-12-10 20:36:00,0.0,0.15,0.0,7.48,0.0,7.63,10.0,0.0,9.0,0.0,448.8,0.0,457.8
2020-12-10 20:37:00,0.0,0.15,0.0,7.67,0.0,7.82,10.0,0.0,9.0,0.0,460.2,0.0,469.20000000000005
2020-12-10 20:38:00,0.0,0.15,0.0,7.77,0.0,7.92,10.0,0.0,9.0,0.0,466.2,0.0,475.2
2020-12-10 20:39:00,0.0,0.15,0.0,7.77,0.0,7.92,10.0,0.0,9.0,0.0,466.2,0.0,475.2
2020-12-10 20:40:00,0.0,0.15,0.0,7.77,0.0,7.92,10.0,0.0,9.0,0.0,466.2,0.0,475.2
2020-12-10 20:41:00,0.0,0.15,0.0,7.83,0.0,7.98,10.0,0.0,9.0,0.0,469.8,0.0,478.8
2020-12-10 20:42:00,0.0,0.15,0.0,7.83,0.0,7.98,10.0,0.0,9.0,0.0,469.8,0.0,478.8
2020-12-10 20:43:00,0.0,0.15,0.0,7.78,0.0,7.93,10.0,0.0,9.0,0.0,466.8,0.0,475.8
2020-12-10 20:44:00,0.0,0.15,0.0,7.8,0.0,7.95,10.0,0.0,9.0,0.0,468.0,0.0,477.0
2020-12-10 20:45:00,0.0,0.15,0.0,7.85,0.0,8.0,10.0,0.0,9.0,0.0,471.0,0.0,480.0
2020-12-10 20:46:00,0.0,0.15,0.0,7.85,0.0,8.0,10.0,0.0,9.0,0.0,471.0,0.0,480.0
2020-12-10 20:47:00,0.0,0.15,0.0,7.78,0.0,7.93,10.0,0.0,9.0,0.0,466.8,0.0,475.8
2020-12-10 20:48:00,0.0,0.15,0.0,7.82,0.0,7.97,10.0,0.0,9.0,0.0,469.20000000000005,0.0,478.2
2020-12-10 20:49:00,0.0,0.15,0.0,7.75,0.0,7.9,10.0,0.0,9.0,0.0,465.0,0.0,474.0
2020-12-10 20:50:00,0.0,0.15,0.0,7.8,0.0,7.95,10.0,0.0,9.0,0.0,468.0,0.0,477.0
2020-12-10 20:51:00,0.0,0.15,0.0,7.85,0.0,8.0,10.0,0.0,9.0,0.0,471.0,0.0,480.0
2020-12-10 20:52:00,0.0,0.15,0.0,7.83,0.0,7.98,10.0,0.0,9.0,0.0,469.8,0.0,478.8
2020-12-10 20:53:00,0.0,0.15,0.0,7.87,0.0,8.02,10.0,0.0,9.0,0.0,472.2,0.0,481.2
2020-12-10 20:54:00,0.0,0.15,0.0,7.82,0.0,7.97,10.0,0.0,9.0,0.0,469.20000000000005,0.0,478.2
2020-12-10 20:55:00,0.0,0.15,0.0,7.7,0.0,7.85,10.0,0.0,9.0,0.0,462.0,0.0,471.0
2020-12-10 20:56:00,0.0,0.15,0.0,7.93,0.0,8.08,10.0,0.0,9.0,0.0,475.8,0.0,484.8
2020-12-10 20:57:00,0.0,0.15,0.0,7.95,0.0,8.1,10.0,0.0,9.0,0.0,477.0,0.0,486.0
2020-12-10 20:58:00,0.0,0.15,0.0,7.93,0.0,8.08,10.0,0.0,9.0,0.0,475.8,0.0,484.8
2020-12-10 20:59:00,0.0,0.15,0.0,7.97,0.0,8.12,10.0,0.0,9.0,0.0,478.2,0.0,487.19999999999993
2020-12-10 21:00:00,0.0,0.15,0.0,7.95,0.0,8.1,10.0,0.0,9.0,0.0,477.0,0.0,486.0
2020-12-10 21:01:00,0.0,0.15,0.0,7.9,0.0,8.05,10.0,0.0,9.0,0.0,474.0,0.0,483.00000000000006
2020-12-10 21:02:00,0.0,0.15,0.0,7.92,0.0,8.07,10.0,0.0,9.0,0.0,475.2,0.0,484.20000000000005
2020-12-10 21:03:00,0.0,0.15,0.0,7.95,0.0,8.1,10.0,0.0,9.0,0.0,477.0,0.0,486.0
2020-12-10 21:04:00,0.0,0.15,0.0,7.88,0.0,8.03,10.0,0.0,9.0,0.0,472.8,0.0,481.79999999999995
2020-12-10 21:05:00,0.0,0.15,0.0,7.83,0.0,7.98,10.0,0.0,9.0,0.0,469.8,0.0,478.8
2020-12-10 21:06:00,0.0,0.15,0.0,7.87,0.0,8.02,10.0,0.0,9.0,0.0,472.2,0.0,481.2
2020-12-10 21:07:00,0.0,0.15,0.0,7.88,0.0,8.03,10.0,0.0,9.0,0.0,472.8,0.0,481.79999999999995
2020-12-10 21:08:00,0.0,0.15,0.0,7.87,0.0,8.02,10.0,0.0,9.0,0.0,472.2,0.0,481.2
2020-12-10 21:09:00,0.0,0.15,0.0,7.63,0.0,7.78,10.0,0.0,9.0,0.0,457.8,0.0,466.8
2020-12-10 21:10:00,0.0,0.15,0.0,7.5,0.0,7.65,10.0,0.0,9.0,0.0,450.0,0.0,459.0
2020-12-10 21:11:00,0.0,0.15,0.0,7.57,0.0,7.72,10.0,0.0,9.0,0.0,454.20000000000005,0.0,463.2
2020-12-10 21:12:00,0.0,0.15,0.0,6.67,0.0,6.82,10.0,0.0,9.0,0.0,400.2,0.0,409.20000000000005
2020-12-10 21:13:00,0.0,0.15,0.0,6.67,0.0,6.82,10.0,0.0,9.0,0.0,400.2,0.0,409.20000000000005
2020-12-10 21:14:00,0.0,0.15,0.0,6.57,0.0,6.72,10.0,0.0,9.0,0.0,394.20000000000005,0.0,403.2
2020-12-10 21:15:00,0.0,0.15,0.0,6.42,0.0,6.57,10.0,0.0,9.0,0.0,385.2,0.0,394.20000000000005
2020-12-10 21:16:00,0.0,0.15,0.0,6.42,0.0,6.57,10.0,0.0,9.0,0.0,385.2,0.0,394.20000000000005
2020-12-10 21:17:00,0.0,0.15,0.0,6.4,0.0,6.55,10.0,0.0,9.0,0.0,384.0,0.0,393.0
2020-12-10 21:18:00,0.0,0.15,0.0,6.4,0.0,6.55,10.0,0.0,9.0,0.0,384.0,0.0,393.0
2020-12-10 21:19:00,0.0,0.15,0.0,6.25,0.0,6.4,10.0,0.0,9.0,0.0,375.0,0.0,384.0
2020-12-10 21:20:00,0.0,0.15,0.0,5.85,0.0,6.0,10.0,0.0,9.0,0.0,351.0,0.0,360.0
2020-12-10 21:21:00,0.0,0.15,0.0,5.8,0.0,5.95,10.0,0.0,9.0,0.0,348.0,0.0,357.0
2020-12-10 21:22:00,0.0,0.15,0.0,5.82,0.0,5.97,10.0,0.0,9.0,0.0,349.20000000000005,0.0,358.2
2020-12-10 21:23:00,0.0,0.15,0.0,5.83,0.0,5.98,10.0,0.0,9.0,0.0,349.8,0.0,358.8
2020-12-10 21:24:00,0.0,0.15,0.0,5.78,0.0,5.93,10.0,0.0,9.0,0.0,346.8,0.0,355.8
2020-12-10 21:25:00,0.0,0.15,0.0,5.82,0.0,5.97,10.0,0.0,9.0,0.0,349.20000000000005,0.0,358.2
2020-12-10 21:26:00,0.0,0.15,0.0,5.75,0.0,5.9,10.0,0.0,9.0,0.0,345.0,0.0,354.0
2020-12-10 21:27:00,0.0,0.15,0.0,5.62,0.0,5.77,10.0,0.0,9.0,0.0,337.2,0.0,346.2
2020-12-10 21:28:00,0.0,0.15,0.0,5.12,0.0,5.27,10.0,0.0,9.0,0.0,307.2,0.0,316.2
2020-12-10 21:29:00,0.0,0.15,0.0,3.87,0.0,4.02,10.0,0.0,9.0,0.0,232.20000000000002,0.0,241.2
2020-12-10 21:30:00,0.0,0.15,0.0,3.53,0.0,3.68,10.0,0.0,9.0,0.0,211.79999999999998,0.0,220.8
2020-12-10 21:31:00,0.0,0.15,0.0,3.53,0.0,3.68,10.0,0.0,9.0,0.0,211.79999999999998,0.0,220.8
2020-12-10 21:32:00,0.0,0.15,0.0,3.53,0.0,3.68,10.0,0.0,9.0,0.0,211.79999999999998,0.0,220.8
2020-12-10 21:33:00,0.0,0.15,0.0,3.53,0.0,3.68,10.0,0.0,9.0,0.0,211.79999999999998,0.0,220.8
2020-12-10 21:34:00,0.0,0.17,0.0,3.53,0.0,3.7,10.0,0.0,10.200000000000001,0.0,211.79999999999998,0.0,222.0
2020-12-10 21:35:00,0.0,0.15,0.0,3.55,0.0,3.7,10.0,0.0,9.0,0.0,213.0,0.0,222.0
2020-12-10 21:36:00,0.0,0.15,0.0,3.58,0.0,3.73,10.0,0.0,9.0,0.0,214.8,0.0,223.8
2020-12-10 21:37:00,0.0,0.15,0.0,3.57,0.0,3.72,10.0,0.0,9.0,0.0,214.2,0.0,223.20000000000002
2020-12-10 21:38:00,0.0,0.15,0.0,3.58,0.0,3.73,10.0,0.0,9.0,0.0,214.8,0.0,223.8
2020-12-10 21:39:00,0.0,0.15,0.0,3.55,0.0,3.7,10.0,0.0,9.0,0.0,213.0,0.0,222.0
2020-12-10 21:40:00,0.0,0.15,0.0,3.57,0.0,3.72,10.0,0.0,9.0,0.0,214.2,0.0,223.20000000000002
2020-12-10 21:41:00,0.0,0.15,0.0,3.55,0.0,3.7,10.0,0.0,9.0,0.0,213.0,0.0,222.0
2020-12-10 21:42:00,0.0,0.15,0.0,3.52,0.0,3.67,10.0,0.0,9.0,0.0,211.20000000000002,0.0,220.2
2020-12-10 21:43:00,0.0,0.15,0.0,3.52,0.0,3.67,10.0,0.0,9.0,0.0,211.20000000000002,0.0,220.2
2020-12-10 21:44:00,0.0,0.15,0.0,3.52,0.0,3.67,10.0,0.0,9.0,0.0,211.20000000000002,0.0,220.2
2020-12-10 21:45:00,0.0,0.15,0.0,3.6,0.0,3.75,10.0,0.0,9.0,0.0,216.0,0.0,225.0
2020-12-10 21:46:00,0.0,0.17,0.0,4.03,0.0,4.2,10.0,0.0,10.200000000000001,0.0,241.8,0.0,252.0
2020-12-10 21:47:00,0.0,0.17,0.0,4.12,0.0,4.29,10.0,0.0,10.200000000000001,0.0,247.20000000000002,0.0,257.40000000000003
2020-12-10 21:48:00,0.0,0.17,0.0,4.12,0.0,4.29,10.0,0.0,10.200000000000001,0.0,247.20000000000002,0.0,257.40000000000003
2020-12-10 21:49:00,0.0,0.17,0.0,4.08,0.0,4.25,10.0,0.0,10.200000000000001,0.0,244.8,0.0,255.0
2020-12-10 21:50:00,0.0,0.17,0.0,4.08,0.0,4.25,10.0,0.0,10.200000000000001,0.0,244.8,0.0,255.0
2020-12-10 21:51:00,0.0,0.17,0.0,4.12,0.0,4.29,10.0,0.0,10.200000000000001,0.0,247.20000000000002,0.0,257.40000000000003
2020-12-10 21:52:00,0.0,0.15,0.0,4.2,0.0,4.35,10.0,0.0,9.0,0.0,252.0,0.0,261.0
2020-12-10 21:53:00,0.0,0.15,0.0,4.15,0.0,4.3,10.0,0.0,9.0,0.0,249.00000000000003,0.0,258.0
2020-12-10 21:54:00,0.0,0.15,0.0,4.2,0.0,4.35,10.0,0.0,9.0,0.0,252.0,0.0,261.0
2020-12-10 21:55:00,0.0,0.15,0.0,4.17,0.0,4.32,10.0,0.0,9.0,0.0,250.2,0.0,259.20000000000005
2020-12-10 21:56:00,0.0,0.17,0.0,4.18,0.0,4.35,10.0,0.0,10.200000000000001,0.0,250.79999999999998,0.0,261.0
2020-12-10 21:57:00,0.0,0.17,0.0,4.13,0.0,4.3,10.0,0.0,10.200000000000001,0.0,247.79999999999998,0.0,258.0
2020-12-10 21:58:00,0.0,0.17,0.0,3.78,0.0,3.95,10.0,0.0,10.200000000000001,0.0,226.79999999999998,0.0,237.0
2020-12-10 21:59:00,0.0,0.15,0.0,3.82,0.0,3.97,10.0,0.0,9.0,0.0,229.2,0.0,238.20000000000002
2020-12-10 22:00:00,0.0,0.17,0.0,3.78,0.0,3.95,10.0,0.0,10.200000000000001,0.0,226.79999999999998,0.0,237.0
2020-12-10 22:01:00,0.0,0.15,0.0,3.78,0.0,3.93,10.0,0.0,9.0,0.0,226.79999999999998,0.0,235.8
2020-12-10 22:02:00,0.0,0.15,0.0,3.78,0.0,3.93,10.0,0.0,9.0,0.0,226.79999999999998,0.0,235.8
2020-12-10 22:03:00,0.0,0.15,0.0,3.78,0.0,3.93,10.0,0.0,9.0,0.0,226.79999999999998,0.0,235.8
2020-12-10 22:04:00,0.0,0.15,0.0,3.78,0.0,3.93,10.0,0.0,9.0,0.0,226.79999999999998,0.0,235.8
2020-12-10 22:05:00,0.0,0.15,0.0,3.78,0.0,3.93,10.0,0.0,9.0,0.0,226.79999999999998,0.0,235.8
2020-12-10 22:06:00,0.0,0.17,0.0,3.8,0.0,3.97,10.0,0.0,10.200000000000001,0.0,228.0,0.0,238.20000000000002
2020-12-10 22:07:00,0.0,0.15,0.0,3.78,0.0,3.93,10.0,0.0,9.0,0.0,226.79999999999998,0.0,235.8
2020-12-10 22:08:00,0.0,0.17,0.0,3.78,0.0,3.95,10.0,0.0,10.200000000000001,0.0,226.79999999999998,0.0,237.0
2020-12-10 22:09:00,0.0,0.17,0.0,3.77,0.0,3.94,10.0,0.0,10.200000000000001,0.0,226.20000000000002,0.0,236.4
2020-12-10 22:10:00,0.0,0.15,0.0,3.78,0.0,3.93,10.0,0.0,9.0,0.0,226.79999999999998,0.0,235.8
2020-12-10 22:11:00,0.0,0.15,0.0,3.77,0.0,3.92,10.0,0.0,9.0,0.0,226.20000000000002,0.0,235.2
2020-12-10 22:12:00,0.0,0.15,0.0,5.1,0.0,5.25,10.0,0.0,9.0,0.0,306.0,0.0,315.0
2020-12-10 22:13:00,0.0,0.15,0.0,5.78,0.0,5.93,10.0,0.0,9.0,0.0,346.8,0.0,355.8
2020-12-10 22:14:00,0.0,0.15,0.0,5.6,0.0,5.75,10.0,0.0,9.0,0.0,336.0,0.0,345.0
2020-12-10 22:15:00,0.0,0.15,0.0,5.6,0.0,5.75,10.0,0.0,9.0,0.0,336.0,0.0,345.0
2020-12-10 22:16:00,0.0,0.17,0.0,5.62,0.0,5.79,10.0,0.0,10.200000000000001,0.0,337.2,0.0,347.40000000000003
2020-12-10 22:17:00,0.0,0.17,0.0,5.65,0.0,5.82,10.0,0.0,10.200000000000001,0.0,339.0,0.0,349.20000000000005
2020-12-10 22:18:00,0.0,0.17,0.0,5.62,0.0,5.79,10.0,0.0,10.200000000000001,0.0,337.2,0.0,347.40000000000003
2020-12-10 22:19:00,0.0,0.15,0.0,5.6,0.0,5.75,10.0,0.0,9.0,0.0,336.0,0.0,345.0
2020-12-10 22:20:00,0.0,0.15,0.0,5.62,0.0,5.77,10.0,0.0,9.0,0.0,337.2,0.0,346.2
2020-12-10 22:21:00,0.0,0.15,0.0,5.62,0.0,5.77,10.0,0.0,9.0,0.0,337.2,0.0,346.2
2020-12-10 22:22:00,0.0,0.15,0.0,5.53,0.0,5.68,10.0,0.0,9.0,0.0,331.8,0.0,340.8
2020-12-10 22:23:00,0.0,0.15,0.0,5.55,0.0,5.7,10.0,0.0,9.0,0.0,333.0,0.0,342.0
2020-12-10 22:24:00,0.0,0.17,0.0,5.52,0.0,5.69,10.0,0.0,10.200000000000001,0.0,331.2,0.0,341.40000000000003
2020-12-10 22:25:00,0.0,0.15,0.0,5.55,0.0,5.7,10.0,0.0,9.0,0.0,333.0,0.0,342.0
2020-12-10 22:26:00,0.0,0.15,0.0,5.53,0.0,5.68,10.0,0.0,9.0,0.0,331.8,0.0,340.8
2020-12-10 22:27:00,0.0,0.15,0.0,5.52,0.0,5.67,10.0,0.0,9.0,0.0,331.2,0.0,340.2
2020-12-10 22:28:00,0.0,0.17,0.0,5.52,0.0,5.69,10.0,0.0,10.200000000000001,0.0,331.2,0.0,341.40000000000003
2020-12-10 22:29:00,0.0,0.17,0.0,5.5,0.0,5.67,10.0,0.0,10.200000000000001,0.0,330.0,0.0,340.2
2020-12-10 22:30:00,0.0,0.17,0.0,5.53,0.0,5.7,10.0,0.0,10.200000000000001,0.0,331.8,0.0,342.0
2020-12-10 22:31:00,0.0,0.17,0.0,5.48,0.0,5.65,10.0,0.0,10.200000000000001,0.0,328.8,0.0,339.0
2020-12-10 22:32:00,0.0,0.17,0.0,5.5,0.0,5.67,10.0,0.0,10.200000000000001,0.0,330.0,0.0,340.2
2020-12-10 22:33:00,0.0,0.15,0.0,5.48,0.0,5.63,10.0,0.0,9.0,0.0,328.8,0.0,337.8
2020-12-10 22:34:00,0.0,0.17,0.0,5.45,0.0,5.62,10.0,0.0,10.200000000000001,0.0,327.0,0.0,337.2
2020-12-10 22:35:00,0.0,0.17,0.0,5.47,0.0,5.64,10.0,0.0,10.200000000000001,0.0,328.2,0.0,338.4
2020-12-10 22:36:00,0.0,0.15,0.0,5.43,0.0,5.58,10.0,0.0,9.0,0.0,325.8,0.0,334.8
2020-12-10 22:37:00,0.0,0.15,0.0,5.45,0.0,5.6,10.0,0.0,9.0,0.0,327.0,0.0,336.0
2020-12-10 22:38:00,0.0,0.15,0.0,5.43,0.0,5.58,10.0,0.0,9.0,0.0,325.8,0.0,334.8
2020-12-10 22:39:00,0.0,0.15,0.0,5.45,0.0,5.6,10.0,0.0,9.0,0.0,327.0,0.0,336.0
2020-12-10 22:40:00,0.0,0.15,0.0,5.42,0.0,5.57,10.0,0.0,9.0,0.0,325.2,0.0,334.20000000000005
2020-12-10 22:41:00,0.0,0.15,0.0,5.1,0.0,5.25,10.0,0.0,9.0,0.0,306.0,0.0,315.0
2020-12-10 22:42:00,0.0,0.17,0.0,4.03,0.0,4.2,10.0,0.0,10.200000000000001,0.0,241.8,0.0,252.0
2020-12-10 22:43:00,0.0,0.15,0.0,4.13,0.0,4.28,10.0,0.0,9.0,0.0,247.79999999999998,0.0,256.8
2020-12-10 22:44:00,0.0,0.15,0.0,4.13,0.0,4.28,10.0,0.0,9.0,0.0,247.79999999999998,0.0,256.8
2020-12-10 22:45:00,0.0,0.15,0.0,4.12,0.0,4.27,10.0,0.0,9.0,0.0,247.20000000000002,0.0,256.2
2020-12-10 22:46:00,0.0,0.15,0.0,4.12,0.0,4.27,10.0,0.0,9.0,0.0,247.20000000000002,0.0,256.2
2020-12-10 22:47:00,0.0,0.15,0.0,4.12,0.0,4.27,10.0,0.0,9.0,0.0,247.20000000000002,0.0,256.2
2020-12-10 22:48:00,0.0,0.15,0.0,4.1,0.0,4.25,10.0,0.0,9.0,0.0,245.99999999999997,0.0,255.0
2020-12-10 22:49:00,0.0,0.15,0.0,4.1,0.0,4.25,10.0,0.0,9.0,0.0,245.99999999999997,0.0,255.0
2020-12-10 22:50:00,0.0,0.15,0.0,4.12,0.0,4.27,10.0,0.0,9.0,0.0,247.20000000000002,0.0,256.2
2020-12-10 22:51:00,0.0,0.15,0.0,4.1,0.0,4.25,10.0,0.0,9.0,0.0,245.99999999999997,0.0,255.0
2020-12-10 22:52:00,0.0,0.15,0.0,4.08,0.0,4.23,10.0,0.0,9.0,0.0,244.8,0.0,253.80000000000004
2020-12-10 22:53:00,0.0,0.15,0.0,4.07,0.0,4.22,10.0,0.0,9.0,0.0,244.20000000000002,0.0,253.2
2020-12-10 22:54:00,0.0,0.15,0.0,3.98,0.0,4.13,10.0,0.0,9.0,0.0,238.8,0.0,247.79999999999998
2020-12-10 22:55:00,0.0,0.15,0.0,4.05,0.0,4.2,10.0,0.0,9.0,0.0,243.0,0.0,252.0
2020-12-10 22:56:00,0.0,0.15,0.0,3.93,0.0,4.08,10.0,0.0,9.0,0.0,235.8,0.0,244.8
2020-12-10 22:57:00,0.0,0.15,0.0,3.97,0.0,4.12,10.0,0.0,9.0,0.0,238.20000000000002,0.0,247.20000000000002
2020-12-10 22:58:00,0.0,0.15,0.0,3.95,0.0,4.1,10.0,0.0,9.0,0.0,237.0,0.0,245.99999999999997
2020-12-10 22:59:00,0.0,0.15,0.0,3.97,0.0,4.12,10.0,0.0,9.0,0.0,238.20000000000002,0.0,247.20000000000002
2020-12-10 23:00:00,0.0,0.15,0.0,3.92,0.0,4.07,10.0,0.0,9.0,0.0,235.2,0.0,244.20000000000002
2020-12-10 23:01:00,0.0,0.15,0.0,3.92,0.0,4.07,10.0,0.0,9.0,0.0,235.2,0.0,244.20000000000002
2020-12-10 23:02:00,0.0,0.15,0.0,3.92,0.0,4.07,10.0,0.0,9.0,0.0,235.2,0.0,244.20000000000002
2020-12-10 23:03:00,0.0,0.15,0.0,3.92,0.0,4.07,10.0,0.0,9.0,0.0,235.2,0.0,244.20000000000002
2020-12-10 23:04:00,0.0,0.15,0.0,3.9,0.0,4.05,10.0,0.0,9.0,0.0,234.0,0.0,243.0
2020-12-10 23:05:00,0.0,0.15,0.0,3.92,0.0,4.07,10.0,0.0,9.0,0.0,235.2,0.0,244.20000000000002
2020-12-10 23:06:00,0.0,0.15,0.0,3.9,0.0,4.05,10.0,0.0,9.0,0.0,234.0,0.0,243.0
2020-12-10 23:07:00,0.0,0.15,0.0,3.92,0.0,4.07,10.0,0.0,9.0,0.0,235.2,0.0,244.20000000000002
2020-12-10 23:08:00,0.0,0.15,0.0,3.92,0.0,4.07,10.0,0.0,9.0,0.0,235.2,0.0,244.20000000000002
2020-12-10 23:09:00,0.0,0.15,0.0,3.92,0.0,4.07,10.0,0.0,9.0,0.0,235.2,0.0,244.20000000000002
2020-12-10 23:10:00,0.0,0.15,0.0,3.92,0.0,4.07,10.0,0.0,9.0,0.0,235.2,0.0,244.20000000000002
2020-12-10 23:11:00,0.0,0.15,0.0,3.98,0.0,4.13,10.0,0.0,9.0,0.0,238.8,0.0,247.79999999999998
2020-12-10 23:12:00,0.0,0.15,0.0,3.97,0.0,4.12,10.0,0.0,9.0,0.0,238.20000000000002,0.0,247.20000000000002
2020-12-10 23:13:00,0.0,0.15,0.0,3.95,0.0,4.1,10.0,0.0,9.0,0.0,237.0,0.0,245.99999999999997
2020-12-10 23:14:00,0.0,0.15,0.0,3.95,0.0,4.1,10.0,0.0,9.0,0.0,237.0,0.0,245.99999999999997
2020-12-10 23:15:00,0.0,0.15,0.0,2.47,0.0,2.62,10.0,0.0,9.0,0.0,148.20000000000002,0.0,157.20000000000002
2020-12-10 23:16:00,0.0,0.15,0.0,2.38,0.0,2.53,10.0,0.0,9.0,0.0,142.79999999999998,0.0,151.79999999999998
2020-12-10 23:17:00,0.0,0.15,0.0,2.4,0.0,2.55,10.0,0.0,9.0,0.0,144.0,0.0,153.0
2020-12-10 23:18:00,0.0,0.15,0.0,2.4,0.0,2.55,10.0,0.0,9.0,0.0,144.0,0.0,153.0
2020-12-10 23:19:00,0.0,0.15,0.0,2.4,0.0,2.55,10.0,0.0,9.0,0.0,144.0,0.0,153.0
2020-12-10 23:20:00,0.0,0.15,0.0,2.4,0.0,2.55,10.0,0.0,9.0,0.0,144.0,0.0,153.0
2020-12-10 23:21:00,0.0,0.15,0.0,2.38,0.0,2.53,10.0,0.0,9.0,0.0,142.79999999999998,0.0,151.79999999999998
2020-12-10 23:22:00,0.0,0.15,0.0,2.42,0.0,2.57,10.0,0.0,9.0,0.0,145.2,0.0,154.2
2020-12-10 23:23:00,0.0,0.15,0.0,2.43,0.0,2.58,10.0,0.0,9.0,0.0,145.8,0.0,154.8
2020-12-10 23:24:00,0.0,0.15,0.0,2.42,0.0,2.57,10.0,0.0,9.0,0.0,145.2,0.0,154.2
2020-12-10 23:25:00,0.0,0.15,0.0,2.42,0.0,2.57,10.0,0.0,9.0,0.0,145.2,0.0,154.2
2020-12-10 23:26:00,0.0,0.15,0.0,2.38,0.0,2.53,10.0,0.0,9.0,0.0,142.79999999999998,0.0,151.79999999999998
2020-12-10 23:27:00,0.0,0.15,0.0,2.38,0.0,2.53,10.0,0.0,9.0,0.0,142.79999999999998,0.0,151.79999999999998
2020-12-10 23:28:00,0.0,0.15,0.0,2.4,0.0,2.55,10.0,0.0,9.0,0.0,144.0,0.0,153.0
2020-12-10 23:29:00,0.0,0.15,0.0,2.42,0.0,2.57,10.0,0.0,9.0,0.0,145.2,0.0,154.2
2020-12-10 23:30:00,0.0,0.15,0.0,2.4,0.0,2.55,10.0,0.0,9.0,0.0,144.0,0.0,153.0
2020-12-10 23:31:00,0.0,0.15,0.0,2.4,0.0,2.55,10.0,0.0,9.0,0.0,144.0,0.0,153.0
2020-12-10 23:32:00,0.0,0.15,0.0,2.42,0.0,2.57,10.0,0.0,9.0,0.0,145.2,0.0,154.2
2020-12-10 23:33:00,0.0,0.15,0.0,2.43,0.0,2.58,10.0,0.0,9.0,0.0,145.8,0.0,154.8
2020-12-10 23:34:00,0.0,0.15,0.0,2.42,0.0,2.57,10.0,0.0,9.0,0.0,145.2,0.0,154.2
2020-12-10 23:35:00,0.0,0.15,0.0,2.42,0.0,2.57,10.0,0.0,9.0,0.0,145.2,0.0,154.2
2020-12-10 23:36:00,0.0,0.15,0.0,2.4,0.0,2.55,10.0,0.0,9.0,0.0,144.0,0.0,153.0
2020-12-10 23:37:00,0.0,0.15,0.0,2.42,0.0,2.57,10.0,0.0,9.0,0.0,145.2,0.0,154.2
2020-12-10 23:38:00,0.0,0.15,0.0,2.42,0.0,2.57,10.0,0.0,9.0,0.0,145.2,0.0,154.2
2020-12-10 23:39:00,0.0,0.15,0.0,2.42,0.0,2.57,10.0,0.0,9.0,0.0,145.2,0.0,154.2
2020-12-10 23:40:00,0.0,0.15,0.0,2.42,0.0,2.57,10.0,0.0,9.0,0.0,145.2,0.0,154.2
2020-12-10 23:41:00,0.0,0.15,0.0,2.42,0.0,2.57,10.0,0.0,9.0,0.0,145.2,0.0,154.2
2020-12-10 23:42:00,0.0,0.15,0.0,2.42,0.0,2.57,10.0,0.0,9.0,0.0,145.2,0.0,154.2
2020-12-10 23:43:00,0.0,0.15,0.0,2.43,0.0,2.58,10.0,0.0,9.0,0.0,145.8,0.0,154.8
2020-12-10 23:44:00,0.0,0.15,0.0,2.42,0.0,2.57,10.0,0.0,9.0,0.0,145.2,0.0,154.2
2020-12-10 23:45:00,0.0,0.15,0.0,2.42,0.0,2.57,10.0,0.0,9.0,0.0,145.2,0.0,154.2
2020-12-10 23:46:00,0.0,0.15,0.0,2.38,0.0,2.53,10.0,0.0,9.0,0.0,142.79999999999998,0.0,151.79999999999998
2020-12-10 23:47:00,0.0,0.15,0.0,2.38,0.0,2.53,10.0,0.0,9.0,0.0,142.79999999999998,0.0,151.79999999999998
2020-12-10 23:48:00,0.0,0.15,0.0,2.38,0.0,2.53,10.0,0.0,9.0,0.0,142.79999999999998,0.0,151.79999999999998
2020-12-10 23:49:00,0.0,0.15,0.0,2.38,0.0,2.53,10.0,0.0,9.0,0.0,142.79999999999998,0.0,151.79999999999998
2020-12-10 23:50:00,0.0,0.15,0.0,2.37,0.0,2.52,10.0,0.0,9.0,0.0,142.20000000000002,0.0,151.20000000000002
2020-12-10 23:51:00,0.0,0.15,0.0,2.33,0.0,2.48,10.0,0.0,9.0,0.0,139.8,0.0,148.8
2020-12-10 23:52:00,0.0,0.15,0.0,2.33,0.0,2.48,10.0,0.0,9.0,0.0,139.8,0.0,148.8
2020-12-10 23:53:00,0.0,0.15,0.0,2.35,0.0,2.5,10.0,0.0,9.0,0.0,141.0,0.0,150.0
2020-12-10 23:54:00,0.0,0.15,0.0,2.33,0.0,2.48,10.0,0.0,9.0,0.0,139.8,0.0,148.8
2020-12-10 23:55:00,0.0,0.15,0.0,2.33,0.0,2.48,10.0,0.0,9.0,0.0,139.8,0.0,148.8
2020-12-10 23:56:00,0.0,0.15,0.0,2.32,0.0,2.47,10.0,0.0,9.0,0.0,139.2,0.0,148.20000000000002
2020-12-10 23:57:00,0.0,0.15,0.0,2.32,0.0,2.47,10.0,0.0,9.0,0.0,139.2,0.0,148.20000000000002
2020-12-10 23:58:00,0.0,0.15,0.0,2.32,0.0,2.47,10.0,0.0,9.0,0.0,139.2,0.0,148.20000000000002
2020-12-10 23:59:00,0.0,0.15,0.0,2.33,0.0,2.48,10.0,0.0,9.0,0.0,139.8,0.0,148.8
2020-12-11 00:00:00,0.0,0.15,0.0,4.27,0.0,4.42,10.0,0.0,9.0,0.0,256.2,0.0,265.2
2020-12-11 00:01:00,0.0,0.15,0.0,4.27,0.0,4.42,10.0,0.0,9.0,0.0,256.2,0.0,265.2
2020-12-11 00:02:00,0.0,0.15,0.0,4.28,0.0,4.43,10.0,0.0,9.0,0.0,256.8,0.0,265.8
2020-12-11 00:03:00,0.0,0.15,0.0,4.28,0.0,4.43,10.0,0.0,9.0,0.0,256.8,0.0,265.8
2020-12-11 00:04:00,0.0,0.15,0.0,5.3,0.0,5.45,10.0,0.0,9.0,0.0,318.0,0.0,327.0
2020-12-11 00:05:00,0.0,0.15,0.0,6.28,0.0,6.43,10.0,0.0,9.0,0.0,376.8,0.0,385.8
2020-12-11 00:06:00,0.0,0.15,0.0,10.55,0.0,10.7,9.0,0.0,9.0,0.0,633.0,0.0,642.0
2020-12-11 00:07:00,0.0,0.15,0.0,10.75,0.0,10.9,9.0,0.0,9.0,0.0,645.0,0.0,654.0
2020-12-11 00:08:00,0.0,0.15,0.0,6.05,0.0,6.2,9.0,0.0,9.0,0.0,363.0,0.0,372.0
2020-12-11 00:09:00,0.0,0.15,0.0,6.13,0.0,6.28,9.0,0.0,9.0,0.0,367.8,0.0,376.8
2020-12-11 00:10:00,0.0,0.15,0.0,6.12,0.0,6.27,9.0,0.0,9.0,0.0,367.2,0.0,376.2
2020-12-11 00:11:00,0.0,0.15,0.0,6.1,0.0,6.25,9.0,0.0,9.0,0.0,366.0,0.0,375.0
2020-12-11 00:12:00,0.0,0.15,0.0,6.05,0.0,6.2,9.0,0.0,9.0,0.0,363.0,0.0,372.0
2020-12-11 00:13:00,0.0,0.15,0.0,7.58,0.0,7.73,9.0,0.0,9.0,0.0,454.8,0.0,463.8
2020-12-11 00:14:00,0.0,0.13,0.0,10.95,0.0,11.08,9.0,0.0,7.800000000000001,0.0,657.0,0.0,664.8000000000001
2020-12-11 00:15:00,0.0,0.15,0.0,6.03,0.0,6.18,9.0,0.0,9.0,0.0,361.8,0.0,370.8
2020-12-11 00:16:00,0.0,0.15,0.0,6.03,0.0,6.18,9.0,0.0,9.0,0.0,361.8,0.0,370.8
2020-12-11 00:17:00,0.0,0.15,0.0,6.03,0.0,6.18,9.0,0.0,9.0,0.0,361.8,0.0,370.8
2020-12-11 00:18:00,0.0,0.15,0.0,5.98,0.0,6.13,9.0,0.0,9.0,0.0,358.8,0.0,367.8
2020-12-11 00:19:00,0.0,0.15,0.0,6.05,0.0,6.2,9.0,0.0,9.0,0.0,363.0,0.0,372.0
2020-12-11 00:20:00,0.0,0.15,0.0,9.65,0.0,9.8,9.0,0.0,9.0,0.0,579.0,0.0,588.0
2020-12-11 00:21:00,0.0,0.13,0.0,8.92,0.0,9.05,9.0,0.0,7.800000000000001,0.0,535.2,0.0,543.0
2020-12-11 00:22:00,0.0,0.15,0.0,5.97,0.0,6.12,9.0,0.0,9.0,0.0,358.2,0.0,367.2
2020-12-11 00:23:00,0.0,0.15,0.0,5.95,0.0,6.1,9.0,0.0,9.0,0.0,357.0,0.0,366.0
2020-12-11 00:24:00,0.0,0.13,0.0,5.93,0.0,6.06,9.0,0.0,7.800000000000001,0.0,355.8,0.0,363.59999999999997
2020-12-11 00:25:00,0.0,0.13,0.0,5.92,0.0,6.05,9.0,0.0,7.800000000000001,0.0,355.2,0.0,363.0
2020-12-11 00:26:00,0.0,0.15,0.0,5.92,0.0,6.07,9.0,0.0,9.0,0.0,355.2,0.0,364.20000000000005
2020-12-11 00:27:00,0.0,0.13,0.0,5.95,0.0,6.08,9.0,0.0,7.800000000000001,0.0,357.0,0.0,364.8
2020-12-11 00:28:00,0.0,0.13,0.0,8.02,0.0,8.15,9.0,0.0,7.800000000000001,0.0,481.2,0.0,489.0
2020-12-11 00:29:00,0.0,0.15,0.0,11.28,0.0,11.43,9.0,0.0,9.0,0.0,676.8,0.0,685.8
2020-12-11 00:30:00,0.0,0.15,0.0,5.88,0.0,6.03,9.0,0.0,9.0,0.0,352.8,0.0,361.8
2020-12-11 00:31:00,0.0,0.15,0.0,5.87,0.0,6.02,9.0,0.0,9.0,0.0,352.2,0.0,361.2
2020-12-11 00:32:00,0.0,0.15,0.0,5.73,0.0,5.88,9.0,0.0,9.0,0.0,343.8,0.0,352.8
2020-12-11 00:33:00,0.0,0.15,0.0,5.88,0.0,6.03,9.0,0.0,9.0,0.0,352.8,0.0,361.8
2020-12-11 00:34:00,0.0,0.15,0.0,5.83,0.0,5.98,9.0,0.0,9.0,0.0,349.8,0.0,358.8
2020-12-11 00:35:00,0.0,0.15,0.0,5.85,0.0,6.0,9.0,0.0,9.0,0.0,351.0,0.0,360.0
2020-12-11 00:36:00,0.0,0.15,0.0,5.82,0.0,5.97,9.0,0.0,9.0,0.0,349.20000000000005,0.0,358.2
2020-12-11 00:37:00,0.0,0.13,0.0,11.08,0.0,11.21,9.0,0.0,7.800000000000001,0.0,664.8000000000001,0.0,672.6
2020-12-11 00:38:00,0.0,0.15,0.0,7.7,0.0,7.85,9.0,0.0,9.0,0.0,462.0,0.0,471.0
2020-12-11 00:39:00,0.0,0.13,0.0,5.7,0.0,5.83,9.0,0.0,7.800000000000001,0.0,342.0,0.0,349.8
2020-12-11 00:40:00,0.0,0.15,0.0,5.63,0.0,5.78,9.0,0.0,9.0,0.0,337.8,0.0,346.8
2020-12-11 00:41:00,0.0,0.15,0.0,5.83,0.0,5.98,9.0,0.0,9.0,0.0,349.8,0.0,358.8
2020-12-11 00:42:00,0.0,0.15,0.0,5.82,0.0,5.97,9.0,0.0,9.0,0.0,349.20000000000005,0.0,358.2
2020-12-11 00:43:00,0.0,0.15,0.0,5.82,0.0,5.97,9.0,0.0,9.0,0.0,349.20000000000005,0.0,358.2
2020-12-11 00:44:00,0.0,0.15,0.0,5.83,0.0,5.98,9.0,0.0,9.0,0.0,349.8,0.0,358.8
2020-12-11 00:45:00,0.0,0.15,0.0,5.8,0.0,5.95,9.0,0.0,9.0,0.0,348.0,0.0,357.0
2020-12-11 00:46:00,0.0,0.15,0.0,5.82,0.0,5.97,9.0,0.0,9.0,0.0,349.20000000000005,0.0,358.2
2020-12-11 00:47:00,0.0,0.15,0.0,7.5,0.0,7.65,9.0,0.0,9.0,0.0,450.0,0.0,459.0
2020-12-11 00:48:00,0.0,0.15,0.0,12.08,0.0,12.23,9.0,0.0,9.0,0.0,724.8000000000001,0.0,733.8000000000001
2020-12-11 00:49:00,0.0,0.15,0.0,5.82,0.0,5.97,9.0,0.0,9.0,0.0,349.20000000000005,0.0,358.2
2020-12-11 00:50:00,0.0,0.15,0.0,5.75,0.0,5.9,9.0,0.0,9.0,0.0,345.0,0.0,354.0
2020-12-11 00:51:00,0.0,0.15,0.0,5.82,0.0,5.97,9.0,0.0,9.0,0.0,349.20000000000005,0.0,358.2
2020-12-11 00:52:00,0.0,0.15,0.0,5.03,0.0,5.18,9.0,0.0,9.0,0.0,301.8,0.0,310.8
2020-12-11 00:53:00,0.0,0.15,0.0,4.42,0.0,4.57,9.0,0.0,9.0,0.0,265.2,0.0,274.20000000000005
2020-12-11 00:54:00,0.0,0.15,0.0,4.42,0.0,4.57,9.0,0.0,9.0,0.0,265.2,0.0,274.20000000000005
2020-12-11 00:55:00,0.0,0.15,0.0,5.03,0.0,5.18,9.0,0.0,9.0,0.0,301.8,0.0,310.8
2020-12-11 00:56:00,0.0,0.15,0.0,10.45,0.0,10.6,9.0,0.0,9.0,0.0,627.0,0.0,636.0
2020-12-11 00:57:00,0.0,0.15,0.0,4.37,0.0,4.52,9.0,0.0,9.0,0.0,262.2,0.0,271.2
2020-12-11 00:58:00,0.0,0.15,0.0,4.37,0.0,4.52,9.0,0.0,9.0,0.0,262.2,0.0,271.2
2020-12-11 00:59:00,0.0,0.15,0.0,4.37,0.0,4.52,9.0,0.0,9.0,0.0,262.2,0.0,271.2
2020-12-11 01:00:00,0.0,0.15,0.0,4.37,0.0,4.52,9.0,0.0,9.0,0.0,262.2,0.0,271.2
2020-12-11 01:01:00,0.0,0.15,0.0,4.38,0.0,4.53,9.0,0.0,9.0,0.0,262.8,0.0,271.8
2020-12-11 01:02:00,0.0,0.15,0.0,4.42,0.0,4.57,9.0,0.0,9.0,0.0,265.2,0.0,274.20000000000005
2020-12-11 01:03:00,0.0,0.15,0.0,4.52,0.0,4.67,9.0,0.0,9.0,0.0,271.2,0.0,280.2
2020-12-11 01:04:00,0.0,0.15,0.0,4.15,0.0,4.3,9.0,0.0,9.0,0.0,249.00000000000003,0.0,258.0
2020-12-11 01:05:00,0.0,0.15,0.0,7.58,0.0,7.73,9.0,0.0,9.0,0.0,454.8,0.0,463.8
2020-12-11 01:06:00,0.0,0.15,0.0,6.08,0.0,6.23,9.0,0.0,9.0,0.0,364.8,0.0,373.8
2020-12-11 01:07:00,0.0,0.15,0.0,2.82,0.0,2.97,9.0,0.0,9.0,0.0,169.2,0.0,178.20000000000002
2020-12-11 01:08:00,0.0,0.15,0.0,2.82,0.0,2.97,9.0,0.0,9.0,0.0,169.2,0.0,178.20000000000002
2020-12-11 01:09:00,0.0,0.15,0.0,2.82,0.0,2.97,9.0,0.0,9.0,0.0,169.2,0.0,178.20000000000002
2020-12-11 01:10:00,0.0,0.15,0.0,2.82,0.0,2.97,9.0,0.0,9.0,0.0,169.2,0.0,178.20000000000002
2020-12-11 01:11:00,0.0,0.15,0.0,2.82,0.0,2.97,9.0,0.0,9.0,0.0,169.2,0.0,178.20000000000002
2020-12-11 01:12:00,0.0,0.15,0.0,2.83,0.0,2.98,9.0,0.0,9.0,0.0,169.8,0.0,178.8
2020-12-11 01:13:00,0.0,0.15,0.0,2.83,0.0,2.98,9.0,0.0,9.0,0.0,169.8,0.0,178.8
2020-12-11 01:14:00,0.0,0.15,0.0,2.92,0.0,3.07,9.0,0.0,9.0,0.0,175.2,0.0,184.2
2020-12-11 01:15:00,0.0,0.13,0.0,3.3,0.0,3.43,9.0,0.0,7.800000000000001,0.0,198.0,0.0,205.8
2020-12-11 01:16:00,0.0,0.15,0.0,3.22,0.0,3.37,9.0,0.0,9.0,0.0,193.20000000000002,0.0,202.20000000000002
2020-12-11 01:17:00,0.0,0.15,0.0,3.2,0.0,3.35,9.0,0.0,9.0,0.0,192.0,0.0,201.0
2020-12-11 01:18:00,0.0,0.15,0.0,8.4,0.0,8.55,9.0,0.0,9.0,0.0,504.0,0.0,513.0
2020-12-11 01:19:00,0.0,0.15,0.0,6.55,0.0,6.7,9.0,0.0,9.0,0.0,393.0,0.0,402.0
2020-12-11 01:20:00,0.0,0.15,0.0,3.17,0.0,3.32,9.0,0.0,9.0,0.0,190.2,0.0,199.2
2020-12-11 01:21:00,0.0,0.15,0.0,2.47,0.0,2.62,9.0,0.0,9.0,0.0,148.20000000000002,0.0,157.20000000000002
2020-12-11 01:22:00,0.0,0.15,0.0,2.35,0.0,2.5,9.0,0.0,9.0,0.0,141.0,0.0,150.0
2020-12-11 01:23:00,0.0,0.15,0.0,2.37,0.0,2.52,9.0,0.0,9.0,0.0,142.20000000000002,0.0,151.20000000000002
2020-12-11 01:24:00,0.0,0.15,0.0,2.37,0.0,2.52,9.0,0.0,9.0,0.0,142.20000000000002,0.0,151.20000000000002
2020-12-11 01:25:00,0.0,0.15,0.0,2.37,0.0,2.52,9.0,0.0,9.0,0.0,142.20000000000002,0.0,151.20000000000002
2020-12-11 01:26:00,0.0,0.15,0.0,2.37,0.0,2.52,9.0,0.0,9.0,0.0,142.20000000000002,0.0,151.20000000000002
2020-12-11 01:27:00,0.0,0.15,0.0,2.35,0.0,2.5,9.0,0.0,9.0,0.0,141.0,0.0,150.0
2020-12-11 01:28:00,0.0,0.15,0.0,2.37,0.0,2.52,9.0,0.0,9.0,0.0,142.20000000000002,0.0,151.20000000000002
2020-12-11 01:29:00,0.0,0.13,0.0,2.37,0.0,2.5,9.0,0.0,7.800000000000001,0.0,142.20000000000002,0.0,150.0
2020-12-11 01:30:00,0.0,0.13,0.0,5.57,0.0,5.7,9.0,0.0,7.800000000000001,0.0,334.20000000000005,0.0,342.0
2020-12-11 01:31:00,0.0,0.15,0.0,7.95,0.0,8.1,9.0,0.0,9.0,0.0,477.0,0.0,486.0
2020-12-11 01:32:00,0.0,0.13,0.0,2.35,0.0,2.48,9.0,0.0,7.800000000000001,0.0,141.0,0.0,148.8
2020-12-11 01:33:00,0.0,0.13,0.0,2.35,0.0,2.48,9.0,0.0,7.800000000000001,0.0,141.0,0.0,148.8
2020-12-11 01:34:00,0.0,0.13,0.0,2.35,0.0,2.48,9.0,0.0,7.800000000000001,0.0,141.0,0.0,148.8
2020-12-11 01:35:00,0.0,0.13,0.0,2.35,0.0,2.48,9.0,0.0,7.800000000000001,0.0,141.0,0.0,148.8
2020-12-11 01:36:00,0.0,0.13,0.0,2.35,0.0,2.48,9.0,0.0,7.800000000000001,0.0,141.0,0.0,148.8
2020-12-11 01:37:00,0.0,0.13,0.0,2.35,0.0,2.48,9.0,0.0,7.800000000000001,0.0,141.0,0.0,148.8
2020-12-11 01:38:00,0.0,0.13,0.0,2.37,0.0,2.5,9.0,0.0,7.800000000000001,0.0,142.20000000000002,0.0,150.0
2020-12-11 01:39:00,0.0,0.13,0.0,2.33,0.0,2.46,9.0,0.0,7.800000000000001,0.0,139.8,0.0,147.6
2020-12-11 01:40:00,0.0,0.13,0.0,4.2,0.0,4.33,9.0,0.0,7.800000000000001,0.0,252.0,0.0,259.8
2020-12-11 01:41:00,0.0,0.15,0.0,8.45,0.0,8.6,9.0,0.0,9.0,0.0,506.99999999999994,0.0,516.0
2020-12-11 01:42:00,0.0,0.13,0.0,2.33,0.0,2.46,9.0,0.0,7.800000000000001,0.0,139.8,0.0,147.6
2020-12-11 01:43:00,0.0,0.15,0.0,2.35,0.0,2.5,9.0,0.0,9.0,0.0,141.0,0.0,150.0
2020-12-11 01:44:00,0.0,0.13,0.0,2.35,0.0,2.48,9.0,0.0,7.800000000000001,0.0,141.0,0.0,148.8
2020-12-11 01:45:00,0.0,0.13,0.0,2.35,0.0,2.48,9.0,0.0,7.800000000000001,0.0,141.0,0.0,148.8
2020-12-11 01:46:00,0.0,0.13,0.0,2.35,0.0,2.48,9.0,0.0,7.800000000000001,0.0,141.0,0.0,148.8
2020-12-11 01:47:00,0.0,0.13,0.0,2.35,0.0,2.48,9.0,0.0,7.800000000000001,0.0,141.0,0.0,148.8
2020-12-11 01:48:00,0.0,0.13,0.0,2.35,0.0,2.48,9.0,0.0,7.800000000000001,0.0,141.0,0.0,148.8
2020-12-11 01:49:00,0.0,0.15,0.0,2.38,0.0,2.53,9.0,0.0,9.0,0.0,142.79999999999998,0.0,151.79999999999998
2020-12-11 01:50:00,0.0,0.15,0.0,2.37,0.0,2.52,9.0,0.0,9.0,0.0,142.20000000000002,0.0,151.20000000000002
2020-12-11 01:51:00,0.0,0.13,0.0,2.38,0.0,2.51,9.0,0.0,7.800000000000001,0.0,142.79999999999998,0.0,150.6
2020-12-11 01:52:00,0.0,0.13,0.0,2.37,0.0,2.5,9.0,0.0,7.800000000000001,0.0,142.20000000000002,0.0,150.0
2020-12-11 01:53:00,0.0,0.15,0.0,2.37,0.0,2.52,9.0,0.0,9.0,0.0,142.20000000000002,0.0,151.20000000000002
2020-12-11 01:54:00,0.0,0.15,0.0,2.37,0.0,2.52,9.0,0.0,9.0,0.0,142.20000000000002,0.0,151.20000000000002
2020-12-11 01:55:00,0.0,0.15,0.0,4.02,0.0,4.17,9.0,0.0,9.0,0.0,241.2,0.0,250.2
2020-12-11 01:56:00,0.0,0.13,0.0,8.52,0.0,8.65,9.0,0.0,7.800000000000001,0.0,511.2,0.0,519.0
2020-12-11 01:57:00,0.0,0.13,0.0,4.02,0.0,4.15,9.0,0.0,7.800000000000001,0.0,241.2,0.0,249.00000000000003
2020-12-11 01:58:00,0.0,0.15,0.0,2.37,0.0,2.52,9.0,0.0,9.0,0.0,142.20000000000002,0.0,151.20000000000002
2020-12-11 01:59:00,0.0,0.13,0.0,2.38,0.0,2.51,9.0,0.0,7.800000000000001,0.0,142.79999999999998,0.0,150.6
2020-12-11 02:00:00,0.0,0.15,0.0,2.37,0.0,2.52,9.0,0.0,9.0,0.0,142.20000000000002,0.0,151.20000000000002
2020-12-11 02:01:00,0.0,0.15,0.0,2.35,0.0,2.5,9.0,0.0,9.0,0.0,141.0,0.0,150.0
2020-12-11 02:02:00,0.0,0.15,0.0,2.35,0.0,2.5,9.0,0.0,9.0,0.0,141.0,0.0,150.0
2020-12-11 02:03:00,0.0,0.15,0.0,2.37,0.0,2.52,9.0,0.0,9.0,0.0,142.20000000000002,0.0,151.20000000000002
2020-12-11 02:04:00,0.0,0.15,0.0,2.37,0.0,2.52,9.0,0.0,9.0,0.0,142.20000000000002,0.0,151.20000000000002
2020-12-11 02:05:00,0.0,0.15,0.0,3.2,0.0,3.35,9.0,0.0,9.0,0.0,192.0,0.0,201.0
2020-12-11 02:06:00,0.0,0.15,0.0,8.57,0.0,8.72,9.0,0.0,9.0,0.0,514.2,0.0,523.2
2020-12-11 02:07:00,0.0,0.15,0.0,3.4,0.0,3.55,9.0,0.0,9.0,0.0,204.0,0.0,213.0
2020-12-11 02:08:00,0.0,0.13,0.0,2.35,0.0,2.48,9.0,0.0,7.800000000000001,0.0,141.0,0.0,148.8
2020-12-11 02:09:00,0.0,0.13,0.0,2.37,0.0,2.5,9.0,0.0,7.800000000000001,0.0,142.20000000000002,0.0,150.0
2020-12-11 02:10:00,0.0,0.15,0.0,2.4,0.0,2.55,9.0,0.0,9.0,0.0,144.0,0.0,153.0
2020-12-11 02:11:00,0.0,0.13,0.0,2.42,0.0,2.55,9.0,0.0,7.800000000000001,0.0,145.2,0.0,153.0
2020-12-11 02:12:00,0.0,0.13,0.0,2.43,0.0,2.56,9.0,0.0,7.800000000000001,0.0,145.8,0.0,153.6
2020-12-11 02:13:00,0.0,0.15,0.0,2.43,0.0,2.58,9.0,0.0,9.0,0.0,145.8,0.0,154.8
2020-12-11 02:14:00,0.0,0.15,0.0,2.45,0.0,2.6,9.0,0.0,9.0,0.0,147.0,0.0,156.0
2020-12-11 02:15:00,0.0,0.15,0.0,5.18,0.0,5.33,9.0,0.0,9.0,0.0,310.8,0.0,319.8
2020-12-11 02:16:00,0.0,0.15,0.0,7.97,0.0,8.12,9.0,0.0,9.0,0.0,478.2,0.0,487.19999999999993
2020-12-11 02:17:00,0.0,0.15,0.0,2.5,0.0,2.65,9.0,0.0,9.0,0.0,150.0,0.0,159.0
2020-12-11 02:18:00,0.0,0.15,0.0,2.48,0.0,2.63,9.0,0.0,9.0,0.0,148.8,0.0,157.79999999999998
2020-12-11 02:19:00,0.0,4.6000000000000005,0.0499999999999999,4.003333333333334,0.0,8.553333333333333,9.0,0.0,276.00000000000006,2.999999999999994,240.20000000000005,0.0,513.1999999999999
2020-12-11 02:20:00,0.0,9.05,0.0999999999999999,5.526666666666667,0.0,14.476666666666668,9.0,0.0,543.0,5.999999999999994,331.6,0.0,868.6000000000001
2020-12-11 02:21:00,0.0,13.5,0.15,7.05,0.0,20.4,9.0,0.0,810.0,9.0,423.0,0.0,1224.0
2020-12-11 02:22:00,0.0,5.57,0.07,2.5,0.0,8.0,9.0,0.0,334.20000000000005,4.2,150.0,0.0,480.0
2020-12-11 02:23:00,0.0,5.55,0.07,2.5,0.0,7.98,9.0,0.0,333.0,4.2,150.0,0.0,478.8
2020-12-11 02:24:00,0.0,5.55,0.05,2.5,0.0,8.0,9.0,0.0,333.0,3.0,150.0,0.0,480.0
2020-12-11 02:25:00,0.0,5.57,0.07,4.75,0.0,10.25,9.0,0.0,334.20000000000005,4.2,285.0,0.0,615.0
2020-12-11 02:26:00,0.0,5.57,0.05,8.52,0.0,14.04,9.0,0.0,334.20000000000005,3.0,511.2,0.0,842.4
2020-12-11 02:27:00,0.0,5.57,0.07,2.5,0.0,8.0,9.0,0.0,334.20000000000005,4.2,150.0,0.0,480.0
2020-12-11 02:28:00,0.0,5.57,0.08,2.52,0.0,8.01,9.0,0.0,334.20000000000005,4.8,151.20000000000002,0.0,480.59999999999997
2020-12-11 02:29:00,0.0,5.58,0.07,2.48,0.0,7.99,9.0,0.0,334.8,4.2,148.8,0.0,479.40000000000003
2020-12-11 02:30:00,0.0,5.58,0.07,2.43,0.0,7.94,9.0,0.0,334.8,4.2,145.8,0.0,476.40000000000003
2020-12-11 02:31:00,0.0,5.57,0.08,2.42,0.0,7.91,9.0,0.0,334.20000000000005,4.8,145.2,0.0,474.6
2020-12-11 02:32:00,0.0,5.58,0.08,2.37,0.0,7.87,9.0,0.0,334.8,4.8,142.20000000000002,0.0,472.2
2020-12-11 02:33:00,0.0,5.57,0.08,2.37,0.0,7.86,9.0,0.0,334.20000000000005,4.8,142.20000000000002,0.0,471.6
2020-12-11 02:34:00,0.0,5.57,0.07,2.17,0.0,7.67,9.0,0.0,334.20000000000005,4.2,130.2,0.0,460.2
2020-12-11 02:35:00,0.0,5.57,0.07,2.33,0.0,7.83,9.0,0.0,334.20000000000005,4.2,139.8,0.0,469.8
2020-12-11 02:36:00,0.0,5.57,0.07,2.25,0.0,7.75,9.0,0.0,334.20000000000005,4.2,135.0,0.0,465.0
2020-12-11 02:37:00,0.0,5.57,0.08,2.35,0.0,7.84,9.0,0.0,334.20000000000005,4.8,141.0,0.0,470.4
2020-12-11 02:38:00,0.0,5.57,0.08,2.37,0.0,7.86,9.0,0.0,334.20000000000005,4.8,142.20000000000002,0.0,471.6
2020-12-11 02:39:00,0.0,5.57,0.07,6.75,0.0,12.25,9.0,0.0,334.20000000000005,4.2,405.0,0.0,735.0
2020-12-11 02:40:00,0.0,5.57,0.07,7.1,0.0,12.6,9.0,0.0,334.20000000000005,4.2,426.0,0.0,756.0
2020-12-11 02:41:00,0.0,5.57,0.05,2.38,0.0,7.9,9.0,0.0,334.20000000000005,3.0,142.79999999999998,0.0,474.0
2020-12-11 02:42:00,0.0,5.57,0.07,2.38,0.0,7.88,9.0,0.0,334.20000000000005,4.2,142.79999999999998,0.0,472.8
2020-12-11 02:43:00,0.0,5.57,0.05,2.4,0.0,7.92,9.0,0.0,334.20000000000005,3.0,144.0,0.0,475.2
2020-12-11 02:44:00,0.0,5.57,0.07,2.33,0.0,7.83,9.0,0.0,334.20000000000005,4.2,139.8,0.0,469.8
2020-12-11 02:45:00,0.0,5.57,0.07,2.4,0.0,7.9,9.0,0.0,334.20000000000005,4.2,144.0,0.0,474.0
2020-12-11 02:46:00,0.0,5.57,0.07,2.27,0.0,7.77,9.0,0.0,334.20000000000005,4.2,136.20000000000002,0.0,466.2
2020-12-11 02:47:00,0.0,5.57,0.08,2.22,0.0,7.71,9.0,0.0,334.20000000000005,4.8,133.20000000000002,0.0,462.6
2020-12-11 02:48:00,0.0,5.57,0.05,2.42,0.0,7.94,9.0,0.0,334.20000000000005,3.0,145.2,0.0,476.40000000000003
2020-12-11 02:49:00,0.0,5.57,0.07,2.42,0.0,7.92,9.0,0.0,334.20000000000005,4.2,145.2,0.0,475.2
2020-12-11 02:50:00,0.0,5.55,0.07,2.45,0.0,7.93,9.0,0.0,333.0,4.2,147.0,0.0,475.8
2020-12-11 02:51:00,0.0,5.57,0.07,2.35,0.0,7.85,9.0,0.0,334.20000000000005,4.2,141.0,0.0,471.0
2020-12-11 02:52:00,0.0,4.0,0.05,2.38,0.0,6.33,10.0,0.0,240.0,3.0,142.79999999999998,0.0,379.8
2020-12-11 02:53:00,0.0,0.12,0.0,2.3,0.0,2.42,10.0,0.0,7.2,0.0,138.0,0.0,145.2
2020-12-11 02:54:00,0.0,0.13,0.0,4.17,0.0,4.3,10.0,0.0,7.800000000000001,0.0,250.2,0.0,258.0
2020-12-11 02:55:00,0.0,0.13,0.0,8.73,0.0,8.86,10.0,0.0,7.800000000000001,0.0,523.8000000000001,0.0,531.6
2020-12-11 02:56:00,0.0,0.15,0.0,4.17,0.0,4.32,10.0,0.0,9.0,0.0,250.2,0.0,259.20000000000005
2020-12-11 02:57:00,0.0,0.15,0.0,2.35,0.0,2.5,10.0,0.0,9.0,0.0,141.0,0.0,150.0
2020-12-11 02:58:00,0.0,0.15,0.0,2.35,0.0,2.5,10.0,0.0,9.0,0.0,141.0,0.0,150.0
2020-12-11 02:59:00,0.0,0.15,0.0,2.35,0.0,2.5,10.0,0.0,9.0,0.0,141.0,0.0,150.0
2020-12-11 03:00:00,0.0,0.15,0.0,2.35,0.0,2.5,10.0,0.0,9.0,0.0,141.0,0.0,150.0
2020-12-11 03:01:00,0.0,0.15,0.0,2.33,0.0,2.48,10.0,0.0,9.0,0.0,139.8,0.0,148.8
2020-12-11 03:02:00,0.0,0.15,0.0,2.33,0.0,2.48,10.0,0.0,9.0,0.0,139.8,0.0,148.8
2020-12-11 03:03:00,0.0,0.15,0.0,2.33,0.0,2.48,10.0,0.0,9.0,0.0,139.8,0.0,148.8
2020-12-11 03:04:00,0.0,0.13,0.0,2.33,0.0,2.46,10.0,0.0,7.800000000000001,0.0,139.8,0.0,147.6
2020-12-11 03:05:00,0.0,0.15,0.0,5.47,0.0,5.62,10.0,0.0,9.0,0.0,328.2,0.0,337.2
2020-12-11 03:06:00,0.0,0.15,0.0,7.58,0.0,7.73,10.0,0.0,9.0,0.0,454.8,0.0,463.8
2020-12-11 03:07:00,0.0,0.15,0.0,2.37,0.0,2.52,10.0,0.0,9.0,0.0,142.20000000000002,0.0,151.20000000000002
2020-12-11 03:08:00,0.0,0.15,0.0,2.35,0.0,2.5,10.0,0.0,9.0,0.0,141.0,0.0,150.0
2020-12-11 03:09:00,0.0,0.15,0.0,2.33,0.0,2.48,10.0,0.0,9.0,0.0,139.8,0.0,148.8
2020-12-11 03:10:00,0.0,0.15,0.0,3.28,0.0,3.43,10.0,0.0,9.0,0.0,196.79999999999998,0.0,205.8
2020-12-11 03:11:00,0.0,0.15,0.0,4.38,0.0,4.53,10.0,0.0,9.0,0.0,262.8,0.0,271.8
2020-12-11 03:12:00,0.0,0.15,0.0,4.3,0.0,4.45,10.0,0.0,9.0,0.0,258.0,0.0,267.0
2020-12-11 03:13:00,0.0,0.15,0.0,5.22,0.0,5.37,10.0,0.0,9.0,0.0,313.2,0.0,322.2
2020-12-11 03:14:00,0.0,0.15,0.0,10.5,0.0,10.65,10.0,0.0,9.0,0.0,630.0,0.0,639.0
2020-12-11 03:15:00,0.0,0.15,0.0,4.23,0.0,4.38,10.0,0.0,9.0,0.0,253.80000000000004,0.0,262.8
2020-12-11 03:16:00,0.0,0.15,0.0,4.25,0.0,4.4,10.0,0.0,9.0,0.0,255.0,0.0,264.0
2020-12-11 03:17:00,0.0,0.15,0.0,4.22,0.0,4.37,10.0,0.0,9.0,0.0,253.2,0.0,262.2
2020-12-11 03:18:00,0.0,0.15,0.0,4.18,0.0,4.33,10.0,0.0,9.0,0.0,250.79999999999998,0.0,259.8
2020-12-11 03:19:00,0.0,0.15,0.0,4.17,0.0,4.32,10.0,0.0,9.0,0.0,250.2,0.0,259.20000000000005
2020-12-11 03:20:00,0.0,0.15,0.0,4.13,0.0,4.28,10.0,0.0,9.0,0.0,247.79999999999998,0.0,256.8
2020-12-11 03:21:00,0.0,0.15,0.0,4.23,0.0,4.38,10.0,0.0,9.0,0.0,253.80000000000004,0.0,262.8
2020-12-11 03:22:00,0.0,0.15,0.0,10.33,0.0,10.48,10.0,0.0,9.0,0.0,619.8000000000001,0.0,628.8000000000001
2020-12-11 03:23:00,0.0,0.15,0.0,5.23,0.0,5.38,10.0,0.0,9.0,0.0,313.8,0.0,322.8
2020-12-11 03:24:00,0.0,0.13,0.0,4.08,0.0,4.21,10.0,0.0,7.800000000000001,0.0,244.8,0.0,252.6
2020-12-11 03:25:00,0.0,0.15,0.0,4.07,0.0,4.22,10.0,0.0,9.0,0.0,244.20000000000002,0.0,253.2
2020-12-11 03:26:00,0.0,0.15,0.0,4.07,0.0,4.22,10.0,0.0,9.0,0.0,244.20000000000002,0.0,253.2
2020-12-11 03:27:00,0.0,0.15,0.0,4.05,0.0,4.2,10.0,0.0,9.0,0.0,243.0,0.0,252.0
2020-12-11 03:28:00,0.0,0.15,0.0,4.05,0.0,4.2,10.0,0.0,9.0,0.0,243.0,0.0,252.0
2020-12-11 03:29:00,0.0,0.15,0.0,4.03,0.0,4.18,10.0,0.0,9.0,0.0,241.8,0.0,250.79999999999998
2020-12-11 03:30:00,0.0,0.15,0.0,4.02,0.0,4.17,10.0,0.0,9.0,0.0,241.2,0.0,250.2
2020-12-11 03:31:00,0.0,0.15,0.0,4.02,0.0,4.17,10.0,0.0,9.0,0.0,241.2,0.0,250.2
2020-12-11 03:32:00,0.0,0.15,0.0,3.98,0.0,4.13,10.0,0.0,9.0,0.0,238.8,0.0,247.79999999999998
2020-12-11 03:33:00,0.0,0.15,0.0,4.0,0.0,4.15,10.0,0.0,9.0,0.0,240.0,0.0,249.00000000000003
2020-12-11 03:34:00,0.0,0.15,0.0,4.0,0.0,4.15,10.0,0.0,9.0,0.0,240.0,0.0,249.00000000000003
2020-12-11 03:35:00,0.0,0.13,0.0,3.98,0.0,4.11,10.0,0.0,7.800000000000001,0.0,238.8,0.0,246.60000000000002
2020-12-11 03:36:00,0.0,0.15,0.0,10.13,0.0,10.28,10.0,0.0,9.0,0.0,607.8000000000001,0.0,616.8
2020-12-11 03:37:00,0.0,0.15,0.0,7.08,0.0,7.23,10.0,0.0,9.0,0.0,424.8,0.0,433.8
2020-12-11 03:38:00,0.0,0.15,0.0,3.98,0.0,4.13,10.0,0.0,9.0,0.0,238.8,0.0,247.79999999999998
2020-12-11 03:39:00,0.0,0.15,0.0,4.02,0.0,4.17,10.0,0.0,9.0,0.0,241.2,0.0,250.2
2020-12-11 03:40:00,0.0,0.15,0.0,3.98,0.0,4.13,10.0,0.0,9.0,0.0,238.8,0.0,247.79999999999998
2020-12-11 03:41:00,0.0,0.15,0.0,3.98,0.0,4.13,10.0,0.0,9.0,0.0,238.8,0.0,247.79999999999998
2020-12-11 03:42:00,0.0,0.15,0.0,3.95,0.0,4.1,10.0,0.0,9.0,0.0,237.0,0.0,245.99999999999997
2020-12-11 03:43:00,0.0,0.15,0.0,3.9,0.0,4.05,10.0,0.0,9.0,0.0,234.0,0.0,243.0
2020-12-11 03:44:00,0.0,0.15,0.0,8.57,0.0,8.72,10.0,0.0,9.0,0.0,514.2,0.0,523.2
2020-12-11 03:45:00,0.0,0.15,0.0,6.05,0.0,6.2,10.0,0.0,9.0,0.0,363.0,0.0,372.0
2020-12-11 03:46:00,0.0,0.15,0.0,3.85,0.0,4.0,10.0,0.0,9.0,0.0,231.0,0.0,240.0
2020-12-11 03:47:00,0.0,0.15,0.0,4.08,0.0,4.23,10.0,0.0,9.0,0.0,244.8,0.0,253.80000000000004
2020-12-11 03:48:00,0.0,0.15,0.0,4.0,0.0,4.15,10.0,0.0,9.0,0.0,240.0,0.0,249.00000000000003
2020-12-11 03:49:00,0.0,0.15,0.0,3.98,0.0,4.13,10.0,0.0,9.0,0.0,238.8,0.0,247.79999999999998
2020-12-11 03:50:00,0.0,0.15,0.0,3.97,0.0,4.12,10.0,0.0,9.0,0.0,238.20000000000002,0.0,247.20000000000002
2020-12-11 03:51:00,0.0,0.15,0.0,3.95,0.0,4.1,10.0,0.0,9.0,0.0,237.0,0.0,245.99999999999997
2020-12-11 03:52:00,0.0,0.15,0.0,3.97,0.0,4.12,10.0,0.0,9.0,0.0,238.20000000000002,0.0,247.20000000000002
2020-12-11 03:53:00,0.0,0.15,0.0,10.02,0.0,10.17,10.0,0.0,9.0,0.0,601.1999999999999,0.0,610.2
2020-12-11 03:54:00,0.0,0.15,0.0,4.48,0.0,4.63,10.0,0.0,9.0,0.0,268.8,0.0,277.8
2020-12-11 03:55:00,0.0,0.15,0.0,3.93,0.0,4.08,10.0,0.0,9.0,0.0,235.8,0.0,244.8
2020-12-11 03:56:00,0.0,0.15,0.0,3.92,0.0,4.07,10.0,0.0,9.0,0.0,235.2,0.0,244.20000000000002
2020-12-11 03:57:00,0.0,0.15,0.0,3.9,0.0,4.05,10.0,0.0,9.0,0.0,234.0,0.0,243.0
2020-12-11 03:58:00,0.0,0.15,0.0,3.9,0.0,4.05,10.0,0.0,9.0,0.0,234.0,0.0,243.0
2020-12-11 03:59:00,0.0,0.15,0.0,3.9,0.0,4.05,10.0,0.0,9.0,0.0,234.0,0.0,243.0
2020-12-11 04:00:00,0.0,0.15,0.0,3.88,0.0,4.03,10.0,0.0,9.0,0.0,232.79999999999998,0.0,241.8
2020-12-11 04:01:00,0.0,0.15,0.0,3.9,0.0,4.05,10.0,0.0,9.0,0.0,234.0,0.0,243.0
2020-12-11 04:02:00,0.0,0.15,0.0,3.9,0.0,4.05,10.0,0.0,9.0,0.0,234.0,0.0,243.0
2020-12-11 04:03:00,0.0,0.15,0.0,3.9,0.0,4.05,10.0,0.0,9.0,0.0,234.0,0.0,243.0
2020-12-11 04:04:00,0.0,0.15,0.0,4.2,0.0,4.35,10.0,0.0,9.0,0.0,252.0,0.0,261.0
2020-12-11 04:05:00,0.0,0.15,0.0,10.18,0.0,10.33,10.0,0.0,9.0,0.0,610.8,0.0,619.8000000000001
2020-12-11 04:06:00,0.0,0.15,0.0,4.83,0.0,4.98,10.0,0.0,9.0,0.0,289.8,0.0,298.8
2020-12-11 04:07:00,0.0,0.15,0.0,3.9,0.0,4.05,10.0,0.0,9.0,0.0,234.0,0.0,243.0
2020-12-11 04:08:00,0.0,0.15,0.0,3.88,0.0,4.03,10.0,0.0,9.0,0.0,232.79999999999998,0.0,241.8
2020-12-11 04:09:00,0.0,0.15,0.0,3.88,0.0,4.03,10.0,0.0,9.0,0.0,232.79999999999998,0.0,241.8
2020-12-11 04:10:00,0.0,0.15,0.0,2.87,0.0,3.02,10.0,0.0,9.0,0.0,172.20000000000002,0.0,181.20000000000002
2020-12-11 04:11:00,0.0,0.15,0.0,2.33,0.0,2.48,10.0,0.0,9.0,0.0,139.8,0.0,148.8
2020-12-11 04:12:00,0.0,0.15,0.0,2.32,0.0,2.47,10.0,0.0,9.0,0.0,139.2,0.0,148.20000000000002
2020-12-11 04:13:00,0.0,0.15,0.0,7.2,0.0,7.35,10.0,0.0,9.0,0.0,432.0,0.0,441.0
2020-12-11 04:14:00,0.0,0.13,0.0,4.53,0.0,4.66,10.0,0.0,7.800000000000001,0.0,271.8,0.0,279.6
2020-12-11 04:15:00,0.0,0.15,0.0,2.32,0.0,2.47,10.0,0.0,9.0,0.0,139.2,0.0,148.20000000000002
2020-12-11 04:16:00,0.0,0.13,0.0,2.32,0.0,2.45,10.0,0.0,7.800000000000001,0.0,139.2,0.0,147.0
2020-12-11 04:17:00,0.0,0.13,0.0,2.3,0.0,2.43,10.0,0.0,7.800000000000001,0.0,138.0,0.0,145.8
2020-12-11 04:18:00,0.0,0.13,0.0,2.3,0.0,2.43,10.0,0.0,7.800000000000001,0.0,138.0,0.0,145.8
2020-12-11 04:19:00,0.0,0.13,0.0,2.32,0.0,2.45,10.0,0.0,7.800000000000001,0.0,139.2,0.0,147.0
2020-12-11 04:20:00,0.0,0.13,0.0,2.32,0.0,2.45,10.0,0.0,7.800000000000001,0.0,139.2,0.0,147.0
2020-12-11 04:21:00,0.0,0.13,0.0,2.32,0.0,2.45,10.0,0.0,7.800000000000001,0.0,139.2,0.0,147.0
2020-12-11 04:22:00,0.0,0.13,0.0,2.32,0.0,2.45,10.0,0.0,7.800000000000001,0.0,139.2,0.0,147.0
2020-12-11 04:23:00,0.0,0.13,0.0,2.28,0.0,2.41,10.0,0.0,7.800000000000001,0.0,136.79999999999998,0.0,144.60000000000002
2020-12-11 04:24:00,0.0,0.13,0.0,2.32,0.0,2.45,10.0,0.0,7.800000000000001,0.0,139.2,0.0,147.0
2020-12-11 04:25:00,0.0,0.13,0.0,2.28,0.0,2.41,10.0,0.0,7.800000000000001,0.0,136.79999999999998,0.0,144.60000000000002
2020-12-11 04:26:00,0.0,0.13,0.0,2.32,0.0,2.45,10.0,0.0,7.800000000000001,0.0,139.2,0.0,147.0
2020-12-11 04:27:00,0.0,0.13,0.0,2.32,0.0,2.45,10.0,0.0,7.800000000000001,0.0,139.2,0.0,147.0
2020-12-11 04:28:00,0.0,0.13,0.0,2.32,0.0,2.45,10.0,0.0,7.800000000000001,0.0,139.2,0.0,147.0
2020-12-11 04:29:00,0.0,0.13,0.0,6.7,0.0,6.83,10.0,0.0,7.800000000000001,0.0,402.0,0.0,409.8
2020-12-11 04:30:00,0.0,0.15,0.0,6.5,0.0,6.65,10.0,0.0,9.0,0.0,390.0,0.0,399.0
2020-12-11 04:31:00,0.0,0.13,0.0,2.32,0.0,2.45,10.0,0.0,7.800000000000001,0.0,139.2,0.0,147.0
2020-12-11 04:32:00,0.0,0.15,0.0,2.38,0.0,2.53,10.0,0.0,9.0,0.0,142.79999999999998,0.0,151.79999999999998
2020-12-11 04:33:00,0.0,0.13,0.0,2.32,0.0,2.45,10.0,0.0,7.800000000000001,0.0,139.2,0.0,147.0
2020-12-11 04:34:00,0.0,0.13,0.0,2.3,0.0,2.43,10.0,0.0,7.800000000000001,0.0,138.0,0.0,145.8
2020-12-11 04:35:00,0.0,0.13,0.0,2.3,0.0,2.43,10.0,0.0,7.800000000000001,0.0,138.0,0.0,145.8
2020-12-11 04:36:00,0.0,0.13,0.0,2.32,0.0,2.45,10.0,0.0,7.800000000000001,0.0,139.2,0.0,147.0
2020-12-11 04:37:00,0.0,0.13,0.0,2.3,0.0,2.43,10.0,0.0,7.800000000000001,0.0,138.0,0.0,145.8
2020-12-11 04:38:00,0.0,0.13,0.0,2.3,0.0,2.43,10.0,0.0,7.800000000000001,0.0,138.0,0.0,145.8
2020-12-11 04:39:00,0.0,0.13,0.0,7.95,0.0,8.08,10.0,0.0,7.800000000000001,0.0,477.0,0.0,484.8
2020-12-11 04:40:00,0.0,0.13,0.0,3.47,0.0,3.6,10.0,0.0,7.800000000000001,0.0,208.20000000000002,0.0,216.0
2020-12-11 04:41:00,0.0,0.15,0.0,2.3,0.0,2.45,10.0,0.0,9.0,0.0,138.0,0.0,147.0
2020-12-11 04:42:00,0.0,0.15,0.0,2.3,0.0,2.45,10.0,0.0,9.0,0.0,138.0,0.0,147.0
2020-12-11 04:43:00,0.0,0.13,0.0,2.32,0.0,2.45,10.0,0.0,7.800000000000001,0.0,139.2,0.0,147.0
2020-12-11 04:44:00,0.0,0.13,0.0,2.32,0.0,2.45,10.0,0.0,7.800000000000001,0.0,139.2,0.0,147.0
2020-12-11 04:45:00,0.0,0.13,0.0,2.32,0.0,2.45,10.0,0.0,7.800000000000001,0.0,139.2,0.0,147.0
2020-12-11 04:46:00,0.0,0.13,0.0,2.32,0.0,2.45,10.0,0.0,7.800000000000001,0.0,139.2,0.0,147.0
2020-12-11 04:47:00,0.0,0.13,0.0,2.3,0.0,2.43,10.0,0.0,7.800000000000001,0.0,138.0,0.0,145.8
2020-12-11 04:48:00,0.0,0.13,0.0,4.67,0.0,4.8,10.0,0.0,7.800000000000001,0.0,280.2,0.0,288.0
2020-12-11 04:49:00,0.0,0.13,0.0,6.3,0.0,6.43,10.0,0.0,7.800000000000001,0.0,378.0,0.0,385.8
2020-12-11 04:50:00,0.0,0.13,0.0,2.28,0.0,2.41,10.0,0.0,7.800000000000001,0.0,136.79999999999998,0.0,144.60000000000002
2020-12-11 04:51:00,0.0,0.15,0.0,2.28,0.0,2.43,10.0,0.0,9.0,0.0,136.79999999999998,0.0,145.8
2020-12-11 04:52:00,0.0,0.13,0.0,2.28,0.0,2.41,10.0,0.0,7.800000000000001,0.0,136.79999999999998,0.0,144.60000000000002
2020-12-11 04:53:00,0.0,0.15,0.0,2.3,0.0,2.45,10.0,0.0,9.0,0.0,138.0,0.0,147.0
2020-12-11 04:54:00,0.0,0.13,0.0,2.3,0.0,2.43,10.0,0.0,7.800000000000001,0.0,138.0,0.0,145.8
2020-12-11 04:55:00,0.0,0.13,0.0,2.3,0.0,2.43,10.0,0.0,7.800000000000001,0.0,138.0,0.0,145.8
2020-12-11 04:56:00,0.0,0.13,0.0,2.28,0.0,2.41,10.0,0.0,7.800000000000001,0.0,136.79999999999998,0.0,144.60000000000002
2020-12-11 04:57:00,0.0,0.13,0.0,2.28,0.0,2.41,10.0,0.0,7.800000000000001,0.0,136.79999999999998,0.0,144.60000000000002
2020-12-11 04:58:00,0.0,0.13,0.0,2.4,0.0,2.53,10.0,0.0,7.800000000000001,0.0,144.0,0.0,151.79999999999998
2020-12-11 04:59:00,0.0,0.13,0.0,8.48,0.0,8.61,10.0,0.0,7.800000000000001,0.0,508.8,0.0,516.6
2020-12-11 05:00:00,0.0,0.15,0.0,2.82,0.0,2.97,10.0,0.0,9.0,0.0,169.2,0.0,178.20000000000002
2020-12-11 05:01:00,0.0,0.13,0.0,2.3,0.0,2.43,10.0,0.0,7.800000000000001,0.0,138.0,0.0,145.8
2020-12-11 05:02:00,0.0,0.13,0.0,2.28,0.0,2.41,10.0,0.0,7.800000000000001,0.0,136.79999999999998,0.0,144.60000000000002
2020-12-11 05:03:00,0.0,0.13,0.0,2.3,0.0,2.43,10.0,0.0,7.800000000000001,0.0,138.0,0.0,145.8
2020-12-11 05:04:00,0.0,0.13,0.0,2.35,0.0,2.48,10.0,0.0,7.800000000000001,0.0,141.0,0.0,148.8
2020-12-11 05:05:00,0.0,0.13,0.0,2.38,0.0,2.51,10.0,0.0,7.800000000000001,0.0,142.79999999999998,0.0,150.6
2020-12-11 05:06:00,0.0,0.13,0.0,2.37,0.0,2.5,10.0,0.0,7.800000000000001,0.0,142.20000000000002,0.0,150.0
2020-12-11 05:07:00,0.0,0.15,0.0,2.42,0.0,2.57,10.0,0.0,9.0,0.0,145.2,0.0,154.2
2020-12-11 05:08:00,0.0,0.15,0.0,2.42,0.0,2.57,10.0,0.0,9.0,0.0,145.2,0.0,154.2
2020-12-11 05:09:00,0.0,0.15,0.0,2.42,0.0,2.57,10.0,0.0,9.0,0.0,145.2,0.0,154.2
2020-12-11 05:10:00,0.0,0.15,0.0,2.42,0.0,2.57,10.0,0.0,9.0,0.0,145.2,0.0,154.2
2020-12-11 05:11:00,0.0,0.15,0.0,2.42,0.0,2.57,10.0,0.0,9.0,0.0,145.2,0.0,154.2
2020-12-11 05:12:00,0.0,0.15,0.0,2.42,0.0,2.57,10.0,0.0,9.0,0.0,145.2,0.0,154.2
2020-12-11 05:13:00,0.0,0.15,0.0,2.52,0.0,2.67,10.0,0.0,9.0,0.0,151.20000000000002,0.0,160.2
2020-12-11 05:14:00,0.0,0.15,0.0,8.7,0.0,8.85,10.0,0.0,9.0,0.0,522.0,0.0,531.0
2020-12-11 05:15:00,0.0,0.15,0.0,3.97,0.0,4.12,10.0,0.0,9.0,0.0,238.20000000000002,0.0,247.20000000000002
2020-12-11 05:16:00,0.0,0.15,0.0,2.38,0.0,2.53,10.0,0.0,9.0,0.0,142.79999999999998,0.0,151.79999999999998
2020-12-11 05:17:00,0.0,0.15,0.0,2.37,0.0,2.52,10.0,0.0,9.0,0.0,142.20000000000002,0.0,151.20000000000002
2020-12-11 05:18:00,0.0,0.15,0.0,2.4,0.0,2.55,10.0,0.0,9.0,0.0,144.0,0.0,153.0
2020-12-11 05:19:00,0.0,0.13,0.0,2.42,0.0,2.55,10.0,0.0,7.800000000000001,0.0,145.2,0.0,153.0
2020-12-11 05:20:00,0.0,0.13,0.0,2.38,0.0,2.51,10.0,0.0,7.800000000000001,0.0,142.79999999999998,0.0,150.6
2020-12-11 05:21:00,0.0,0.15,0.0,2.4,0.0,2.55,10.0,0.0,9.0,0.0,144.0,0.0,153.0
2020-12-11 05:22:00,0.0,0.15,0.0,2.4,0.0,2.55,10.0,0.0,9.0,0.0,144.0,0.0,153.0
2020-12-11 05:23:00,0.0,0.13,0.0,2.42,0.0,2.55,10.0,0.0,7.800000000000001,0.0,145.2,0.0,153.0
2020-12-11 05:24:00,0.0,0.13,0.0,2.4,0.0,2.53,10.0,0.0,7.800000000000001,0.0,144.0,0.0,151.79999999999998
2020-12-11 05:25:00,0.0,0.15,0.0,2.42,0.0,2.57,10.0,0.0,9.0,0.0,145.2,0.0,154.2
2020-12-11 05:26:00,0.0,0.15,0.0,2.38,0.0,2.53,10.0,0.0,9.0,0.0,142.79999999999998,0.0,151.79999999999998
2020-12-11 05:27:00,0.0,0.15,0.0,2.38,0.0,2.53,10.0,0.0,9.0,0.0,142.79999999999998,0.0,151.79999999999998
2020-12-11 05:28:00,0.0,0.15,0.0,2.38,0.0,2.53,10.0,0.0,9.0,0.0,142.79999999999998,0.0,151.79999999999998
2020-12-11 05:29:00,0.0,0.15,0.0,2.38,0.0,2.53,10.0,0.0,9.0,0.0,142.79999999999998,0.0,151.79999999999998
2020-12-11 05:30:00,0.0,0.15,0.0,2.37,0.0,2.52,10.0,0.0,9.0,0.0,142.20000000000002,0.0,151.20000000000002
2020-12-11 05:31:00,0.0,0.15,0.0,2.38,0.0,2.53,10.0,0.0,9.0,0.0,142.79999999999998,0.0,151.79999999999998
2020-12-11 05:32:00,0.0,0.15,0.0,2.4,0.0,2.55,10.0,0.0,9.0,0.0,144.0,0.0,153.0
2020-12-11 05:33:00,0.0,0.13,0.0,2.38,0.0,2.51,10.0,0.0,7.800000000000001,0.0,142.79999999999998,0.0,150.6
2020-12-11 05:34:00,0.0,9.68,0.0,2.35,0.0,12.03,10.0,0.0,580.8,0.0,141.0,0.0,721.8
2020-12-11 05:35:00,0.0,33.33,0.0,2.38,0.0,35.71,10.0,0.0,1999.8,0.0,142.79999999999998,0.0,2142.6
2020-12-11 05:36:00,0.0,33.33,0.0,2.42,0.0,35.75,10.0,0.0,1999.8,0.0,145.2,0.0,2145.0
2020-12-11 05:37:00,0.0,33.33,0.0,2.38,0.0,35.71,10.0,0.0,1999.8,0.0,142.79999999999998,0.0,2142.6
2020-12-11 05:38:00,0.0,33.33,0.0,2.4,0.0,35.73,10.0,0.0,1999.8,0.0,144.0,0.0,2143.7999999999997
2020-12-11 05:39:00,0.0,33.33,0.0,2.37,0.0,35.7,11.0,0.0,1999.8,0.0,142.20000000000002,0.0,2142.0
2020-12-11 05:40:00,0.0,33.33,0.0,3.35,0.0,36.68,11.0,0.0,1999.8,0.0,201.0,0.0,2200.8
2020-12-11 05:41:00,0.0,33.33,0.0,8.58,0.0,41.91,11.0,0.0,1999.8,0.0,514.8000000000001,0.0,2514.6
2020-12-11 05:42:00,0.0,33.33,0.0,4.07,0.0,37.4,12.0,0.0,1999.8,0.0,244.20000000000002,0.0,2244.0
2020-12-11 05:43:00,0.0,33.33,0.0,2.37,0.0,35.7,12.0,0.0,1999.8,0.0,142.20000000000002,0.0,2142.0
2020-12-11 05:44:00,0.0,33.33,0.0,2.35,0.0,35.68,12.0,0.0,1999.8,0.0,141.0,0.0,2140.8
2020-12-11 05:45:00,0.0,33.33,0.0,2.4,0.0,35.73,12.0,0.0,1999.8,0.0,144.0,0.0,2143.7999999999997
2020-12-11 05:46:00,0.0,33.33,0.0,2.4,0.0,35.73,13.0,0.0,1999.8,0.0,144.0,0.0,2143.7999999999997
2020-12-11 05:47:00,0.0,33.32,0.0,2.38,0.0,35.7,13.0,0.0,1999.2,0.0,142.79999999999998,0.0,2142.0
2020-12-11 05:48:00,0.0,33.33,0.0,2.43,0.0,35.76,13.0,0.0,1999.8,0.0,145.8,0.0,2145.6
2020-12-11 05:49:00,0.0,33.33,0.0,2.37,0.0,35.7,14.0,0.0,1999.8,0.0,142.20000000000002,0.0,2142.0
2020-12-11 05:50:00,0.0,33.33,0.0,2.38,0.0,35.71,14.0,0.0,1999.8,0.0,142.79999999999998,0.0,2142.6
2020-12-11 05:51:00,0.0,33.33,0.0,2.42,0.0,35.75,14.0,0.0,1999.8,0.0,145.2,0.0,2145.0
2020-12-11 05:52:00,0.0,33.33,0.0,3.42,0.0,36.75,15.0,0.0,1999.8,0.0,205.2,0.0,2205.0
2020-12-11 05:53:00,0.0,33.33,0.0,8.8,0.0,42.13,15.0,0.0,1999.8,0.0,528.0,0.0,2527.8
2020-12-11 05:54:00,0.0,33.35,0.0,2.87,0.0,36.22,15.0,0.0,2001.0,0.0,172.20000000000002,0.0,2173.2
2020-12-11 05:55:00,0.0,33.33,0.0,2.47,0.0,35.8,15.0,0.0,1999.8,0.0,148.20000000000002,0.0,2148.0
2020-12-11 05:56:00,0.0,33.33,0.0,2.42,0.0,35.75,16.0,0.0,1999.8,0.0,145.2,0.0,2145.0
2020-12-11 05:57:00,0.0,33.33,0.0,2.45,0.0,35.78,16.0,0.0,1999.8,0.0,147.0,0.0,2146.8
2020-12-11 05:58:00,0.0,33.33,0.0,2.43,0.0,35.76,16.0,0.0,1999.8,0.0,145.8,0.0,2145.6
2020-12-11 05:59:00,0.0,33.33,0.0,2.47,0.0,35.8,17.0,0.0,1999.8,0.0,148.20000000000002,0.0,2148.0
2020-12-11 06:00:00,0.0,33.35,0.0,4.02,0.0,37.37,17.0,0.0,2001.0,0.0,241.2,0.0,2242.2
2020-12-11 06:01:00,0.0,33.33,0.0,6.73,0.0,40.06,17.0,0.0,1999.8,0.0,403.8,0.0,2403.6000000000004
2020-12-11 06:02:00,0.0,33.33,0.0,2.55,0.0,35.88,18.0,0.0,1999.8,0.0,153.0,0.0,2152.8
2020-12-11 06:03:00,0.0,33.33,0.0,2.4,0.0,35.73,18.0,0.0,1999.8,0.0,144.0,0.0,2143.7999999999997
2020-12-11 06:04:00,0.0,33.33,0.0,2.57,0.0,35.9,18.0,0.0,1999.8,0.0,154.2,0.0,2154.0
2020-12-11 06:05:00,0.0,33.33,0.0,2.55,0.0,35.88,18.0,0.0,1999.8,0.0,153.0,0.0,2152.8
2020-12-11 06:06:00,0.0,33.33,0.0,2.57,0.0,35.9,19.0,0.0,1999.8,0.0,154.2,0.0,2154.0
2020-12-11 06:07:00,0.0,33.35,0.0,2.52,0.0,35.87,19.0,0.0,2001.0,0.0,151.20000000000002,0.0,2152.2
2020-12-11 06:08:00,0.0,33.33,0.0,2.55,0.0,35.88,19.0,0.0,1999.8,0.0,153.0,0.0,2152.8
2020-12-11 06:09:00,0.0,33.33,0.0,2.55,0.0,35.88,20.0,0.0,1999.8,0.0,153.0,0.0,2152.8
2020-12-11 06:10:00,0.0,33.33,0.0,2.77,0.0,36.1,20.0,0.0,1999.8,0.0,166.20000000000002,0.0,2166.0
2020-12-11 06:11:00,0.0,33.33,0.0,8.72,0.0,42.05,20.0,0.0,1999.8,0.0,523.2,0.0,2523.0
2020-12-11 06:12:00,0.0,33.32,0.0,2.85,0.0,36.17,22.0,0.0,1999.2,0.0,171.0,0.0,2170.2000000000003
2020-12-11 06:13:00,0.0,33.33,0.0,2.52,0.0,35.85,22.0,0.0,1999.8,0.0,151.20000000000002,0.0,2151.0
2020-12-11 06:14:00,0.0,33.33,0.0,2.52,0.0,35.85,22.0,0.0,1999.8,0.0,151.20000000000002,0.0,2151.0
2020-12-11 06:15:00,0.0,33.35,0.0,2.55,0.0,35.9,22.0,0.0,2001.0,0.0,153.0,0.0,2154.0
2020-12-11 06:16:00,0.0,33.35,0.0,2.55,0.0,35.9,23.0,0.0,2001.0,0.0,153.0,0.0,2154.0
2020-12-11 06:17:00,0.0,33.33,0.0,2.53,0.0,35.86,23.0,0.0,1999.8,0.0,151.79999999999998,0.0,2151.6
2020-12-11 06:18:00,0.0,33.35,0.0,2.47,0.0,35.82,23.0,0.0,2001.0,0.0,148.20000000000002,0.0,2149.2000000000003
2020-12-11 06:19:00,0.0,33.33,0.0,2.53,0.0,35.86,24.0,0.0,1999.8,0.0,151.79999999999998,0.0,2151.6
2020-12-11 06:20:00,0.0,33.37,0.0,2.52,0.0,35.89,24.0,0.0,2002.1999999999998,0.0,151.20000000000002,0.0,2153.4
2020-12-11 06:21:00,0.0,33.33,0.0,6.9,0.0,40.23,24.0,0.0,1999.8,0.0,414.0,0.0,2413.7999999999997
2020-12-11 06:22:00,0.0,33.33,0.0,4.88,0.0,38.21,25.0,0.0,1999.8,0.0,292.8,0.0,2292.6
2020-12-11 06:23:00,0.0,33.35,0.0,2.5,0.0,35.85,25.0,0.0,2001.0,0.0,150.0,0.0,2151.0
2020-12-11 06:24:00,0.0,33.33,0.0,2.8,0.0,36.13,25.0,0.0,1999.8,0.0,168.0,0.0,2167.8
2020-12-11 06:25:00,0.0,33.33,0.0,4.57,0.0,37.9,25.0,0.0,1999.8,0.0,274.20000000000005,0.0,2274.0
2020-12-11 06:26:00,0.0,33.33,0.0,4.42,0.0,37.75,26.0,0.0,1999.8,0.0,265.2,0.0,2265.0
2020-12-11 06:27:00,0.0,33.35,0.0,4.38,0.0,37.73,26.0,0.0,2001.0,0.0,262.8,0.0,2263.7999999999997
2020-12-11 06:28:00,0.0,33.35,0.0,4.37,0.0,37.72,26.0,0.0,2001.0,0.0,262.2,0.0,2263.2
2020-12-11 06:29:00,0.0,33.35,0.0,4.37,0.0,37.72,27.0,0.0,2001.0,0.0,262.2,0.0,2263.2
2020-12-11 06:30:00,0.0,33.33,0.0,8.43,0.0,41.76,27.0,0.0,1999.8,0.0,505.8,0.0,2505.6
2020-12-11 06:31:00,0.0,33.33,0.0,6.05,0.0,39.38,27.0,0.0,1999.8,0.0,363.0,0.0,2362.8
2020-12-11 06:32:00,0.0,33.33,0.0,4.12,0.0,37.45,28.0,0.0,1999.8,0.0,247.20000000000002,0.0,2247.0
2020-12-11 06:33:00,0.0,33.35,0.0,4.27,0.0,37.62,28.0,0.0,2001.0,0.0,256.2,0.0,2257.2
2020-12-11 06:34:00,0.0,33.32,0.0,4.23,0.0,37.55,28.0,0.0,1999.2,0.0,253.80000000000004,0.0,2253.0
2020-12-11 06:35:00,0.0,33.33,0.0,4.18,0.0,37.51,28.0,0.0,1999.8,0.0,250.79999999999998,0.0,2250.6
2020-12-11 06:36:00,0.0,33.33,0.0,4.32,0.0,37.65,29.0,0.0,1999.8,0.0,259.20000000000005,0.0,2259.0
2020-12-11 06:37:00,0.0,33.33,0.0,4.23,0.0,37.56,29.0,0.0,1999.8,0.0,253.80000000000004,0.0,2253.6000000000004
2020-12-11 06:38:00,0.0,33.35,0.0,4.25,0.0,37.6,29.0,0.0,2001.0,0.0,255.0,0.0,2256.0
2020-12-11 06:39:00,0.0,33.35,0.0,4.08,0.0,37.43,30.0,0.0,2001.0,0.0,244.8,0.0,2245.8
2020-12-11 06:40:00,0.0,33.33,0.0,4.22,0.0,37.55,30.0,0.0,1999.8,0.0,253.2,0.0,2253.0
2020-12-11 06:41:00,0.0,33.33,0.0,6.35,0.0,39.68,30.0,0.0,1999.8,0.0,381.0,0.0,2380.8
2020-12-11 06:42:00,0.0,33.33,0.0,8.87,0.0,42.2,31.0,0.0,1999.8,0.0,532.1999999999999,0.0,2532.0
2020-12-11 06:43:00,0.0,33.33,0.0,4.22,0.0,37.55,31.0,0.0,1999.8,0.0,253.2,0.0,2253.0
2020-12-11 06:44:00,0.0,33.33,0.0,4.2,0.0,37.53,31.0,0.0,1999.8,0.0,252.0,0.0,2251.8
2020-12-11 06:45:00,0.0,33.33,0.0,4.22,0.0,37.55,31.0,0.0,1999.8,0.0,253.2,0.0,2253.0
2020-12-11 06:46:00,0.0,33.35,0.0,4.17,0.0,37.52,32.0,0.0,2001.0,0.0,250.2,0.0,2251.2000000000003
2020-12-11 06:47:00,0.0,33.33,0.08,4.3,0.0,37.55,32.0,0.0,1999.8,4.8,258.0,0.0,2253.0
2020-12-11 06:48:00,0.0,33.35,0.0,4.15,0.0,37.5,32.0,0.0,2001.0,0.0,249.00000000000003,0.0,2250.0
2020-12-11 06:49:00,0.0,33.37,0.0,4.2,0.0,37.57,33.0,0.0,2002.1999999999998,0.0,252.0,0.0,2254.2000000000003
2020-12-11 06:50:00,0.0,33.33,0.0,4.2,0.0,37.53,33.0,0.0,1999.8,0.0,252.0,0.0,2251.8
2020-12-11 06:51:00,0.0,33.33,0.0,4.17,0.0,37.5,33.0,0.0,1999.8,0.0,250.2,0.0,2250.0
2020-12-11 06:52:00,0.0,33.33,0.0,4.3,0.0,37.63,34.0,0.0,1999.8,0.0,258.0,0.0,2257.8
2020-12-11 06:53:00,0.0,33.33,0.0,4.37,0.0,37.7,34.0,0.0,1999.8,0.0,262.2,0.0,2262.0
2020-12-11 06:54:00,0.0,33.33,0.0,4.32,0.0,37.65,34.0,0.0,1999.8,0.0,259.20000000000005,0.0,2259.0
2020-12-11 06:55:00,0.0,33.33,0.0,4.27,0.0,37.6,34.0,0.0,1999.8,0.0,256.2,0.0,2256.0
2020-12-11 06:56:00,0.0,33.35,0.0,5.43,0.0,38.78,35.0,0.0,2001.0,0.0,325.8,0.0,2326.8
2020-12-11 06:57:00,0.0,33.33,0.0,10.43,0.0,43.76,35.0,0.0,1999.8,0.0,625.8,0.0,2625.6
2020-12-11 06:58:00,0.0,33.33,0.0,4.63,0.0,37.96,35.0,0.0,1999.8,0.0,277.8,0.0,2277.6
2020-12-11 06:59:00,0.0,33.33,0.0,4.3,0.0,37.63,37.0,0.0,1999.8,0.0,258.0,0.0,2257.8
2020-12-11 07:00:00,0.0,33.33,0.0,4.3,0.0,37.63,37.0,0.0,1999.8,0.0,258.0,0.0,2257.8
2020-12-11 07:01:00,0.0,33.35,0.0,4.27,0.0,37.62,37.0,0.0,2001.0,0.0,256.2,0.0,2257.2
2020-12-11 07:02:00,0.0,33.35,0.0,4.27,0.0,37.62,38.0,0.0,2001.0,0.0,256.2,0.0,2257.2
2020-12-11 07:03:00,0.0,33.33,0.0,4.2,0.0,37.53,38.0,0.0,1999.8,0.0,252.0,0.0,2251.8
2020-12-11 07:04:00,0.0,33.33,0.0,4.85,0.0,38.18,38.0,0.0,1999.8,0.0,291.0,0.0,2290.8
2020-12-11 07:05:00,0.0,33.33,0.0,5.08,0.0,38.41,38.0,0.0,1999.8,0.0,304.8,0.0,2304.6
2020-12-11 07:06:00,0.0,33.33,0.0,5.08,0.0,38.41,39.0,0.0,1999.8,0.0,304.8,0.0,2304.6
2020-12-11 07:07:00,0.0,33.33,0.0,5.02,0.0,38.35,39.0,0.0,1999.8,0.0,301.2,0.0,2301.0
2020-12-11 07:08:00,0.0,33.35,0.0,5.13,0.0,38.48,39.0,0.0,2001.0,0.0,307.8,0.0,2308.7999999999997
2020-12-11 07:09:00,0.0,33.33,0.0,5.5,0.0,38.83,40.0,0.0,1999.8,0.0,330.0,0.0,2329.7999999999997
2020-12-11 07:10:00,0.0,33.35,0.0,11.62,0.0,44.97,40.0,0.0,2001.0,0.0,697.1999999999999,0.0,2698.2
2020-12-11 07:11:00,0.0,33.33,0.0,6.45,0.0,39.78,40.0,0.0,1999.8,0.0,387.0,0.0,2386.8
2020-12-11 07:12:00,0.0,33.33,0.0,5.58,0.0,38.91,41.0,0.0,1999.8,0.0,334.8,0.0,2334.6
2020-12-11 07:13:00,0.0,33.35,0.0,6.58,0.0,39.93,41.0,0.0,2001.0,0.0,394.8,0.0,2395.8
2020-12-11 07:14:00,0.0,33.33,0.0,6.48,0.0,39.81,41.0,0.0,1999.8,0.0,388.8,0.0,2388.6000000000004
2020-12-11 07:15:00,0.0,33.35,0.0,6.58,0.0,39.93,41.0,0.0,2001.0,0.0,394.8,0.0,2395.8
2020-12-11 07:16:00,0.0,33.35,0.0,6.73,0.0,40.08,42.0,0.0,2001.0,0.0,403.8,0.0,2404.7999999999997
2020-12-11 07:17:00,0.0,33.33,0.0,6.55,0.0,39.88,42.0,0.0,1999.8,0.0,393.0,0.0,2392.8
2020-12-11 07:18:00,0.0,33.33,0.0,6.53,0.0,39.86,42.0,0.0,1999.8,0.0,391.8,0.0,2391.6
2020-12-11 07:19:00,0.0,33.32,0.0,6.58,0.0,39.9,43.0,0.0,1999.2,0.0,394.8,0.0,2394.0
2020-12-11 07:20:00,0.0,33.33,0.0,6.62,0.0,39.95,43.0,0.0,1999.8,0.0,397.2,0.0,2397.0
2020-12-11 07:21:00,0.0,33.32,0.0,6.57,0.0,39.89,43.0,0.0,1999.2,0.0,394.20000000000005,0.0,2393.4
2020-12-11 07:22:00,0.0,33.35,0.0,6.5,0.0,39.85,44.0,0.0,2001.0,0.0,390.0,0.0,2391.0
2020-12-11 07:23:00,0.0,33.33,0.0,6.63,0.0,39.96,44.0,0.0,1999.8,0.0,397.8,0.0,2397.6
2020-12-11 07:24:00,0.0,33.33,0.0,6.58,0.0,39.91,44.0,0.0,1999.8,0.0,394.8,0.0,2394.6
2020-12-11 07:25:00,0.0,33.33,0.0,11.65,0.0,44.98,44.0,0.0,1999.8,0.0,699.0,0.0,2698.7999999999997
2020-12-11 07:26:00,0.0,33.33,0.0,9.12,0.0,42.45,45.0,0.0,1999.8,0.0,547.1999999999999,0.0,2547.0
2020-12-11 07:27:00,0.0,33.32,0.0,6.62,0.0,39.94,45.0,0.0,1999.2,0.0,397.2,0.0,2396.4
2020-12-11 07:28:00,0.0,33.33,0.0,6.35,0.0,39.68,45.0,0.0,1999.8,0.0,381.0,0.0,2380.8
2020-12-11 07:29:00,0.0,33.35,0.0,6.52,0.0,39.87,46.0,0.0,2001.0,0.0,391.2,0.0,2392.2
2020-12-11 07:30:00,0.0,33.32,0.0,6.37,0.0,39.69,46.0,0.0,1999.2,0.0,382.2,0.0,2381.4
2020-12-11 07:31:00,0.0,33.33,0.0,5.2,0.0,38.53,46.0,0.0,1999.8,0.0,312.0,0.0,2311.8
2020-12-11 07:32:00,0.0,33.32,0.0,5.1,0.0,38.42,47.0,0.0,1999.2,0.0,306.0,0.0,2305.2000000000003
2020-12-11 07:33:00,0.0,33.33,0.0,9.2,0.0,42.53,47.0,0.0,1999.8,0.0,552.0,0.0,2551.8
2020-12-11 07:34:00,0.0,33.32,0.0,6.67,0.0,39.99,47.0,0.0,1999.2,0.0,400.2,0.0,2399.4
2020-12-11 07:35:00,0.0,33.32,0.0,5.18,0.0,38.5,47.0,0.0,1999.2,0.0,310.8,0.0,2310.0
2020-12-11 07:36:00,0.0,33.35,0.0,4.82,0.0,38.17,48.0,0.0,2001.0,0.0,289.20000000000005,0.0,2290.2000000000003
2020-12-11 07:37:00,0.0,33.32,0.0,5.05,0.0,38.37,48.0,0.0,1999.2,0.0,303.0,0.0,2302.2
2020-12-11 07:38:00,0.0,33.32,0.0,5.13,0.0,38.45,48.0,0.0,1999.2,0.0,307.8,0.0,2307.0
2020-12-11 07:39:00,0.0,33.33,0.0,4.82,0.0,38.15,49.0,0.0,1999.8,0.0,289.20000000000005,0.0,2289.0
2020-12-11 07:40:00,0.0,33.33,0.0,5.17,0.0,38.5,49.0,0.0,1999.8,0.0,310.2,0.0,2310.0
2020-12-11 07:41:00,0.0,33.33,0.0,5.07,0.0,38.4,49.0,0.0,1999.8,0.0,304.20000000000005,0.0,2304.0
2020-12-11 07:42:00,0.0,33.35,0.0,4.67,0.0,38.02,51.0,0.0,2001.0,0.0,280.2,0.0,2281.2000000000003
2020-12-11 07:43:00,0.0,33.33,0.0,5.02,0.0,38.35,51.0,0.0,1999.8,0.0,301.2,0.0,2301.0
2020-12-11 07:44:00,0.0,33.33,0.0,4.93,0.0,38.26,51.0,0.0,1999.8,0.0,295.8,0.0,2295.6
2020-12-11 07:45:00,0.0,33.33,0.0,4.75,0.0,38.08,51.0,0.0,1999.8,0.0,285.0,0.0,2284.7999999999997
2020-12-11 07:46:00,0.0,33.33,0.0,4.98,0.0,38.31,52.0,0.0,1999.8,0.0,298.8,0.0,2298.6000000000004
2020-12-11 07:47:00,0.0,33.33,0.0,8.85,0.0,42.18,52.0,0.0,1999.8,0.0,531.0,0.0,2530.8
2020-12-11 07:48:00,0.0,33.35,0.0,8.22,0.0,41.57,52.0,0.0,2001.0,0.0,493.20000000000005,0.0,2494.2000000000003
2020-12-11 07:49:00,0.0,33.35,0.0,5.03,0.0,38.38,53.0,0.0,2001.0,0.0,301.8,0.0,2302.8
2020-12-11 07:50:00,0.0,33.35,0.0,5.02,0.0,38.37,53.0,0.0,2001.0,0.0,301.2,0.0,2302.2
2020-12-11 07:51:00,0.0,33.33,0.0,4.97,0.0,38.3,53.0,0.0,1999.8,0.0,298.2,0.0,2298.0
2020-12-11 07:52:00,0.0,33.32,0.0,5.07,0.0,38.39,54.0,0.0,1999.2,0.0,304.20000000000005,0.0,2303.4
2020-12-11 07:53:00,0.0,33.33,0.0,5.05,0.0,38.38,54.0,0.0,1999.8,0.0,303.0,0.0,2302.8
2020-12-11 07:54:00,0.0,33.33,0.0,5.08,0.0,38.41,54.0,0.0,1999.8,0.0,304.8,0.0,2304.6
2020-12-11 07:55:00,0.0,33.37,0.0,5.1,0.0,38.47,54.0,0.0,2002.1999999999998,0.0,306.0,0.0,2308.2
2020-12-11 07:56:00,0.0,33.33,0.0,5.03,0.0,38.36,55.0,0.0,1999.8,0.0,301.8,0.0,2301.6
2020-12-11 07:57:00,0.0,33.32,0.0,5.12,0.0,38.44,55.0,0.0,1999.2,0.0,307.2,0.0,2306.4
2020-12-11 07:58:00,0.0,33.33,0.0,8.35,0.0,41.68,55.0,0.0,1999.8,0.0,501.0,0.0,2500.8
2020-12-11 07:59:00,0.0,33.33,0.03,8.02,0.0,41.32,56.0,0.0,1999.8,1.8,481.2,0.0,2479.2000000000003
2020-12-11 08:00:00,0.0,33.33,0.0,4.95,0.0,38.28,56.0,0.0,1999.8,0.0,297.0,0.0,2296.8
2020-12-11 08:01:00,0.0,33.35,0.0,5.07,0.0,38.42,56.0,0.0,2001.0,0.0,304.20000000000005,0.0,2305.2000000000003
2020-12-11 08:02:00,0.0,33.33,0.0,4.92,0.0,38.25,57.0,0.0,1999.8,0.0,295.2,0.0,2295.0
2020-12-11 08:03:00,0.0,33.33,0.0,4.97,0.0,38.3,57.0,0.0,1999.8,0.0,298.2,0.0,2298.0
2020-12-11 08:04:00,0.0,16.35,0.0,5.55,0.0,21.9,58.0,0.0,981.0000000000001,0.0,333.0,0.0,1314.0
2020-12-11 08:05:00,5.0,0.0,0.0,5.45,0.0,0.45,58.0,300.0,0.0,0.0,327.0,0.0,27.0
2020-12-11 08:06:00,4.93,0.0,0.0,5.3,0.0,0.37,58.0,295.8,0.0,0.0,318.0,0.0,22.2
2020-12-11 08:07:00,4.93,0.0,0.0,5.47,0.0,0.54,58.0,295.8,0.0,0.0,328.2,0.0,32.400000000000006
2020-12-11 08:08:00,4.85,0.0,0.0,5.35,0.0,0.5,58.0,291.0,0.0,0.0,321.0,0.0,30.0
2020-12-11 08:09:00,5.68,0.0,0.03,6.75,0.0,1.04,58.0,340.8,0.0,1.8,405.0,0.0,62.400000000000006
2020-12-11 08:10:00,11.35,0.0,0.0,11.07,0.0,0.0,58.0,681.0,0.0,0.0,664.2,0.0,0.0
2020-12-11 08:11:00,5.48,0.0,0.0,5.95,0.0,0.47,58.0,328.8,0.0,0.0,357.0,0.0,28.2
2020-12-11 08:12:00,4.9,0.0,0.0,5.4,0.0,0.5,57.0,294.0,0.0,0.0,324.0,0.0,30.0
2020-12-11 08:13:00,5.05,0.0,0.0,5.5,0.0,0.45,57.0,303.0,0.0,0.0,330.0,0.0,27.0
2020-12-11 08:14:00,4.88,0.0,0.0,5.48,0.0,0.6,57.0,292.8,0.0,0.0,328.8,0.0,36.0
2020-12-11 08:15:00,3.77,0.0,0.0,4.1,0.0,0.33,57.0,226.20000000000002,0.0,0.0,245.99999999999997,0.0,19.8
2020-12-11 08:16:00,3.57,0.0,0.0,4.05,0.0,0.48,57.0,214.2,0.0,0.0,243.0,0.0,28.8
2020-12-11 08:17:00,3.85,0.0,0.0,4.12,0.0,0.27,57.0,231.0,0.0,0.0,247.20000000000002,0.0,16.200000000000003
2020-12-11 08:18:00,3.63,0.0,0.0,4.17,0.0,0.54,57.0,217.79999999999998,0.0,0.0,250.2,0.0,32.400000000000006
2020-12-11 08:19:00,3.95,0.0,0.15,4.42,0.0,0.32,57.0,237.0,0.0,9.0,265.2,0.0,19.2
2020-12-11 08:20:00,4.73,0.0,0.17,5.68,0.0,0.78,57.0,283.8,0.0,10.200000000000001,340.8,0.0,46.800000000000004
2020-12-11 08:21:00,9.13,0.0,0.2,9.72,0.0,0.39,57.0,547.8000000000001,0.0,12.0,583.2,0.0,23.400000000000002
2020-12-11 08:22:00,3.53,0.0,0.17,4.22,0.0,0.52,57.0,211.79999999999998,0.0,10.200000000000001,253.2,0.0,31.200000000000003
2020-12-11 08:23:00,3.7,0.0,0.17,4.3,0.0,0.43,57.0,222.0,0.0,10.200000000000001,258.0,0.0,25.8
2020-12-11 08:24:00,11.77,0.0,0.18,19.7,0.0,7.75,57.0,706.1999999999999,0.0,10.799999999999999,1182.0,0.0,465.0
2020-12-11 08:25:00,39.48,0.0,0.4,40.17,0.0,0.29,56.0,2368.7999999999997,0.0,24.0,2410.2000000000003,0.0,17.4
2020-12-11 08:26:00,39.17,0.0,0.43,39.87,0.0,0.27,56.0,2350.2000000000003,0.0,25.8,2392.2,0.0,16.200000000000003
2020-12-11 08:27:00,39.08,0.0,0.42,39.9,0.0,0.4,55.0,2344.7999999999997,0.0,25.2,2394.0,0.0,24.0
2020-12-11 08:28:00,47.82,0.0,0.45,65.85,0.0,17.58,55.0,2869.2000000000003,0.0,27.0,3950.9999999999995,0.0,1054.8
2020-12-11 08:29:00,51.5,0.0,0.42,70.25,0.0,18.33,54.0,3090.0,0.0,25.2,4215.0,0.0,1099.8
2020-12-11 08:30:00,39.05,0.0,0.32,39.92,0.0,0.55,54.0,2343.0,0.0,19.2,2395.2000000000003,0.0,33.0
2020-12-11 08:31:00,42.6,0.0,0.38,44.27,0.0,1.29,53.0,2556.0,0.0,22.8,2656.2000000000003,0.0,77.4
2020-12-11 08:32:00,42.22,0.0,0.43,42.45,0.2,0.0,53.0,2533.2,0.0,25.8,2547.0,12.0,0.0
2020-12-11 08:33:00,39.1,0.0,0.42,40.02,0.0,0.5,53.0,2346.0,0.0,25.2,2401.2000000000003,0.0,30.0
2020-12-11 08:34:00,43.33,0.0,0.42,46.58,0.0,2.83,52.0,2599.7999999999997,0.0,25.2,2794.7999999999997,0.0,169.8
2020-12-11 08:35:00,40.25,0.0,0.33,41.3,0.0,0.72,52.0,2415.0,0.0,19.8,2478.0,0.0,43.199999999999996
2020-12-11 08:36:00,39.5,0.0,0.33,40.38,0.0,0.55,51.0,2370.0,0.0,19.8,2422.8,0.0,33.0
2020-12-11 08:37:00,39.32,0.0,0.43,40.2,0.0,0.45,51.0,2359.2000000000003,0.0,25.8,2412.0,0.0,27.0
2020-12-11 08:38:00,39.22,0.0,0.45,40.02,0.0,0.35,49.0,2353.2,0.0,27.0,2401.2000000000003,0.0,21.0
2020-12-11 08:39:00,42.25,0.0,0.3,49.48,0.0,6.93,49.0,2535.0,0.0,18.0,2968.7999999999997,0.0,415.8
2020-12-11 08:40:00,43.67,0.0,0.25,46.97,0.0,3.05,48.0,2620.2000000000003,0.0,15.0,2818.2,0.0,183.0
2020-12-11 08:41:00,39.55,0.0,0.25,40.22,0.0,0.42,48.0,2373.0,0.0,15.0,2413.2,0.0,25.2
2020-12-11 08:42:00,44.02,0.0,0.28,45.43,0.0,1.13,47.0,2641.2000000000003,0.0,16.8,2725.8,0.0,67.8
2020-12-11 08:43:00,41.3,0.0,0.3,41.82,0.0,0.22,47.0,2478.0,0.0,18.0,2509.2000000000003,0.0,13.200000000000001
2020-12-11 08:44:00,39.3,0.0,0.3,40.05,0.0,0.45,47.0,2358.0,0.0,18.0,2403.0,0.0,27.0
2020-12-11 08:45:00,39.52,0.0,0.28,39.85,0.0,0.05,46.0,2371.2000000000003,0.0,16.8,2391.0,0.0,3.0
2020-12-11 08:46:00,39.15,0.0,0.42,40.7,0.0,1.13,46.0,2349.0,0.0,25.2,2442.0,0.0,67.8
2020-12-11 08:47:00,40.95,0.0,0.57,41.47,0.05,0.0,45.0,2457.0,0.0,34.199999999999996,2488.2,3.0,0.0
2020-12-11 08:48:00,38.7,0.0,0.55,39.55,0.0,0.3,45.0,2322.0,0.0,33.0,2373.0,0.0,18.0
2020-12-11 08:49:00,38.22,0.0,0.6,39.33,0.0,0.51,44.0,2293.2,0.0,36.0,2359.7999999999997,0.0,30.6
2020-12-11 08:50:00,38.3,0.0,0.75,39.48,0.0,0.43,44.0,2298.0,0.0,45.0,2368.7999999999997,0.0,25.8
2020-12-11 08:51:00,40.6,0.0,0.68,42.28,0.0,1.0,44.0,2436.0,0.0,40.800000000000004,2536.8,0.0,60.0
2020-12-11 08:52:00,43.7,0.0,0.73,44.15,0.28,0.0,43.0,2622.0,0.0,43.8,2649.0,16.8,0.0
2020-12-11 08:53:00,38.75,0.0,0.63,39.75,0.0,0.37,43.0,2325.0,0.0,37.800000000000004,2385.0,0.0,22.2
2020-12-11 08:54:00,38.48,0.0,0.75,39.6,0.0,0.37,42.0,2308.7999999999997,0.0,45.0,2376.0,0.0,22.2
2020-12-11 08:55:00,38.43,0.0,0.77,39.7,0.0,0.5,42.0,2305.8,0.0,46.2,2382.0,0.0,30.0
2020-12-11 08:56:00,38.82,0.0,0.73,39.77,0.0,0.22,41.0,2329.2000000000003,0.0,43.8,2386.2000000000003,0.0,13.200000000000001
2020-12-11 08:57:00,38.52,0.0,0.65,39.57,0.0,0.4,41.0,2311.2000000000003,0.0,39.0,2374.2000000000003,0.0,24.0
2020-12-11 08:58:00,38.53,0.0,0.73,39.75,0.0,0.49,41.0,2311.8,0.0,43.8,2385.0,0.0,29.4
2020-12-11 08:59:00,37.92,0.0,0.87,39.17,0.0,0.38,40.0,2275.2000000000003,0.0,52.2,2350.2000000000003,0.0,22.8
2020-12-11 09:00:00,37.58,0.0,0.9,38.83,0.0,0.35,40.0,2254.7999999999997,0.0,54.0,2329.7999999999997,0.0,21.0
2020-12-11 09:01:00,37.52,0.0,0.75,38.63,0.0,0.36,39.0,2251.2000000000003,0.0,45.0,2317.8,0.0,21.599999999999998
2020-12-11 09:02:00,38.97,0.0,0.75,41.18,0.0,1.46,39.0,2338.2,0.0,45.0,2470.8,0.0,87.6
2020-12-11 09:03:00,41.68,0.0,0.72,42.6,0.0,0.2,38.0,2500.8,0.0,43.199999999999996,2556.0,0.0,12.0
2020-12-11 09:04:00,37.83,0.0,0.83,39.12,0.0,0.46,38.0,2269.7999999999997,0.0,49.8,2347.2,0.0,27.6
2020-12-11 09:05:00,38.1,0.0,0.77,39.18,0.0,0.31,38.0,2286.0,0.0,46.2,2350.8,0.0,18.6
2020-12-11 09:06:00,26.7,0.0,0.65,30.02,0.0,2.67,37.0,1602.0,0.0,39.0,1801.2,0.0,160.2
2020-12-11 09:07:00,40.93,0.0,0.8,41.35,0.38,0.0,37.0,2455.8,0.0,48.0,2481.0,22.8,0.0
2020-12-11 09:08:00,38.95,0.0,1.05,40.35,0.0,0.35,35.0,2337.0,0.0,63.0,2421.0,0.0,21.0
2020-12-11 09:09:00,38.4,0.0,1.18,40.07,0.0,0.49,35.0,2304.0,0.0,70.8,2404.2000000000003,0.0,29.4
2020-12-11 09:10:00,38.18,0.0,1.27,40.15,0.0,0.7,35.0,2290.8,0.0,76.2,2409.0,0.0,42.0
2020-12-11 09:11:00,38.7,0.0,1.28,40.05,0.0,0.07,34.0,2322.0,0.0,76.8,2403.0,0.0,4.2
2020-12-11 09:12:00,37.75,0.0,1.28,39.72,0.0,0.69,34.0,2265.0,0.0,76.8,2383.2,0.0,41.4
2020-12-11 09:13:00,40.07,0.0,1.6,43.25,0.0,1.58,33.0,2404.2000000000003,0.0,96.0,2595.0,0.0,94.80000000000001
2020-12-11 09:14:00,45.47,0.0,1.63,46.23,0.87,0.0,33.0,2728.2,0.0,97.8,2773.7999999999997,52.2,0.0
2020-12-11 09:15:00,39.82,0.0,1.57,41.83,0.0,0.44,32.0,2389.2000000000003,0.0,94.2,2509.7999999999997,0.0,26.400000000000002
2020-12-11 09:16:00,39.82,0.0,1.57,41.63,0.0,0.24,32.0,2389.2000000000003,0.0,94.2,2497.8,0.0,14.4
2020-12-11 09:17:00,38.17,0.0,1.57,41.67,0.0,1.93,32.0,2290.2000000000003,0.0,94.2,2500.2000000000003,0.0,115.8
2020-12-11 09:18:00,35.12,0.0,1.52,36.63,0.01,0.0,31.0,2107.2,0.0,91.2,2197.8,0.6,0.0
2020-12-11 09:19:00,18.82,0.0,1.37,28.17,0.0,7.98,31.0,1129.2,0.0,82.2,1690.2,0.0,478.8
2020-12-11 09:20:00,51.77,0.0,1.55,77.57,0.0,24.25,30.0,3106.2000000000003,0.0,93.0,4654.2,0.0,1455.0
2020-12-11 09:21:00,51.82,0.0,1.35,75.82,0.0,22.65,30.0,3109.2000000000003,0.0,81.0,4549.2,0.0,1359.0
2020-12-11 09:22:00,51.82,0.0,1.27,73.5,0.0,20.41,29.0,3109.2000000000003,0.0,76.2,4410.0,0.0,1224.6000000000001
2020-12-11 09:23:00,51.78,0.0,1.38,79.55,0.0,26.39,29.0,3106.8,0.0,82.8,4773.0,0.0,1583.4
2020-12-11 09:24:00,51.8,0.0,1.35,74.65,0.0,21.5,28.0,3108.0,0.0,81.0,4479.0,0.0,1290.0
2020-12-11 09:25:00,51.8,0.0,1.35,73.97,0.0,20.82,28.0,3108.0,0.0,81.0,4438.2,0.0,1249.2
2020-12-11 09:26:00,51.78,0.0,1.42,74.35,0.0,21.15,27.0,3106.8,0.0,85.2,4461.0,0.0,1269.0
2020-12-11 09:27:00,48.42,0.0,1.3,59.17,0.0,9.45,26.0,2905.2000000000003,0.0,78.0,3550.2000000000003,0.0,567.0
2020-12-11 09:28:00,42.9,0.0,1.3,53.42,0.0,9.22,26.0,2574.0,0.0,78.0,3205.2000000000003,0.0,553.2
2020-12-11 09:29:00,51.53,0.0,1.3,68.72,0.0,15.89,25.0,3091.8,0.0,78.0,4123.2,0.0,953.4000000000001
2020-12-11 09:30:00,40.45,0.0,1.3,41.35,0.4,0.0,25.0,2427.0,0.0,78.0,2481.0,24.0,0.0
2020-12-11 09:31:00,40.53,0.0,1.18,43.6,0.0,1.89,24.0,2431.8,0.0,70.8,2616.0,0.0,113.39999999999999
2020-12-11 09:32:00,27.37,0.0,1.07,27.23,1.21,0.0,24.0,1642.2,0.0,64.2,1633.8,72.6,0.0
2020-12-11 09:33:00,8.83,0.0,0.95,10.9,0.0,1.12,24.0,529.8000000000001,0.0,57.0,654.0,0.0,67.2
2020-12-11 09:34:00,6.03,0.0,1.08,7.28,0.0,0.17,24.0,361.8,0.0,64.80000000000001,436.8,0.0,10.200000000000001
2020-12-11 09:35:00,4.07,0.0,1.13,5.55,0.0,0.35,24.0,244.20000000000002,0.0,67.8,333.0,0.0,21.0
2020-12-11 09:36:00,30.08,0.0,1.17,33.77,0.0,2.52,24.0,1804.8,0.0,70.2,2026.2000000000003,0.0,151.20000000000002
2020-12-11 09:37:00,5.62,0.0,0.95,5.65,0.92,0.0,24.0,337.2,0.0,57.0,339.0,55.2,0.0
2020-12-11 09:38:00,4.03,0.0,0.93,5.5,0.0,0.54,23.0,241.8,0.0,55.800000000000004,330.0,0.0,32.400000000000006
2020-12-11 09:39:00,3.93,0.0,0.95,5.58,0.0,0.7,23.0,235.8,0.0,57.0,334.8,0.0,42.0
2020-12-11 09:40:00,4.25,0.0,0.97,5.68,0.0,0.46,23.0,255.0,0.0,58.199999999999996,340.8,0.0,27.6
2020-12-11 09:41:00,31.27,0.0,1.03,39.77,0.0,7.47,23.0,1876.2,0.0,61.800000000000004,2386.2000000000003,0.0,448.2
2020-12-11 09:42:00,43.98,0.0,1.1,54.08,0.0,9.0,23.0,2638.7999999999997,0.0,66.0,3244.7999999999997,0.0,540.0
2020-12-11 09:43:00,47.5,0.0,1.15,60.53,0.0,11.88,22.0,2850.0,0.0,69.0,3631.8,0.0,712.8000000000001
2020-12-11 09:44:00,44.87,0.0,1.17,46.85,0.0,0.81,22.0,2692.2,0.0,70.2,2811.0,0.0,48.6
2020-12-11 09:45:00,48.93,0.0,1.2,49.72,0.41,0.0,20.0,2935.8,0.0,72.0,2983.2,24.599999999999998,0.0
2020-12-11 09:46:00,43.15,0.0,1.25,44.5,0.0,0.1,20.0,2589.0,0.0,75.0,2670.0,0.0,6.0
2020-12-11 09:47:00,42.92,0.0,1.25,44.43,0.0,0.26,19.0,2575.2000000000003,0.0,75.0,2665.8,0.0,15.600000000000001
2020-12-11 09:48:00,43.27,0.0,1.38,45.1,0.0,0.45,19.0,2596.2000000000003,0.0,82.8,2706.0,0.0,27.0
2020-12-11 09:49:00,45.25,0.0,1.43,47.47,0.0,0.79,18.0,2715.0,0.0,85.8,2848.2,0.0,47.400000000000006
2020-12-11 09:50:00,15.37,0.0,1.3,14.15,2.52,0.0,18.0,922.1999999999999,0.0,78.0,849.0,151.20000000000002,0.0
2020-12-11 09:51:00,7.43,0.0,1.23,8.88,0.0,0.22,18.0,445.8,0.0,73.8,532.8000000000001,0.0,13.200000000000001
2020-12-11 09:52:00,22.22,0.0,1.43,28.22,0.0,4.57,18.0,1333.2,0.0,85.8,1693.2,0.0,274.20000000000005
2020-12-11 09:53:00,30.37,0.0,1.2,34.07,0.0,2.5,17.0,1822.2,0.0,72.0,2044.2,0.0,150.0
2020-12-11 09:54:00,26.6,0.0,1.62,29.65,0.0,1.43,17.0,1596.0,0.0,97.2,1779.0,0.0,85.8
2020-12-11 09:55:00,29.28,0.0,1.67,33.75,0.0,2.8,17.0,1756.8000000000002,0.0,100.2,2025.0,0.0,168.0
2020-12-11 09:56:00,7.48,0.0,1.57,9.32,0.0,0.27,17.0,448.8,0.0,94.2,559.2,0.0,16.200000000000003
2020-12-11 09:57:00,19.48,0.0,1.57,25.27,0.0,4.22,16.0,1168.8,0.0,94.2,1516.2,0.0,253.2
2020-12-11 09:58:00,12.88,0.0,1.62,10.78,3.72,0.0,16.0,772.8000000000001,0.0,97.2,646.8,223.20000000000002,0.0
2020-12-11 09:59:00,12.45,0.0,1.2,32.73,0.0,19.08,16.0,747.0,0.0,72.0,1963.7999999999997,0.0,1144.8
2020-12-11 10:00:00,23.37,0.0,1.35,28.3,0.0,3.58,16.0,1402.2,0.0,81.0,1698.0,0.0,214.8
2020-12-11 10:01:00,28.23,0.0,1.47,24.78,4.92,0.0,15.0,1693.8,0.0,88.2,1486.8000000000002,295.2,0.0
2020-12-11 10:02:00,12.93,0.0,1.62,17.6,0.0,3.05,15.0,775.8,0.0,97.2,1056.0,0.0,183.0
2020-12-11 10:03:00,19.25,0.0,1.75,21.33,0.0,0.33,15.0,1155.0,0.0,105.0,1279.8,0.0,19.8
2020-12-11 10:04:00,13.43,0.0,1.65,28.32,0.0,13.24,15.0,805.8,0.0,99.0,1699.2,0.0,794.4
2020-12-11 10:05:00,20.97,0.0,1.75,26.18,0.0,3.46,15.0,1258.2,0.0,105.0,1570.8,0.0,207.6
2020-12-11 10:06:00,24.88,0.0,1.75,23.88,2.75,0.0,14.0,1492.8,0.0,105.0,1432.8,165.0,0.0
2020-12-11 10:07:00,25.13,0.0,1.7,26.12,0.71,0.0,14.0,1507.8,0.0,102.0,1567.2,42.6,0.0
2020-12-11 10:08:00,26.88,0.0,1.55,30.2,0.0,1.77,14.0,1612.8,0.0,93.0,1812.0,0.0,106.2
2020-12-11 10:09:00,3.45,0.0,1.43,5.07,0.0,0.19,14.0,207.0,0.0,85.8,304.20000000000005,0.0,11.4
2020-12-11 10:10:00,18.83,0.0,1.55,27.55,0.0,7.17,14.0,1129.8,0.0,93.0,1653.0,0.0,430.2
2020-12-11 10:11:00,18.77,0.0,1.55,27.23,0.0,6.91,13.0,1126.2,0.0,93.0,1633.8,0.0,414.6
2020-12-11 10:12:00,37.03,0.0,1.82,43.47,0.0,4.62,13.0,2221.8,0.0,109.2,2608.2,0.0,277.2
2020-12-11 10:13:00,51.6,0.0,1.8,79.25,0.0,25.85,12.0,3096.0,0.0,108.0,4755.0,0.0,1551.0
2020-12-11 10:14:00,50.48,0.0,1.73,74.28,0.0,22.07,12.0,3028.7999999999997,0.0,103.8,4456.8,0.0,1324.2
2020-12-11 10:15:00,51.78,0.0,1.72,81.32,0.0,27.82,11.0,3106.8,0.0,103.2,4879.2,0.0,1669.2
2020-12-11 10:16:00,49.23,0.0,1.8,64.72,0.0,13.69,11.0,2953.7999999999997,0.0,108.0,3883.2,0.0,821.4
2020-12-11 10:17:00,13.78,0.0,1.28,88.83,0.0,73.77,10.0,826.8,0.0,76.8,5329.8,0.0,4426.2
2020-12-11 10:18:00,0.0,0.0,0.95,91.47,0.0,90.52,10.0,0.0,0.0,57.0,5488.2,0.0,5431.2
2020-12-11 10:19:00,0.0,0.0,0.77,68.82,0.0,68.05,10.0,0.0,0.0,46.2,4129.2,0.0,4083.0
2020-12-11 10:20:00,0.0,0.03,0.7,72.2,0.0,71.53,10.0,0.0,1.8,42.0,4332.0,0.0,4291.8
2020-12-11 10:21:00,0.0,0.03,0.62,90.07,0.0,89.48,10.0,0.0,1.8,37.2,5404.2,0.0,5368.8
2020-12-11 10:22:00,0.0,0.0,0.5,84.87,0.0,84.37,10.0,0.0,0.0,30.0,5092.200000000001,0.0,5062.200000000001
2020-12-11 10:23:00,0.0,0.03,0.43,68.88,0.0,68.48,10.0,0.0,1.8,25.8,4132.8,0.0,4108.8
2020-12-11 10:24:00,0.0,0.0,0.4,70.68,0.0,70.28,10.0,0.0,0.0,24.0,4240.8,0.0,4216.8
2020-12-11 10:25:00,0.0,0.03,0.45,86.02,0.0,85.6,10.0,0.0,1.8,27.0,5161.2,0.0,5136.0
2020-12-11 10:26:00,0.0,0.0,0.65,103.55,0.0,102.9,10.0,0.0,0.0,39.0,6213.0,0.0,6174.0
2020-12-11 10:27:00,0.0,0.0,0.63,113.17,0.0,112.54,10.0,0.0,0.0,37.800000000000004,6790.2,0.0,6752.400000000001
2020-12-11 10:28:00,0.0,0.03,0.6,91.95,0.0,91.38,10.0,0.0,1.8,36.0,5517.0,0.0,5482.8
2020-12-11 10:29:00,0.0,0.0,0.65,91.88,0.0,91.23,10.0,0.0,0.0,39.0,5512.8,0.0,5473.8
2020-12-11 10:30:00,0.0,0.0,0.77,98.85,0.0,98.08,10.0,0.0,0.0,46.2,5931.0,0.0,5884.8
2020-12-11 10:31:00,0.0,0.0,0.75,96.12,0.0,95.37,10.0,0.0,0.0,45.0,5767.200000000001,0.0,5722.200000000001
2020-12-11 10:32:00,0.0,0.0,0.77,79.08,0.0,78.31,10.0,0.0,0.0,46.2,4744.8,0.0,4698.6
2020-12-11 10:33:00,0.0,0.0,0.57,102.33,0.0,101.76,10.0,0.0,0.0,34.199999999999996,6139.8,0.0,6105.6
2020-12-11 10:34:00,0.0,0.0,0.57,86.42,0.0,85.85,10.0,0.0,0.0,34.199999999999996,5185.2,0.0,5151.0
2020-12-11 10:35:00,0.0,0.03,0.58,65.28,0.0,64.73,10.0,0.0,1.8,34.8,3916.8,0.0,3883.8
2020-12-11 10:36:00,0.0,0.03,0.53,65.55,0.0,65.05,10.0,0.0,1.8,31.8,3933.0,0.0,3903.0
2020-12-11 10:37:00,0.0,0.0,0.53,53.18,0.0,52.65,10.0,0.0,0.0,31.8,3190.8,0.0,3159.0
2020-12-11 10:38:00,0.0,0.0,0.32,60.02,0.0,59.7,10.0,0.0,0.0,19.2,3601.2000000000003,0.0,3582.0
2020-12-11 10:39:00,0.0,0.0,0.23,88.28,0.0,88.05,10.0,0.0,0.0,13.8,5296.8,0.0,5283.0
2020-12-11 10:40:00,0.0,0.0,0.28,87.03,0.0,86.75,10.0,0.0,0.0,16.8,5221.8,0.0,5205.0
2020-12-11 10:41:00,0.0,0.03,0.38,74.6,0.0,74.25,10.0,0.0,1.8,22.8,4476.0,0.0,4455.0
2020-12-11 10:42:00,0.0,0.0,0.28,52.87,0.0,52.59,10.0,0.0,0.0,16.8,3172.2,0.0,3155.4
2020-12-11 10:43:00,0.0,0.0,0.28,48.08,0.0,47.8,10.0,0.0,0.0,16.8,2884.7999999999997,0.0,2868.0
2020-12-11 10:44:00,0.0,0.03,0.37,55.62,0.0,55.28,10.0,0.0,1.8,22.2,3337.2,0.0,3316.8
2020-12-11 10:45:00,0.0,0.0,0.27,36.7,0.0,36.43,10.0,0.0,0.0,16.200000000000003,2202.0,0.0,2185.8
2020-12-11 10:46:00,0.0,0.0,0.18,34.5,0.0,34.32,10.0,0.0,0.0,10.799999999999999,2070.0,0.0,2059.2000000000003
2020-12-11 10:47:00,0.0,0.0,0.4,30.28,0.0,29.88,10.0,0.0,0.0,24.0,1816.8000000000002,0.0,1792.8
2020-12-11 10:48:00,0.0,0.0,0.37,34.55,0.0,34.18,10.0,0.0,0.0,22.2,2073.0,0.0,2050.8
2020-12-11 10:49:00,0.0,0.0,0.52,34.2,0.0,33.68,10.0,0.0,0.0,31.200000000000003,2052.0,0.0,2020.8
2020-12-11 10:50:00,0.0,0.0,0.5,34.3,0.0,33.8,10.0,0.0,0.0,30.0,2058.0,0.0,2027.9999999999998
2020-12-11 10:51:00,0.0,0.03,0.43,36.65,0.0,36.25,10.0,0.0,1.8,25.8,2199.0,0.0,2175.0
2020-12-11 10:52:00,0.0,0.0,0.55,39.12,0.0,38.57,10.0,0.0,0.0,33.0,2347.2,0.0,2314.2000000000003
2020-12-11 10:53:00,0.0,0.0,0.42,15.2,0.0,14.78,10.0,0.0,0.0,25.2,912.0,0.0,886.8
2020-12-11 10:54:00,0.0,0.03,0.47,4.9,0.0,4.46,10.0,0.0,1.8,28.2,294.0,0.0,267.6
2020-12-11 10:55:00,0.0,0.0,0.8,5.33,0.0,4.53,10.0,0.0,0.0,48.0,319.8,0.0,271.8
2020-12-11 10:56:00,0.0,0.0,0.97,4.67,0.0,3.7,10.0,0.0,0.0,58.199999999999996,280.2,0.0,222.0
2020-12-11 10:57:00,0.0,0.03,1.17,5.43,0.0,4.29,10.0,0.0,1.8,70.2,325.8,0.0,257.40000000000003
2020-12-11 10:58:00,0.0,0.0,1.28,5.15,0.0,3.87,10.0,0.0,0.0,76.8,309.0,0.0,232.20000000000002
2020-12-11 10:59:00,0.0,0.0,1.08,4.9,0.0,3.82,10.0,0.0,0.0,64.80000000000001,294.0,0.0,229.2
2020-12-11 11:00:00,0.0,0.0,0.78,4.83,0.0,4.05,10.0,0.0,0.0,46.800000000000004,289.8,0.0,243.0
2020-12-11 11:01:00,0.0,0.0,0.98,7.48,0.0,6.5,10.0,0.0,0.0,58.8,448.8,0.0,390.0
2020-12-11 11:02:00,0.0,0.0,1.18,36.68,0.0,35.5,10.0,0.0,0.0,70.8,2200.8,0.0,2130.0
2020-12-11 11:03:00,0.0,0.0,0.82,39.3,0.0,38.48,10.0,0.0,0.0,49.199999999999996,2358.0,0.0,2308.7999999999997
2020-12-11 11:04:00,0.0,0.0,0.77,34.98,0.0,34.21,10.0,0.0,0.0,46.2,2098.7999999999997,0.0,2052.6
2020-12-11 11:05:00,0.0,0.0,0.83,35.02,0.0,34.19,10.0,0.0,0.0,49.8,2101.2000000000003,0.0,2051.4
2020-12-11 11:06:00,0.0,0.03,1.02,35.1,0.0,34.11,10.0,0.0,1.8,61.2,2106.0,0.0,2046.6
2020-12-11 11:07:00,0.0,0.0,0.98,25.33,0.0,24.35,10.0,0.0,0.0,58.8,1519.8,0.0,1461.0
2020-12-11 11:08:00,0.0,0.0,1.17,4.9,0.0,3.73,10.0,0.0,0.0,70.2,294.0,0.0,223.8
2020-12-11 11:09:00,0.0,0.0,1.4,5.23,0.0,3.83,10.0,0.0,0.0,84.0,313.8,0.0,229.8
2020-12-11 11:10:00,0.0,0.0,1.0,5.25,0.0,4.25,10.0,0.0,0.0,60.0,315.0,0.0,255.0
2020-12-11 11:11:00,0.0,0.05,0.82,6.02,0.0,5.25,10.0,0.0,3.0,49.199999999999996,361.2,0.0,315.0
2020-12-11 11:12:00,0.0,0.0,1.22,19.6,0.0,18.38,10.0,0.0,0.0,73.2,1176.0,0.0,1102.8
2020-12-11 11:13:00,0.0,0.0,1.3,50.33,0.0,49.03,10.0,0.0,0.0,78.0,3019.7999999999997,0.0,2941.8
2020-12-11 11:14:00,0.0,0.03,1.1,71.72,0.0,70.65,10.0,0.0,1.8,66.0,4303.2,0.0,4239.0
2020-12-11 11:15:00,0.0,0.0,0.92,69.08,0.0,68.16,10.0,0.0,0.0,55.2,4144.8,0.0,4089.6
2020-12-11 11:16:00,0.0,0.0,0.62,69.1,0.0,68.48,10.0,0.0,0.0,37.2,4146.0,0.0,4108.8
2020-12-11 11:17:00,0.0,0.0,0.67,69.05,0.0,68.38,10.0,0.0,0.0,40.2,4143.0,0.0,4102.8
2020-12-11 11:18:00,0.0,0.0,0.78,68.9,0.0,68.12,10.0,0.0,0.0,46.800000000000004,4134.0,0.0,4087.2000000000003
2020-12-11 11:19:00,0.0,0.0,0.92,68.67,0.0,67.75,10.0,0.0,0.0,55.2,4120.2,0.0,4065.0
2020-12-11 11:20:00,0.0,0.03,0.95,69.05,0.0,68.13,10.0,0.0,1.8,57.0,4143.0,0.0,4087.7999999999997
2020-12-11 11:21:00,0.0,0.0,1.02,68.88,0.0,67.86,10.0,0.0,0.0,61.2,4132.8,0.0,4071.6
2020-12-11 11:22:00,0.0,0.0,1.1,70.43,0.0,69.33,10.0,0.0,0.0,66.0,4225.8,0.0,4159.8
2020-12-11 11:23:00,0.0,0.0,1.1,73.53,0.0,72.43,10.0,0.0,0.0,66.0,4411.8,0.0,4345.8
2020-12-11 11:24:00,0.0,0.0,1.18,69.35,0.0,68.17,10.0,0.0,0.0,70.8,4161.0,0.0,4090.2000000000003
2020-12-11 11:25:00,0.03,0.0,1.13,68.68,0.0,67.52,10.0,1.8,0.0,67.8,4120.8,0.0,4051.2
2020-12-11 11:26:00,0.0,0.0,0.93,68.57,0.0,67.64,10.0,0.0,0.0,55.800000000000004,4114.2,0.0,4058.4
2020-12-11 11:27:00,0.0,0.0,0.87,69.13,0.0,68.26,10.0,0.0,0.0,52.2,4147.8,0.0,4095.6000000000004
2020-12-11 11:28:00,0.0,0.0,1.1,69.13,0.0,68.03,10.0,0.0,0.0,66.0,4147.8,0.0,4081.8
2020-12-11 11:29:00,0.0,0.0,1.07,69.57,0.0,68.5,10.0,0.0,0.0,64.2,4174.2,0.0,4110.0
2020-12-11 11:30:00,0.0,0.0,1.02,70.33,0.0,69.31,10.0,0.0,0.0,61.2,4219.8,0.0,4158.6
2020-12-11 11:31:00,0.0,0.03,0.93,71.42,0.0,70.52,10.0,0.0,1.8,55.800000000000004,4285.2,0.0,4231.2
2020-12-11 11:32:00,0.0,0.0,0.92,68.53,0.0,67.61,10.0,0.0,0.0,55.2,4111.8,0.0,4056.6
2020-12-11 11:33:00,0.0,0.0,0.72,9.63,0.0,8.91,10.0,0.0,0.0,43.199999999999996,577.8000000000001,0.0,534.6
2020-12-11 11:34:00,0.0,0.0,0.7,8.5,0.0,7.8,10.0,0.0,0.0,42.0,510.0,0.0,468.0
2020-12-11 11:35:00,0.0,0.05,0.6,13.58,0.0,13.03,10.0,0.0,3.0,36.0,814.8000000000001,0.0,781.8
2020-12-11 11:36:00,0.0,0.0,0.57,8.78,0.0,8.21,10.0,0.0,0.0,34.199999999999996,526.8,0.0,492.6000000000001
2020-12-11 11:37:00,0.0,0.0,0.47,7.78,0.0,7.31,10.0,0.0,0.0,28.2,466.8,0.0,438.59999999999997
2020-12-11 11:38:00,0.0,0.0,0.33,25.63,0.0,25.3,10.0,0.0,0.0,19.8,1537.8,0.0,1518.0
2020-12-11 11:39:00,0.0,0.0,0.32,38.52,0.0,38.2,10.0,0.0,0.0,19.2,2311.2000000000003,0.0,2292.0
2020-12-11 11:40:00,0.0,0.0,0.28,37.77,0.0,37.49,10.0,0.0,0.0,16.8,2266.2000000000003,0.0,2249.4
2020-12-11 11:41:00,0.0,0.0,0.28,37.97,0.0,37.69,10.0,0.0,0.0,16.8,2278.2,0.0,2261.4
2020-12-11 11:42:00,0.0,0.0,0.38,20.42,0.0,20.04,10.0,0.0,0.0,22.8,1225.2,0.0,1202.3999999999999
2020-12-11 11:43:00,0.0,0.0,0.52,8.13,0.0,7.61,10.0,0.0,0.0,31.200000000000003,487.80000000000007,0.0,456.6
2020-12-11 11:44:00,0.0,0.0,0.78,7.83,0.0,7.05,10.0,0.0,0.0,46.800000000000004,469.8,0.0,423.0
2020-12-11 11:45:00,0.0,0.03,0.35,7.93,0.0,7.61,10.0,0.0,1.8,21.0,475.8,0.0,456.6
2020-12-11 11:46:00,0.0,0.0,0.3,23.55,0.0,23.25,10.0,0.0,0.0,18.0,1413.0,0.0,1395.0
2020-12-11 11:47:00,0.0,0.0,0.45,41.92,0.0,41.47,10.0,0.0,0.0,27.0,2515.2000000000003,0.0,2488.2
2020-12-11 11:48:00,0.0,0.0,0.38,41.92,0.0,41.54,10.0,0.0,0.0,22.8,2515.2000000000003,0.0,2492.4
2020-12-11 11:49:00,0.0,0.0,0.43,41.65,0.0,41.22,10.0,0.0,0.0,25.8,2499.0,0.0,2473.2
2020-12-11 11:50:00,0.0,0.0,0.4,41.73,0.0,41.33,10.0,0.0,0.0,24.0,2503.7999999999997,0.0,2479.7999999999997
2020-12-11 11:51:00,0.0,0.0,0.38,41.93,0.0,41.55,10.0,0.0,0.0,22.8,2515.8,0.0,2493.0
2020-12-11 11:52:00,0.0,0.0,0.38,41.75,0.0,41.37,10.0,0.0,0.0,22.8,2505.0,0.0,2482.2
2020-12-11 11:53:00,0.0,0.0,0.42,41.4,0.0,40.98,10.0,0.0,0.0,25.2,2484.0,0.0,2458.7999999999997
2020-12-11 11:54:00,0.0,0.0,0.38,40.97,0.0,40.59,10.0,0.0,0.0,22.8,2458.2,0.0,2435.4
2020-12-11 11:55:00,0.0,0.03,0.37,41.2,0.0,40.86,10.0,0.0,1.8,22.2,2472.0,0.0,2451.6
2020-12-11 11:56:00,0.0,0.0,0.47,40.63,0.0,40.16,10.0,0.0,0.0,28.2,2437.8,0.0,2409.6
2020-12-11 11:57:00,0.0,0.0,0.48,41.05,0.0,40.57,10.0,0.0,0.0,28.8,2463.0,0.0,2434.2000000000003
2020-12-11 11:58:00,0.0,0.0,0.5,40.13,0.0,39.63,10.0,0.0,0.0,30.0,2407.8,0.0,2377.8
2020-12-11 11:59:00,0.0,0.03,0.62,40.43,0.0,39.84,10.0,0.0,1.8,37.2,2425.8,0.0,2390.4
2020-12-11 12:00:00,0.0,0.0,0.95,40.8,0.0,39.85,10.0,0.0,0.0,57.0,2448.0,0.0,2391.0
2020-12-11 12:01:00,0.0,0.0,1.02,40.97,0.0,39.95,10.0,0.0,0.0,61.2,2458.2,0.0,2397.0
2020-12-11 12:02:00,0.0,0.0,1.1,41.33,0.0,40.23,10.0,0.0,0.0,66.0,2479.7999999999997,0.0,2413.7999999999997
2020-12-11 12:03:00,0.0,0.0,1.03,41.52,0.0,40.49,10.0,0.0,0.0,61.800000000000004,2491.2000000000003,0.0,2429.4
2020-12-11 12:04:00,0.0,0.0,0.95,41.48,0.0,40.53,10.0,0.0,0.0,57.0,2488.7999999999997,0.0,2431.8
2020-12-11 12:05:00,0.0,0.0,0.98,41.3,0.0,40.32,10.0,0.0,0.0,58.8,2478.0,0.0,2419.2000000000003
2020-12-11 12:06:00,0.0,0.0,1.12,41.68,0.0,40.56,10.0,0.0,0.0,67.2,2500.8,0.0,2433.6000000000004
2020-12-11 12:07:00,0.0,0.0,1.28,41.72,0.0,40.44,10.0,0.0,0.0,76.8,2503.2,0.0,2426.4
2020-12-11 12:08:00,0.0,0.0,1.57,41.17,0.0,39.6,10.0,0.0,0.0,94.2,2470.2000000000003,0.0,2376.0
2020-12-11 12:09:00,0.0,0.0,1.37,40.97,0.0,39.6,10.0,0.0,0.0,82.2,2458.2,0.0,2376.0
2020-12-11 12:10:00,0.0,0.0,1.33,40.68,0.0,39.35,10.0,0.0,0.0,79.80000000000001,2440.8,0.0,2361.0
2020-12-11 12:11:00,0.03,0.0,1.4,41.32,0.0,39.89,10.0,1.8,0.0,84.0,2479.2000000000003,0.0,2393.4
2020-12-11 12:12:00,0.03,0.0,1.47,41.23,0.0,39.73,10.0,1.8,0.0,88.2,2473.7999999999997,0.0,2383.7999999999997
2020-12-11 12:13:00,0.0,0.0,1.88,40.87,0.0,38.99,10.0,0.0,0.0,112.8,2452.2,0.0,2339.4
2020-12-11 12:14:00,0.0,0.0,1.67,39.88,0.0,38.21,10.0,0.0,0.0,100.2,2392.8,0.0,2292.6
2020-12-11 12:15:00,0.0,0.0,1.65,40.08,0.0,38.43,10.0,0.0,0.0,99.0,2404.7999999999997,0.0,2305.8
2020-12-11 12:16:00,0.0,0.0,1.92,40.13,0.0,38.21,10.0,0.0,0.0,115.2,2407.8,0.0,2292.6
2020-12-11 12:17:00,0.03,0.0,2.03,40.3,0.0,38.24,10.0,1.8,0.0,121.79999999999998,2418.0,0.0,2294.4
2020-12-11 12:18:00,0.0,0.0,2.38,39.87,0.0,37.49,10.0,0.0,0.0,142.79999999999998,2392.2,0.0,2249.4
2020-12-11 12:19:00,0.0,0.0,2.35,40.47,0.0,38.12,10.0,0.0,0.0,141.0,2428.2,0.0,2287.2
2020-12-11 12:20:00,0.0,0.0,1.42,39.75,0.0,38.33,10.0,0.0,0.0,85.2,2385.0,0.0,2299.7999999999997
2020-12-11 12:21:00,0.0,0.03,1.33,40.52,0.0,39.22,10.0,0.0,1.8,79.80000000000001,2431.2000000000003,0.0,2353.2
2020-12-11 12:22:00,0.0,0.03,1.73,38.57,0.0,36.87,10.0,0.0,1.8,103.8,2314.2000000000003,0.0,2212.2
2020-12-11 12:23:00,0.0,0.0,1.75,38.3,0.0,36.55,10.0,0.0,0.0,105.0,2298.0,0.0,2193.0
2020-12-11 12:24:00,0.0,0.0,1.48,38.02,0.0,36.54,10.0,0.0,0.0,88.8,2281.2000000000003,0.0,2192.4
2020-12-11 12:25:00,0.03,0.0,1.22,37.92,0.0,36.67,10.0,1.8,0.0,73.2,2275.2000000000003,0.0,2200.2000000000003
2020-12-11 12:26:00,0.0,0.0,1.45,37.9,0.0,36.45,10.0,0.0,0.0,87.0,2274.0,0.0,2187.0
2020-12-11 12:27:00,0.0,0.0,1.57,38.28,0.0,36.71,10.0,0.0,0.0,94.2,2296.8,0.0,2202.6
2020-12-11 12:28:00,0.0,0.0,1.28,37.82,0.0,36.54,10.0,0.0,0.0,76.8,2269.2000000000003,0.0,2192.4
2020-12-11 12:29:00,0.0,0.0,1.1,33.67,0.0,32.57,10.0,0.0,0.0,66.0,2020.2,0.0,1954.2
2020-12-11 12:30:00,0.0,0.0,1.12,10.97,0.0,9.85,10.0,0.0,0.0,67.2,658.2,0.0,591.0
2020-12-11 12:31:00,0.0,0.0,1.32,10.53,0.0,9.21,10.0,0.0,0.0,79.2,631.8,0.0,552.6
2020-12-11 12:32:00,0.0,0.0,1.8,5.58,0.0,3.78,10.0,0.0,0.0,108.0,334.8,0.0,226.79999999999998
2020-12-11 12:33:00,0.0,0.0,2.1,6.07,0.0,3.97,10.0,0.0,0.0,126.0,364.20000000000005,0.0,238.20000000000002
2020-12-11 12:34:00,0.0,0.0,1.88,6.1,0.0,4.22,10.0,0.0,0.0,112.8,366.0,0.0,253.2
2020-12-11 12:35:00,0.03,0.0,1.28,6.17,0.0,4.86,10.0,1.8,0.0,76.8,370.2,0.0,291.6
2020-12-11 12:36:00,0.0,0.0,0.95,6.58,0.0,5.63,10.0,0.0,0.0,57.0,394.8,0.0,337.8
2020-12-11 12:37:00,0.0,0.0,0.78,6.58,0.0,5.8,10.0,0.0,0.0,46.800000000000004,394.8,0.0,348.0
2020-12-11 12:38:00,0.0,0.0,0.6,6.38,0.0,5.78,10.0,0.0,0.0,36.0,382.8,0.0,346.8
2020-12-11 12:39:00,0.0,0.0,0.33,6.47,0.0,6.14,10.0,0.0,0.0,19.8,388.2,0.0,368.4
2020-12-11 12:40:00,0.0,0.0,0.32,6.73,0.0,6.41,10.0,0.0,0.0,19.2,403.8,0.0,384.6
2020-12-11 12:41:00,0.0,0.0,0.65,12.63,0.0,11.98,10.0,0.0,0.0,39.0,757.8000000000001,0.0,718.8000000000001
2020-12-11 12:42:00,0.03,0.0,0.88,8.62,0.0,7.71,10.0,1.8,0.0,52.800000000000004,517.1999999999999,0.0,462.6
2020-12-11 12:43:00,0.0,0.0,1.05,6.2,0.0,5.15,10.0,0.0,0.0,63.0,372.0,0.0,309.0
2020-12-11 12:44:00,0.03,0.0,0.87,6.65,0.0,5.75,10.0,1.8,0.0,52.2,399.0,0.0,345.0
2020-12-11 12:45:00,0.0,0.0,1.0,6.37,0.0,5.37,10.0,0.0,0.0,60.0,382.2,0.0,322.2
2020-12-11 12:46:00,0.0,0.0,1.02,6.35,0.0,5.33,10.0,0.0,0.0,61.2,381.0,0.0,319.8
2020-12-11 12:47:00,0.0,0.0,0.9,6.1,0.0,5.2,10.0,0.0,0.0,54.0,366.0,0.0,312.0
2020-12-11 12:48:00,0.0,0.0,0.85,11.25,0.0,10.4,10.0,0.0,0.0,51.0,675.0,0.0,624.0
2020-12-11 12:49:00,0.0,0.0,0.77,8.13,0.0,7.36,10.0,0.0,0.0,46.2,487.80000000000007,0.0,441.6
2020-12-11 12:50:00,0.0,0.0,0.83,6.68,0.0,5.85,10.0,0.0,0.0,49.8,400.8,0.0,351.0
2020-12-11 12:51:00,0.0,0.03,0.85,7.02,0.0,6.2,10.0,0.0,1.8,51.0,421.2,0.0,372.0
2020-12-11 12:52:00,0.0,0.0,0.87,8.95,0.0,8.08,10.0,0.0,0.0,52.2,537.0,0.0,484.8
2020-12-11 12:53:00,0.0,0.0,0.9,11.23,0.0,10.33,10.0,0.0,0.0,54.0,673.8000000000001,0.0,619.8000000000001
2020-12-11 12:54:00,0.03,0.0,1.07,10.72,0.0,9.62,10.0,1.8,0.0,64.2,643.2,0.0,577.1999999999999
2020-12-11 12:55:00,0.0,0.0,1.15,9.22,0.0,8.07,10.0,0.0,0.0,69.0,553.2,0.0,484.20000000000005
2020-12-11 12:56:00,0.0,0.0,1.13,14.22,0.0,13.09,10.0,0.0,0.0,67.8,853.2,0.0,785.4
2020-12-11 12:57:00,0.0,0.0,1.15,9.13,0.0,7.98,10.0,0.0,0.0,69.0,547.8000000000001,0.0,478.8
2020-12-11 12:58:00,0.0,0.0,1.25,8.28,0.0,7.03,10.0,0.0,0.0,75.0,496.79999999999995,0.0,421.8
2020-12-11 12:59:00,0.03,0.0,1.23,7.68,0.0,6.42,10.0,1.8,0.0,73.8,460.8,0.0,385.2
2020-12-11 13:00:00,0.0,0.0,1.27,5.63,0.0,4.36,10.0,0.0,0.0,76.2,337.8,0.0,261.6
2020-12-11 13:01:00,0.0,0.03,1.42,5.82,0.0,4.43,10.0,0.0,1.8,85.2,349.20000000000005,0.0,265.8
2020-12-11 13:02:00,0.0,0.0,1.57,5.73,0.0,4.16,10.0,0.0,0.0,94.2,343.8,0.0,249.60000000000002
2020-12-11 13:03:00,0.0,0.0,1.62,10.2,0.0,8.58,10.0,0.0,0.0,97.2,612.0,0.0,514.8000000000001
2020-12-11 13:04:00,0.0,0.0,1.65,8.57,0.0,6.92,10.0,0.0,0.0,99.0,514.2,0.0,415.2
2020-12-11 13:05:00,0.0,0.0,1.53,5.38,0.0,3.85,10.0,0.0,0.0,91.8,322.8,0.0,231.0
2020-12-11 13:06:00,0.03,0.0,1.45,5.35,0.0,3.87,10.0,1.8,0.0,87.0,321.0,0.0,232.20000000000002
2020-12-11 13:07:00,0.0,0.0,1.37,5.37,0.0,4.0,10.0,0.0,0.0,82.2,322.2,0.0,240.0
2020-12-11 13:08:00,0.0,0.0,1.43,5.35,0.0,3.92,10.0,0.0,0.0,85.8,321.0,0.0,235.2
2020-12-11 13:09:00,0.0,0.03,1.5,5.38,0.0,3.91,10.0,0.0,1.8,90.0,322.8,0.0,234.60000000000002
2020-12-11 13:10:00,0.0,0.0,1.58,5.87,0.0,4.29,10.0,0.0,0.0,94.80000000000001,352.2,0.0,257.40000000000003
2020-12-11 13:11:00,0.0,0.0,1.78,39.23,0.0,37.45,10.0,0.0,0.0,106.8,2353.7999999999997,0.0,2247.0
2020-12-11 13:12:00,0.0,0.0,2.03,39.4,0.0,37.37,10.0,0.0,0.0,121.79999999999998,2364.0,0.0,2242.2
2020-12-11 13:13:00,0.0,0.0,2.15,44.03,0.0,41.88,10.0,0.0,0.0,129.0,2641.8,0.0,2512.8
2020-12-11 13:14:00,0.0,0.0,2.05,42.2,0.0,40.15,10.0,0.0,0.0,122.99999999999999,2532.0,0.0,2409.0
2020-12-11 13:15:00,0.03,0.0,2.07,28.4,0.0,26.3,10.0,1.8,0.0,124.19999999999999,1704.0,0.0,1578.0
2020-12-11 13:16:00,0.0,0.0,1.98,5.42,0.0,3.44,10.0,0.0,0.0,118.8,325.2,0.0,206.4
2020-12-11 13:17:00,0.0,0.0,2.18,5.5,0.0,3.32,10.0,0.0,0.0,130.8,330.0,0.0,199.2
2020-12-11 13:18:00,0.0,0.0,2.8,5.5,0.0,2.7,10.0,0.0,0.0,168.0,330.0,0.0,162.0
2020-12-11 13:19:00,0.0,0.0,3.0,5.42,0.0,2.42,10.0,0.0,0.0,180.0,325.2,0.0,145.2
2020-12-11 13:20:00,0.0,0.0,2.97,5.43,0.0,2.46,10.0,0.0,0.0,178.20000000000002,325.8,0.0,147.6
2020-12-11 13:21:00,0.0,0.0,3.07,5.52,0.0,2.45,10.0,0.0,0.0,184.2,331.2,0.0,147.0
2020-12-11 13:22:00,0.0,0.0,2.92,10.62,0.0,7.7,10.0,0.0,0.0,175.2,637.1999999999999,0.0,462.0
2020-12-11 13:23:00,0.0,0.03,2.72,7.97,0.0,5.28,10.0,0.0,1.8,163.20000000000002,478.2,0.0,316.8
2020-12-11 13:24:00,0.0,0.0,2.68,5.23,0.0,2.55,10.0,0.0,0.0,160.8,313.8,0.0,153.0
2020-12-11 13:25:00,0.03,0.0,2.77,5.28,0.0,2.48,10.0,1.8,0.0,166.20000000000002,316.8,0.0,148.8
2020-12-11 13:26:00,0.0,0.0,3.32,5.35,0.0,2.03,10.0,0.0,0.0,199.2,321.0,0.0,121.79999999999998
2020-12-11 13:27:00,0.0,0.0,3.42,5.32,0.0,1.9,10.0,0.0,0.0,205.2,319.20000000000005,0.0,114.0
2020-12-11 13:28:00,0.0,0.0,3.45,5.25,0.0,1.8,10.0,0.0,0.0,207.0,315.0,0.0,108.0
2020-12-11 13:29:00,0.0,0.0,3.17,5.32,0.0,2.15,10.0,0.0,0.0,190.2,319.20000000000005,0.0,129.0
2020-12-11 13:30:00,0.0,0.0,2.65,8.12,0.0,5.47,10.0,0.0,0.0,159.0,487.19999999999993,0.0,328.2
2020-12-11 13:31:00,0.0,0.0,2.3,9.7,0.0,7.4,10.0,0.0,0.0,138.0,582.0,0.0,444.0
2020-12-11 13:32:00,0.0,0.0,2.0,5.18,0.0,3.18,10.0,0.0,0.0,120.0,310.8,0.0,190.8
2020-12-11 13:33:00,0.0,0.0,1.7,5.2,0.0,3.5,10.0,0.0,0.0,102.0,312.0,0.0,210.0
2020-12-11 13:34:00,0.0,0.0,1.7,5.22,0.0,3.52,10.0,0.0,0.0,102.0,313.2,0.0,211.20000000000002
2020-12-11 13:35:00,0.0,0.0,1.88,5.22,0.0,3.34,10.0,0.0,0.0,112.8,313.2,0.0,200.4
2020-12-11 13:36:00,0.0,0.0,2.08,5.18,0.0,3.1,10.0,0.0,0.0,124.80000000000001,310.8,0.0,186.0
2020-12-11 13:37:00,0.0,0.0,1.92,10.98,0.0,9.06,10.0,0.0,0.0,115.2,658.8000000000001,0.0,543.6
2020-12-11 13:38:00,0.03,0.0,1.88,5.25,0.0,3.34,10.0,1.8,0.0,112.8,315.0,0.0,200.4
2020-12-11 13:39:00,0.0,0.0,1.82,5.25,0.0,3.43,10.0,0.0,0.0,109.2,315.0,0.0,205.8
2020-12-11 13:40:00,0.0,0.0,1.43,5.22,0.0,3.79,10.0,0.0,0.0,85.8,313.2,0.0,227.4
2020-12-11 13:41:00,0.0,0.0,0.83,10.2,0.0,9.37,10.0,0.0,0.0,49.8,612.0,0.0,562.1999999999999
2020-12-11 13:42:00,0.0,0.0,0.77,34.27,0.0,33.5,10.0,0.0,0.0,46.2,2056.2000000000003,0.0,2010.0
2020-12-11 13:43:00,0.0,0.0,0.85,39.57,0.0,38.72,10.0,0.0,0.0,51.0,2374.2000000000003,0.0,2323.2
2020-12-11 13:44:00,0.0,0.0,1.23,39.73,0.0,38.5,10.0,0.0,0.0,73.8,2383.7999999999997,0.0,2310.0
2020-12-11 13:45:00,0.0,0.0,1.93,39.75,0.0,37.82,10.0,0.0,0.0,115.8,2385.0,0.0,2269.2000000000003
2020-12-11 13:46:00,0.0,0.0,2.52,11.3,0.0,8.78,10.0,0.0,0.0,151.20000000000002,678.0,0.0,526.8
2020-12-11 13:47:00,0.0,0.0,2.8,8.12,0.0,5.32,10.0,0.0,0.0,168.0,487.19999999999993,0.0,319.20000000000005
2020-12-11 13:48:00,0.0,0.0,2.82,5.13,0.0,2.31,10.0,0.0,0.0,169.2,307.8,0.0,138.6
2020-12-11 13:49:00,0.0,0.0,2.52,4.35,0.0,1.83,10.0,0.0,0.0,151.20000000000002,261.0,0.0,109.80000000000001
2020-12-11 13:50:00,0.0,0.0,2.2,18.0,0.0,15.8,10.0,0.0,0.0,132.0,1080.0,0.0,948.0
2020-12-11 13:51:00,0.0,0.0,1.68,53.63,0.0,51.95,10.0,0.0,0.0,100.8,3217.8,0.0,3117.0
2020-12-11 13:52:00,0.0,0.0,1.35,79.63,0.0,78.28,10.0,0.0,0.0,81.0,4777.8,0.0,4696.8
2020-12-11 13:53:00,0.0,0.03,1.17,80.02,0.0,78.88,10.0,0.0,1.8,70.2,4801.2,0.0,4732.8
2020-12-11 13:54:00,0.0,0.0,0.93,59.43,0.0,58.5,10.0,0.0,0.0,55.800000000000004,3565.8,0.0,3510.0
2020-12-11 13:55:00,0.0,0.0,0.62,46.7,0.0,46.08,10.0,0.0,0.0,37.2,2802.0,0.0,2764.7999999999997
2020-12-11 13:56:00,0.0,0.05,0.2,50.57,0.0,50.42,10.0,0.0,3.0,12.0,3034.2000000000003,0.0,3025.2000000000003
2020-12-11 13:57:00,0.0,0.0,0.23,49.45,0.0,49.22,10.0,0.0,0.0,13.8,2967.0,0.0,2953.2
2020-12-11 13:58:00,0.0,0.0,0.62,46.95,0.0,46.33,10.0,0.0,0.0,37.2,2817.0,0.0,2779.7999999999997
2020-12-11 13:59:00,0.0,0.0,1.5,46.65,0.0,45.15,10.0,0.0,0.0,90.0,2799.0,0.0,2709.0
2020-12-11 14:00:00,0.0,0.0,2.27,46.22,0.0,43.95,10.0,0.0,0.0,136.20000000000002,2773.2,0.0,2637.0
2020-12-11 14:01:00,0.0,0.0,2.37,46.65,0.0,44.28,10.0,0.0,0.0,142.20000000000002,2799.0,0.0,2656.8
2020-12-11 14:02:00,0.0,0.0,2.38,26.27,0.0,23.89,10.0,0.0,0.0,142.79999999999998,1576.2,0.0,1433.4
2020-12-11 14:03:00,0.0,0.0,2.18,46.62,0.0,44.44,10.0,0.0,0.0,130.8,2797.2,0.0,2666.4
2020-12-11 14:04:00,0.0,0.0,1.77,40.05,0.0,38.28,10.0,0.0,0.0,106.2,2403.0,0.0,2296.8
2020-12-11 14:05:00,0.0,0.0,1.53,42.53,0.0,41.0,10.0,0.0,0.0,91.8,2551.8,0.0,2460.0
2020-12-11 14:06:00,0.0,0.0,1.67,46.07,0.0,44.4,10.0,0.0,0.0,100.2,2764.2000000000003,0.0,2664.0
2020-12-11 14:07:00,0.0,0.0,1.5,35.62,0.0,34.12,10.0,0.0,0.0,90.0,2137.2,0.0,2047.1999999999998
2020-12-11 14:08:00,0.0,0.0,1.38,47.2,0.0,45.82,10.0,0.0,0.0,82.8,2832.0,0.0,2749.2000000000003
2020-12-11 14:09:00,0.0,0.0,1.28,43.3,0.0,42.02,10.0,0.0,0.0,76.8,2598.0,0.0,2521.2000000000003
2020-12-11 14:10:00,0.0,0.0,1.28,48.72,0.0,47.44,10.0,0.0,0.0,76.8,2923.2,0.0,2846.4
2020-12-11 14:11:00,0.0,0.0,1.27,36.7,0.0,35.43,10.0,0.0,0.0,76.2,2202.0,0.0,2125.8
2020-12-11 14:12:00,0.0,0.0,1.05,47.27,0.0,46.22,10.0,0.0,0.0,63.0,2836.2000000000003,0.0,2773.2
2020-12-11 14:13:00,0.0,0.0,0.83,43.7,0.0,42.87,10.0,0.0,0.0,49.8,2622.0,0.0,2572.2
2020-12-11 14:14:00,0.0,0.0,0.35,40.45,0.0,40.1,9.0,0.0,0.0,21.0,2427.0,0.0,2406.0
2020-12-11 14:15:00,0.0,0.0,0.47,45.65,0.0,45.18,9.0,0.0,0.0,28.2,2739.0,0.0,2710.8
2020-12-11 14:16:00,0.0,0.0,0.43,38.83,0.0,38.4,9.0,0.0,0.0,25.8,2329.7999999999997,0.0,2304.0
2020-12-11 14:17:00,0.0,0.0,0.42,63.65,0.0,63.23,9.0,0.0,0.0,25.2,3819.0,0.0,3793.7999999999997
2020-12-11 14:18:00,0.0,0.0,0.58,48.9,0.0,48.32,9.0,0.0,0.0,34.8,2934.0,0.0,2899.2000000000003
2020-12-11 14:19:00,0.0,0.0,0.72,47.97,0.0,47.25,9.0,0.0,0.0,43.199999999999996,2878.2,0.0,2835.0
2020-12-11 14:20:00,0.0,0.0,0.83,40.05,0.0,39.22,9.0,0.0,0.0,49.8,2403.0,0.0,2353.2
2020-12-11 14:21:00,0.0,0.0,0.83,52.35,0.0,51.52,9.0,0.0,0.0,49.8,3141.0,0.0,3091.2000000000003
2020-12-11 14:22:00,0.0,0.0,0.68,48.78,0.0,48.1,9.0,0.0,0.0,40.800000000000004,2926.8,0.0,2886.0
2020-12-11 14:23:00,0.0,0.0,0.65,70.1,0.0,69.45,9.0,0.0,0.0,39.0,4206.0,0.0,4167.0
2020-12-11 14:24:00,0.0,0.03,0.27,66.63,0.0,66.39,9.0,0.0,1.8,16.200000000000003,3997.7999999999997,0.0,3983.4
2020-12-11 14:25:00,0.0,0.0,0.15,47.28,0.0,47.13,9.0,0.0,0.0,9.0,2836.8,0.0,2827.8
2020-12-11 14:26:00,0.0,0.0,0.07,46.98,0.0,46.91,9.0,0.0,0.0,4.2,2818.7999999999997,0.0,2814.6
2020-12-11 14:27:00,0.0,0.07,0.0,38.08,0.0,38.15,9.0,0.0,4.2,0.0,2284.7999999999997,0.0,2289.0
2020-12-11 14:28:00,0.0,0.0,0.05,47.88,0.0,47.83,9.0,0.0,0.0,3.0,2872.8,0.0,2869.7999999999997
2020-12-11 14:29:00,0.0,0.0,0.1,36.12,0.0,36.02,9.0,0.0,0.0,6.0,2167.2,0.0,2161.2000000000003
2020-12-11 14:30:00,0.0,0.0,0.15,46.95,0.0,46.8,9.0,0.0,0.0,9.0,2817.0,0.0,2808.0
2020-12-11 14:31:00,0.0,0.0,0.52,38.97,0.0,38.45,9.0,0.0,0.0,31.200000000000003,2338.2,0.0,2307.0
2020-12-11 14:32:00,0.0,0.0,0.6,48.48,0.0,47.88,9.0,0.0,0.0,36.0,2908.7999999999997,0.0,2872.8
2020-12-11 14:33:00,0.0,0.0,0.73,43.55,0.0,42.82,9.0,0.0,0.0,43.8,2613.0,0.0,2569.2000000000003
2020-12-11 14:34:00,0.0,0.0,0.7,46.12,0.0,45.42,9.0,0.0,0.0,42.0,2767.2,0.0,2725.2000000000003
2020-12-11 14:35:00,0.0,0.0,0.35,43.65,0.0,43.3,9.0,0.0,0.0,21.0,2619.0,0.0,2598.0
2020-12-11 14:36:00,0.0,0.0,0.3,46.62,0.0,46.32,9.0,0.0,0.0,18.0,2797.2,0.0,2779.2000000000003
2020-12-11 14:37:00,0.0,0.08,0.0,42.08,0.0,42.16,9.0,0.0,4.8,0.0,2524.7999999999997,0.0,2529.6
2020-12-11 14:38:00,0.0,0.07,0.0,43.42,0.0,43.49,9.0,0.0,4.2,0.0,2605.2000000000003,0.0,2609.4
2020-12-11 14:39:00,0.0,0.0,0.12,48.65,0.0,48.53,9.0,0.0,0.0,7.2,2919.0,0.0,2911.8
2020-12-11 14:40:00,0.0,0.05,0.0,38.55,0.0,38.6,9.0,0.0,3.0,0.0,2313.0,0.0,2316.0
2020-12-11 14:41:00,0.0,0.13,0.0,47.6,0.0,47.73,9.0,0.0,7.800000000000001,0.0,2856.0,0.0,2863.7999999999997
2020-12-11 14:42:00,0.0,0.28,0.0,32.77,0.0,33.05,9.0,0.0,16.8,0.0,1966.2000000000003,0.0,1982.9999999999998
2020-12-11 14:43:00,0.0,0.42,0.0,36.82,0.0,37.24,9.0,0.0,25.2,0.0,2209.2000000000003,0.0,2234.4
2020-12-11 14:44:00,0.0,0.13,0.03,47.53,0.0,47.63,9.0,0.0,7.800000000000001,1.8,2851.8,0.0,2857.8
2020-12-11 14:45:00,0.0,0.07,0.03,39.43,0.0,39.47,9.0,0.0,4.2,1.8,2365.8,0.0,2368.2
2020-12-11 14:46:00,0.0,0.35,0.0,45.23,0.0,45.58,9.0,0.0,21.0,0.0,2713.7999999999997,0.0,2734.7999999999997
2020-12-11 14:47:00,0.0,0.28,0.0,42.58,0.0,42.86,9.0,0.0,16.8,0.0,2554.7999999999997,0.0,2571.6
2020-12-11 14:48:00,0.0,0.22,0.0,32.65,0.0,32.87,9.0,0.0,13.200000000000001,0.0,1959.0,0.0,1972.1999999999998
2020-12-11 14:49:00,0.0,0.3,0.0,41.43,0.0,41.73,9.0,0.0,18.0,0.0,2485.8,0.0,2503.7999999999997
2020-12-11 14:50:00,0.0,0.12,0.0,44.18,0.0,44.3,9.0,0.0,7.2,0.0,2650.8,0.0,2658.0
2020-12-11 14:51:00,0.0,0.0,0.0,36.18,0.0,36.18,9.0,0.0,0.0,0.0,2170.8,0.0,2170.8
2020-12-11 14:52:00,0.0,0.03,0.0,46.57,0.0,46.6,9.0,0.0,1.8,0.0,2794.2000000000003,0.0,2796.0
2020-12-11 14:53:00,0.0,0.12,0.0,31.07,0.0,31.19,9.0,0.0,7.2,0.0,1864.2,0.0,1871.4
2020-12-11 14:54:00,0.0,0.27,0.03,36.35,0.0,36.59,9.0,0.0,16.200000000000003,1.8,2181.0,0.0,2195.4
2020-12-11 14:55:00,0.0,0.0,0.0,47.8,0.0,47.8,9.0,0.0,0.0,0.0,2868.0,0.0,2868.0
2020-12-11 14:56:00,0.0,0.0,0.0,43.82,0.0,43.82,9.0,0.0,0.0,0.0,2629.2000000000003,0.0,2629.2000000000003
2020-12-11 14:57:00,0.0,0.0,0.0,38.07,0.0,38.07,9.0,0.0,0.0,0.0,2284.2000000000003,0.0,2284.2000000000003
2020-12-11 14:58:00,0.0,0.0,0.0,31.67,0.0,31.67,9.0,0.0,0.0,0.0,1900.2,0.0,1900.2
2020-12-11 14:59:00,0.0,0.0,0.0,35.95,0.0,35.95,9.0,0.0,0.0,0.0,2157.0,0.0,2157.0
2020-12-11 15:00:00,0.0,0.0,0.0,35.63,0.0,35.63,9.0,0.0,0.0,0.0,2137.8,0.0,2137.8
2020-12-11 15:01:00,0.0,0.0,0.0,35.65,0.0,35.65,9.0,0.0,0.0,0.0,2139.0,0.0,2139.0
2020-12-11 15:02:00,0.0,0.0,0.0,35.33,0.0,35.33,9.0,0.0,0.0,0.0,2119.7999999999997,0.0,2119.7999999999997
2020-12-11 15:03:00,0.0,0.0,0.0,40.95,0.0,40.95,9.0,0.0,0.0,0.0,2457.0,0.0,2457.0
2020-12-11 15:04:00,0.0,0.0,0.0,36.78,0.0,36.78,9.0,0.0,0.0,0.0,2206.8,0.0,2206.8
2020-12-11 15:05:00,0.0,0.0,0.0,36.58,0.0,36.58,9.0,0.0,0.0,0.0,2194.7999999999997,0.0,2194.7999999999997
2020-12-11 15:06:00,0.0,0.0,0.0,36.83,0.0,36.83,9.0,0.0,0.0,0.0,2209.7999999999997,0.0,2209.7999999999997
2020-12-11 15:07:00,0.0,0.0,0.0,36.97,0.0,36.97,9.0,0.0,0.0,0.0,2218.2,0.0,2218.2
2020-12-11 15:08:00,0.0,0.0,0.0,37.05,0.0,37.05,9.0,0.0,0.0,0.0,2223.0,0.0,2223.0
2020-12-11 15:09:00,0.0,0.0,0.0,35.72,0.0,35.72,9.0,0.0,0.0,0.0,2143.2,0.0,2143.2
2020-12-11 15:10:00,0.0,0.0,0.0,14.82,0.0,14.82,9.0,0.0,0.0,0.0,889.2,0.0,889.2
2020-12-11 15:11:00,0.03,0.0,0.07,8.68,0.0,8.58,9.0,1.8,0.0,4.2,520.8,0.0,514.8000000000001
2020-12-11 15:12:00,0.0,0.0,0.07,8.73,0.0,8.66,9.0,0.0,0.0,4.2,523.8000000000001,0.0,519.6
2020-12-11 15:13:00,0.0,0.0,0.13,10.77,0.0,10.64,9.0,0.0,0.0,7.800000000000001,646.1999999999999,0.0,638.4000000000001
2020-12-11 15:14:00,0.0,0.0,0.1,43.72,0.0,43.62,9.0,0.0,0.0,6.0,2623.2,0.0,2617.2
2020-12-11 15:15:00,0.0,0.17,0.0,42.28,0.0,42.45,9.0,0.0,10.200000000000001,0.0,2536.8,0.0,2547.0
2020-12-11 15:16:00,0.0,0.2,0.0,40.18,0.0,40.38,9.0,0.0,12.0,0.0,2410.8,0.0,2422.8
2020-12-11 15:17:00,0.0,0.0,0.0,39.9,0.0,39.9,9.0,0.0,0.0,0.0,2394.0,0.0,2394.0
2020-12-11 15:18:00,0.0,0.0,0.0,39.88,0.0,39.88,9.0,0.0,0.0,0.0,2392.8,0.0,2392.8
2020-12-11 15:19:00,0.0,0.0,0.0,39.87,0.0,39.87,9.0,0.0,0.0,0.0,2392.2,0.0,2392.2
2020-12-11 15:20:00,0.0,0.0,0.0,39.88,0.0,39.88,9.0,0.0,0.0,0.0,2392.8,0.0,2392.8
2020-12-11 15:21:00,0.0,0.0,0.0,39.92,0.0,39.92,9.0,0.0,0.0,0.0,2395.2000000000003,0.0,2395.2000000000003
2020-12-11 15:22:00,0.0,0.0,0.0,39.68,0.0,39.68,9.0,0.0,0.0,0.0,2380.8,0.0,2380.8
2020-12-11 15:23:00,0.0,0.0,0.0,40.0,0.0,40.0,9.0,0.0,0.0,0.0,2400.0,0.0,2400.0
2020-12-11 15:24:00,0.0,0.0,0.0,39.8,0.0,39.8,9.0,0.0,0.0,0.0,2388.0,0.0,2388.0
2020-12-11 15:25:00,0.0,0.0,0.0,41.27,0.0,41.27,9.0,0.0,0.0,0.0,2476.2000000000003,0.0,2476.2000000000003
2020-12-11 15:26:00,0.0,0.0,0.0,10.88,0.0,10.88,9.0,0.0,0.0,0.0,652.8000000000001,0.0,652.8000000000001
2020-12-11 15:27:00,0.0,0.0,0.0,39.43,0.0,39.43,9.0,0.0,0.0,0.0,2365.8,0.0,2365.8
2020-12-11 15:28:00,0.0,0.0,0.0,39.85,0.0,39.85,9.0,0.0,0.0,0.0,2391.0,0.0,2391.0
2020-12-11 15:29:00,0.03,0.0,0.0,39.77,0.0,39.74,9.0,1.8,0.0,0.0,2386.2000000000003,0.0,2384.4
2020-12-11 15:30:00,0.0,0.0,0.0,39.78,0.0,39.78,9.0,0.0,0.0,0.0,2386.8,0.0,2386.8
2020-12-11 15:31:00,0.0,0.0,0.0,39.72,0.0,39.72,9.0,0.0,0.0,0.0,2383.2,0.0,2383.2
2020-12-11 15:32:00,0.0,0.0,0.0,39.55,0.0,39.55,9.0,0.0,0.0,0.0,2373.0,0.0,2373.0
2020-12-11 15:33:00,0.0,0.0,0.0,39.87,0.0,39.87,9.0,0.0,0.0,0.0,2392.2,0.0,2392.2
2020-12-11 15:34:00,0.0,0.0,0.0,40.07,0.0,40.07,9.0,0.0,0.0,0.0,2404.2000000000003,0.0,2404.2000000000003
2020-12-11 15:35:00,0.0,0.0,0.0,27.23,0.0,27.23,9.0,0.0,0.0,0.0,1633.8,0.0,1633.8
2020-12-11 15:36:00,0.0,0.0,0.0,5.92,0.0,5.92,9.0,0.0,0.0,0.0,355.2,0.0,355.2
2020-12-11 15:37:00,0.0,0.0,0.0,5.72,0.0,5.72,9.0,0.0,0.0,0.0,343.2,0.0,343.2
2020-12-11 15:38:00,0.0,0.0,0.0,5.82,0.0,5.82,9.0,0.0,0.0,0.0,349.20000000000005,0.0,349.20000000000005
2020-12-11 15:39:00,0.0,0.0,0.0,50.9,0.0,50.9,9.0,0.0,0.0,0.0,3054.0,0.0,3054.0
2020-12-11 15:40:00,0.0,0.0,0.0,34.37,0.0,34.37,9.0,0.0,0.0,0.0,2062.2,0.0,2062.2
2020-12-11 15:41:00,0.0,0.0,0.0,26.1,0.0,26.1,9.0,0.0,0.0,0.0,1566.0,0.0,1566.0
2020-12-11 15:42:00,0.0,0.0,0.0,26.65,0.0,26.65,9.0,0.0,0.0,0.0,1599.0,0.0,1599.0
2020-12-11 15:43:00,0.0,0.0,0.0,21.85,0.0,21.85,9.0,0.0,0.0,0.0,1311.0,0.0,1311.0
2020-12-11 15:44:00,0.0,0.0,0.0,43.6,0.0,43.6,9.0,0.0,0.0,0.0,2616.0,0.0,2616.0
2020-12-11 15:45:00,0.0,0.0,0.0,55.35,0.0,55.35,9.0,0.0,0.0,0.0,3321.0,0.0,3321.0
2020-12-11 15:46:00,0.0,0.0,0.0,55.92,0.0,55.92,9.0,0.0,0.0,0.0,3355.2000000000003,0.0,3355.2000000000003
2020-12-11 15:47:00,0.0,0.0,0.0,41.67,0.0,41.67,9.0,0.0,0.0,0.0,2500.2000000000003,0.0,2500.2000000000003
2020-12-11 15:48:00,0.0,0.0,0.0,69.17,0.0,69.17,9.0,0.0,0.0,0.0,4150.2,0.0,4150.2
2020-12-11 15:49:00,0.0,0.0,0.0,38.22,0.0,38.22,9.0,0.0,0.0,0.0,2293.2,0.0,2293.2
2020-12-11 15:50:00,0.0,0.0,0.0,30.93,0.0,30.93,9.0,0.0,0.0,0.0,1855.8,0.0,1855.8
2020-12-11 15:51:00,0.0,0.0,0.05,35.42,0.0,35.37,9.0,0.0,0.0,3.0,2125.2000000000003,0.0,2122.2
2020-12-11 15:52:00,0.0,0.0,0.0,33.38,0.0,33.38,9.0,0.0,0.0,0.0,2002.8000000000002,0.0,2002.8000000000002
2020-12-11 15:53:00,0.0,0.0,0.0,26.87,0.0,26.87,9.0,0.0,0.0,0.0,1612.2,0.0,1612.2
2020-12-11 15:54:00,0.0,0.0,0.0,26.37,0.0,26.37,9.0,0.0,0.0,0.0,1582.2,0.0,1582.2
2020-12-11 15:55:00,0.0,0.0,0.0,24.62,0.0,24.62,9.0,0.0,0.0,0.0,1477.2,0.0,1477.2
2020-12-11 15:56:00,0.0,0.0,0.05,21.18,0.0,21.13,9.0,0.0,0.0,3.0,1270.8,0.0,1267.8
2020-12-11 15:57:00,0.0,0.0,0.0,20.7,0.0,20.7,9.0,0.0,0.0,0.0,1242.0,0.0,1242.0
2020-12-11 15:58:00,0.0,0.03,0.0,19.38,0.0,19.41,9.0,0.0,1.8,0.0,1162.8,0.0,1164.6000000000001
2020-12-11 15:59:00,0.0,0.05,0.0,22.83,0.0,22.88,9.0,0.0,3.0,0.0,1369.8,0.0,1372.8
2020-12-11 16:00:00,0.0,0.05,0.0,26.03,0.0,26.08,9.0,0.0,3.0,0.0,1561.8000000000002,0.0,1564.8
2020-12-11 16:01:00,0.0,0.07,0.0,25.18,0.0,25.25,9.0,0.0,4.2,0.0,1510.8,0.0,1515.0
2020-12-11 16:02:00,0.0,0.07,0.0,25.83,0.0,25.9,9.0,0.0,4.2,0.0,1549.8,0.0,1554.0
2020-12-11 16:03:00,0.0,0.08,0.0,21.67,0.0,21.75,9.0,0.0,4.8,0.0,1300.2,0.0,1305.0
2020-12-11 16:04:00,0.0,0.1,0.0,21.37,0.0,21.47,9.0,0.0,6.0,0.0,1282.2,0.0,1288.2
2020-12-11 16:05:00,0.0,0.12,0.0,21.78,0.0,21.9,9.0,0.0,7.2,0.0,1306.8000000000002,0.0,1314.0
2020-12-11 16:06:00,0.0,0.13,0.0,25.42,0.0,25.55,9.0,0.0,7.800000000000001,0.0,1525.2,0.0,1533.0
2020-12-11 16:07:00,0.0,0.13,0.0,24.48,0.0,24.61,9.0,0.0,7.800000000000001,0.0,1468.8,0.0,1476.6
2020-12-11 16:08:00,0.0,0.15,0.0,24.57,0.0,24.72,9.0,0.0,9.0,0.0,1474.2,0.0,1483.2
2020-12-11 16:09:00,0.0,0.13,0.0,29.88,0.0,30.01,9.0,0.0,7.800000000000001,0.0,1792.8,0.0,1800.6000000000001
2020-12-11 16:10:00,0.0,0.12,0.0,23.42,0.0,23.54,9.0,0.0,7.2,0.0,1405.2,0.0,1412.3999999999999
2020-12-11 16:11:00,0.0,0.1,0.0,6.92,0.0,7.02,9.0,0.0,6.0,0.0,415.2,0.0,421.2
2020-12-11 16:12:00,0.0,0.08,0.0,5.33,0.0,5.41,9.0,0.0,4.8,0.0,319.8,0.0,324.6
2020-12-11 16:13:00,0.0,0.1,0.0,5.15,0.0,5.25,9.0,0.0,6.0,0.0,309.0,0.0,315.0
2020-12-11 16:14:00,0.0,0.15,0.0,8.15,0.0,8.3,9.0,0.0,9.0,0.0,489.0,0.0,498.00000000000006
2020-12-11 16:15:00,0.0,0.15,0.0,8.63,0.0,8.78,9.0,0.0,9.0,0.0,517.8000000000001,0.0,526.8
2020-12-11 16:16:00,0.0,0.15,0.0,5.1,0.0,5.25,9.0,0.0,9.0,0.0,306.0,0.0,315.0
2020-12-11 16:17:00,0.0,0.15,0.0,5.07,0.0,5.22,9.0,0.0,9.0,0.0,304.20000000000005,0.0,313.2
2020-12-11 16:18:00,0.0,0.13,0.0,5.12,0.0,5.25,9.0,0.0,7.800000000000001,0.0,307.2,0.0,315.0
2020-12-11 16:19:00,0.0,0.15,0.0,5.12,0.0,5.27,9.0,0.0,9.0,0.0,307.2,0.0,316.2
2020-12-11 16:20:00,0.0,0.15,0.0,5.12,0.0,5.27,9.0,0.0,9.0,0.0,307.2,0.0,316.2
2020-12-11 16:21:00,0.0,0.15,0.0,5.52,0.0,5.67,9.0,0.0,9.0,0.0,331.2,0.0,340.2
2020-12-11 16:22:00,0.0,0.15,0.0,7.97,0.0,8.12,9.0,0.0,9.0,0.0,478.2,0.0,487.19999999999993
2020-12-11 16:23:00,0.0,0.15,0.0,14.85,0.0,15.0,9.0,0.0,9.0,0.0,891.0,0.0,900.0
2020-12-11 16:24:00,0.0,0.15,0.0,18.1,0.0,18.25,9.0,0.0,9.0,0.0,1086.0,0.0,1095.0
2020-12-11 16:25:00,0.0,0.15,0.0,18.63,0.0,18.78,9.0,0.0,9.0,0.0,1117.8,0.0,1126.8000000000002
2020-12-11 16:26:00,0.0,0.15,0.0,8.28,0.0,8.43,9.0,0.0,9.0,0.0,496.79999999999995,0.0,505.8
2020-12-11 16:27:00,0.0,0.15,0.0,4.43,0.0,4.58,9.0,0.0,9.0,0.0,265.8,0.0,274.8
2020-12-11 16:28:00,0.0,0.15,0.0,4.48,0.0,4.63,9.0,0.0,9.0,0.0,268.8,0.0,277.8
2020-12-11 16:29:00,0.0,0.15,0.0,4.78,0.0,4.93,9.0,0.0,9.0,0.0,286.8,0.0,295.8
2020-12-11 16:30:00,0.0,0.15,0.0,4.83,0.0,4.98,9.0,0.0,9.0,0.0,289.8,0.0,298.8
2020-12-11 16:31:00,0.0,0.15,0.0,4.85,0.0,5.0,9.0,0.0,9.0,0.0,291.0,0.0,300.0
2020-12-11 16:32:00,0.0,0.15,0.0,4.88,0.0,5.03,9.0,0.0,9.0,0.0,292.8,0.0,301.8
2020-12-11 16:33:00,0.0,0.15,0.0,10.33,0.0,10.48,9.0,0.0,9.0,0.0,619.8000000000001,0.0,628.8000000000001
2020-12-11 16:34:00,0.0,0.15,0.0,46.85,0.0,47.0,9.0,0.0,9.0,0.0,2811.0,0.0,2820.0
2020-12-11 16:35:00,0.0,0.15,0.0,47.15,0.0,47.3,9.0,0.0,9.0,0.0,2829.0,0.0,2838.0
2020-12-11 16:36:00,0.0,0.15,0.0,47.7,0.0,47.85,9.0,0.0,9.0,0.0,2862.0,0.0,2871.0
2020-12-11 16:37:00,0.0,0.15,0.0,59.63,0.0,59.78,9.0,0.0,9.0,0.0,3577.8,0.0,3586.8
2020-12-11 16:38:00,0.0,0.15,0.0,59.32,0.0,59.47,9.0,0.0,9.0,0.0,3559.2000000000003,0.0,3568.2
2020-12-11 16:39:00,0.0,0.15,0.0,57.43,0.0,57.58,9.0,0.0,9.0,0.0,3445.8,0.0,3454.7999999999997
2020-12-11 16:40:00,0.0,0.15,0.0,52.27,0.0,52.42,9.0,0.0,9.0,0.0,3136.2000000000003,0.0,3145.2000000000003
2020-12-11 16:41:00,0.0,0.15,0.0,46.48,0.0,46.63,9.0,0.0,9.0,0.0,2788.7999999999997,0.0,2797.8
2020-12-11 16:42:00,0.0,0.15,0.0,46.32,0.0,46.47,9.0,0.0,9.0,0.0,2779.2000000000003,0.0,2788.2
2020-12-11 16:43:00,0.0,0.15,0.0,46.48,0.0,46.63,9.0,0.0,9.0,0.0,2788.7999999999997,0.0,2797.8
2020-12-11 16:44:00,0.0,0.15,0.0,46.4,0.0,46.55,8.0,0.0,9.0,0.0,2784.0,0.0,2793.0
2020-12-11 16:45:00,0.0,0.15,0.0,36.18,0.0,36.33,8.0,0.0,9.0,0.0,2170.8,0.0,2179.7999999999997
2020-12-11 16:46:00,0.0,0.15,0.0,6.38,0.0,6.53,8.0,0.0,9.0,0.0,382.8,0.0,391.8
2020-12-11 16:47:00,0.0,0.15,0.0,5.48,0.0,5.63,8.0,0.0,9.0,0.0,328.8,0.0,337.8
2020-12-11 16:48:00,0.0,0.15,0.0,11.68,0.0,11.83,8.0,0.0,9.0,0.0,700.8,0.0,709.8000000000001
2020-12-11 16:49:00,0.0,0.15,0.0,45.45,0.0,45.6,8.0,0.0,9.0,0.0,2727.0,0.0,2736.0
2020-12-11 16:50:00,0.0,0.15,0.0,41.87,0.0,42.02,8.0,0.0,9.0,0.0,2512.2,0.0,2521.2000000000003
2020-12-11 16:51:00,0.0,0.15,0.0,41.95,0.0,42.1,8.0,0.0,9.0,0.0,2517.0,0.0,2526.0
2020-12-11 16:52:00,0.0,0.15,0.0,42.2,0.0,42.35,8.0,0.0,9.0,0.0,2532.0,0.0,2541.0
2020-12-11 16:53:00,0.0,0.15,0.0,42.33,0.0,42.48,8.0,0.0,9.0,0.0,2539.7999999999997,0.0,2548.7999999999997
2020-12-11 16:54:00,0.0,0.15,0.0,42.25,0.0,42.4,8.0,0.0,9.0,0.0,2535.0,0.0,2544.0
2020-12-11 16:55:00,0.0,0.15,0.0,42.45,0.0,42.6,8.0,0.0,9.0,0.0,2547.0,0.0,2556.0
2020-12-11 16:56:00,0.0,0.15,0.0,39.53,0.0,39.68,8.0,0.0,9.0,0.0,2371.8,0.0,2380.8
2020-12-11 16:57:00,0.0,0.15,0.0,13.3,0.0,13.45,8.0,0.0,9.0,0.0,798.0,0.0,807.0
2020-12-11 16:58:00,0.0,0.15,0.0,8.63,0.0,8.78,8.0,0.0,9.0,0.0,517.8000000000001,0.0,526.8
2020-12-11 16:59:00,0.0,0.15,0.0,38.85,0.0,39.0,8.0,0.0,9.0,0.0,2331.0,0.0,2340.0
2020-12-11 17:00:00,0.0,0.15,0.0,52.62,0.0,52.77,8.0,0.0,9.0,0.0,3157.2,0.0,3166.2000000000003
2020-12-11 17:01:00,0.0,0.15,0.0,42.35,0.0,42.5,8.0,0.0,9.0,0.0,2541.0,0.0,2550.0
2020-12-11 17:02:00,0.0,0.13,0.0,19.02,0.0,19.15,8.0,0.0,7.800000000000001,0.0,1141.2,0.0,1149.0
2020-12-11 17:03:00,0.0,0.15,0.0,30.75,0.0,30.9,8.0,0.0,9.0,0.0,1845.0,0.0,1854.0
2020-12-11 17:04:00,0.0,0.13,0.0,22.58,0.0,22.71,8.0,0.0,7.800000000000001,0.0,1354.8,0.0,1362.6000000000001
2020-12-11 17:05:00,0.0,0.15,0.0,26.48,0.0,26.63,8.0,0.0,9.0,0.0,1588.8,0.0,1597.8
2020-12-11 17:06:00,0.0,0.15,0.0,18.72,0.0,18.87,8.0,0.0,9.0,0.0,1123.2,0.0,1132.2
2020-12-11 17:07:00,0.0,0.15,0.0,26.72,0.0,26.87,8.0,0.0,9.0,0.0,1603.2,0.0,1612.2
2020-12-11 17:08:00,0.0,0.15,0.0,21.03,0.0,21.18,8.0,0.0,9.0,0.0,1261.8000000000002,0.0,1270.8
2020-12-11 17:09:00,0.0,0.15,0.0,9.15,0.0,9.3,8.0,0.0,9.0,0.0,549.0,0.0,558.0
2020-12-11 17:10:00,0.0,0.15,0.0,24.7,0.0,24.85,8.0,0.0,9.0,0.0,1482.0,0.0,1491.0
2020-12-11 17:11:00,0.0,0.15,0.0,6.52,0.0,6.67,8.0,0.0,9.0,0.0,391.2,0.0,400.2
2020-12-11 17:12:00,0.0,0.15,0.0,6.62,0.0,6.77,8.0,0.0,9.0,0.0,397.2,0.0,406.2
2020-12-11 17:13:00,0.0,0.15,0.0,6.6,0.0,6.75,8.0,0.0,9.0,0.0,396.0,0.0,405.0
2020-12-11 17:14:00,0.0,0.15,0.0,6.58,0.0,6.73,8.0,0.0,9.0,0.0,394.8,0.0,403.8
2020-12-11 17:15:00,0.0,0.15,0.0,14.73,0.0,14.88,8.0,0.0,9.0,0.0,883.8000000000001,0.0,892.8000000000001
2020-12-11 17:16:00,0.0,0.15,0.0,41.93,0.0,42.08,8.0,0.0,9.0,0.0,2515.8,0.0,2524.7999999999997
2020-12-11 17:17:00,0.0,0.15,0.0,42.45,0.0,42.6,8.0,0.0,9.0,0.0,2547.0,0.0,2556.0
2020-12-11 17:18:00,0.0,0.15,0.0,25.18,0.0,25.33,8.0,0.0,9.0,0.0,1510.8,0.0,1519.8
2020-12-11 17:19:00,0.0,0.15,0.0,8.72,0.0,8.87,8.0,0.0,9.0,0.0,523.2,0.0,532.1999999999999
2020-12-11 17:20:00,0.0,0.15,0.0,8.48,0.0,8.63,8.0,0.0,9.0,0.0,508.8,0.0,517.8000000000001
2020-12-11 17:21:00,0.0,0.15,0.0,8.5,0.0,8.65,8.0,0.0,9.0,0.0,510.0,0.0,519.0
2020-12-11 17:22:00,0.0,0.15,0.0,8.43,0.0,8.58,8.0,0.0,9.0,0.0,505.8,0.0,514.8000000000001
2020-12-11 17:23:00,0.0,0.15,0.0,8.32,0.0,8.47,8.0,0.0,9.0,0.0,499.20000000000005,0.0,508.20000000000005
2020-12-11 17:24:00,0.0,0.15,0.0,8.23,0.0,8.38,8.0,0.0,9.0,0.0,493.8,0.0,502.80000000000007
2020-12-11 17:25:00,0.0,0.15,0.0,8.15,0.0,8.3,8.0,0.0,9.0,0.0,489.0,0.0,498.00000000000006
2020-12-11 17:26:00,0.0,0.15,0.0,7.97,0.0,8.12,8.0,0.0,9.0,0.0,478.2,0.0,487.19999999999993
2020-12-11 17:27:00,0.0,0.15,0.0,8.7,0.0,8.85,8.0,0.0,9.0,0.0,522.0,0.0,531.0
2020-12-11 17:28:00,0.0,0.15,0.0,14.02,0.0,14.17,8.0,0.0,9.0,0.0,841.1999999999999,0.0,850.2
2020-12-11 17:29:00,0.0,0.13,0.0,9.98,0.0,10.11,8.0,0.0,7.800000000000001,0.0,598.8000000000001,0.0,606.6
2020-12-11 17:30:00,0.0,0.13,0.0,8.08,0.0,8.21,8.0,0.0,7.800000000000001,0.0,484.8,0.0,492.6000000000001
2020-12-11 17:31:00,0.0,0.15,0.0,8.05,0.0,8.2,8.0,0.0,9.0,0.0,483.00000000000006,0.0,491.99999999999994
2020-12-11 17:32:00,0.0,0.15,0.0,8.05,0.0,8.2,8.0,0.0,9.0,0.0,483.00000000000006,0.0,491.99999999999994
2020-12-11 17:33:00,0.0,0.15,0.0,7.97,0.0,8.12,8.0,0.0,9.0,0.0,478.2,0.0,487.19999999999993
2020-12-11 17:34:00,0.0,0.15,0.0,7.97,0.0,8.12,8.0,0.0,9.0,0.0,478.2,0.0,487.19999999999993
2020-12-11 17:35:00,0.0,0.15,0.0,7.92,0.0,8.07,8.0,0.0,9.0,0.0,475.2,0.0,484.20000000000005
2020-12-11 17:36:00,0.0,0.15,0.0,7.98,0.0,8.13,8.0,0.0,9.0,0.0,478.8,0.0,487.80000000000007
2020-12-11 17:37:00,0.0,0.15,0.0,7.98,0.0,8.13,8.0,0.0,9.0,0.0,478.8,0.0,487.80000000000007
2020-12-11 17:38:00,0.0,0.15,0.0,7.97,0.0,8.12,8.0,0.0,9.0,0.0,478.2,0.0,487.19999999999993
2020-12-11 17:39:00,0.0,0.15,0.0,7.98,0.0,8.13,8.0,0.0,9.0,0.0,478.8,0.0,487.80000000000007
2020-12-11 17:40:00,0.0,0.15,0.0,8.05,0.0,8.2,8.0,0.0,9.0,0.0,483.00000000000006,0.0,491.99999999999994
2020-12-11 17:41:00,0.0,0.15,0.0,8.07,0.0,8.22,8.0,0.0,9.0,0.0,484.20000000000005,0.0,493.20000000000005
2020-12-11 17:42:00,0.0,0.15,0.0,13.65,0.0,13.8,8.0,0.0,9.0,0.0,819.0,0.0,828.0
2020-12-11 17:43:00,0.0,0.15,0.0,12.28,0.0,12.43,8.0,0.0,9.0,0.0,736.8,0.0,745.8
2020-12-11 17:44:00,0.0,0.15,0.0,8.18,0.0,8.33,8.0,0.0,9.0,0.0,490.8,0.0,499.8
2020-12-11 17:45:00,0.0,0.15,0.0,8.05,0.0,8.2,8.0,0.0,9.0,0.0,483.00000000000006,0.0,491.99999999999994
2020-12-11 17:46:00,0.0,0.15,0.0,8.03,0.0,8.18,8.0,0.0,9.0,0.0,481.79999999999995,0.0,490.8
2020-12-11 17:47:00,0.0,0.15,0.0,8.05,0.0,8.2,8.0,0.0,9.0,0.0,483.00000000000006,0.0,491.99999999999994
2020-12-11 17:48:00,0.0,0.15,0.0,8.05,0.0,8.2,8.0,0.0,9.0,0.0,483.00000000000006,0.0,491.99999999999994
2020-12-11 17:49:00,0.0,0.15,0.0,8.05,0.0,8.2,8.0,0.0,9.0,0.0,483.00000000000006,0.0,491.99999999999994
2020-12-11 17:50:00,0.0,0.15,0.0,8.03,0.0,8.18,8.0,0.0,9.0,0.0,481.79999999999995,0.0,490.8
2020-12-11 17:51:00,0.0,0.15,0.0,13.47,0.0,13.62,8.0,0.0,9.0,0.0,808.2,0.0,817.1999999999999
2020-12-11 17:52:00,0.0,0.15,0.0,9.98,0.0,10.13,8.0,0.0,9.0,0.0,598.8000000000001,0.0,607.8000000000001
2020-12-11 17:53:00,0.0,0.15,0.0,8.1,0.0,8.25,8.0,0.0,9.0,0.0,486.0,0.0,495.0
2020-12-11 17:54:00,0.0,0.15,0.0,8.27,0.0,8.42,8.0,0.0,9.0,0.0,496.2,0.0,505.2
2020-12-11 17:55:00,0.0,0.15,0.0,8.25,0.0,8.4,8.0,0.0,9.0,0.0,495.0,0.0,504.0
2020-12-11 17:56:00,0.0,0.15,0.0,7.6,0.0,7.75,8.0,0.0,9.0,0.0,456.0,0.0,465.0
2020-12-11 17:57:00,0.0,0.15,0.0,8.15,0.0,8.3,8.0,0.0,9.0,0.0,489.0,0.0,498.00000000000006
2020-12-11 17:58:00,0.0,0.15,0.0,8.25,0.0,8.4,8.0,0.0,9.0,0.0,495.0,0.0,504.0
2020-12-11 17:59:00,0.0,0.15,0.0,8.17,0.0,8.32,8.0,0.0,9.0,0.0,490.2,0.0,499.20000000000005
2020-12-11 18:00:00,0.0,0.15,0.0,8.18,0.0,8.33,8.0,0.0,9.0,0.0,490.8,0.0,499.8
2020-12-11 18:01:00,0.0,0.15,0.0,10.72,0.0,10.87,8.0,0.0,9.0,0.0,643.2,0.0,652.1999999999999
2020-12-11 18:02:00,0.0,0.15,0.0,14.18,0.0,14.33,8.0,0.0,9.0,0.0,850.8,0.0,859.8000000000001
2020-12-11 18:03:00,0.0,0.15,0.0,8.17,0.0,8.32,8.0,0.0,9.0,0.0,490.2,0.0,499.20000000000005
2020-12-11 18:04:00,0.0,0.15,0.0,8.17,0.0,8.32,8.0,0.0,9.0,0.0,490.2,0.0,499.20000000000005
2020-12-11 18:05:00,0.0,0.15,0.0,8.18,0.0,8.33,8.0,0.0,9.0,0.0,490.8,0.0,499.8
2020-12-11 18:06:00,0.0,0.15,0.0,8.15,0.0,8.3,8.0,0.0,9.0,0.0,489.0,0.0,498.00000000000006
2020-12-11 18:07:00,0.0,0.15,0.0,8.17,0.0,8.32,8.0,0.0,9.0,0.0,490.2,0.0,499.20000000000005
2020-12-11 18:08:00,0.0,0.15,0.0,8.13,0.0,8.28,8.0,0.0,9.0,0.0,487.80000000000007,0.0,496.79999999999995
2020-12-11 18:09:00,0.0,0.15,0.0,8.1,0.0,8.25,8.0,0.0,9.0,0.0,486.0,0.0,495.0
2020-12-11 18:10:00,0.0,0.15,0.0,8.08,0.0,8.23,8.0,0.0,9.0,0.0,484.8,0.0,493.8
2020-12-11 18:11:00,0.0,0.15,0.0,14.03,0.0,14.18,8.0,0.0,9.0,0.0,841.8,0.0,850.8
2020-12-11 18:12:00,0.0,0.15,0.0,10.02,0.0,10.17,8.0,0.0,9.0,0.0,601.1999999999999,0.0,610.2
2020-12-11 18:13:00,0.0,0.15,0.0,8.13,0.0,8.28,8.0,0.0,9.0,0.0,487.80000000000007,0.0,496.79999999999995
2020-12-11 18:14:00,0.0,0.15,0.0,8.08,0.0,8.23,8.0,0.0,9.0,0.0,484.8,0.0,493.8
2020-12-11 18:15:00,0.0,0.15,0.0,8.08,0.0,8.23,8.0,0.0,9.0,0.0,484.8,0.0,493.8
2020-12-11 18:16:00,0.0,0.15,0.0,8.05,0.0,8.2,8.0,0.0,9.0,0.0,483.00000000000006,0.0,491.99999999999994
2020-12-11 18:17:00,0.0,0.15,0.0,8.07,0.0,8.22,8.0,0.0,9.0,0.0,484.20000000000005,0.0,493.20000000000005
2020-12-11 18:18:00,0.0,0.15,0.0,8.15,0.0,8.3,8.0,0.0,9.0,0.0,489.0,0.0,498.00000000000006
2020-12-11 18:19:00,0.0,0.15,0.0,8.22,0.0,8.37,8.0,0.0,9.0,0.0,493.20000000000005,0.0,502.19999999999993
2020-12-11 18:20:00,0.0,0.15,0.0,11.4,0.0,11.55,8.0,0.0,9.0,0.0,684.0,0.0,693.0
2020-12-11 18:21:00,0.0,0.15,0.0,13.25,0.0,13.4,8.0,0.0,9.0,0.0,795.0,0.0,804.0
2020-12-11 18:22:00,0.0,0.15,0.0,8.28,0.0,8.43,8.0,0.0,9.0,0.0,496.79999999999995,0.0,505.8
2020-12-11 18:23:00,0.0,0.15,0.0,8.23,0.0,8.38,8.0,0.0,9.0,0.0,493.8,0.0,502.80000000000007
2020-12-11 18:24:00,0.0,0.15,0.0,8.3,0.0,8.45,8.0,0.0,9.0,0.0,498.00000000000006,0.0,506.99999999999994
2020-12-11 18:25:00,0.0,0.15,0.0,8.33,0.0,8.48,8.0,0.0,9.0,0.0,499.8,0.0,508.8
2020-12-11 18:26:00,0.0,0.15,0.0,8.37,0.0,8.52,8.0,0.0,9.0,0.0,502.19999999999993,0.0,511.2
2020-12-11 18:27:00,0.0,0.15,0.0,8.35,0.0,8.5,8.0,0.0,9.0,0.0,501.0,0.0,510.0
2020-12-11 18:28:00,0.0,0.15,0.0,8.4,0.0,8.55,8.0,0.0,9.0,0.0,504.0,0.0,513.0
2020-12-11 18:29:00,0.0,0.15,0.0,8.32,0.0,8.47,8.0,0.0,9.0,0.0,499.20000000000005,0.0,508.20000000000005
2020-12-11 18:30:00,0.0,0.15,0.0,7.38,0.0,7.53,8.0,0.0,9.0,0.0,442.8,0.0,451.8
2020-12-11 18:31:00,0.0,0.15,0.0,6.87,0.0,7.02,8.0,0.0,9.0,0.0,412.2,0.0,421.2
2020-12-11 18:32:00,0.0,0.15,0.0,12.08,0.0,12.23,8.0,0.0,9.0,0.0,724.8000000000001,0.0,733.8000000000001
2020-12-11 18:33:00,0.0,0.15,0.0,11.02,0.0,11.17,8.0,0.0,9.0,0.0,661.1999999999999,0.0,670.2
2020-12-11 18:34:00,0.0,0.15,0.0,6.93,0.0,7.08,8.0,0.0,9.0,0.0,415.8,0.0,424.8
2020-12-11 18:35:00,0.0,0.15,0.0,31.83,0.0,31.98,8.0,0.0,9.0,0.0,1909.8,0.0,1918.8
2020-12-11 18:36:00,0.0,0.15,0.0,42.88,0.0,43.03,8.0,0.0,9.0,0.0,2572.8,0.0,2581.8
2020-12-11 18:37:00,0.0,0.15,0.0,43.35,0.0,43.5,8.0,0.0,9.0,0.0,2601.0,0.0,2610.0
2020-12-11 18:38:00,0.0,0.15,0.0,43.38,0.0,43.53,8.0,0.0,9.0,0.0,2602.8,0.0,2611.8
2020-12-11 18:39:00,0.0,0.15,0.0,43.53,0.0,43.68,8.0,0.0,9.0,0.0,2611.8,0.0,2620.8
2020-12-11 18:40:00,0.0,0.15,0.0,49.47,0.0,49.62,8.0,0.0,9.0,0.0,2968.2,0.0,2977.2
2020-12-11 18:41:00,0.0,0.15,0.0,44.17,0.0,44.32,8.0,0.0,9.0,0.0,2650.2000000000003,0.0,2659.2000000000003
2020-12-11 18:42:00,0.0,0.15,0.0,43.63,0.0,43.78,8.0,0.0,9.0,0.0,2617.8,0.0,2626.8
2020-12-11 18:43:00,0.0,0.15,0.0,9.85,0.0,10.0,8.0,0.0,9.0,0.0,591.0,0.0,600.0
2020-12-11 18:44:00,0.0,0.15,0.0,7.45,0.0,7.6,8.0,0.0,9.0,0.0,447.0,0.0,456.0
2020-12-11 18:45:00,0.0,0.15,0.0,7.45,0.0,7.6,8.0,0.0,9.0,0.0,447.0,0.0,456.0
2020-12-11 18:46:00,0.0,0.15,0.0,10.37,0.0,10.52,8.0,0.0,9.0,0.0,622.1999999999999,0.0,631.1999999999999
2020-12-11 18:47:00,0.0,0.15,0.0,43.07,0.0,43.22,8.0,0.0,9.0,0.0,2584.2000000000003,0.0,2593.2
2020-12-11 18:48:00,0.0,0.15,0.0,42.57,0.0,42.72,8.0,0.0,9.0,0.0,2554.2000000000003,0.0,2563.2
2020-12-11 18:49:00,0.0,0.15,0.0,10.42,0.0,10.57,8.0,0.0,9.0,0.0,625.2,0.0,634.2
2020-12-11 18:50:00,0.0,0.15,0.0,12.7,0.0,12.85,8.0,0.0,9.0,0.0,762.0,0.0,771.0
2020-12-11 18:51:00,0.0,0.15,0.0,7.45,0.0,7.6,8.0,0.0,9.0,0.0,447.0,0.0,456.0
2020-12-11 18:52:00,0.0,0.15,0.0,33.17,0.0,33.32,8.0,0.0,9.0,0.0,1990.2,0.0,1999.2
2020-12-11 18:53:00,0.0,0.15,0.0,43.47,0.0,43.62,8.0,0.0,9.0,0.0,2608.2,0.0,2617.2
2020-12-11 18:54:00,0.0,0.15,0.0,12.05,0.0,12.2,8.0,0.0,9.0,0.0,723.0,0.0,732.0
2020-12-11 18:55:00,0.0,0.15,0.0,7.88,0.0,8.03,8.0,0.0,9.0,0.0,472.8,0.0,481.79999999999995
2020-12-11 18:56:00,0.0,0.15,0.0,7.83,0.0,7.98,8.0,0.0,9.0,0.0,469.8,0.0,478.8
2020-12-11 18:57:00,0.0,0.15,0.0,28.97,0.0,29.12,8.0,0.0,9.0,0.0,1738.2,0.0,1747.2
2020-12-11 18:58:00,0.0,0.15,0.0,59.78,0.0,59.93,8.0,0.0,9.0,0.0,3586.8,0.0,3595.8
2020-12-11 18:59:00,0.0,0.15,0.0,50.15,0.0,50.3,8.0,0.0,9.0,0.0,3009.0,0.0,3018.0
2020-12-11 19:00:00,0.0,0.15,0.0,7.98,0.0,8.13,8.0,0.0,9.0,0.0,478.8,0.0,487.80000000000007
2020-12-11 19:01:00,0.0,0.15,0.0,7.95,0.0,8.1,8.0,0.0,9.0,0.0,477.0,0.0,486.0
2020-12-11 19:02:00,0.0,0.15,0.0,7.85,0.0,8.0,8.0,0.0,9.0,0.0,471.0,0.0,480.0
2020-12-11 19:03:00,0.0,0.15,0.0,36.2,0.0,36.35,8.0,0.0,9.0,0.0,2172.0,0.0,2181.0
2020-12-11 19:04:00,0.0,0.15,0.0,42.2,0.0,42.35,8.0,0.0,9.0,0.0,2532.0,0.0,2541.0
2020-12-11 19:05:00,0.0,0.15,0.0,8.63,0.0,8.78,8.0,0.0,9.0,0.0,517.8000000000001,0.0,526.8
2020-12-11 19:06:00,0.0,0.15,0.0,27.23,0.0,27.38,8.0,0.0,9.0,0.0,1633.8,0.0,1642.8
2020-12-11 19:07:00,0.0,0.15,0.0,44.62,0.0,44.77,8.0,0.0,9.0,0.0,2677.2,0.0,2686.2000000000003
2020-12-11 19:08:00,0.0,0.15,0.0,39.85,0.0,40.0,8.0,0.0,9.0,0.0,2391.0,0.0,2400.0
2020-12-11 19:09:00,0.0,0.15,0.0,30.88,0.0,31.03,8.0,0.0,9.0,0.0,1852.8,0.0,1861.8000000000002
2020-12-11 19:10:00,0.0,0.15,0.0,14.83,0.0,14.98,8.0,0.0,9.0,0.0,889.8000000000001,0.0,898.8000000000001
2020-12-11 19:11:00,0.0,0.15,0.0,32.72,0.0,32.87,8.0,0.0,9.0,0.0,1963.2,0.0,1972.1999999999998
2020-12-11 19:12:00,0.0,0.15,0.0,30.38,0.0,30.53,8.0,0.0,9.0,0.0,1822.8,0.0,1831.8000000000002
2020-12-11 19:13:00,0.0,0.15,0.0,28.72,0.0,28.87,8.0,0.0,9.0,0.0,1723.2,0.0,1732.2
2020-12-11 19:14:00,0.0,0.15,0.0,29.3,0.0,29.45,8.0,0.0,9.0,0.0,1758.0,0.0,1767.0
2020-12-11 19:15:00,0.0,0.15,0.0,21.67,0.0,21.82,8.0,0.0,9.0,0.0,1300.2,0.0,1309.2
2020-12-11 19:16:00,0.0,0.15,0.0,22.93,0.0,23.08,8.0,0.0,9.0,0.0,1375.8,0.0,1384.8
2020-12-11 19:17:00,0.0,0.15,0.0,28.05,0.0,28.2,8.0,0.0,9.0,0.0,1683.0,0.0,1692.0
2020-12-11 19:18:00,0.0,0.15,0.0,30.27,0.0,30.42,8.0,0.0,9.0,0.0,1816.2,0.0,1825.2
2020-12-11 19:19:00,0.0,0.15,0.0,25.55,0.0,25.7,8.0,0.0,9.0,0.0,1533.0,0.0,1542.0
2020-12-11 19:20:00,0.0,0.15,0.0,16.7,0.0,16.85,8.0,0.0,9.0,0.0,1002.0,0.0,1011.0000000000001
2020-12-11 19:21:00,0.0,0.15,0.0,30.45,0.0,30.6,8.0,0.0,9.0,0.0,1827.0,0.0,1836.0
2020-12-11 19:22:00,0.0,0.15,0.0,23.8,0.0,23.95,8.0,0.0,9.0,0.0,1428.0,0.0,1437.0
2020-12-11 19:23:00,0.0,0.15,0.0,16.87,0.0,17.02,8.0,0.0,9.0,0.0,1012.2,0.0,1021.1999999999999
2020-12-11 19:24:00,0.0,0.15,0.0,18.57,0.0,18.72,8.0,0.0,9.0,0.0,1114.2,0.0,1123.2
2020-12-11 19:25:00,0.0,0.15,0.0,8.8,0.0,8.95,8.0,0.0,9.0,0.0,528.0,0.0,537.0
2020-12-11 19:26:00,0.0,0.15,0.0,7.82,0.0,7.97,8.0,0.0,9.0,0.0,469.20000000000005,0.0,478.2
2020-12-11 19:27:00,0.0,0.15,0.0,7.98,0.0,8.13,8.0,0.0,9.0,0.0,478.8,0.0,487.80000000000007
2020-12-11 19:28:00,0.0,0.15,0.0,7.88,0.0,8.03,8.0,0.0,9.0,0.0,472.8,0.0,481.79999999999995
2020-12-11 19:29:00,0.0,0.15,0.0,7.88,0.0,8.03,8.0,0.0,9.0,0.0,472.8,0.0,481.79999999999995
2020-12-11 19:30:00,0.0,0.15,0.0,7.9,0.0,8.05,8.0,0.0,9.0,0.0,474.0,0.0,483.00000000000006
2020-12-11 19:31:00,0.0,0.15,0.0,7.83,0.0,7.98,8.0,0.0,9.0,0.0,469.8,0.0,478.8
2020-12-11 19:32:00,0.0,0.15,0.0,12.53,0.0,12.68,8.0,0.0,9.0,0.0,751.8,0.0,760.8
2020-12-11 19:33:00,0.0,0.15,0.0,10.5,0.0,10.65,8.0,0.0,9.0,0.0,630.0,0.0,639.0
2020-12-11 19:34:00,0.0,0.15,0.0,7.93,0.0,8.08,8.0,0.0,9.0,0.0,475.8,0.0,484.8
2020-12-11 19:35:00,0.0,0.15,0.0,7.98,0.0,8.13,8.0,0.0,9.0,0.0,478.8,0.0,487.80000000000007
2020-12-11 19:36:00,0.0,0.15,0.0,7.57,0.0,7.72,8.0,0.0,9.0,0.0,454.20000000000005,0.0,463.2
2020-12-11 19:37:00,0.0,0.15,0.0,6.98,0.0,7.13,8.0,0.0,9.0,0.0,418.8,0.0,427.8
2020-12-11 19:38:00,0.0,0.15,0.0,7.5,0.0,7.65,8.0,0.0,9.0,0.0,450.0,0.0,459.0
2020-12-11 19:39:00,0.0,0.15,0.0,13.25,0.0,13.4,8.0,0.0,9.0,0.0,795.0,0.0,804.0
2020-12-11 19:40:00,0.0,0.15,0.0,7.73,0.0,7.88,8.0,0.0,9.0,0.0,463.8,0.0,472.8
2020-12-11 19:41:00,0.0,0.15,0.0,7.13,0.0,7.28,8.0,0.0,9.0,0.0,427.8,0.0,436.8
2020-12-11 19:42:00,0.0,0.15,0.0,7.12,0.0,7.27,8.0,0.0,9.0,0.0,427.2,0.0,436.2
2020-12-11 19:43:00,0.0,0.15,0.0,7.28,0.0,7.43,8.0,0.0,9.0,0.0,436.8,0.0,445.8
2020-12-11 19:44:00,0.0,0.15,0.0,7.07,0.0,7.22,8.0,0.0,9.0,0.0,424.20000000000005,0.0,433.2
2020-12-11 19:45:00,0.0,0.15,0.0,6.95,0.0,7.1,8.0,0.0,9.0,0.0,417.0,0.0,426.0
2020-12-11 19:46:00,0.0,0.15,0.0,6.98,0.0,7.13,8.0,0.0,9.0,0.0,418.8,0.0,427.8
2020-12-11 19:47:00,0.0,0.15,0.0,7.0,0.0,7.15,8.0,0.0,9.0,0.0,420.0,0.0,429.0
2020-12-11 19:48:00,0.0,0.15,0.0,10.75,0.0,10.9,8.0,0.0,9.0,0.0,645.0,0.0,654.0
2020-12-11 19:49:00,0.0,0.15,0.0,10.97,0.0,11.12,8.0,0.0,9.0,0.0,658.2,0.0,667.1999999999999
2020-12-11 19:50:00,0.0,0.15,0.0,6.9,0.0,7.05,8.0,0.0,9.0,0.0,414.0,0.0,423.0
2020-12-11 19:51:00,0.0,0.15,0.0,6.93,0.0,7.08,8.0,0.0,9.0,0.0,415.8,0.0,424.8
2020-12-11 19:52:00,0.0,0.15,0.0,6.78,0.0,6.93,8.0,0.0,9.0,0.0,406.8,0.0,415.8
2020-12-11 19:53:00,0.0,0.15,0.0,6.85,0.0,7.0,8.0,0.0,9.0,0.0,411.0,0.0,420.0
2020-12-11 19:54:00,0.0,0.15,0.0,6.63,0.0,6.78,8.0,0.0,9.0,0.0,397.8,0.0,406.8
2020-12-11 19:55:00,0.0,0.15,0.0,6.25,0.0,6.4,8.0,0.0,9.0,0.0,375.0,0.0,384.0
2020-12-11 19:56:00,0.0,0.15,0.0,5.9,0.0,6.05,8.0,0.0,9.0,0.0,354.0,0.0,363.0
2020-12-11 19:57:00,0.0,0.15,0.0,11.42,0.0,11.57,8.0,0.0,9.0,0.0,685.2,0.0,694.2
2020-12-11 19:58:00,0.0,0.15,0.0,8.2,0.0,8.35,8.0,0.0,9.0,0.0,491.99999999999994,0.0,501.0
2020-12-11 19:59:00,0.0,0.15,0.0,6.68,0.0,6.83,8.0,0.0,9.0,0.0,400.8,0.0,409.8
2020-12-11 20:00:00,0.0,0.15,0.0,6.53,0.0,6.68,8.0,0.0,9.0,0.0,391.8,0.0,400.8
2020-12-11 20:01:00,0.0,0.15,0.0,6.37,0.0,6.52,8.0,0.0,9.0,0.0,382.2,0.0,391.2
2020-12-11 20:02:00,0.0,0.15,0.0,6.78,0.0,6.93,8.0,0.0,9.0,0.0,406.8,0.0,415.8
2020-12-11 20:03:00,0.0,0.15,0.0,6.85,0.0,7.0,8.0,0.0,9.0,0.0,411.0,0.0,420.0
2020-12-11 20:04:00,0.0,0.15,0.0,6.93,0.0,7.08,8.0,0.0,9.0,0.0,415.8,0.0,424.8
2020-12-11 20:05:00,0.0,0.15,0.0,12.9,0.0,13.05,8.0,0.0,9.0,0.0,774.0,0.0,783.0
2020-12-11 20:06:00,0.0,0.15,0.0,7.37,0.0,7.52,8.0,0.0,9.0,0.0,442.2,0.0,451.2
2020-12-11 20:07:00,0.0,0.15,0.0,6.83,0.0,6.98,8.0,0.0,9.0,0.0,409.8,0.0,418.8
2020-12-11 20:08:00,0.0,0.15,0.0,6.87,0.0,7.02,8.0,0.0,9.0,0.0,412.2,0.0,421.2
2020-12-11 20:09:00,0.0,0.15,0.0,6.72,0.0,6.87,8.0,0.0,9.0,0.0,403.2,0.0,412.2
2020-12-11 20:10:00,0.0,0.15,0.0,6.85,0.0,7.0,8.0,0.0,9.0,0.0,411.0,0.0,420.0
2020-12-11 20:11:00,0.0,0.15,0.0,6.48,0.0,6.63,8.0,0.0,9.0,0.0,388.8,0.0,397.8
2020-12-11 20:12:00,0.0,0.15,0.0,8.27,0.0,8.42,8.0,0.0,9.0,0.0,496.2,0.0,505.2
2020-12-11 20:13:00,0.0,0.15,0.0,11.0,0.0,11.15,8.0,0.0,9.0,0.0,660.0,0.0,669.0
2020-12-11 20:14:00,0.0,0.15,0.0,7.62,0.0,7.77,8.0,0.0,9.0,0.0,457.2,0.0,466.2
2020-12-11 20:15:00,0.0,0.15,0.0,7.77,0.0,7.92,8.0,0.0,9.0,0.0,466.2,0.0,475.2
2020-12-11 20:16:00,0.0,0.15,0.0,7.67,0.0,7.82,8.0,0.0,9.0,0.0,460.2,0.0,469.20000000000005
2020-12-11 20:17:00,0.0,0.15,0.0,7.67,0.0,7.82,8.0,0.0,9.0,0.0,460.2,0.0,469.20000000000005
2020-12-11 20:18:00,0.0,0.15,0.0,7.58,0.0,7.73,8.0,0.0,9.0,0.0,454.8,0.0,463.8
2020-12-11 20:19:00,0.0,0.15,0.0,7.62,0.0,7.77,8.0,0.0,9.0,0.0,457.2,0.0,466.2
2020-12-11 20:20:00,0.0,0.15,0.0,8.97,0.0,9.12,8.0,0.0,9.0,0.0,538.2,0.0,547.1999999999999
2020-12-11 20:21:00,0.0,0.15,0.0,13.4,0.0,13.55,8.0,0.0,9.0,0.0,804.0,0.0,813.0
2020-12-11 20:22:00,0.0,0.15,0.0,7.62,0.0,7.77,8.0,0.0,9.0,0.0,457.2,0.0,466.2
2020-12-11 20:23:00,0.0,0.17,0.0,7.73,0.0,7.9,8.0,0.0,10.200000000000001,0.0,463.8,0.0,474.0
2020-12-11 20:24:00,0.0,0.15,0.0,7.78,0.0,7.93,8.0,0.0,9.0,0.0,466.8,0.0,475.8
2020-12-11 20:25:00,0.0,0.17,0.0,7.65,0.0,7.82,8.0,0.0,10.200000000000001,0.0,459.0,0.0,469.20000000000005
2020-12-11 20:26:00,0.0,0.17,0.0,7.52,0.0,7.69,8.0,0.0,10.200000000000001,0.0,451.2,0.0,461.40000000000003
2020-12-11 20:27:00,0.0,0.15,0.0,7.77,0.0,7.92,8.0,0.0,9.0,0.0,466.2,0.0,475.2
2020-12-11 20:28:00,0.0,0.15,0.0,12.88,0.0,13.03,8.0,0.0,9.0,0.0,772.8000000000001,0.0,781.8
2020-12-11 20:29:00,0.0,0.15,0.0,9.47,0.0,9.62,8.0,0.0,9.0,0.0,568.2,0.0,577.1999999999999
2020-12-11 20:30:00,0.0,0.15,0.0,7.98,0.0,8.13,8.0,0.0,9.0,0.0,478.8,0.0,487.80000000000007
2020-12-11 20:31:00,0.0,0.15,0.0,7.98,0.0,8.13,8.0,0.0,9.0,0.0,478.8,0.0,487.80000000000007
2020-12-11 20:32:00,0.0,0.17,0.0,7.88,0.0,8.05,8.0,0.0,10.200000000000001,0.0,472.8,0.0,483.00000000000006
2020-12-11 20:33:00,0.0,0.17,0.0,7.9,0.0,8.07,8.0,0.0,10.200000000000001,0.0,474.0,0.0,484.20000000000005
2020-12-11 20:34:00,0.0,0.17,0.0,7.95,0.0,8.12,8.0,0.0,10.200000000000001,0.0,477.0,0.0,487.19999999999993
2020-12-11 20:35:00,0.0,0.17,0.0,7.88,0.0,8.05,8.0,0.0,10.200000000000001,0.0,472.8,0.0,483.00000000000006
2020-12-11 20:36:00,0.0,0.17,0.0,9.67,0.0,9.84,8.0,0.0,10.200000000000001,0.0,580.2,0.0,590.4
2020-12-11 20:37:00,0.0,0.15,0.0,13.55,0.0,13.7,8.0,0.0,9.0,0.0,813.0,0.0,822.0
2020-12-11 20:38:00,0.0,0.17,0.0,7.87,0.0,8.04,8.0,0.0,10.200000000000001,0.0,472.2,0.0,482.4
2020-12-11 20:39:00,0.0,0.17,0.0,7.75,0.0,7.92,8.0,0.0,10.200000000000001,0.0,465.0,0.0,475.2
2020-12-11 20:40:00,0.0,0.15,0.0,7.75,0.0,7.9,8.0,0.0,9.0,0.0,465.0,0.0,474.0
2020-12-11 20:41:00,0.0,0.17,0.0,7.83,0.0,8.0,8.0,0.0,10.200000000000001,0.0,469.8,0.0,480.0
2020-12-11 20:42:00,0.0,0.17,0.0,7.78,0.0,7.95,8.0,0.0,10.200000000000001,0.0,466.8,0.0,477.0
2020-12-11 20:43:00,0.0,0.17,0.0,7.88,0.0,8.05,8.0,0.0,10.200000000000001,0.0,472.8,0.0,483.00000000000006
2020-12-11 20:44:00,0.0,0.17,0.0,7.92,0.0,8.09,8.0,0.0,10.200000000000001,0.0,475.2,0.0,485.4
2020-12-11 20:45:00,0.0,0.17,0.0,13.93,0.0,14.1,8.0,0.0,10.200000000000001,0.0,835.8,0.0,846.0
2020-12-11 20:46:00,0.0,0.17,0.0,10.62,0.0,10.79,8.0,0.0,10.200000000000001,0.0,637.1999999999999,0.0,647.4
2020-12-11 20:47:00,0.0,0.17,0.0,8.68,0.0,8.85,8.0,0.0,10.200000000000001,0.0,520.8,0.0,531.0
2020-12-11 20:48:00,0.0,0.17,0.0,8.72,0.0,8.89,8.0,0.0,10.200000000000001,0.0,523.2,0.0,533.4000000000001
2020-12-11 20:49:00,0.0,0.17,0.0,8.6,0.0,8.77,8.0,0.0,10.200000000000001,0.0,516.0,0.0,526.1999999999999
2020-12-11 20:50:00,0.0,0.15,0.0,8.63,0.0,8.78,8.0,0.0,9.0,0.0,517.8000000000001,0.0,526.8
2020-12-11 20:51:00,0.0,0.15,0.0,8.62,0.0,8.77,8.0,0.0,9.0,0.0,517.1999999999999,0.0,526.1999999999999
2020-12-11 20:52:00,0.0,0.15,0.0,14.0,0.0,14.15,8.0,0.0,9.0,0.0,840.0,0.0,849.0
2020-12-11 20:53:00,0.0,0.17,0.0,9.7,0.0,9.87,8.0,0.0,10.200000000000001,0.0,582.0,0.0,592.1999999999999
2020-12-11 20:54:00,0.0,0.15,0.0,8.37,0.0,8.52,8.0,0.0,9.0,0.0,502.19999999999993,0.0,511.2
2020-12-11 20:55:00,0.0,0.17,0.0,8.48,0.0,8.65,8.0,0.0,10.200000000000001,0.0,508.8,0.0,519.0
2020-12-11 20:56:00,0.0,0.17,0.0,8.45,0.0,8.62,8.0,0.0,10.200000000000001,0.0,506.99999999999994,0.0,517.1999999999999
2020-12-11 20:57:00,0.0,0.15,0.0,8.47,0.0,8.62,8.0,0.0,9.0,0.0,508.20000000000005,0.0,517.1999999999999
2020-12-11 20:58:00,0.0,0.17,0.0,8.53,0.0,8.7,8.0,0.0,10.200000000000001,0.0,511.79999999999995,0.0,522.0
2020-12-11 20:59:00,0.0,0.17,0.0,8.52,0.0,8.69,8.0,0.0,10.200000000000001,0.0,511.2,0.0,521.4
2020-12-11 21:00:00,0.0,0.17,0.0,10.22,0.0,10.39,8.0,0.0,10.200000000000001,0.0,613.2,0.0,623.4000000000001
2020-12-11 21:01:00,0.0,0.15,0.0,13.85,0.0,14.0,8.0,0.0,9.0,0.0,831.0,0.0,840.0
2020-12-11 21:02:00,0.0,0.15,0.0,8.6,0.0,8.75,8.0,0.0,9.0,0.0,516.0,0.0,525.0
2020-12-11 21:03:00,0.0,0.15,0.0,8.52,0.0,8.67,8.0,0.0,9.0,0.0,511.2,0.0,520.2
2020-12-11 21:04:00,0.0,0.15,0.0,8.03,0.0,8.18,8.0,0.0,9.0,0.0,481.79999999999995,0.0,490.8
2020-12-11 21:05:00,0.0,0.15,0.0,8.45,0.0,8.6,8.0,0.0,9.0,0.0,506.99999999999994,0.0,516.0
2020-12-11 21:06:00,0.0,0.15,0.0,8.58,0.0,8.73,8.0,0.0,9.0,0.0,514.8000000000001,0.0,523.8000000000001
2020-12-11 21:07:00,0.0,0.15,0.0,8.65,0.0,8.8,8.0,0.0,9.0,0.0,519.0,0.0,528.0
2020-12-11 21:08:00,0.0,0.15,0.0,8.65,0.0,8.8,8.0,0.0,9.0,0.0,519.0,0.0,528.0
2020-12-11 21:09:00,0.0,0.15,0.0,8.62,0.0,8.77,8.0,0.0,9.0,0.0,517.1999999999999,0.0,526.1999999999999
2020-12-11 21:10:00,0.0,0.15,0.0,8.13,0.0,8.28,8.0,0.0,9.0,0.0,487.80000000000007,0.0,496.79999999999995
2020-12-11 21:11:00,0.0,0.15,0.0,7.77,0.0,7.92,8.0,0.0,9.0,0.0,466.2,0.0,475.2
2020-12-11 21:12:00,0.0,0.15,0.0,9.47,0.0,9.62,8.0,0.0,9.0,0.0,568.2,0.0,577.1999999999999
2020-12-11 21:13:00,0.0,0.15,0.0,14.22,0.0,14.37,8.0,0.0,9.0,0.0,853.2,0.0,862.1999999999999
2020-12-11 21:14:00,0.0,0.15,0.0,9.63,0.0,9.78,8.0,0.0,9.0,0.0,577.8000000000001,0.0,586.8
2020-12-11 21:15:00,0.0,0.15,0.0,7.35,0.0,7.5,8.0,0.0,9.0,0.0,441.0,0.0,450.0
2020-12-11 21:16:00,0.0,0.15,0.0,7.87,0.0,8.02,8.0,0.0,9.0,0.0,472.2,0.0,481.2
2020-12-11 21:17:00,0.0,0.15,0.0,7.87,0.0,8.02,8.0,0.0,9.0,0.0,472.2,0.0,481.2
2020-12-11 21:18:00,0.0,0.17,0.0,7.2,0.0,7.37,8.0,0.0,10.200000000000001,0.0,432.0,0.0,442.2
2020-12-11 21:19:00,0.0,0.15,0.0,6.72,0.0,6.87,8.0,0.0,9.0,0.0,403.2,0.0,412.2
2020-12-11 21:20:00,0.0,0.15,0.0,7.27,0.0,7.42,8.0,0.0,9.0,0.0,436.2,0.0,445.2
2020-12-11 21:21:00,0.0,0.15,0.0,7.03,0.0,7.18,8.0,0.0,9.0,0.0,421.8,0.0,430.8
2020-12-11 21:22:00,0.0,0.15,0.0,10.57,0.0,10.72,8.0,0.0,9.0,0.0,634.2,0.0,643.2
2020-12-11 21:23:00,0.0,0.15,0.0,10.3,0.0,10.45,8.0,0.0,9.0,0.0,618.0,0.0,627.0
2020-12-11 21:24:00,0.0,0.15,0.0,6.3,0.0,6.45,8.0,0.0,9.0,0.0,378.0,0.0,387.0
2020-12-11 21:25:00,0.0,0.15,0.0,6.2,0.0,6.35,8.0,0.0,9.0,0.0,372.0,0.0,381.0
2020-12-11 21:26:00,0.0,0.15,0.0,5.85,0.0,6.0,8.0,0.0,9.0,0.0,351.0,0.0,360.0
2020-12-11 21:27:00,0.0,0.15,0.0,5.83,0.0,5.98,8.0,0.0,9.0,0.0,349.8,0.0,358.8
2020-12-11 21:28:00,0.0,0.17,0.0,5.77,0.0,5.94,8.0,0.0,10.200000000000001,0.0,346.2,0.0,356.40000000000003
2020-12-11 21:29:00,0.0,0.15,0.0,5.75,0.0,5.9,8.0,0.0,9.0,0.0,345.0,0.0,354.0
2020-12-11 21:30:00,0.0,0.15,0.0,7.03,0.0,7.18,8.0,0.0,9.0,0.0,421.8,0.0,430.8
2020-12-11 21:31:00,0.0,0.17,0.0,12.53,0.0,12.7,8.0,0.0,10.200000000000001,0.0,751.8,0.0,762.0
2020-12-11 21:32:00,0.0,0.15,0.0,5.13,0.0,5.28,8.0,0.0,9.0,0.0,307.8,0.0,316.8
2020-12-11 21:33:00,0.0,0.17,0.0,5.0,0.0,5.17,8.0,0.0,10.200000000000001,0.0,300.0,0.0,310.2
2020-12-11 21:34:00,0.0,0.15,0.0,5.08,0.0,5.23,8.0,0.0,9.0,0.0,304.8,0.0,313.8
2020-12-11 21:35:00,0.0,0.17,0.0,5.08,0.0,5.25,8.0,0.0,10.200000000000001,0.0,304.8,0.0,315.0
2020-12-11 21:36:00,0.0,0.15,0.0,5.1,0.0,5.25,8.0,0.0,9.0,0.0,306.0,0.0,315.0
2020-12-11 21:37:00,0.0,0.17,0.0,5.42,0.0,5.59,8.0,0.0,10.200000000000001,0.0,325.2,0.0,335.4
2020-12-11 21:38:00,0.0,0.17,0.0,11.07,0.0,11.24,8.0,0.0,10.200000000000001,0.0,664.2,0.0,674.4
2020-12-11 21:39:00,0.0,0.17,0.0,5.28,0.0,5.45,8.0,0.0,10.200000000000001,0.0,316.8,0.0,327.0
2020-12-11 21:40:00,0.0,0.17,0.0,5.6,0.0,5.77,8.0,0.0,10.200000000000001,0.0,336.0,0.0,346.2
2020-12-11 21:41:00,0.0,0.17,0.0,5.58,0.0,5.75,8.0,0.0,10.200000000000001,0.0,334.8,0.0,345.0
2020-12-11 21:42:00,0.0,0.17,0.0,5.62,0.0,5.79,8.0,0.0,10.200000000000001,0.0,337.2,0.0,347.40000000000003
2020-12-11 21:43:00,0.0,0.17,0.0,5.58,0.0,5.75,8.0,0.0,10.200000000000001,0.0,334.8,0.0,345.0
2020-12-11 21:44:00,0.0,0.17,0.0,5.53,0.0,5.7,8.0,0.0,10.200000000000001,0.0,331.8,0.0,342.0
2020-12-11 21:45:00,0.0,0.17,0.0,5.15,0.0,5.32,8.0,0.0,10.200000000000001,0.0,309.0,0.0,319.20000000000005
2020-12-11 21:46:00,0.0,0.17,0.0,6.57,0.0,6.74,8.0,0.0,10.200000000000001,0.0,394.20000000000005,0.0,404.40000000000003
2020-12-11 21:47:00,0.0,0.17,0.0,11.23,0.0,11.4,8.0,0.0,10.200000000000001,0.0,673.8000000000001,0.0,684.0
2020-12-11 21:48:00,0.0,0.17,0.0,5.12,0.0,5.29,8.0,0.0,10.200000000000001,0.0,307.2,0.0,317.40000000000003
2020-12-11 21:49:00,0.0,0.17,0.0,5.02,0.0,5.19,8.0,0.0,10.200000000000001,0.0,301.2,0.0,311.40000000000003
2020-12-11 21:50:00,0.0,0.17,0.0,5.02,0.0,5.19,8.0,0.0,10.200000000000001,0.0,301.2,0.0,311.40000000000003
2020-12-11 21:51:00,0.0,0.17,0.0,5.03,0.0,5.2,8.0,0.0,10.200000000000001,0.0,301.8,0.0,312.0
2020-12-11 21:52:00,0.0,0.17,0.0,5.02,0.0,5.19,8.0,0.0,10.200000000000001,0.0,301.2,0.0,311.40000000000003
2020-12-11 21:53:00,0.0,0.17,0.0,4.95,0.0,5.12,8.0,0.0,10.200000000000001,0.0,297.0,0.0,307.2
2020-12-11 21:54:00,0.0,0.17,0.0,5.95,0.0,6.12,8.0,0.0,10.200000000000001,0.0,357.0,0.0,367.2
2020-12-11 21:55:00,0.0,0.17,0.0,10.35,0.0,10.52,8.0,0.0,10.200000000000001,0.0,621.0,0.0,631.1999999999999
2020-12-11 21:56:00,0.0,0.17,0.0,5.0,0.0,5.17,8.0,0.0,10.200000000000001,0.0,300.0,0.0,310.2
2020-12-11 21:57:00,0.0,0.17,0.0,5.0,0.0,5.17,8.0,0.0,10.200000000000001,0.0,300.0,0.0,310.2
2020-12-11 21:58:00,0.0,0.17,0.0,5.02,0.0,5.19,8.0,0.0,10.200000000000001,0.0,301.2,0.0,311.40000000000003
2020-12-11 21:59:00,0.0,0.17,0.0,5.03,0.0,5.2,8.0,0.0,10.200000000000001,0.0,301.8,0.0,312.0
2020-12-11 22:00:00,0.0,0.17,0.0,5.08,0.0,5.25,8.0,0.0,10.200000000000001,0.0,304.8,0.0,315.0
2020-12-11 22:01:00,0.0,0.17,0.0,5.02,0.0,5.19,8.0,0.0,10.200000000000001,0.0,301.2,0.0,311.40000000000003
2020-12-11 22:02:00,0.0,0.17,0.0,4.92,0.0,5.09,8.0,0.0,10.200000000000001,0.0,295.2,0.0,305.4
2020-12-11 22:03:00,0.0,0.17,0.0,5.07,0.0,5.24,8.0,0.0,10.200000000000001,0.0,304.20000000000005,0.0,314.40000000000003
2020-12-11 22:04:00,0.0,0.17,0.0,5.03,0.0,5.2,8.0,0.0,10.200000000000001,0.0,301.8,0.0,312.0
2020-12-11 22:05:00,0.0,0.17,0.0,9.13,0.0,9.3,8.0,0.0,10.200000000000001,0.0,547.8000000000001,0.0,558.0
2020-12-11 22:06:00,0.0,0.17,0.0,8.73,0.0,8.9,8.0,0.0,10.200000000000001,0.0,523.8000000000001,0.0,534.0
2020-12-11 22:07:00,0.0,0.17,0.0,5.03,0.0,5.2,8.0,0.0,10.200000000000001,0.0,301.8,0.0,312.0
2020-12-11 22:08:00,0.0,0.17,0.0,5.03,0.0,5.2,8.0,0.0,10.200000000000001,0.0,301.8,0.0,312.0
2020-12-11 22:09:00,0.0,0.17,0.0,5.07,0.0,5.24,8.0,0.0,10.200000000000001,0.0,304.20000000000005,0.0,314.40000000000003
2020-12-11 22:10:00,0.0,0.17,0.0,5.05,0.0,5.22,8.0,0.0,10.200000000000001,0.0,303.0,0.0,313.2
2020-12-11 22:11:00,0.0,0.15,0.0,5.02,0.0,5.17,8.0,0.0,9.0,0.0,301.2,0.0,310.2
2020-12-11 22:12:00,0.0,0.15,0.0,5.02,0.0,5.17,8.0,0.0,9.0,0.0,301.2,0.0,310.2
2020-12-11 22:13:00,0.0,0.17,0.0,5.02,0.0,5.19,8.0,0.0,10.200000000000001,0.0,301.2,0.0,311.40000000000003
2020-12-11 22:14:00,0.0,0.15,0.0,7.77,0.0,7.92,8.0,0.0,9.0,0.0,466.2,0.0,475.2
2020-12-11 22:15:00,0.0,0.15,0.0,9.15,0.0,9.3,8.0,0.0,9.0,0.0,549.0,0.0,558.0
2020-12-11 22:16:00,0.0,0.15,0.0,4.88,0.0,5.03,8.0,0.0,9.0,0.0,292.8,0.0,301.8
2020-12-11 22:17:00,0.0,0.17,0.0,4.88,0.0,5.05,8.0,0.0,10.200000000000001,0.0,292.8,0.0,303.0
2020-12-11 22:18:00,0.0,0.17,0.0,4.88,0.0,5.05,8.0,0.0,10.200000000000001,0.0,292.8,0.0,303.0
2020-12-11 22:19:00,0.0,0.17,0.0,4.88,0.0,5.05,8.0,0.0,10.200000000000001,0.0,292.8,0.0,303.0
2020-12-11 22:20:00,0.0,0.15,0.0,4.93,0.0,5.08,8.0,0.0,9.0,0.0,295.8,0.0,304.8
2020-12-11 22:21:00,0.0,0.15,0.0,9.52,0.0,9.67,8.0,0.0,9.0,0.0,571.1999999999999,0.0,580.2
2020-12-11 22:22:00,0.0,0.17,0.0,5.6,0.0,5.77,8.0,0.0,10.200000000000001,0.0,336.0,0.0,346.2
2020-12-11 22:23:00,0.0,0.17,0.0,4.88,0.0,5.05,8.0,0.0,10.200000000000001,0.0,292.8,0.0,303.0
2020-12-11 22:24:00,0.0,0.15,0.0,4.87,0.0,5.02,8.0,0.0,9.0,0.0,292.2,0.0,301.2
2020-12-11 22:25:00,0.0,0.15,0.0,4.87,0.0,5.02,8.0,0.0,9.0,0.0,292.2,0.0,301.2
2020-12-11 22:26:00,0.0,0.17,0.0,4.88,0.0,5.05,8.0,0.0,10.200000000000001,0.0,292.8,0.0,303.0
2020-12-11 22:27:00,0.0,0.17,0.0,4.88,0.0,5.05,8.0,0.0,10.200000000000001,0.0,292.8,0.0,303.0
2020-12-11 22:28:00,0.0,0.17,0.0,4.9,0.0,5.07,8.0,0.0,10.200000000000001,0.0,294.0,0.0,304.20000000000005
2020-12-11 22:29:00,0.0,0.17,0.0,4.9,0.0,5.07,8.0,0.0,10.200000000000001,0.0,294.0,0.0,304.20000000000005
2020-12-11 22:30:00,0.0,0.15,0.0,9.62,0.0,9.77,8.0,0.0,9.0,0.0,577.1999999999999,0.0,586.1999999999999
2020-12-11 22:31:00,0.0,0.15,0.0,7.1,0.0,7.25,8.0,0.0,9.0,0.0,426.0,0.0,435.0
2020-12-11 22:32:00,0.0,0.17,0.0,4.9,0.0,5.07,8.0,0.0,10.200000000000001,0.0,294.0,0.0,304.20000000000005
2020-12-11 22:33:00,0.0,0.17,0.0,4.75,0.0,4.92,8.0,0.0,10.200000000000001,0.0,285.0,0.0,295.2
2020-12-11 22:34:00,0.0,0.17,0.0,5.18,0.0,5.35,8.0,0.0,10.200000000000001,0.0,310.8,0.0,321.0
2020-12-11 22:35:00,0.0,0.17,0.0,4.75,0.0,4.92,8.0,0.0,10.200000000000001,0.0,285.0,0.0,295.2
2020-12-11 22:36:00,0.0,0.15,0.0,4.22,0.0,4.37,8.0,0.0,9.0,0.0,253.2,0.0,262.2
2020-12-11 22:37:00,0.0,0.17,0.0,4.32,0.0,4.49,8.0,0.0,10.200000000000001,0.0,259.20000000000005,0.0,269.40000000000003
2020-12-11 22:38:00,0.0,0.17,0.0,4.47,0.0,4.64,8.0,0.0,10.200000000000001,0.0,268.2,0.0,278.4
2020-12-11 22:39:00,0.0,0.15,0.0,10.62,0.0,10.77,8.0,0.0,9.0,0.0,637.1999999999999,0.0,646.1999999999999
2020-12-11 22:40:00,0.0,0.15,0.0,4.53,0.0,4.68,8.0,0.0,9.0,0.0,271.8,0.0,280.8
2020-12-11 22:41:00,0.0,0.15,0.0,4.17,0.0,4.32,8.0,0.0,9.0,0.0,250.2,0.0,259.20000000000005
2020-12-11 22:42:00,0.0,0.15,0.0,4.22,0.0,4.37,8.0,0.0,9.0,0.0,253.2,0.0,262.2
2020-12-11 22:43:00,0.0,0.15,0.0,4.2,0.0,4.35,8.0,0.0,9.0,0.0,252.0,0.0,261.0
2020-12-11 22:44:00,0.0,0.15,0.0,4.2,0.0,4.35,8.0,0.0,9.0,0.0,252.0,0.0,261.0
2020-12-11 22:45:00,0.0,0.15,0.0,4.2,0.0,4.35,8.0,0.0,9.0,0.0,252.0,0.0,261.0
2020-12-11 22:46:00,0.0,0.15,0.0,4.22,0.0,4.37,8.0,0.0,9.0,0.0,253.2,0.0,262.2
2020-12-11 22:47:00,0.0,0.15,0.0,4.25,0.0,4.4,8.0,0.0,9.0,0.0,255.0,0.0,264.0
2020-12-11 22:48:00,0.0,0.15,0.0,8.95,0.0,9.1,8.0,0.0,9.0,0.0,537.0,0.0,546.0
2020-12-11 22:49:00,0.0,0.15,0.0,6.33,0.0,6.48,8.0,0.0,9.0,0.0,379.8,0.0,388.8
2020-12-11 22:50:00,0.0,0.15,0.0,4.25,0.0,4.4,8.0,0.0,9.0,0.0,255.0,0.0,264.0
2020-12-11 22:51:00,0.0,0.15,0.0,4.27,0.0,4.42,8.0,0.0,9.0,0.0,256.2,0.0,265.2
2020-12-11 22:52:00,0.0,0.15,0.0,4.25,0.0,4.4,8.0,0.0,9.0,0.0,255.0,0.0,264.0
2020-12-11 22:53:00,0.0,0.15,0.0,4.27,0.0,4.42,8.0,0.0,9.0,0.0,256.2,0.0,265.2
2020-12-11 22:54:00,0.0,0.15,0.0,4.27,0.0,4.42,8.0,0.0,9.0,0.0,256.2,0.0,265.2
2020-12-11 22:55:00,0.0,0.15,0.0,4.27,0.0,4.42,8.0,0.0,9.0,0.0,256.2,0.0,265.2
2020-12-11 22:56:00,0.0,0.15,0.0,4.28,0.0,4.43,8.0,0.0,9.0,0.0,256.8,0.0,265.8
2020-12-11 22:57:00,0.0,0.15,0.0,8.3,0.0,8.45,8.0,0.0,9.0,0.0,498.00000000000006,0.0,506.99999999999994
2020-12-11 22:58:00,0.0,0.15,0.0,7.1,0.0,7.25,8.0,0.0,9.0,0.0,426.0,0.0,435.0
2020-12-11 22:59:00,0.0,0.15,0.0,4.3,0.0,4.45,8.0,0.0,9.0,0.0,258.0,0.0,267.0
2020-12-11 23:00:00,0.0,0.15,0.0,4.28,0.0,4.43,8.0,0.0,9.0,0.0,256.8,0.0,265.8
2020-12-11 23:01:00,0.0,0.15,0.0,4.25,0.0,4.4,8.0,0.0,9.0,0.0,255.0,0.0,264.0
2020-12-11 23:02:00,0.0,0.15,0.0,4.25,0.0,4.4,8.0,0.0,9.0,0.0,255.0,0.0,264.0
2020-12-11 23:03:00,0.0,0.15,0.0,4.12,0.0,4.27,8.0,0.0,9.0,0.0,247.20000000000002,0.0,256.2
2020-12-11 23:04:00,0.0,0.15,0.0,4.28,0.0,4.43,8.0,0.0,9.0,0.0,256.8,0.0,265.8
2020-12-11 23:05:00,0.0,0.15,0.0,4.73,0.0,4.88,8.0,0.0,9.0,0.0,283.8,0.0,292.8
2020-12-11 23:06:00,0.0,0.15,0.0,9.48,0.0,9.63,8.0,0.0,9.0,0.0,568.8000000000001,0.0,577.8000000000001
2020-12-11 23:07:00,0.0,0.15,0.0,3.95,0.0,4.1,8.0,0.0,9.0,0.0,237.0,0.0,245.99999999999997
2020-12-11 23:08:00,0.0,0.15,0.0,4.2,0.0,4.35,8.0,0.0,9.0,0.0,252.0,0.0,261.0
2020-12-11 23:09:00,0.0,0.15,0.0,4.15,0.0,4.3,8.0,0.0,9.0,0.0,249.00000000000003,0.0,258.0
2020-12-11 23:10:00,0.0,0.15,0.0,4.15,0.0,4.3,8.0,0.0,9.0,0.0,249.00000000000003,0.0,258.0
2020-12-11 23:11:00,0.0,0.15,0.0,4.17,0.0,4.32,8.0,0.0,9.0,0.0,250.2,0.0,259.20000000000005
2020-12-11 23:12:00,0.0,0.15,0.0,6.73,0.0,6.88,8.0,0.0,9.0,0.0,403.8,0.0,412.8
2020-12-11 23:13:00,0.0,0.15,0.0,6.93,0.0,7.08,8.0,0.0,9.0,0.0,415.8,0.0,424.8
2020-12-11 23:14:00,0.0,0.15,0.0,4.18,0.0,4.33,8.0,0.0,9.0,0.0,250.79999999999998,0.0,259.8
2020-12-11 23:15:00,0.0,0.15,0.0,4.18,0.0,4.33,8.0,0.0,9.0,0.0,250.79999999999998,0.0,259.8
2020-12-11 23:16:00,0.0,0.15,0.0,4.15,0.0,4.3,8.0,0.0,9.0,0.0,249.00000000000003,0.0,258.0
2020-12-11 23:17:00,0.0,0.15,0.0,4.15,0.0,4.3,8.0,0.0,9.0,0.0,249.00000000000003,0.0,258.0
2020-12-11 23:18:00,0.0,0.15,0.0,4.18,0.0,4.33,8.0,0.0,9.0,0.0,250.79999999999998,0.0,259.8
2020-12-11 23:19:00,0.0,0.15,0.0,4.18,0.0,4.33,8.0,0.0,9.0,0.0,250.79999999999998,0.0,259.8
2020-12-11 23:20:00,0.0,0.15,0.0,4.17,0.0,4.32,8.0,0.0,9.0,0.0,250.2,0.0,259.20000000000005
2020-12-11 23:21:00,0.0,0.15,0.0,4.17,0.0,4.32,8.0,0.0,9.0,0.0,250.2,0.0,259.20000000000005
2020-12-11 23:22:00,0.0,0.15,0.0,10.27,0.0,10.42,8.0,0.0,9.0,0.0,616.1999999999999,0.0,625.2
2020-12-11 23:23:00,0.0,0.15,0.0,5.25,0.0,5.4,8.0,0.0,9.0,0.0,315.0,0.0,324.0
2020-12-11 23:24:00,0.0,0.15,0.0,5.65,0.0,5.8,8.0,0.0,9.0,0.0,339.0,0.0,348.0
2020-12-11 23:25:00,0.0,0.13,0.0,5.12,0.0,5.25,8.0,0.0,7.800000000000001,0.0,307.2,0.0,315.0
2020-12-11 23:26:00,0.0,0.15,0.0,5.1,0.0,5.25,8.0,0.0,9.0,0.0,306.0,0.0,315.0
2020-12-11 23:27:00,0.0,0.15,0.0,5.03,0.0,5.18,8.0,0.0,9.0,0.0,301.8,0.0,310.8
2020-12-11 23:28:00,0.0,0.15,0.0,5.02,0.0,5.17,8.0,0.0,9.0,0.0,301.2,0.0,310.2
2020-12-11 23:29:00,0.0,0.15,0.0,7.13,0.0,7.28,8.0,0.0,9.0,0.0,427.8,0.0,436.8
2020-12-11 23:30:00,0.0,0.15,0.0,8.13,0.0,8.28,8.0,0.0,9.0,0.0,487.80000000000007,0.0,496.79999999999995
2020-12-11 23:31:00,0.0,0.15,0.0,4.75,0.0,4.9,8.0,0.0,9.0,0.0,285.0,0.0,294.0
2020-12-11 23:32:00,0.0,0.15,0.0,4.77,0.0,4.92,8.0,0.0,9.0,0.0,286.2,0.0,295.2
2020-12-11 23:33:00,0.0,0.15,0.0,4.77,0.0,4.92,8.0,0.0,9.0,0.0,286.2,0.0,295.2
2020-12-11 23:34:00,0.0,0.15,0.0,4.78,0.0,4.93,8.0,0.0,9.0,0.0,286.8,0.0,295.8
2020-12-11 23:35:00,0.0,0.15,0.0,4.75,0.0,4.9,8.0,0.0,9.0,0.0,285.0,0.0,294.0
2020-12-11 23:36:00,0.0,0.15,0.0,4.75,0.0,4.9,8.0,0.0,9.0,0.0,285.0,0.0,294.0
2020-12-11 23:37:00,0.0,0.15,0.0,4.75,0.0,4.9,8.0,0.0,9.0,0.0,285.0,0.0,294.0
2020-12-11 23:38:00,0.0,0.15,0.0,5.65,0.0,5.8,8.0,0.0,9.0,0.0,339.0,0.0,348.0
2020-12-11 23:39:00,0.0,0.15,0.0,10.73,0.0,10.88,8.0,0.0,9.0,0.0,643.8000000000001,0.0,652.8000000000001
2020-12-11 23:40:00,0.0,0.15,0.0,4.77,0.0,4.92,8.0,0.0,9.0,0.0,286.2,0.0,295.2
2020-12-11 23:41:00,0.0,0.15,0.0,4.77,0.0,4.92,8.0,0.0,9.0,0.0,286.2,0.0,295.2
2020-12-11 23:42:00,0.0,0.15,0.0,4.77,0.0,4.92,8.0,0.0,9.0,0.0,286.2,0.0,295.2
2020-12-11 23:43:00,0.0,0.15,0.0,4.73,0.0,4.88,8.0,0.0,9.0,0.0,283.8,0.0,292.8
2020-12-11 23:44:00,0.0,0.15,0.0,4.78,0.0,4.93,8.0,0.0,9.0,0.0,286.8,0.0,295.8
2020-12-11 23:45:00,0.0,0.15,0.0,7.13,0.0,7.28,8.0,0.0,9.0,0.0,427.8,0.0,436.8
2020-12-11 23:46:00,0.0,0.15,0.0,8.63,0.0,8.78,8.0,0.0,9.0,0.0,517.8000000000001,0.0,526.8
2020-12-11 23:47:00,0.0,0.15,0.0,4.73,0.0,4.88,8.0,0.0,9.0,0.0,283.8,0.0,292.8
2020-12-11 23:48:00,0.0,0.15,0.0,4.77,0.0,4.92,8.0,0.0,9.0,0.0,286.2,0.0,295.2
2020-12-11 23:49:00,0.0,0.15,0.0,4.75,0.0,4.9,8.0,0.0,9.0,0.0,285.0,0.0,294.0
2020-12-11 23:50:00,0.0,0.15,0.0,4.77,0.0,4.92,8.0,0.0,9.0,0.0,286.2,0.0,295.2
2020-12-11 23:51:00,0.0,0.15,0.0,4.77,0.0,4.92,8.0,0.0,9.0,0.0,286.2,0.0,295.2
2020-12-11 23:52:00,0.0,0.15,0.0,4.8,0.0,4.95,8.0,0.0,9.0,0.0,288.0,0.0,297.0
2020-12-11 23:53:00,0.0,0.15,0.0,4.77,0.0,4.92,8.0,0.0,9.0,0.0,286.2,0.0,295.2
2020-12-11 23:54:00,0.0,0.15,0.0,4.78,0.0,4.93,8.0,0.0,9.0,0.0,286.8,0.0,295.8
2020-12-11 23:55:00,0.0,0.15,0.0,9.15,0.0,9.3,8.0,0.0,9.0,0.0,549.0,0.0,558.0
2020-12-11 23:56:00,0.0,0.15,0.0,7.32,0.0,7.47,8.0,0.0,9.0,0.0,439.20000000000005,0.0,448.2
2020-12-11 23:57:00,0.0,0.15,0.0,4.73,0.0,4.88,8.0,0.0,9.0,0.0,283.8,0.0,292.8
2020-12-11 23:58:00,0.0,0.15,0.0,5.85,0.0,6.0,8.0,0.0,9.0,0.0,351.0,0.0,360.0
2020-12-11 23:59:00,0.0,0.15,0.0,6.7,0.0,6.85,8.0,0.0,9.0,0.0,402.0,0.0,411.0
2020-12-12 00:00:00,0.0,0.13,0.0,6.9,0.0,7.03,10.0,0.0,7.800000000000001,0.0,414.0,0.0,421.8
2020-12-12 00:01:00,0.0,0.13,0.0,6.93,0.0,7.06,10.0,0.0,7.800000000000001,0.0,415.8,0.0,423.59999999999997
2020-12-12 00:02:00,0.0,0.13,0.0,6.97,0.0,7.1,10.0,0.0,7.800000000000001,0.0,418.2,0.0,426.0
2020-12-12 00:03:00,0.0,0.15,0.0,6.95,0.0,7.1,10.0,0.0,9.0,0.0,417.0,0.0,426.0
2020-12-12 00:04:00,0.0,0.13,0.0,6.93,0.0,7.06,10.0,0.0,7.800000000000001,0.0,415.8,0.0,423.59999999999997
2020-12-12 00:05:00,0.0,0.13,0.0,6.97,0.0,7.1,10.0,0.0,7.800000000000001,0.0,418.2,0.0,426.0
2020-12-12 00:06:00,0.0,0.13,0.0,6.98,0.0,7.11,10.0,0.0,7.800000000000001,0.0,418.8,0.0,426.6
2020-12-12 00:07:00,0.0,0.13,0.0,6.93,0.0,7.06,10.0,0.0,7.800000000000001,0.0,415.8,0.0,423.59999999999997
2020-12-12 00:08:00,0.0,0.13,0.0,6.9,0.0,7.03,10.0,0.0,7.800000000000001,0.0,414.0,0.0,421.8
2020-12-12 00:09:00,0.0,0.13,0.0,6.8,0.0,6.93,10.0,0.0,7.800000000000001,0.0,408.0,0.0,415.8
2020-12-12 00:10:00,0.0,0.13,0.0,6.93,0.0,7.06,10.0,0.0,7.800000000000001,0.0,415.8,0.0,423.59999999999997
2020-12-12 00:11:00,0.0,0.13,0.0,6.95,0.0,7.08,10.0,0.0,7.800000000000001,0.0,417.0,0.0,424.8
2020-12-12 00:12:00,0.0,0.13,0.0,7.02,0.0,7.15,10.0,0.0,7.800000000000001,0.0,421.2,0.0,429.0
2020-12-12 00:13:00,0.0,0.13,0.0,7.0,0.0,7.13,10.0,0.0,7.800000000000001,0.0,420.0,0.0,427.8
2020-12-12 00:14:00,0.0,0.13,0.0,7.03,0.0,7.16,10.0,0.0,7.800000000000001,0.0,421.8,0.0,429.6
2020-12-12 00:15:00,0.0,0.13,0.0,6.98,0.0,7.11,10.0,0.0,7.800000000000001,0.0,418.8,0.0,426.6
2020-12-12 00:16:00,0.0,0.13,0.0,7.05,0.0,7.18,10.0,0.0,7.800000000000001,0.0,423.0,0.0,430.8
2020-12-12 00:17:00,0.0,0.13,0.0,6.88,0.0,7.01,10.0,0.0,7.800000000000001,0.0,412.8,0.0,420.59999999999997
2020-12-12 00:18:00,0.0,0.13,0.0,6.48,0.0,6.61,10.0,0.0,7.800000000000001,0.0,388.8,0.0,396.6
2020-12-12 00:19:00,0.0,0.15,0.0,6.95,0.0,7.1,10.0,0.0,9.0,0.0,417.0,0.0,426.0
2020-12-12 00:20:00,0.0,0.13,0.0,6.87,0.0,7.0,10.0,0.0,7.800000000000001,0.0,412.2,0.0,420.0
2020-12-12 00:21:00,0.0,0.13,0.0,6.93,0.0,7.06,10.0,0.0,7.800000000000001,0.0,415.8,0.0,423.59999999999997
2020-12-12 00:22:00,0.0,0.15,0.0,8.53,0.0,8.68,10.0,0.0,9.0,0.0,511.79999999999995,0.0,520.8
2020-12-12 00:23:00,0.0,0.15,0.0,12.83,0.0,12.98,10.0,0.0,9.0,0.0,769.8000000000001,0.0,778.8000000000001
2020-12-12 00:24:00,0.0,0.15,0.0,6.0,0.0,6.15,10.0,0.0,9.0,0.0,360.0,0.0,369.0
2020-12-12 00:25:00,0.0,0.15,0.0,5.6,0.0,5.75,10.0,0.0,9.0,0.0,336.0,0.0,345.0
2020-12-12 00:26:00,0.0,0.15,0.0,5.55,0.0,5.7,10.0,0.0,9.0,0.0,333.0,0.0,342.0
2020-12-12 00:27:00,0.0,0.13,0.0,5.32,0.0,5.45,10.0,0.0,7.800000000000001,0.0,319.20000000000005,0.0,327.0
2020-12-12 00:28:00,0.0,0.15,0.0,5.43,0.0,5.58,10.0,0.0,9.0,0.0,325.8,0.0,334.8
2020-12-12 00:29:00,0.0,0.15,0.0,5.28,0.0,5.43,10.0,0.0,9.0,0.0,316.8,0.0,325.8
2020-12-12 00:30:00,0.0,0.13,0.0,5.68,0.0,5.81,10.0,0.0,7.800000000000001,0.0,340.8,0.0,348.59999999999997
2020-12-12 00:31:00,0.0,0.13,0.0,5.78,0.0,5.91,10.0,0.0,7.800000000000001,0.0,346.8,0.0,354.6
2020-12-12 00:32:00,0.0,0.13,0.0,5.78,0.0,5.91,10.0,0.0,7.800000000000001,0.0,346.8,0.0,354.6
2020-12-12 00:33:00,0.0,0.13,0.0,5.75,0.0,5.88,10.0,0.0,7.800000000000001,0.0,345.0,0.0,352.8
2020-12-12 00:34:00,0.0,0.15,0.0,5.73,0.0,5.88,10.0,0.0,9.0,0.0,343.8,0.0,352.8
2020-12-12 00:35:00,0.0,0.15,0.0,5.63,0.0,5.78,10.0,0.0,9.0,0.0,337.8,0.0,346.8
2020-12-12 00:36:00,0.0,0.15,0.0,5.68,0.0,5.83,10.0,0.0,9.0,0.0,340.8,0.0,349.8
2020-12-12 00:37:00,0.0,0.15,0.0,5.67,0.0,5.82,10.0,0.0,9.0,0.0,340.2,0.0,349.20000000000005
2020-12-12 00:38:00,0.0,0.15,0.0,5.68,0.0,5.83,10.0,0.0,9.0,0.0,340.8,0.0,349.8
2020-12-12 00:39:00,0.0,0.15,0.0,5.67,0.0,5.82,10.0,0.0,9.0,0.0,340.2,0.0,349.20000000000005
2020-12-12 00:40:00,0.0,0.15,0.0,5.72,0.0,5.87,10.0,0.0,9.0,0.0,343.2,0.0,352.2
2020-12-12 00:41:00,0.0,0.15,0.0,5.68,0.0,5.83,10.0,0.0,9.0,0.0,340.8,0.0,349.8
2020-12-12 00:42:00,0.0,0.15,0.0,5.65,0.0,5.8,10.0,0.0,9.0,0.0,339.0,0.0,348.0
2020-12-12 00:43:00,0.0,0.15,0.0,5.68,0.0,5.83,10.0,0.0,9.0,0.0,340.8,0.0,349.8
2020-12-12 00:44:00,0.0,0.13,0.0,5.65,0.0,5.78,10.0,0.0,7.800000000000001,0.0,339.0,0.0,346.8
2020-12-12 00:45:00,0.0,0.15,0.0,5.63,0.0,5.78,10.0,0.0,9.0,0.0,337.8,0.0,346.8
2020-12-12 00:46:00,0.0,0.13,0.0,5.63,0.0,5.76,10.0,0.0,7.800000000000001,0.0,337.8,0.0,345.59999999999997
2020-12-12 00:47:00,0.0,0.15,0.0,5.62,0.0,5.77,10.0,0.0,9.0,0.0,337.2,0.0,346.2
2020-12-12 00:48:00,0.0,0.13,0.0,5.63,0.0,5.76,10.0,0.0,7.800000000000001,0.0,337.8,0.0,345.59999999999997
2020-12-12 00:49:00,0.0,0.15,0.0,5.65,0.0,5.8,10.0,0.0,9.0,0.0,339.0,0.0,348.0
2020-12-12 00:50:00,0.0,0.13,0.0,5.63,0.0,5.76,10.0,0.0,7.800000000000001,0.0,337.8,0.0,345.59999999999997
2020-12-12 00:51:00,0.0,0.13,0.0,5.67,0.0,5.8,10.0,0.0,7.800000000000001,0.0,340.2,0.0,348.0
2020-12-12 00:52:00,0.0,0.15,0.0,5.65,0.0,5.8,10.0,0.0,9.0,0.0,339.0,0.0,348.0
2020-12-12 00:53:00,0.0,0.13,0.0,5.9,0.0,6.03,10.0,0.0,7.800000000000001,0.0,354.0,0.0,361.8
2020-12-12 00:54:00,0.0,0.13,0.0,6.08,0.0,6.21,10.0,0.0,7.800000000000001,0.0,364.8,0.0,372.6
2020-12-12 00:55:00,0.0,0.13,0.0,6.12,0.0,6.25,10.0,0.0,7.800000000000001,0.0,367.2,0.0,375.0
2020-12-12 00:56:00,0.0,0.13,0.0,6.1,0.0,6.23,10.0,0.0,7.800000000000001,0.0,366.0,0.0,373.8
2020-12-12 00:57:00,0.0,0.13,0.0,6.08,0.0,6.21,10.0,0.0,7.800000000000001,0.0,364.8,0.0,372.6
2020-12-12 00:58:00,0.0,0.13,0.0,6.03,0.0,6.16,10.0,0.0,7.800000000000001,0.0,361.8,0.0,369.6
2020-12-12 00:59:00,0.0,0.13,0.0,6.07,0.0,6.2,10.0,0.0,7.800000000000001,0.0,364.20000000000005,0.0,372.0
2020-12-12 01:00:00,0.0,0.13,0.0,5.72,0.0,5.85,10.0,0.0,7.800000000000001,0.0,343.2,0.0,351.0
2020-12-12 01:01:00,0.0,0.13,0.0,5.7,0.0,5.83,10.0,0.0,7.800000000000001,0.0,342.0,0.0,349.8
2020-12-12 01:02:00,0.0,0.15,0.0,5.72,0.0,5.87,10.0,0.0,9.0,0.0,343.2,0.0,352.2
2020-12-12 01:03:00,0.0,0.13,0.0,5.72,0.0,5.85,10.0,0.0,7.800000000000001,0.0,343.2,0.0,351.0
2020-12-12 01:04:00,0.0,0.15,0.0,5.67,0.0,5.82,10.0,0.0,9.0,0.0,340.2,0.0,349.20000000000005
2020-12-12 01:05:00,0.0,0.13,0.0,5.7,0.0,5.83,10.0,0.0,7.800000000000001,0.0,342.0,0.0,349.8
2020-12-12 01:06:00,0.0,0.15,0.0,5.7,0.0,5.85,10.0,0.0,9.0,0.0,342.0,0.0,351.0
2020-12-12 01:07:00,0.0,0.15,0.0,5.68,0.0,5.83,10.0,0.0,9.0,0.0,340.8,0.0,349.8
2020-12-12 01:08:00,0.0,0.15,0.0,5.67,0.0,5.82,10.0,0.0,9.0,0.0,340.2,0.0,349.20000000000005
2020-12-12 01:09:00,0.0,0.15,0.0,5.65,0.0,5.8,10.0,0.0,9.0,0.0,339.0,0.0,348.0
2020-12-12 01:10:00,0.0,0.15,0.0,5.68,0.0,5.83,10.0,0.0,9.0,0.0,340.8,0.0,349.8
2020-12-12 01:11:00,0.0,0.15,0.0,5.72,0.0,5.87,10.0,0.0,9.0,0.0,343.2,0.0,352.2
2020-12-12 01:12:00,0.0,0.15,0.0,5.73,0.0,5.88,10.0,0.0,9.0,0.0,343.8,0.0,352.8
2020-12-12 01:13:00,0.0,0.15,0.0,5.72,0.0,5.87,10.0,0.0,9.0,0.0,343.2,0.0,352.2
2020-12-12 01:14:00,0.0,0.15,0.0,5.73,0.0,5.88,10.0,0.0,9.0,0.0,343.8,0.0,352.8
2020-12-12 01:15:00,0.0,0.15,0.0,5.73,0.0,5.88,10.0,0.0,9.0,0.0,343.8,0.0,352.8
2020-12-12 01:16:00,0.0,0.15,0.0,5.73,0.0,5.88,10.0,0.0,9.0,0.0,343.8,0.0,352.8
2020-12-12 01:17:00,0.0,0.15,0.0,5.75,0.0,5.9,10.0,0.0,9.0,0.0,345.0,0.0,354.0
2020-12-12 01:18:00,0.0,0.15,0.0,5.68,0.0,5.83,10.0,0.0,9.0,0.0,340.8,0.0,349.8
2020-12-12 01:19:00,0.0,0.15,0.0,5.68,0.0,5.83,10.0,0.0,9.0,0.0,340.8,0.0,349.8
2020-12-12 01:20:00,0.0,0.13,0.0,5.7,0.0,5.83,10.0,0.0,7.800000000000001,0.0,342.0,0.0,349.8
2020-12-12 01:21:00,0.0,0.15,0.0,5.72,0.0,5.87,10.0,0.0,9.0,0.0,343.2,0.0,352.2
2020-12-12 01:22:00,0.0,0.15,0.0,5.73,0.0,5.88,10.0,0.0,9.0,0.0,343.8,0.0,352.8
2020-12-12 01:23:00,0.0,0.13,0.0,5.6,0.0,5.73,10.0,0.0,7.800000000000001,0.0,336.0,0.0,343.8
2020-12-12 01:24:00,0.0,0.15,0.0,5.7,0.0,5.85,10.0,0.0,9.0,0.0,342.0,0.0,351.0
2020-12-12 01:25:00,0.0,0.13,0.0,5.72,0.0,5.85,10.0,0.0,7.800000000000001,0.0,343.2,0.0,351.0
2020-12-12 01:26:00,0.0,0.13,0.0,5.72,0.0,5.85,10.0,0.0,7.800000000000001,0.0,343.2,0.0,351.0
2020-12-12 01:27:00,0.0,0.13,0.0,5.73,0.0,5.86,10.0,0.0,7.800000000000001,0.0,343.8,0.0,351.6
2020-12-12 01:28:00,0.0,0.13,0.0,5.68,0.0,5.81,10.0,0.0,7.800000000000001,0.0,340.8,0.0,348.59999999999997
2020-12-12 01:29:00,0.0,0.15,0.0,8.42,0.0,8.57,10.0,0.0,9.0,0.0,505.2,0.0,514.2
2020-12-12 01:30:00,0.0,0.13,0.0,7.58,0.0,7.71,10.0,0.0,7.800000000000001,0.0,454.8,0.0,462.6
2020-12-12 01:31:00,0.0,0.15,0.0,7.57,0.0,7.72,10.0,0.0,9.0,0.0,454.20000000000005,0.0,463.2
2020-12-12 01:32:00,0.0,0.13,0.0,7.18,0.0,7.31,10.0,0.0,7.800000000000001,0.0,430.8,0.0,438.59999999999997
2020-12-12 01:33:00,0.0,0.13,0.0,7.32,0.0,7.45,10.0,0.0,7.800000000000001,0.0,439.20000000000005,0.0,447.0
2020-12-12 01:34:00,0.0,0.15,0.0,7.5,0.0,7.65,10.0,0.0,9.0,0.0,450.0,0.0,459.0
2020-12-12 01:35:00,0.0,0.13,0.0,6.65,0.0,6.78,10.0,0.0,7.800000000000001,0.0,399.0,0.0,406.8
2020-12-12 01:36:00,0.0,0.13,0.0,5.87,0.0,6.0,10.0,0.0,7.800000000000001,0.0,352.2,0.0,360.0
2020-12-12 01:37:00,0.0,0.13,0.0,4.93,0.0,5.06,10.0,0.0,7.800000000000001,0.0,295.8,0.0,303.59999999999997
2020-12-12 01:38:00,0.0,0.13,0.0,4.85,0.0,4.98,10.0,0.0,7.800000000000001,0.0,291.0,0.0,298.8
2020-12-12 01:39:00,0.0,0.13,0.0,4.8,0.0,4.93,10.0,0.0,7.800000000000001,0.0,288.0,0.0,295.8
2020-12-12 01:40:00,0.0,0.13,0.0,4.8,0.0,4.93,10.0,0.0,7.800000000000001,0.0,288.0,0.0,295.8
2020-12-12 01:41:00,0.0,0.13,0.0,5.52,0.0,5.65,10.0,0.0,7.800000000000001,0.0,331.2,0.0,339.0
2020-12-12 01:42:00,0.0,0.13,0.0,5.05,0.0,5.18,10.0,0.0,7.800000000000001,0.0,303.0,0.0,310.8
2020-12-12 01:43:00,0.0,0.13,0.0,4.48,0.0,4.61,10.0,0.0,7.800000000000001,0.0,268.8,0.0,276.6
2020-12-12 01:44:00,0.0,0.13,0.0,4.55,0.0,4.68,10.0,0.0,7.800000000000001,0.0,273.0,0.0,280.8
2020-12-12 01:45:00,0.0,0.13,0.0,4.5,0.0,4.63,10.0,0.0,7.800000000000001,0.0,270.0,0.0,277.8
2020-12-12 01:46:00,0.0,0.13,0.0,4.43,0.0,4.56,10.0,0.0,7.800000000000001,0.0,265.8,0.0,273.59999999999997
2020-12-12 01:47:00,0.0,0.13,0.0,4.42,0.0,4.55,10.0,0.0,7.800000000000001,0.0,265.2,0.0,273.0
2020-12-12 01:48:00,0.0,0.13,0.0,4.4,0.0,4.53,10.0,0.0,7.800000000000001,0.0,264.0,0.0,271.8
2020-12-12 01:49:00,0.0,0.13,0.0,4.48,0.0,4.61,10.0,0.0,7.800000000000001,0.0,268.8,0.0,276.6
2020-12-12 01:50:00,0.0,0.13,0.0,4.48,0.0,4.61,10.0,0.0,7.800000000000001,0.0,268.8,0.0,276.6
2020-12-12 01:51:00,0.0,0.13,0.0,4.4,0.0,4.53,10.0,0.0,7.800000000000001,0.0,264.0,0.0,271.8
2020-12-12 01:52:00,0.0,0.13,0.0,4.42,0.0,4.55,10.0,0.0,7.800000000000001,0.0,265.2,0.0,273.0
2020-12-12 01:53:00,0.0,0.13,0.0,4.38,0.0,4.51,10.0,0.0,7.800000000000001,0.0,262.8,0.0,270.59999999999997
2020-12-12 01:54:00,0.0,0.13,0.0,4.38,0.0,4.51,10.0,0.0,7.800000000000001,0.0,262.8,0.0,270.59999999999997
2020-12-12 01:55:00,0.0,0.13,0.0,4.37,0.0,4.5,10.0,0.0,7.800000000000001,0.0,262.2,0.0,270.0
2020-12-12 01:56:00,0.0,0.13,0.0,4.35,0.0,4.48,10.0,0.0,7.800000000000001,0.0,261.0,0.0,268.8
2020-12-12 01:57:00,0.0,0.13,0.0,4.37,0.0,4.5,10.0,0.0,7.800000000000001,0.0,262.2,0.0,270.0
2020-12-12 01:58:00,0.0,0.13,0.0,4.35,0.0,4.48,10.0,0.0,7.800000000000001,0.0,261.0,0.0,268.8
2020-12-12 01:59:00,0.0,0.13,0.0,4.32,0.0,4.45,10.0,0.0,7.800000000000001,0.0,259.20000000000005,0.0,267.0
2020-12-12 02:00:00,0.0,0.13,0.0,4.3,0.0,4.43,10.0,0.0,7.800000000000001,0.0,258.0,0.0,265.8
2020-12-12 02:01:00,0.0,0.13,0.0,4.3,0.0,4.43,10.0,0.0,7.800000000000001,0.0,258.0,0.0,265.8
2020-12-12 02:02:00,0.0,0.13,0.0,4.32,0.0,4.45,10.0,0.0,7.800000000000001,0.0,259.20000000000005,0.0,267.0
2020-12-12 02:03:00,0.0,0.13,0.0,4.3,0.0,4.43,10.0,0.0,7.800000000000001,0.0,258.0,0.0,265.8
2020-12-12 02:04:00,0.0,0.13,0.0,4.3,0.0,4.43,10.0,0.0,7.800000000000001,0.0,258.0,0.0,265.8
2020-12-12 02:05:00,0.0,0.13,0.0,4.32,0.0,4.45,10.0,0.0,7.800000000000001,0.0,259.20000000000005,0.0,267.0
2020-12-12 02:06:00,0.0,0.13,0.0,4.33,0.0,4.46,10.0,0.0,7.800000000000001,0.0,259.8,0.0,267.6
2020-12-12 02:07:00,0.0,0.15,0.0,4.37,0.0,4.52,10.0,0.0,9.0,0.0,262.2,0.0,271.2
2020-12-12 02:08:00,0.0,0.13,0.0,4.35,0.0,4.48,10.0,0.0,7.800000000000001,0.0,261.0,0.0,268.8
2020-12-12 02:09:00,0.0,0.13,0.0,4.3,0.0,4.43,10.0,0.0,7.800000000000001,0.0,258.0,0.0,265.8
2020-12-12 02:10:00,0.0,0.13,0.0,4.28,0.0,4.41,10.0,0.0,7.800000000000001,0.0,256.8,0.0,264.6
2020-12-12 02:11:00,0.0,0.13,0.0,4.28,0.0,4.41,10.0,0.0,7.800000000000001,0.0,256.8,0.0,264.6
2020-12-12 02:12:00,0.0,0.13,0.0,4.3,0.0,4.43,10.0,0.0,7.800000000000001,0.0,258.0,0.0,265.8
2020-12-12 02:13:00,0.0,0.13,0.0,4.3,0.0,4.43,10.0,0.0,7.800000000000001,0.0,258.0,0.0,265.8
2020-12-12 02:14:00,0.0,0.13,0.0,4.3,0.0,4.43,10.0,0.0,7.800000000000001,0.0,258.0,0.0,265.8
2020-12-12 02:15:00,0.0,0.13,0.0,4.28,0.0,4.41,9.0,0.0,7.800000000000001,0.0,256.8,0.0,264.6
2020-12-12 02:16:00,0.0,0.13,0.0,4.28,0.0,4.41,9.0,0.0,7.800000000000001,0.0,256.8,0.0,264.6
2020-12-12 02:17:00,0.0,0.13,0.0,4.28,0.0,4.41,9.0,0.0,7.800000000000001,0.0,256.8,0.0,264.6
2020-12-12 02:18:00,0.0,0.13,0.0,4.3,0.0,4.43,9.0,0.0,7.800000000000001,0.0,258.0,0.0,265.8
2020-12-12 02:19:00,0.0,0.15,0.0,4.25,0.0,4.4,9.0,0.0,9.0,0.0,255.0,0.0,264.0
2020-12-12 02:20:00,0.0,0.13,0.0,4.25,0.0,4.38,9.0,0.0,7.800000000000001,0.0,255.0,0.0,262.8
2020-12-12 02:21:00,0.0,0.13,0.0,4.0,0.0,4.13,9.0,0.0,7.800000000000001,0.0,240.0,0.0,247.79999999999998
2020-12-12 02:22:00,0.0,0.13,0.0,2.68,0.0,2.81,9.0,0.0,7.800000000000001,0.0,160.8,0.0,168.6
2020-12-12 02:23:00,0.0,0.13,0.0,2.68,0.0,2.81,9.0,0.0,7.800000000000001,0.0,160.8,0.0,168.6
2020-12-12 02:24:00,0.0,0.13,0.0,2.68,0.0,2.81,9.0,0.0,7.800000000000001,0.0,160.8,0.0,168.6
2020-12-12 02:25:00,0.0,0.13,0.0,2.65,0.0,2.78,9.0,0.0,7.800000000000001,0.0,159.0,0.0,166.79999999999998
2020-12-12 02:26:00,0.0,0.13,0.0,2.62,0.0,2.75,9.0,0.0,7.800000000000001,0.0,157.20000000000002,0.0,165.0
2020-12-12 02:27:00,0.0,0.13,0.0,2.63,0.0,2.76,9.0,0.0,7.800000000000001,0.0,157.79999999999998,0.0,165.6
2020-12-12 02:28:00,0.0,0.13,0.0,2.65,0.0,2.78,9.0,0.0,7.800000000000001,0.0,159.0,0.0,166.79999999999998
2020-12-12 02:29:00,0.0,0.13,0.0,2.65,0.0,2.78,9.0,0.0,7.800000000000001,0.0,159.0,0.0,166.79999999999998
2020-12-12 02:30:00,0.0,0.13,0.0,2.6,0.0,2.73,9.0,0.0,7.800000000000001,0.0,156.0,0.0,163.8
2020-12-12 02:31:00,0.0,0.15,0.0,2.53,0.0,2.68,9.0,0.0,9.0,0.0,151.79999999999998,0.0,160.8
2020-12-12 02:32:00,0.0,0.13,0.0,2.52,0.0,2.65,9.0,0.0,7.800000000000001,0.0,151.20000000000002,0.0,159.0
2020-12-12 02:33:00,0.0,0.13,0.0,2.6,0.0,2.73,9.0,0.0,7.800000000000001,0.0,156.0,0.0,163.8
2020-12-12 02:34:00,0.0,0.15,0.0,2.6,0.0,2.75,9.0,0.0,9.0,0.0,156.0,0.0,165.0
2020-12-12 02:35:00,0.0,0.13,0.0,2.6,0.0,2.73,9.0,0.0,7.800000000000001,0.0,156.0,0.0,163.8
2020-12-12 02:36:00,0.0,0.13,0.0,2.58,0.0,2.71,9.0,0.0,7.800000000000001,0.0,154.8,0.0,162.6
2020-12-12 02:37:00,0.0,0.13,0.0,2.6,0.0,2.73,9.0,0.0,7.800000000000001,0.0,156.0,0.0,163.8
2020-12-12 02:38:00,0.0,0.13,0.0,2.57,0.0,2.7,9.0,0.0,7.800000000000001,0.0,154.2,0.0,162.0
2020-12-12 02:39:00,0.0,0.13,0.0,2.57,0.0,2.7,9.0,0.0,7.800000000000001,0.0,154.2,0.0,162.0
2020-12-12 02:40:00,0.0,0.13,0.0,2.58,0.0,2.71,9.0,0.0,7.800000000000001,0.0,154.8,0.0,162.6
2020-12-12 02:41:00,0.0,0.13,0.0,2.7,0.0,2.83,9.0,0.0,7.800000000000001,0.0,162.0,0.0,169.8
2020-12-12 02:42:00,0.0,0.13,0.0,3.0,0.0,3.13,9.0,0.0,7.800000000000001,0.0,180.0,0.0,187.79999999999998
2020-12-12 02:43:00,0.0,0.13,0.0,3.0,0.0,3.13,9.0,0.0,7.800000000000001,0.0,180.0,0.0,187.79999999999998
2020-12-12 02:44:00,0.0,0.13,0.0,3.03,0.0,3.16,9.0,0.0,7.800000000000001,0.0,181.79999999999998,0.0,189.60000000000002
2020-12-12 02:45:00,0.0,0.13,0.0,2.97,0.0,3.1,9.0,0.0,7.800000000000001,0.0,178.20000000000002,0.0,186.0
2020-12-12 02:46:00,0.0,0.13,0.0,2.88,0.0,3.01,9.0,0.0,7.800000000000001,0.0,172.79999999999998,0.0,180.6
2020-12-12 02:47:00,0.0,0.13,0.0,2.83,0.0,2.96,9.0,0.0,7.800000000000001,0.0,169.8,0.0,177.6
2020-12-12 02:48:00,0.0,0.13,0.0,2.62,0.0,2.75,9.0,0.0,7.800000000000001,0.0,157.20000000000002,0.0,165.0
2020-12-12 02:49:00,0.0,0.13,0.0,2.6,0.0,2.73,9.0,0.0,7.800000000000001,0.0,156.0,0.0,163.8
2020-12-12 02:50:00,0.0,0.13,0.0,2.58,0.0,2.71,9.0,0.0,7.800000000000001,0.0,154.8,0.0,162.6
2020-12-12 02:51:00,0.0,0.13,0.0,2.6,0.0,2.73,9.0,0.0,7.800000000000001,0.0,156.0,0.0,163.8
2020-12-12 02:52:00,0.0,0.13,0.0,2.58,0.0,2.71,9.0,0.0,7.800000000000001,0.0,154.8,0.0,162.6
2020-12-12 02:53:00,0.0,0.13,0.0,2.6,0.0,2.73,9.0,0.0,7.800000000000001,0.0,156.0,0.0,163.8
2020-12-12 02:54:00,0.0,0.13,0.0,2.6,0.0,2.73,9.0,0.0,7.800000000000001,0.0,156.0,0.0,163.8
2020-12-12 02:55:00,0.0,0.13,0.0,2.6,0.0,2.73,9.0,0.0,7.800000000000001,0.0,156.0,0.0,163.8
2020-12-12 02:56:00,0.0,0.13,0.0,2.58,0.0,2.71,9.0,0.0,7.800000000000001,0.0,154.8,0.0,162.6
2020-12-12 02:57:00,0.0,0.13,0.0,2.6,0.0,2.73,9.0,0.0,7.800000000000001,0.0,156.0,0.0,163.8
2020-12-12 02:58:00,0.0,0.13,0.0,2.58,0.0,2.71,9.0,0.0,7.800000000000001,0.0,154.8,0.0,162.6
2020-12-12 02:59:00,0.0,0.13,0.0,2.62,0.0,2.75,9.0,0.0,7.800000000000001,0.0,157.20000000000002,0.0,165.0
2020-12-12 03:00:00,0.0,0.13,0.0,3.85,0.0,3.98,9.0,0.0,7.800000000000001,0.0,231.0,0.0,238.8
2020-12-12 03:01:00,0.0,0.15,0.0,8.87,0.0,9.02,9.0,0.0,9.0,0.0,532.1999999999999,0.0,541.1999999999999
2020-12-12 03:02:00,0.0,0.13,0.0,5.27,0.0,5.4,9.0,0.0,7.800000000000001,0.0,316.2,0.0,324.0
2020-12-12 03:03:00,0.0,0.15,0.0,2.7,0.0,2.85,9.0,0.0,9.0,0.0,162.0,0.0,171.0
2020-12-12 03:04:00,0.0,0.15,0.0,2.68,0.0,2.83,9.0,0.0,9.0,0.0,160.8,0.0,169.8
2020-12-12 03:05:00,0.0,0.13,0.0,2.63,0.0,2.76,9.0,0.0,7.800000000000001,0.0,157.79999999999998,0.0,165.6
2020-12-12 03:06:00,0.0,0.13,0.0,2.63,0.0,2.76,9.0,0.0,7.800000000000001,0.0,157.79999999999998,0.0,165.6
2020-12-12 03:07:00,0.0,0.13,0.0,2.63,0.0,2.76,9.0,0.0,7.800000000000001,0.0,157.79999999999998,0.0,165.6
2020-12-12 03:08:00,0.0,0.13,0.0,2.6,0.0,2.73,9.0,0.0,7.800000000000001,0.0,156.0,0.0,163.8
2020-12-12 03:09:00,0.0,0.13,0.0,2.6,0.0,2.73,9.0,0.0,7.800000000000001,0.0,156.0,0.0,163.8
2020-12-12 03:10:00,0.0,0.13,0.0,2.62,0.0,2.75,9.0,0.0,7.800000000000001,0.0,157.20000000000002,0.0,165.0
2020-12-12 03:11:00,0.0,0.13,0.0,2.63,0.0,2.76,9.0,0.0,7.800000000000001,0.0,157.79999999999998,0.0,165.6
2020-12-12 03:12:00,0.0,0.13,0.0,2.65,0.0,2.78,9.0,0.0,7.800000000000001,0.0,159.0,0.0,166.79999999999998
2020-12-12 03:13:00,0.0,0.13,0.0,2.6,0.0,2.73,9.0,0.0,7.800000000000001,0.0,156.0,0.0,163.8
2020-12-12 03:14:00,0.0,0.13,0.0,2.62,0.0,2.75,9.0,0.0,7.800000000000001,0.0,157.20000000000002,0.0,165.0
2020-12-12 03:15:00,0.0,0.13,0.0,2.62,0.0,2.75,9.0,0.0,7.800000000000001,0.0,157.20000000000002,0.0,165.0
2020-12-12 03:16:00,0.0,0.13,0.0,2.62,0.0,2.75,9.0,0.0,7.800000000000001,0.0,157.20000000000002,0.0,165.0
2020-12-12 03:17:00,0.0,0.13,0.0,2.62,0.0,2.75,9.0,0.0,7.800000000000001,0.0,157.20000000000002,0.0,165.0
2020-12-12 03:18:00,0.0,0.13,0.0,2.62,0.0,2.75,9.0,0.0,7.800000000000001,0.0,157.20000000000002,0.0,165.0
2020-12-12 03:19:00,0.0,0.13,0.0,2.65,0.0,2.78,9.0,0.0,7.800000000000001,0.0,159.0,0.0,166.79999999999998
2020-12-12 03:20:00,0.0,0.13,0.0,2.63,0.0,2.76,9.0,0.0,7.800000000000001,0.0,157.79999999999998,0.0,165.6
2020-12-12 03:21:00,0.0,0.13,0.0,2.62,0.0,2.75,9.0,0.0,7.800000000000001,0.0,157.20000000000002,0.0,165.0
2020-12-12 03:22:00,0.0,0.13,0.0,2.6,0.0,2.73,9.0,0.0,7.800000000000001,0.0,156.0,0.0,163.8
2020-12-12 03:23:00,0.0,0.13,0.0,2.58,0.0,2.71,9.0,0.0,7.800000000000001,0.0,154.8,0.0,162.6
2020-12-12 03:24:00,0.0,0.13,0.0,2.58,0.0,2.71,9.0,0.0,7.800000000000001,0.0,154.8,0.0,162.6
2020-12-12 03:25:00,0.0,0.13,0.0,2.57,0.0,2.7,9.0,0.0,7.800000000000001,0.0,154.2,0.0,162.0
2020-12-12 03:26:00,0.0,0.13,0.0,2.53,0.0,2.66,9.0,0.0,7.800000000000001,0.0,151.79999999999998,0.0,159.60000000000002
2020-12-12 03:27:00,0.0,0.13,0.0,2.55,0.0,2.68,9.0,0.0,7.800000000000001,0.0,153.0,0.0,160.8
2020-12-12 03:28:00,0.0,0.13,0.0,2.52,0.0,2.65,9.0,0.0,7.800000000000001,0.0,151.20000000000002,0.0,159.0
2020-12-12 03:29:00,0.0,0.13,0.0,2.5,0.0,2.63,9.0,0.0,7.800000000000001,0.0,150.0,0.0,157.79999999999998
2020-12-12 03:30:00,0.0,0.13,0.0,2.52,0.0,2.65,9.0,0.0,7.800000000000001,0.0,151.20000000000002,0.0,159.0
2020-12-12 03:31:00,0.0,0.13,0.0,2.55,0.0,2.68,9.0,0.0,7.800000000000001,0.0,153.0,0.0,160.8
2020-12-12 03:32:00,0.0,0.13,0.0,2.55,0.0,2.68,9.0,0.0,7.800000000000001,0.0,153.0,0.0,160.8
2020-12-12 03:33:00,0.0,0.13,0.0,2.53,0.0,2.66,9.0,0.0,7.800000000000001,0.0,151.79999999999998,0.0,159.60000000000002
2020-12-12 03:34:00,0.0,0.13,0.0,2.55,0.0,2.68,9.0,0.0,7.800000000000001,0.0,153.0,0.0,160.8
2020-12-12 03:35:00,0.0,0.13,0.0,2.57,0.0,2.7,9.0,0.0,7.800000000000001,0.0,154.2,0.0,162.0
2020-12-12 03:36:00,0.0,0.13,0.0,2.52,0.0,2.65,9.0,0.0,7.800000000000001,0.0,151.20000000000002,0.0,159.0
2020-12-12 03:37:00,0.0,0.13,0.0,2.6,0.0,2.73,9.0,0.0,7.800000000000001,0.0,156.0,0.0,163.8
2020-12-12 03:38:00,0.0,0.13,0.0,2.62,0.0,2.75,9.0,0.0,7.800000000000001,0.0,157.20000000000002,0.0,165.0
2020-12-12 03:39:00,0.0,0.13,0.0,2.62,0.0,2.75,9.0,0.0,7.800000000000001,0.0,157.20000000000002,0.0,165.0
2020-12-12 03:40:00,0.0,0.13,0.0,2.63,0.0,2.76,9.0,0.0,7.800000000000001,0.0,157.79999999999998,0.0,165.6
2020-12-12 03:41:00,0.0,0.13,0.0,2.62,0.0,2.75,9.0,0.0,7.800000000000001,0.0,157.20000000000002,0.0,165.0
2020-12-12 03:42:00,0.0,0.13,0.0,2.63,0.0,2.76,9.0,0.0,7.800000000000001,0.0,157.79999999999998,0.0,165.6
2020-12-12 03:43:00,0.0,0.13,0.0,2.62,0.0,2.75,9.0,0.0,7.800000000000001,0.0,157.20000000000002,0.0,165.0
2020-12-12 03:44:00,0.0,0.13,0.0,2.62,0.0,2.75,9.0,0.0,7.800000000000001,0.0,157.20000000000002,0.0,165.0
2020-12-12 03:45:00,0.0,0.13,0.0,2.62,0.0,2.75,9.0,0.0,7.800000000000001,0.0,157.20000000000002,0.0,165.0
2020-12-12 03:46:00,0.0,0.13,0.0,2.63,0.0,2.76,9.0,0.0,7.800000000000001,0.0,157.79999999999998,0.0,165.6
2020-12-12 03:47:00,0.0,0.13,0.0,2.63,0.0,2.76,9.0,0.0,7.800000000000001,0.0,157.79999999999998,0.0,165.6
2020-12-12 03:48:00,0.0,0.13,0.0,2.63,0.0,2.76,9.0,0.0,7.800000000000001,0.0,157.79999999999998,0.0,165.6
2020-12-12 03:49:00,0.0,0.13,0.0,2.62,0.0,2.75,9.0,0.0,7.800000000000001,0.0,157.20000000000002,0.0,165.0
2020-12-12 03:50:00,0.0,0.13,0.0,2.6,0.0,2.73,9.0,0.0,7.800000000000001,0.0,156.0,0.0,163.8
2020-12-12 03:51:00,0.0,0.13,0.0,2.6,0.0,2.73,9.0,0.0,7.800000000000001,0.0,156.0,0.0,163.8
2020-12-12 03:52:00,0.0,0.13,0.0,2.58,0.0,2.71,9.0,0.0,7.800000000000001,0.0,154.8,0.0,162.6
2020-12-12 03:53:00,0.0,0.13,0.0,2.58,0.0,2.71,9.0,0.0,7.800000000000001,0.0,154.8,0.0,162.6
2020-12-12 03:54:00,0.0,0.13,0.0,2.58,0.0,2.71,9.0,0.0,7.800000000000001,0.0,154.8,0.0,162.6
2020-12-12 03:55:00,0.0,0.13,0.0,2.58,0.0,2.71,9.0,0.0,7.800000000000001,0.0,154.8,0.0,162.6
2020-12-12 03:56:00,0.0,0.13,0.0,2.57,0.0,2.7,9.0,0.0,7.800000000000001,0.0,154.2,0.0,162.0
2020-12-12 03:57:00,0.0,0.13,0.0,2.58,0.0,2.71,9.0,0.0,7.800000000000001,0.0,154.8,0.0,162.6
2020-12-12 03:58:00,0.0,0.13,0.0,2.58,0.0,2.71,9.0,0.0,7.800000000000001,0.0,154.8,0.0,162.6
2020-12-12 03:59:00,0.0,0.13,0.0,2.58,0.0,2.71,9.0,0.0,7.800000000000001,0.0,154.8,0.0,162.6
2020-12-12 04:00:00,0.0,0.13,0.0,2.58,0.0,2.71,9.0,0.0,7.800000000000001,0.0,154.8,0.0,162.6
2020-12-12 04:01:00,0.0,0.22,0.0,4.303333333333334,0.0,4.523333333333333,9.0,0.0,13.200000000000001,0.0,258.20000000000005,0.0,271.40000000000003
2020-12-12 04:02:00,0.0,0.31,0.0,6.026666666666667,0.0,6.336666666666667,9.0,0.0,18.6,0.0,361.6,0.0,380.20000000000005
2020-12-12 04:03:00,0.0,0.4,0.0,7.75,0.0,8.15,9.0,0.0,24.0,0.0,465.0,0.0,489.0
2020-12-12 04:04:00,0.0,0.13,0.0,2.58,0.0,2.71,9.0,0.0,7.800000000000001,0.0,154.8,0.0,162.6
2020-12-12 04:05:00,0.0,0.13,0.0,2.57,0.0,2.7,9.0,0.0,7.800000000000001,0.0,154.2,0.0,162.0
2020-12-12 04:06:00,0.0,0.13,0.0,2.58,0.0,2.71,9.0,0.0,7.800000000000001,0.0,154.8,0.0,162.6
2020-12-12 04:07:00,0.0,0.13,0.0,2.58,0.0,2.71,9.0,0.0,7.800000000000001,0.0,154.8,0.0,162.6
2020-12-12 04:08:00,0.0,0.13,0.0,2.57,0.0,2.7,9.0,0.0,7.800000000000001,0.0,154.2,0.0,162.0
2020-12-12 04:09:00,0.0,0.15,0.0,2.55,0.0,2.7,9.0,0.0,9.0,0.0,153.0,0.0,162.0
2020-12-12 04:10:00,0.0,0.13,0.0,2.55,0.0,2.68,9.0,0.0,7.800000000000001,0.0,153.0,0.0,160.8
2020-12-12 04:11:00,0.0,0.13,0.0,2.53,0.0,2.66,9.0,0.0,7.800000000000001,0.0,151.79999999999998,0.0,159.60000000000002
2020-12-12 04:12:00,0.0,0.13,0.0,2.53,0.0,2.66,9.0,0.0,7.800000000000001,0.0,151.79999999999998,0.0,159.60000000000002
2020-12-12 04:13:00,0.0,0.13,0.0,2.53,0.0,2.66,9.0,0.0,7.800000000000001,0.0,151.79999999999998,0.0,159.60000000000002
2020-12-12 04:14:00,0.0,0.13,0.0,2.55,0.0,2.68,9.0,0.0,7.800000000000001,0.0,153.0,0.0,160.8
2020-12-12 04:15:00,0.0,0.15,0.0,2.57,0.0,2.72,9.0,0.0,9.0,0.0,154.2,0.0,163.20000000000002
2020-12-12 04:16:00,0.0,0.13,0.0,5.52,0.0,5.65,9.0,0.0,7.800000000000001,0.0,331.2,0.0,339.0
2020-12-12 04:17:00,0.0,0.13,0.0,4.47,0.0,4.6,9.0,0.0,7.800000000000001,0.0,268.2,0.0,276.0
2020-12-12 04:18:00,0.0,0.15,0.0,4.4,0.0,4.55,9.0,0.0,9.0,0.0,264.0,0.0,273.0
2020-12-12 04:19:00,0.0,0.15,0.0,4.4,0.0,4.55,9.0,0.0,9.0,0.0,264.0,0.0,273.0
2020-12-12 04:20:00,0.0,0.15,0.0,4.38,0.0,4.53,9.0,0.0,9.0,0.0,262.8,0.0,271.8
2020-12-12 04:21:00,0.0,0.13,0.0,4.4,0.0,4.53,9.0,0.0,7.800000000000001,0.0,264.0,0.0,271.8
2020-12-12 04:22:00,0.0,0.13,0.0,4.38,0.0,4.51,9.0,0.0,7.800000000000001,0.0,262.8,0.0,270.59999999999997
2020-12-12 04:23:00,0.0,0.13,0.0,4.37,0.0,4.5,9.0,0.0,7.800000000000001,0.0,262.2,0.0,270.0
2020-12-12 04:24:00,0.0,0.15,0.0,4.37,0.0,4.52,9.0,0.0,9.0,0.0,262.2,0.0,271.2
2020-12-12 04:25:00,0.0,0.15,0.0,4.37,0.0,4.52,9.0,0.0,9.0,0.0,262.2,0.0,271.2
2020-12-12 04:26:00,0.0,0.15,0.0,4.38,0.0,4.53,9.0,0.0,9.0,0.0,262.8,0.0,271.8
2020-12-12 04:27:00,0.0,0.15,0.0,4.38,0.0,4.53,9.0,0.0,9.0,0.0,262.8,0.0,271.8
2020-12-12 04:28:00,0.0,0.13,0.0,4.37,0.0,4.5,9.0,0.0,7.800000000000001,0.0,262.2,0.0,270.0
2020-12-12 04:29:00,0.0,0.13,0.0,4.32,0.0,4.45,9.0,0.0,7.800000000000001,0.0,259.20000000000005,0.0,267.0
2020-12-12 04:30:00,0.0,0.13,0.0,4.28,0.0,4.41,9.0,0.0,7.800000000000001,0.0,256.8,0.0,264.6
2020-12-12 04:31:00,0.0,0.13,0.0,4.27,0.0,4.4,9.0,0.0,7.800000000000001,0.0,256.2,0.0,264.0
2020-12-12 04:32:00,0.0,0.13,0.0,4.27,0.0,4.4,9.0,0.0,7.800000000000001,0.0,256.2,0.0,264.0
2020-12-12 04:33:00,0.0,0.13,0.0,4.25,0.0,4.38,9.0,0.0,7.800000000000001,0.0,255.0,0.0,262.8
2020-12-12 04:34:00,0.0,0.13,0.0,4.27,0.0,4.4,9.0,0.0,7.800000000000001,0.0,256.2,0.0,264.0
2020-12-12 04:35:00,0.0,0.13,0.0,4.25,0.0,4.38,9.0,0.0,7.800000000000001,0.0,255.0,0.0,262.8
2020-12-12 04:36:00,0.0,0.13,0.0,4.25,0.0,4.38,9.0,0.0,7.800000000000001,0.0,255.0,0.0,262.8
2020-12-12 04:37:00,0.0,0.13,0.0,4.25,0.0,4.38,9.0,0.0,7.800000000000001,0.0,255.0,0.0,262.8
2020-12-12 04:38:00,0.0,0.15,0.0,4.27,0.0,4.42,9.0,0.0,9.0,0.0,256.2,0.0,265.2
2020-12-12 04:39:00,0.0,0.15,0.0,4.25,0.0,4.4,9.0,0.0,9.0,0.0,255.0,0.0,264.0
2020-12-12 04:40:00,0.0,0.13,0.0,4.25,0.0,4.38,9.0,0.0,7.800000000000001,0.0,255.0,0.0,262.8
2020-12-12 04:41:00,0.0,0.13,0.0,4.22,0.0,4.35,9.0,0.0,7.800000000000001,0.0,253.2,0.0,261.0
2020-12-12 04:42:00,0.0,0.13,0.0,4.2,0.0,4.33,9.0,0.0,7.800000000000001,0.0,252.0,0.0,259.8
2020-12-12 04:43:00,0.0,0.15,0.0,4.35,0.0,4.5,9.0,0.0,9.0,0.0,261.0,0.0,270.0
2020-12-12 04:44:00,0.0,0.13,0.0,4.35,0.0,4.48,9.0,0.0,7.800000000000001,0.0,261.0,0.0,268.8
2020-12-12 04:45:00,0.0,0.15,0.0,4.32,0.0,4.47,9.0,0.0,9.0,0.0,259.20000000000005,0.0,268.2
2020-12-12 04:46:00,0.0,0.13,0.0,4.43,0.0,4.56,9.0,0.0,7.800000000000001,0.0,265.8,0.0,273.59999999999997
2020-12-12 04:47:00,0.0,0.15,0.0,4.37,0.0,4.52,9.0,0.0,9.0,0.0,262.2,0.0,271.2
2020-12-12 04:48:00,0.0,0.15,0.0,4.37,0.0,4.52,9.0,0.0,9.0,0.0,262.2,0.0,271.2
2020-12-12 04:49:00,0.0,0.15,0.0,4.35,0.0,4.5,9.0,0.0,9.0,0.0,261.0,0.0,270.0
2020-12-12 04:50:00,0.0,0.15,0.0,4.32,0.0,4.47,9.0,0.0,9.0,0.0,259.20000000000005,0.0,268.2
2020-12-12 04:51:00,0.0,0.13,0.0,4.32,0.0,4.45,9.0,0.0,7.800000000000001,0.0,259.20000000000005,0.0,267.0
2020-12-12 04:52:00,0.0,0.13,0.0,4.3,0.0,4.43,9.0,0.0,7.800000000000001,0.0,258.0,0.0,265.8
2020-12-12 04:53:00,0.0,0.15,0.0,4.32,0.0,4.47,9.0,0.0,9.0,0.0,259.20000000000005,0.0,268.2
2020-12-12 04:54:00,0.0,0.13,0.0,4.32,0.0,4.45,9.0,0.0,7.800000000000001,0.0,259.20000000000005,0.0,267.0
2020-12-12 04:55:00,0.0,0.15,0.0,4.33,0.0,4.48,9.0,0.0,9.0,0.0,259.8,0.0,268.8
2020-12-12 04:56:00,0.0,0.15,0.0,4.33,0.0,4.48,9.0,0.0,9.0,0.0,259.8,0.0,268.8
2020-12-12 04:57:00,0.0,0.13,0.0,4.3,0.0,4.43,9.0,0.0,7.800000000000001,0.0,258.0,0.0,265.8
2020-12-12 04:58:00,0.0,0.15,0.0,4.3,0.0,4.45,9.0,0.0,9.0,0.0,258.0,0.0,267.0
2020-12-12 04:59:00,0.0,0.15,0.0,4.3,0.0,4.45,9.0,0.0,9.0,0.0,258.0,0.0,267.0
2020-12-12 05:00:00,0.0,0.15,0.0,4.32,0.0,4.47,9.0,0.0,9.0,0.0,259.20000000000005,0.0,268.2
2020-12-12 05:01:00,0.0,0.15,0.0,4.32,0.0,4.47,9.0,0.0,9.0,0.0,259.20000000000005,0.0,268.2
2020-12-12 05:02:00,0.0,0.15,0.0,4.3,0.0,4.45,9.0,0.0,9.0,0.0,258.0,0.0,267.0
2020-12-12 05:03:00,0.0,0.15,0.0,4.25,0.0,4.4,9.0,0.0,9.0,0.0,255.0,0.0,264.0
2020-12-12 05:04:00,0.0,0.15,0.0,4.23,0.0,4.38,9.0,0.0,9.0,0.0,253.80000000000004,0.0,262.8
2020-12-12 05:05:00,0.0,0.15,0.0,4.23,0.0,4.38,9.0,0.0,9.0,0.0,253.80000000000004,0.0,262.8
2020-12-12 05:06:00,0.0,0.15,0.0,4.23,0.0,4.38,9.0,0.0,9.0,0.0,253.80000000000004,0.0,262.8
2020-12-12 05:07:00,0.0,0.15,0.0,4.23,0.0,4.38,9.0,0.0,9.0,0.0,253.80000000000004,0.0,262.8
2020-12-12 05:08:00,0.0,0.15,0.0,4.25,0.0,4.4,9.0,0.0,9.0,0.0,255.0,0.0,264.0
2020-12-12 05:09:00,0.0,0.15,0.0,3.5,0.0,3.65,9.0,0.0,9.0,0.0,210.0,0.0,219.0
2020-12-12 05:10:00,0.0,0.15,0.0,2.72,0.0,2.87,9.0,0.0,9.0,0.0,163.20000000000002,0.0,172.20000000000002
2020-12-12 05:11:00,0.0,0.15,0.0,2.68,0.0,2.83,9.0,0.0,9.0,0.0,160.8,0.0,169.8
2020-12-12 05:12:00,0.0,0.15,0.0,2.68,0.0,2.83,9.0,0.0,9.0,0.0,160.8,0.0,169.8
2020-12-12 05:13:00,0.0,0.15,0.0,2.7,0.0,2.85,9.0,0.0,9.0,0.0,162.0,0.0,171.0
2020-12-12 05:14:00,0.0,0.15,0.0,2.72,0.0,2.87,9.0,0.0,9.0,0.0,163.20000000000002,0.0,172.20000000000002
2020-12-12 05:15:00,0.0,0.15,0.0,2.72,0.0,2.87,9.0,0.0,9.0,0.0,163.20000000000002,0.0,172.20000000000002
2020-12-12 05:16:00,0.0,0.15,0.0,2.72,0.0,2.87,9.0,0.0,9.0,0.0,163.20000000000002,0.0,172.20000000000002
2020-12-12 05:17:00,0.0,0.15,0.0,2.7,0.0,2.85,9.0,0.0,9.0,0.0,162.0,0.0,171.0
2020-12-12 05:18:00,0.0,0.15,0.0,2.7,0.0,2.85,9.0,0.0,9.0,0.0,162.0,0.0,171.0
2020-12-12 05:19:00,0.0,0.13,0.0,2.7,0.0,2.83,9.0,0.0,7.800000000000001,0.0,162.0,0.0,169.8
2020-12-12 05:20:00,0.0,0.13,0.0,2.72,0.0,2.85,9.0,0.0,7.800000000000001,0.0,163.20000000000002,0.0,171.0
2020-12-12 05:21:00,0.0,0.13,0.0,2.7,0.0,2.83,9.0,0.0,7.800000000000001,0.0,162.0,0.0,169.8
2020-12-12 05:22:00,0.0,0.15,0.0,2.75,0.0,2.9,9.0,0.0,9.0,0.0,165.0,0.0,174.0
2020-12-12 05:23:00,0.0,0.15,0.0,2.77,0.0,2.92,9.0,0.0,9.0,0.0,166.20000000000002,0.0,175.2
2020-12-12 05:24:00,0.0,0.15,0.0,2.75,0.0,2.9,9.0,0.0,9.0,0.0,165.0,0.0,174.0
2020-12-12 05:25:00,0.0,0.15,0.0,2.75,0.0,2.9,9.0,0.0,9.0,0.0,165.0,0.0,174.0
2020-12-12 05:26:00,0.0,0.15,0.0,2.7,0.0,2.85,9.0,0.0,9.0,0.0,162.0,0.0,171.0
2020-12-12 05:27:00,0.0,0.15,0.0,2.72,0.0,2.87,9.0,0.0,9.0,0.0,163.20000000000002,0.0,172.20000000000002
2020-12-12 05:28:00,0.0,0.15,0.0,2.72,0.0,2.87,9.0,0.0,9.0,0.0,163.20000000000002,0.0,172.20000000000002
2020-12-12 05:29:00,0.0,0.15,0.0,2.73,0.0,2.88,9.0,0.0,9.0,0.0,163.8,0.0,172.79999999999998
2020-12-12 05:30:00,0.0,0.15,0.0,2.73,0.0,2.88,9.0,0.0,9.0,0.0,163.8,0.0,172.79999999999998
2020-12-12 05:31:00,0.0,0.13,0.0,2.7,0.0,2.83,9.0,0.0,7.800000000000001,0.0,162.0,0.0,169.8
2020-12-12 05:32:00,0.0,33.25,0.0,2.48,0.0,35.73,9.0,0.0,1995.0,0.0,148.8,0.0,2143.7999999999997
2020-12-12 05:33:00,0.0,33.33,0.0,2.63,0.0,35.96,9.0,0.0,1999.8,0.0,157.79999999999998,0.0,2157.6
2020-12-12 05:34:00,0.0,33.33,0.0,2.65,0.0,35.98,9.0,0.0,1999.8,0.0,159.0,0.0,2158.7999999999997
2020-12-12 05:35:00,0.0,33.33,0.0,3.25,0.0,36.58,9.0,0.0,1999.8,0.0,195.0,0.0,2194.7999999999997
2020-12-12 05:36:00,0.0,33.32,0.0,2.73,0.0,36.05,10.0,0.0,1999.2,0.0,163.8,0.0,2163.0
2020-12-12 05:37:00,0.0,33.33,0.0,2.7,0.0,36.03,10.0,0.0,1999.8,0.0,162.0,0.0,2161.8
2020-12-12 05:38:00,0.0,33.32,0.0,2.65,0.0,35.97,10.0,0.0,1999.2,0.0,159.0,0.0,2158.2
2020-12-12 05:39:00,0.0,33.35,0.0,2.73,0.0,36.08,10.0,0.0,2001.0,0.0,163.8,0.0,2164.7999999999997
2020-12-12 05:40:00,0.0,33.32,0.0,2.65,0.0,35.97,11.0,0.0,1999.2,0.0,159.0,0.0,2158.2
2020-12-12 05:41:00,0.0,33.32,0.0,2.6,0.0,35.92,11.0,0.0,1999.2,0.0,156.0,0.0,2155.2000000000003
2020-12-12 05:42:00,0.0,33.33,0.0,2.82,0.0,36.15,11.0,0.0,1999.8,0.0,169.2,0.0,2169.0
2020-12-12 05:43:00,0.0,33.33,0.0,2.7,0.0,36.03,12.0,0.0,1999.8,0.0,162.0,0.0,2161.8
2020-12-12 05:44:00,0.0,33.33,0.0,2.7,0.0,36.03,12.0,0.0,1999.8,0.0,162.0,0.0,2161.8
2020-12-12 05:45:00,0.0,33.32,0.0,2.65,0.0,35.97,12.0,0.0,1999.2,0.0,159.0,0.0,2158.2
2020-12-12 05:46:00,0.0,33.32,0.0,2.83,0.0,36.15,13.0,0.0,1999.2,0.0,169.8,0.0,2169.0
2020-12-12 05:47:00,0.0,33.33,0.0,9.27,0.0,42.6,13.0,0.0,1999.8,0.0,556.1999999999999,0.0,2556.0
2020-12-12 05:48:00,0.0,33.32,0.0,4.22,0.0,37.54,13.0,0.0,1999.2,0.0,253.2,0.0,2252.4
2020-12-12 05:49:00,0.0,33.33,0.0,2.6,0.0,35.93,13.0,0.0,1999.8,0.0,156.0,0.0,2155.8
2020-12-12 05:50:00,0.0,33.33,0.0,2.72,0.0,36.05,14.0,0.0,1999.8,0.0,163.20000000000002,0.0,2163.0
2020-12-12 05:51:00,0.0,33.33,0.0,2.7,0.0,36.03,14.0,0.0,1999.8,0.0,162.0,0.0,2161.8
2020-12-12 05:52:00,0.0,33.33,0.0,2.63,0.0,35.96,14.0,0.0,1999.8,0.0,157.79999999999998,0.0,2157.6
2020-12-12 05:53:00,0.0,33.33,0.0,2.7,0.0,36.03,15.0,0.0,1999.8,0.0,162.0,0.0,2161.8
2020-12-12 05:54:00,0.0,33.32,0.0,2.67,0.0,35.99,15.0,0.0,1999.2,0.0,160.2,0.0,2159.4
2020-12-12 05:55:00,0.0,33.37,0.0,2.6,0.0,35.97,15.0,0.0,2002.1999999999998,0.0,156.0,0.0,2158.2
2020-12-12 05:56:00,0.0,33.33,0.0,2.6,0.0,35.93,16.0,0.0,1999.8,0.0,156.0,0.0,2155.8
2020-12-12 05:57:00,0.0,33.32,0.0,2.65,0.0,35.97,16.0,0.0,1999.2,0.0,159.0,0.0,2158.2
2020-12-12 05:58:00,0.0,33.33,0.0,2.68,0.0,36.01,16.0,0.0,1999.8,0.0,160.8,0.0,2160.6
2020-12-12 05:59:00,0.0,33.33,0.0,2.55,0.0,35.88,16.0,0.0,1999.8,0.0,153.0,0.0,2152.8
2020-12-12 06:00:00,0.0,33.33,0.0,2.62,0.0,35.95,17.0,0.0,1999.8,0.0,157.20000000000002,0.0,2157.0
2020-12-12 06:01:00,0.0,33.32,0.05,2.73,0.0,36.0,17.0,0.0,1999.2,3.0,163.8,0.0,2160.0
2020-12-12 06:02:00,0.0,33.32,0.0,2.8,0.0,36.12,17.0,0.0,1999.2,0.0,168.0,0.0,2167.2
2020-12-12 06:03:00,0.0,33.32,0.0,2.85,0.0,36.17,18.0,0.0,1999.2,0.0,171.0,0.0,2170.2000000000003
2020-12-12 06:04:00,0.0,33.33,0.0,3.33,0.0,36.66,18.0,0.0,1999.8,0.0,199.8,0.0,2199.6
2020-12-12 06:05:00,0.0,33.32,0.0,2.72,0.0,36.04,18.0,0.0,1999.2,0.0,163.20000000000002,0.0,2162.4
2020-12-12 06:06:00,0.0,33.33,0.0,2.68,0.0,36.01,19.0,0.0,1999.8,0.0,160.8,0.0,2160.6
2020-12-12 06:07:00,0.0,33.33,0.0,2.7,0.0,36.03,19.0,0.0,1999.8,0.0,162.0,0.0,2161.8
2020-12-12 06:08:00,0.0,33.33,0.0,2.78,0.0,36.11,19.0,0.0,1999.8,0.0,166.79999999999998,0.0,2166.6
2020-12-12 06:09:00,0.0,33.32,0.0,2.73,0.0,36.05,19.0,0.0,1999.2,0.0,163.8,0.0,2163.0
2020-12-12 06:10:00,0.0,33.33,0.0,2.82,0.0,36.15,20.0,0.0,1999.8,0.0,169.2,0.0,2169.0
2020-12-12 06:11:00,0.0,33.32,0.0,2.72,0.0,36.04,20.0,0.0,1999.2,0.0,163.20000000000002,0.0,2162.4
2020-12-12 06:12:00,0.0,33.33,0.0,2.77,0.0,36.1,20.0,0.0,1999.8,0.0,166.20000000000002,0.0,2166.0
2020-12-12 06:13:00,0.0,33.33,0.0,2.75,0.0,36.08,22.0,0.0,1999.8,0.0,165.0,0.0,2164.7999999999997
2020-12-12 06:14:00,0.0,33.32,0.0,2.73,0.0,36.05,22.0,0.0,1999.2,0.0,163.8,0.0,2163.0
2020-12-12 06:15:00,0.0,33.33,0.0,2.65,0.0,35.98,22.0,0.0,1999.8,0.0,159.0,0.0,2158.7999999999997
2020-12-12 06:16:00,0.0,33.32,0.0,2.62,0.0,35.94,22.0,0.0,1999.2,0.0,157.20000000000002,0.0,2156.4
2020-12-12 06:17:00,0.0,33.33,0.0,2.75,0.0,36.08,22.0,0.0,1999.8,0.0,165.0,0.0,2164.7999999999997
2020-12-12 06:18:00,0.0,33.33,0.0,2.78,0.0,36.11,23.0,0.0,1999.8,0.0,166.79999999999998,0.0,2166.6
2020-12-12 06:19:00,0.0,33.33,0.0,2.78,0.0,36.11,23.0,0.0,1999.8,0.0,166.79999999999998,0.0,2166.6
2020-12-12 06:20:00,0.0,33.33,0.0,2.73,0.0,36.06,24.0,0.0,1999.8,0.0,163.8,0.0,2163.6000000000004
2020-12-12 06:21:00,0.0,33.33,0.0,2.68,0.0,36.01,24.0,0.0,1999.8,0.0,160.8,0.0,2160.6
2020-12-12 06:22:00,0.0,33.33,0.0,2.77,0.0,36.1,24.0,0.0,1999.8,0.0,166.20000000000002,0.0,2166.0
2020-12-12 06:23:00,0.0,33.32,0.0,2.77,0.0,36.09,25.0,0.0,1999.2,0.0,166.20000000000002,0.0,2165.4
2020-12-12 06:24:00,0.0,33.33,0.0,2.75,0.0,36.08,25.0,0.0,1999.8,0.0,165.0,0.0,2164.7999999999997
2020-12-12 06:25:00,0.0,33.32,0.0,2.7,0.0,36.02,25.0,0.0,1999.2,0.0,162.0,0.0,2161.2000000000003
2020-12-12 06:26:00,0.0,33.33,0.0,2.72,0.0,36.05,25.0,0.0,1999.8,0.0,163.20000000000002,0.0,2163.0
2020-12-12 06:27:00,0.0,33.33,0.0,3.33,0.0,36.66,26.0,0.0,1999.8,0.0,199.8,0.0,2199.6
2020-12-12 06:28:00,0.0,33.32,0.0,2.72,0.0,36.04,26.0,0.0,1999.2,0.0,163.20000000000002,0.0,2162.4
2020-12-12 06:29:00,0.0,33.33,0.0,2.72,0.0,36.05,26.0,0.0,1999.8,0.0,163.20000000000002,0.0,2163.0
2020-12-12 06:30:00,0.0,33.33,0.0,2.8,0.0,36.13,27.0,0.0,1999.8,0.0,168.0,0.0,2167.8
2020-12-12 06:31:00,0.0,33.33,0.0,3.25,0.0,36.58,27.0,0.0,1999.8,0.0,195.0,0.0,2194.7999999999997
2020-12-12 06:32:00,0.0,33.32,0.0,2.72,0.0,36.04,27.0,0.0,1999.2,0.0,163.20000000000002,0.0,2162.4
2020-12-12 06:33:00,0.0,33.32,0.0,2.62,0.0,35.94,28.0,0.0,1999.2,0.0,157.20000000000002,0.0,2156.4
2020-12-12 06:34:00,0.0,33.35,0.0,2.65,0.0,36.0,28.0,0.0,2001.0,0.0,159.0,0.0,2160.0
2020-12-12 06:35:00,0.0,33.33,0.0,2.72,0.0,36.05,28.0,0.0,1999.8,0.0,163.20000000000002,0.0,2163.0
2020-12-12 06:36:00,0.0,33.32,0.0,2.7,0.0,36.02,28.0,0.0,1999.2,0.0,162.0,0.0,2161.2000000000003
2020-12-12 06:37:00,0.0,33.33,0.0,2.72,0.0,36.05,29.0,0.0,1999.8,0.0,163.20000000000002,0.0,2163.0
2020-12-12 06:38:00,0.0,33.33,0.0,2.63,0.0,35.96,29.0,0.0,1999.8,0.0,157.79999999999998,0.0,2157.6
2020-12-12 06:39:00,0.0,33.33,0.0,2.7,0.0,36.03,29.0,0.0,1999.8,0.0,162.0,0.0,2161.8
2020-12-12 06:40:00,0.0,33.33,0.0,2.77,0.0,36.1,30.0,0.0,1999.8,0.0,166.20000000000002,0.0,2166.0
2020-12-12 06:41:00,0.0,33.33,0.0,2.72,0.0,36.05,30.0,0.0,1999.8,0.0,163.20000000000002,0.0,2163.0
2020-12-12 06:42:00,0.0,33.32,0.0,2.92,0.0,36.24,30.0,0.0,1999.2,0.0,175.2,0.0,2174.4
2020-12-12 06:43:00,0.0,33.32,0.0,3.03,0.0,36.35,30.0,0.0,1999.2,0.0,181.79999999999998,0.0,2181.0
2020-12-12 06:44:00,0.0,33.32,0.0,3.17,0.0,36.49,31.0,0.0,1999.2,0.0,190.2,0.0,2189.4
2020-12-12 06:45:00,0.0,33.37,0.0,3.12,0.0,36.49,31.0,0.0,2002.1999999999998,0.0,187.20000000000002,0.0,2189.4
2020-12-12 06:46:00,0.0,33.33,0.0,3.1,0.0,36.43,31.0,0.0,1999.8,0.0,186.0,0.0,2185.8
2020-12-12 06:47:00,0.0,33.32,0.0,4.55,0.0,37.87,32.0,0.0,1999.2,0.0,273.0,0.0,2272.2
2020-12-12 06:48:00,0.0,33.33,0.0,6.28,0.0,39.61,32.0,0.0,1999.8,0.0,376.8,0.0,2376.6
2020-12-12 06:49:00,0.0,33.32,0.0,3.62,0.0,36.94,32.0,0.0,1999.2,0.0,217.20000000000002,0.0,2216.4
2020-12-12 06:50:00,0.0,33.32,0.0,2.73,0.0,36.05,33.0,0.0,1999.2,0.0,163.8,0.0,2163.0
2020-12-12 06:51:00,0.0,33.33,0.0,2.83,0.0,36.16,33.0,0.0,1999.8,0.0,169.8,0.0,2169.6
2020-12-12 06:52:00,0.0,33.33,0.0,2.87,0.0,36.2,33.0,0.0,1999.8,0.0,172.20000000000002,0.0,2172.0
2020-12-12 06:53:00,0.0,33.33,0.0,3.5,0.0,36.83,33.0,0.0,1999.8,0.0,210.0,0.0,2209.7999999999997
2020-12-12 06:54:00,0.0,33.32,0.0,2.82,0.0,36.14,34.0,0.0,1999.2,0.0,169.2,0.0,2168.4
2020-12-12 06:55:00,0.0,33.33,0.0,3.67,0.0,37.0,34.0,0.0,1999.8,0.0,220.2,0.0,2220.0
2020-12-12 06:56:00,0.0,33.33,0.0,11.8,0.0,45.13,34.0,0.0,1999.8,0.0,708.0,0.0,2707.8
2020-12-12 06:57:00,0.0,33.33,0.0,25.73,0.0,59.06,35.0,0.0,1999.8,0.0,1543.8,0.0,3543.6000000000004
2020-12-12 06:58:00,0.0,33.33,0.0,6.67,0.0,40.0,35.0,0.0,1999.8,0.0,400.2,0.0,2400.0
2020-12-12 06:59:00,0.0,33.35,0.0,5.03,0.0,38.38,35.0,0.0,2001.0,0.0,301.8,0.0,2302.8
2020-12-12 07:00:00,0.0,33.32,0.0,5.57,0.0,38.89,37.0,0.0,1999.2,0.0,334.20000000000005,0.0,2333.4
2020-12-12 07:01:00,0.0,33.33,0.0,4.93,0.0,38.26,37.0,0.0,1999.8,0.0,295.8,0.0,2295.6
2020-12-12 07:02:00,0.0,33.33,0.0,5.2,0.0,38.53,37.0,0.0,1999.8,0.0,312.0,0.0,2311.8
2020-12-12 07:03:00,0.0,33.33,0.0,5.2,0.0,38.53,37.0,0.0,1999.8,0.0,312.0,0.0,2311.8
2020-12-12 07:04:00,0.0,33.33,0.0,5.07,0.0,38.4,38.0,0.0,1999.8,0.0,304.20000000000005,0.0,2304.0
2020-12-12 07:05:00,0.0,33.33,0.0,5.52,0.0,38.85,38.0,0.0,1999.8,0.0,331.2,0.0,2331.0
2020-12-12 07:06:00,0.0,33.35,0.0,6.82,0.0,40.17,38.0,0.0,2001.0,0.0,409.20000000000005,0.0,2410.2000000000003
2020-12-12 07:07:00,0.0,33.33,0.0,6.63,0.0,39.96,39.0,0.0,1999.8,0.0,397.8,0.0,2397.6
2020-12-12 07:08:00,0.0,33.33,0.0,6.58,0.0,39.91,39.0,0.0,1999.8,0.0,394.8,0.0,2394.6
2020-12-12 07:09:00,0.0,33.33,0.0,7.15,0.0,40.48,39.0,0.0,1999.8,0.0,429.0,0.0,2428.7999999999997
2020-12-12 07:10:00,0.0,33.33,0.0,7.1,0.0,40.43,40.0,0.0,1999.8,0.0,426.0,0.0,2425.8
2020-12-12 07:11:00,0.0,33.37,0.0,6.6,0.0,39.97,40.0,0.0,2002.1999999999998,0.0,396.0,0.0,2398.2
2020-12-12 07:12:00,0.0,33.33,0.0,6.65,0.0,39.98,40.0,0.0,1999.8,0.0,399.0,0.0,2398.7999999999997
2020-12-12 07:13:00,0.0,33.35,0.0,6.67,0.0,40.02,40.0,0.0,2001.0,0.0,400.2,0.0,2401.2000000000003
2020-12-12 07:14:00,0.0,33.32,0.0,6.53,0.0,39.85,41.0,0.0,1999.2,0.0,391.8,0.0,2391.0
2020-12-12 07:15:00,0.0,33.32,0.0,6.52,0.0,39.84,41.0,0.0,1999.2,0.0,391.2,0.0,2390.4
2020-12-12 07:16:00,0.0,33.33,0.0,6.53,0.0,39.86,41.0,0.0,1999.8,0.0,391.8,0.0,2391.6
2020-12-12 07:17:00,0.0,33.33,0.0,6.53,0.0,39.86,42.0,0.0,1999.8,0.0,391.8,0.0,2391.6
2020-12-12 07:18:00,0.0,33.35,0.0,6.63,0.0,39.98,42.0,0.0,2001.0,0.0,397.8,0.0,2398.7999999999997
2020-12-12 07:19:00,0.0,33.33,0.0,6.73,0.0,40.06,42.0,0.0,1999.8,0.0,403.8,0.0,2403.6000000000004
2020-12-12 07:20:00,0.0,33.33,0.0,6.62,0.0,39.95,43.0,0.0,1999.8,0.0,397.2,0.0,2397.0
2020-12-12 07:21:00,0.0,33.32,0.0,6.75,0.0,40.07,43.0,0.0,1999.2,0.0,405.0,0.0,2404.2000000000003
2020-12-12 07:22:00,0.0,33.33,0.0,7.03,0.0,40.36,43.0,0.0,1999.8,0.0,421.8,0.0,2421.6
2020-12-12 07:23:00,0.0,33.33,0.0,7.08,0.0,40.41,43.0,0.0,1999.8,0.0,424.8,0.0,2424.6
2020-12-12 07:24:00,0.0,33.33,0.0,6.95,0.0,40.28,44.0,0.0,1999.8,0.0,417.0,0.0,2416.8
2020-12-12 07:25:00,0.0,33.33,0.0,7.12,0.0,40.45,44.0,0.0,1999.8,0.0,427.2,0.0,2427.0
2020-12-12 07:26:00,0.0,33.32,0.0,7.25,0.0,40.57,44.0,0.0,1999.2,0.0,435.0,0.0,2434.2000000000003
2020-12-12 07:27:00,0.0,33.33,0.0,18.37,0.0,51.7,45.0,0.0,1999.8,0.0,1102.2,0.0,3102.0
2020-12-12 07:28:00,0.0,33.33,0.0,35.68,0.0,69.01,45.0,0.0,1999.8,0.0,2140.8,0.0,4140.6
2020-12-12 07:29:00,0.0,33.32,0.0,64.1,0.0,97.42,45.0,0.0,1999.2,0.0,3845.9999999999995,0.0,5845.2
2020-12-12 07:30:00,0.0,33.32,0.0,68.97,0.0,102.29,46.0,0.0,1999.2,0.0,4138.2,0.0,6137.400000000001
2020-12-12 07:31:00,0.0,33.33,0.0,68.48,0.0,101.81,46.0,0.0,1999.8,0.0,4108.8,0.0,6108.6
2020-12-12 07:32:00,0.0,33.32,0.0,42.73,0.0,76.05,46.0,0.0,1999.2,0.0,2563.7999999999997,0.0,4563.0
2020-12-12 07:33:00,0.0,33.32,0.0,38.32,0.0,71.64,46.0,0.0,1999.2,0.0,2299.2000000000003,0.0,4298.400000000001
2020-12-12 07:34:00,0.0,33.32,0.0,38.42,0.0,71.74,47.0,0.0,1999.2,0.0,2305.2000000000003,0.0,4304.4
2020-12-12 07:35:00,0.0,33.33,0.0,40.78,0.0,74.11,47.0,0.0,1999.8,0.0,2446.8,0.0,4446.6
2020-12-12 07:36:00,0.0,33.33,0.0,45.97,0.0,79.3,47.0,0.0,1999.8,0.0,2758.2,0.0,4758.0
2020-12-12 07:37:00,0.0,33.33,0.0,39.25,0.0,72.58,48.0,0.0,1999.8,0.0,2355.0,0.0,4354.8
2020-12-12 07:38:00,0.0,33.33,0.0,39.02,0.0,72.35,48.0,0.0,1999.8,0.0,2341.2000000000003,0.0,4341.0
2020-12-12 07:39:00,0.0,33.33,0.0,37.82,0.0,71.15,48.0,0.0,1999.8,0.0,2269.2000000000003,0.0,4269.0
2020-12-12 07:40:00,0.0,33.33,0.0,38.07,0.0,71.4,49.0,0.0,1999.8,0.0,2284.2000000000003,0.0,4284.0
2020-12-12 07:41:00,0.0,33.33,0.0,38.12,0.0,71.45,49.0,0.0,1999.8,0.0,2287.2,0.0,4287.0
2020-12-12 07:42:00,0.0,33.33,0.0,38.3,0.0,71.63,49.0,0.0,1999.8,0.0,2298.0,0.0,4297.8
2020-12-12 07:43:00,0.0,33.33,0.0,38.02,0.0,71.35,49.0,0.0,1999.8,0.0,2281.2000000000003,0.0,4281.0
2020-12-12 07:44:00,0.0,33.35,0.0,37.98,0.0,71.33,51.0,0.0,2001.0,0.0,2278.7999999999997,0.0,4279.8
2020-12-12 07:45:00,0.0,33.35,0.0,38.02,0.0,71.37,51.0,0.0,2001.0,0.0,2281.2000000000003,0.0,4282.200000000001
2020-12-12 07:46:00,0.0,33.33,0.0,38.0,0.0,71.33,51.0,0.0,1999.8,0.0,2280.0,0.0,4279.8
2020-12-12 07:47:00,0.0,33.32,0.0,37.8,0.0,71.12,52.0,0.0,1999.2,0.0,2268.0,0.0,4267.200000000001
2020-12-12 07:48:00,0.0,33.33,0.0,22.42,0.0,55.75,52.0,0.0,1999.8,0.0,1345.2,0.0,3345.0
2020-12-12 07:49:00,0.0,33.33,0.0,7.05,0.0,40.38,52.0,0.0,1999.8,0.0,423.0,0.0,2422.8
2020-12-12 07:50:00,0.0,33.38,0.0,6.9,0.0,40.28,53.0,0.0,2002.8000000000002,0.0,414.0,0.0,2416.8
2020-12-12 07:51:00,0.0,33.33,0.0,7.17,0.0,40.5,53.0,0.0,1999.8,0.0,430.2,0.0,2430.0
2020-12-12 07:52:00,0.0,33.32,0.0,7.5,0.0,40.82,53.0,0.0,1999.2,0.0,450.0,0.0,2449.2000000000003
2020-12-12 07:53:00,0.0,33.33,0.0,9.65,0.0,42.98,53.0,0.0,1999.8,0.0,579.0,0.0,2578.7999999999997
2020-12-12 07:54:00,0.0,33.33,0.0,37.88,0.0,71.21,54.0,0.0,1999.8,0.0,2272.8,0.0,4272.599999999999
2020-12-12 07:55:00,0.0,33.33,0.0,38.48,0.0,71.81,54.0,0.0,1999.8,0.0,2308.7999999999997,0.0,4308.6
2020-12-12 07:56:00,0.0,33.35,0.0,37.62,0.0,70.97,54.0,0.0,2001.0,0.0,2257.2,0.0,4258.2
2020-12-12 07:57:00,0.0,33.37,0.0,37.47,0.0,70.84,55.0,0.0,2002.1999999999998,0.0,2248.2,0.0,4250.400000000001
2020-12-12 07:58:00,0.0,33.35,0.0,22.37,0.0,55.72,55.0,0.0,2001.0,0.0,1342.2,0.0,3343.2
2020-12-12 07:59:00,0.0,33.33,0.0,5.83,0.0,39.16,55.0,0.0,1999.8,0.0,349.8,0.0,2349.6
2020-12-12 08:00:00,0.0,33.32,0.0,5.65,0.0,38.97,56.0,0.0,1999.2,0.0,339.0,0.0,2338.2
2020-12-12 08:01:00,0.0,14.98,0.0,5.5,0.0,20.48,57.0,0.0,898.8000000000001,0.0,330.0,0.0,1228.8
2020-12-12 08:02:00,5.08,0.0,0.0,5.53,0.0,0.45,57.0,304.8,0.0,0.0,331.8,0.0,27.0
2020-12-12 08:03:00,4.77,0.0,0.0,5.45,0.0,0.68,57.0,286.2,0.0,0.0,327.0,0.0,40.800000000000004
2020-12-12 08:04:00,5.12,0.0,0.0,5.58,0.0,0.46,57.0,307.2,0.0,0.0,334.8,0.0,27.6
2020-12-12 08:05:00,5.0,0.0,0.0,5.53,0.0,0.53,57.0,300.0,0.0,0.0,331.8,0.0,31.8
2020-12-12 08:06:00,5.02,0.0,0.0,5.43,0.0,0.41,56.0,301.2,0.0,0.0,325.8,0.0,24.599999999999998
2020-12-12 08:07:00,5.37,0.0,0.0,5.57,0.0,0.2,56.0,322.2,0.0,0.0,334.20000000000005,0.0,12.0
2020-12-12 08:08:00,4.9,0.0,0.0,5.37,0.0,0.47,56.0,294.0,0.0,0.0,322.2,0.0,28.2
2020-12-12 08:09:00,4.9,0.0,0.0,5.3,0.0,0.4,56.0,294.0,0.0,0.0,318.0,0.0,24.0
2020-12-12 08:10:00,4.87,0.0,0.0,5.38,0.0,0.51,56.0,292.2,0.0,0.0,322.8,0.0,30.6
2020-12-12 08:11:00,5.0,0.0,0.0,5.48,0.0,0.48,56.0,300.0,0.0,0.0,328.8,0.0,28.8
2020-12-12 08:12:00,4.87,0.0,0.0,5.4,0.0,0.53,56.0,292.2,0.0,0.0,324.0,0.0,31.8
2020-12-12 08:13:00,4.85,0.0,0.0,5.42,0.0,0.57,56.0,291.0,0.0,0.0,325.2,0.0,34.199999999999996
2020-12-12 08:14:00,4.88,0.0,0.0,5.4,0.0,0.52,56.0,292.8,0.0,0.0,324.0,0.0,31.200000000000003
2020-12-12 08:15:00,5.08,0.0,0.0,5.55,0.0,0.47,56.0,304.8,0.0,0.0,333.0,0.0,28.2
2020-12-12 08:16:00,5.02,0.0,0.0,5.6,0.0,0.58,56.0,301.2,0.0,0.0,336.0,0.0,34.8
2020-12-12 08:17:00,5.13,0.0,0.0,5.67,0.0,0.54,56.0,307.8,0.0,0.0,340.2,0.0,32.400000000000006
2020-12-12 08:18:00,5.08,0.0,0.0,5.6,0.0,0.52,56.0,304.8,0.0,0.0,336.0,0.0,31.200000000000003
2020-12-12 08:19:00,5.17,0.0,0.0,5.72,0.0,0.55,56.0,310.2,0.0,0.0,343.2,0.0,33.0
2020-12-12 08:20:00,5.55,0.0,0.0,6.12,0.0,0.57,56.0,333.0,0.0,0.0,367.2,0.0,34.199999999999996
2020-12-12 08:21:00,5.6,0.0,0.0,6.12,0.0,0.52,56.0,336.0,0.0,0.0,367.2,0.0,31.200000000000003
2020-12-12 08:22:00,5.6,0.0,0.0,6.13,0.0,0.53,56.0,336.0,0.0,0.0,367.8,0.0,31.8
2020-12-12 08:23:00,5.37,0.0,0.0,6.1,0.0,0.73,55.0,322.2,0.0,0.0,366.0,0.0,43.8
2020-12-12 08:24:00,5.65,0.0,0.0,6.13,0.0,0.48,55.0,339.0,0.0,0.0,367.8,0.0,28.8
2020-12-12 08:25:00,5.13,0.0,0.0,5.75,0.0,0.62,55.0,307.8,0.0,0.0,345.0,0.0,37.2
2020-12-12 08:26:00,5.28,0.0,0.0,5.85,0.0,0.57,55.0,316.8,0.0,0.0,351.0,0.0,34.199999999999996
2020-12-12 08:27:00,5.5,0.0,0.0,6.0,0.0,0.5,55.0,330.0,0.0,0.0,360.0,0.0,30.0
2020-12-12 08:28:00,5.62,0.0,0.0,6.03,0.0,0.41,55.0,337.2,0.0,0.0,361.8,0.0,24.599999999999998
2020-12-12 08:29:00,5.68,0.0,0.0,6.15,0.0,0.47,55.0,340.8,0.0,0.0,369.0,0.0,28.2
2020-12-12 08:30:00,5.63,0.0,0.0,6.02,0.0,0.39,55.0,337.8,0.0,0.0,361.2,0.0,23.400000000000002
2020-12-12 08:31:00,5.72,0.0,0.0,6.15,0.0,0.43,55.0,343.2,0.0,0.0,369.0,0.0,25.8
2020-12-12 08:32:00,5.22,0.0,0.0,6.07,0.0,0.85,55.0,313.2,0.0,0.0,364.20000000000005,0.0,51.0
2020-12-12 08:33:00,5.5,0.0,0.0,6.0,0.0,0.5,55.0,330.0,0.0,0.0,360.0,0.0,30.0
2020-12-12 08:34:00,5.47,0.0,0.0,6.05,0.0,0.58,55.0,328.2,0.0,0.0,363.0,0.0,34.8
2020-12-12 08:35:00,5.55,0.0,0.0,5.98,0.0,0.43,55.0,333.0,0.0,0.0,358.8,0.0,25.8
2020-12-12 08:36:00,5.25,0.0,0.0,5.73,0.0,0.48,55.0,315.0,0.0,0.0,343.8,0.0,28.8
2020-12-12 08:37:00,5.23,0.0,0.0,5.63,0.0,0.4,55.0,313.8,0.0,0.0,337.8,0.0,24.0
2020-12-12 08:38:00,5.45,0.0,0.0,5.53,0.0,0.08,54.0,327.0,0.0,0.0,331.8,0.0,4.8
2020-12-12 08:39:00,5.03,0.0,0.0,5.5,0.0,0.47,54.0,301.8,0.0,0.0,330.0,0.0,28.2
2020-12-12 08:40:00,4.77,0.0,0.0,5.52,0.0,0.75,54.0,286.2,0.0,0.0,331.2,0.0,45.0
2020-12-12 08:41:00,5.17,0.0,0.0,5.7,0.0,0.53,54.0,310.2,0.0,0.0,342.0,0.0,31.8
2020-12-12 08:42:00,5.07,0.0,0.0,5.63,0.0,0.56,54.0,304.20000000000005,0.0,0.0,337.8,0.0,33.6
2020-12-12 08:43:00,4.53,0.0,0.05,5.52,0.0,0.94,54.0,271.8,0.0,3.0,331.2,0.0,56.4
2020-12-12 08:44:00,5.13,0.0,0.0,5.65,0.0,0.52,54.0,307.8,0.0,0.0,339.0,0.0,31.200000000000003
2020-12-12 08:45:00,5.32,0.0,0.0,5.75,0.0,0.43,54.0,319.20000000000005,0.0,0.0,345.0,0.0,25.8
2020-12-12 08:46:00,16.2,0.0,0.05,20.42,0.0,4.17,54.0,972.0,0.0,3.0,1225.2,0.0,250.2
2020-12-12 08:47:00,27.52,0.0,0.08,28.17,0.0,0.57,54.0,1651.2,0.0,4.8,1690.2,0.0,34.199999999999996
2020-12-12 08:48:00,15.48,0.0,0.08,12.25,3.31,0.0,53.0,928.8000000000001,0.0,4.8,735.0,198.6,0.0
2020-12-12 08:49:00,5.45,0.0,0.0,5.83,0.0,0.38,53.0,327.0,0.0,0.0,349.8,0.0,22.8
2020-12-12 08:50:00,5.35,0.0,0.0,5.9,0.0,0.55,53.0,321.0,0.0,0.0,354.0,0.0,33.0
2020-12-12 08:51:00,4.83,0.0,0.0,5.38,0.0,0.55,53.0,289.8,0.0,0.0,322.8,0.0,33.0
2020-12-12 08:52:00,4.98,0.0,0.0,5.53,0.0,0.55,53.0,298.8,0.0,0.0,331.8,0.0,33.0
2020-12-12 08:53:00,5.2,0.0,0.0,5.87,0.0,0.67,53.0,312.0,0.0,0.0,352.2,0.0,40.2
2020-12-12 08:54:00,5.45,0.0,0.0,5.95,0.0,0.5,53.0,327.0,0.0,0.0,357.0,0.0,30.0
2020-12-12 08:55:00,5.55,0.0,0.0,5.93,0.0,0.38,53.0,333.0,0.0,0.0,355.8,0.0,22.8
2020-12-12 08:56:00,5.28,0.0,0.03,5.87,0.0,0.56,53.0,316.8,0.0,1.8,352.2,0.0,33.6
2020-12-12 08:57:00,5.18,0.0,0.0,5.67,0.0,0.49,53.0,310.8,0.0,0.0,340.2,0.0,29.4
2020-12-12 08:58:00,5.35,0.0,0.0,5.82,0.0,0.47,53.0,321.0,0.0,0.0,349.20000000000005,0.0,28.2
2020-12-12 08:59:00,5.47,0.0,0.0,5.85,0.0,0.38,53.0,328.2,0.0,0.0,351.0,0.0,22.8
2020-12-12 09:00:00,5.35,0.0,0.0,5.87,0.0,0.52,53.0,321.0,0.0,0.0,352.2,0.0,31.200000000000003
2020-12-12 09:01:00,5.33,0.0,0.0,5.77,0.0,0.44,53.0,319.8,0.0,0.0,346.2,0.0,26.400000000000002
2020-12-12 09:02:00,5.23,0.0,0.0,5.72,0.0,0.49,52.0,313.8,0.0,0.0,343.2,0.0,29.4
2020-12-12 09:03:00,4.07,0.0,0.0,4.38,0.0,0.31,52.0,244.20000000000002,0.0,0.0,262.8,0.0,18.6
2020-12-12 09:04:00,3.78,0.0,0.0,4.18,0.0,0.4,52.0,226.79999999999998,0.0,0.0,250.79999999999998,0.0,24.0
2020-12-12 09:05:00,3.55,0.0,0.0,4.03,0.0,0.48,52.0,213.0,0.0,0.0,241.8,0.0,28.8
2020-12-12 09:06:00,3.58,0.0,0.0,4.07,0.0,0.49,52.0,214.8,0.0,0.0,244.20000000000002,0.0,29.4
2020-12-12 09:07:00,3.52,0.0,0.0,3.97,0.0,0.45,52.0,211.20000000000002,0.0,0.0,238.20000000000002,0.0,27.0
2020-12-12 09:08:00,3.47,0.0,0.03,4.03,0.0,0.53,52.0,208.20000000000002,0.0,1.8,241.8,0.0,31.8
2020-12-12 09:09:00,4.38,0.0,0.1,4.88,0.0,0.4,52.0,262.8,0.0,6.0,292.8,0.0,24.0
2020-12-12 09:10:00,4.72,0.0,0.0,5.2,0.0,0.48,52.0,283.2,0.0,0.0,312.0,0.0,28.8
2020-12-12 09:11:00,4.55,0.0,0.0,5.12,0.0,0.57,52.0,273.0,0.0,0.0,307.2,0.0,34.199999999999996
2020-12-12 09:12:00,4.72,0.0,0.0,5.27,0.0,0.55,52.0,283.2,0.0,0.0,316.2,0.0,33.0
2020-12-12 09:13:00,4.95,0.0,0.0,5.35,0.0,0.4,52.0,297.0,0.0,0.0,321.0,0.0,24.0
2020-12-12 09:14:00,4.93,0.0,0.0,5.52,0.0,0.59,52.0,295.8,0.0,0.0,331.2,0.0,35.4
2020-12-12 09:15:00,4.9,0.0,0.0,5.52,0.0,0.62,52.0,294.0,0.0,0.0,331.2,0.0,37.2
2020-12-12 09:16:00,4.73,0.0,0.0,5.23,0.0,0.5,52.0,283.8,0.0,0.0,313.8,0.0,30.0
2020-12-12 09:17:00,5.05,0.0,0.0,5.55,0.0,0.5,52.0,303.0,0.0,0.0,333.0,0.0,30.0
2020-12-12 09:18:00,5.03,0.0,0.03,5.6,0.0,0.54,52.0,301.8,0.0,1.8,336.0,0.0,32.400000000000006
2020-12-12 09:19:00,5.02,0.0,0.08,5.52,0.0,0.42,52.0,301.2,0.0,4.8,331.2,0.0,25.2
2020-12-12 09:20:00,4.88,0.0,0.28,5.63,0.0,0.47,51.0,292.8,0.0,16.8,337.8,0.0,28.2
2020-12-12 09:21:00,4.6,0.0,0.38,5.57,0.0,0.59,51.0,276.0,0.0,22.8,334.20000000000005,0.0,35.4
2020-12-12 09:22:00,4.73,0.0,0.33,5.55,0.0,0.49,51.0,283.8,0.0,19.8,333.0,0.0,29.4
2020-12-12 09:23:00,4.83,0.0,0.3,5.6,0.0,0.47,51.0,289.8,0.0,18.0,336.0,0.0,28.2
2020-12-12 09:24:00,4.77,0.0,0.33,5.67,0.0,0.57,51.0,286.2,0.0,19.8,340.2,0.0,34.199999999999996
2020-12-12 09:25:00,4.72,0.0,0.37,5.58,0.0,0.49,51.0,283.2,0.0,22.2,334.8,0.0,29.4
2020-12-12 09:26:00,4.82,0.0,0.37,5.67,0.0,0.48,51.0,289.20000000000005,0.0,22.2,340.2,0.0,28.8
2020-12-12 09:27:00,4.72,0.0,0.33,5.52,0.0,0.47,51.0,283.2,0.0,19.8,331.2,0.0,28.2
2020-12-12 09:28:00,4.03,0.0,0.42,4.98,0.0,0.53,51.0,241.8,0.0,25.2,298.8,0.0,31.8
2020-12-12 09:29:00,4.58,0.0,0.52,5.33,0.0,0.23,51.0,274.8,0.0,31.200000000000003,319.8,0.0,13.8
2020-12-12 09:30:00,4.02,0.0,0.55,5.18,0.0,0.61,51.0,241.2,0.0,33.0,310.8,0.0,36.6
2020-12-12 09:31:00,4.5,0.0,0.68,5.53,0.0,0.35,51.0,270.0,0.0,40.800000000000004,331.8,0.0,21.0
2020-12-12 09:32:00,4.92,0.0,0.7,6.1,0.0,0.48,51.0,295.2,0.0,42.0,366.0,0.0,28.8
2020-12-12 09:33:00,4.9,0.0,0.73,6.12,0.0,0.49,51.0,294.0,0.0,43.8,367.2,0.0,29.4
2020-12-12 09:34:00,4.88,0.0,0.77,6.15,0.0,0.5,51.0,292.8,0.0,46.2,369.0,0.0,30.0
2020-12-12 09:35:00,4.7,0.0,0.75,6.05,0.0,0.6,51.0,282.0,0.0,45.0,363.0,0.0,36.0
2020-12-12 09:36:00,4.65,0.0,0.87,6.08,0.0,0.56,51.0,279.0,0.0,52.2,364.8,0.0,33.6
2020-12-12 09:37:00,4.6,0.0,0.98,6.02,0.0,0.44,51.0,276.0,0.0,58.8,361.2,0.0,26.400000000000002
2020-12-12 09:38:00,4.27,0.0,1.17,6.02,0.0,0.58,49.0,256.2,0.0,70.2,361.2,0.0,34.8
2020-12-12 09:39:00,4.42,0.0,1.27,6.13,0.0,0.44,49.0,265.2,0.0,76.2,367.8,0.0,26.400000000000002
2020-12-12 09:40:00,7.65,0.0,1.17,13.32,0.0,4.5,49.0,459.0,0.0,70.2,799.2,0.0,270.0
2020-12-12 09:41:00,17.63,0.0,1.25,17.08,1.8,0.0,49.0,1057.8,0.0,75.0,1024.8,108.0,0.0
2020-12-12 09:42:00,4.67,0.0,1.02,6.2,0.0,0.51,49.0,280.2,0.0,61.2,372.0,0.0,30.6
2020-12-12 09:43:00,4.78,0.0,0.85,6.15,0.0,0.52,49.0,286.8,0.0,51.0,369.0,0.0,31.200000000000003
2020-12-12 09:44:00,6.13,0.0,0.75,15.95,0.0,9.07,49.0,367.8,0.0,45.0,957.0,0.0,544.2
2020-12-12 09:45:00,40.02,0.0,0.82,41.6,0.0,0.76,49.0,2401.2000000000003,0.0,49.199999999999996,2496.0,0.0,45.6
2020-12-12 09:46:00,27.88,0.0,0.83,27.33,1.38,0.0,48.0,1672.8,0.0,49.8,1639.8,82.8,0.0
2020-12-12 09:47:00,4.98,0.0,0.67,6.13,0.0,0.48,48.0,298.8,0.0,40.2,367.8,0.0,28.8
2020-12-12 09:48:00,4.97,0.0,0.7,6.1,0.0,0.43,48.0,298.2,0.0,42.0,366.0,0.0,25.8
2020-12-12 09:49:00,4.95,0.0,0.65,6.12,0.0,0.52,48.0,297.0,0.0,39.0,367.2,0.0,31.200000000000003
2020-12-12 09:50:00,5.07,0.0,0.6,6.1,0.0,0.43,48.0,304.20000000000005,0.0,36.0,366.0,0.0,25.8
2020-12-12 09:51:00,17.78,0.0,0.75,18.67,0.0,0.14,48.0,1066.8000000000002,0.0,45.0,1120.2,0.0,8.4
2020-12-12 09:52:00,1.2,0.0,0.7,7.5,0.0,5.6,48.0,72.0,0.0,42.0,450.0,0.0,336.0
2020-12-12 09:53:00,6.8,0.0,0.93,7.88,0.0,0.15,48.0,408.0,0.0,55.800000000000004,472.8,0.0,9.0
2020-12-12 09:54:00,6.05,0.0,0.98,7.47,0.0,0.44,48.0,363.0,0.0,58.8,448.2,0.0,26.400000000000002
2020-12-12 09:55:00,6.35,0.0,1.05,7.9,0.0,0.5,48.0,381.0,0.0,63.0,474.0,0.0,30.0
2020-12-12 09:56:00,6.48,0.0,0.97,7.85,0.0,0.4,47.0,388.8,0.0,58.199999999999996,471.0,0.0,24.0
2020-12-12 09:57:00,20.27,0.0,1.22,24.17,0.0,2.68,47.0,1216.2,0.0,73.2,1450.2,0.0,160.8
2020-12-12 09:58:00,27.92,0.0,1.4,29.78,0.0,0.46,47.0,1675.2,0.0,84.0,1786.8000000000002,0.0,27.6
2020-12-12 09:59:00,13.38,0.0,1.28,12.98,1.68,0.0,47.0,802.8000000000001,0.0,76.8,778.8000000000001,100.8,0.0
2020-12-12 10:00:00,6.18,0.0,1.13,7.78,0.0,0.47,47.0,370.8,0.0,67.8,466.8,0.0,28.2
2020-12-12 10:01:00,6.13,0.0,0.88,7.75,0.0,0.74,47.0,367.8,0.0,52.800000000000004,465.0,0.0,44.4
2020-12-12 10:02:00,6.23,0.0,1.0,7.63,0.0,0.4,47.0,373.8,0.0,60.0,457.8,0.0,24.0
2020-12-12 10:03:00,6.32,0.0,1.08,7.78,0.0,0.38,46.0,379.20000000000005,0.0,64.80000000000001,466.8,0.0,22.8
2020-12-12 10:04:00,6.75,0.0,1.05,8.72,0.0,0.92,46.0,405.0,0.0,63.0,523.2,0.0,55.2
2020-12-12 10:05:00,6.98,0.0,1.08,8.47,0.0,0.41,46.0,418.8,0.0,64.80000000000001,508.20000000000005,0.0,24.599999999999998
2020-12-12 10:06:00,7.82,0.0,1.15,8.63,0.34,0.0,46.0,469.20000000000005,0.0,69.0,517.8000000000001,20.400000000000002,0.0
2020-12-12 10:07:00,7.08,0.0,1.15,8.93,0.0,0.7,46.0,424.8,0.0,69.0,535.8,0.0,42.0
2020-12-12 10:08:00,13.05,0.0,1.25,14.3,0.0,0.0,46.0,783.0,0.0,75.0,858.0,0.0,0.0
2020-12-12 10:09:00,10.5,0.0,1.35,11.92,0.0,0.07,46.0,630.0,0.0,81.0,715.2,0.0,4.2
2020-12-12 10:10:00,6.63,0.0,1.43,8.68,0.0,0.62,46.0,397.8,0.0,85.8,520.8,0.0,37.2
2020-12-12 10:11:00,7.1,0.0,1.4,8.87,0.0,0.37,46.0,426.0,0.0,84.0,532.1999999999999,0.0,22.2
2020-12-12 10:12:00,6.58,0.0,1.67,8.63,0.0,0.38,46.0,394.8,0.0,100.2,517.8000000000001,0.0,22.8
2020-12-12 10:13:00,6.52,0.0,1.7,8.67,0.0,0.45,46.0,391.2,0.0,102.0,520.2,0.0,27.0
2020-12-12 10:14:00,6.42,0.0,1.67,8.57,0.0,0.48,46.0,385.2,0.0,100.2,514.2,0.0,28.8
2020-12-12 10:15:00,6.48,0.0,1.78,8.63,0.0,0.37,45.0,388.8,0.0,106.8,517.8000000000001,0.0,22.2
2020-12-12 10:16:00,6.25,0.0,1.9,8.62,0.0,0.47,45.0,375.0,0.0,114.0,517.1999999999999,0.0,28.2
2020-12-12 10:17:00,6.28,0.0,1.95,8.72,0.0,0.49,45.0,376.8,0.0,117.0,523.2,0.0,29.4
2020-12-12 10:18:00,6.53,0.0,1.73,8.75,0.0,0.49,45.0,391.8,0.0,103.8,525.0,0.0,29.4
2020-12-12 10:19:00,5.87,0.0,1.62,8.25,0.0,0.76,45.0,352.2,0.0,97.2,495.0,0.0,45.6
2020-12-12 10:20:00,5.98,0.0,1.47,7.82,0.0,0.37,45.0,358.8,0.0,88.2,469.20000000000005,0.0,22.2
2020-12-12 10:21:00,6.28,0.0,1.33,8.23,0.0,0.62,45.0,376.8,0.0,79.80000000000001,493.8,0.0,37.2
2020-12-12 10:22:00,6.33,0.0,1.4,8.22,0.0,0.49,45.0,379.8,0.0,84.0,493.20000000000005,0.0,29.4
2020-12-12 10:23:00,6.25,0.0,1.53,8.25,0.0,0.47,45.0,375.0,0.0,91.8,495.0,0.0,28.2
2020-12-12 10:24:00,6.4,0.0,1.3,8.32,0.0,0.62,45.0,384.0,0.0,78.0,499.20000000000005,0.0,37.2
2020-12-12 10:25:00,6.72,0.0,1.15,7.88,0.0,0.01,45.0,403.2,0.0,69.0,472.8,0.0,0.6
2020-12-12 10:26:00,6.7,0.0,1.1,8.27,0.0,0.47,45.0,402.0,0.0,66.0,496.2,0.0,28.2
2020-12-12 10:27:00,6.45,0.0,1.2,8.2,0.0,0.55,45.0,387.0,0.0,72.0,491.99999999999994,0.0,33.0
2020-12-12 10:28:00,6.2,0.0,1.52,8.22,0.0,0.5,44.0,372.0,0.0,91.2,493.20000000000005,0.0,30.0
2020-12-12 10:29:00,5.48,0.0,2.13,8.2,0.0,0.59,44.0,328.8,0.0,127.8,491.99999999999994,0.0,35.4
2020-12-12 10:30:00,5.37,0.0,2.3,8.18,0.0,0.51,44.0,322.2,0.0,138.0,490.8,0.0,30.6
2020-12-12 10:31:00,5.15,0.0,2.37,8.0,0.0,0.48,44.0,309.0,0.0,142.20000000000002,480.0,0.0,28.8
2020-12-12 10:32:00,5.45,0.0,2.55,8.33,0.0,0.33,44.0,327.0,0.0,153.0,499.8,0.0,19.8
2020-12-12 10:33:00,5.12,0.0,2.62,8.22,0.0,0.48,44.0,307.2,0.0,157.20000000000002,493.20000000000005,0.0,28.8
2020-12-12 10:34:00,5.0,0.0,2.62,8.15,0.0,0.53,44.0,300.0,0.0,157.20000000000002,489.0,0.0,31.8
2020-12-12 10:35:00,5.28,0.0,2.6,8.18,0.0,0.3,44.0,316.8,0.0,156.0,490.8,0.0,18.0
2020-12-12 10:36:00,4.77,0.0,2.92,8.07,0.0,0.38,44.0,286.2,0.0,175.2,484.20000000000005,0.0,22.8
2020-12-12 10:37:00,4.8,0.0,2.97,8.22,0.0,0.45,44.0,288.0,0.0,178.20000000000002,493.20000000000005,0.0,27.0
2020-12-12 10:38:00,4.7,0.0,2.95,8.15,0.0,0.5,44.0,282.0,0.0,177.0,489.0,0.0,30.0
2020-12-12 10:39:00,5.13,0.0,2.58,8.2,0.0,0.49,44.0,307.8,0.0,154.8,491.99999999999994,0.0,29.4
2020-12-12 10:40:00,5.5,0.0,2.18,8.18,0.0,0.5,44.0,330.0,0.0,130.8,490.8,0.0,30.0
2020-12-12 10:41:00,5.87,0.0,1.78,8.15,0.0,0.5,44.0,352.2,0.0,106.8,489.0,0.0,30.0
2020-12-12 10:42:00,5.9,0.0,1.92,8.25,0.0,0.43,44.0,354.0,0.0,115.2,495.0,0.0,25.8
2020-12-12 10:43:00,5.83,0.0,1.78,8.12,0.0,0.51,44.0,349.8,0.0,106.8,487.19999999999993,0.0,30.6
2020-12-12 10:44:00,6.2,0.0,1.52,8.28,0.0,0.56,43.0,372.0,0.0,91.2,496.79999999999995,0.0,33.6
2020-12-12 10:45:00,6.57,0.0,1.23,8.12,0.0,0.32,43.0,394.20000000000005,0.0,73.8,487.19999999999993,0.0,19.2
2020-12-12 10:46:00,6.33,0.0,1.28,8.13,0.0,0.52,43.0,379.8,0.0,76.8,487.80000000000007,0.0,31.200000000000003
2020-12-12 10:47:00,6.1,0.0,1.47,7.98,0.0,0.41,43.0,366.0,0.0,88.2,478.8,0.0,24.599999999999998
2020-12-12 10:48:00,4.88,0.0,1.7,6.83,0.0,0.25,43.0,292.8,0.0,102.0,409.8,0.0,15.0
2020-12-12 10:49:00,4.35,0.0,1.75,6.6,0.0,0.5,43.0,261.0,0.0,105.0,396.0,0.0,30.0
2020-12-12 10:50:00,4.27,0.0,1.75,6.52,0.0,0.5,43.0,256.2,0.0,105.0,391.2,0.0,30.0
2020-12-12 10:51:00,4.33,0.0,1.72,6.58,0.0,0.53,43.0,259.8,0.0,103.2,394.8,0.0,31.8
2020-12-12 10:52:00,4.4,0.0,1.58,6.53,0.0,0.55,43.0,264.0,0.0,94.80000000000001,391.8,0.0,33.0
2020-12-12 10:53:00,4.42,0.0,1.7,6.4,0.0,0.28,43.0,265.2,0.0,102.0,384.0,0.0,16.8
2020-12-12 10:54:00,4.37,0.0,1.68,6.65,0.0,0.6,43.0,262.2,0.0,100.8,399.0,0.0,36.0
2020-12-12 10:55:00,4.73,0.0,1.65,6.68,0.0,0.3,43.0,283.8,0.0,99.0,400.8,0.0,18.0
2020-12-12 10:56:00,4.67,0.0,1.83,6.87,0.0,0.37,43.0,280.2,0.0,109.80000000000001,412.2,0.0,22.2
2020-12-12 10:57:00,4.32,0.0,1.87,6.62,0.0,0.43,43.0,259.20000000000005,0.0,112.2,397.2,0.0,25.8
2020-12-12 10:58:00,4.37,0.0,1.98,6.87,0.0,0.52,43.0,262.2,0.0,118.8,412.2,0.0,31.200000000000003
2020-12-12 10:59:00,4.25,0.0,2.1,6.85,0.0,0.5,43.0,255.0,0.0,126.0,411.0,0.0,30.0
2020-12-12 11:00:00,4.4,0.0,2.17,7.05,0.0,0.48,43.0,264.0,0.0,130.2,423.0,0.0,28.8
2020-12-12 11:01:00,4.78,0.0,1.82,6.95,0.0,0.35,42.0,286.8,0.0,109.2,417.0,0.0,21.0
2020-12-12 11:02:00,4.53,0.0,2.15,6.9,0.0,0.22,42.0,271.8,0.0,129.0,414.0,0.0,13.200000000000001
2020-12-12 11:03:00,3.87,0.0,2.73,7.07,0.0,0.47,42.0,232.20000000000002,0.0,163.8,424.20000000000005,0.0,28.2
2020-12-12 11:04:00,3.95,0.0,2.6,6.98,0.0,0.43,42.0,237.0,0.0,156.0,418.8,0.0,25.8
2020-12-12 11:05:00,4.53,0.0,2.17,7.18,0.0,0.48,42.0,271.8,0.0,130.2,430.8,0.0,28.8
2020-12-12 11:06:00,3.98,0.0,2.55,7.08,0.0,0.55,42.0,238.8,0.0,153.0,424.8,0.0,33.0
2020-12-12 11:07:00,3.98,0.0,2.68,7.12,0.0,0.46,42.0,238.8,0.0,160.8,427.2,0.0,27.6
2020-12-12 11:08:00,3.47,0.0,3.18,7.07,0.0,0.42,42.0,208.20000000000002,0.0,190.8,424.20000000000005,0.0,25.2
2020-12-12 11:09:00,3.37,0.0,3.28,7.12,0.0,0.47,42.0,202.20000000000002,0.0,196.79999999999998,427.2,0.0,28.2
2020-12-12 11:10:00,3.27,0.0,3.43,7.18,0.0,0.48,42.0,196.20000000000002,0.0,205.8,430.8,0.0,28.8
2020-12-12 11:11:00,3.27,0.0,3.47,7.07,0.0,0.33,42.0,196.20000000000002,0.0,208.20000000000002,424.20000000000005,0.0,19.8
2020-12-12 11:12:00,2.87,0.0,3.62,6.87,0.0,0.38,42.0,172.20000000000002,0.0,217.20000000000002,412.2,0.0,22.8
2020-12-12 11:13:00,2.68,0.0,3.88,7.07,0.0,0.51,42.0,160.8,0.0,232.79999999999998,424.20000000000005,0.0,30.6
2020-12-12 11:14:00,2.65,0.0,3.87,7.03,0.0,0.51,42.0,159.0,0.0,232.20000000000002,421.8,0.0,30.6
2020-12-12 11:15:00,2.8,0.0,3.82,7.08,0.0,0.46,42.0,168.0,0.0,229.2,424.8,0.0,27.6
2020-12-12 11:16:00,2.53,0.0,3.75,6.85,0.0,0.57,42.0,151.79999999999998,0.0,225.0,411.0,0.0,34.199999999999996
2020-12-12 11:17:00,3.23,0.0,3.63,7.08,0.0,0.22,42.0,193.8,0.0,217.79999999999998,424.8,0.0,13.200000000000001
2020-12-12 11:18:00,3.22,0.0,3.43,7.05,0.0,0.4,42.0,193.20000000000002,0.0,205.8,423.0,0.0,24.0
2020-12-12 11:19:00,2.92,0.0,3.25,7.0,0.0,0.83,42.0,175.2,0.0,195.0,420.0,0.0,49.8
2020-12-12 11:20:00,3.35,0.0,3.2,7.05,0.0,0.5,42.0,201.0,0.0,192.0,423.0,0.0,30.0
2020-12-12 11:21:00,3.62,0.0,3.2,7.02,0.0,0.2,42.0,217.20000000000002,0.0,192.0,421.2,0.0,12.0
2020-12-12 11:22:00,3.3,0.0,3.32,7.1,0.0,0.48,42.0,198.0,0.0,199.2,426.0,0.0,28.8
2020-12-12 11:23:00,3.02,0.0,3.48,6.97,0.0,0.47,41.0,181.20000000000002,0.0,208.8,418.2,0.0,28.2
2020-12-12 11:24:00,2.9,0.0,3.63,7.03,0.0,0.5,41.0,174.0,0.0,217.79999999999998,421.8,0.0,30.0
2020-12-12 11:25:00,2.63,0.0,4.03,7.03,0.0,0.37,41.0,157.79999999999998,0.0,241.8,421.8,0.0,22.2
2020-12-12 11:26:00,2.02,0.0,4.52,7.03,0.0,0.49,41.0,121.2,0.0,271.2,421.8,0.0,29.4
2020-12-12 11:27:00,36.1,0.0,4.97,7.37,33.7,0.0,41.0,2166.0,0.0,298.2,442.2,2022.0000000000002,0.0
2020-12-12 11:28:00,50.43,0.0,4.55,7.62,47.36,0.0,40.0,3025.8,0.0,273.0,457.2,2841.6,0.0
2020-12-12 11:29:00,50.42,0.0,4.57,7.52,47.47,0.0,40.0,3025.2000000000003,0.0,274.20000000000005,451.2,2848.2,0.0
2020-12-12 11:30:00,50.48,0.0,4.52,7.37,47.63,0.0,39.0,3028.7999999999997,0.0,271.2,442.2,2857.8,0.0
2020-12-12 11:31:00,50.33,0.0,4.67,7.43,47.57,0.0,39.0,3019.7999999999997,0.0,280.2,445.8,2854.2000000000003,0.0
2020-12-12 11:32:00,50.18,0.0,4.82,7.28,47.72,0.0,38.0,3010.8,0.0,289.20000000000005,436.8,2863.2,0.0
2020-12-12 11:33:00,4.72,0.0,4.27,6.88,2.11,0.0,38.0,283.2,0.0,256.2,412.8,126.6,0.0
2020-12-12 11:34:00,2.68,0.0,3.97,6.95,0.0,0.3,38.0,160.8,0.0,238.20000000000002,417.0,0.0,18.0
2020-12-12 11:35:00,2.9,0.0,3.63,7.0,0.0,0.47,38.0,174.0,0.0,217.79999999999998,420.0,0.0,28.2
2020-12-12 11:36:00,3.08,0.0,3.62,7.02,0.0,0.32,38.0,184.8,0.0,217.20000000000002,421.2,0.0,19.2
2020-12-12 11:37:00,3.05,0.0,3.57,7.03,0.0,0.41,38.0,183.0,0.0,214.2,421.8,0.0,24.599999999999998
2020-12-12 11:38:00,3.08,0.0,3.55,7.13,0.0,0.5,38.0,184.8,0.0,213.0,427.8,0.0,30.0
2020-12-12 11:39:00,3.18,0.0,3.45,7.22,0.0,0.59,38.0,190.8,0.0,207.0,433.2,0.0,35.4
2020-12-12 11:40:00,2.78,0.0,3.55,6.87,0.0,0.54,38.0,166.79999999999998,0.0,213.0,412.2,0.0,32.400000000000006
2020-12-12 11:41:00,2.78,0.0,3.8,7.07,0.0,0.49,38.0,166.79999999999998,0.0,228.0,424.20000000000005,0.0,29.4
2020-12-12 11:42:00,2.43,0.0,4.02,7.0,0.0,0.55,38.0,145.8,0.0,241.2,420.0,0.0,33.0
2020-12-12 11:43:00,2.1,0.0,4.17,6.87,0.0,0.6,38.0,126.0,0.0,250.2,412.2,0.0,36.0
2020-12-12 11:44:00,2.38,0.0,4.33,7.12,0.0,0.41,38.0,142.79999999999998,0.0,259.8,427.2,0.0,24.599999999999998
2020-12-12 11:45:00,2.38,0.0,4.25,7.12,0.0,0.49,38.0,142.79999999999998,0.0,255.0,427.2,0.0,29.4
2020-12-12 11:46:00,2.45,0.0,4.1,7.08,0.0,0.53,38.0,147.0,0.0,245.99999999999997,424.8,0.0,31.8
2020-12-12 11:47:00,2.77,0.0,3.82,7.03,0.0,0.44,38.0,166.20000000000002,0.0,229.2,421.8,0.0,26.400000000000002
2020-12-12 11:48:00,3.0,0.0,3.68,7.08,0.0,0.4,38.0,180.0,0.0,220.8,424.8,0.0,24.0
2020-12-12 11:49:00,2.98,0.0,3.62,7.13,0.0,0.53,38.0,178.8,0.0,217.20000000000002,427.8,0.0,31.8
2020-12-12 11:50:00,2.95,0.0,3.57,7.07,0.0,0.55,37.0,177.0,0.0,214.2,424.20000000000005,0.0,33.0
2020-12-12 11:51:00,3.1,0.0,3.45,7.02,0.0,0.47,37.0,186.0,0.0,207.0,421.2,0.0,28.2
2020-12-12 11:52:00,3.07,0.0,3.37,7.08,0.0,0.64,37.0,184.2,0.0,202.20000000000002,424.8,0.0,38.4
2020-12-12 11:53:00,3.28,0.0,3.32,7.05,0.0,0.45,37.0,196.79999999999998,0.0,199.2,423.0,0.0,27.0
2020-12-12 11:54:00,3.3,0.0,3.27,7.0,0.0,0.43,37.0,198.0,0.0,196.20000000000002,420.0,0.0,25.8
2020-12-12 11:55:00,3.33,0.0,3.18,7.03,0.0,0.52,37.0,199.8,0.0,190.8,421.8,0.0,31.200000000000003
2020-12-12 11:56:00,3.48,0.0,3.13,7.07,0.0,0.46,37.0,208.8,0.0,187.79999999999998,424.20000000000005,0.0,27.6
2020-12-12 11:57:00,3.58,0.0,3.1,7.05,0.0,0.37,37.0,214.8,0.0,186.0,423.0,0.0,22.2
2020-12-12 11:58:00,3.43,0.0,3.17,7.07,0.0,0.47,37.0,205.8,0.0,190.2,424.20000000000005,0.0,28.2
2020-12-12 11:59:00,3.15,0.0,3.18,6.88,0.0,0.55,37.0,189.0,0.0,190.8,412.8,0.0,33.0
2020-12-12 12:00:00,3.28,0.0,3.25,6.98,0.0,0.45,37.0,196.79999999999998,0.0,195.0,418.8,0.0,27.0
2020-12-12 12:01:00,3.2,0.0,3.28,6.93,0.0,0.45,37.0,192.0,0.0,196.79999999999998,415.8,0.0,27.0
2020-12-12 12:02:00,3.45,0.0,3.28,7.03,0.0,0.3,37.0,207.0,0.0,196.79999999999998,421.8,0.0,18.0
2020-12-12 12:03:00,3.25,0.0,3.25,6.92,0.0,0.42,37.0,195.0,0.0,195.0,415.2,0.0,25.2
2020-12-12 12:04:00,3.1,0.0,3.15,6.87,0.0,0.62,37.0,186.0,0.0,189.0,412.2,0.0,37.2
2020-12-12 12:05:00,3.33,0.0,3.15,7.05,0.0,0.57,37.0,199.8,0.0,189.0,423.0,0.0,34.199999999999996
2020-12-12 12:06:00,3.45,0.0,3.13,6.98,0.0,0.4,37.0,207.0,0.0,187.79999999999998,418.8,0.0,24.0
2020-12-12 12:07:00,3.33,0.0,3.1,6.93,0.0,0.5,37.0,199.8,0.0,186.0,415.8,0.0,30.0
2020-12-12 12:08:00,3.52,0.0,3.13,7.08,0.0,0.43,37.0,211.20000000000002,0.0,187.79999999999998,424.8,0.0,25.8
2020-12-12 12:09:00,3.48,0.0,3.1,7.02,0.0,0.44,37.0,208.8,0.0,186.0,421.2,0.0,26.400000000000002
2020-12-12 12:10:00,3.47,0.0,3.03,7.02,0.0,0.52,37.0,208.20000000000002,0.0,181.79999999999998,421.2,0.0,31.200000000000003
2020-12-12 12:11:00,3.57,0.0,3.02,7.0,0.0,0.41,37.0,214.2,0.0,181.20000000000002,420.0,0.0,24.599999999999998
2020-12-12 12:12:00,3.58,0.0,2.95,7.03,0.0,0.5,37.0,214.8,0.0,177.0,421.8,0.0,30.0
2020-12-12 12:13:00,3.67,0.0,2.95,7.0,0.0,0.38,35.0,220.2,0.0,177.0,420.0,0.0,22.8
2020-12-12 12:14:00,36.83,0.0,3.02,46.93,0.0,7.08,35.0,2209.7999999999997,0.0,181.20000000000002,2815.8,0.0,424.8
2020-12-12 12:15:00,47.5,0.0,3.13,50.8,0.0,0.17,35.0,2850.0,0.0,187.79999999999998,3048.0,0.0,10.200000000000001
2020-12-12 12:16:00,46.52,0.0,3.22,50.12,0.0,0.38,34.0,2791.2000000000003,0.0,193.20000000000002,3007.2,0.0,22.8
2020-12-12 12:17:00,46.43,0.0,3.2,49.87,0.0,0.24,34.0,2785.8,0.0,192.0,2992.2,0.0,14.4
2020-12-12 12:18:00,46.87,0.0,3.27,51.22,0.0,1.08,33.0,2812.2,0.0,196.20000000000002,3073.2,0.0,64.80000000000001
2020-12-12 12:19:00,48.05,0.0,3.18,51.65,0.0,0.42,33.0,2883.0,0.0,190.8,3099.0,0.0,25.2
2020-12-12 12:20:00,48.18,0.0,2.93,50.68,0.43,0.0,32.0,2890.8,0.0,175.8,3040.8,25.8,0.0
2020-12-12 12:21:00,48.68,0.0,2.55,51.73,0.0,0.5,31.0,2920.8,0.0,153.0,3103.7999999999997,0.0,30.0
2020-12-12 12:22:00,48.72,0.0,2.38,50.78,0.32,0.0,31.0,2923.2,0.0,142.79999999999998,3046.8,19.2,0.0
2020-12-12 12:23:00,48.95,0.0,2.12,51.6,0.0,0.53,30.0,2937.0,0.0,127.2,3096.0,0.0,31.8
2020-12-12 12:24:00,49.28,0.0,1.95,51.77,0.0,0.54,30.0,2956.8,0.0,117.0,3106.2000000000003,0.0,32.400000000000006
2020-12-12 12:25:00,47.55,0.0,2.0,47.2,2.35,0.0,29.0,2853.0,0.0,120.0,2832.0,141.0,0.0
2020-12-12 12:26:00,16.67,0.0,2.17,31.82,0.0,12.98,29.0,1000.2000000000002,0.0,130.2,1909.2,0.0,778.8000000000001
2020-12-12 12:27:00,46.38,0.0,2.68,48.13,0.93,0.0,29.0,2782.8,0.0,160.8,2887.8,55.800000000000004,0.0
2020-12-12 12:28:00,36.5,0.0,2.93,40.15,0.0,0.72,28.0,2190.0,0.0,175.8,2409.0,0.0,43.199999999999996
2020-12-12 12:29:00,46.85,0.0,2.95,49.67,0.13,0.0,28.0,2811.0,0.0,177.0,2980.2000000000003,7.800000000000001,0.0
2020-12-12 12:30:00,41.08,0.0,2.8,42.98,0.9,0.0,27.0,2464.7999999999997,0.0,168.0,2578.7999999999997,54.0,0.0
2020-12-12 12:31:00,40.32,0.0,2.47,43.85,0.0,1.06,27.0,2419.2000000000003,0.0,148.20000000000002,2631.0,0.0,63.6
2020-12-12 12:32:00,39.03,0.0,2.05,39.43,1.65,0.0,26.0,2341.8,0.0,122.99999999999999,2365.8,99.0,0.0
2020-12-12 12:33:00,28.15,0.0,2.33,35.73,0.0,5.25,26.0,1689.0,0.0,139.8,2143.7999999999997,0.0,315.0
2020-12-12 12:34:00,33.85,0.0,2.77,37.08,0.0,0.46,26.0,2031.0,0.0,166.20000000000002,2224.7999999999997,0.0,27.6
2020-12-12 12:35:00,33.9,0.0,3.02,37.28,0.0,0.36,25.0,2034.0,0.0,181.20000000000002,2236.8,0.0,21.599999999999998
2020-12-12 12:36:00,32.1,0.0,3.73,30.83,5.0,0.0,25.0,1926.0,0.0,223.8,1849.8,300.0,0.0
2020-12-12 12:37:00,1.97,0.0,5.13,8.05,0.0,0.95,25.0,118.2,0.0,307.8,483.00000000000006,0.0,57.0
2020-12-12 12:38:00,0.0,1.92,9.72,8.23,0.0,0.43,25.0,0.0,115.2,583.2,493.8,0.0,25.8
2020-12-12 12:39:00,0.0,5.93,11.1,5.08,0.09,0.0,25.0,0.0,355.8,666.0,304.8,5.3999999999999995,0.0
2020-12-12 12:40:00,0.0,6.78,11.4,5.12,0.0,0.5,25.0,0.0,406.8,684.0,307.2,0.0,30.0
2020-12-12 12:41:00,0.0,6.63,11.28,5.13,0.0,0.48,25.0,0.0,397.8,676.8,307.8,0.0,28.8
2020-12-12 12:42:00,0.0,6.57,11.18,5.1,0.0,0.49,25.0,0.0,394.20000000000005,670.8,306.0,0.0,29.4
2020-12-12 12:43:00,0.0,6.77,11.43,5.1,0.0,0.44,25.0,0.0,406.2,685.8,306.0,0.0,26.400000000000002
2020-12-12 12:44:00,0.0,6.93,11.58,5.08,0.0,0.43,25.0,0.0,415.8,694.8000000000001,304.8,0.0,25.8
2020-12-12 12:45:00,0.0,7.22,11.82,5.1,0.0,0.5,25.0,0.0,433.2,709.2,306.0,0.0,30.0
2020-12-12 12:46:00,0.0,7.47,12.12,5.03,0.0,0.38,25.0,0.0,448.2,727.1999999999999,301.8,0.0,22.8
2020-12-12 12:47:00,0.0,7.62,12.2,5.03,0.0,0.45,25.0,0.0,457.2,732.0,301.8,0.0,27.0
2020-12-12 12:48:00,21.35,0.0,13.03,37.1,0.0,2.72,25.0,1281.0,0.0,781.8,2226.0,0.0,163.20000000000002
2020-12-12 12:49:00,25.97,0.0,11.28,37.77,0.0,0.52,25.0,1558.2,0.0,676.8,2266.2000000000003,0.0,31.200000000000003
2020-12-12 12:50:00,25.73,0.0,11.53,37.67,0.0,0.41,25.0,1543.8,0.0,691.8,2260.2000000000003,0.0,24.599999999999998
2020-12-12 12:51:00,16.13,0.0,9.77,28.28,0.0,2.38,24.0,967.8,0.0,586.1999999999999,1696.8000000000002,0.0,142.79999999999998
2020-12-12 12:52:00,11.57,0.0,14.22,25.82,0.0,0.03,24.0,694.2,0.0,853.2,1549.2,0.0,1.8
2020-12-12 12:53:00,10.52,0.0,13.68,27.02,0.0,2.82,24.0,631.1999999999999,0.0,820.8,1621.2,0.0,169.2
2020-12-12 12:54:00,16.47,0.0,9.18,26.83,0.0,1.18,24.0,988.1999999999999,0.0,550.8,1609.8,0.0,70.8
2020-12-12 12:55:00,4.32,0.0,14.77,26.1,0.0,7.01,24.0,259.20000000000005,0.0,886.1999999999999,1566.0,0.0,420.59999999999997
2020-12-12 12:56:00,15.0,0.0,14.32,34.58,0.0,5.26,24.0,900.0,0.0,859.2,2074.7999999999997,0.0,315.59999999999997
2020-12-12 12:57:00,26.23,0.0,9.38,46.6,0.0,10.99,23.0,1573.8,0.0,562.8000000000001,2796.0,0.0,659.4
2020-12-12 12:58:00,33.78,0.0,8.02,45.33,0.0,3.53,23.0,2026.8000000000002,0.0,481.2,2719.7999999999997,0.0,211.79999999999998
2020-12-12 12:59:00,30.58,0.0,12.93,42.27,1.24,0.0,23.0,1834.8,0.0,775.8,2536.2000000000003,74.4,0.0
2020-12-12 13:00:00,30.13,0.0,12.67,47.9,0.0,5.1,22.0,1807.8,0.0,760.2,2874.0,0.0,306.0
2020-12-12 13:01:00,43.15,0.0,12.65,76.88,0.0,21.08,22.0,2589.0,0.0,759.0,4612.8,0.0,1264.8
2020-12-12 13:02:00,48.72,0.0,12.63,75.8,0.0,14.45,20.0,2923.2,0.0,757.8000000000001,4548.0,0.0,867.0
2020-12-12 13:03:00,43.22,0.0,12.53,77.7,0.0,21.95,20.0,2593.2,0.0,751.8,4662.0,0.0,1317.0
2020-12-12 13:04:00,45.07,0.0,12.3,79.5,0.0,22.13,19.0,2704.2000000000003,0.0,738.0,4770.0,0.0,1327.8
2020-12-12 13:05:00,34.47,0.0,12.13,66.97,0.0,20.37,19.0,2068.2,0.0,727.8000000000001,4018.2,0.0,1222.2
2020-12-12 13:06:00,36.55,0.0,12.18,69.73,0.0,21.0,19.0,2193.0,0.0,730.8,4183.8,0.0,1260.0
2020-12-12 13:07:00,30.42,0.0,11.93,66.63,0.0,24.28,18.0,1825.2,0.0,715.8,3997.7999999999997,0.0,1456.8000000000002
2020-12-12 13:08:00,43.35,0.0,12.4,66.97,0.0,11.22,18.0,2601.0,0.0,744.0,4018.2,0.0,673.2
2020-12-12 13:09:00,47.07,0.0,12.48,65.77,0.0,6.22,17.0,2824.2000000000003,0.0,748.8000000000001,3946.2,0.0,373.2
2020-12-12 13:10:00,34.48,0.0,12.6,62.0,0.0,14.92,17.0,2068.7999999999997,0.0,756.0,3720.0,0.0,895.2
2020-12-12 13:11:00,29.85,0.0,12.63,61.95,0.0,19.47,16.0,1791.0,0.0,757.8000000000001,3717.0,0.0,1168.2
2020-12-12 13:12:00,27.18,0.0,12.93,57.7,0.0,17.59,16.0,1630.8,0.0,775.8,3462.0,0.0,1055.4
2020-12-12 13:13:00,25.0,0.0,13.28,56.4,0.0,18.12,16.0,1500.0,0.0,796.8,3384.0,0.0,1087.2
2020-12-12 13:14:00,45.03,0.0,13.15,101.47,0.0,43.29,15.0,2701.8,0.0,789.0,6088.2,0.0,2597.4
2020-12-12 13:15:00,48.22,0.0,13.07,136.95,0.0,75.66,15.0,2893.2,0.0,784.2,8217.0,0.0,4539.599999999999
2020-12-12 13:16:00,47.65,0.0,13.6,136.58,0.0,75.33,14.0,2859.0,0.0,816.0,8194.800000000001,0.0,4519.8
2020-12-12 13:17:00,47.9,0.0,13.37,136.92,0.0,75.65,14.0,2874.0,0.0,802.1999999999999,8215.199999999999,0.0,4539.0
2020-12-12 13:18:00,47.6,0.0,13.57,135.85,0.0,74.68,13.0,2856.0,0.0,814.2,8151.0,0.0,4480.8
2020-12-12 13:19:00,47.85,0.0,13.45,136.18,0.0,74.88,13.0,2871.0,0.0,807.0,8170.8,0.0,4492.8
2020-12-12 13:20:00,48.43,0.0,12.88,138.13,0.0,76.82,12.0,2905.8,0.0,772.8000000000001,8287.8,0.0,4609.2
2020-12-12 13:21:00,48.65,0.0,12.7,141.18,0.0,79.83,12.0,2919.0,0.0,762.0,8470.800000000001,0.0,4789.8
2020-12-12 13:22:00,48.2,0.0,13.18,144.55,0.0,83.17,11.0,2892.0,0.0,790.8,8673.0,0.0,4990.2
2020-12-12 13:23:00,47.98,0.0,13.2,143.3,0.0,82.12,10.0,2878.7999999999997,0.0,792.0,8598.0,0.0,4927.200000000001
2020-12-12 13:24:00,7.38,0.0,13.02,104.63,0.0,84.23,10.0,442.8,0.0,781.1999999999999,6277.8,0.0,5053.8
2020-12-12 13:25:00,0.0,0.0,12.95,93.65,0.0,80.7,10.0,0.0,0.0,777.0,5619.0,0.0,4842.0
2020-12-12 13:26:00,0.0,0.0,10.08,81.25,0.0,71.17,10.0,0.0,0.0,604.8000000000001,4875.0,0.0,4270.2
2020-12-12 13:27:00,0.0,0.05,11.13,98.17,0.0,87.09,10.0,0.0,3.0,667.8000000000001,5890.2,0.0,5225.400000000001
2020-12-12 13:28:00,0.0,0.0,12.55,97.02,0.0,84.47,10.0,0.0,0.0,753.0,5821.2,0.0,5068.2
2020-12-12 13:29:00,0.0,0.0,10.8,84.8,0.0,74.0,10.0,0.0,0.0,648.0,5088.0,0.0,4440.0
2020-12-12 13:30:00,0.03,0.0,12.48,103.6,0.0,91.09,10.0,1.8,0.0,748.8000000000001,6216.0,0.0,5465.400000000001
2020-12-12 13:31:00,0.0,0.0,11.6,117.78,0.0,106.18,10.0,0.0,0.0,696.0,7066.8,0.0,6370.8
2020-12-12 13:32:00,0.0,0.0,8.9,118.3,0.0,109.4,10.0,0.0,0.0,534.0,7098.0,0.0,6564.0
2020-12-12 13:33:00,0.0,0.0,9.0,117.85,0.0,108.85,10.0,0.0,0.0,540.0,7071.0,0.0,6531.0
2020-12-12 13:34:00,0.0,0.0,8.07,85.0,0.0,76.93,10.0,0.0,0.0,484.20000000000005,5100.0,0.0,4615.8
2020-12-12 13:35:00,0.0,0.0,8.38,94.05,0.0,85.67,10.0,0.0,0.0,502.80000000000007,5643.0,0.0,5140.2
2020-12-12 13:36:00,0.0,0.0,4.83,77.5,0.0,72.67,10.0,0.0,0.0,289.8,4650.0,0.0,4360.2
2020-12-12 13:37:00,0.0,0.0,1.52,77.05,0.0,75.53,10.0,0.0,0.0,91.2,4623.0,0.0,4531.8
2020-12-12 13:38:00,0.0,0.0,1.88,67.67,0.0,65.79,10.0,0.0,0.0,112.8,4060.2000000000003,0.0,3947.4000000000005
2020-12-12 13:39:00,0.0,0.0,3.07,99.65,0.0,96.58,10.0,0.0,0.0,184.2,5979.0,0.0,5794.8
2020-12-12 13:40:00,0.05,0.0,5.73,107.35,0.0,101.57,10.0,3.0,0.0,343.8,6441.0,0.0,6094.2
2020-12-12 13:41:00,0.0,0.0,12.82,106.48,0.0,93.66,10.0,0.0,0.0,769.2,6388.8,0.0,5619.599999999999
2020-12-12 13:42:00,0.0,0.0,14.23,107.43,0.0,93.2,10.0,0.0,0.0,853.8000000000001,6445.8,0.0,5592.0
2020-12-12 13:43:00,0.0,0.0,10.68,104.77,0.0,94.09,10.0,0.0,0.0,640.8,6286.2,0.0,5645.400000000001
2020-12-12 13:44:00,0.0,0.0,4.23,105.9,0.0,101.67,10.0,0.0,0.0,253.80000000000004,6354.0,0.0,6100.2
2020-12-12 13:45:00,0.0,0.0,3.32,104.77,0.0,101.45,10.0,0.0,0.0,199.2,6286.2,0.0,6087.0
2020-12-12 13:46:00,0.0,0.0,3.95,111.27,0.0,107.32,10.0,0.0,0.0,237.0,6676.2,0.0,6439.2
2020-12-12 13:47:00,0.0,0.0,6.42,83.58,0.0,77.16,10.0,0.0,0.0,385.2,5014.8,0.0,4629.599999999999
2020-12-12 13:48:00,0.0,0.0,9.37,78.62,0.0,69.25,10.0,0.0,0.0,562.1999999999999,4717.200000000001,0.0,4155.0
2020-12-12 13:49:00,0.0,0.85,8.38,65.95,0.0,58.42,10.0,0.0,51.0,502.80000000000007,3957.0,0.0,3505.2000000000003
2020-12-12 13:50:00,0.0,0.0,6.25,80.5,0.0,74.25,10.0,0.0,0.0,375.0,4830.0,0.0,4455.0
2020-12-12 13:51:00,0.0,0.0,4.78,50.82,0.0,46.04,10.0,0.0,0.0,286.8,3049.2000000000003,0.0,2762.4
2020-12-12 13:52:00,0.0,0.0,3.88,70.15,0.0,66.27,10.0,0.0,0.0,232.79999999999998,4209.0,0.0,3976.2
2020-12-12 13:53:00,0.0,0.0,2.85,98.67,0.0,95.82,10.0,0.0,0.0,171.0,5920.2,0.0,5749.2
2020-12-12 13:54:00,0.0,0.0,1.95,97.95,0.0,96.0,10.0,0.0,0.0,117.0,5877.0,0.0,5760.0
2020-12-12 13:55:00,0.0,0.05,1.38,95.9,0.0,94.57,10.0,0.0,3.0,82.8,5754.0,0.0,5674.2
2020-12-12 13:56:00,0.03,0.0,1.13,99.32,0.0,98.16,10.0,1.8,0.0,67.8,5959.2,0.0,5889.599999999999
2020-12-12 13:57:00,0.0,0.0,1.2,100.67,0.0,99.47,10.0,0.0,0.0,72.0,6040.2,0.0,5968.2
2020-12-12 13:58:00,0.0,0.0,1.18,91.07,0.0,89.89,10.0,0.0,0.0,70.8,5464.2,0.0,5393.400000000001
2020-12-12 13:59:00,0.0,0.0,1.22,90.53,0.0,89.31,10.0,0.0,0.0,73.2,5431.8,0.0,5358.6
2020-12-12 14:00:00,0.0,0.0,1.13,91.23,0.0,90.1,10.0,0.0,0.0,67.8,5473.8,0.0,5406.0
2020-12-12 14:01:00,0.03,0.0,1.13,89.73,0.0,88.57,10.0,1.8,0.0,67.8,5383.8,0.0,5314.2
2020-12-12 14:02:00,0.0,0.0,1.18,65.35,0.0,64.17,10.0,0.0,0.0,70.8,3920.9999999999995,0.0,3850.2000000000003
2020-12-12 14:03:00,0.0,0.0,1.25,44.45,0.0,43.2,10.0,0.0,0.0,75.0,2667.0,0.0,2592.0
2020-12-12 14:04:00,0.0,0.0,1.45,47.5,0.0,46.05,10.0,0.0,0.0,87.0,2850.0,0.0,2763.0
2020-12-12 14:05:00,0.0,0.03,1.5,45.08,0.0,43.61,10.0,0.0,1.8,90.0,2704.7999999999997,0.0,2616.6
2020-12-12 14:06:00,0.0,0.0,1.68,42.38,0.0,40.7,10.0,0.0,0.0,100.8,2542.8,0.0,2442.0
2020-12-12 14:07:00,0.03,0.0,1.75,41.23,0.0,39.45,10.0,1.8,0.0,105.0,2473.7999999999997,0.0,2367.0
2020-12-12 14:08:00,0.0,0.0,1.78,40.02,0.0,38.24,10.0,0.0,0.0,106.8,2401.2000000000003,0.0,2294.4
2020-12-12 14:09:00,0.0,0.0,1.8,39.68,0.0,37.88,10.0,0.0,0.0,108.0,2380.8,0.0,2272.8
2020-12-12 14:10:00,0.0,0.0,1.72,38.08,0.0,36.36,10.0,0.0,0.0,103.2,2284.7999999999997,0.0,2181.6
2020-12-12 14:11:00,0.0,0.0,1.75,24.47,0.0,22.72,10.0,0.0,0.0,105.0,1468.2,0.0,1363.2
2020-12-12 14:12:00,0.03,0.0,1.88,9.53,0.0,7.62,10.0,1.8,0.0,112.8,571.8,0.0,457.2
2020-12-12 14:13:00,0.03,0.0,1.97,5.62,0.0,3.62,10.0,1.8,0.0,118.2,337.2,0.0,217.20000000000002
2020-12-12 14:14:00,0.0,0.0,2.08,5.65,0.0,3.57,10.0,0.0,0.0,124.80000000000001,339.0,0.0,214.2
2020-12-12 14:15:00,0.0,0.0,2.07,28.58,0.0,26.51,10.0,0.0,0.0,124.19999999999999,1714.8,0.0,1590.6000000000001
2020-12-12 14:16:00,0.0,0.0,2.33,26.6,0.0,24.27,10.0,0.0,0.0,139.8,1596.0,0.0,1456.2
2020-12-12 14:17:00,0.03,0.0,2.5,5.87,0.0,3.34,10.0,1.8,0.0,150.0,352.2,0.0,200.4
2020-12-12 14:18:00,0.03,0.0,2.65,5.58,0.0,2.9,10.0,1.8,0.0,159.0,334.8,0.0,174.0
2020-12-12 14:19:00,0.0,0.0,2.77,5.55,0.0,2.78,10.0,0.0,0.0,166.20000000000002,333.0,0.0,166.79999999999998
2020-12-12 14:20:00,0.0,0.0,2.85,5.55,0.0,2.7,10.0,0.0,0.0,171.0,333.0,0.0,162.0
2020-12-12 14:21:00,0.0,0.0,2.8,5.62,0.0,2.82,10.0,0.0,0.0,168.0,337.2,0.0,169.2
2020-12-12 14:22:00,0.0,0.0,2.67,5.65,0.0,2.98,10.0,0.0,0.0,160.2,339.0,0.0,178.8
2020-12-12 14:23:00,0.0,0.0,2.5,5.62,0.0,3.12,10.0,0.0,0.0,150.0,337.2,0.0,187.20000000000002
2020-12-12 14:24:00,0.03,0.0,2.4,5.6,0.0,3.17,10.0,1.8,0.0,144.0,336.0,0.0,190.2
2020-12-12 14:25:00,0.0,0.0,2.38,5.82,0.0,3.44,10.0,0.0,0.0,142.79999999999998,349.20000000000005,0.0,206.4
2020-12-12 14:26:00,0.0,0.0,2.55,5.6,0.0,3.05,10.0,0.0,0.0,153.0,336.0,0.0,183.0
2020-12-12 14:27:00,0.0,0.0,2.9,5.73,0.0,2.83,10.0,0.0,0.0,174.0,343.8,0.0,169.8
2020-12-12 14:28:00,0.0,0.0,3.13,7.0,0.0,3.87,10.0,0.0,0.0,187.79999999999998,420.0,0.0,232.20000000000002
2020-12-12 14:29:00,0.0,0.0,3.25,7.38,0.0,4.13,10.0,0.0,0.0,195.0,442.8,0.0,247.79999999999998
2020-12-12 14:30:00,0.0,0.0,3.15,6.78,0.0,3.63,10.0,0.0,0.0,189.0,406.8,0.0,217.79999999999998
2020-12-12 14:31:00,0.0,0.0,2.98,7.32,0.0,4.34,10.0,0.0,0.0,178.8,439.20000000000005,0.0,260.4
2020-12-12 14:32:00,0.0,0.0,2.83,7.35,0.0,4.52,10.0,0.0,0.0,169.8,441.0,0.0,271.2
2020-12-12 14:33:00,0.03,0.0,2.72,7.4,0.0,4.65,10.0,1.8,0.0,163.20000000000002,444.0,0.0,279.0
2020-12-12 14:34:00,0.0,0.0,2.57,7.38,0.0,4.81,10.0,0.0,0.0,154.2,442.8,0.0,288.59999999999997
2020-12-12 14:35:00,0.0,0.0,2.4,7.62,0.0,5.22,10.0,0.0,0.0,144.0,457.2,0.0,313.2
2020-12-12 14:36:00,0.0,0.0,2.22,7.33,0.0,5.11,10.0,0.0,0.0,133.20000000000002,439.8,0.0,306.6
2020-12-12 14:37:00,0.03,0.0,2.0,7.23,0.0,5.2,10.0,1.8,0.0,120.0,433.8,0.0,312.0
2020-12-12 14:38:00,0.0,0.0,1.78,7.28,0.0,5.5,10.0,0.0,0.0,106.8,436.8,0.0,330.0
2020-12-12 14:39:00,0.0,0.0,1.6,7.12,0.0,5.52,10.0,0.0,0.0,96.0,427.2,0.0,331.2
2020-12-12 14:40:00,0.0,0.0,1.42,6.77,0.0,5.35,10.0,0.0,0.0,85.2,406.2,0.0,321.0
2020-12-12 14:41:00,0.0,0.0,1.28,6.75,0.0,5.47,10.0,0.0,0.0,76.8,405.0,0.0,328.2
2020-12-12 14:42:00,0.0,0.0,1.22,6.82,0.0,5.6,10.0,0.0,0.0,73.2,409.20000000000005,0.0,336.0
2020-12-12 14:43:00,0.0,0.0,1.13,6.82,0.0,5.69,10.0,0.0,0.0,67.8,409.20000000000005,0.0,341.40000000000003
2020-12-12 14:44:00,0.0,0.0,1.07,6.78,0.0,5.71,10.0,0.0,0.0,64.2,406.8,0.0,342.6
2020-12-12 14:45:00,0.0,0.0,1.0,6.8,0.0,5.8,10.0,0.0,0.0,60.0,408.0,0.0,348.0
2020-12-12 14:46:00,0.0,0.0,0.93,6.78,0.0,5.85,10.0,0.0,0.0,55.800000000000004,406.8,0.0,351.0
2020-12-12 14:47:00,0.0,0.0,0.85,6.73,0.0,5.88,10.0,0.0,0.0,51.0,403.8,0.0,352.8
2020-12-12 14:48:00,0.0,0.0,0.73,6.63,0.0,5.9,10.0,0.0,0.0,43.8,397.8,0.0,354.0
2020-12-12 14:49:00,0.0,0.0,0.75,6.73,0.0,5.98,10.0,0.0,0.0,45.0,403.8,0.0,358.8
2020-12-12 14:50:00,0.0,0.0,0.73,6.73,0.0,6.0,10.0,0.0,0.0,43.8,403.8,0.0,360.0
2020-12-12 14:51:00,0.0,0.0,0.72,6.42,0.0,5.7,10.0,0.0,0.0,43.199999999999996,385.2,0.0,342.0
2020-12-12 14:52:00,0.0,0.0,0.82,17.52,0.0,16.7,10.0,0.0,0.0,49.199999999999996,1051.2,0.0,1002.0
2020-12-12 14:53:00,0.0,0.0,0.78,39.95,0.0,39.17,10.0,0.0,0.0,46.800000000000004,2397.0,0.0,2350.2000000000003
2020-12-12 14:54:00,0.0,0.0,0.8,40.32,0.0,39.52,10.0,0.0,0.0,48.0,2419.2000000000003,0.0,2371.2000000000003
2020-12-12 14:55:00,0.0,0.0,0.87,40.35,0.0,39.48,10.0,0.0,0.0,52.2,2421.0,0.0,2368.7999999999997
2020-12-12 14:56:00,0.0,0.0,0.9,39.95,0.0,39.05,10.0,0.0,0.0,54.0,2397.0,0.0,2343.0
2020-12-12 14:57:00,0.0,0.0,0.95,27.7,0.0,26.75,10.0,0.0,0.0,57.0,1662.0,0.0,1605.0
2020-12-12 14:58:00,0.0,0.0,0.9,6.67,0.0,5.77,10.0,0.0,0.0,54.0,400.2,0.0,346.2
2020-12-12 14:59:00,0.0,0.0,0.9,6.65,0.0,5.75,10.0,0.0,0.0,54.0,399.0,0.0,345.0
2020-12-12 15:00:00,0.0,0.0,0.87,6.63,0.0,5.76,10.0,0.0,0.0,52.2,397.8,0.0,345.59999999999997
2020-12-12 15:01:00,0.0,0.0,0.9,8.75,0.0,7.85,10.0,0.0,0.0,54.0,525.0,0.0,471.0
2020-12-12 15:02:00,0.0,0.0,0.93,14.15,0.0,13.22,10.0,0.0,0.0,55.800000000000004,849.0,0.0,793.2
2020-12-12 15:03:00,0.0,0.0,1.03,35.38,0.0,34.35,10.0,0.0,0.0,61.800000000000004,2122.8,0.0,2061.0
2020-12-12 15:04:00,0.0,0.0,1.13,47.63,0.0,46.5,10.0,0.0,0.0,67.8,2857.8,0.0,2790.0
2020-12-12 15:05:00,0.0,0.0,1.32,42.82,0.0,41.5,10.0,0.0,0.0,79.2,2569.2000000000003,0.0,2490.0
2020-12-12 15:06:00,0.0,0.0,1.33,45.83,0.0,44.5,10.0,0.0,0.0,79.80000000000001,2749.7999999999997,0.0,2670.0
2020-12-12 15:07:00,0.0,0.0,1.2,45.47,0.0,44.27,10.0,0.0,0.0,72.0,2728.2,0.0,2656.2000000000003
2020-12-12 15:08:00,0.0,0.0,0.98,40.95,0.0,39.97,10.0,0.0,0.0,58.8,2457.0,0.0,2398.2
2020-12-12 15:09:00,0.05,0.0,0.92,41.07,0.0,40.1,10.0,3.0,0.0,55.2,2464.2000000000003,0.0,2406.0
2020-12-12 15:10:00,0.0,0.0,0.83,41.05,0.0,40.22,10.0,0.0,0.0,49.8,2463.0,0.0,2413.2
2020-12-12 15:11:00,0.0,0.0,0.75,8.88,0.0,8.13,10.0,0.0,0.0,45.0,532.8000000000001,0.0,487.80000000000007
2020-12-12 15:12:00,0.0,0.0,0.67,6.62,0.0,5.95,10.0,0.0,0.0,40.2,397.2,0.0,357.0
2020-12-12 15:13:00,0.03,0.0,0.57,6.55,0.0,5.95,10.0,1.8,0.0,34.199999999999996,393.0,0.0,357.0
2020-12-12 15:14:00,0.0,0.0,0.47,6.62,0.0,6.15,10.0,0.0,0.0,28.2,397.2,0.0,369.0
2020-12-12 15:15:00,0.0,0.0,0.42,6.58,0.0,6.16,10.0,0.0,0.0,25.2,394.8,0.0,369.6
2020-12-12 15:16:00,0.0,0.0,0.38,6.5,0.0,6.12,10.0,0.0,0.0,22.8,390.0,0.0,367.2
2020-12-12 15:17:00,0.0,0.0,0.33,5.92,0.0,5.59,10.0,0.0,0.0,19.8,355.2,0.0,335.4
2020-12-12 15:18:00,0.0,0.0,0.35,5.07,0.0,4.72,10.0,0.0,0.0,21.0,304.20000000000005,0.0,283.2
2020-12-12 15:19:00,0.0,0.0,0.25,4.87,0.0,4.62,10.0,0.0,0.0,15.0,292.2,0.0,277.2
2020-12-12 15:20:00,0.03,0.0,0.27,4.98,0.0,4.68,10.0,1.8,0.0,16.200000000000003,298.8,0.0,280.8
2020-12-12 15:21:00,0.0,0.0,0.23,4.92,0.0,4.69,10.0,0.0,0.0,13.8,295.2,0.0,281.40000000000003
2020-12-12 15:22:00,0.0,0.0,0.22,4.97,0.0,4.75,10.0,0.0,0.0,13.200000000000001,298.2,0.0,285.0
2020-12-12 15:23:00,0.0,0.0,0.2,5.02,0.0,4.82,10.0,0.0,0.0,12.0,301.2,0.0,289.20000000000005
2020-12-12 15:24:00,0.0,0.0,0.15,4.88,0.0,4.73,10.0,0.0,0.0,9.0,292.8,0.0,283.8
2020-12-12 15:25:00,0.0,0.0,0.17,4.9,0.0,4.73,10.0,0.0,0.0,10.200000000000001,294.0,0.0,283.8
2020-12-12 15:26:00,0.0,0.0,0.2,28.75,0.0,28.55,10.0,0.0,0.0,12.0,1725.0,0.0,1713.0
2020-12-12 15:27:00,0.0,0.0,0.27,38.22,0.0,37.95,10.0,0.0,0.0,16.200000000000003,2293.2,0.0,2277.0
2020-12-12 15:28:00,0.0,0.0,0.3,26.62,0.0,26.32,10.0,0.0,0.0,18.0,1597.2,0.0,1579.2
2020-12-12 15:29:00,0.0,0.03,0.35,60.75,0.0,60.43,10.0,0.0,1.8,21.0,3645.0,0.0,3625.8
2020-12-12 15:30:00,0.0,0.0,0.4,72.47,0.0,72.07,10.0,0.0,0.0,24.0,4348.2,0.0,4324.2
2020-12-12 15:31:00,0.0,0.0,0.38,74.43,0.0,74.05,10.0,0.0,0.0,22.8,4465.8,0.0,4443.0
2020-12-12 15:32:00,0.0,0.0,0.32,74.33,0.0,74.01,10.0,0.0,0.0,19.2,4459.8,0.0,4440.6
2020-12-12 15:33:00,0.0,0.0,0.28,47.45,0.0,47.17,10.0,0.0,0.0,16.8,2847.0,0.0,2830.2000000000003
2020-12-12 15:34:00,0.0,0.03,0.2,37.83,0.0,37.66,10.0,0.0,1.8,12.0,2269.7999999999997,0.0,2259.6
2020-12-12 15:35:00,0.0,0.0,0.12,37.85,0.0,37.73,10.0,0.0,0.0,7.2,2271.0,0.0,2263.7999999999997
2020-12-12 15:36:00,0.0,0.0,0.03,38.17,0.0,38.14,10.0,0.0,0.0,1.8,2290.2000000000003,0.0,2288.4
2020-12-12 15:37:00,0.0,0.07,0.0,37.97,0.0,38.04,10.0,0.0,4.2,0.0,2278.2,0.0,2282.4
2020-12-12 15:38:00,0.0,0.12,0.0,37.85,0.0,37.97,10.0,0.0,7.2,0.0,2271.0,0.0,2278.2
2020-12-12 15:39:00,0.0,0.1,0.0,37.92,0.0,38.02,10.0,0.0,6.0,0.0,2275.2000000000003,0.0,2281.2000000000003
2020-12-12 15:40:00,0.0,0.07,0.0,38.08,0.0,38.15,10.0,0.0,4.2,0.0,2284.7999999999997,0.0,2289.0
2020-12-12 15:41:00,0.0,0.03,0.0,38.17,0.0,38.2,10.0,0.0,1.8,0.0,2290.2000000000003,0.0,2292.0
2020-12-12 15:42:00,0.0,0.03,0.0,38.08,0.0,38.11,10.0,0.0,1.8,0.0,2284.7999999999997,0.0,2286.6
2020-12-12 15:43:00,0.0,0.08,0.0,37.92,0.0,38.0,10.0,0.0,4.8,0.0,2275.2000000000003,0.0,2280.0
2020-12-12 15:44:00,0.0,0.17,0.0,38.03,0.0,38.2,10.0,0.0,10.200000000000001,0.0,2281.8,0.0,2292.0
2020-12-12 15:45:00,0.0,0.23,0.0,38.1,0.0,38.33,10.0,0.0,13.8,0.0,2286.0,0.0,2299.7999999999997
2020-12-12 15:46:00,0.0,0.28,0.0,37.93,0.0,38.21,10.0,0.0,16.8,0.0,2275.8,0.0,2292.6
2020-12-12 15:47:00,0.0,0.35,0.0,37.52,0.0,37.87,10.0,0.0,21.0,0.0,2251.2000000000003,0.0,2272.2
2020-12-12 15:48:00,0.0,0.22,0.05,37.65,0.0,37.82,10.0,0.0,13.200000000000001,3.0,2259.0,0.0,2269.2000000000003
2020-12-12 15:49:00,0.0,0.0,0.0,55.63,0.0,55.63,10.0,0.0,0.0,0.0,3337.8,0.0,3337.8
2020-12-12 15:50:00,0.0,0.0,0.0,45.65,0.0,45.65,10.0,0.0,0.0,0.0,2739.0,0.0,2739.0
2020-12-12 15:51:00,0.0,0.0,0.0,38.98,0.0,38.98,10.0,0.0,0.0,0.0,2338.7999999999997,0.0,2338.7999999999997
2020-12-12 15:52:00,0.0,0.0,0.0,7.68,0.0,7.68,10.0,0.0,0.0,0.0,460.8,0.0,460.8
2020-12-12 15:53:00,0.0,0.0,0.0,5.52,0.0,5.52,10.0,0.0,0.0,0.0,331.2,0.0,331.2
2020-12-12 15:54:00,0.0,0.0,0.0,7.9,0.0,7.9,10.0,0.0,0.0,0.0,474.0,0.0,474.0
2020-12-12 15:55:00,0.0,0.0,0.0,39.12,0.0,39.12,10.0,0.0,0.0,0.0,2347.2,0.0,2347.2
2020-12-12 15:56:00,0.05,0.0,0.0,31.38,0.0,31.33,10.0,3.0,0.0,0.0,1882.8,0.0,1879.8
2020-12-12 15:57:00,0.0,0.0,0.0,5.53,0.0,5.53,10.0,0.0,0.0,0.0,331.8,0.0,331.8
2020-12-12 15:58:00,0.0,0.0,0.0,5.47,0.0,5.47,10.0,0.0,0.0,0.0,328.2,0.0,328.2
2020-12-12 15:59:00,0.0,0.0,0.0,5.55,0.0,5.55,10.0,0.0,0.0,0.0,333.0,0.0,333.0
2020-12-12 16:00:00,0.0,0.0,0.0,5.63,0.0,5.63,10.0,0.0,0.0,0.0,337.8,0.0,337.8
2020-12-12 16:01:00,0.0,0.0,0.0,5.48,0.0,5.48,10.0,0.0,0.0,0.0,328.8,0.0,328.8
2020-12-12 16:02:00,0.0,0.0,0.0,17.43,0.0,17.43,10.0,0.0,0.0,0.0,1045.8,0.0,1045.8
2020-12-12 16:03:00,0.0,0.0,0.0,27.33,0.0,27.33,10.0,0.0,0.0,0.0,1639.8,0.0,1639.8
2020-12-12 16:04:00,0.0,0.0,0.0,14.25,0.0,14.25,10.0,0.0,0.0,0.0,855.0,0.0,855.0
2020-12-12 16:05:00,0.0,0.07,0.0,5.48,0.0,5.55,10.0,0.0,4.2,0.0,328.8,0.0,333.0
2020-12-12 16:06:00,0.0,0.15,0.0,5.43,0.0,5.58,10.0,0.0,9.0,0.0,325.8,0.0,334.8
2020-12-12 16:07:00,0.0,0.18,0.0,5.38,0.0,5.56,10.0,0.0,10.799999999999999,0.0,322.8,0.0,333.59999999999997
2020-12-12 16:08:00,0.0,0.2,0.0,5.48,0.0,5.68,10.0,0.0,12.0,0.0,328.8,0.0,340.8
2020-12-12 16:09:00,0.0,0.2,0.0,5.65,0.0,5.85,10.0,0.0,12.0,0.0,339.0,0.0,351.0
2020-12-12 16:10:00,0.0,0.22,0.0,5.73,0.0,5.95,10.0,0.0,13.200000000000001,0.0,343.8,0.0,357.0
2020-12-12 16:11:00,0.0,0.22,0.0,5.47,0.0,5.69,10.0,0.0,13.200000000000001,0.0,328.2,0.0,341.40000000000003
2020-12-12 16:12:00,0.0,0.22,0.0,5.45,0.0,5.67,10.0,0.0,13.200000000000001,0.0,327.0,0.0,340.2
2020-12-12 16:13:00,0.0,0.22,0.0,5.43,0.0,5.65,10.0,0.0,13.200000000000001,0.0,325.8,0.0,339.0
2020-12-12 16:14:00,0.0,0.23,0.0,5.47,0.0,5.7,10.0,0.0,13.8,0.0,328.2,0.0,342.0
2020-12-12 16:15:00,0.0,0.2,0.0,5.45,0.0,5.65,10.0,0.0,12.0,0.0,327.0,0.0,339.0
2020-12-12 16:16:00,0.0,0.1,0.0,5.48,0.0,5.58,10.0,0.0,6.0,0.0,328.8,0.0,334.8
2020-12-12 16:17:00,0.0,0.15,0.0,5.52,0.0,5.67,10.0,0.0,9.0,0.0,331.2,0.0,340.2
2020-12-12 16:18:00,0.0,0.15,0.0,5.55,0.0,5.7,10.0,0.0,9.0,0.0,333.0,0.0,342.0
2020-12-12 16:19:00,0.0,0.15,0.0,5.57,0.0,5.72,10.0,0.0,9.0,0.0,334.20000000000005,0.0,343.2
2020-12-12 16:20:00,0.0,0.15,0.0,5.62,0.0,5.77,10.0,0.0,9.0,0.0,337.2,0.0,346.2
2020-12-12 16:21:00,0.0,0.15,0.0,5.58,0.0,5.73,10.0,0.0,9.0,0.0,334.8,0.0,343.8
2020-12-12 16:22:00,0.0,0.15,0.0,5.62,0.0,5.77,10.0,0.0,9.0,0.0,337.2,0.0,346.2
2020-12-12 16:23:00,0.0,0.15,0.0,5.6,0.0,5.75,10.0,0.0,9.0,0.0,336.0,0.0,345.0
2020-12-12 16:24:00,0.0,0.15,0.0,5.5,0.0,5.65,10.0,0.0,9.0,0.0,330.0,0.0,339.0
2020-12-12 16:25:00,0.0,0.15,0.0,5.53,0.0,5.68,10.0,0.0,9.0,0.0,331.8,0.0,340.8
2020-12-12 16:26:00,0.0,0.15,0.0,5.48,0.0,5.63,10.0,0.0,9.0,0.0,328.8,0.0,337.8
2020-12-12 16:27:00,0.0,0.15,0.0,5.5,0.0,5.65,10.0,0.0,9.0,0.0,330.0,0.0,339.0
2020-12-12 16:28:00,0.0,0.15,0.0,5.5,0.0,5.65,10.0,0.0,9.0,0.0,330.0,0.0,339.0
2020-12-12 16:29:00,0.0,0.15,0.0,5.48,0.0,5.63,10.0,0.0,9.0,0.0,328.8,0.0,337.8
2020-12-12 16:30:00,0.0,0.15,0.0,5.5,0.0,5.65,10.0,0.0,9.0,0.0,330.0,0.0,339.0
2020-12-12 16:31:00,0.0,0.15,0.0,5.5,0.0,5.65,10.0,0.0,9.0,0.0,330.0,0.0,339.0
2020-12-12 16:32:00,0.0,0.15,0.0,5.5,0.0,5.65,10.0,0.0,9.0,0.0,330.0,0.0,339.0
2020-12-12 16:33:00,0.0,0.15,0.0,12.07,0.0,12.22,10.0,0.0,9.0,0.0,724.2,0.0,733.2
2020-12-12 16:34:00,0.0,0.15,0.0,38.52,0.0,38.67,10.0,0.0,9.0,0.0,2311.2000000000003,0.0,2320.2000000000003
2020-12-12 16:35:00,0.0,0.15,0.0,38.7,0.0,38.85,10.0,0.0,9.0,0.0,2322.0,0.0,2331.0
2020-12-12 16:36:00,0.0,0.15,0.0,40.22,0.0,40.37,10.0,0.0,9.0,0.0,2413.2,0.0,2422.2
2020-12-12 16:37:00,0.0,0.15,0.0,38.17,0.0,38.32,10.0,0.0,9.0,0.0,2290.2000000000003,0.0,2299.2000000000003
2020-12-12 16:38:00,0.0,0.15,0.0,38.37,0.0,38.52,10.0,0.0,9.0,0.0,2302.2,0.0,2311.2000000000003
2020-12-12 16:39:00,0.0,0.15,0.0,35.27,0.0,35.42,10.0,0.0,9.0,0.0,2116.2000000000003,0.0,2125.2000000000003
2020-12-12 16:40:00,0.0,0.15,0.0,6.0,0.0,6.15,10.0,0.0,9.0,0.0,360.0,0.0,369.0
2020-12-12 16:41:00,0.0,0.15,0.0,6.02,0.0,6.17,10.0,0.0,9.0,0.0,361.2,0.0,370.2
2020-12-12 16:42:00,0.0,0.15,0.0,5.97,0.0,6.12,10.0,0.0,9.0,0.0,358.2,0.0,367.2
2020-12-12 16:43:00,0.0,0.15,0.0,5.97,0.0,6.12,10.0,0.0,9.0,0.0,358.2,0.0,367.2
2020-12-12 16:44:00,0.0,0.15,0.0,6.17,0.0,6.32,10.0,0.0,9.0,0.0,370.2,0.0,379.20000000000005
2020-12-12 16:45:00,0.0,0.15,0.0,16.28,0.0,16.43,10.0,0.0,9.0,0.0,976.8000000000001,0.0,985.8
2020-12-12 16:46:00,0.0,0.15,0.0,20.35,0.0,20.5,10.0,0.0,9.0,0.0,1221.0,0.0,1230.0
2020-12-12 16:47:00,0.0,0.15,0.0,7.0,0.0,7.15,10.0,0.0,9.0,0.0,420.0,0.0,429.0
2020-12-12 16:48:00,0.0,0.15,0.0,8.08,0.0,8.23,10.0,0.0,9.0,0.0,484.8,0.0,493.8
2020-12-12 16:49:00,0.0,0.15,0.0,8.17,0.0,8.32,10.0,0.0,9.0,0.0,490.2,0.0,499.20000000000005
2020-12-12 16:50:00,0.0,0.15,0.0,8.07,0.0,8.22,10.0,0.0,9.0,0.0,484.20000000000005,0.0,493.20000000000005
2020-12-12 16:51:00,0.0,0.15,0.0,7.92,0.0,8.07,10.0,0.0,9.0,0.0,475.2,0.0,484.20000000000005
2020-12-12 16:52:00,0.0,0.15,0.0,7.88,0.0,8.03,10.0,0.0,9.0,0.0,472.8,0.0,481.79999999999995
2020-12-12 16:53:00,0.0,0.15,0.0,7.98,0.0,8.13,10.0,0.0,9.0,0.0,478.8,0.0,487.80000000000007
2020-12-12 16:54:00,0.0,0.15,0.0,31.27,0.0,31.42,10.0,0.0,9.0,0.0,1876.2,0.0,1885.2
2020-12-12 16:55:00,0.0,0.15,0.0,36.17,0.0,36.32,10.0,0.0,9.0,0.0,2170.2000000000003,0.0,2179.2000000000003
2020-12-12 16:56:00,0.0,0.15,0.0,8.05,0.0,8.2,10.0,0.0,9.0,0.0,483.00000000000006,0.0,491.99999999999994
2020-12-12 16:57:00,0.0,0.15,0.0,7.93,0.0,8.08,10.0,0.0,9.0,0.0,475.8,0.0,484.8
2020-12-12 16:58:00,0.0,0.15,0.0,15.85,0.0,16.0,10.0,0.0,9.0,0.0,951.0,0.0,960.0
2020-12-12 16:59:00,0.0,0.15,0.0,38.35,0.0,38.5,10.0,0.0,9.0,0.0,2301.0,0.0,2310.0
2020-12-12 17:00:00,0.0,0.15,0.0,40.38,0.0,40.53,10.0,0.0,9.0,0.0,2422.8,0.0,2431.8
2020-12-12 17:01:00,0.0,0.15,0.0,69.38,0.0,69.53,10.0,0.0,9.0,0.0,4162.8,0.0,4171.8
2020-12-12 17:02:00,0.0,0.15,0.0,73.05,0.0,73.2,10.0,0.0,9.0,0.0,4383.0,0.0,4392.0
2020-12-12 17:03:00,0.0,0.15,0.0,70.12,0.0,70.27,10.0,0.0,9.0,0.0,4207.200000000001,0.0,4216.2
2020-12-12 17:04:00,0.0,0.15,0.0,81.97,0.0,82.12,10.0,0.0,9.0,0.0,4918.2,0.0,4927.200000000001
2020-12-12 17:05:00,0.0,0.15,0.0,88.27,0.0,88.42,10.0,0.0,9.0,0.0,5296.2,0.0,5305.2
2020-12-12 17:06:00,0.0,0.15,0.0,88.67,0.0,88.82,10.0,0.0,9.0,0.0,5320.2,0.0,5329.2
2020-12-12 17:07:00,0.0,0.15,0.0,82.03,0.0,82.18,10.0,0.0,9.0,0.0,4921.8,0.0,4930.8
2020-12-12 17:08:00,0.0,0.15,0.0,44.98,0.0,45.13,10.0,0.0,9.0,0.0,2698.7999999999997,0.0,2707.8
2020-12-12 17:09:00,0.0,0.15,0.0,66.18,0.0,66.33,10.0,0.0,9.0,0.0,3970.8000000000006,0.0,3979.7999999999997
2020-12-12 17:10:00,0.0,0.15,0.0,72.22,0.0,72.37,10.0,0.0,9.0,0.0,4333.2,0.0,4342.200000000001
2020-12-12 17:11:00,0.0,0.15,0.0,72.62,0.0,72.77,10.0,0.0,9.0,0.0,4357.200000000001,0.0,4366.2
2020-12-12 17:12:00,0.0,0.15,0.0,72.78,0.0,72.93,10.0,0.0,9.0,0.0,4366.8,0.0,4375.8
2020-12-12 17:13:00,0.0,0.15,0.0,72.83,0.0,72.98,10.0,0.0,9.0,0.0,4369.8,0.0,4378.8
2020-12-12 17:14:00,0.0,0.15,0.0,72.97,0.0,73.12,10.0,0.0,9.0,0.0,4378.2,0.0,4387.200000000001
2020-12-12 17:15:00,0.0,0.15,0.0,72.5,0.0,72.65,10.0,0.0,9.0,0.0,4350.0,0.0,4359.0
2020-12-12 17:16:00,0.0,0.15,0.0,72.62,0.0,72.77,10.0,0.0,9.0,0.0,4357.200000000001,0.0,4366.2
2020-12-12 17:17:00,0.0,0.15,0.0,70.63,0.0,70.78,10.0,0.0,9.0,0.0,4237.8,0.0,4246.8
2020-12-12 17:18:00,0.0,0.15,0.0,43.03,0.0,43.18,10.0,0.0,9.0,0.0,2581.8,0.0,2590.8
2020-12-12 17:19:00,0.0,0.15,0.0,43.17,0.0,43.32,10.0,0.0,9.0,0.0,2590.2000000000003,0.0,2599.2000000000003
2020-12-12 17:20:00,0.0,0.15,0.0,43.1,0.0,43.25,10.0,0.0,9.0,0.0,2586.0,0.0,2595.0
2020-12-12 17:21:00,0.0,0.15,0.0,42.95,0.0,43.1,10.0,0.0,9.0,0.0,2577.0,0.0,2586.0
2020-12-12 17:22:00,0.0,0.15,0.0,43.13,0.0,43.28,10.0,0.0,9.0,0.0,2587.8,0.0,2596.8
2020-12-12 17:23:00,0.0,0.15,0.0,35.35,0.0,35.5,10.0,0.0,9.0,0.0,2121.0,0.0,2130.0
2020-12-12 17:24:00,0.0,0.15,0.0,13.85,0.0,14.0,10.0,0.0,9.0,0.0,831.0,0.0,840.0
2020-12-12 17:25:00,0.0,0.15,0.0,12.87,0.0,13.02,10.0,0.0,9.0,0.0,772.1999999999999,0.0,781.1999999999999
2020-12-12 17:26:00,0.0,0.15,0.0,11.18,0.0,11.33,10.0,0.0,9.0,0.0,670.8,0.0,679.8000000000001
2020-12-12 17:27:00,0.0,0.15,0.0,11.53,0.0,11.68,10.0,0.0,9.0,0.0,691.8,0.0,700.8
2020-12-12 17:28:00,0.0,0.15,0.0,19.63,0.0,19.78,10.0,0.0,9.0,0.0,1177.8,0.0,1186.8000000000002
2020-12-12 17:29:00,0.0,0.15,0.0,45.62,0.0,45.77,10.0,0.0,9.0,0.0,2737.2,0.0,2746.2000000000003
2020-12-12 17:30:00,0.0,0.15,0.0,45.42,0.0,45.57,9.0,0.0,9.0,0.0,2725.2000000000003,0.0,2734.2000000000003
2020-12-12 17:31:00,0.0,0.15,0.0,45.43,0.0,45.58,9.0,0.0,9.0,0.0,2725.8,0.0,2734.7999999999997
2020-12-12 17:32:00,0.0,0.15,0.0,45.25,0.0,45.4,9.0,0.0,9.0,0.0,2715.0,0.0,2724.0
2020-12-12 17:33:00,0.0,0.15,0.0,45.2,0.0,45.35,9.0,0.0,9.0,0.0,2712.0,0.0,2721.0
2020-12-12 17:34:00,0.0,0.15,0.0,45.22,0.0,45.37,9.0,0.0,9.0,0.0,2713.2,0.0,2722.2
2020-12-12 17:35:00,0.0,0.15,0.0,45.07,0.0,45.22,9.0,0.0,9.0,0.0,2704.2000000000003,0.0,2713.2
2020-12-12 17:36:00,0.0,0.15,0.0,55.08,0.0,55.23,9.0,0.0,9.0,0.0,3304.7999999999997,0.0,3313.7999999999997
2020-12-12 17:37:00,0.0,0.15,0.0,76.92,0.0,77.07,9.0,0.0,9.0,0.0,4615.2,0.0,4624.2
2020-12-12 17:38:00,0.0,0.15,0.0,76.87,0.0,77.02,9.0,0.0,9.0,0.0,4612.200000000001,0.0,4621.2
2020-12-12 17:39:00,0.0,0.15,0.0,71.68,0.0,71.83,9.0,0.0,9.0,0.0,4300.8,0.0,4309.8
2020-12-12 17:40:00,0.0,0.15,0.0,48.73,0.0,48.88,9.0,0.0,9.0,0.0,2923.7999999999997,0.0,2932.8
2020-12-12 17:41:00,0.0,0.15,0.0,32.72,0.0,32.87,9.0,0.0,9.0,0.0,1963.2,0.0,1972.1999999999998
2020-12-12 17:42:00,0.0,0.15,0.0,43.85,0.0,44.0,9.0,0.0,9.0,0.0,2631.0,0.0,2640.0
2020-12-12 17:43:00,0.0,0.15,0.0,43.82,0.0,43.97,9.0,0.0,9.0,0.0,2629.2000000000003,0.0,2638.2
2020-12-12 17:44:00,0.0,0.15,0.0,43.63,0.0,43.78,9.0,0.0,9.0,0.0,2617.8,0.0,2626.8
2020-12-12 17:45:00,0.0,0.15,0.0,54.38,0.0,54.53,9.0,0.0,9.0,0.0,3262.8,0.0,3271.8
2020-12-12 17:46:00,0.0,0.15,0.0,54.45,0.0,54.6,9.0,0.0,9.0,0.0,3267.0,0.0,3276.0
2020-12-12 17:47:00,0.0,0.15,0.0,44.95,0.0,45.1,9.0,0.0,9.0,0.0,2697.0,0.0,2706.0
2020-12-12 17:48:00,0.0,0.15,0.0,42.03,0.0,42.18,9.0,0.0,9.0,0.0,2521.8,0.0,2530.8
2020-12-12 17:49:00,0.0,0.15,0.0,44.68,0.0,44.83,9.0,0.0,9.0,0.0,2680.8,0.0,2689.7999999999997
2020-12-12 17:50:00,0.0,0.15,0.0,48.58,0.0,48.73,9.0,0.0,9.0,0.0,2914.7999999999997,0.0,2923.7999999999997
2020-12-12 17:51:00,0.0,0.15,0.0,42.48,0.0,42.63,9.0,0.0,9.0,0.0,2548.7999999999997,0.0,2557.8
2020-12-12 17:52:00,0.0,0.15,0.0,43.18,0.0,43.33,9.0,0.0,9.0,0.0,2590.8,0.0,2599.7999999999997
2020-12-12 17:53:00,0.0,0.15,0.0,43.08,0.0,43.23,9.0,0.0,9.0,0.0,2584.7999999999997,0.0,2593.7999999999997
2020-12-12 17:54:00,0.0,0.15,0.0,43.03,0.0,43.18,9.0,0.0,9.0,0.0,2581.8,0.0,2590.8
2020-12-12 17:55:00,0.0,0.15,0.0,43.15,0.0,43.3,9.0,0.0,9.0,0.0,2589.0,0.0,2598.0
2020-12-12 17:56:00,0.0,0.15,0.0,43.25,0.0,43.4,9.0,0.0,9.0,0.0,2595.0,0.0,2604.0
2020-12-12 17:57:00,0.0,0.15,0.0,43.23,0.0,43.38,9.0,0.0,9.0,0.0,2593.7999999999997,0.0,2602.8
2020-12-12 17:58:00,0.0,0.15,0.0,42.93,0.0,43.08,9.0,0.0,9.0,0.0,2575.8,0.0,2584.7999999999997
2020-12-12 17:59:00,0.0,0.15,0.0,27.92,0.0,28.07,9.0,0.0,9.0,0.0,1675.2,0.0,1684.2
2020-12-12 18:00:00,0.0,0.15,0.0,9.48,0.0,9.63,9.0,0.0,9.0,0.0,568.8000000000001,0.0,577.8000000000001
2020-12-12 18:01:00,0.0,0.15,0.0,35.4,0.0,35.55,9.0,0.0,9.0,0.0,2124.0,0.0,2133.0
2020-12-12 18:02:00,0.0,0.15,0.0,25.95,0.0,26.1,9.0,0.0,9.0,0.0,1557.0,0.0,1566.0
2020-12-12 18:03:00,0.0,0.15,0.0,9.47,0.0,9.62,9.0,0.0,9.0,0.0,568.2,0.0,577.1999999999999
2020-12-12 18:04:00,0.0,0.15,0.0,9.48,0.0,9.63,9.0,0.0,9.0,0.0,568.8000000000001,0.0,577.8000000000001
2020-12-12 18:05:00,0.0,0.15,0.0,9.47,0.0,9.62,9.0,0.0,9.0,0.0,568.2,0.0,577.1999999999999
2020-12-12 18:06:00,0.0,0.15,0.0,38.27,0.0,38.42,9.0,0.0,9.0,0.0,2296.2000000000003,0.0,2305.2000000000003
2020-12-12 18:07:00,0.0,0.15,0.0,21.47,0.0,21.62,9.0,0.0,9.0,0.0,1288.2,0.0,1297.2
2020-12-12 18:08:00,0.0,0.15,0.0,9.52,0.0,9.67,9.0,0.0,9.0,0.0,571.1999999999999,0.0,580.2
2020-12-12 18:09:00,0.0,0.15,0.0,9.65,0.0,9.8,9.0,0.0,9.0,0.0,579.0,0.0,588.0
2020-12-12 18:10:00,0.0,0.15,0.0,9.63,0.0,9.78,9.0,0.0,9.0,0.0,577.8000000000001,0.0,586.8
2020-12-12 18:11:00,0.0,0.15,0.0,9.72,0.0,9.87,9.0,0.0,9.0,0.0,583.2,0.0,592.1999999999999
2020-12-12 18:12:00,0.0,0.15,0.0,9.3,0.0,9.45,9.0,0.0,9.0,0.0,558.0,0.0,567.0
2020-12-12 18:13:00,0.0,0.15,0.0,34.33,0.0,34.48,9.0,0.0,9.0,0.0,2059.7999999999997,0.0,2068.7999999999997
2020-12-12 18:14:00,0.0,0.15,0.0,39.52,0.0,39.67,9.0,0.0,9.0,0.0,2371.2000000000003,0.0,2380.2000000000003
2020-12-12 18:15:00,0.0,0.15,0.0,39.95,0.0,40.1,9.0,0.0,9.0,0.0,2397.0,0.0,2406.0
2020-12-12 18:16:00,0.0,0.15,0.0,39.13,0.0,39.28,9.0,0.0,9.0,0.0,2347.8,0.0,2356.8
2020-12-12 18:17:00,0.0,0.15,0.0,39.58,0.0,39.73,9.0,0.0,9.0,0.0,2374.7999999999997,0.0,2383.7999999999997
2020-12-12 18:18:00,0.0,0.15,0.0,39.9,0.0,40.05,9.0,0.0,9.0,0.0,2394.0,0.0,2403.0
2020-12-12 18:19:00,0.0,0.15,0.0,40.47,0.0,40.62,9.0,0.0,9.0,0.0,2428.2,0.0,2437.2
2020-12-12 18:20:00,0.0,0.15,0.0,40.77,0.0,40.92,9.0,0.0,9.0,0.0,2446.2000000000003,0.0,2455.2000000000003
2020-12-12 18:21:00,0.0,0.15,0.0,41.15,0.0,41.3,9.0,0.0,9.0,0.0,2469.0,0.0,2478.0
2020-12-12 18:22:00,0.0,0.15,0.0,24.52,0.0,24.67,9.0,0.0,9.0,0.0,1471.2,0.0,1480.2
2020-12-12 18:23:00,0.0,0.15,0.0,18.75,0.0,18.9,9.0,0.0,9.0,0.0,1125.0,0.0,1134.0
2020-12-12 18:24:00,0.0,0.15,0.0,7.78,0.0,7.93,9.0,0.0,9.0,0.0,466.8,0.0,475.8
2020-12-12 18:25:00,0.0,0.15,0.0,17.75,0.0,17.9,9.0,0.0,9.0,0.0,1065.0,0.0,1074.0
2020-12-12 18:26:00,0.0,0.15,0.0,50.37,0.0,50.52,9.0,0.0,9.0,0.0,3022.2,0.0,3031.2000000000003
2020-12-12 18:27:00,0.0,0.15,0.0,39.83,0.0,39.98,9.0,0.0,9.0,0.0,2389.7999999999997,0.0,2398.7999999999997
2020-12-12 18:28:00,0.0,0.15,0.0,16.33,0.0,16.48,9.0,0.0,9.0,0.0,979.8,0.0,988.8000000000001
2020-12-12 18:29:00,0.0,0.15,0.0,7.9,0.0,8.05,9.0,0.0,9.0,0.0,474.0,0.0,483.00000000000006
2020-12-12 18:30:00,0.0,0.15,0.0,8.08,0.0,8.23,9.0,0.0,9.0,0.0,484.8,0.0,493.8
2020-12-12 18:31:00,0.0,0.15,0.0,27.23,0.0,27.38,9.0,0.0,9.0,0.0,1633.8,0.0,1642.8
2020-12-12 18:32:00,0.0,0.15,0.0,39.67,0.0,39.82,9.0,0.0,9.0,0.0,2380.2000000000003,0.0,2389.2000000000003
2020-12-12 18:33:00,0.0,0.15,0.0,10.97,0.0,11.12,9.0,0.0,9.0,0.0,658.2,0.0,667.1999999999999
2020-12-12 18:34:00,0.0,0.15,0.0,8.43,0.0,8.58,9.0,0.0,9.0,0.0,505.8,0.0,514.8000000000001
2020-12-12 18:35:00,0.0,0.15,0.0,8.38,0.0,8.53,9.0,0.0,9.0,0.0,502.80000000000007,0.0,511.79999999999995
2020-12-12 18:36:00,0.0,0.15,0.0,22.02,0.0,22.17,9.0,0.0,9.0,0.0,1321.2,0.0,1330.2
2020-12-12 18:37:00,0.0,0.15,0.0,40.17,0.0,40.32,9.0,0.0,9.0,0.0,2410.2000000000003,0.0,2419.2000000000003
2020-12-12 18:38:00,0.0,0.15,0.0,28.58,0.0,28.73,9.0,0.0,9.0,0.0,1714.8,0.0,1723.8
2020-12-12 18:39:00,0.0,0.15,0.0,8.43,0.0,8.58,9.0,0.0,9.0,0.0,505.8,0.0,514.8000000000001
2020-12-12 18:40:00,0.0,0.15,0.0,8.12,0.0,8.27,9.0,0.0,9.0,0.0,487.19999999999993,0.0,496.2
2020-12-12 18:41:00,0.0,0.15,0.0,41.0,0.0,41.15,9.0,0.0,9.0,0.0,2460.0,0.0,2469.0
2020-12-12 18:42:00,0.0,0.15,0.0,71.92,0.0,72.07,9.0,0.0,9.0,0.0,4315.2,0.0,4324.2
2020-12-12 18:43:00,0.0,0.15,0.0,50.12,0.0,50.27,9.0,0.0,9.0,0.0,3007.2,0.0,3016.2000000000003
2020-12-12 18:44:00,0.0,0.15,0.0,42.33,0.0,42.48,9.0,0.0,9.0,0.0,2539.7999999999997,0.0,2548.7999999999997
2020-12-12 18:45:00,0.0,0.15,0.0,24.37,0.0,24.52,9.0,0.0,9.0,0.0,1462.2,0.0,1471.2
2020-12-12 18:46:00,0.0,0.15,0.0,17.45,0.0,17.6,9.0,0.0,9.0,0.0,1047.0,0.0,1056.0
2020-12-12 18:47:00,0.0,0.13,0.0,40.33,0.0,40.46,9.0,0.0,7.800000000000001,0.0,2419.7999999999997,0.0,2427.6
2020-12-12 18:48:00,0.0,0.15,0.0,19.12,0.0,19.27,9.0,0.0,9.0,0.0,1147.2,0.0,1156.2
2020-12-12 18:49:00,0.0,0.15,0.0,8.47,0.0,8.62,9.0,0.0,9.0,0.0,508.20000000000005,0.0,517.1999999999999
2020-12-12 18:50:00,0.0,0.15,0.0,9.85,0.0,10.0,9.0,0.0,9.0,0.0,591.0,0.0,600.0
2020-12-12 18:51:00,0.0,0.15,0.0,26.17,0.0,26.32,9.0,0.0,9.0,0.0,1570.2,0.0,1579.2
2020-12-12 18:52:00,0.0,0.15,0.0,52.38,0.0,52.53,9.0,0.0,9.0,0.0,3142.8,0.0,3151.8
2020-12-12 18:53:00,0.0,0.15,0.0,46.95,0.0,47.1,9.0,0.0,9.0,0.0,2817.0,0.0,2826.0
2020-12-12 18:54:00,0.0,0.15,0.0,19.48,0.0,19.63,9.0,0.0,9.0,0.0,1168.8,0.0,1177.8
2020-12-12 18:55:00,0.0,0.15,0.0,9.42,0.0,9.57,9.0,0.0,9.0,0.0,565.2,0.0,574.2
2020-12-12 18:56:00,0.0,0.15,0.0,22.12,0.0,22.27,9.0,0.0,9.0,0.0,1327.2,0.0,1336.2
2020-12-12 18:57:00,0.0,0.15,0.0,40.97,0.0,41.12,9.0,0.0,9.0,0.0,2458.2,0.0,2467.2
2020-12-12 18:58:00,0.0,0.15,0.0,32.65,0.0,32.8,9.0,0.0,9.0,0.0,1959.0,0.0,1967.9999999999998
2020-12-12 18:59:00,0.0,0.15,0.0,9.6,0.0,9.75,9.0,0.0,9.0,0.0,576.0,0.0,585.0
2020-12-12 19:00:00,0.0,0.15,0.0,9.63,0.0,9.78,9.0,0.0,9.0,0.0,577.8000000000001,0.0,586.8
2020-12-12 19:01:00,0.0,0.15,0.0,9.65,0.0,9.8,9.0,0.0,9.0,0.0,579.0,0.0,588.0
2020-12-12 19:02:00,0.0,0.15,0.0,37.6,0.0,37.75,9.0,0.0,9.0,0.0,2256.0,0.0,2265.0
2020-12-12 19:03:00,0.0,0.15,0.0,40.45,0.0,40.6,9.0,0.0,9.0,0.0,2427.0,0.0,2436.0
2020-12-12 19:04:00,0.0,0.15,0.0,13.12,0.0,13.27,9.0,0.0,9.0,0.0,787.1999999999999,0.0,796.1999999999999
2020-12-12 19:05:00,0.0,0.15,0.0,8.88,0.0,9.03,9.0,0.0,9.0,0.0,532.8000000000001,0.0,541.8
2020-12-12 19:06:00,0.0,0.15,0.0,9.07,0.0,9.22,9.0,0.0,9.0,0.0,544.2,0.0,553.2
2020-12-12 19:07:00,0.0,0.15,0.0,24.42,0.0,24.57,9.0,0.0,9.0,0.0,1465.2,0.0,1474.2
2020-12-12 19:08:00,0.0,0.15,0.0,41.08,0.0,41.23,9.0,0.0,9.0,0.0,2464.7999999999997,0.0,2473.7999999999997
2020-12-12 19:09:00,0.0,0.15,0.0,28.87,0.0,29.02,9.0,0.0,9.0,0.0,1732.2,0.0,1741.2
2020-12-12 19:10:00,0.0,0.15,0.0,9.32,0.0,9.47,9.0,0.0,9.0,0.0,559.2,0.0,568.2
2020-12-12 19:11:00,0.0,0.15,0.0,8.77,0.0,8.92,9.0,0.0,9.0,0.0,526.1999999999999,0.0,535.2
2020-12-12 19:12:00,0.0,0.15,0.0,9.1,0.0,9.25,9.0,0.0,9.0,0.0,546.0,0.0,555.0
2020-12-12 19:13:00,0.0,0.15,0.0,35.55,0.0,35.7,9.0,0.0,9.0,0.0,2133.0,0.0,2142.0
2020-12-12 19:14:00,0.0,0.15,0.0,40.82,0.0,40.97,9.0,0.0,9.0,0.0,2449.2000000000003,0.0,2458.2
2020-12-12 19:15:00,0.0,0.15,0.0,16.63,0.0,16.78,9.0,0.0,9.0,0.0,997.8,0.0,1006.8000000000001
2020-12-12 19:16:00,0.0,0.15,0.0,9.25,0.0,9.4,9.0,0.0,9.0,0.0,555.0,0.0,564.0
2020-12-12 19:17:00,0.0,0.15,0.0,9.42,0.0,9.57,9.0,0.0,9.0,0.0,565.2,0.0,574.2
2020-12-12 19:18:00,0.0,0.15,0.0,19.08,0.0,19.23,9.0,0.0,9.0,0.0,1144.8,0.0,1153.8
2020-12-12 19:19:00,0.0,0.15,0.0,40.95,0.0,41.1,9.0,0.0,9.0,0.0,2457.0,0.0,2466.0
2020-12-12 19:20:00,0.0,0.15,0.0,27.25,0.0,27.4,9.0,0.0,9.0,0.0,1635.0,0.0,1644.0
2020-12-12 19:21:00,0.0,0.15,0.0,9.35,0.0,9.5,9.0,0.0,9.0,0.0,561.0,0.0,570.0
2020-12-12 19:22:00,0.0,0.15,0.0,9.43,0.0,9.58,9.0,0.0,9.0,0.0,565.8,0.0,574.8000000000001
2020-12-12 19:23:00,0.0,0.15,0.0,11.55,0.0,11.7,9.0,0.0,9.0,0.0,693.0,0.0,702.0
2020-12-12 19:24:00,0.0,0.15,0.0,40.85,0.0,41.0,9.0,0.0,9.0,0.0,2451.0,0.0,2460.0
2020-12-12 19:25:00,0.0,0.15,0.0,36.5,0.0,36.65,9.0,0.0,9.0,0.0,2190.0,0.0,2199.0
2020-12-12 19:26:00,0.0,0.15,0.0,9.3,0.0,9.45,9.0,0.0,9.0,0.0,558.0,0.0,567.0
2020-12-12 19:27:00,0.0,0.15,0.0,9.3,0.0,9.45,9.0,0.0,9.0,0.0,558.0,0.0,567.0
2020-12-12 19:28:00,0.0,0.15,0.0,9.32,0.0,9.47,9.0,0.0,9.0,0.0,559.2,0.0,568.2
2020-12-12 19:29:00,0.0,0.15,0.0,34.07,0.0,34.22,9.0,0.0,9.0,0.0,2044.2,0.0,2053.2
2020-12-12 19:30:00,0.0,0.15,0.0,36.48,0.0,36.63,9.0,0.0,9.0,0.0,2188.7999999999997,0.0,2197.8
2020-12-12 19:31:00,0.0,0.15,0.0,9.08,0.0,9.23,9.0,0.0,9.0,0.0,544.8000000000001,0.0,553.8000000000001
2020-12-12 19:32:00,0.0,0.15,0.0,9.12,0.0,9.27,9.0,0.0,9.0,0.0,547.1999999999999,0.0,556.1999999999999
2020-12-12 19:33:00,0.0,0.15,0.0,12.68,0.0,12.83,9.0,0.0,9.0,0.0,760.8,0.0,769.8000000000001
2020-12-12 19:34:00,0.0,0.15,0.0,38.5,0.0,38.65,9.0,0.0,9.0,0.0,2310.0,0.0,2319.0
2020-12-12 19:35:00,0.0,0.15,0.0,30.37,0.0,30.52,9.0,0.0,9.0,0.0,1822.2,0.0,1831.2
2020-12-12 19:36:00,0.0,0.15,0.0,7.37,0.0,7.52,9.0,0.0,9.0,0.0,442.2,0.0,451.2
2020-12-12 19:37:00,0.0,0.15,0.0,7.45,0.0,7.6,9.0,0.0,9.0,0.0,447.0,0.0,456.0
2020-12-12 19:38:00,0.0,0.15,0.0,8.87,0.0,9.02,9.0,0.0,9.0,0.0,532.1999999999999,0.0,541.1999999999999
2020-12-12 19:39:00,0.0,0.15,0.0,38.72,0.0,38.87,9.0,0.0,9.0,0.0,2323.2,0.0,2332.2
2020-12-12 19:40:00,0.0,0.15,0.0,33.15,0.0,33.3,9.0,0.0,9.0,0.0,1989.0,0.0,1997.9999999999998
2020-12-12 19:41:00,0.0,0.15,0.0,7.22,0.0,7.37,9.0,0.0,9.0,0.0,433.2,0.0,442.2
2020-12-12 19:42:00,0.0,0.15,0.0,7.48,0.0,7.63,9.0,0.0,9.0,0.0,448.8,0.0,457.8
2020-12-12 19:43:00,0.0,0.15,0.0,7.5,0.0,7.65,9.0,0.0,9.0,0.0,450.0,0.0,459.0
2020-12-12 19:44:00,0.0,0.15,0.0,37.08,0.0,37.23,9.0,0.0,9.0,0.0,2224.7999999999997,0.0,2233.7999999999997
2020-12-12 19:45:00,0.0,0.15,0.0,34.73,0.0,34.88,9.0,0.0,9.0,0.0,2083.7999999999997,0.0,2092.8
2020-12-12 19:46:00,0.0,0.15,0.0,7.52,0.0,7.67,9.0,0.0,9.0,0.0,451.2,0.0,460.2
2020-12-12 19:47:00,0.0,0.15,0.0,7.55,0.0,7.7,9.0,0.0,9.0,0.0,453.0,0.0,462.0
2020-12-12 19:48:00,0.0,0.15,0.0,7.6,0.0,7.75,9.0,0.0,9.0,0.0,456.0,0.0,465.0
2020-12-12 19:49:00,0.0,0.15,0.0,34.98,0.0,35.13,9.0,0.0,9.0,0.0,2098.7999999999997,0.0,2107.8
2020-12-12 19:50:00,0.0,0.15,0.0,34.4,0.0,34.55,9.0,0.0,9.0,0.0,2064.0,0.0,2073.0
2020-12-12 19:51:00,0.0,0.15,0.0,7.43,0.0,7.58,9.0,0.0,9.0,0.0,445.8,0.0,454.8
2020-12-12 19:52:00,0.0,0.15,0.0,7.52,0.0,7.67,9.0,0.0,9.0,0.0,451.2,0.0,460.2
2020-12-12 19:53:00,0.0,0.15,0.0,7.58,0.0,7.73,9.0,0.0,9.0,0.0,454.8,0.0,463.8
2020-12-12 19:54:00,0.0,0.15,0.0,38.67,0.0,38.82,9.0,0.0,9.0,0.0,2320.2000000000003,0.0,2329.2000000000003
2020-12-12 19:55:00,0.0,0.15,0.0,38.72,0.0,38.87,9.0,0.0,9.0,0.0,2323.2,0.0,2332.2
2020-12-12 19:56:00,0.0,0.15,0.0,10.25,0.0,10.4,9.0,0.0,9.0,0.0,615.0,0.0,624.0
2020-12-12 19:57:00,0.0,0.15,0.0,9.18,0.0,9.33,9.0,0.0,9.0,0.0,550.8,0.0,559.8000000000001
2020-12-12 19:58:00,0.0,0.15,0.0,13.8,0.0,13.95,9.0,0.0,9.0,0.0,828.0,0.0,837.0
2020-12-12 19:59:00,0.0,0.15,0.0,26.98,0.0,27.13,9.0,0.0,9.0,0.0,1618.8,0.0,1627.8
2020-12-12 20:00:00,0.0,0.15,0.0,39.08,0.0,39.23,9.0,0.0,9.0,0.0,2344.7999999999997,0.0,2353.7999999999997
2020-12-12 20:01:00,0.0,0.15,0.0,19.53,0.0,19.68,9.0,0.0,9.0,0.0,1171.8000000000002,0.0,1180.8
2020-12-12 20:02:00,0.0,0.15,0.0,7.53,0.0,7.68,9.0,0.0,9.0,0.0,451.8,0.0,460.8
2020-12-12 20:03:00,0.0,0.15,0.0,7.55,0.0,7.7,9.0,0.0,9.0,0.0,453.0,0.0,462.0
2020-12-12 20:04:00,0.0,0.15,0.0,16.87,0.0,17.02,9.0,0.0,9.0,0.0,1012.2,0.0,1021.1999999999999
2020-12-12 20:05:00,0.0,0.15,0.0,38.25,0.0,38.4,9.0,0.0,9.0,0.0,2295.0,0.0,2304.0
2020-12-12 20:06:00,0.0,0.15,0.0,23.48,0.0,23.63,9.0,0.0,9.0,0.0,1408.8,0.0,1417.8
2020-12-12 20:07:00,0.0,0.15,0.0,7.55,0.0,7.7,9.0,0.0,9.0,0.0,453.0,0.0,462.0
2020-12-12 20:08:00,0.0,0.15,0.0,7.57,0.0,7.72,9.0,0.0,9.0,0.0,454.20000000000005,0.0,463.2
2020-12-12 20:09:00,0.0,0.15,0.0,19.08,0.0,19.23,9.0,0.0,9.0,0.0,1144.8,0.0,1153.8
2020-12-12 20:10:00,0.0,0.15,0.0,38.77,0.0,38.92,9.0,0.0,9.0,0.0,2326.2000000000003,0.0,2335.2000000000003
2020-12-12 20:11:00,0.0,0.15,0.0,27.25,0.0,27.4,9.0,0.0,9.0,0.0,1635.0,0.0,1644.0
2020-12-12 20:12:00,0.0,0.15,0.0,7.08,0.0,7.23,9.0,0.0,9.0,0.0,424.8,0.0,433.8
2020-12-12 20:13:00,0.0,0.15,0.0,7.13,0.0,7.28,9.0,0.0,9.0,0.0,427.8,0.0,436.8
2020-12-12 20:14:00,0.0,0.15,0.0,12.35,0.0,12.5,9.0,0.0,9.0,0.0,741.0,0.0,750.0
2020-12-12 20:15:00,0.0,0.15,0.0,38.38,0.0,38.53,9.0,0.0,9.0,0.0,2302.8,0.0,2311.8
2020-12-12 20:16:00,0.0,0.15,0.0,36.75,0.0,36.9,9.0,0.0,9.0,0.0,2205.0,0.0,2214.0
2020-12-12 20:17:00,0.0,0.15,0.0,7.15,0.0,7.3,9.0,0.0,9.0,0.0,429.0,0.0,438.0
2020-12-12 20:18:00,0.0,0.15,0.0,6.88,0.0,7.03,9.0,0.0,9.0,0.0,412.8,0.0,421.8
2020-12-12 20:19:00,0.0,0.15,0.0,7.02,0.0,7.17,9.0,0.0,9.0,0.0,421.2,0.0,430.2
2020-12-12 20:20:00,0.0,0.15,0.0,24.63,0.0,24.78,9.0,0.0,9.0,0.0,1477.8,0.0,1486.8000000000002
2020-12-12 20:21:00,0.0,0.15,0.0,37.88,0.0,38.03,9.0,0.0,9.0,0.0,2272.8,0.0,2281.8
2020-12-12 20:22:00,0.0,0.15,0.0,13.72,0.0,13.87,9.0,0.0,9.0,0.0,823.2,0.0,832.1999999999999
2020-12-12 20:23:00,0.0,0.15,0.0,6.73,0.0,6.88,9.0,0.0,9.0,0.0,403.8,0.0,412.8
2020-12-12 20:24:00,0.0,0.15,0.0,7.03,0.0,7.18,9.0,0.0,9.0,0.0,421.8,0.0,430.8
2020-12-12 20:25:00,0.0,0.15,0.0,23.58,0.0,23.73,9.0,0.0,9.0,0.0,1414.8,0.0,1423.8
2020-12-12 20:26:00,0.0,0.15,0.0,37.93,0.0,38.08,9.0,0.0,9.0,0.0,2275.8,0.0,2284.7999999999997
2020-12-12 20:27:00,0.0,0.15,0.0,18.27,0.0,18.42,9.0,0.0,9.0,0.0,1096.2,0.0,1105.2
2020-12-12 20:28:00,0.0,0.15,0.0,6.93,0.0,7.08,9.0,0.0,9.0,0.0,415.8,0.0,424.8
2020-12-12 20:29:00,0.0,0.15,0.0,6.53,0.0,6.68,9.0,0.0,9.0,0.0,391.8,0.0,400.8
2020-12-12 20:30:00,0.0,0.15,0.0,17.88,0.0,18.03,9.0,0.0,9.0,0.0,1072.8,0.0,1081.8000000000002
2020-12-12 20:31:00,0.0,0.15,0.0,37.33,0.0,37.48,9.0,0.0,9.0,0.0,2239.7999999999997,0.0,2248.7999999999997
2020-12-12 20:32:00,0.0,0.15,0.0,20.85,0.0,21.0,9.0,0.0,9.0,0.0,1251.0,0.0,1260.0
2020-12-12 20:33:00,0.0,0.15,0.0,6.32,0.0,6.47,9.0,0.0,9.0,0.0,379.20000000000005,0.0,388.2
2020-12-12 20:34:00,0.0,0.15,0.0,6.32,0.0,6.47,9.0,0.0,9.0,0.0,379.20000000000005,0.0,388.2
2020-12-12 20:35:00,0.0,0.15,0.0,15.83,0.0,15.98,9.0,0.0,9.0,0.0,949.8000000000001,0.0,958.8000000000001
2020-12-12 20:36:00,0.0,0.15,0.0,37.77,0.0,37.92,9.0,0.0,9.0,0.0,2266.2000000000003,0.0,2275.2000000000003
2020-12-12 20:37:00,0.0,0.15,0.0,22.63,0.0,22.78,9.0,0.0,9.0,0.0,1357.8,0.0,1366.8000000000002
2020-12-12 20:38:00,0.0,0.15,0.0,6.33,0.0,6.48,9.0,0.0,9.0,0.0,379.8,0.0,388.8
2020-12-12 20:39:00,0.0,0.15,0.0,6.35,0.0,6.5,9.0,0.0,9.0,0.0,381.0,0.0,390.0
2020-12-12 20:40:00,0.0,0.15,0.0,16.98,0.0,17.13,9.0,0.0,9.0,0.0,1018.8000000000001,0.0,1027.8
2020-12-12 20:41:00,0.0,0.15,0.0,37.35,0.0,37.5,9.0,0.0,9.0,0.0,2241.0,0.0,2250.0
2020-12-12 20:42:00,0.0,0.15,0.0,25.02,0.0,25.17,9.0,0.0,9.0,0.0,1501.2,0.0,1510.2
2020-12-12 20:43:00,0.0,0.15,0.0,6.45,0.0,6.6,9.0,0.0,9.0,0.0,387.0,0.0,396.0
2020-12-12 20:44:00,0.0,0.15,0.0,6.43,0.0,6.58,9.0,0.0,9.0,0.0,385.8,0.0,394.8
2020-12-12 20:45:00,0.0,0.15,0.0,9.0,0.0,9.15,9.0,0.0,9.0,0.0,540.0,0.0,549.0
2020-12-12 20:46:00,0.0,0.15,0.0,38.03,0.0,38.18,9.0,0.0,9.0,0.0,2281.8,0.0,2290.8
2020-12-12 20:47:00,0.0,0.17,0.0,31.82,0.0,31.99,9.0,0.0,10.200000000000001,0.0,1909.2,0.0,1919.3999999999999
2020-12-12 20:48:00,0.0,0.15,0.0,6.47,0.0,6.62,9.0,0.0,9.0,0.0,388.2,0.0,397.2
2020-12-12 20:49:00,0.0,0.15,0.0,6.45,0.0,6.6,9.0,0.0,9.0,0.0,387.0,0.0,396.0
2020-12-12 20:50:00,0.0,0.15,0.0,6.45,0.0,6.6,9.0,0.0,9.0,0.0,387.0,0.0,396.0
2020-12-12 20:51:00,0.0,0.15,0.0,34.15,0.0,34.3,9.0,0.0,9.0,0.0,2049.0,0.0,2058.0
2020-12-12 20:52:00,0.0,0.15,0.0,38.2,0.0,38.35,9.0,0.0,9.0,0.0,2292.0,0.0,2301.0
2020-12-12 20:53:00,0.0,0.15,0.0,12.75,0.0,12.9,9.0,0.0,9.0,0.0,765.0,0.0,774.0
2020-12-12 20:54:00,0.0,0.15,0.0,6.43,0.0,6.58,9.0,0.0,9.0,0.0,385.8,0.0,394.8
2020-12-12 20:55:00,0.0,0.15,0.0,6.38,0.0,6.53,9.0,0.0,9.0,0.0,382.8,0.0,391.8
2020-12-12 20:56:00,0.0,0.15,0.0,10.97,0.0,11.12,9.0,0.0,9.0,0.0,658.2,0.0,667.1999999999999
2020-12-12 20:57:00,0.0,0.15,0.0,39.9,0.0,40.05,9.0,0.0,9.0,0.0,2394.0,0.0,2403.0
2020-12-12 20:58:00,0.0,0.15,0.0,24.3,0.0,24.45,9.0,0.0,9.0,0.0,1458.0,0.0,1467.0
2020-12-12 20:59:00,0.0,0.15,0.0,8.17,0.0,8.32,9.0,0.0,9.0,0.0,490.2,0.0,499.20000000000005
2020-12-12 21:00:00,0.0,0.15,0.0,8.52,0.0,8.67,9.0,0.0,9.0,0.0,511.2,0.0,520.2
2020-12-12 21:01:00,0.0,0.15,0.0,20.25,0.0,20.4,9.0,0.0,9.0,0.0,1215.0,0.0,1224.0
2020-12-12 21:02:00,0.0,0.15,0.0,39.82,0.0,39.97,9.0,0.0,9.0,0.0,2389.2000000000003,0.0,2398.2
2020-12-12 21:03:00,0.0,0.15,0.0,20.65,0.0,20.8,9.0,0.0,9.0,0.0,1239.0,0.0,1248.0
2020-12-12 21:04:00,0.0,0.15,0.0,7.93,0.0,8.08,9.0,0.0,9.0,0.0,475.8,0.0,484.8
2020-12-12 21:05:00,0.0,0.15,0.0,8.37,0.0,8.52,9.0,0.0,9.0,0.0,502.19999999999993,0.0,511.2
2020-12-12 21:06:00,0.0,0.15,0.0,20.25,0.0,20.4,9.0,0.0,9.0,0.0,1215.0,0.0,1224.0
2020-12-12 21:07:00,0.0,0.15,0.0,39.25,0.0,39.4,9.0,0.0,9.0,0.0,2355.0,0.0,2364.0
2020-12-12 21:08:00,0.0,0.15,0.0,19.78,0.0,19.93,9.0,0.0,9.0,0.0,1186.8000000000002,0.0,1195.8
2020-12-12 21:09:00,0.0,0.15,0.0,8.23,0.0,8.38,9.0,0.0,9.0,0.0,493.8,0.0,502.80000000000007
2020-12-12 21:10:00,0.0,0.15,0.0,8.22,0.0,8.37,9.0,0.0,9.0,0.0,493.20000000000005,0.0,502.19999999999993
2020-12-12 21:11:00,0.0,0.15,0.0,24.8,0.0,24.95,9.0,0.0,9.0,0.0,1488.0,0.0,1497.0
2020-12-12 21:12:00,0.0,0.15,0.0,39.42,0.0,39.57,9.0,0.0,9.0,0.0,2365.2000000000003,0.0,2374.2000000000003
2020-12-12 21:13:00,0.0,0.15,0.0,11.78,0.0,11.93,9.0,0.0,9.0,0.0,706.8,0.0,715.8
2020-12-12 21:14:00,0.0,0.15,0.0,8.12,0.0,8.27,9.0,0.0,9.0,0.0,487.19999999999993,0.0,496.2
2020-12-12 21:15:00,0.0,0.15,0.0,7.72,0.0,7.87,9.0,0.0,9.0,0.0,463.2,0.0,472.2
2020-12-12 21:16:00,0.0,0.15,0.0,33.35,0.0,33.5,9.0,0.0,9.0,0.0,2001.0,0.0,2010.0
2020-12-12 21:17:00,0.0,0.15,0.0,39.53,0.0,39.68,9.0,0.0,9.0,0.0,2371.8,0.0,2380.8
2020-12-12 21:18:00,0.0,0.15,0.0,7.85,0.0,8.0,9.0,0.0,9.0,0.0,471.0,0.0,480.0
2020-12-12 21:19:00,0.0,0.15,0.0,8.0,0.0,8.15,9.0,0.0,9.0,0.0,480.0,0.0,489.0
2020-12-12 21:20:00,0.0,0.15,0.0,7.47,0.0,7.62,9.0,0.0,9.0,0.0,448.2,0.0,457.2
2020-12-12 21:21:00,0.0,0.15,0.0,34.77,0.0,34.92,9.0,0.0,9.0,0.0,2086.2000000000003,0.0,2095.2000000000003
2020-12-12 21:22:00,0.0,0.15,0.0,39.3,0.0,39.45,9.0,0.0,9.0,0.0,2358.0,0.0,2367.0
2020-12-12 21:23:00,0.0,0.15,0.0,9.52,0.0,9.67,9.0,0.0,9.0,0.0,571.1999999999999,0.0,580.2
2020-12-12 21:24:00,0.0,0.15,0.0,7.37,0.0,7.52,9.0,0.0,9.0,0.0,442.2,0.0,451.2
2020-12-12 21:25:00,0.0,0.15,0.0,7.28,0.0,7.43,9.0,0.0,9.0,0.0,436.8,0.0,445.8
2020-12-12 21:26:00,0.0,0.15,0.0,27.88,0.0,28.03,9.0,0.0,9.0,0.0,1672.8,0.0,1681.8000000000002
2020-12-12 21:27:00,0.0,0.15,0.0,38.82,0.0,38.97,9.0,0.0,9.0,0.0,2329.2000000000003,0.0,2338.2
2020-12-12 21:28:00,0.0,0.15,0.0,9.53,0.0,9.68,9.0,0.0,9.0,0.0,571.8,0.0,580.8
2020-12-12 21:29:00,0.0,0.15,0.0,7.95,0.0,8.1,9.0,0.0,9.0,0.0,477.0,0.0,486.0
2020-12-12 21:30:00,0.0,0.15,0.0,7.97,0.0,8.12,9.0,0.0,9.0,0.0,478.2,0.0,487.19999999999993
2020-12-12 21:31:00,0.0,0.15,0.0,33.62,0.0,33.77,9.0,0.0,9.0,0.0,2017.1999999999998,0.0,2026.2000000000003
2020-12-12 21:32:00,0.0,0.15,0.0,38.4,0.0,38.55,9.0,0.0,9.0,0.0,2304.0,0.0,2313.0
2020-12-12 21:33:00,0.0,0.15,0.0,12.58,0.0,12.73,9.0,0.0,9.0,0.0,754.8000000000001,0.0,763.8000000000001
2020-12-12 21:34:00,0.0,0.15,0.0,7.98,0.0,8.13,9.0,0.0,9.0,0.0,478.8,0.0,487.80000000000007
2020-12-12 21:35:00,0.0,0.15,0.0,8.02,0.0,8.17,9.0,0.0,9.0,0.0,481.2,0.0,490.2
2020-12-12 21:36:00,0.0,0.15,0.0,24.12,0.0,24.27,9.0,0.0,9.0,0.0,1447.2,0.0,1456.2
2020-12-12 21:37:00,0.0,0.15,0.0,38.93,0.0,39.08,9.0,0.0,9.0,0.0,2335.8,0.0,2344.7999999999997
2020-12-12 21:38:00,0.0,0.15,0.0,22.08,0.0,22.23,9.0,0.0,9.0,0.0,1324.8,0.0,1333.8
2020-12-12 21:39:00,0.0,0.15,0.0,6.93,0.0,7.08,9.0,0.0,9.0,0.0,415.8,0.0,424.8
2020-12-12 21:40:00,0.0,0.15,0.0,6.45,0.0,6.6,9.0,0.0,9.0,0.0,387.0,0.0,396.0
2020-12-12 21:41:00,0.0,0.15,0.0,8.02,0.0,8.17,9.0,0.0,9.0,0.0,481.2,0.0,490.2
2020-12-12 21:42:00,0.0,0.15,0.0,36.8,0.0,36.95,9.0,0.0,9.0,0.0,2208.0,0.0,2217.0
2020-12-12 21:43:00,0.0,0.15,0.0,36.55,0.0,36.7,9.0,0.0,9.0,0.0,2193.0,0.0,2202.0
2020-12-12 21:44:00,0.0,0.15,0.0,5.43,0.0,5.58,9.0,0.0,9.0,0.0,325.8,0.0,334.8
2020-12-12 21:45:00,0.0,0.15,0.0,4.08,0.0,4.23,9.0,0.0,9.0,0.0,244.8,0.0,253.80000000000004
2020-12-12 21:46:00,0.0,0.17,0.0,4.12,0.0,4.29,9.0,0.0,10.200000000000001,0.0,247.20000000000002,0.0,257.40000000000003
2020-12-12 21:47:00,0.0,0.15,0.0,21.32,0.0,21.47,9.0,0.0,9.0,0.0,1279.2,0.0,1288.2
2020-12-12 21:48:00,0.0,0.15,0.0,35.03,0.0,35.18,9.0,0.0,9.0,0.0,2101.8,0.0,2110.8
2020-12-12 21:49:00,0.0,0.17,0.0,22.48,0.0,22.65,9.0,0.0,10.200000000000001,0.0,1348.8,0.0,1359.0
2020-12-12 21:50:00,0.0,0.15,0.0,4.0,0.0,4.15,9.0,0.0,9.0,0.0,240.0,0.0,249.00000000000003
2020-12-12 21:51:00,0.0,0.15,0.0,4.02,0.0,4.17,9.0,0.0,9.0,0.0,241.2,0.0,250.2
2020-12-12 21:52:00,0.0,0.17,0.0,4.03,0.0,4.2,9.0,0.0,10.200000000000001,0.0,241.8,0.0,252.0
2020-12-12 21:53:00,0.0,0.15,0.0,34.38,0.0,34.53,9.0,0.0,9.0,0.0,2062.8,0.0,2071.8
2020-12-12 21:54:00,0.0,0.15,0.0,35.27,0.0,35.42,9.0,0.0,9.0,0.0,2116.2000000000003,0.0,2125.2000000000003
2020-12-12 21:55:00,0.0,0.15,0.0,8.18,0.0,8.33,9.0,0.0,9.0,0.0,490.8,0.0,499.8
2020-12-12 21:56:00,0.0,0.15,0.0,3.98,0.0,4.13,9.0,0.0,9.0,0.0,238.8,0.0,247.79999999999998
2020-12-12 21:57:00,0.0,0.15,0.0,4.0,0.0,4.15,9.0,0.0,9.0,0.0,240.0,0.0,249.00000000000003
2020-12-12 21:58:00,0.0,0.15,0.0,16.38,0.0,16.53,9.0,0.0,9.0,0.0,982.8,0.0,991.8000000000001
2020-12-12 21:59:00,0.0,0.15,0.0,34.95,0.0,35.1,9.0,0.0,9.0,0.0,2097.0,0.0,2106.0
2020-12-12 22:00:00,0.0,0.15,0.0,20.6,0.0,20.75,9.0,0.0,9.0,0.0,1236.0,0.0,1245.0
2020-12-12 22:01:00,0.0,0.15,0.0,4.03,0.0,4.18,9.0,0.0,9.0,0.0,241.8,0.0,250.79999999999998
2020-12-12 22:02:00,0.0,0.15,0.0,4.0,0.0,4.15,9.0,0.0,9.0,0.0,240.0,0.0,249.00000000000003
2020-12-12 22:03:00,0.0,0.15,0.0,9.25,0.0,9.4,9.0,0.0,9.0,0.0,555.0,0.0,564.0
2020-12-12 22:04:00,0.0,0.15,0.0,35.28,0.0,35.43,9.0,0.0,9.0,0.0,2116.8,0.0,2125.8
2020-12-12 22:05:00,0.0,0.15,0.0,30.07,0.0,30.22,9.0,0.0,9.0,0.0,1804.2,0.0,1813.2
2020-12-12 22:06:00,0.0,0.15,0.0,4.03,0.0,4.18,9.0,0.0,9.0,0.0,241.8,0.0,250.79999999999998
2020-12-12 22:07:00,0.0,0.15,0.0,4.03,0.0,4.18,9.0,0.0,9.0,0.0,241.8,0.0,250.79999999999998
2020-12-12 22:08:00,0.0,0.15,0.0,4.1,0.0,4.25,9.0,0.0,9.0,0.0,245.99999999999997,0.0,255.0
2020-12-12 22:09:00,0.0,0.15,0.0,31.12,0.0,31.27,9.0,0.0,9.0,0.0,1867.2,0.0,1876.2
2020-12-12 22:10:00,0.0,0.15,0.0,35.05,0.0,35.2,9.0,0.0,9.0,0.0,2103.0,0.0,2112.0
2020-12-12 22:11:00,0.0,0.15,0.0,7.63,0.0,7.78,9.0,0.0,9.0,0.0,457.8,0.0,466.8
2020-12-12 22:12:00,0.0,0.15,0.0,4.0,0.0,4.15,9.0,0.0,9.0,0.0,240.0,0.0,249.00000000000003
2020-12-12 22:13:00,0.0,0.15,0.0,3.98,0.0,4.13,9.0,0.0,9.0,0.0,238.8,0.0,247.79999999999998
2020-12-12 22:14:00,0.0,0.15,0.0,19.92,0.0,20.07,9.0,0.0,9.0,0.0,1195.2,0.0,1204.2
2020-12-12 22:15:00,0.0,0.15,0.0,35.17,0.0,35.32,9.0,0.0,9.0,0.0,2110.2000000000003,0.0,2119.2000000000003
2020-12-12 22:16:00,0.0,0.15,0.0,21.82,0.0,21.97,9.0,0.0,9.0,0.0,1309.2,0.0,1318.2
2020-12-12 22:17:00,0.0,0.15,0.0,4.4,0.0,4.55,9.0,0.0,9.0,0.0,264.0,0.0,273.0
2020-12-12 22:18:00,0.0,0.15,0.0,4.42,0.0,4.57,9.0,0.0,9.0,0.0,265.2,0.0,274.20000000000005
2020-12-12 22:19:00,0.0,0.15,0.0,4.42,0.0,4.57,9.0,0.0,9.0,0.0,265.2,0.0,274.20000000000005
2020-12-12 22:20:00,0.0,0.15,0.0,35.35,0.0,35.5,9.0,0.0,9.0,0.0,2121.0,0.0,2130.0
2020-12-12 22:21:00,0.0,0.15,0.0,35.33,0.0,35.48,9.0,0.0,9.0,0.0,2119.7999999999997,0.0,2128.7999999999997
2020-12-12 22:22:00,0.0,0.15,0.0,7.53,0.0,7.68,9.0,0.0,9.0,0.0,451.8,0.0,460.8
2020-12-12 22:23:00,0.0,0.15,0.0,4.45,0.0,4.6,9.0,0.0,9.0,0.0,267.0,0.0,276.0
2020-12-12 22:24:00,0.0,0.15,0.0,4.45,0.0,4.6,9.0,0.0,9.0,0.0,267.0,0.0,276.0
2020-12-12 22:25:00,0.0,0.15,0.0,17.47,0.0,17.62,9.0,0.0,9.0,0.0,1048.2,0.0,1057.2
2020-12-12 22:26:00,0.0,0.15,0.0,35.55,0.0,35.7,9.0,0.0,9.0,0.0,2133.0,0.0,2142.0
2020-12-12 22:27:00,0.0,0.15,0.0,23.12,0.0,23.27,9.0,0.0,9.0,0.0,1387.2,0.0,1396.2
2020-12-12 22:28:00,0.0,0.15,0.0,4.38,0.0,4.53,9.0,0.0,9.0,0.0,262.8,0.0,271.8
2020-12-12 22:29:00,0.0,0.15,0.0,4.42,0.0,4.57,9.0,0.0,9.0,0.0,265.2,0.0,274.20000000000005
2020-12-12 22:30:00,0.0,0.15,0.0,5.5,0.0,5.65,9.0,0.0,9.0,0.0,330.0,0.0,339.0
2020-12-12 22:31:00,0.0,0.15,0.0,35.67,0.0,35.82,9.0,0.0,9.0,0.0,2140.2000000000003,0.0,2149.2000000000003
2020-12-12 22:32:00,0.0,0.15,0.0,34.02,0.0,34.17,9.0,0.0,9.0,0.0,2041.2000000000003,0.0,2050.2000000000003
2020-12-12 22:33:00,0.0,0.15,0.0,4.45,0.0,4.6,9.0,0.0,9.0,0.0,267.0,0.0,276.0
2020-12-12 22:34:00,0.0,0.15,0.0,4.43,0.0,4.58,9.0,0.0,9.0,0.0,265.8,0.0,274.8
2020-12-12 22:35:00,0.0,0.15,0.0,4.22,0.0,4.37,9.0,0.0,9.0,0.0,253.2,0.0,262.2
2020-12-12 22:36:00,0.0,0.15,0.0,26.12,0.0,26.27,9.0,0.0,9.0,0.0,1567.2,0.0,1576.2
2020-12-12 22:37:00,0.0,0.15,0.0,35.4,0.0,35.55,9.0,0.0,9.0,0.0,2124.0,0.0,2133.0
2020-12-12 22:38:00,0.0,0.15,0.0,6.52,0.0,6.67,9.0,0.0,9.0,0.0,391.2,0.0,400.2
2020-12-12 22:39:00,0.0,0.15,0.0,4.4,0.0,4.55,9.0,0.0,9.0,0.0,264.0,0.0,273.0
2020-12-12 22:40:00,0.0,0.15,0.0,4.42,0.0,4.57,9.0,0.0,9.0,0.0,265.2,0.0,274.20000000000005
2020-12-12 22:41:00,0.0,0.15,0.0,25.23,0.0,25.38,9.0,0.0,9.0,0.0,1513.8,0.0,1522.8
2020-12-12 22:42:00,0.0,0.15,0.0,35.62,0.0,35.77,9.0,0.0,9.0,0.0,2137.2,0.0,2146.2000000000003
2020-12-12 22:43:00,0.0,0.15,0.0,13.83,0.0,13.98,9.0,0.0,9.0,0.0,829.8000000000001,0.0,838.8000000000001
2020-12-12 22:44:00,0.0,0.15,0.0,8.12,0.0,8.27,9.0,0.0,9.0,0.0,487.19999999999993,0.0,496.2
2020-12-12 22:45:00,0.0,0.15,0.0,10.07,0.0,10.22,9.0,0.0,9.0,0.0,604.2,0.0,613.2
2020-12-12 22:46:00,0.0,0.15,0.0,15.97,0.0,16.12,9.0,0.0,9.0,0.0,958.2,0.0,967.2
2020-12-12 22:47:00,0.0,0.15,0.0,35.62,0.0,35.77,9.0,0.0,9.0,0.0,2137.2,0.0,2146.2000000000003
2020-12-12 22:48:00,0.0,0.15,0.0,24.2,0.0,24.35,9.0,0.0,9.0,0.0,1452.0,0.0,1461.0
2020-12-12 22:49:00,0.0,0.15,0.0,4.5,0.0,4.65,9.0,0.0,9.0,0.0,270.0,0.0,279.0
2020-12-12 22:50:00,0.0,0.15,0.0,4.5,0.0,4.65,9.0,0.0,9.0,0.0,270.0,0.0,279.0
2020-12-12 22:51:00,0.0,0.15,0.0,4.5,0.0,4.65,9.0,0.0,9.0,0.0,270.0,0.0,279.0
2020-12-12 22:52:00,0.0,0.15,0.0,33.03,0.0,33.18,9.0,0.0,9.0,0.0,1981.8000000000002,0.0,1990.8
2020-12-12 22:53:00,0.0,0.15,0.0,35.43,0.0,35.58,9.0,0.0,9.0,0.0,2125.8,0.0,2134.7999999999997
2020-12-12 22:54:00,0.0,0.15,0.0,9.57,0.0,9.72,9.0,0.0,9.0,0.0,574.2,0.0,583.2
2020-12-12 22:55:00,0.0,0.15,0.0,4.48,0.0,4.63,9.0,0.0,9.0,0.0,268.8,0.0,277.8
2020-12-12 22:56:00,0.0,0.15,0.0,4.48,0.0,4.63,9.0,0.0,9.0,0.0,268.8,0.0,277.8
2020-12-12 22:57:00,0.0,0.15,0.0,17.08,0.0,17.23,9.0,0.0,9.0,0.0,1024.8,0.0,1033.8
2020-12-12 22:58:00,0.0,0.15,0.0,35.77,0.0,35.92,9.0,0.0,9.0,0.0,2146.2000000000003,0.0,2155.2000000000003
2020-12-12 22:59:00,0.0,0.15,0.0,22.67,0.0,22.82,9.0,0.0,9.0,0.0,1360.2,0.0,1369.2
2020-12-12 23:00:00,0.0,0.15,0.0,4.45,0.0,4.6,9.0,0.0,9.0,0.0,267.0,0.0,276.0
2020-12-12 23:01:00,0.0,0.15,0.0,4.43,0.0,4.58,9.0,0.0,9.0,0.0,265.8,0.0,274.8
2020-12-12 23:02:00,0.0,0.15,0.0,6.45,0.0,6.6,9.0,0.0,9.0,0.0,387.0,0.0,396.0
2020-12-12 23:03:00,0.0,0.15,0.0,35.33,0.0,35.48,9.0,0.0,9.0,0.0,2119.7999999999997,0.0,2128.7999999999997
2020-12-12 23:04:00,0.0,0.15,0.0,31.87,0.0,32.02,9.0,0.0,9.0,0.0,1912.2,0.0,1921.2000000000003
2020-12-12 23:05:00,0.0,0.15,0.0,4.4,0.0,4.55,9.0,0.0,9.0,0.0,264.0,0.0,273.0
2020-12-12 23:06:00,0.0,0.15,0.0,4.45,0.0,4.6,9.0,0.0,9.0,0.0,267.0,0.0,276.0
2020-12-12 23:07:00,26.87,0.0,0.3,5.5,21.67,0.0,9.0,1612.2,0.0,18.0,330.0,1300.2,0.0
2020-12-12 23:08:00,51.78,0.0,0.4,26.57,25.61,0.0,8.0,3106.8,0.0,24.0,1594.2,1536.6,0.0
2020-12-12 23:09:00,51.78,0.0,0.33,36.9,15.21,0.0,6.0,3106.8,0.0,19.8,2214.0,912.6,0.0
2020-12-12 23:10:00,51.8,0.0,0.33,15.55,36.58,0.0,6.0,3108.0,0.0,19.8,933.0,2194.7999999999997,0.0
2020-12-12 23:11:00,51.8,0.0,0.33,4.85,47.28,0.0,5.0,3108.0,0.0,19.8,291.0,2836.8,0.0
2020-12-12 23:12:00,51.8,0.0,0.33,4.93,47.2,0.0,5.0,3108.0,0.0,19.8,295.8,2832.0,0.0
2020-12-12 23:13:00,1.7,0.0,0.13,8.82,0.0,6.99,4.0,102.0,0.0,7.800000000000001,529.2,0.0,419.40000000000003
2020-12-12 23:14:00,0.0,27.5,0.0,34.8,0.0,62.3,4.0,0.0,1650.0,0.0,2088.0,0.0,3738.0
2020-12-12 23:15:00,0.0,27.53,0.0,33.77,0.0,61.3,4.0,0.0,1651.8000000000002,0.0,2026.2000000000003,0.0,3678.0
2020-12-12 23:16:00,0.0,27.5,0.0,4.43,0.0,31.93,4.0,0.0,1650.0,0.0,265.8,0.0,1915.8
2020-12-12 23:17:00,0.0,27.5,0.0,4.43,0.0,31.93,5.0,0.0,1650.0,0.0,265.8,0.0,1915.8
2020-12-12 23:18:00,0.0,27.5,0.0,4.2,0.0,31.7,5.0,0.0,1650.0,0.0,252.0,0.0,1902.0
2020-12-12 23:19:00,0.0,27.5,0.05,20.73,0.0,48.18,5.0,0.0,1650.0,3.0,1243.8,0.0,2890.8
2020-12-12 23:20:00,0.0,27.53,0.0,34.8,0.0,62.33,5.0,0.0,1651.8000000000002,0.0,2088.0,0.0,3739.7999999999997
2020-12-12 23:21:00,0.0,27.5,0.0,14.48,0.0,41.98,6.0,0.0,1650.0,0.0,868.8000000000001,0.0,2518.7999999999997
2020-12-12 23:22:00,0.0,27.52,0.0,4.38,0.0,31.9,6.0,0.0,1651.2,0.0,262.8,0.0,1914.0
2020-12-12 23:23:00,0.0,27.5,0.0,4.38,0.0,31.88,6.0,0.0,1650.0,0.0,262.8,0.0,1912.8
2020-12-12 23:24:00,0.0,27.48,0.0,16.75,0.0,44.23,6.0,0.0,1648.8,0.0,1005.0,0.0,2653.7999999999997
2020-12-12 23:25:00,0.0,27.43,0.0,34.97,0.0,62.4,8.0,0.0,1645.8,0.0,2098.2,0.0,3744.0
2020-12-12 23:26:00,0.0,13.78,0.05,20.42,0.0,34.15,8.0,0.0,826.8,3.0,1225.2,0.0,2049.0
2020-12-12 23:27:00,0.0,13.77,0.05,4.52,0.0,18.24,8.0,0.0,826.1999999999999,3.0,271.2,0.0,1094.3999999999999
2020-12-12 23:28:00,0.0,13.78,0.0,4.38,0.0,18.16,8.0,0.0,826.8,0.0,262.8,0.0,1089.6000000000001
2020-12-12 23:29:00,0.0,13.75,0.0,11.72,0.0,25.47,8.0,0.0,825.0,0.0,703.2,0.0,1528.2
2020-12-12 23:30:00,0.0,13.75,0.0,35.22,0.0,48.97,8.0,0.0,825.0,0.0,2113.2,0.0,2938.2
2020-12-12 23:31:00,0.0,13.75,0.0,30.48,0.0,44.23,8.0,0.0,825.0,0.0,1828.8,0.0,2653.7999999999997
2020-12-12 23:32:00,0.0,13.78,0.0,4.52,0.0,18.3,8.0,0.0,826.8,0.0,271.2,0.0,1098.0
2020-12-12 23:33:00,0.0,13.75,0.0,4.7,0.0,18.45,8.0,0.0,825.0,0.0,282.0,0.0,1107.0
2020-12-12 23:34:00,0.0,7.88,0.07,4.97,0.0,12.78,9.0,0.0,472.8,4.2,298.2,0.0,766.8
2020-12-12 23:35:00,0.0,5.55,0.03,3.83,0.0,9.35,9.0,0.0,333.0,1.8,229.8,0.0,561.0
2020-12-12 23:36:00,0.0,5.53,0.07,6.22,0.0,11.68,9.0,0.0,331.8,4.2,373.2,0.0,700.8
2020-12-12 23:37:00,0.0,5.52,0.1,5.72,0.0,11.14,9.0,0.0,331.2,6.0,343.2,0.0,668.4000000000001
2020-12-12 23:38:00,0.0,5.53,0.03,5.9,0.0,11.4,9.0,0.0,331.8,1.8,354.0,0.0,684.0
2020-12-12 23:39:00,0.0,5.53,0.0,5.8,0.0,11.33,9.0,0.0,331.8,0.0,348.0,0.0,679.8000000000001
2020-12-12 23:40:00,0.0,5.55,0.05,5.78,0.0,11.28,9.0,0.0,333.0,3.0,346.8,0.0,676.8
2020-12-12 23:41:00,0.0,5.53,0.0,5.78,0.0,11.31,9.0,0.0,331.8,0.0,346.8,0.0,678.6
2020-12-12 23:42:00,0.0,5.53,0.0,5.83,0.0,11.36,9.0,0.0,331.8,0.0,349.8,0.0,681.6
2020-12-12 23:43:00,0.0,5.52,0.07,5.88,0.0,11.33,9.0,0.0,331.2,4.2,352.8,0.0,679.8000000000001
2020-12-12 23:44:00,0.0,5.53,0.05,5.82,0.0,11.3,9.0,0.0,331.8,3.0,349.20000000000005,0.0,678.0
2020-12-12 23:45:00,0.0,5.52,0.07,5.47,0.0,10.92,9.0,0.0,331.2,4.2,328.2,0.0,655.2
2020-12-12 23:46:00,0.0,5.53,0.07,5.2,0.0,10.66,9.0,0.0,331.8,4.2,312.0,0.0,639.6
2020-12-12 23:47:00,0.0,5.53,0.03,5.18,0.0,10.68,9.0,0.0,331.8,1.8,310.8,0.0,640.8
2020-12-12 23:48:00,0.0,5.53,0.0,5.48,0.0,11.01,9.0,0.0,331.8,0.0,328.8,0.0,660.6
2020-12-12 23:49:00,0.0,5.52,0.0,5.7,0.0,11.22,9.0,0.0,331.2,0.0,342.0,0.0,673.2
2020-12-12 23:50:00,0.0,5.52,0.0,5.5,0.0,11.02,9.0,0.0,331.2,0.0,330.0,0.0,661.1999999999999
2020-12-12 23:51:00,0.0,5.5,0.0,5.45,0.0,10.95,9.0,0.0,330.0,0.0,327.0,0.0,657.0
2020-12-12 23:52:00,0.0,5.55,0.0,5.72,0.0,11.27,9.0,0.0,333.0,0.0,343.2,0.0,676.1999999999999
2020-12-12 23:53:00,0.0,5.55,0.08,5.18,0.0,10.65,9.0,0.0,333.0,4.8,310.8,0.0,639.0
2020-12-12 23:54:00,0.0,5.53,0.03,5.28,0.0,10.78,9.0,0.0,331.8,1.8,316.8,0.0,646.8
2020-12-12 23:55:00,0.0,5.53,0.0,5.22,0.0,10.75,9.0,0.0,331.8,0.0,313.2,0.0,645.0
2020-12-12 23:56:00,0.0,5.5,0.0,5.68,0.0,11.18,9.0,0.0,330.0,0.0,340.8,0.0,670.8
2020-12-12 23:57:00,0.0,5.52,0.0,5.63,0.0,11.15,9.0,0.0,331.2,0.0,337.8,0.0,669.0
2020-12-12 23:58:00,0.0,4.98,0.03,5.68,0.0,10.63,10.0,0.0,298.8,1.8,340.8,0.0,637.8000000000001
2020-12-12 23:59:00,0.5,0.0,0.03,5.8,0.0,5.27,10.0,30.0,0.0,1.8,348.0,0.0,316.2
2020-12-13 00:00:00,0.0,0.15,0.0,5.63,0.0,5.78,10.0,0.0,9.0,0.0,337.8,0.0,346.8
2020-12-13 00:01:00,0.0,0.13,0.0,5.63,0.0,5.76,10.0,0.0,7.800000000000001,0.0,337.8,0.0,345.59999999999997
2020-12-13 00:02:00,0.0,0.13,0.0,5.52,0.0,5.65,10.0,0.0,7.800000000000001,0.0,331.2,0.0,339.0
2020-12-13 00:03:00,0.0,0.15,0.0,5.57,0.0,5.72,10.0,0.0,9.0,0.0,334.20000000000005,0.0,343.2
2020-12-13 00:04:00,0.0,0.15,0.0,5.47,0.0,5.62,10.0,0.0,9.0,0.0,328.2,0.0,337.2
2020-12-13 00:05:00,0.0,0.15,0.0,5.62,0.0,5.77,10.0,0.0,9.0,0.0,337.2,0.0,346.2
2020-12-13 00:06:00,0.0,0.15,0.0,5.6,0.0,5.75,10.0,0.0,9.0,0.0,336.0,0.0,345.0
2020-12-13 00:07:00,0.0,0.15,0.0,5.5,0.0,5.65,10.0,0.0,9.0,0.0,330.0,0.0,339.0
2020-12-13 00:08:00,0.0,0.15,0.0,5.4,0.0,5.55,10.0,0.0,9.0,0.0,324.0,0.0,333.0
2020-12-13 00:09:00,0.0,0.15,0.0,5.6,0.0,5.75,10.0,0.0,9.0,0.0,336.0,0.0,345.0
2020-12-13 00:10:00,0.0,0.15,0.0,8.13,0.0,8.28,10.0,0.0,9.0,0.0,487.80000000000007,0.0,496.79999999999995
2020-12-13 00:11:00,0.0,0.15,0.0,11.48,0.0,11.63,10.0,0.0,9.0,0.0,688.8000000000001,0.0,697.8000000000001
2020-12-13 00:12:00,0.0,0.15,0.0,7.27,0.0,7.42,10.0,0.0,9.0,0.0,436.2,0.0,445.2
2020-12-13 00:13:00,0.0,0.15,0.0,5.57,0.0,5.72,10.0,0.0,9.0,0.0,334.20000000000005,0.0,343.2
2020-12-13 00:14:00,0.0,0.15,0.0,5.87,0.0,6.02,10.0,0.0,9.0,0.0,352.2,0.0,361.2
2020-12-13 00:15:00,0.0,0.15,0.0,6.07,0.0,6.22,10.0,0.0,9.0,0.0,364.20000000000005,0.0,373.2
2020-12-13 00:16:00,0.0,0.15,0.0,5.68,0.0,5.83,10.0,0.0,9.0,0.0,340.8,0.0,349.8
2020-12-13 00:17:00,0.0,0.15,0.0,5.62,0.0,5.77,10.0,0.0,9.0,0.0,337.2,0.0,346.2
2020-12-13 00:18:00,0.0,0.15,0.0,5.62,0.0,5.77,10.0,0.0,9.0,0.0,337.2,0.0,346.2
2020-12-13 00:19:00,0.0,0.15,0.0,5.58,0.0,5.73,10.0,0.0,9.0,0.0,334.8,0.0,343.8
2020-12-13 00:20:00,0.0,0.13,0.0,5.48,0.0,5.61,10.0,0.0,7.800000000000001,0.0,328.8,0.0,336.6
2020-12-13 00:21:00,0.0,0.13,0.0,5.47,0.0,5.6,10.0,0.0,7.800000000000001,0.0,328.2,0.0,336.0
2020-12-13 00:22:00,0.0,0.13,0.0,5.45,0.0,5.58,10.0,0.0,7.800000000000001,0.0,327.0,0.0,334.8
2020-12-13 00:23:00,0.0,0.15,0.0,5.43,0.0,5.58,10.0,0.0,9.0,0.0,325.8,0.0,334.8
2020-12-13 00:24:00,0.0,0.15,0.0,8.65,0.0,8.8,10.0,0.0,9.0,0.0,519.0,0.0,528.0
2020-12-13 00:25:00,0.0,0.15,0.0,11.3,0.0,11.45,10.0,0.0,9.0,0.0,678.0,0.0,687.0
2020-12-13 00:26:00,0.0,0.15,0.0,6.82,0.0,6.97,10.0,0.0,9.0,0.0,409.20000000000005,0.0,418.2
2020-12-13 00:27:00,0.0,0.15,0.0,5.52,0.0,5.67,10.0,0.0,9.0,0.0,331.2,0.0,340.2
2020-12-13 00:28:00,0.0,0.15,0.0,4.63,0.0,4.78,10.0,0.0,9.0,0.0,277.8,0.0,286.8
2020-12-13 00:29:00,0.0,0.15,0.0,4.02,0.0,4.17,10.0,0.0,9.0,0.0,241.2,0.0,250.2
2020-12-13 00:30:00,0.0,0.15,0.0,4.03,0.0,4.18,10.0,0.0,9.0,0.0,241.8,0.0,250.79999999999998
2020-12-13 00:31:00,0.0,0.15,0.0,4.03,0.0,4.18,10.0,0.0,9.0,0.0,241.8,0.0,250.79999999999998
2020-12-13 00:32:00,0.0,0.15,0.0,4.03,0.0,4.18,10.0,0.0,9.0,0.0,241.8,0.0,250.79999999999998
2020-12-13 00:33:00,0.0,0.15,0.0,3.92,0.0,4.07,10.0,0.0,9.0,0.0,235.2,0.0,244.20000000000002
2020-12-13 00:34:00,0.0,0.15,0.0,4.05,0.0,4.2,10.0,0.0,9.0,0.0,243.0,0.0,252.0
2020-12-13 00:35:00,0.0,0.13,0.0,4.05,0.0,4.18,10.0,0.0,7.800000000000001,0.0,243.0,0.0,250.79999999999998
2020-12-13 00:36:00,0.0,0.15,0.0,6.63,0.0,6.78,10.0,0.0,9.0,0.0,397.8,0.0,406.8
2020-12-13 00:37:00,0.0,0.15,0.0,10.02,0.0,10.17,10.0,0.0,9.0,0.0,601.1999999999999,0.0,610.2
2020-12-13 00:38:00,0.0,0.13,0.0,6.33,0.0,6.46,10.0,0.0,7.800000000000001,0.0,379.8,0.0,387.6
2020-12-13 00:39:00,0.0,0.13,0.0,4.03,0.0,4.16,10.0,0.0,7.800000000000001,0.0,241.8,0.0,249.60000000000002
2020-12-13 00:40:00,0.0,0.15,0.0,4.02,0.0,4.17,10.0,0.0,9.0,0.0,241.2,0.0,250.2
2020-12-13 00:41:00,0.0,0.15,0.0,4.05,0.0,4.2,10.0,0.0,9.0,0.0,243.0,0.0,252.0
2020-12-13 00:42:00,0.0,0.13,0.0,4.07,0.0,4.2,10.0,0.0,7.800000000000001,0.0,244.20000000000002,0.0,252.0
2020-12-13 00:43:00,0.0,0.13,0.0,4.03,0.0,4.16,10.0,0.0,7.800000000000001,0.0,241.8,0.0,249.60000000000002
2020-12-13 00:44:00,0.0,0.13,0.0,4.02,0.0,4.15,10.0,0.0,7.800000000000001,0.0,241.2,0.0,249.00000000000003
2020-12-13 00:45:00,0.0,0.13,0.0,4.02,0.0,4.15,10.0,0.0,7.800000000000001,0.0,241.2,0.0,249.00000000000003
2020-12-13 00:46:00,0.0,0.13,0.0,4.0,0.0,4.13,10.0,0.0,7.800000000000001,0.0,240.0,0.0,247.79999999999998
2020-12-13 00:47:00,0.0,0.15,0.0,4.02,0.0,4.17,10.0,0.0,9.0,0.0,241.2,0.0,250.2
2020-12-13 00:48:00,0.0,0.13,0.0,3.98,0.0,4.11,10.0,0.0,7.800000000000001,0.0,238.8,0.0,246.60000000000002
2020-12-13 00:49:00,0.0,0.13,0.0,7.37,0.0,7.5,10.0,0.0,7.800000000000001,0.0,442.2,0.0,450.0
2020-12-13 00:50:00,0.0,0.13,0.0,9.93,0.0,10.06,10.0,0.0,7.800000000000001,0.0,595.8,0.0,603.6
2020-12-13 00:51:00,0.0,0.15,0.0,5.38,0.0,5.53,10.0,0.0,9.0,0.0,322.8,0.0,331.8
2020-12-13 00:52:00,0.0,0.13,0.0,3.98,0.0,4.11,10.0,0.0,7.800000000000001,0.0,238.8,0.0,246.60000000000002
2020-12-13 00:53:00,0.0,0.13,0.0,3.98,0.0,4.11,10.0,0.0,7.800000000000001,0.0,238.8,0.0,246.60000000000002
2020-12-13 00:54:00,0.0,0.13,0.0,3.9,0.0,4.03,10.0,0.0,7.800000000000001,0.0,234.0,0.0,241.8
2020-12-13 00:55:00,0.0,0.13,0.0,4.03,0.0,4.16,10.0,0.0,7.800000000000001,0.0,241.8,0.0,249.60000000000002
2020-12-13 00:56:00,0.0,0.13,0.0,4.0,0.0,4.13,10.0,0.0,7.800000000000001,0.0,240.0,0.0,247.79999999999998
2020-12-13 00:57:00,0.0,0.13,0.0,4.0,0.0,4.13,10.0,0.0,7.800000000000001,0.0,240.0,0.0,247.79999999999998
2020-12-13 00:58:00,0.0,0.13,0.0,4.0,0.0,4.13,10.0,0.0,7.800000000000001,0.0,240.0,0.0,247.79999999999998
2020-12-13 00:59:00,0.0,0.13,0.0,3.98,0.0,4.11,10.0,0.0,7.800000000000001,0.0,238.8,0.0,246.60000000000002
2020-12-13 01:00:00,0.0,0.13,0.0,3.98,0.0,4.11,10.0,0.0,7.800000000000001,0.0,238.8,0.0,246.60000000000002
2020-12-13 01:01:00,0.0,0.15,0.0,4.02,0.0,4.17,10.0,0.0,9.0,0.0,241.2,0.0,250.2
2020-12-13 01:02:00,0.0,0.15,0.0,4.02,0.0,4.17,10.0,0.0,9.0,0.0,241.2,0.0,250.2
2020-12-13 01:03:00,0.0,0.15,0.0,4.02,0.0,4.17,10.0,0.0,9.0,0.0,241.2,0.0,250.2
2020-12-13 01:04:00,0.0,0.13,0.0,7.87,0.0,8.0,10.0,0.0,7.800000000000001,0.0,472.2,0.0,480.0
2020-12-13 01:05:00,0.0,0.13,0.0,10.08,0.0,10.21,10.0,0.0,7.800000000000001,0.0,604.8000000000001,0.0,612.6
2020-12-13 01:06:00,0.0,0.13,0.0,6.75,0.0,6.88,10.0,0.0,7.800000000000001,0.0,405.0,0.0,412.8
2020-12-13 01:07:00,0.0,0.13,0.0,4.05,0.0,4.18,10.0,0.0,7.800000000000001,0.0,243.0,0.0,250.79999999999998
2020-12-13 01:08:00,0.0,0.13,0.0,4.03,0.0,4.16,10.0,0.0,7.800000000000001,0.0,241.8,0.0,249.60000000000002
2020-12-13 01:09:00,0.0,0.13,0.0,4.03,0.0,4.16,10.0,0.0,7.800000000000001,0.0,241.8,0.0,249.60000000000002
2020-12-13 01:10:00,0.0,0.13,0.0,4.03,0.0,4.16,10.0,0.0,7.800000000000001,0.0,241.8,0.0,249.60000000000002
2020-12-13 01:11:00,0.0,0.13,0.0,4.05,0.0,4.18,10.0,0.0,7.800000000000001,0.0,243.0,0.0,250.79999999999998
2020-12-13 01:12:00,0.0,0.13,0.0,4.07,0.0,4.2,10.0,0.0,7.800000000000001,0.0,244.20000000000002,0.0,252.0
2020-12-13 01:13:00,0.0,0.15,0.0,4.07,0.0,4.22,10.0,0.0,9.0,0.0,244.20000000000002,0.0,253.2
2020-12-13 01:14:00,0.0,0.13,0.0,4.03,0.0,4.16,10.0,0.0,7.800000000000001,0.0,241.8,0.0,249.60000000000002
2020-12-13 01:15:00,0.0,0.13,0.0,3.92,0.0,4.05,10.0,0.0,7.800000000000001,0.0,235.2,0.0,243.0
2020-12-13 01:16:00,0.0,0.13,0.0,4.07,0.0,4.2,10.0,0.0,7.800000000000001,0.0,244.20000000000002,0.0,252.0
2020-12-13 01:17:00,0.0,0.13,0.0,4.05,0.0,4.18,10.0,0.0,7.800000000000001,0.0,243.0,0.0,250.79999999999998
2020-12-13 01:18:00,0.0,0.13,0.0,4.05,0.0,4.18,10.0,0.0,7.800000000000001,0.0,243.0,0.0,250.79999999999998
2020-12-13 01:19:00,0.0,0.13,0.0,9.07,0.0,9.2,10.0,0.0,7.800000000000001,0.0,544.2,0.0,552.0
2020-12-13 01:20:00,0.0,0.13,0.0,8.85,0.0,8.98,10.0,0.0,7.800000000000001,0.0,531.0,0.0,538.8000000000001
2020-12-13 01:21:00,0.0,0.13,0.0,4.07,0.0,4.2,10.0,0.0,7.800000000000001,0.0,244.20000000000002,0.0,252.0
2020-12-13 01:22:00,0.0,0.13,0.0,4.05,0.0,4.18,10.0,0.0,7.800000000000001,0.0,243.0,0.0,250.79999999999998
2020-12-13 01:23:00,0.0,0.13,0.0,4.05,0.0,4.18,10.0,0.0,7.800000000000001,0.0,243.0,0.0,250.79999999999998
2020-12-13 01:24:00,0.0,0.13,0.0,4.08,0.0,4.21,10.0,0.0,7.800000000000001,0.0,244.8,0.0,252.6
2020-12-13 01:25:00,0.0,0.13,0.0,4.07,0.0,4.2,10.0,0.0,7.800000000000001,0.0,244.20000000000002,0.0,252.0
2020-12-13 01:26:00,0.0,0.13,0.0,4.07,0.0,4.2,10.0,0.0,7.800000000000001,0.0,244.20000000000002,0.0,252.0
2020-12-13 01:27:00,0.0,0.13,0.0,4.07,0.0,4.2,10.0,0.0,7.800000000000001,0.0,244.20000000000002,0.0,252.0
2020-12-13 01:28:00,0.0,0.13,0.0,4.05,0.0,4.18,10.0,0.0,7.800000000000001,0.0,243.0,0.0,250.79999999999998
2020-12-13 01:29:00,0.0,0.13,0.0,4.05,0.0,4.18,10.0,0.0,7.800000000000001,0.0,243.0,0.0,250.79999999999998
2020-12-13 01:30:00,0.0,0.13,0.0,4.05,0.0,4.18,10.0,0.0,7.800000000000001,0.0,243.0,0.0,250.79999999999998
2020-12-13 01:31:00,0.0,0.13,0.0,4.07,0.0,4.2,10.0,0.0,7.800000000000001,0.0,244.20000000000002,0.0,252.0
2020-12-13 01:32:00,0.0,0.13,0.0,6.37,0.0,6.5,10.0,0.0,7.800000000000001,0.0,382.2,0.0,390.0
2020-12-13 01:33:00,0.0,0.15,0.0,10.33,0.0,10.48,10.0,0.0,9.0,0.0,619.8000000000001,0.0,628.8000000000001
2020-12-13 01:34:00,0.0,0.13,0.0,5.32,0.0,5.45,10.0,0.0,7.800000000000001,0.0,319.20000000000005,0.0,327.0
2020-12-13 01:35:00,0.0,0.13,0.0,4.48,0.0,4.61,10.0,0.0,7.800000000000001,0.0,268.8,0.0,276.6
2020-12-13 01:36:00,0.0,0.13,0.0,4.5,0.0,4.63,10.0,0.0,7.800000000000001,0.0,270.0,0.0,277.8
2020-12-13 01:37:00,0.0,0.13,0.0,4.35,0.0,4.48,10.0,0.0,7.800000000000001,0.0,261.0,0.0,268.8
2020-12-13 01:38:00,0.0,0.13,0.0,4.03,0.0,4.16,10.0,0.0,7.800000000000001,0.0,241.8,0.0,249.60000000000002
2020-12-13 01:39:00,0.0,0.13,0.0,4.03,0.0,4.16,10.0,0.0,7.800000000000001,0.0,241.8,0.0,249.60000000000002
2020-12-13 01:40:00,0.0,0.13,0.0,4.02,0.0,4.15,10.0,0.0,7.800000000000001,0.0,241.2,0.0,249.00000000000003
2020-12-13 01:41:00,0.0,0.13,0.0,4.02,0.0,4.15,10.0,0.0,7.800000000000001,0.0,241.2,0.0,249.00000000000003
2020-12-13 01:42:00,0.0,0.13,0.0,4.03,0.0,4.16,10.0,0.0,7.800000000000001,0.0,241.8,0.0,249.60000000000002
2020-12-13 01:43:00,0.0,0.13,0.0,4.0,0.0,4.13,10.0,0.0,7.800000000000001,0.0,240.0,0.0,247.79999999999998
2020-12-13 01:44:00,0.0,0.15,0.0,3.97,0.0,4.12,10.0,0.0,9.0,0.0,238.20000000000002,0.0,247.20000000000002
2020-12-13 01:45:00,0.0,0.13,0.0,3.97,0.0,4.1,10.0,0.0,7.800000000000001,0.0,238.20000000000002,0.0,245.99999999999997
2020-12-13 01:46:00,0.0,0.13,0.0,3.97,0.0,4.1,10.0,0.0,7.800000000000001,0.0,238.20000000000002,0.0,245.99999999999997
2020-12-13 01:47:00,0.0,0.13,0.0,9.22,0.0,9.35,10.0,0.0,7.800000000000001,0.0,553.2,0.0,561.0
2020-12-13 01:48:00,0.0,0.13,0.0,8.48,0.0,8.61,10.0,0.0,7.800000000000001,0.0,508.8,0.0,516.6
2020-12-13 01:49:00,0.0,0.13,0.0,3.92,0.0,4.05,10.0,0.0,7.800000000000001,0.0,235.2,0.0,243.0
2020-12-13 01:50:00,0.0,0.13,0.0,3.95,0.0,4.08,10.0,0.0,7.800000000000001,0.0,237.0,0.0,244.8
2020-12-13 01:51:00,0.0,0.13,0.0,3.98,0.0,4.11,10.0,0.0,7.800000000000001,0.0,238.8,0.0,246.60000000000002
2020-12-13 01:52:00,0.0,0.13,0.0,3.97,0.0,4.1,10.0,0.0,7.800000000000001,0.0,238.20000000000002,0.0,245.99999999999997
2020-12-13 01:53:00,0.0,0.15,0.0,3.95,0.0,4.1,10.0,0.0,9.0,0.0,237.0,0.0,245.99999999999997
2020-12-13 01:54:00,0.0,0.13,0.0,3.97,0.0,4.1,10.0,0.0,7.800000000000001,0.0,238.20000000000002,0.0,245.99999999999997
2020-12-13 01:55:00,0.0,0.13,0.0,3.95,0.0,4.08,10.0,0.0,7.800000000000001,0.0,237.0,0.0,244.8
2020-12-13 01:56:00,0.0,0.13,0.0,3.95,0.0,4.08,10.0,0.0,7.800000000000001,0.0,237.0,0.0,244.8
2020-12-13 01:57:00,0.0,0.13,0.0,3.93,0.0,4.06,10.0,0.0,7.800000000000001,0.0,235.8,0.0,243.59999999999997
2020-12-13 01:58:00,0.0,0.13,0.0,3.93,0.0,4.06,10.0,0.0,7.800000000000001,0.0,235.8,0.0,243.59999999999997
2020-12-13 01:59:00,0.0,0.13,0.0,3.92,0.0,4.05,10.0,0.0,7.800000000000001,0.0,235.2,0.0,243.0
2020-12-13 02:00:00,0.0,0.13,0.0,3.93,0.0,4.06,10.0,0.0,7.800000000000001,0.0,235.8,0.0,243.59999999999997
2020-12-13 02:01:00,0.0,0.13,0.0,8.27,0.0,8.4,10.0,0.0,7.800000000000001,0.0,496.2,0.0,504.0
2020-12-13 02:02:00,0.0,0.13,0.0,9.37,0.0,9.5,10.0,0.0,7.800000000000001,0.0,562.1999999999999,0.0,570.0
2020-12-13 02:03:00,0.0,0.13,0.0,3.95,0.0,4.08,10.0,0.0,7.800000000000001,0.0,237.0,0.0,244.8
2020-12-13 02:04:00,0.0,0.13,0.0,3.95,0.0,4.08,10.0,0.0,7.800000000000001,0.0,237.0,0.0,244.8
2020-12-13 02:05:00,0.0,0.13,0.0,4.0,0.0,4.13,10.0,0.0,7.800000000000001,0.0,240.0,0.0,247.79999999999998
2020-12-13 02:06:00,0.0,0.13,0.0,4.0,0.0,4.13,10.0,0.0,7.800000000000001,0.0,240.0,0.0,247.79999999999998
2020-12-13 02:07:00,0.0,0.13,0.0,4.0,0.0,4.13,10.0,0.0,7.800000000000001,0.0,240.0,0.0,247.79999999999998
2020-12-13 02:08:00,0.0,0.13,0.0,4.0,0.0,4.13,10.0,0.0,7.800000000000001,0.0,240.0,0.0,247.79999999999998
2020-12-13 02:09:00,0.0,0.13,0.0,3.97,0.0,4.1,10.0,0.0,7.800000000000001,0.0,238.20000000000002,0.0,245.99999999999997
2020-12-13 02:10:00,0.0,0.13,0.0,3.97,0.0,4.1,10.0,0.0,7.800000000000001,0.0,238.20000000000002,0.0,245.99999999999997
2020-12-13 02:11:00,0.0,0.13,0.0,3.98,0.0,4.11,10.0,0.0,7.800000000000001,0.0,238.8,0.0,246.60000000000002
2020-12-13 02:12:00,0.0,0.13,0.0,3.98,0.0,4.11,10.0,0.0,7.800000000000001,0.0,238.8,0.0,246.60000000000002
2020-12-13 02:13:00,0.0,0.13,0.0,4.0,0.0,4.13,10.0,0.0,7.800000000000001,0.0,240.0,0.0,247.79999999999998
2020-12-13 02:14:00,0.0,0.13,0.0,4.0,0.0,4.13,10.0,0.0,7.800000000000001,0.0,240.0,0.0,247.79999999999998
2020-12-13 02:15:00,0.0,0.13,0.0,4.02,0.0,4.15,10.0,0.0,7.800000000000001,0.0,241.2,0.0,249.00000000000003
2020-12-13 02:16:00,0.0,0.13,0.0,4.42,0.0,4.55,10.0,0.0,7.800000000000001,0.0,265.2,0.0,273.0
2020-12-13 02:17:00,0.0,0.13,0.0,10.37,0.0,10.5,10.0,0.0,7.800000000000001,0.0,622.1999999999999,0.0,630.0
2020-12-13 02:18:00,0.0,0.13,0.0,9.42,0.0,9.55,10.0,0.0,7.800000000000001,0.0,565.2,0.0,573.0
2020-12-13 02:19:00,0.0,0.13,0.0,5.85,0.0,5.98,10.0,0.0,7.800000000000001,0.0,351.0,0.0,358.8
2020-12-13 02:20:00,0.0,0.13,0.0,5.8,0.0,5.93,10.0,0.0,7.800000000000001,0.0,348.0,0.0,355.8
2020-12-13 02:21:00,0.0,0.13,0.0,5.8,0.0,5.93,10.0,0.0,7.800000000000001,0.0,348.0,0.0,355.8
2020-12-13 02:22:00,0.0,0.13,0.0,5.82,0.0,5.95,10.0,0.0,7.800000000000001,0.0,349.20000000000005,0.0,357.0
2020-12-13 02:23:00,0.0,0.13,0.0,5.85,0.0,5.98,10.0,0.0,7.800000000000001,0.0,351.0,0.0,358.8
2020-12-13 02:24:00,0.0,0.13,0.0,5.83,0.0,5.96,10.0,0.0,7.800000000000001,0.0,349.8,0.0,357.6
2020-12-13 02:25:00,0.0,0.13,0.0,5.8,0.0,5.93,10.0,0.0,7.800000000000001,0.0,348.0,0.0,355.8
2020-12-13 02:26:00,0.0,0.13,0.0,5.78,0.0,5.91,10.0,0.0,7.800000000000001,0.0,346.8,0.0,354.6
2020-12-13 02:27:00,0.0,0.13,0.0,5.78,0.0,5.91,10.0,0.0,7.800000000000001,0.0,346.8,0.0,354.6
2020-12-13 02:28:00,0.0,0.13,0.0,5.8,0.0,5.93,10.0,0.0,7.800000000000001,0.0,348.0,0.0,355.8
2020-12-13 02:29:00,0.0,0.13,0.0,5.78,0.0,5.91,10.0,0.0,7.800000000000001,0.0,346.8,0.0,354.6
2020-12-13 02:30:00,0.0,0.13,0.0,5.8,0.0,5.93,10.0,0.0,7.800000000000001,0.0,348.0,0.0,355.8
2020-12-13 02:31:00,0.0,0.13,0.0,9.43,0.0,9.56,10.0,0.0,7.800000000000001,0.0,565.8,0.0,573.6
2020-12-13 02:32:00,0.0,0.13,0.0,11.87,0.0,12.0,10.0,0.0,7.800000000000001,0.0,712.1999999999999,0.0,720.0
2020-12-13 02:33:00,0.0,0.13,0.0,5.63,0.0,5.76,10.0,0.0,7.800000000000001,0.0,337.8,0.0,345.59999999999997
2020-12-13 02:34:00,0.0,0.13,0.0,5.62,0.0,5.75,10.0,0.0,7.800000000000001,0.0,337.2,0.0,345.0
2020-12-13 02:35:00,0.0,0.13,0.0,5.6,0.0,5.73,10.0,0.0,7.800000000000001,0.0,336.0,0.0,343.8
2020-12-13 02:36:00,0.0,0.13,0.0,5.57,0.0,5.7,10.0,0.0,7.800000000000001,0.0,334.20000000000005,0.0,342.0
2020-12-13 02:37:00,0.0,0.13,0.0,5.55,0.0,5.68,10.0,0.0,7.800000000000001,0.0,333.0,0.0,340.8
2020-12-13 02:38:00,0.0,0.13,0.0,5.53,0.0,5.66,10.0,0.0,7.800000000000001,0.0,331.8,0.0,339.6
2020-12-13 02:39:00,0.0,0.13,0.0,5.53,0.0,5.66,10.0,0.0,7.800000000000001,0.0,331.8,0.0,339.6
2020-12-13 02:40:00,0.0,0.13,0.0,5.47,0.0,5.6,10.0,0.0,7.800000000000001,0.0,328.2,0.0,336.0
2020-12-13 02:41:00,0.0,0.13,0.0,5.45,0.0,5.58,10.0,0.0,7.800000000000001,0.0,327.0,0.0,334.8
2020-12-13 02:42:00,0.0,0.13,0.0,5.45,0.0,5.58,10.0,0.0,7.800000000000001,0.0,327.0,0.0,334.8
2020-12-13 02:43:00,0.0,0.13,0.0,5.45,0.0,5.58,10.0,0.0,7.800000000000001,0.0,327.0,0.0,334.8
2020-12-13 02:44:00,0.0,0.13,0.0,5.42,0.0,5.55,10.0,0.0,7.800000000000001,0.0,325.2,0.0,333.0
2020-12-13 02:45:00,0.0,0.13,0.0,5.43,0.0,5.56,10.0,0.0,7.800000000000001,0.0,325.8,0.0,333.59999999999997
2020-12-13 02:46:00,0.0,0.13,0.0,5.35,0.0,5.48,10.0,0.0,7.800000000000001,0.0,321.0,0.0,328.8
2020-12-13 02:47:00,0.0,0.13,0.0,5.42,0.0,5.55,10.0,0.0,7.800000000000001,0.0,325.2,0.0,333.0
2020-12-13 02:48:00,0.0,0.13,0.0,5.5,0.0,5.63,10.0,0.0,7.800000000000001,0.0,330.0,0.0,337.8
2020-12-13 02:49:00,0.0,0.13,0.0,5.48,0.0,5.61,10.0,0.0,7.800000000000001,0.0,328.8,0.0,336.6
2020-12-13 02:50:00,0.0,0.13,0.0,5.43,0.0,5.56,10.0,0.0,7.800000000000001,0.0,325.8,0.0,333.59999999999997
2020-12-13 02:51:00,0.0,0.13,0.0,5.42,0.0,5.55,10.0,0.0,7.800000000000001,0.0,325.2,0.0,333.0
2020-12-13 02:52:00,0.0,0.13,0.0,5.43,0.0,5.56,10.0,0.0,7.800000000000001,0.0,325.8,0.0,333.59999999999997
2020-12-13 02:53:00,0.0,0.13,0.0,10.28,0.0,10.41,10.0,0.0,7.800000000000001,0.0,616.8,0.0,624.6
2020-12-13 02:54:00,0.0,0.13,0.0,11.45,0.0,11.58,10.0,0.0,7.800000000000001,0.0,687.0,0.0,694.8000000000001
2020-12-13 02:55:00,0.0,0.13,0.0,6.18,0.0,6.31,10.0,0.0,7.800000000000001,0.0,370.8,0.0,378.59999999999997
2020-12-13 02:56:00,0.0,0.13,0.0,5.4,0.0,5.53,10.0,0.0,7.800000000000001,0.0,324.0,0.0,331.8
2020-12-13 02:57:00,0.0,0.13,0.0,5.42,0.0,5.55,10.0,0.0,7.800000000000001,0.0,325.2,0.0,333.0
2020-12-13 02:58:00,0.0,0.13,0.0,5.4,0.0,5.53,10.0,0.0,7.800000000000001,0.0,324.0,0.0,331.8
2020-12-13 02:59:00,0.0,0.13,0.0,5.38,0.0,5.51,10.0,0.0,7.800000000000001,0.0,322.8,0.0,330.59999999999997
2020-12-13 03:00:00,0.0,0.13,0.0,5.37,0.0,5.5,10.0,0.0,7.800000000000001,0.0,322.2,0.0,330.0
2020-12-13 03:01:00,0.0,0.13,0.0,5.35,0.0,5.48,10.0,0.0,7.800000000000001,0.0,321.0,0.0,328.8
2020-12-13 03:02:00,0.0,0.13,0.0,5.4,0.0,5.53,10.0,0.0,7.800000000000001,0.0,324.0,0.0,331.8
2020-12-13 03:03:00,0.0,0.13,0.0,5.4,0.0,5.53,10.0,0.0,7.800000000000001,0.0,324.0,0.0,331.8
2020-12-13 03:04:00,0.0,0.13,0.0,4.73,0.0,4.86,10.0,0.0,7.800000000000001,0.0,283.8,0.0,291.6
2020-12-13 03:05:00,0.0,0.13,0.0,4.18,0.0,4.31,10.0,0.0,7.800000000000001,0.0,250.79999999999998,0.0,258.59999999999997
2020-12-13 03:06:00,0.0,0.13,0.0,4.42,0.0,4.55,10.0,0.0,7.800000000000001,0.0,265.2,0.0,273.0
2020-12-13 03:07:00,0.0,0.13,0.0,4.42,0.0,4.55,10.0,0.0,7.800000000000001,0.0,265.2,0.0,273.0
2020-12-13 03:08:00,0.0,0.13,0.0,4.07,0.0,4.2,10.0,0.0,7.800000000000001,0.0,244.20000000000002,0.0,252.0
2020-12-13 03:09:00,0.0,0.13,0.0,7.1,0.0,7.23,10.0,0.0,7.800000000000001,0.0,426.0,0.0,433.8
2020-12-13 03:10:00,0.0,0.13,0.0,9.07,0.0,9.2,10.0,0.0,7.800000000000001,0.0,544.2,0.0,552.0
2020-12-13 03:11:00,0.0,0.13,0.0,3.17,0.0,3.3,10.0,0.0,7.800000000000001,0.0,190.2,0.0,198.0
2020-12-13 03:12:00,0.0,0.13,0.0,2.38,0.0,2.51,10.0,0.0,7.800000000000001,0.0,142.79999999999998,0.0,150.6
2020-12-13 03:13:00,0.0,0.13,0.0,2.58,0.0,2.71,10.0,0.0,7.800000000000001,0.0,154.8,0.0,162.6
2020-12-13 03:14:00,0.0,0.13,0.0,2.5,0.0,2.63,10.0,0.0,7.800000000000001,0.0,150.0,0.0,157.79999999999998
2020-12-13 03:15:00,0.0,0.13,0.0,2.38,0.0,2.51,10.0,0.0,7.800000000000001,0.0,142.79999999999998,0.0,150.6
2020-12-13 03:16:00,0.0,0.13,0.0,2.38,0.0,2.51,10.0,0.0,7.800000000000001,0.0,142.79999999999998,0.0,150.6
2020-12-13 03:17:00,0.0,0.13,0.0,2.37,0.0,2.5,10.0,0.0,7.800000000000001,0.0,142.20000000000002,0.0,150.0
2020-12-13 03:18:00,0.0,0.13,0.0,2.35,0.0,2.48,10.0,0.0,7.800000000000001,0.0,141.0,0.0,148.8
2020-12-13 03:19:00,0.0,0.13,0.0,2.38,0.0,2.51,10.0,0.0,7.800000000000001,0.0,142.79999999999998,0.0,150.6
2020-12-13 03:20:00,0.0,0.13,0.0,2.38,0.0,2.51,10.0,0.0,7.800000000000001,0.0,142.79999999999998,0.0,150.6
2020-12-13 03:21:00,0.0,0.13,0.0,2.37,0.0,2.5,10.0,0.0,7.800000000000001,0.0,142.20000000000002,0.0,150.0
2020-12-13 03:22:00,0.0,0.13,0.0,2.37,0.0,2.5,10.0,0.0,7.800000000000001,0.0,142.20000000000002,0.0,150.0
2020-12-13 03:23:00,0.0,0.13,0.0,7.22,0.0,7.35,10.0,0.0,7.800000000000001,0.0,433.2,0.0,441.0
2020-12-13 03:24:00,0.0,0.13,0.0,6.42,0.0,6.55,10.0,0.0,7.800000000000001,0.0,385.2,0.0,393.0
2020-12-13 03:25:00,0.0,0.13,0.0,2.35,0.0,2.48,10.0,0.0,7.800000000000001,0.0,141.0,0.0,148.8
2020-12-13 03:26:00,0.0,0.13,0.0,2.37,0.0,2.5,10.0,0.0,7.800000000000001,0.0,142.20000000000002,0.0,150.0
2020-12-13 03:27:00,0.0,0.13,0.0,2.37,0.0,2.5,10.0,0.0,7.800000000000001,0.0,142.20000000000002,0.0,150.0
2020-12-13 03:28:00,0.0,0.13,0.0,2.4,0.0,2.53,10.0,0.0,7.800000000000001,0.0,144.0,0.0,151.79999999999998
2020-12-13 03:29:00,0.0,0.13,0.0,2.38,0.0,2.51,10.0,0.0,7.800000000000001,0.0,142.79999999999998,0.0,150.6
2020-12-13 03:30:00,0.0,0.13,0.0,2.37,0.0,2.5,10.0,0.0,7.800000000000001,0.0,142.20000000000002,0.0,150.0
2020-12-13 03:31:00,0.0,0.13,0.0,2.37,0.0,2.5,10.0,0.0,7.800000000000001,0.0,142.20000000000002,0.0,150.0
2020-12-13 03:32:00,0.0,0.13,0.0,2.38,0.0,2.51,10.0,0.0,7.800000000000001,0.0,142.79999999999998,0.0,150.6
2020-12-13 03:33:00,0.0,0.13,0.0,2.35,0.0,2.48,10.0,0.0,7.800000000000001,0.0,141.0,0.0,148.8
2020-12-13 03:34:00,0.0,0.13,0.0,2.38,0.0,2.51,10.0,0.0,7.800000000000001,0.0,142.79999999999998,0.0,150.6
2020-12-13 03:35:00,0.0,0.13,0.0,2.37,0.0,2.5,10.0,0.0,7.800000000000001,0.0,142.20000000000002,0.0,150.0
2020-12-13 03:36:00,0.0,0.13,0.0,2.37,0.0,2.5,10.0,0.0,7.800000000000001,0.0,142.20000000000002,0.0,150.0
2020-12-13 03:37:00,0.0,0.13,0.0,2.37,0.0,2.5,10.0,0.0,7.800000000000001,0.0,142.20000000000002,0.0,150.0
2020-12-13 03:38:00,0.0,0.13,0.0,2.35,0.0,2.48,10.0,0.0,7.800000000000001,0.0,141.0,0.0,148.8
2020-12-13 03:39:00,0.0,0.13,0.0,4.02,0.0,4.15,10.0,0.0,7.800000000000001,0.0,241.2,0.0,249.00000000000003
2020-12-13 03:40:00,0.0,0.13,0.0,8.7,0.0,8.83,10.0,0.0,7.800000000000001,0.0,522.0,0.0,529.8000000000001
2020-12-13 03:41:00,0.0,0.13,0.0,4.3,0.0,4.43,10.0,0.0,7.800000000000001,0.0,258.0,0.0,265.8
2020-12-13 03:42:00,0.0,0.13,0.0,2.4,0.0,2.53,10.0,0.0,7.800000000000001,0.0,144.0,0.0,151.79999999999998
2020-12-13 03:43:00,0.0,0.13,0.0,2.4,0.0,2.53,10.0,0.0,7.800000000000001,0.0,144.0,0.0,151.79999999999998
2020-12-13 03:44:00,0.0,0.13,0.0,2.38,0.0,2.51,10.0,0.0,7.800000000000001,0.0,142.79999999999998,0.0,150.6
2020-12-13 03:45:00,0.0,0.13,0.0,2.37,0.0,2.5,10.0,0.0,7.800000000000001,0.0,142.20000000000002,0.0,150.0
2020-12-13 03:46:00,0.0,0.13,0.0,2.38,0.0,2.51,10.0,0.0,7.800000000000001,0.0,142.79999999999998,0.0,150.6
2020-12-13 03:47:00,0.0,0.13,0.0,2.4,0.0,2.53,10.0,0.0,7.800000000000001,0.0,144.0,0.0,151.79999999999998
2020-12-13 03:48:00,0.0,0.13,0.0,2.4,0.0,2.53,10.0,0.0,7.800000000000001,0.0,144.0,0.0,151.79999999999998
2020-12-13 03:49:00,0.0,0.13,0.0,2.38,0.0,2.51,10.0,0.0,7.800000000000001,0.0,142.79999999999998,0.0,150.6
2020-12-13 03:50:00,0.0,0.13,0.0,2.4,0.0,2.53,10.0,0.0,7.800000000000001,0.0,144.0,0.0,151.79999999999998
2020-12-13 03:51:00,0.0,0.13,0.0,2.38,0.0,2.51,10.0,0.0,7.800000000000001,0.0,142.79999999999998,0.0,150.6
2020-12-13 03:52:00,0.0,0.13,0.0,2.38,0.0,2.51,10.0,0.0,7.800000000000001,0.0,142.79999999999998,0.0,150.6
2020-12-13 03:53:00,0.0,0.13,0.0,2.38,0.0,2.51,10.0,0.0,7.800000000000001,0.0,142.79999999999998,0.0,150.6
2020-12-13 03:54:00,0.0,0.13,0.0,2.4,0.0,2.53,10.0,0.0,7.800000000000001,0.0,144.0,0.0,151.79999999999998
2020-12-13 03:55:00,0.0,0.13,0.0,5.52,0.0,5.65,10.0,0.0,7.800000000000001,0.0,331.2,0.0,339.0
2020-12-13 03:56:00,0.0,0.13,0.0,8.62,0.0,8.75,10.0,0.0,7.800000000000001,0.0,517.1999999999999,0.0,525.0
2020-12-13 03:57:00,0.0,0.13,0.0,2.42,0.0,2.55,10.0,0.0,7.800000000000001,0.0,145.2,0.0,153.0
2020-12-13 03:58:00,0.0,0.13,0.0,2.42,0.0,2.55,10.0,0.0,7.800000000000001,0.0,145.2,0.0,153.0
2020-12-13 03:59:00,0.0,0.13,0.0,2.4,0.0,2.53,10.0,0.0,7.800000000000001,0.0,144.0,0.0,151.79999999999998
2020-12-13 04:00:00,0.0,0.13,0.0,2.4,0.0,2.53,10.0,0.0,7.800000000000001,0.0,144.0,0.0,151.79999999999998
2020-12-13 04:01:00,0.0,0.22,0.0,3.883333333333333,0.0,4.1033333333333335,10.0,0.0,13.200000000000001,0.0,232.99999999999997,0.0,246.20000000000002
2020-12-13 04:02:00,0.0,0.31,0.0,5.366666666666666,0.0,5.676666666666667,10.0,0.0,18.6,0.0,322.0,0.0,340.6
2020-12-13 04:03:00,0.0,0.4,0.0,6.85,0.0,7.25,10.0,0.0,24.0,0.0,411.0,0.0,435.0
2020-12-13 04:04:00,0.0,0.13,0.0,2.35,0.0,2.48,10.0,0.0,7.800000000000001,0.0,141.0,0.0,148.8
2020-12-13 04:05:00,0.0,0.13,0.0,2.35,0.0,2.48,10.0,0.0,7.800000000000001,0.0,141.0,0.0,148.8
2020-12-13 04:06:00,0.0,0.13,0.0,2.37,0.0,2.5,10.0,0.0,7.800000000000001,0.0,142.20000000000002,0.0,150.0
2020-12-13 04:07:00,0.0,0.13,0.0,2.35,0.0,2.48,10.0,0.0,7.800000000000001,0.0,141.0,0.0,148.8
2020-12-13 04:08:00,0.0,0.13,0.0,2.38,0.0,2.51,10.0,0.0,7.800000000000001,0.0,142.79999999999998,0.0,150.6
2020-12-13 04:09:00,0.0,0.13,0.0,2.37,0.0,2.5,10.0,0.0,7.800000000000001,0.0,142.20000000000002,0.0,150.0
2020-12-13 04:10:00,0.0,0.13,0.0,2.37,0.0,2.5,10.0,0.0,7.800000000000001,0.0,142.20000000000002,0.0,150.0
2020-12-13 04:11:00,0.0,0.13,0.0,2.38,0.0,2.51,10.0,0.0,7.800000000000001,0.0,142.79999999999998,0.0,150.6
2020-12-13 04:12:00,0.0,0.13,0.0,2.38,0.0,2.51,10.0,0.0,7.800000000000001,0.0,142.79999999999998,0.0,150.6
2020-12-13 04:13:00,0.0,0.13,0.0,2.38,0.0,2.51,10.0,0.0,7.800000000000001,0.0,142.79999999999998,0.0,150.6
2020-12-13 04:14:00,0.0,0.13,0.0,2.38,0.0,2.51,10.0,0.0,7.800000000000001,0.0,142.79999999999998,0.0,150.6
2020-12-13 04:15:00,0.0,0.13,0.0,2.4,0.0,2.53,10.0,0.0,7.800000000000001,0.0,144.0,0.0,151.79999999999998
2020-12-13 04:16:00,0.0,0.13,0.0,2.38,0.0,2.51,10.0,0.0,7.800000000000001,0.0,142.79999999999998,0.0,150.6
2020-12-13 04:17:00,0.0,0.13,0.0,2.38,0.0,2.51,10.0,0.0,7.800000000000001,0.0,142.79999999999998,0.0,150.6
2020-12-13 04:18:00,0.0,0.13,0.0,2.37,0.0,2.5,10.0,0.0,7.800000000000001,0.0,142.20000000000002,0.0,150.0
2020-12-13 04:19:00,0.0,0.13,0.0,3.92,0.0,4.05,10.0,0.0,7.800000000000001,0.0,235.2,0.0,243.0
2020-12-13 04:20:00,0.0,0.13,0.0,8.53,0.0,8.66,10.0,0.0,7.800000000000001,0.0,511.79999999999995,0.0,519.6
2020-12-13 04:21:00,0.0,0.13,0.0,7.08,0.0,7.21,10.0,0.0,7.800000000000001,0.0,424.8,0.0,432.6
2020-12-13 04:22:00,0.0,0.13,0.0,2.38,0.0,2.51,10.0,0.0,7.800000000000001,0.0,142.79999999999998,0.0,150.6
2020-12-13 04:23:00,0.0,0.13,0.0,2.38,0.0,2.51,10.0,0.0,7.800000000000001,0.0,142.79999999999998,0.0,150.6
2020-12-13 04:24:00,0.0,0.13,0.0,2.38,0.0,2.51,10.0,0.0,7.800000000000001,0.0,142.79999999999998,0.0,150.6
2020-12-13 04:25:00,0.0,0.13,0.0,2.38,0.0,2.51,10.0,0.0,7.800000000000001,0.0,142.79999999999998,0.0,150.6
2020-12-13 04:26:00,0.0,0.13,0.0,2.38,0.0,2.51,10.0,0.0,7.800000000000001,0.0,142.79999999999998,0.0,150.6
2020-12-13 04:27:00,0.0,0.13,0.0,2.37,0.0,2.5,10.0,0.0,7.800000000000001,0.0,142.20000000000002,0.0,150.0
2020-12-13 04:28:00,0.0,0.13,0.0,2.37,0.0,2.5,10.0,0.0,7.800000000000001,0.0,142.20000000000002,0.0,150.0
2020-12-13 04:29:00,0.0,0.13,0.0,2.35,0.0,2.48,10.0,0.0,7.800000000000001,0.0,141.0,0.0,148.8
2020-12-13 04:30:00,0.0,0.13,0.0,2.35,0.0,2.48,10.0,0.0,7.800000000000001,0.0,141.0,0.0,148.8
2020-12-13 04:31:00,0.0,0.13,0.0,2.37,0.0,2.5,10.0,0.0,7.800000000000001,0.0,142.20000000000002,0.0,150.0
2020-12-13 04:32:00,0.0,0.13,0.0,2.38,0.0,2.51,10.0,0.0,7.800000000000001,0.0,142.79999999999998,0.0,150.6
2020-12-13 04:33:00,0.0,0.13,0.0,2.38,0.0,2.51,10.0,0.0,7.800000000000001,0.0,142.79999999999998,0.0,150.6
2020-12-13 04:34:00,0.0,0.13,0.0,2.38,0.0,2.51,10.0,0.0,7.800000000000001,0.0,142.79999999999998,0.0,150.6
2020-12-13 04:35:00,0.0,0.13,0.0,2.37,0.0,2.5,10.0,0.0,7.800000000000001,0.0,142.20000000000002,0.0,150.0
2020-12-13 04:36:00,0.0,0.13,0.0,2.37,0.0,2.5,10.0,0.0,7.800000000000001,0.0,142.20000000000002,0.0,150.0
2020-12-13 04:37:00,0.0,0.13,0.0,2.37,0.0,2.5,10.0,0.0,7.800000000000001,0.0,142.20000000000002,0.0,150.0
2020-12-13 04:38:00,0.0,0.13,0.0,2.38,0.0,2.51,10.0,0.0,7.800000000000001,0.0,142.79999999999998,0.0,150.6
2020-12-13 04:39:00,0.0,0.13,0.0,2.38,0.0,2.51,10.0,0.0,7.800000000000001,0.0,142.79999999999998,0.0,150.6
2020-12-13 04:40:00,0.0,0.13,0.0,8.3,0.0,8.43,10.0,0.0,7.800000000000001,0.0,498.00000000000006,0.0,505.8
2020-12-13 04:41:00,0.0,0.13,0.0,7.25,0.0,7.38,10.0,0.0,7.800000000000001,0.0,435.0,0.0,442.8
2020-12-13 04:42:00,0.0,0.13,0.0,2.37,0.0,2.5,10.0,0.0,7.800000000000001,0.0,142.20000000000002,0.0,150.0
2020-12-13 04:43:00,0.0,0.13,0.0,2.35,0.0,2.48,10.0,0.0,7.800000000000001,0.0,141.0,0.0,148.8
2020-12-13 04:44:00,0.0,0.13,0.0,2.35,0.0,2.48,10.0,0.0,7.800000000000001,0.0,141.0,0.0,148.8
2020-12-13 04:45:00,0.0,0.13,0.0,2.37,0.0,2.5,10.0,0.0,7.800000000000001,0.0,142.20000000000002,0.0,150.0
2020-12-13 04:46:00,0.0,0.13,0.0,2.35,0.0,2.48,10.0,0.0,7.800000000000001,0.0,141.0,0.0,148.8
2020-12-13 04:47:00,0.0,0.13,0.0,2.37,0.0,2.5,10.0,0.0,7.800000000000001,0.0,142.20000000000002,0.0,150.0
2020-12-13 04:48:00,0.0,0.13,0.0,2.37,0.0,2.5,10.0,0.0,7.800000000000001,0.0,142.20000000000002,0.0,150.0
2020-12-13 04:49:00,0.0,0.13,0.0,2.38,0.0,2.51,10.0,0.0,7.800000000000001,0.0,142.79999999999998,0.0,150.6
2020-12-13 04:50:00,0.0,0.13,0.0,2.38,0.0,2.51,10.0,0.0,7.800000000000001,0.0,142.79999999999998,0.0,150.6
2020-12-13 04:51:00,0.0,0.13,0.0,2.38,0.0,2.51,10.0,0.0,7.800000000000001,0.0,142.79999999999998,0.0,150.6
2020-12-13 04:52:00,0.0,0.13,0.0,2.4,0.0,2.53,10.0,0.0,7.800000000000001,0.0,144.0,0.0,151.79999999999998
2020-12-13 04:53:00,0.0,0.13,0.0,2.4,0.0,2.53,10.0,0.0,7.800000000000001,0.0,144.0,0.0,151.79999999999998
2020-12-13 04:54:00,0.0,0.13,0.0,2.4,0.0,2.53,10.0,0.0,7.800000000000001,0.0,144.0,0.0,151.79999999999998
2020-12-13 04:55:00,0.0,0.13,0.0,2.42,0.0,2.55,10.0,0.0,7.800000000000001,0.0,145.2,0.0,153.0
2020-12-13 04:56:00,0.0,0.13,0.0,2.43,0.0,2.56,10.0,0.0,7.800000000000001,0.0,145.8,0.0,153.6
2020-12-13 04:57:00,0.0,0.13,0.0,2.43,0.0,2.56,10.0,0.0,7.800000000000001,0.0,145.8,0.0,153.6
2020-12-13 04:58:00,0.0,0.13,0.0,4.47,0.0,4.6,10.0,0.0,7.800000000000001,0.0,268.2,0.0,276.0
2020-12-13 04:59:00,0.0,0.13,0.0,8.73,0.0,8.86,10.0,0.0,7.800000000000001,0.0,523.8000000000001,0.0,531.6
2020-12-13 05:00:00,0.0,0.13,0.0,4.43,0.0,4.56,10.0,0.0,7.800000000000001,0.0,265.8,0.0,273.59999999999997
2020-12-13 05:01:00,0.0,0.13,0.0,2.28,0.0,2.41,10.0,0.0,7.800000000000001,0.0,136.79999999999998,0.0,144.60000000000002
2020-12-13 05:02:00,0.0,0.13,0.0,2.43,0.0,2.56,10.0,0.0,7.800000000000001,0.0,145.8,0.0,153.6
2020-12-13 05:03:00,0.0,0.13,0.0,2.43,0.0,2.56,10.0,0.0,7.800000000000001,0.0,145.8,0.0,153.6
2020-12-13 05:04:00,0.0,0.13,0.0,2.42,0.0,2.55,10.0,0.0,7.800000000000001,0.0,145.2,0.0,153.0
2020-12-13 05:05:00,0.0,0.13,0.0,2.42,0.0,2.55,10.0,0.0,7.800000000000001,0.0,145.2,0.0,153.0
2020-12-13 05:06:00,0.0,0.13,0.0,3.62,0.0,3.75,10.0,0.0,7.800000000000001,0.0,217.20000000000002,0.0,225.0
2020-12-13 05:07:00,0.0,0.13,0.0,4.35,0.0,4.48,10.0,0.0,7.800000000000001,0.0,261.0,0.0,268.8
2020-12-13 05:08:00,0.0,0.13,0.0,4.17,0.0,4.3,10.0,0.0,7.800000000000001,0.0,250.2,0.0,258.0
2020-12-13 05:09:00,0.0,0.13,0.0,4.15,0.0,4.28,10.0,0.0,7.800000000000001,0.0,249.00000000000003,0.0,256.8
2020-12-13 05:10:00,0.0,0.13,0.0,4.15,0.0,4.28,10.0,0.0,7.800000000000001,0.0,249.00000000000003,0.0,256.8
2020-12-13 05:11:00,0.0,0.13,0.0,4.15,0.0,4.28,10.0,0.0,7.800000000000001,0.0,249.00000000000003,0.0,256.8
2020-12-13 05:12:00,0.0,0.13,0.0,4.15,0.0,4.28,10.0,0.0,7.800000000000001,0.0,249.00000000000003,0.0,256.8
2020-12-13 05:13:00,0.0,0.13,0.0,4.15,0.0,4.28,10.0,0.0,7.800000000000001,0.0,249.00000000000003,0.0,256.8
2020-12-13 05:14:00,0.0,0.13,0.0,4.13,0.0,4.26,10.0,0.0,7.800000000000001,0.0,247.79999999999998,0.0,255.6
2020-12-13 05:15:00,0.0,0.13,0.0,4.12,0.0,4.25,10.0,0.0,7.800000000000001,0.0,247.20000000000002,0.0,255.0
2020-12-13 05:16:00,0.0,0.13,0.0,8.98,0.0,9.11,10.0,0.0,7.800000000000001,0.0,538.8000000000001,0.0,546.6
2020-12-13 05:17:00,0.0,0.13,0.0,8.87,0.0,9.0,10.0,0.0,7.800000000000001,0.0,532.1999999999999,0.0,540.0
2020-12-13 05:18:00,0.0,0.13,0.0,4.07,0.0,4.2,10.0,0.0,7.800000000000001,0.0,244.20000000000002,0.0,252.0
2020-12-13 05:19:00,0.0,0.13,0.0,4.07,0.0,4.2,10.0,0.0,7.800000000000001,0.0,244.20000000000002,0.0,252.0
2020-12-13 05:20:00,0.0,0.13,0.0,4.05,0.0,4.18,10.0,0.0,7.800000000000001,0.0,243.0,0.0,250.79999999999998
2020-12-13 05:21:00,0.0,0.13,0.0,4.03,0.0,4.16,10.0,0.0,7.800000000000001,0.0,241.8,0.0,249.60000000000002
2020-12-13 05:22:00,0.0,0.13,0.0,4.07,0.0,4.2,10.0,0.0,7.800000000000001,0.0,244.20000000000002,0.0,252.0
2020-12-13 05:23:00,0.0,0.15,0.0,4.07,0.0,4.22,10.0,0.0,9.0,0.0,244.20000000000002,0.0,253.2
2020-12-13 05:24:00,0.0,0.13,0.0,4.08,0.0,4.21,10.0,0.0,7.800000000000001,0.0,244.8,0.0,252.6
2020-12-13 05:25:00,0.0,0.13,0.0,4.07,0.0,4.2,10.0,0.0,7.800000000000001,0.0,244.20000000000002,0.0,252.0
2020-12-13 05:26:00,0.0,0.13,0.0,4.05,0.0,4.18,10.0,0.0,7.800000000000001,0.0,243.0,0.0,250.79999999999998
2020-12-13 05:27:00,0.0,0.15,0.0,4.05,0.0,4.2,10.0,0.0,9.0,0.0,243.0,0.0,252.0
2020-12-13 05:28:00,0.0,0.13,0.0,4.05,0.0,4.18,10.0,0.0,7.800000000000001,0.0,243.0,0.0,250.79999999999998
2020-12-13 05:29:00,0.0,0.13,0.0,4.03,0.0,4.16,10.0,0.0,7.800000000000001,0.0,241.8,0.0,249.60000000000002
2020-12-13 05:30:00,0.0,0.13,0.0,4.02,0.0,4.15,10.0,0.0,7.800000000000001,0.0,241.2,0.0,249.00000000000003
2020-12-13 05:31:00,0.0,18.4,0.0,3.92,0.0,22.32,10.0,0.0,1104.0,0.0,235.2,0.0,1339.2
2020-12-13 05:32:00,0.0,33.33,0.0,3.93,0.0,37.26,10.0,0.0,1999.8,0.0,235.8,0.0,2235.6
2020-12-13 05:33:00,0.0,33.32,0.0,7.02,0.0,40.34,10.0,0.0,1999.2,0.0,421.2,0.0,2420.4
2020-12-13 05:34:00,0.0,33.33,0.0,9.92,0.0,43.25,10.0,0.0,1999.8,0.0,595.2,0.0,2595.0
2020-12-13 05:35:00,0.0,33.33,0.0,4.55,0.0,37.88,10.0,0.0,1999.8,0.0,273.0,0.0,2272.8
2020-12-13 05:36:00,0.0,33.33,0.0,3.95,0.0,37.28,10.0,0.0,1999.8,0.0,237.0,0.0,2236.8
2020-12-13 05:37:00,0.0,33.33,0.0,3.97,0.0,37.3,11.0,0.0,1999.8,0.0,238.20000000000002,0.0,2238.0
2020-12-13 05:38:00,0.0,33.33,0.0,3.97,0.0,37.3,11.0,0.0,1999.8,0.0,238.20000000000002,0.0,2238.0
2020-12-13 05:39:00,0.0,33.32,0.0,3.97,0.0,37.29,11.0,0.0,1999.2,0.0,238.20000000000002,0.0,2237.4
2020-12-13 05:40:00,0.0,33.33,0.0,3.93,0.0,37.26,12.0,0.0,1999.8,0.0,235.8,0.0,2235.6
2020-12-13 05:41:00,0.0,33.32,0.0,3.97,0.0,37.29,12.0,0.0,1999.2,0.0,238.20000000000002,0.0,2237.4
2020-12-13 05:42:00,0.0,33.33,0.0,3.95,0.0,37.28,12.0,0.0,1999.8,0.0,237.0,0.0,2236.8
2020-12-13 05:43:00,0.0,33.33,0.0,3.97,0.0,37.3,13.0,0.0,1999.8,0.0,238.20000000000002,0.0,2238.0
2020-12-13 05:44:00,0.0,33.32,0.0,3.93,0.0,37.25,13.0,0.0,1999.2,0.0,235.8,0.0,2235.0
2020-12-13 05:45:00,0.0,33.33,0.0,3.97,0.0,37.3,13.0,0.0,1999.8,0.0,238.20000000000002,0.0,2238.0
2020-12-13 05:46:00,0.0,33.32,0.0,3.97,0.0,37.29,13.0,0.0,1999.2,0.0,238.20000000000002,0.0,2237.4
2020-12-13 05:47:00,0.0,33.33,0.0,3.97,0.0,37.3,14.0,0.0,1999.8,0.0,238.20000000000002,0.0,2238.0
2020-12-13 05:48:00,0.0,33.33,0.0,3.98,0.0,37.31,14.0,0.0,1999.8,0.0,238.8,0.0,2238.6000000000004
2020-12-13 05:49:00,0.0,33.33,0.0,3.95,0.0,37.28,14.0,0.0,1999.8,0.0,237.0,0.0,2236.8
2020-12-13 05:50:00,0.0,33.33,0.0,3.9,0.0,37.23,15.0,0.0,1999.8,0.0,234.0,0.0,2233.7999999999997
2020-12-13 05:51:00,0.0,33.33,0.0,3.83,0.0,37.16,15.0,0.0,1999.8,0.0,229.8,0.0,2229.6
2020-12-13 05:52:00,0.0,33.33,0.0,3.85,0.0,37.18,15.0,0.0,1999.8,0.0,231.0,0.0,2230.8
2020-12-13 05:53:00,0.0,33.33,0.0,3.87,0.0,37.2,16.0,0.0,1999.8,0.0,232.20000000000002,0.0,2232.0
2020-12-13 05:54:00,0.0,33.33,0.0,8.9,0.0,42.23,16.0,0.0,1999.8,0.0,534.0,0.0,2533.7999999999997
2020-12-13 05:55:00,0.0,33.33,0.0,9.67,0.0,43.0,16.0,0.0,1999.8,0.0,580.2,0.0,2580.0
2020-12-13 05:56:00,0.0,33.33,0.0,3.82,0.0,37.15,16.0,0.0,1999.8,0.0,229.2,0.0,2229.0
2020-12-13 05:57:00,0.0,33.33,0.0,3.88,0.0,37.21,17.0,0.0,1999.8,0.0,232.79999999999998,0.0,2232.6
2020-12-13 05:58:00,0.0,33.33,0.0,3.83,0.0,37.16,17.0,0.0,1999.8,0.0,229.8,0.0,2229.6
2020-12-13 05:59:00,0.0,33.33,0.0,3.9,0.0,37.23,17.0,0.0,1999.8,0.0,234.0,0.0,2233.7999999999997
2020-12-13 06:00:00,0.0,33.33,0.0,3.9,0.0,37.23,18.0,0.0,1999.8,0.0,234.0,0.0,2233.7999999999997
2020-12-13 06:01:00,0.0,33.33,0.0,4.07,0.0,37.4,18.0,0.0,1999.8,0.0,244.20000000000002,0.0,2244.0
2020-12-13 06:02:00,0.0,33.33,0.0,4.02,0.0,37.35,18.0,0.0,1999.8,0.0,241.2,0.0,2241.0
2020-12-13 06:03:00,0.0,33.33,0.0,3.63,0.0,36.96,18.0,0.0,1999.8,0.0,217.79999999999998,0.0,2217.6
2020-12-13 06:04:00,0.0,33.33,0.0,2.48,0.0,35.81,19.0,0.0,1999.8,0.0,148.8,0.0,2148.6000000000004
2020-12-13 06:05:00,0.0,33.33,0.0,2.48,0.0,35.81,19.0,0.0,1999.8,0.0,148.8,0.0,2148.6000000000004
2020-12-13 06:06:00,0.0,33.33,0.0,2.47,0.0,35.8,19.0,0.0,1999.8,0.0,148.20000000000002,0.0,2148.0
2020-12-13 06:07:00,0.0,33.33,0.0,2.48,0.0,35.81,20.0,0.0,1999.8,0.0,148.8,0.0,2148.6000000000004
2020-12-13 06:08:00,0.0,33.33,0.0,2.48,0.0,35.81,20.0,0.0,1999.8,0.0,148.8,0.0,2148.6000000000004
2020-12-13 06:09:00,0.0,33.33,0.0,2.47,0.0,35.8,20.0,0.0,1999.8,0.0,148.20000000000002,0.0,2148.0
2020-12-13 06:10:00,0.0,33.33,0.0,2.38,0.0,35.71,22.0,0.0,1999.8,0.0,142.79999999999998,0.0,2142.6
2020-12-13 06:11:00,0.0,33.35,0.0,2.48,0.0,35.83,22.0,0.0,2001.0,0.0,148.8,0.0,2149.7999999999997
2020-12-13 06:12:00,0.0,33.33,0.0,2.5,0.0,35.83,22.0,0.0,1999.8,0.0,150.0,0.0,2149.7999999999997
2020-12-13 06:13:00,0.0,33.32,0.0,3.05,0.0,36.37,22.0,0.0,1999.2,0.0,183.0,0.0,2182.2
2020-12-13 06:14:00,0.0,33.32,0.0,8.6,0.0,41.92,23.0,0.0,1999.2,0.0,516.0,0.0,2515.2000000000003
2020-12-13 06:15:00,0.0,33.33,0.0,5.98,0.0,39.31,23.0,0.0,1999.8,0.0,358.8,0.0,2358.6000000000004
2020-12-13 06:16:00,0.0,33.33,0.0,2.57,0.0,35.9,23.0,0.0,1999.8,0.0,154.2,0.0,2154.0
2020-12-13 06:17:00,0.0,33.33,0.0,2.48,0.0,35.81,24.0,0.0,1999.8,0.0,148.8,0.0,2148.6000000000004
2020-12-13 06:18:00,0.0,33.33,0.0,2.57,0.0,35.9,24.0,0.0,1999.8,0.0,154.2,0.0,2154.0
2020-12-13 06:19:00,0.0,33.35,0.0,2.5,0.0,35.85,24.0,0.0,2001.0,0.0,150.0,0.0,2151.0
2020-12-13 06:20:00,0.0,33.33,0.0,2.55,0.0,35.88,25.0,0.0,1999.8,0.0,153.0,0.0,2152.8
2020-12-13 06:21:00,0.0,33.33,0.0,2.53,0.0,35.86,25.0,0.0,1999.8,0.0,151.79999999999998,0.0,2151.6
2020-12-13 06:22:00,0.0,33.33,0.0,2.65,0.0,35.98,25.0,0.0,1999.8,0.0,159.0,0.0,2158.7999999999997
2020-12-13 06:23:00,0.0,33.33,0.0,2.5,0.0,35.83,25.0,0.0,1999.8,0.0,150.0,0.0,2149.7999999999997
2020-12-13 06:24:00,0.0,33.33,0.0,2.57,0.0,35.9,26.0,0.0,1999.8,0.0,154.2,0.0,2154.0
2020-12-13 06:25:00,0.0,33.33,0.0,2.65,0.0,35.98,26.0,0.0,1999.8,0.0,159.0,0.0,2158.7999999999997
2020-12-13 06:26:00,0.0,33.32,0.0,2.6,0.0,35.92,26.0,0.0,1999.2,0.0,156.0,0.0,2155.2000000000003
2020-12-13 06:27:00,0.0,33.33,0.0,2.57,0.0,35.9,27.0,0.0,1999.8,0.0,154.2,0.0,2154.0
2020-12-13 06:28:00,0.0,33.33,0.0,2.57,0.0,35.9,27.0,0.0,1999.8,0.0,154.2,0.0,2154.0
2020-12-13 06:29:00,0.0,33.33,0.0,2.58,0.0,35.91,27.0,0.0,1999.8,0.0,154.8,0.0,2154.6
2020-12-13 06:30:00,0.0,33.32,0.0,7.08,0.0,40.4,27.0,0.0,1999.2,0.0,424.8,0.0,2424.0
2020-12-13 06:31:00,0.0,33.35,0.0,7.12,0.0,40.47,28.0,0.0,2001.0,0.0,427.2,0.0,2428.2
2020-12-13 06:32:00,0.0,33.33,0.0,2.52,0.0,35.85,28.0,0.0,1999.8,0.0,151.20000000000002,0.0,2151.0
2020-12-13 06:33:00,0.0,33.33,0.0,2.62,0.0,35.95,28.0,0.0,1999.8,0.0,157.20000000000002,0.0,2157.0
2020-12-13 06:34:00,0.0,33.33,0.0,2.6,0.0,35.93,29.0,0.0,1999.8,0.0,156.0,0.0,2155.8
2020-12-13 06:35:00,0.0,33.32,0.0,2.62,0.0,35.94,29.0,0.0,1999.2,0.0,157.20000000000002,0.0,2156.4
2020-12-13 06:36:00,0.0,33.33,0.0,2.58,0.0,35.91,29.0,0.0,1999.8,0.0,154.8,0.0,2154.6
2020-12-13 06:37:00,0.0,33.33,0.0,2.55,0.0,35.88,30.0,0.0,1999.8,0.0,153.0,0.0,2152.8
2020-12-13 06:38:00,0.0,33.32,0.0,2.57,0.0,35.89,30.0,0.0,1999.2,0.0,154.2,0.0,2153.4
2020-12-13 06:39:00,0.0,33.33,0.0,2.58,0.0,35.91,30.0,0.0,1999.8,0.0,154.8,0.0,2154.6
2020-12-13 06:40:00,0.0,33.35,0.0,2.57,0.0,35.92,30.0,0.0,2001.0,0.0,154.2,0.0,2155.2000000000003
2020-12-13 06:41:00,0.0,33.33,0.0,2.57,0.0,35.9,31.0,0.0,1999.8,0.0,154.2,0.0,2154.0
2020-12-13 06:42:00,0.0,33.33,0.0,2.55,0.0,35.88,31.0,0.0,1999.8,0.0,153.0,0.0,2152.8
2020-12-13 06:43:00,0.0,33.33,0.0,2.55,0.0,35.88,31.0,0.0,1999.8,0.0,153.0,0.0,2152.8
2020-12-13 06:44:00,0.0,33.33,0.0,2.85,0.0,36.18,32.0,0.0,1999.8,0.0,171.0,0.0,2170.8
2020-12-13 06:45:00,0.0,33.32,0.0,3.03,0.0,36.35,32.0,0.0,1999.2,0.0,181.79999999999998,0.0,2181.0
2020-12-13 06:46:00,0.0,33.33,0.0,3.05,0.0,36.38,32.0,0.0,1999.8,0.0,183.0,0.0,2182.8
2020-12-13 06:47:00,0.0,33.33,0.0,3.2,0.0,36.53,33.0,0.0,1999.8,0.0,192.0,0.0,2191.8
2020-12-13 06:48:00,0.0,33.33,0.0,5.22,0.0,38.55,33.0,0.0,1999.8,0.0,313.2,0.0,2313.0
2020-12-13 06:49:00,0.0,33.33,0.0,10.62,0.0,43.95,33.0,0.0,1999.8,0.0,637.1999999999999,0.0,2637.0
2020-12-13 06:50:00,0.0,33.33,0.0,6.93,0.0,40.26,33.0,0.0,1999.8,0.0,415.8,0.0,2415.6
2020-12-13 06:51:00,0.0,33.33,0.0,4.83,0.0,38.16,34.0,0.0,1999.8,0.0,289.8,0.0,2289.6
2020-12-13 06:52:00,0.0,33.33,0.0,4.77,0.0,38.1,34.0,0.0,1999.8,0.0,286.2,0.0,2286.0
2020-12-13 06:53:00,0.0,33.32,0.0,4.85,0.0,38.17,34.0,0.0,1999.2,0.0,291.0,0.0,2290.2000000000003
2020-12-13 06:54:00,0.0,33.32,0.0,6.98,0.0,40.3,35.0,0.0,1999.2,0.0,418.8,0.0,2418.0
2020-12-13 06:55:00,0.0,33.33,0.0,6.5,0.0,39.83,35.0,0.0,1999.8,0.0,390.0,0.0,2389.7999999999997
2020-12-13 06:56:00,0.0,33.33,0.0,8.23,0.0,41.56,35.0,0.0,1999.8,0.0,493.8,0.0,2493.6000000000004
2020-12-13 06:57:00,0.0,33.33,0.0,6.52,0.0,39.85,35.0,0.0,1999.8,0.0,391.2,0.0,2391.0
2020-12-13 06:58:00,0.0,33.33,0.0,5.52,0.0,38.85,37.0,0.0,1999.8,0.0,331.2,0.0,2331.0
2020-12-13 06:59:00,0.0,33.33,0.0,5.35,0.0,38.68,37.0,0.0,1999.8,0.0,321.0,0.0,2320.8
2020-12-13 07:00:00,0.0,33.33,0.0,5.33,0.0,38.66,37.0,0.0,1999.8,0.0,319.8,0.0,2319.6
2020-12-13 07:01:00,0.0,33.33,0.0,5.15,0.0,38.48,38.0,0.0,1999.8,0.0,309.0,0.0,2308.7999999999997
2020-12-13 07:02:00,0.0,33.33,0.0,4.68,0.0,38.01,38.0,0.0,1999.8,0.0,280.8,0.0,2280.6
2020-12-13 07:03:00,0.0,33.35,0.0,5.13,0.0,38.48,38.0,0.0,2001.0,0.0,307.8,0.0,2308.7999999999997
2020-12-13 07:04:00,0.0,33.33,0.0,10.67,0.0,44.0,39.0,0.0,1999.8,0.0,640.2,0.0,2640.0
2020-12-13 07:05:00,0.0,33.33,0.0,8.12,0.0,41.45,39.0,0.0,1999.8,0.0,487.19999999999993,0.0,2487.0
2020-12-13 07:06:00,0.0,33.32,0.0,15.07,0.0,48.39,39.0,0.0,1999.2,0.0,904.2,0.0,2903.4
2020-12-13 07:07:00,0.0,33.33,0.0,15.1,0.0,48.43,39.0,0.0,1999.8,0.0,906.0,0.0,2905.8
2020-12-13 07:08:00,0.0,33.33,0.0,27.23,0.0,60.56,40.0,0.0,1999.8,0.0,1633.8,0.0,3633.6000000000004
2020-12-13 07:09:00,0.0,33.33,0.0,22.2,0.0,55.53,40.0,0.0,1999.8,0.0,1332.0,0.0,3331.8
2020-12-13 07:10:00,0.0,33.33,0.0,13.52,0.0,46.85,40.0,0.0,1999.8,0.0,811.1999999999999,0.0,2811.0
2020-12-13 07:11:00,0.0,33.33,0.0,5.98,0.0,39.31,41.0,0.0,1999.8,0.0,358.8,0.0,2358.6000000000004
2020-12-13 07:12:00,0.0,33.33,0.0,6.0,0.0,39.33,41.0,0.0,1999.8,0.0,360.0,0.0,2359.7999999999997
2020-12-13 07:13:00,0.0,33.33,0.0,6.05,0.0,39.38,41.0,0.0,1999.8,0.0,363.0,0.0,2362.8
2020-12-13 07:14:00,0.0,33.33,0.0,6.05,0.0,39.38,42.0,0.0,1999.8,0.0,363.0,0.0,2362.8
2020-12-13 07:15:00,0.0,33.33,0.0,6.0,0.0,39.33,42.0,0.0,1999.8,0.0,360.0,0.0,2359.7999999999997
2020-12-13 07:16:00,0.0,33.33,0.0,5.88,0.0,39.21,42.0,0.0,1999.8,0.0,352.8,0.0,2352.6
2020-12-13 07:17:00,0.0,33.33,0.0,5.92,0.0,39.25,42.0,0.0,1999.8,0.0,355.2,0.0,2355.0
2020-12-13 07:18:00,0.0,33.33,0.0,5.93,0.0,39.26,43.0,0.0,1999.8,0.0,355.8,0.0,2355.6
2020-12-13 07:19:00,0.0,33.33,0.0,5.85,0.0,39.18,43.0,0.0,1999.8,0.0,351.0,0.0,2350.8
2020-12-13 07:20:00,0.0,33.33,0.0,6.32,0.0,39.65,43.0,0.0,1999.8,0.0,379.20000000000005,0.0,2379.0
2020-12-13 07:21:00,0.0,33.33,0.0,14.5,0.0,47.83,44.0,0.0,1999.8,0.0,870.0,0.0,2869.7999999999997
2020-12-13 07:22:00,0.0,33.33,0.0,23.02,0.0,56.35,44.0,0.0,1999.8,0.0,1381.2,0.0,3381.0
2020-12-13 07:23:00,0.0,33.33,0.0,5.73,0.0,39.06,44.0,0.0,1999.8,0.0,343.8,0.0,2343.6000000000004
2020-12-13 07:24:00,0.0,33.33,0.0,11.95,0.0,45.28,45.0,0.0,1999.8,0.0,717.0,0.0,2716.8
2020-12-13 07:25:00,0.0,33.33,0.0,19.57,0.0,52.9,45.0,0.0,1999.8,0.0,1174.2,0.0,3174.0
2020-12-13 07:26:00,0.0,33.33,0.0,8.67,0.0,42.0,45.0,0.0,1999.8,0.0,520.2,0.0,2520.0
2020-12-13 07:27:00,0.0,33.33,0.0,7.68,0.0,41.01,45.0,0.0,1999.8,0.0,460.8,0.0,2460.6
2020-12-13 07:28:00,0.0,33.33,0.0,6.25,0.0,39.58,46.0,0.0,1999.8,0.0,375.0,0.0,2374.7999999999997
2020-12-13 07:29:00,0.0,33.33,0.0,6.28,0.0,39.61,46.0,0.0,1999.8,0.0,376.8,0.0,2376.6
2020-12-13 07:30:00,0.0,33.32,0.0,6.3,0.0,39.62,46.0,0.0,1999.2,0.0,378.0,0.0,2377.2
2020-12-13 07:31:00,0.0,33.33,0.0,6.25,0.0,39.58,47.0,0.0,1999.8,0.0,375.0,0.0,2374.7999999999997
2020-12-13 07:32:00,0.0,33.33,0.0,6.95,0.0,40.28,47.0,0.0,1999.8,0.0,417.0,0.0,2416.8
2020-12-13 07:33:00,0.0,33.33,0.0,6.27,0.0,39.6,47.0,0.0,1999.8,0.0,376.2,0.0,2376.0
2020-12-13 07:34:00,0.0,33.32,0.0,6.12,0.0,39.44,48.0,0.0,1999.2,0.0,367.2,0.0,2366.4
2020-12-13 07:35:00,0.0,33.33,0.0,11.57,0.0,44.9,48.0,0.0,1999.8,0.0,694.2,0.0,2694.0
2020-12-13 07:36:00,0.0,33.33,0.0,10.63,0.0,43.96,48.0,0.0,1999.8,0.0,637.8000000000001,0.0,2637.6
2020-12-13 07:37:00,0.0,33.33,0.0,6.48,0.0,39.81,48.0,0.0,1999.8,0.0,388.8,0.0,2388.6000000000004
2020-12-13 07:38:00,0.0,33.33,0.0,6.48,0.0,39.81,49.0,0.0,1999.8,0.0,388.8,0.0,2388.6000000000004
2020-12-13 07:39:00,0.0,33.32,0.0,6.48,0.0,39.8,49.0,0.0,1999.2,0.0,388.8,0.0,2388.0
2020-12-13 07:40:00,0.0,33.33,0.0,6.47,0.0,39.8,49.0,0.0,1999.8,0.0,388.2,0.0,2388.0
2020-12-13 07:41:00,0.0,33.33,0.0,6.43,0.0,39.76,51.0,0.0,1999.8,0.0,385.8,0.0,2385.6
2020-12-13 07:42:00,0.0,33.33,0.0,6.42,0.0,39.75,51.0,0.0,1999.8,0.0,385.2,0.0,2385.0
2020-12-13 07:43:00,0.0,33.33,0.0,6.45,0.0,39.78,51.0,0.0,1999.8,0.0,387.0,0.0,2386.8
2020-12-13 07:44:00,0.0,33.33,0.0,6.58,0.0,39.91,52.0,0.0,1999.8,0.0,394.8,0.0,2394.6
2020-12-13 07:45:00,0.0,33.33,0.0,6.42,0.0,39.75,52.0,0.0,1999.8,0.0,385.2,0.0,2385.0
2020-12-13 07:46:00,0.0,33.32,0.0,6.6,0.0,39.92,52.0,0.0,1999.2,0.0,396.0,0.0,2395.2000000000003
2020-12-13 07:47:00,0.0,33.33,0.0,6.98,0.0,40.31,53.0,0.0,1999.8,0.0,418.8,0.0,2418.6000000000004
2020-12-13 07:48:00,0.0,33.32,0.0,11.83,0.0,45.15,53.0,0.0,1999.2,0.0,709.8000000000001,0.0,2709.0
2020-12-13 07:49:00,0.0,33.32,0.0,13.6,0.0,46.92,53.0,0.0,1999.2,0.0,816.0,0.0,2815.2000000000003
2020-12-13 07:50:00,0.0,33.33,0.0,8.03,0.0,41.36,53.0,0.0,1999.8,0.0,481.79999999999995,0.0,2481.6
2020-12-13 07:51:00,0.0,33.33,0.0,8.05,0.0,41.38,54.0,0.0,1999.8,0.0,483.00000000000006,0.0,2482.8
2020-12-13 07:52:00,0.0,33.33,0.0,7.95,0.0,41.28,54.0,0.0,1999.8,0.0,477.0,0.0,2476.8
2020-12-13 07:53:00,0.0,33.35,0.0,8.03,0.0,41.38,54.0,0.0,2001.0,0.0,481.79999999999995,0.0,2482.8
2020-12-13 07:54:00,0.0,33.33,0.0,8.03,0.0,41.36,55.0,0.0,1999.8,0.0,481.79999999999995,0.0,2481.6
2020-12-13 07:55:00,0.0,33.33,0.0,8.17,0.0,41.5,55.0,0.0,1999.8,0.0,490.2,0.0,2490.0
2020-12-13 07:56:00,0.0,33.33,0.0,8.27,0.0,41.6,55.0,0.0,1999.8,0.0,496.2,0.0,2496.0
2020-12-13 07:57:00,0.0,33.32,0.0,8.25,0.0,41.57,56.0,0.0,1999.2,0.0,495.0,0.0,2494.2000000000003
2020-12-13 07:58:00,0.0,33.33,0.0,8.25,0.0,41.58,56.0,0.0,1999.8,0.0,495.0,0.0,2494.7999999999997
2020-12-13 07:59:00,0.0,33.33,0.0,8.23,0.0,41.56,56.0,0.0,1999.8,0.0,493.8,0.0,2493.6000000000004
2020-12-13 08:00:00,0.0,33.33,0.0,8.08,0.0,41.41,56.0,0.0,1999.8,0.0,484.8,0.0,2484.6
2020-12-13 08:01:00,0.0,33.32,0.0,8.08,0.0,41.4,57.0,0.0,1999.2,0.0,484.8,0.0,2484.0
2020-12-13 08:02:00,0.0,33.33,0.0,8.1,0.0,41.43,57.0,0.0,1999.8,0.0,486.0,0.0,2485.8
2020-12-13 08:03:00,0.0,33.33,0.0,8.18,0.0,41.51,57.0,0.0,1999.8,0.0,490.8,0.0,2490.6
2020-12-13 08:04:00,0.0,33.33,0.0,8.15,0.0,41.48,58.0,0.0,1999.8,0.0,489.0,0.0,2488.7999999999997
2020-12-13 08:05:00,0.0,15.65,0.03,9.32,0.0,24.94,59.0,0.0,939.0,1.8,559.2,0.0,1496.4
2020-12-13 08:06:00,9.08,0.0,0.0,10.75,0.0,1.67,59.0,544.8000000000001,0.0,0.0,645.0,0.0,100.2
2020-12-13 08:07:00,14.3,0.0,0.0,14.43,0.0,0.13,59.0,858.0,0.0,0.0,865.8,0.0,7.800000000000001
2020-12-13 08:08:00,11.75,0.0,0.0,11.7,0.0,0.0,58.0,705.0,0.0,0.0,702.0,0.0,0.0
2020-12-13 08:09:00,7.7,0.0,0.0,8.17,0.0,0.47,58.0,462.0,0.0,0.0,490.2,0.0,28.2
2020-12-13 08:10:00,7.62,0.0,0.0,8.17,0.0,0.55,58.0,457.2,0.0,0.0,490.2,0.0,33.0
2020-12-13 08:11:00,7.65,0.0,0.0,8.17,0.0,0.52,58.0,459.0,0.0,0.0,490.2,0.0,31.200000000000003
2020-12-13 08:12:00,7.77,0.0,0.0,8.17,0.0,0.4,58.0,466.2,0.0,0.0,490.2,0.0,24.0
2020-12-13 08:13:00,7.75,0.0,0.0,8.27,0.0,0.52,58.0,465.0,0.0,0.0,496.2,0.0,31.200000000000003
2020-12-13 08:14:00,7.7,0.0,0.0,8.27,0.0,0.57,58.0,462.0,0.0,0.0,496.2,0.0,34.199999999999996
2020-12-13 08:15:00,7.75,0.0,0.0,8.2,0.0,0.45,58.0,465.0,0.0,0.0,491.99999999999994,0.0,27.0
2020-12-13 08:16:00,7.73,0.0,0.0,8.22,0.0,0.49,58.0,463.8,0.0,0.0,493.20000000000005,0.0,29.4
2020-12-13 08:17:00,7.72,0.0,0.0,8.22,0.0,0.5,58.0,463.2,0.0,0.0,493.20000000000005,0.0,30.0
2020-12-13 08:18:00,7.78,0.0,0.0,8.22,0.0,0.44,58.0,466.8,0.0,0.0,493.20000000000005,0.0,26.400000000000002
2020-12-13 08:19:00,7.75,0.0,0.03,8.2,0.0,0.42,58.0,465.0,0.0,1.8,491.99999999999994,0.0,25.2
2020-12-13 08:20:00,11.07,0.0,0.0,11.8,0.0,0.73,57.0,664.2,0.0,0.0,708.0,0.0,43.8
2020-12-13 08:21:00,13.82,0.0,0.0,14.02,0.0,0.2,57.0,829.2,0.0,0.0,841.1999999999999,0.0,12.0
2020-12-13 08:22:00,7.77,0.0,0.0,7.93,0.0,0.16,57.0,466.2,0.0,0.0,475.8,0.0,9.6
2020-12-13 08:23:00,7.85,0.0,0.0,8.28,0.0,0.43,57.0,471.0,0.0,0.0,496.79999999999995,0.0,25.8
2020-12-13 08:24:00,7.88,0.0,0.0,8.35,0.0,0.47,57.0,472.8,0.0,0.0,501.0,0.0,28.2
2020-12-13 08:25:00,7.98,0.0,0.0,8.43,0.0,0.45,57.0,478.8,0.0,0.0,505.8,0.0,27.0
2020-12-13 08:26:00,7.85,0.0,0.0,8.38,0.0,0.53,57.0,471.0,0.0,0.0,502.80000000000007,0.0,31.8
2020-12-13 08:27:00,7.87,0.0,0.0,8.28,0.0,0.41,57.0,472.2,0.0,0.0,496.79999999999995,0.0,24.599999999999998
2020-12-13 08:28:00,7.9,0.0,0.0,8.35,0.0,0.45,57.0,474.0,0.0,0.0,501.0,0.0,27.0
2020-12-13 08:29:00,7.95,0.0,0.0,8.33,0.0,0.38,57.0,477.0,0.0,0.0,499.8,0.0,22.8
2020-12-13 08:30:00,8.03,0.0,0.0,8.47,0.0,0.44,56.0,481.79999999999995,0.0,0.0,508.20000000000005,0.0,26.400000000000002
2020-12-13 08:31:00,7.92,0.0,0.0,8.47,0.0,0.55,56.0,475.2,0.0,0.0,508.20000000000005,0.0,33.0
2020-12-13 08:32:00,7.93,0.0,0.0,8.35,0.0,0.42,56.0,475.8,0.0,0.0,501.0,0.0,25.2
2020-12-13 08:33:00,7.97,0.0,0.0,8.57,0.0,0.6,56.0,478.2,0.0,0.0,514.2,0.0,36.0
2020-12-13 08:34:00,8.07,0.0,0.0,8.52,0.0,0.45,56.0,484.20000000000005,0.0,0.0,511.2,0.0,27.0
2020-12-13 08:35:00,26.18,0.0,0.13,28.83,0.0,2.52,56.0,1570.8,0.0,7.800000000000001,1729.8,0.0,151.20000000000002
2020-12-13 08:36:00,43.47,0.0,0.22,43.42,0.27,0.0,55.0,2608.2,0.0,13.200000000000001,2605.2000000000003,16.200000000000003,0.0
2020-12-13 08:37:00,36.87,0.0,0.18,37.58,0.0,0.53,55.0,2212.2,0.0,10.799999999999999,2254.7999999999997,0.0,31.8
2020-12-13 08:38:00,36.88,0.0,0.17,37.47,0.0,0.42,55.0,2212.8,0.0,10.200000000000001,2248.2,0.0,25.2
2020-12-13 08:39:00,37.28,0.0,0.17,37.57,0.0,0.12,54.0,2236.8,0.0,10.200000000000001,2254.2000000000003,0.0,7.2
2020-12-13 08:40:00,36.65,0.0,0.15,37.23,0.0,0.43,54.0,2199.0,0.0,9.0,2233.7999999999997,0.0,25.8
2020-12-13 08:41:00,36.82,0.0,0.15,37.37,0.0,0.4,53.0,2209.2000000000003,0.0,9.0,2242.2,0.0,24.0
2020-12-13 08:42:00,36.68,0.0,0.15,37.3,0.0,0.47,53.0,2200.8,0.0,9.0,2238.0,0.0,28.2
2020-12-13 08:43:00,29.08,0.0,0.15,31.55,0.0,2.32,53.0,1744.8,0.0,9.0,1893.0,0.0,139.2
2020-12-13 08:44:00,24.53,0.0,0.1,25.08,0.0,0.45,52.0,1471.8000000000002,0.0,6.0,1504.8,0.0,27.0
2020-12-13 08:45:00,24.47,0.0,0.08,25.07,0.0,0.52,52.0,1468.2,0.0,4.8,1504.2,0.0,31.200000000000003
2020-12-13 08:46:00,24.52,0.0,0.08,24.93,0.0,0.33,52.0,1471.2,0.0,4.8,1495.8,0.0,19.8
2020-12-13 08:47:00,24.5,0.0,0.1,25.0,0.0,0.4,52.0,1470.0,0.0,6.0,1500.0,0.0,24.0
2020-12-13 08:48:00,24.75,0.0,0.1,25.28,0.0,0.43,51.0,1485.0,0.0,6.0,1516.8000000000002,0.0,25.8
2020-12-13 08:49:00,24.33,0.0,0.12,23.08,1.37,0.0,51.0,1459.8,0.0,7.2,1384.8,82.2,0.0
2020-12-13 08:50:00,11.6,0.0,0.22,15.58,0.0,3.76,51.0,696.0,0.0,13.200000000000001,934.8000000000001,0.0,225.6
2020-12-13 08:51:00,15.3,0.0,0.0,14.93,0.0,0.0,51.0,918.0,0.0,0.0,895.8,0.0,0.0
2020-12-13 08:52:00,9.65,0.0,0.0,10.2,0.0,0.55,51.0,579.0,0.0,0.0,612.0,0.0,33.0
2020-12-13 08:53:00,10.57,0.0,0.0,11.05,0.0,0.48,49.0,634.2,0.0,0.0,663.0,0.0,28.8
2020-12-13 08:54:00,10.92,0.0,0.0,11.35,0.0,0.43,49.0,655.2,0.0,0.0,681.0,0.0,25.8
2020-12-13 08:55:00,10.82,0.0,0.0,11.3,0.0,0.48,49.0,649.2,0.0,0.0,678.0,0.0,28.8
2020-12-13 08:56:00,11.12,0.0,0.0,11.48,0.0,0.36,49.0,667.1999999999999,0.0,0.0,688.8000000000001,0.0,21.599999999999998
2020-12-13 08:57:00,11.22,0.0,0.0,11.72,0.0,0.5,49.0,673.2,0.0,0.0,703.2,0.0,30.0
2020-12-13 08:58:00,11.28,0.0,0.0,11.72,0.0,0.44,49.0,676.8,0.0,0.0,703.2,0.0,26.400000000000002
2020-12-13 08:59:00,11.23,0.0,0.0,11.67,0.0,0.44,49.0,673.8000000000001,0.0,0.0,700.2,0.0,26.400000000000002
2020-12-13 09:00:00,11.23,0.0,0.0,11.75,0.0,0.52,49.0,673.8000000000001,0.0,0.0,705.0,0.0,31.200000000000003
2020-12-13 09:01:00,11.23,0.0,0.0,11.72,0.0,0.49,48.0,673.8000000000001,0.0,0.0,703.2,0.0,29.4
2020-12-13 09:02:00,11.2,0.0,0.0,11.72,0.0,0.52,48.0,672.0,0.0,0.0,703.2,0.0,31.200000000000003
2020-12-13 09:03:00,11.25,0.0,0.0,11.7,0.0,0.45,48.0,675.0,0.0,0.0,702.0,0.0,27.0
2020-12-13 09:04:00,11.02,0.0,0.0,11.53,0.0,0.51,48.0,661.1999999999999,0.0,0.0,691.8,0.0,30.6
2020-12-13 09:05:00,16.3,0.0,0.05,17.17,0.0,0.82,48.0,978.0,0.0,3.0,1030.2,0.0,49.199999999999996
2020-12-13 09:06:00,15.87,0.0,0.0,15.85,0.0,0.0,48.0,952.1999999999999,0.0,0.0,951.0,0.0,0.0
2020-12-13 09:07:00,11.22,0.0,0.0,11.67,0.0,0.45,48.0,673.2,0.0,0.0,700.2,0.0,27.0
2020-12-13 09:08:00,11.2,0.0,0.0,11.67,0.0,0.47,47.0,672.0,0.0,0.0,700.2,0.0,28.2
2020-12-13 09:09:00,10.75,0.0,0.0,11.6,0.0,0.85,47.0,645.0,0.0,0.0,696.0,0.0,51.0
2020-12-13 09:10:00,11.08,0.0,0.0,11.65,0.0,0.57,47.0,664.8000000000001,0.0,0.0,699.0,0.0,34.199999999999996
2020-12-13 09:11:00,11.08,0.0,0.0,11.58,0.0,0.5,47.0,664.8000000000001,0.0,0.0,694.8000000000001,0.0,30.0
2020-12-13 09:12:00,10.95,0.0,0.0,11.47,0.0,0.52,47.0,657.0,0.0,0.0,688.2,0.0,31.200000000000003
2020-12-13 09:13:00,11.0,0.0,0.0,11.48,0.0,0.48,47.0,660.0,0.0,0.0,688.8000000000001,0.0,28.8
2020-12-13 09:14:00,11.27,0.0,0.0,11.53,0.0,0.26,47.0,676.1999999999999,0.0,0.0,691.8,0.0,15.600000000000001
2020-12-13 09:15:00,10.88,0.0,0.13,11.48,0.0,0.47,47.0,652.8000000000001,0.0,7.800000000000001,688.8000000000001,0.0,28.2
2020-12-13 09:16:00,10.9,0.0,0.15,11.55,0.0,0.5,46.0,654.0,0.0,9.0,693.0,0.0,30.0
2020-12-13 09:17:00,11.12,0.0,0.08,11.55,0.0,0.35,46.0,667.1999999999999,0.0,4.8,693.0,0.0,21.0
2020-12-13 09:18:00,11.07,0.0,0.1,11.52,0.0,0.35,46.0,664.2,0.0,6.0,691.1999999999999,0.0,21.0
2020-12-13 09:19:00,10.98,0.0,0.13,11.72,0.0,0.61,46.0,658.8000000000001,0.0,7.800000000000001,703.2,0.0,36.6
2020-12-13 09:20:00,11.42,0.0,0.1,11.95,0.0,0.43,46.0,685.2,0.0,6.0,717.0,0.0,25.8
2020-12-13 09:21:00,11.37,0.0,0.05,11.85,0.0,0.43,46.0,682.1999999999999,0.0,3.0,711.0,0.0,25.8
2020-12-13 09:22:00,11.23,0.0,0.05,11.73,0.0,0.45,46.0,673.8000000000001,0.0,3.0,703.8000000000001,0.0,27.0
2020-12-13 09:23:00,11.82,0.0,0.0,13.7,0.0,1.88,46.0,709.2,0.0,0.0,822.0,0.0,112.8
2020-12-13 09:24:00,17.6,0.0,0.0,18.17,0.0,0.57,45.0,1056.0,0.0,0.0,1090.2,0.0,34.199999999999996
2020-12-13 09:25:00,15.03,0.0,0.0,14.9,0.0,0.0,45.0,901.8,0.0,0.0,894.0,0.0,0.0
2020-12-13 09:26:00,11.22,0.0,0.07,11.63,0.0,0.34,45.0,673.2,0.0,4.2,697.8000000000001,0.0,20.400000000000002
2020-12-13 09:27:00,11.07,0.0,0.0,11.67,0.0,0.6,45.0,664.2,0.0,0.0,700.2,0.0,36.0
2020-12-13 09:28:00,11.58,0.0,0.0,12.05,0.0,0.47,45.0,694.8000000000001,0.0,0.0,723.0,0.0,28.2
2020-12-13 09:29:00,11.37,0.0,0.0,11.77,0.0,0.4,45.0,682.1999999999999,0.0,0.0,706.1999999999999,0.0,24.0
2020-12-13 09:30:00,11.07,0.0,0.0,11.6,0.0,0.53,45.0,664.2,0.0,0.0,696.0,0.0,31.8
2020-12-13 09:31:00,11.62,0.0,0.05,12.1,0.0,0.43,44.0,697.1999999999999,0.0,3.0,726.0,0.0,25.8
2020-12-13 09:32:00,11.47,0.0,0.12,11.9,0.0,0.31,44.0,688.2,0.0,7.2,714.0,0.0,18.6
2020-12-13 09:33:00,11.18,0.0,0.2,12.03,0.0,0.65,44.0,670.8,0.0,12.0,721.8,0.0,39.0
2020-12-13 09:34:00,11.35,0.0,0.23,12.15,0.0,0.57,44.0,681.0,0.0,13.8,729.0,0.0,34.199999999999996
2020-12-13 09:35:00,11.48,0.0,0.22,12.15,0.0,0.45,44.0,688.8000000000001,0.0,13.200000000000001,729.0,0.0,27.0
2020-12-13 09:36:00,11.6,0.0,0.13,12.2,0.0,0.47,44.0,696.0,0.0,7.800000000000001,732.0,0.0,28.2
2020-12-13 09:37:00,11.53,0.0,0.13,12.08,0.0,0.42,44.0,691.8,0.0,7.800000000000001,724.8000000000001,0.0,25.2
2020-12-13 09:38:00,11.55,0.0,0.12,12.0,0.0,0.33,44.0,693.0,0.0,7.2,720.0,0.0,19.8
2020-12-13 09:39:00,16.87,0.0,0.22,18.67,0.0,1.58,43.0,1012.2,0.0,13.200000000000001,1120.2,0.0,94.80000000000001
2020-12-13 09:40:00,15.95,0.0,0.25,16.3,0.0,0.1,43.0,957.0,0.0,15.0,978.0,0.0,6.0
2020-12-13 09:41:00,11.13,0.0,0.2,11.92,0.0,0.59,43.0,667.8000000000001,0.0,12.0,715.2,0.0,35.4
2020-12-13 09:42:00,11.13,0.0,0.15,11.83,0.0,0.55,43.0,667.8000000000001,0.0,9.0,709.8000000000001,0.0,33.0
2020-12-13 09:43:00,11.33,0.0,0.17,11.97,0.0,0.47,43.0,679.8000000000001,0.0,10.200000000000001,718.2,0.0,28.2
2020-12-13 09:44:00,11.22,0.0,0.17,11.97,0.0,0.58,43.0,673.2,0.0,10.200000000000001,718.2,0.0,34.8
2020-12-13 09:45:00,11.33,0.0,0.13,11.92,0.0,0.46,43.0,679.8000000000001,0.0,7.800000000000001,715.2,0.0,27.6
2020-12-13 09:46:00,11.5,0.0,0.13,12.03,0.0,0.4,42.0,690.0,0.0,7.800000000000001,721.8,0.0,24.0
2020-12-13 09:47:00,11.22,0.0,0.25,11.85,0.0,0.38,42.0,673.2,0.0,15.0,711.0,0.0,22.8
2020-12-13 09:48:00,11.1,0.0,0.33,12.02,0.0,0.59,42.0,666.0,0.0,19.8,721.1999999999999,0.0,35.4
2020-12-13 09:49:00,11.1,0.0,0.43,12.1,0.0,0.57,42.0,666.0,0.0,25.8,726.0,0.0,34.199999999999996
2020-12-13 09:50:00,11.03,0.0,0.52,12.03,0.0,0.48,42.0,661.8,0.0,31.200000000000003,721.8,0.0,28.8
2020-12-13 09:51:00,11.2,0.0,0.53,11.95,0.0,0.22,42.0,672.0,0.0,31.8,717.0,0.0,13.200000000000001
2020-12-13 09:52:00,10.3,0.0,0.55,11.3,0.0,0.45,42.0,618.0,0.0,33.0,678.0,0.0,27.0
2020-12-13 09:53:00,11.2,0.0,0.63,13.07,0.0,1.24,42.0,672.0,0.0,37.800000000000004,784.2,0.0,74.4
2020-12-13 09:54:00,15.2,0.0,0.75,16.37,0.0,0.42,41.0,912.0,0.0,45.0,982.2,0.0,25.2
2020-12-13 09:55:00,10.18,0.0,0.73,11.13,0.0,0.22,41.0,610.8,0.0,43.8,667.8000000000001,0.0,13.200000000000001
2020-12-13 09:56:00,8.92,0.0,0.75,10.17,0.0,0.5,41.0,535.2,0.0,45.0,610.2,0.0,30.0
2020-12-13 09:57:00,8.87,0.0,0.72,10.22,0.0,0.63,41.0,532.1999999999999,0.0,43.199999999999996,613.2,0.0,37.800000000000004
2020-12-13 09:58:00,9.18,0.0,0.72,10.32,0.0,0.42,41.0,550.8,0.0,43.199999999999996,619.2,0.0,25.2
2020-12-13 09:59:00,8.93,0.0,0.73,10.12,0.0,0.46,41.0,535.8,0.0,43.8,607.1999999999999,0.0,27.6
2020-12-13 10:00:00,9.25,0.0,0.75,10.4,0.0,0.4,41.0,555.0,0.0,45.0,624.0,0.0,24.0
2020-12-13 10:01:00,9.12,0.0,0.73,10.37,0.0,0.52,41.0,547.1999999999999,0.0,43.8,622.1999999999999,0.0,31.200000000000003
2020-12-13 10:02:00,9.18,0.0,0.82,10.48,0.0,0.48,41.0,550.8,0.0,49.199999999999996,628.8000000000001,0.0,28.8
2020-12-13 10:03:00,9.23,0.0,0.72,10.32,0.0,0.37,40.0,553.8000000000001,0.0,43.199999999999996,619.2,0.0,22.2
2020-12-13 10:04:00,8.98,0.0,0.8,10.25,0.0,0.47,40.0,538.8000000000001,0.0,48.0,615.0,0.0,28.2
2020-12-13 10:05:00,9.08,0.0,0.82,10.37,0.0,0.47,40.0,544.8000000000001,0.0,49.199999999999996,622.1999999999999,0.0,28.2
2020-12-13 10:06:00,9.15,0.0,0.8,10.4,0.0,0.45,40.0,549.0,0.0,48.0,624.0,0.0,27.0
2020-12-13 10:07:00,9.1,0.0,0.8,10.32,0.0,0.42,40.0,546.0,0.0,48.0,619.2,0.0,25.2
2020-12-13 10:08:00,9.3,0.0,0.8,11.12,0.0,1.02,40.0,558.0,0.0,48.0,667.1999999999999,0.0,61.2
2020-12-13 10:09:00,15.35,0.0,0.83,16.65,0.0,0.47,40.0,921.0,0.0,49.8,998.9999999999999,0.0,28.2
2020-12-13 10:10:00,13.32,0.0,0.83,14.3,0.0,0.15,40.0,799.2,0.0,49.8,858.0,0.0,9.0
2020-12-13 10:11:00,9.18,0.0,0.85,10.4,0.0,0.37,40.0,550.8,0.0,51.0,624.0,0.0,22.2
2020-12-13 10:12:00,8.82,0.0,0.97,10.35,0.0,0.56,39.0,529.2,0.0,58.199999999999996,621.0,0.0,33.6
2020-12-13 10:13:00,9.2,0.0,1.0,10.47,0.0,0.27,39.0,552.0,0.0,60.0,628.2,0.0,16.200000000000003
2020-12-13 10:14:00,8.58,0.0,1.33,10.32,0.0,0.41,39.0,514.8000000000001,0.0,79.80000000000001,619.2,0.0,24.599999999999998
2020-12-13 10:15:00,8.4,0.0,1.55,10.52,0.0,0.57,39.0,504.0,0.0,93.0,631.1999999999999,0.0,34.199999999999996
2020-12-13 10:16:00,8.35,0.0,1.62,10.52,0.0,0.55,39.0,501.0,0.0,97.2,631.1999999999999,0.0,33.0
2020-12-13 10:17:00,8.38,0.0,1.77,10.53,0.0,0.38,39.0,502.80000000000007,0.0,106.2,631.8,0.0,22.8
2020-12-13 10:18:00,8.12,0.0,1.9,11.92,0.0,1.9,39.0,487.19999999999993,0.0,114.0,715.2,0.0,114.0
2020-12-13 10:19:00,29.33,0.0,2.43,32.83,0.0,1.07,39.0,1759.8,0.0,145.8,1969.8,0.0,64.2
2020-12-13 10:20:00,15.48,0.0,2.88,15.12,3.24,0.0,38.0,928.8000000000001,0.0,172.79999999999998,907.1999999999999,194.4,0.0
2020-12-13 10:21:00,7.72,0.0,2.77,10.55,0.0,0.06,38.0,463.2,0.0,166.20000000000002,633.0,0.0,3.6
2020-12-13 10:22:00,10.53,0.0,3.0,14.75,0.0,1.22,38.0,631.8,0.0,180.0,885.0,0.0,73.2
2020-12-13 10:23:00,13.2,0.0,2.52,15.4,0.32,0.0,38.0,792.0,0.0,151.20000000000002,924.0,19.2,0.0
2020-12-13 10:24:00,8.05,0.0,2.17,10.52,0.0,0.3,38.0,483.00000000000006,0.0,130.2,631.1999999999999,0.0,18.0
2020-12-13 10:25:00,7.3,0.0,2.3,10.33,0.0,0.73,38.0,438.0,0.0,138.0,619.8000000000001,0.0,43.8
2020-12-13 10:26:00,7.77,0.0,2.3,10.47,0.0,0.4,38.0,466.2,0.0,138.0,628.2,0.0,24.0
2020-12-13 10:27:00,7.85,0.0,2.3,10.7,0.0,0.55,38.0,471.0,0.0,138.0,642.0,0.0,33.0
2020-12-13 10:28:00,7.97,0.0,2.12,10.63,0.0,0.54,38.0,478.2,0.0,127.2,637.8000000000001,0.0,32.400000000000006
2020-12-13 10:29:00,8.18,0.0,1.92,10.52,0.0,0.42,37.0,490.8,0.0,115.2,631.1999999999999,0.0,25.2
2020-12-13 10:30:00,7.88,0.0,2.03,10.42,0.0,0.51,37.0,472.8,0.0,121.79999999999998,625.2,0.0,30.6
2020-12-13 10:31:00,8.43,0.0,1.72,10.55,0.0,0.4,37.0,505.8,0.0,103.2,633.0,0.0,24.0
2020-12-13 10:32:00,7.83,0.0,1.93,10.28,0.0,0.52,37.0,469.8,0.0,115.8,616.8,0.0,31.200000000000003
2020-12-13 10:33:00,8.22,0.0,1.85,10.45,0.0,0.38,37.0,493.20000000000005,0.0,111.0,627.0,0.0,22.8
2020-12-13 10:34:00,8.47,0.0,1.87,10.63,0.0,0.29,37.0,508.20000000000005,0.0,112.2,637.8000000000001,0.0,17.4
2020-12-13 10:35:00,7.57,0.0,2.3,10.42,0.0,0.55,37.0,454.20000000000005,0.0,138.0,625.2,0.0,33.0
2020-12-13 10:36:00,7.62,0.0,2.28,10.53,0.0,0.63,37.0,457.2,0.0,136.79999999999998,631.8,0.0,37.800000000000004
2020-12-13 10:37:00,13.22,0.0,2.35,16.62,0.0,1.05,37.0,793.2,0.0,141.0,997.2,0.0,63.0
2020-12-13 10:38:00,11.38,0.0,2.35,13.93,0.0,0.2,37.0,682.8000000000001,0.0,141.0,835.8,0.0,12.0
2020-12-13 10:39:00,7.88,0.0,2.23,10.58,0.0,0.47,35.0,472.8,0.0,133.8,634.8000000000001,0.0,28.2
2020-12-13 10:40:00,8.0,0.0,1.93,10.63,0.0,0.7,35.0,480.0,0.0,115.8,637.8000000000001,0.0,42.0
2020-12-13 10:41:00,8.57,0.0,1.47,10.53,0.0,0.49,35.0,514.2,0.0,88.2,631.8,0.0,29.4
2020-12-13 10:42:00,8.38,0.0,1.63,10.5,0.0,0.49,35.0,502.80000000000007,0.0,97.8,630.0,0.0,29.4
2020-12-13 10:43:00,8.22,0.0,1.85,10.45,0.0,0.38,35.0,493.20000000000005,0.0,111.0,627.0,0.0,22.8
2020-12-13 10:44:00,8.12,0.0,1.7,10.12,0.0,0.3,35.0,487.19999999999993,0.0,102.0,607.1999999999999,0.0,18.0
2020-12-13 10:45:00,13.42,0.0,1.93,18.2,0.0,2.85,35.0,805.2,0.0,115.8,1092.0,0.0,171.0
2020-12-13 10:46:00,41.78,0.0,2.55,44.53,0.0,0.2,34.0,2506.8,0.0,153.0,2671.8,0.0,12.0
2020-12-13 10:47:00,42.42,0.0,2.02,44.92,0.0,0.48,34.0,2545.2000000000003,0.0,121.2,2695.2000000000003,0.0,28.8
2020-12-13 10:48:00,43.23,0.0,1.65,45.28,0.0,0.4,33.0,2593.7999999999997,0.0,99.0,2716.8,0.0,24.0
2020-12-13 10:49:00,43.48,0.0,1.3,45.2,0.0,0.42,33.0,2608.7999999999997,0.0,78.0,2712.0,0.0,25.2
2020-12-13 10:50:00,43.48,0.0,1.47,45.23,0.0,0.28,33.0,2608.7999999999997,0.0,88.2,2713.7999999999997,0.0,16.8
2020-12-13 10:51:00,43.57,0.0,1.28,45.73,0.0,0.88,32.0,2614.2000000000003,0.0,76.8,2743.7999999999997,0.0,52.800000000000004
2020-12-13 10:52:00,49.82,0.0,1.3,52.0,0.0,0.88,31.0,2989.2000000000003,0.0,78.0,3120.0,0.0,52.800000000000004
2020-12-13 10:53:00,46.93,0.0,1.67,48.8,0.0,0.2,31.0,2815.8,0.0,100.2,2928.0,0.0,12.0
2020-12-13 10:54:00,43.87,0.0,1.4,45.47,0.0,0.2,30.0,2632.2,0.0,84.0,2728.2,0.0,12.0
2020-12-13 10:55:00,43.25,0.0,1.82,45.45,0.0,0.38,30.0,2595.0,0.0,109.2,2727.0,0.0,22.8
2020-12-13 10:56:00,42.78,0.0,1.67,45.03,0.0,0.58,30.0,2566.8,0.0,100.2,2701.8,0.0,34.8
2020-12-13 10:57:00,42.88,0.0,1.77,45.07,0.0,0.42,29.0,2572.8,0.0,106.2,2704.2000000000003,0.0,25.2
2020-12-13 10:58:00,42.55,0.0,1.58,44.55,0.0,0.42,29.0,2553.0,0.0,94.80000000000001,2673.0,0.0,25.2
2020-12-13 10:59:00,42.72,0.0,1.65,44.75,0.0,0.38,28.0,2563.2,0.0,99.0,2685.0,0.0,22.8
2020-12-13 11:00:00,42.88,0.0,1.32,44.75,0.0,0.55,28.0,2572.8,0.0,79.2,2685.0,0.0,33.0
2020-12-13 11:01:00,44.28,0.0,0.6,45.32,0.0,0.44,27.0,2656.8,0.0,36.0,2719.2000000000003,0.0,26.400000000000002
2020-12-13 11:02:00,44.57,0.0,0.57,45.6,0.0,0.46,27.0,2674.2000000000003,0.0,34.199999999999996,2736.0,0.0,27.6
2020-12-13 11:03:00,48.87,0.0,0.6,50.73,0.0,1.26,26.0,2932.2,0.0,36.0,3043.7999999999997,0.0,75.60000000000001
2020-12-13 11:04:00,51.53,0.0,0.92,52.75,0.0,0.3,26.0,3091.8,0.0,55.2,3165.0,0.0,18.0
2020-12-13 11:05:00,50.28,0.0,1.78,52.45,0.0,0.39,25.0,3016.8,0.0,106.8,3147.0,0.0,23.400000000000002
2020-12-13 11:06:00,49.12,0.0,1.63,51.13,0.0,0.38,24.0,2947.2,0.0,97.8,3067.8,0.0,22.8
2020-12-13 11:07:00,46.93,0.0,2.12,48.38,0.67,0.0,24.0,2815.8,0.0,127.2,2902.8,40.2,0.0
2020-12-13 11:08:00,41.48,0.0,2.43,44.38,0.0,0.47,23.0,2488.7999999999997,0.0,145.8,2662.8,0.0,28.2
2020-12-13 11:09:00,42.32,0.0,2.02,44.78,0.0,0.44,23.0,2539.2000000000003,0.0,121.2,2686.8,0.0,26.400000000000002
2020-12-13 11:10:00,42.77,0.0,1.85,45.0,0.0,0.38,23.0,2566.2000000000003,0.0,111.0,2700.0,0.0,22.8
2020-12-13 11:11:00,44.03,0.0,1.15,45.62,0.0,0.44,22.0,2641.8,0.0,69.0,2737.2,0.0,26.400000000000002
2020-12-13 11:12:00,43.85,0.0,1.03,45.28,0.0,0.4,22.0,2631.0,0.0,61.800000000000004,2716.8,0.0,24.0
2020-12-13 11:13:00,43.23,0.0,1.52,45.22,0.0,0.47,20.0,2593.7999999999997,0.0,91.2,2713.2,0.0,28.2
2020-12-13 11:14:00,44.3,0.0,1.33,45.73,0.0,0.1,20.0,2658.0,0.0,79.80000000000001,2743.7999999999997,0.0,6.0
2020-12-13 11:15:00,43.87,0.0,1.27,45.3,0.0,0.16,19.0,2632.2,0.0,76.2,2718.0,0.0,9.6
2020-12-13 11:16:00,42.37,0.0,2.43,45.27,0.0,0.47,19.0,2542.2,0.0,145.8,2716.2000000000003,0.0,28.2
2020-12-13 11:17:00,41.45,0.0,3.6,45.65,0.0,0.6,18.0,2487.0,0.0,216.0,2739.0,0.0,36.0
2020-12-13 11:18:00,41.5,0.0,4.15,46.13,0.0,0.48,18.0,2490.0,0.0,249.00000000000003,2767.8,0.0,28.8
2020-12-13 11:19:00,40.3,0.0,4.93,45.77,0.0,0.54,17.0,2418.0,0.0,295.8,2746.2000000000003,0.0,32.400000000000006
2020-12-13 11:20:00,40.67,0.0,6.0,47.8,0.0,1.13,17.0,2440.2000000000003,0.0,360.0,2868.0,0.0,67.8
2020-12-13 11:21:00,46.45,0.0,5.23,52.1,0.0,0.42,16.0,2787.0,0.0,313.8,3126.0,0.0,25.2
2020-12-13 11:22:00,44.13,0.0,3.97,48.08,0.02,0.0,16.0,2647.8,0.0,238.20000000000002,2884.7999999999997,1.2,0.0
2020-12-13 11:23:00,42.25,0.0,3.12,45.72,0.0,0.35,15.0,2535.0,0.0,187.20000000000002,2743.2,0.0,21.0
2020-12-13 11:24:00,43.25,0.0,2.53,45.7,0.08,0.0,15.0,2595.0,0.0,151.79999999999998,2742.0,4.8,0.0
2020-12-13 11:25:00,41.67,0.0,2.85,44.83,0.0,0.31,14.0,2500.2000000000003,0.0,171.0,2689.7999999999997,0.0,18.6
2020-12-13 11:26:00,41.03,0.0,2.7,43.9,0.0,0.17,14.0,2461.8,0.0,162.0,2634.0,0.0,10.200000000000001
2020-12-13 11:27:00,39.58,0.0,2.38,42.22,0.0,0.26,13.0,2374.7999999999997,0.0,142.79999999999998,2533.2,0.0,15.600000000000001
2020-12-13 11:28:00,39.47,0.0,1.95,41.9,0.0,0.48,13.0,2368.2,0.0,117.0,2514.0,0.0,28.8
2020-12-13 11:29:00,40.32,0.0,1.42,41.88,0.0,0.14,13.0,2419.2000000000003,0.0,85.2,2512.8,0.0,8.4
2020-12-13 11:30:00,39.87,0.0,1.02,41.23,0.0,0.34,12.0,2392.2,0.0,61.2,2473.7999999999997,0.0,20.400000000000002
2020-12-13 11:31:00,39.95,0.0,1.05,41.58,0.0,0.58,12.0,2397.0,0.0,63.0,2494.7999999999997,0.0,34.8
2020-12-13 11:32:00,40.58,0.0,1.32,42.45,0.0,0.55,11.0,2434.7999999999997,0.0,79.2,2547.0,0.0,33.0
2020-12-13 11:33:00,45.12,0.0,1.58,43.23,3.47,0.0,11.0,2707.2,0.0,94.80000000000001,2593.7999999999997,208.20000000000002,0.0
2020-12-13 11:34:00,51.87,0.0,1.53,43.38,10.02,0.0,10.0,3112.2,0.0,91.8,2602.8,601.1999999999999,0.0
2020-12-13 11:35:00,51.78,0.0,1.98,43.68,10.08,0.0,10.0,3106.8,0.0,118.8,2620.8,604.8000000000001,0.0
2020-12-13 11:36:00,51.8,0.0,2.17,43.8,10.17,0.0,9.0,3108.0,0.0,130.2,2628.0,610.2,0.0
2020-12-13 11:37:00,51.8,0.0,2.32,46.6,7.52,0.0,8.0,3108.0,0.0,139.2,2796.0,451.2,0.0
2020-12-13 11:38:00,51.82,0.0,2.35,48.95,5.22,0.0,8.0,3109.2000000000003,0.0,141.0,2937.0,313.2,0.0
2020-12-13 11:39:00,7.47,0.0,1.5,51.33,0.0,42.36,8.0,448.2,0.0,90.0,3079.7999999999997,0.0,2541.6
2020-12-13 11:40:00,0.0,0.0,1.05,52.35,0.0,51.3,8.0,0.0,0.0,63.0,3141.0,0.0,3078.0
2020-12-13 11:41:00,0.0,0.0,1.05,52.28,0.0,51.23,8.0,0.0,0.0,63.0,3136.8,0.0,3073.7999999999997
2020-12-13 11:42:00,0.0,0.0,1.12,52.2,0.0,51.08,8.0,0.0,0.0,67.2,3132.0,0.0,3064.7999999999997
2020-12-13 11:43:00,0.0,0.0,1.15,51.63,0.0,50.48,8.0,0.0,0.0,69.0,3097.8,0.0,3028.7999999999997
2020-12-13 11:44:00,0.0,0.0,1.07,51.42,0.0,50.35,8.0,0.0,0.0,64.2,3085.2000000000003,0.0,3021.0
2020-12-13 11:45:00,0.0,0.0,1.07,35.05,0.0,33.98,8.0,0.0,0.0,64.2,2103.0,0.0,2038.7999999999997
2020-12-13 11:46:00,0.0,0.0,1.0,5.67,0.0,4.67,8.0,0.0,0.0,60.0,340.2,0.0,280.2
2020-12-13 11:47:00,0.0,0.0,1.02,91.67,0.0,90.65,8.0,0.0,0.0,61.2,5500.2,0.0,5439.0
2020-12-13 11:48:00,0.0,0.0,1.1,154.08,0.0,152.98,8.0,0.0,0.0,66.0,9244.800000000001,0.0,9178.8
2020-12-13 11:49:00,0.0,0.0,1.38,174.98,0.0,173.6,8.0,0.0,0.0,82.8,10498.8,0.0,10416.0
2020-12-13 11:50:00,0.0,0.0,1.88,176.22,0.0,174.34,8.0,0.0,0.0,112.8,10573.2,0.0,10460.4
2020-12-13 11:51:00,0.0,0.0,2.47,172.9,0.0,170.43,8.0,0.0,0.0,148.20000000000002,10374.0,0.0,10225.800000000001
2020-12-13 11:52:00,0.0,0.0,2.73,175.07,0.0,172.34,8.0,0.0,0.0,163.8,10504.199999999999,0.0,10340.4
2020-12-13 11:53:00,0.0,0.0,2.73,174.78,0.0,172.05,8.0,0.0,0.0,163.8,10486.800000000001,0.0,10323.0
2020-12-13 11:54:00,0.0,0.0,2.62,171.27,0.0,168.65,8.0,0.0,0.0,157.20000000000002,10276.2,0.0,10119.0
2020-12-13 11:55:00,0.0,8.75,2.4,191.07,0.0,197.42,6.0,0.0,525.0,144.0,11464.199999999999,0.0,11845.199999999999
2020-12-13 11:56:00,0.0,30.12,2.6,179.78,0.0,207.3,6.0,0.0,1807.2,156.0,10786.800000000001,0.0,12438.0
2020-12-13 11:57:00,0.0,29.7,2.27,177.93,0.0,205.36,6.0,0.0,1782.0,136.20000000000002,10675.800000000001,0.0,12321.6
2020-12-13 11:58:00,0.0,29.62,2.12,86.33,0.0,113.83,6.0,0.0,1777.2,127.2,5179.8,0.0,6829.8
2020-12-13 11:59:00,0.0,21.85,2.13,51.13,0.0,70.85,8.0,0.0,1311.0,127.8,3067.8,0.0,4251.0
2020-12-13 12:00:00,0.0,16.1,2.33,55.5,0.0,69.27,8.0,0.0,966.0000000000001,139.8,3330.0,0.0,4156.2
2020-12-13 12:01:00,0.0,16.18,2.43,53.98,0.0,67.73,8.0,0.0,970.8,145.8,3238.7999999999997,0.0,4063.8
2020-12-13 12:02:00,0.0,16.3,2.53,51.97,0.0,65.74,8.0,0.0,978.0,151.79999999999998,3118.2,0.0,3944.3999999999996
2020-12-13 12:03:00,0.0,16.42,2.65,51.9,0.0,65.67,8.0,0.0,985.2000000000002,159.0,3114.0,0.0,3940.2000000000003
2020-12-13 12:04:00,0.0,16.02,2.28,52.83,0.0,66.57,8.0,0.0,961.1999999999999,136.79999999999998,3169.7999999999997,0.0,3994.2
2020-12-13 12:05:00,0.0,15.67,1.92,52.48,0.0,66.23,8.0,0.0,940.2,115.2,3148.7999999999997,0.0,3973.8
2020-12-13 12:06:00,0.0,8.95,1.95,52.23,0.0,59.23,9.0,0.0,537.0,117.0,3133.7999999999997,0.0,3553.7999999999997
2020-12-13 12:07:00,0.0,7.37,1.88,52.12,0.0,57.61,9.0,0.0,442.2,112.8,3127.2,0.0,3456.6
2020-12-13 12:08:00,0.0,7.6,2.08,52.35,0.0,57.87,9.0,0.0,456.0,124.80000000000001,3141.0,0.0,3472.2
2020-12-13 12:09:00,0.0,7.68,2.18,56.25,0.0,61.75,9.0,0.0,460.8,130.8,3375.0,0.0,3705.0
2020-12-13 12:10:00,0.0,7.72,2.22,84.98,0.0,90.48,9.0,0.0,463.2,133.20000000000002,5098.8,0.0,5428.8
2020-12-13 12:11:00,0.0,7.92,2.42,85.08,0.0,90.58,9.0,0.0,475.2,145.2,5104.8,0.0,5434.8
2020-12-13 12:12:00,0.0,8.1,2.62,89.13,0.0,94.61,9.0,0.0,486.0,157.20000000000002,5347.8,0.0,5676.6
2020-12-13 12:13:00,0.0,8.37,2.85,92.75,0.0,98.27,9.0,0.0,502.19999999999993,171.0,5565.0,0.0,5896.2
2020-12-13 12:14:00,0.0,8.72,3.22,129.42,0.0,134.92,9.0,0.0,523.2,193.20000000000002,7765.199999999999,0.0,8095.199999999999
2020-12-13 12:15:00,0.0,8.58,3.07,123.05,0.0,128.56,9.0,0.0,514.8000000000001,184.2,7383.0,0.0,7713.6
2020-12-13 12:16:00,0.0,7.9,2.42,124.67,0.0,130.15,9.0,0.0,474.0,145.2,7480.2,0.0,7809.0
2020-12-13 12:17:00,0.0,7.52,2.05,123.33,0.0,128.8,9.0,0.0,451.2,122.99999999999999,7399.8,0.0,7728.000000000001
2020-12-13 12:18:00,0.0,7.85,2.35,96.98,0.0,102.48,9.0,0.0,471.0,141.0,5818.8,0.0,6148.8
2020-12-13 12:19:00,0.0,8.18,2.67,93.92,0.0,99.43,9.0,0.0,490.8,160.2,5635.2,0.0,5965.8
2020-12-13 12:20:00,0.0,8.22,2.72,120.33,0.0,125.83,9.0,0.0,493.20000000000005,163.20000000000002,7219.8,0.0,7549.8
2020-12-13 12:21:00,1.28,0.0,2.03,126.1,0.0,122.79,10.0,76.8,0.0,121.79999999999998,7566.0,0.0,7367.400000000001
2020-12-13 12:22:00,0.0,0.0,1.55,123.93,0.0,122.38,10.0,0.0,0.0,93.0,7435.8,0.0,7342.8
2020-12-13 12:23:00,0.0,0.0,1.67,125.48,0.0,123.81,10.0,0.0,0.0,100.2,7528.8,0.0,7428.6
2020-12-13 12:24:00,0.0,0.0,1.72,124.48,0.0,122.76,10.0,0.0,0.0,103.2,7468.8,0.0,7365.6
2020-12-13 12:25:00,0.0,0.0,1.88,108.45,0.0,106.57,10.0,0.0,0.0,112.8,6507.0,0.0,6394.2
2020-12-13 12:26:00,0.0,0.0,2.35,98.02,0.0,95.67,10.0,0.0,0.0,141.0,5881.2,0.0,5740.2
2020-12-13 12:27:00,0.0,0.0,2.87,94.87,0.0,92.0,10.0,0.0,0.0,172.20000000000002,5692.200000000001,0.0,5520.0
2020-12-13 12:28:00,0.0,0.0,3.0,90.1,0.0,87.1,10.0,0.0,0.0,180.0,5406.0,0.0,5226.0
2020-12-13 12:29:00,0.0,0.0,2.45,90.03,0.0,87.58,10.0,0.0,0.0,147.0,5401.8,0.0,5254.8
2020-12-13 12:30:00,0.0,0.0,2.08,89.35,0.0,87.27,10.0,0.0,0.0,124.80000000000001,5361.0,0.0,5236.2
2020-12-13 12:31:00,0.0,0.0,2.05,89.45,0.0,87.4,10.0,0.0,0.0,122.99999999999999,5367.0,0.0,5244.0
2020-12-13 12:32:00,0.0,0.03,2.05,89.38,0.0,87.36,10.0,0.0,1.8,122.99999999999999,5362.8,0.0,5241.6
2020-12-13 12:33:00,0.0,0.0,2.13,89.92,0.0,87.79,10.0,0.0,0.0,127.8,5395.2,0.0,5267.400000000001
2020-12-13 12:34:00,0.0,0.0,2.22,90.13,0.0,87.91,10.0,0.0,0.0,133.20000000000002,5407.8,0.0,5274.599999999999
2020-12-13 12:35:00,0.0,0.0,2.53,93.95,0.0,91.42,10.0,0.0,0.0,151.79999999999998,5637.0,0.0,5485.2
2020-12-13 12:36:00,0.0,0.0,2.9,118.53,0.0,115.63,10.0,0.0,0.0,174.0,7111.8,0.0,6937.8
2020-12-13 12:37:00,0.0,0.0,3.33,118.92,0.0,115.59,10.0,0.0,0.0,199.8,7135.2,0.0,6935.400000000001
2020-12-13 12:38:00,0.0,0.0,3.85,99.48,0.0,95.63,10.0,0.0,0.0,231.0,5968.8,0.0,5737.8
2020-12-13 12:39:00,0.0,0.0,3.5,55.73,0.0,52.23,10.0,0.0,0.0,210.0,3343.7999999999997,0.0,3133.7999999999997
2020-12-13 12:40:00,0.0,0.0,2.83,66.93,0.0,64.1,10.0,0.0,0.0,169.8,4015.8000000000006,0.0,3845.9999999999995
2020-12-13 12:41:00,0.0,0.0,2.87,89.92,0.0,87.05,10.0,0.0,0.0,172.20000000000002,5395.2,0.0,5223.0
2020-12-13 12:42:00,0.0,0.0,3.87,64.07,0.0,60.2,10.0,0.0,0.0,232.20000000000002,3844.2,0.0,3612.0
2020-12-13 12:43:00,0.0,0.0,5.23,56.92,0.0,51.69,10.0,0.0,0.0,313.8,3415.2000000000003,0.0,3101.4
2020-12-13 12:44:00,0.0,0.0,4.62,55.52,0.0,50.9,10.0,0.0,0.0,277.2,3331.2000000000003,0.0,3054.0
2020-12-13 12:45:00,0.0,0.0,3.95,55.62,0.0,51.67,10.0,0.0,0.0,237.0,3337.2,0.0,3100.2000000000003
2020-12-13 12:46:00,0.0,0.0,3.57,55.32,0.0,51.75,10.0,0.0,0.0,214.2,3319.2000000000003,0.0,3105.0
2020-12-13 12:47:00,0.0,0.0,3.03,55.17,0.0,52.14,10.0,0.0,0.0,181.79999999999998,3310.2000000000003,0.0,3128.4
2020-12-13 12:48:00,0.0,0.0,2.08,65.35,0.0,63.27,10.0,0.0,0.0,124.80000000000001,3920.9999999999995,0.0,3796.2000000000003
2020-12-13 12:49:00,0.0,0.0,1.42,74.45,0.0,73.03,10.0,0.0,0.0,85.2,4467.0,0.0,4381.8
2020-12-13 12:50:00,0.0,0.0,1.25,71.4,0.0,70.15,10.0,0.0,0.0,75.0,4284.0,0.0,4209.0
2020-12-13 12:51:00,0.0,0.0,1.72,68.23,0.0,66.51,10.0,0.0,0.0,103.2,4093.8,0.0,3990.6000000000004
2020-12-13 12:52:00,0.0,0.0,2.12,73.75,0.0,71.63,10.0,0.0,0.0,127.2,4425.0,0.0,4297.8
2020-12-13 12:53:00,0.0,0.0,1.23,99.03,0.0,97.8,10.0,0.0,0.0,73.8,5941.8,0.0,5868.0
2020-12-13 12:54:00,0.0,0.03,0.33,113.58,0.0,113.28,10.0,0.0,1.8,19.8,6814.8,0.0,6796.8
2020-12-13 12:55:00,0.0,0.0,0.15,105.23,0.0,105.08,10.0,0.0,0.0,9.0,6313.8,0.0,6304.8
2020-12-13 12:56:00,0.0,0.0,0.17,105.5,0.0,105.33,10.0,0.0,0.0,10.200000000000001,6330.0,0.0,6319.8
2020-12-13 12:57:00,0.0,0.0,0.37,105.28,0.0,104.91,10.0,0.0,0.0,22.2,6316.8,0.0,6294.599999999999
2020-12-13 12:58:00,0.0,0.0,0.8,88.68,0.0,87.88,10.0,0.0,0.0,48.0,5320.8,0.0,5272.8
2020-12-13 12:59:00,0.0,0.0,1.18,86.28,0.0,85.1,10.0,0.0,0.0,70.8,5176.8,0.0,5106.0
2020-12-13 13:00:00,0.0,0.0,1.68,105.7,0.0,104.02,10.0,0.0,0.0,100.8,6342.0,0.0,6241.2
2020-12-13 13:01:00,0.0,0.0,1.63,97.47,0.0,95.84,10.0,0.0,0.0,97.8,5848.2,0.0,5750.400000000001
2020-12-13 13:02:00,0.0,0.0,0.78,76.98,0.0,76.2,10.0,0.0,0.0,46.800000000000004,4618.8,0.0,4572.0
2020-12-13 13:03:00,0.0,0.0,0.48,90.22,0.0,89.74,10.0,0.0,0.0,28.8,5413.2,0.0,5384.4
2020-12-13 13:04:00,0.0,0.0,0.52,71.5,0.0,70.98,10.0,0.0,0.0,31.200000000000003,4290.0,0.0,4258.8
2020-12-13 13:05:00,0.0,0.0,0.48,89.25,0.0,88.77,10.0,0.0,0.0,28.8,5355.0,0.0,5326.2
2020-12-13 13:06:00,0.0,0.0,0.4,74.47,0.0,74.07,10.0,0.0,0.0,24.0,4468.2,0.0,4444.2
2020-12-13 13:07:00,0.0,0.0,0.73,91.97,0.0,91.24,10.0,0.0,0.0,43.8,5518.2,0.0,5474.4
2020-12-13 13:08:00,0.0,0.0,1.38,87.12,0.0,85.74,10.0,0.0,0.0,82.8,5227.200000000001,0.0,5144.4
2020-12-13 13:09:00,0.0,0.03,1.1,78.75,0.0,77.68,10.0,0.0,1.8,66.0,4725.0,0.0,4660.8
2020-12-13 13:10:00,0.0,0.0,0.45,88.62,0.0,88.17,10.0,0.0,0.0,27.0,5317.200000000001,0.0,5290.2
2020-12-13 13:11:00,0.0,0.0,0.5,85.63,0.0,85.13,10.0,0.0,0.0,30.0,5137.8,0.0,5107.8
2020-12-13 13:12:00,0.0,0.03,0.27,73.58,0.0,73.34,10.0,0.0,1.8,16.200000000000003,4414.8,0.0,4400.400000000001
2020-12-13 13:13:00,0.0,0.43,0.0,46.83,0.0,47.26,10.0,0.0,25.8,0.0,2809.7999999999997,0.0,2835.6
2020-12-13 13:14:00,0.0,0.38,0.0,30.57,0.0,30.95,10.0,0.0,22.8,0.0,1834.2,0.0,1857.0
2020-12-13 13:15:00,0.0,0.0,0.0,31.53,0.0,31.53,10.0,0.0,0.0,0.0,1891.8000000000002,0.0,1891.8000000000002
2020-12-13 13:16:00,0.0,0.0,0.0,41.3,0.0,41.3,10.0,0.0,0.0,0.0,2478.0,0.0,2478.0
2020-12-13 13:17:00,0.0,0.0,0.0,27.28,0.0,27.28,10.0,0.0,0.0,0.0,1636.8000000000002,0.0,1636.8000000000002
2020-12-13 13:18:00,0.0,0.05,0.0,24.3,0.0,24.35,10.0,0.0,3.0,0.0,1458.0,0.0,1461.0
2020-12-13 13:19:00,0.0,0.13,0.0,24.35,0.0,24.48,10.0,0.0,7.800000000000001,0.0,1461.0,0.0,1468.8
2020-12-13 13:20:00,0.0,0.1,0.0,24.2,0.0,24.3,10.0,0.0,6.0,0.0,1452.0,0.0,1458.0
2020-12-13 13:21:00,0.0,0.0,0.0,24.08,0.0,24.08,10.0,0.0,0.0,0.0,1444.8,0.0,1444.8
2020-12-13 13:22:00,0.03,0.0,0.0,24.1,0.0,24.07,10.0,1.8,0.0,0.0,1446.0,0.0,1444.2
2020-12-13 13:23:00,0.03,0.0,0.0,24.15,0.0,24.12,10.0,1.8,0.0,0.0,1449.0,0.0,1447.2
2020-12-13 13:24:00,0.0,0.0,0.05,24.12,0.0,24.07,10.0,0.0,0.0,3.0,1447.2,0.0,1444.2
2020-12-13 13:25:00,0.0,0.05,0.0,24.08,0.0,24.13,10.0,0.0,3.0,0.0,1444.8,0.0,1447.8
2020-12-13 13:26:00,0.0,0.08,0.0,23.97,0.0,24.05,10.0,0.0,4.8,0.0,1438.2,0.0,1443.0
2020-12-13 13:27:00,0.0,0.1,0.0,24.23,0.0,24.33,10.0,0.0,6.0,0.0,1453.8,0.0,1459.8
2020-12-13 13:28:00,0.0,0.12,0.0,25.77,0.0,25.89,10.0,0.0,7.2,0.0,1546.2,0.0,1553.4
2020-12-13 13:29:00,0.0,0.03,0.52,29.53,0.0,29.04,10.0,0.0,1.8,31.200000000000003,1771.8000000000002,0.0,1742.3999999999999
2020-12-13 13:30:00,0.0,0.0,1.37,24.9,0.0,23.53,10.0,0.0,0.0,82.2,1494.0,0.0,1411.8000000000002
2020-12-13 13:31:00,0.0,0.0,2.52,27.72,0.0,25.2,10.0,0.0,0.0,151.20000000000002,1663.2,0.0,1512.0
2020-12-13 13:32:00,0.0,0.0,3.52,23.58,0.0,20.06,10.0,0.0,0.0,211.20000000000002,1414.8,0.0,1203.6
2020-12-13 13:33:00,0.0,0.0,4.55,21.93,0.0,17.38,10.0,0.0,0.0,273.0,1315.8,0.0,1042.8
2020-12-13 13:34:00,0.0,0.0,6.47,22.63,0.0,16.16,10.0,0.0,0.0,388.2,1357.8,0.0,969.6
2020-12-13 13:35:00,0.0,0.0,6.63,22.68,0.0,16.05,10.0,0.0,0.0,397.8,1360.8,0.0,963.0
2020-12-13 13:36:00,0.0,0.0,4.68,22.7,0.0,18.02,10.0,0.0,0.0,280.8,1362.0,0.0,1081.2
2020-12-13 13:37:00,0.0,0.0,3.4,22.52,0.0,19.12,10.0,0.0,0.0,204.0,1351.2,0.0,1147.2
2020-12-13 13:38:00,0.0,0.0,2.62,22.25,0.0,19.63,10.0,0.0,0.0,157.20000000000002,1335.0,0.0,1177.8
2020-12-13 13:39:00,0.0,0.0,2.02,22.35,0.0,20.33,10.0,0.0,0.0,121.2,1341.0,0.0,1219.8
2020-12-13 13:40:00,0.0,0.0,2.03,22.2,0.0,20.17,10.0,0.0,0.0,121.79999999999998,1332.0,0.0,1210.2
2020-12-13 13:41:00,0.0,0.05,1.53,21.93,0.0,20.45,10.0,0.0,3.0,91.8,1315.8,0.0,1227.0
2020-12-13 13:42:00,0.0,0.0,1.38,21.7,0.0,20.32,10.0,0.0,0.0,82.8,1302.0,0.0,1219.2
2020-12-13 13:43:00,0.0,0.0,1.0,21.77,0.0,20.77,10.0,0.0,0.0,60.0,1306.2,0.0,1246.2
2020-12-13 13:44:00,0.0,0.0,0.68,22.15,0.0,21.47,10.0,0.0,0.0,40.800000000000004,1329.0,0.0,1288.2
2020-12-13 13:45:00,0.0,0.0,0.58,26.3,0.0,25.72,10.0,0.0,0.0,34.8,1578.0,0.0,1543.2
2020-12-13 13:46:00,0.0,0.03,0.55,32.5,0.0,31.98,10.0,0.0,1.8,33.0,1950.0,0.0,1918.8
2020-12-13 13:47:00,0.0,0.0,0.72,27.02,0.0,26.3,10.0,0.0,0.0,43.199999999999996,1621.2,0.0,1578.0
2020-12-13 13:48:00,0.0,0.0,1.9,21.95,0.0,20.05,10.0,0.0,0.0,114.0,1317.0,0.0,1203.0
2020-12-13 13:49:00,0.0,0.0,2.63,22.07,0.0,19.44,10.0,0.0,0.0,157.79999999999998,1324.2,0.0,1166.4
2020-12-13 13:50:00,0.0,0.0,1.42,22.3,0.0,20.88,10.0,0.0,0.0,85.2,1338.0,0.0,1252.8
2020-12-13 13:51:00,0.0,0.0,0.63,22.77,0.0,22.14,10.0,0.0,0.0,37.800000000000004,1366.2,0.0,1328.4
2020-12-13 13:52:00,0.0,0.0,0.5,22.82,0.0,22.32,10.0,0.0,0.0,30.0,1369.2,0.0,1339.2
2020-12-13 13:53:00,0.0,0.0,0.68,22.63,0.0,21.95,10.0,0.0,0.0,40.800000000000004,1357.8,0.0,1317.0
2020-12-13 13:54:00,0.0,0.03,0.52,21.98,0.0,21.49,10.0,0.0,1.8,31.200000000000003,1318.8,0.0,1289.3999999999999
2020-12-13 13:55:00,0.0,0.0,1.12,22.22,0.0,21.1,10.0,0.0,0.0,67.2,1333.2,0.0,1266.0
2020-12-13 13:56:00,0.0,0.0,1.3,22.37,0.0,21.07,10.0,0.0,0.0,78.0,1342.2,0.0,1264.2
2020-12-13 13:57:00,0.0,0.0,1.33,22.7,0.0,21.37,10.0,0.0,0.0,79.80000000000001,1362.0,0.0,1282.2
2020-12-13 13:58:00,0.0,0.0,1.58,25.6,0.0,24.02,10.0,0.0,0.0,94.80000000000001,1536.0,0.0,1441.2
2020-12-13 13:59:00,0.0,0.0,2.03,28.1,0.0,26.07,10.0,0.0,0.0,121.79999999999998,1686.0,0.0,1564.2
2020-12-13 14:00:00,0.0,0.0,1.43,23.72,0.0,22.29,10.0,0.0,0.0,85.8,1423.2,0.0,1337.3999999999999
2020-12-13 14:01:00,0.03,0.0,1.9,31.32,0.0,29.39,10.0,1.8,0.0,114.0,1879.2,0.0,1763.4
2020-12-13 14:02:00,0.0,0.0,2.68,32.4,0.0,29.72,10.0,0.0,0.0,160.8,1944.0,0.0,1783.2
2020-12-13 14:03:00,0.0,0.0,2.4,31.8,0.0,29.4,10.0,0.0,0.0,144.0,1908.0,0.0,1764.0
2020-12-13 14:04:00,0.0,0.0,1.62,29.75,0.0,28.13,10.0,0.0,0.0,97.2,1785.0,0.0,1687.8
2020-12-13 14:05:00,0.38,0.0,0.27,5.27,0.0,4.62,10.0,22.8,0.0,16.200000000000003,316.2,0.0,277.2
2020-12-13 14:06:00,0.42,0.0,0.0,0.0,0.0,0.0,10.0,25.2,0.0,0.0,0.0,0.0,0.0
2020-12-13 14:07:00,0.42,0.0,0.0,0.0,0.0,0.0,10.0,25.2,0.0,0.0,0.0,0.0,0.0
2020-12-13 14:08:00,0.42,0.0,0.0,0.0,0.0,0.0,10.0,25.2,0.0,0.0,0.0,0.0,0.0
2020-12-13 14:09:00,0.42,0.0,0.0,0.0,0.0,0.0,10.0,25.2,0.0,0.0,0.0,0.0,0.0
2020-12-13 14:10:00,0.42,0.0,0.0,0.0,0.0,0.0,10.0,25.2,0.0,0.0,0.0,0.0,0.0
2020-12-13 14:11:00,0.42,0.0,0.0,0.0,0.0,0.0,10.0,25.2,0.0,0.0,0.0,0.0,0.0
2020-12-13 14:12:00,0.42,0.0,0.0,0.0,0.0,0.0,10.0,25.2,0.0,0.0,0.0,0.0,0.0
2020-12-13 14:13:00,0.42,0.0,0.0,0.0,0.0,0.0,10.0,25.2,0.0,0.0,0.0,0.0,0.0
2020-12-13 14:14:00,0.42,0.0,0.0,0.0,0.0,0.0,10.0,25.2,0.0,0.0,0.0,0.0,0.0
2020-12-13 14:15:00,0.42,0.0,0.0,0.0,0.0,0.0,10.0,25.2,0.0,0.0,0.0,0.0,0.0
2020-12-13 14:16:00,0.42,0.0,0.0,0.0,0.0,0.0,10.0,25.2,0.0,0.0,0.0,0.0,0.0
2020-12-13 14:17:00,0.42,0.0,0.0,0.0,0.0,0.0,10.0,25.2,0.0,0.0,0.0,0.0,0.0
2020-12-13 14:18:00,0.43,0.0,0.0,0.0,0.0,0.0,10.0,25.8,0.0,0.0,0.0,0.0,0.0
2020-12-13 14:19:00,0.42,0.0,0.0,0.0,0.0,0.0,10.0,25.2,0.0,0.0,0.0,0.0,0.0
2020-12-13 14:20:00,0.42,0.0,0.0,0.0,0.0,0.0,10.0,25.2,0.0,0.0,0.0,0.0,0.0
2020-12-13 14:21:00,0.42,0.0,0.0,0.0,0.0,0.0,10.0,25.2,0.0,0.0,0.0,0.0,0.0
2020-12-13 14:22:00,0.42,0.0,0.0,0.0,0.0,0.0,10.0,25.2,0.0,0.0,0.0,0.0,0.0
2020-12-13 14:23:00,0.42,0.0,0.0,0.0,0.0,0.0,10.0,25.2,0.0,0.0,0.0,0.0,0.0
2020-12-13 14:24:00,0.42,0.0,0.0,0.0,0.0,0.0,10.0,25.2,0.0,0.0,0.0,0.0,0.0
2020-12-13 14:25:00,0.43,0.0,0.0,0.0,0.0,0.0,10.0,25.8,0.0,0.0,0.0,0.0,0.0
2020-12-13 14:26:00,0.42,0.0,0.0,0.0,0.0,0.0,10.0,25.2,0.0,0.0,0.0,0.0,0.0
2020-12-13 14:27:00,0.42,0.0,0.0,0.0,0.0,0.0,10.0,25.2,0.0,0.0,0.0,0.0,0.0
2020-12-13 14:28:00,0.42,0.0,0.0,0.0,0.0,0.0,10.0,25.2,0.0,0.0,0.0,0.0,0.0
2020-12-13 14:29:00,0.42,0.0,0.0,0.0,0.0,0.0,10.0,25.2,0.0,0.0,0.0,0.0,0.0
2020-12-13 14:30:00,0.42,0.0,0.0,0.0,0.0,0.0,10.0,25.2,0.0,0.0,0.0,0.0,0.0
2020-12-13 14:31:00,0.42,0.0,0.0,0.0,0.0,0.0,10.0,25.2,0.0,0.0,0.0,0.0,0.0
2020-12-13 14:32:00,0.42,0.0,0.0,0.0,0.0,0.0,10.0,25.2,0.0,0.0,0.0,0.0,0.0
2020-12-13 14:33:00,0.43,0.0,0.0,0.0,0.0,0.0,10.0,25.8,0.0,0.0,0.0,0.0,0.0
2020-12-13 14:34:00,0.17,0.0,0.0,34.42,0.0,34.25,10.0,10.200000000000001,0.0,0.0,2065.2000000000003,0.0,2055.0
2020-12-13 14:35:00,0.0,0.0,0.0,66.37,0.0,66.37,10.0,0.0,0.0,0.0,3982.2000000000003,0.0,3982.2000000000003
2020-12-13 14:36:00,0.0,0.0,0.0,70.57,0.0,70.57,10.0,0.0,0.0,0.0,4234.2,0.0,4234.2
2020-12-13 14:37:00,0.0,0.0,0.0,69.12,0.0,69.12,10.0,0.0,0.0,0.0,4147.200000000001,0.0,4147.200000000001
2020-12-13 14:38:00,0.0,0.0,0.0,66.47,0.0,66.47,10.0,0.0,0.0,0.0,3988.2,0.0,3988.2
2020-12-13 14:39:00,0.0,0.0,0.0,66.67,0.0,66.67,10.0,0.0,0.0,0.0,4000.2000000000003,0.0,4000.2000000000003
2020-12-13 14:40:00,0.0,0.0,0.0,66.17,0.0,66.17,10.0,0.0,0.0,0.0,3970.2000000000003,0.0,3970.2000000000003
2020-12-13 14:41:00,0.0,0.0,0.0,64.28,0.0,64.28,10.0,0.0,0.0,0.0,3856.8,0.0,3856.8
2020-12-13 14:42:00,0.0,0.0,0.0,104.77,0.0,104.77,10.0,0.0,0.0,0.0,6286.2,0.0,6286.2
2020-12-13 14:43:00,0.0,0.0,0.0,112.25,0.0,112.25,10.0,0.0,0.0,0.0,6735.0,0.0,6735.0
2020-12-13 14:44:00,0.0,0.05,0.0,93.67,0.0,93.72,10.0,0.0,3.0,0.0,5620.2,0.0,5623.2
2020-12-13 14:45:00,0.0,0.07,0.0,65.27,0.0,65.34,10.0,0.0,4.2,0.0,3916.2,0.0,3920.4
2020-12-13 14:46:00,0.03,0.0,0.32,79.72,0.0,79.37,10.0,1.8,0.0,19.2,4783.2,0.0,4762.200000000001
2020-12-13 14:47:00,0.0,0.0,0.37,92.35,0.0,91.98,10.0,0.0,0.0,22.2,5541.0,0.0,5518.8
2020-12-13 14:48:00,0.0,0.03,0.05,101.03,0.0,101.01,10.0,0.0,1.8,3.0,6061.8,0.0,6060.6
2020-12-13 14:49:00,0.0,0.22,0.0,101.63,0.0,101.85,10.0,0.0,13.200000000000001,0.0,6097.8,0.0,6111.0
2020-12-13 14:50:00,0.0,0.27,0.0,94.6,0.0,94.87,10.0,0.0,16.200000000000003,0.0,5676.0,0.0,5692.200000000001
2020-12-13 14:51:00,0.0,0.0,0.0,108.75,0.0,108.75,10.0,0.0,0.0,0.0,6525.0,0.0,6525.0
2020-12-13 14:52:00,0.0,0.0,0.0,90.62,0.0,90.62,10.0,0.0,0.0,0.0,5437.200000000001,0.0,5437.200000000001
2020-12-13 14:53:00,0.0,0.0,0.0,90.6,0.0,90.6,10.0,0.0,0.0,0.0,5436.0,0.0,5436.0
2020-12-13 14:54:00,0.0,0.0,0.03,80.95,0.0,80.92,10.0,0.0,0.0,1.8,4857.0,0.0,4855.2
2020-12-13 14:55:00,0.0,0.0,0.0,114.3,0.0,114.3,10.0,0.0,0.0,0.0,6858.0,0.0,6858.0
2020-12-13 14:56:00,0.0,0.0,0.0,104.32,0.0,104.32,10.0,0.0,0.0,0.0,6259.2,0.0,6259.2
2020-12-13 14:57:00,0.0,0.0,0.0,78.97,0.0,78.97,10.0,0.0,0.0,0.0,4738.2,0.0,4738.2
2020-12-13 14:58:00,0.0,0.0,0.0,73.73,0.0,73.73,10.0,0.0,0.0,0.0,4423.8,0.0,4423.8
2020-12-13 14:59:00,0.0,0.0,0.0,81.4,0.0,81.4,10.0,0.0,0.0,0.0,4884.0,0.0,4884.0
2020-12-13 15:00:00,0.0,0.0,0.0,84.07,0.0,84.07,10.0,0.0,0.0,0.0,5044.2,0.0,5044.2
2020-12-13 15:01:00,0.0,0.0,0.0,77.22,0.0,77.22,10.0,0.0,0.0,0.0,4633.2,0.0,4633.2
2020-12-13 15:02:00,0.0,0.0,0.0,81.18,0.0,81.18,10.0,0.0,0.0,0.0,4870.8,0.0,4870.8
2020-12-13 15:03:00,0.0,0.0,0.0,68.78,0.0,68.78,10.0,0.0,0.0,0.0,4126.8,0.0,4126.8
2020-12-13 15:04:00,0.0,0.0,0.0,54.77,0.0,54.77,10.0,0.0,0.0,0.0,3286.2000000000003,0.0,3286.2000000000003
2020-12-13 15:05:00,0.0,0.0,0.0,82.13,0.0,82.13,10.0,0.0,0.0,0.0,4927.8,0.0,4927.8
2020-12-13 15:06:00,0.0,0.05,0.0,62.75,0.0,62.8,10.0,0.0,3.0,0.0,3765.0,0.0,3768.0
2020-12-13 15:07:00,0.0,0.05,0.0,51.87,0.0,51.92,10.0,0.0,3.0,0.0,3112.2,0.0,3115.2000000000003
2020-12-13 15:08:00,0.0,0.12,0.0,82.98,0.0,83.1,10.0,0.0,7.2,0.0,4978.8,0.0,4986.0
2020-12-13 15:09:00,0.0,0.13,0.0,52.43,0.0,52.56,10.0,0.0,7.800000000000001,0.0,3145.8,0.0,3153.6000000000004
2020-12-13 15:10:00,0.0,0.15,0.0,61.8,0.0,61.95,10.0,0.0,9.0,0.0,3708.0,0.0,3717.0
2020-12-13 15:11:00,0.0,0.1,0.0,51.98,0.0,52.08,10.0,0.0,6.0,0.0,3118.7999999999997,0.0,3124.7999999999997
2020-12-13 15:12:00,0.0,0.13,0.0,62.25,0.0,62.38,10.0,0.0,7.800000000000001,0.0,3735.0,0.0,3742.8
2020-12-13 15:13:00,0.0,0.13,0.0,93.08,0.0,93.21,10.0,0.0,7.800000000000001,0.0,5584.8,0.0,5592.599999999999
2020-12-13 15:14:00,0.0,0.13,0.0,88.63,0.0,88.76,10.0,0.0,7.800000000000001,0.0,5317.8,0.0,5325.6
2020-12-13 15:15:00,0.0,0.13,0.0,75.07,0.0,75.2,10.0,0.0,7.800000000000001,0.0,4504.2,0.0,4512.0
2020-12-13 15:16:00,0.0,0.13,0.0,54.23,0.0,54.36,10.0,0.0,7.800000000000001,0.0,3253.7999999999997,0.0,3261.6
2020-12-13 15:17:00,0.0,0.22,0.0,59.18,0.0,59.4,10.0,0.0,13.200000000000001,0.0,3550.8,0.0,3564.0
2020-12-13 15:18:00,0.0,0.08,0.05,56.3,0.0,56.33,10.0,0.0,4.8,3.0,3378.0,0.0,3379.7999999999997
2020-12-13 15:19:00,0.0,0.0,0.85,61.95,0.0,61.1,10.0,0.0,0.0,51.0,3717.0,0.0,3666.0
2020-12-13 15:20:00,0.0,0.0,1.83,48.43,0.0,46.6,10.0,0.0,0.0,109.80000000000001,2905.8,0.0,2796.0
2020-12-13 15:21:00,0.0,0.0,2.03,51.73,0.0,49.7,10.0,0.0,0.0,121.79999999999998,3103.7999999999997,0.0,2982.0
2020-12-13 15:22:00,0.0,0.0,2.12,51.6,0.0,49.48,10.0,0.0,0.0,127.2,3096.0,0.0,2968.7999999999997
2020-12-13 15:23:00,0.0,0.0,2.0,51.85,0.0,49.85,10.0,0.0,0.0,120.0,3111.0,0.0,2991.0
2020-12-13 15:24:00,0.0,0.0,2.08,47.98,0.0,45.9,10.0,0.0,0.0,124.80000000000001,2878.7999999999997,0.0,2754.0
2020-12-13 15:25:00,0.0,0.0,1.83,22.62,0.0,20.79,10.0,0.0,0.0,109.80000000000001,1357.2,0.0,1247.3999999999999
2020-12-13 15:26:00,0.0,0.0,1.72,22.9,0.0,21.18,10.0,0.0,0.0,103.2,1374.0,0.0,1270.8
2020-12-13 15:27:00,0.0,0.0,1.28,27.37,0.0,26.09,10.0,0.0,0.0,76.8,1642.2,0.0,1565.4
2020-12-13 15:28:00,0.0,0.0,0.8,25.9,0.0,25.1,10.0,0.0,0.0,48.0,1554.0,0.0,1506.0
2020-12-13 15:29:00,0.0,0.0,0.9,22.57,0.0,21.67,10.0,0.0,0.0,54.0,1354.2,0.0,1300.2
2020-12-13 15:30:00,0.0,0.0,1.42,22.98,0.0,21.56,10.0,0.0,0.0,85.2,1378.8,0.0,1293.6
2020-12-13 15:31:00,0.0,0.0,1.6,23.03,0.0,21.43,10.0,0.0,0.0,96.0,1381.8000000000002,0.0,1285.8
2020-12-13 15:32:00,0.0,0.0,1.52,23.07,0.0,21.55,10.0,0.0,0.0,91.2,1384.2,0.0,1293.0
2020-12-13 15:33:00,0.0,0.0,1.07,23.0,0.0,21.93,10.0,0.0,0.0,64.2,1380.0,0.0,1315.8
2020-12-13 15:34:00,0.03,0.0,0.8,23.02,0.0,22.19,10.0,1.8,0.0,48.0,1381.2,0.0,1331.4
2020-12-13 15:35:00,0.0,0.0,0.58,23.37,0.0,22.79,10.0,0.0,0.0,34.8,1402.2,0.0,1367.3999999999999
2020-12-13 15:36:00,0.0,0.0,0.47,23.67,0.0,23.2,10.0,0.0,0.0,28.2,1420.2,0.0,1392.0
2020-12-13 15:37:00,0.0,0.0,0.33,23.9,0.0,23.57,10.0,0.0,0.0,19.8,1434.0,0.0,1414.2
2020-12-13 15:38:00,0.0,0.0,0.2,23.75,0.0,23.55,10.0,0.0,0.0,12.0,1425.0,0.0,1413.0
2020-12-13 15:39:00,0.0,0.0,0.08,23.6,0.0,23.52,10.0,0.0,0.0,4.8,1416.0,0.0,1411.2
2020-12-13 15:40:00,0.0,0.13,0.0,23.77,0.0,23.9,10.0,0.0,7.800000000000001,0.0,1426.2,0.0,1434.0
2020-12-13 15:41:00,0.0,0.28,0.0,23.77,0.0,24.05,10.0,0.0,16.8,0.0,1426.2,0.0,1443.0
2020-12-13 15:42:00,0.0,0.4,0.0,23.55,0.0,23.95,9.0,0.0,24.0,0.0,1413.0,0.0,1437.0
2020-12-13 15:43:00,0.0,0.45,0.0,23.95,0.0,24.4,9.0,0.0,27.0,0.0,1437.0,0.0,1464.0
2020-12-13 15:44:00,0.0,0.0,0.0,24.03,0.0,24.03,9.0,0.0,0.0,0.0,1441.8000000000002,0.0,1441.8000000000002
2020-12-13 15:45:00,0.0,0.0,0.0,25.55,0.0,25.55,9.0,0.0,0.0,0.0,1533.0,0.0,1533.0
2020-12-13 15:46:00,0.0,0.0,0.0,29.37,0.0,29.37,9.0,0.0,0.0,0.0,1762.2,0.0,1762.2
2020-12-13 15:47:00,0.0,0.0,0.0,26.32,0.0,26.32,9.0,0.0,0.0,0.0,1579.2,0.0,1579.2
2020-12-13 15:48:00,0.0,0.0,0.0,23.65,0.0,23.65,9.0,0.0,0.0,0.0,1419.0,0.0,1419.0
2020-12-13 15:49:00,0.0,0.07,0.0,30.58,0.0,30.65,9.0,0.0,4.2,0.0,1834.8,0.0,1839.0
2020-12-13 15:50:00,0.0,0.1,0.0,56.0,0.0,56.1,9.0,0.0,6.0,0.0,3360.0,0.0,3366.0
2020-12-13 15:51:00,0.0,0.1,0.0,56.18,0.0,56.28,9.0,0.0,6.0,0.0,3370.8,0.0,3376.8
2020-12-13 15:52:00,0.0,0.08,0.0,65.42,0.0,65.5,9.0,0.0,4.8,0.0,3925.2000000000003,0.0,3930.0
2020-12-13 15:53:00,0.0,0.0,0.0,79.42,0.0,79.42,9.0,0.0,0.0,0.0,4765.2,0.0,4765.2
2020-12-13 15:54:00,0.0,0.0,0.0,56.58,0.0,56.58,9.0,0.0,0.0,0.0,3394.7999999999997,0.0,3394.7999999999997
2020-12-13 15:55:00,0.07,0.0,0.0,98.0,0.0,97.93,9.0,4.2,0.0,0.0,5880.0,0.0,5875.8
2020-12-13 15:56:00,0.0,0.0,0.0,80.1,0.0,80.1,9.0,0.0,0.0,0.0,4806.0,0.0,4806.0
2020-12-13 15:57:00,0.0,0.0,0.0,94.9,0.0,94.9,9.0,0.0,0.0,0.0,5694.0,0.0,5694.0
2020-12-13 15:58:00,0.0,0.0,0.0,104.88,0.0,104.88,9.0,0.0,0.0,0.0,6292.8,0.0,6292.8
2020-12-13 15:59:00,0.0,0.0,0.0,127.87,0.0,127.87,9.0,0.0,0.0,0.0,7672.200000000001,0.0,7672.200000000001
2020-12-13 16:00:00,0.0,0.0,0.0,120.52,0.0,120.52,9.0,0.0,0.0,0.0,7231.2,0.0,7231.2
2020-12-13 16:01:00,0.0,0.0,0.0,87.5,0.0,87.5,9.0,0.0,0.0,0.0,5250.0,0.0,5250.0
2020-12-13 16:02:00,0.0,0.0,0.0,84.57,0.0,84.57,9.0,0.0,0.0,0.0,5074.2,0.0,5074.2
2020-12-13 16:03:00,0.0,0.0,0.0,54.6,0.0,54.6,9.0,0.0,0.0,0.0,3276.0,0.0,3276.0
2020-12-13 16:04:00,0.0,0.0,0.0,54.52,0.0,54.52,9.0,0.0,0.0,0.0,3271.2000000000003,0.0,3271.2000000000003
2020-12-13 16:05:00,0.0,0.0,0.0,54.85,0.0,54.85,9.0,0.0,0.0,0.0,3291.0,0.0,3291.0
2020-12-13 16:06:00,0.0,0.0,0.0,53.62,0.0,53.62,9.0,0.0,0.0,0.0,3217.2,0.0,3217.2
2020-12-13 16:07:00,0.0,0.0,0.0,52.82,0.0,52.82,9.0,0.0,0.0,0.0,3169.2000000000003,0.0,3169.2000000000003
2020-12-13 16:08:00,0.0,0.0,0.0,52.95,0.0,52.95,9.0,0.0,0.0,0.0,3177.0,0.0,3177.0
2020-12-13 16:09:00,0.0,0.0,0.0,52.73,0.0,52.73,9.0,0.0,0.0,0.0,3163.7999999999997,0.0,3163.7999999999997
2020-12-13 16:10:00,0.0,0.0,0.0,60.58,0.0,60.58,9.0,0.0,0.0,0.0,3634.7999999999997,0.0,3634.7999999999997
2020-12-13 16:11:00,0.0,0.0,0.0,59.28,0.0,59.28,9.0,0.0,0.0,0.0,3556.8,0.0,3556.8
2020-12-13 16:12:00,0.0,0.0,0.0,44.05,0.0,44.05,9.0,0.0,0.0,0.0,2643.0,0.0,2643.0
2020-12-13 16:13:00,0.03,0.0,0.0,50.67,0.0,50.64,9.0,1.8,0.0,0.0,3040.2000000000003,0.0,3038.4
2020-12-13 16:14:00,0.0,0.0,0.0,54.2,0.0,54.2,9.0,0.0,0.0,0.0,3252.0,0.0,3252.0
2020-12-13 16:15:00,0.0,0.0,0.0,52.6,0.0,52.6,9.0,0.0,0.0,0.0,3156.0,0.0,3156.0
2020-12-13 16:16:00,0.03,0.0,0.03,41.58,0.0,41.52,9.0,1.8,0.0,1.8,2494.7999999999997,0.0,2491.2000000000003
2020-12-13 16:17:00,0.0,0.0,0.47,40.43,0.0,39.96,9.0,0.0,0.0,28.2,2425.8,0.0,2397.6
2020-12-13 16:18:00,0.0,0.0,0.7,35.1,0.0,34.4,9.0,0.0,0.0,42.0,2106.0,0.0,2064.0
2020-12-13 16:19:00,0.0,0.0,0.6,32.85,0.0,32.25,9.0,0.0,0.0,36.0,1971.0,0.0,1935.0
2020-12-13 16:20:00,0.0,0.0,0.57,31.38,0.0,30.81,9.0,0.0,0.0,34.199999999999996,1882.8,0.0,1848.6
2020-12-13 16:21:00,0.0,0.0,0.47,33.18,0.0,32.71,9.0,0.0,0.0,28.2,1990.8,0.0,1962.6000000000001
2020-12-13 16:22:00,0.0,0.0,0.32,33.82,0.0,33.5,9.0,0.0,0.0,19.2,2029.2,0.0,2010.0
2020-12-13 16:23:00,0.0,0.0,0.1,50.87,0.0,50.77,9.0,0.0,0.0,6.0,3052.2,0.0,3046.2000000000003
2020-12-13 16:24:00,0.0,0.17,0.0,78.12,0.0,78.29,9.0,0.0,10.200000000000001,0.0,4687.200000000001,0.0,4697.400000000001
2020-12-13 16:25:00,0.0,0.33,0.0,79.5,0.0,79.83,9.0,0.0,19.8,0.0,4770.0,0.0,4789.8
2020-12-13 16:26:00,0.0,0.5,0.0,80.12,0.0,80.62,9.0,0.0,30.0,0.0,4807.200000000001,0.0,4837.200000000001
2020-12-13 16:27:00,0.0,0.65,0.0,102.88,0.0,103.53,9.0,0.0,39.0,0.0,6172.8,0.0,6211.8
2020-12-13 16:28:00,0.0,0.78,0.0,107.23,0.0,108.01,9.0,0.0,46.800000000000004,0.0,6433.8,0.0,6480.6
2020-12-13 16:29:00,0.0,0.75,0.0,90.28,0.0,91.03,9.0,0.0,45.0,0.0,5416.8,0.0,5461.8
2020-12-13 16:30:00,0.0,0.15,0.0,85.2,0.0,85.35,9.0,0.0,9.0,0.0,5112.0,0.0,5121.0
2020-12-13 16:31:00,0.0,0.2,0.0,68.03,0.0,68.23,9.0,0.0,12.0,0.0,4081.8,0.0,4093.8
2020-12-13 16:32:00,0.0,0.23,0.0,36.93,0.0,37.16,9.0,0.0,13.8,0.0,2215.8,0.0,2229.6
2020-12-13 16:33:00,0.0,0.25,0.0,35.8,0.0,36.05,9.0,0.0,15.0,0.0,2148.0,0.0,2163.0
2020-12-13 16:34:00,0.0,0.25,0.0,32.43,0.0,32.68,9.0,0.0,15.0,0.0,1945.8,0.0,1960.8
2020-12-13 16:35:00,0.0,0.13,0.0,29.1,0.0,29.23,9.0,0.0,7.800000000000001,0.0,1746.0,0.0,1753.8
2020-12-13 16:36:00,0.0,0.17,0.0,29.03,0.0,29.2,9.0,0.0,10.200000000000001,0.0,1741.8000000000002,0.0,1752.0
2020-12-13 16:37:00,0.0,0.15,0.0,30.62,0.0,30.77,9.0,0.0,9.0,0.0,1837.2,0.0,1846.2
2020-12-13 16:38:00,0.0,0.15,0.0,28.13,0.0,28.28,9.0,0.0,9.0,0.0,1687.8,0.0,1696.8000000000002
2020-12-13 16:39:00,0.0,0.15,0.0,21.37,0.0,21.52,9.0,0.0,9.0,0.0,1282.2,0.0,1291.2
2020-12-13 16:40:00,0.0,0.15,0.0,21.18,0.0,21.33,9.0,0.0,9.0,0.0,1270.8,0.0,1279.8
2020-12-13 16:41:00,0.0,0.15,0.0,21.2,0.0,21.35,9.0,0.0,9.0,0.0,1272.0,0.0,1281.0
2020-12-13 16:42:00,0.0,0.15,0.0,21.13,0.0,21.28,9.0,0.0,9.0,0.0,1267.8,0.0,1276.8000000000002
2020-12-13 16:43:00,0.0,0.15,0.0,21.48,0.0,21.63,9.0,0.0,9.0,0.0,1288.8,0.0,1297.8
2020-12-13 16:44:00,0.0,0.15,0.0,27.13,0.0,27.28,9.0,0.0,9.0,0.0,1627.8,0.0,1636.8000000000002
2020-12-13 16:45:00,0.0,0.15,0.0,25.9,0.0,26.05,9.0,0.0,9.0,0.0,1554.0,0.0,1563.0
2020-12-13 16:46:00,0.0,0.15,0.0,26.22,0.0,26.37,9.0,0.0,9.0,0.0,1573.2,0.0,1582.2
2020-12-13 16:47:00,0.0,0.15,0.0,36.52,0.0,36.67,9.0,0.0,9.0,0.0,2191.2000000000003,0.0,2200.2000000000003
2020-12-13 16:48:00,0.0,0.15,0.0,26.08,0.0,26.23,9.0,0.0,9.0,0.0,1564.8,0.0,1573.8
2020-12-13 16:49:00,0.0,0.15,0.0,22.62,0.0,22.77,9.0,0.0,9.0,0.0,1357.2,0.0,1366.2
2020-12-13 16:50:00,0.0,0.15,0.0,22.13,0.0,22.28,9.0,0.0,9.0,0.0,1327.8,0.0,1336.8000000000002
2020-12-13 16:51:00,0.0,0.15,0.0,21.78,0.0,21.93,9.0,0.0,9.0,0.0,1306.8000000000002,0.0,1315.8
2020-12-13 16:52:00,0.0,0.15,0.0,21.8,0.0,21.95,9.0,0.0,9.0,0.0,1308.0,0.0,1317.0
2020-12-13 16:53:00,0.0,0.15,0.0,22.08,0.0,22.23,9.0,0.0,9.0,0.0,1324.8,0.0,1333.8
2020-12-13 16:54:00,0.0,0.15,0.0,22.08,0.0,22.23,9.0,0.0,9.0,0.0,1324.8,0.0,1333.8
2020-12-13 16:55:00,0.0,0.15,0.0,22.05,0.0,22.2,9.0,0.0,9.0,0.0,1323.0,0.0,1332.0
2020-12-13 16:56:00,0.0,0.15,0.0,22.13,0.0,22.28,9.0,0.0,9.0,0.0,1327.8,0.0,1336.8000000000002
2020-12-13 16:57:00,0.0,0.15,0.0,26.7,0.0,26.85,9.0,0.0,9.0,0.0,1602.0,0.0,1611.0
2020-12-13 16:58:00,0.0,0.15,0.0,24.67,0.0,24.82,9.0,0.0,9.0,0.0,1480.2,0.0,1489.2
2020-12-13 16:59:00,0.0,0.15,0.0,38.85,0.0,39.0,9.0,0.0,9.0,0.0,2331.0,0.0,2340.0
2020-12-13 17:00:00,0.0,0.15,0.0,30.05,0.0,30.2,9.0,0.0,9.0,0.0,1803.0,0.0,1812.0
2020-12-13 17:01:00,0.0,0.15,0.0,28.75,0.0,28.9,9.0,0.0,9.0,0.0,1725.0,0.0,1734.0
2020-12-13 17:02:00,0.0,0.15,0.0,23.53,0.0,23.68,9.0,0.0,9.0,0.0,1411.8000000000002,0.0,1420.8
2020-12-13 17:03:00,0.0,0.15,0.0,30.95,0.0,31.1,9.0,0.0,9.0,0.0,1857.0,0.0,1866.0
2020-12-13 17:04:00,0.0,0.15,0.0,33.83,0.0,33.98,9.0,0.0,9.0,0.0,2029.8,0.0,2038.7999999999997
2020-12-13 17:05:00,0.0,0.15,0.0,34.45,0.0,34.6,9.0,0.0,9.0,0.0,2067.0,0.0,2076.0
2020-12-13 17:06:00,0.0,0.15,0.0,34.78,0.0,34.93,9.0,0.0,9.0,0.0,2086.8,0.0,2095.8
2020-12-13 17:07:00,0.0,0.15,0.0,34.7,0.0,34.85,9.0,0.0,9.0,0.0,2082.0,0.0,2091.0
2020-12-13 17:08:00,0.0,0.15,0.0,34.92,0.0,35.07,9.0,0.0,9.0,0.0,2095.2000000000003,0.0,2104.2000000000003
2020-12-13 17:09:00,0.0,0.15,0.0,34.55,0.0,34.7,9.0,0.0,9.0,0.0,2073.0,0.0,2082.0
2020-12-13 17:10:00,0.0,0.15,0.0,23.63,0.0,23.78,9.0,0.0,9.0,0.0,1417.8,0.0,1426.8000000000002
2020-12-13 17:11:00,0.0,0.15,0.0,21.28,0.0,21.43,9.0,0.0,9.0,0.0,1276.8000000000002,0.0,1285.8
2020-12-13 17:12:00,0.0,0.15,0.0,21.53,0.0,21.68,9.0,0.0,9.0,0.0,1291.8000000000002,0.0,1300.8
2020-12-13 17:13:00,0.0,0.15,0.0,21.28,0.0,21.43,9.0,0.0,9.0,0.0,1276.8000000000002,0.0,1285.8
2020-12-13 17:14:00,0.0,0.15,0.0,21.43,0.0,21.58,9.0,0.0,9.0,0.0,1285.8,0.0,1294.8
2020-12-13 17:15:00,0.0,0.15,0.0,21.35,0.0,21.5,9.0,0.0,9.0,0.0,1281.0,0.0,1290.0
2020-12-13 17:16:00,0.0,0.15,0.0,21.72,0.0,21.87,9.0,0.0,9.0,0.0,1303.2,0.0,1312.2
2020-12-13 17:17:00,0.0,0.15,0.0,21.9,0.0,22.05,9.0,0.0,9.0,0.0,1314.0,0.0,1323.0
2020-12-13 17:18:00,0.0,0.15,0.0,21.93,0.0,22.08,9.0,0.0,9.0,0.0,1315.8,0.0,1324.8
2020-12-13 17:19:00,0.0,0.15,0.0,21.98,0.0,22.13,9.0,0.0,9.0,0.0,1318.8,0.0,1327.8
2020-12-13 17:20:00,0.0,0.15,0.0,22.0,0.0,22.15,9.0,0.0,9.0,0.0,1320.0,0.0,1329.0
2020-12-13 17:21:00,0.0,0.15,0.0,30.17,0.0,30.32,9.0,0.0,9.0,0.0,1810.2,0.0,1819.2
2020-12-13 17:22:00,0.0,0.15,0.0,36.85,0.0,37.0,9.0,0.0,9.0,0.0,2211.0,0.0,2220.0
2020-12-13 17:23:00,0.0,0.15,0.0,40.88,0.0,41.03,9.0,0.0,9.0,0.0,2452.8,0.0,2461.8
2020-12-13 17:24:00,0.0,0.15,0.0,35.25,0.0,35.4,9.0,0.0,9.0,0.0,2115.0,0.0,2124.0
2020-12-13 17:25:00,0.0,0.15,0.0,21.57,0.0,21.72,9.0,0.0,9.0,0.0,1294.2,0.0,1303.2
2020-12-13 17:26:00,0.0,0.15,0.0,21.63,0.0,21.78,9.0,0.0,9.0,0.0,1297.8,0.0,1306.8000000000002
2020-12-13 17:27:00,0.0,0.15,0.0,21.53,0.0,21.68,9.0,0.0,9.0,0.0,1291.8000000000002,0.0,1300.8
2020-12-13 17:28:00,0.0,0.15,0.0,21.78,0.0,21.93,9.0,0.0,9.0,0.0,1306.8000000000002,0.0,1315.8
2020-12-13 17:29:00,0.0,0.15,0.0,21.95,0.0,22.1,9.0,0.0,9.0,0.0,1317.0,0.0,1326.0
2020-12-13 17:30:00,0.0,0.15,0.0,21.82,0.0,21.97,9.0,0.0,9.0,0.0,1309.2,0.0,1318.2
2020-12-13 17:31:00,0.0,0.15,0.0,21.92,0.0,22.07,9.0,0.0,9.0,0.0,1315.2,0.0,1324.2
2020-12-13 17:32:00,0.0,0.15,0.0,22.18,0.0,22.33,9.0,0.0,9.0,0.0,1330.8,0.0,1339.8
2020-12-13 17:33:00,0.0,0.15,0.0,22.23,0.0,22.38,9.0,0.0,9.0,0.0,1333.8,0.0,1342.8
2020-12-13 17:34:00,0.0,0.15,0.0,23.72,0.0,23.87,9.0,0.0,9.0,0.0,1423.2,0.0,1432.2
2020-12-13 17:35:00,0.0,0.15,0.0,29.7,0.0,29.85,9.0,0.0,9.0,0.0,1782.0,0.0,1791.0
2020-12-13 17:36:00,0.0,0.15,0.0,30.78,0.0,30.93,9.0,0.0,9.0,0.0,1846.8000000000002,0.0,1855.8
2020-12-13 17:37:00,0.0,0.15,0.0,30.83,0.0,30.98,9.0,0.0,9.0,0.0,1849.8,0.0,1858.8
2020-12-13 17:38:00,0.0,0.15,0.0,30.53,0.0,30.68,9.0,0.0,9.0,0.0,1831.8000000000002,0.0,1840.8
2020-12-13 17:39:00,0.0,0.15,0.0,30.68,0.0,30.83,9.0,0.0,9.0,0.0,1840.8,0.0,1849.8
2020-12-13 17:40:00,0.0,0.15,0.0,30.28,0.0,30.43,9.0,0.0,9.0,0.0,1816.8000000000002,0.0,1825.8
2020-12-13 17:41:00,0.0,0.15,0.0,35.05,0.0,35.2,9.0,0.0,9.0,0.0,2103.0,0.0,2112.0
2020-12-13 17:42:00,0.0,0.15,0.0,35.23,0.0,35.38,9.0,0.0,9.0,0.0,2113.7999999999997,0.0,2122.8
2020-12-13 17:43:00,0.0,0.15,0.0,30.37,0.0,30.52,9.0,0.0,9.0,0.0,1822.2,0.0,1831.2
2020-12-13 17:44:00,0.0,0.15,0.0,30.2,0.0,30.35,9.0,0.0,9.0,0.0,1812.0,0.0,1821.0
2020-12-13 17:45:00,0.0,0.15,0.0,29.83,0.0,29.98,9.0,0.0,9.0,0.0,1789.8,0.0,1798.8
2020-12-13 17:46:00,0.0,0.15,0.0,29.68,0.0,29.83,9.0,0.0,9.0,0.0,1780.8,0.0,1789.8
2020-12-13 17:47:00,0.0,0.15,0.0,29.87,0.0,30.02,9.0,0.0,9.0,0.0,1792.2,0.0,1801.2
2020-12-13 17:48:00,0.0,0.15,0.0,29.75,0.0,29.9,9.0,0.0,9.0,0.0,1785.0,0.0,1794.0
2020-12-13 17:49:00,0.0,0.15,0.0,29.65,0.0,29.8,9.0,0.0,9.0,0.0,1779.0,0.0,1788.0
2020-12-13 17:50:00,0.0,0.15,0.0,29.7,0.0,29.85,9.0,0.0,9.0,0.0,1782.0,0.0,1791.0
2020-12-13 17:51:00,0.0,0.15,0.0,32.0,0.0,32.15,9.0,0.0,9.0,0.0,1920.0,0.0,1929.0
2020-12-13 17:52:00,0.0,0.15,0.0,70.2,0.0,70.35,9.0,0.0,9.0,0.0,4212.0,0.0,4221.0
2020-12-13 17:53:00,0.0,0.15,0.0,71.22,0.0,71.37,9.0,0.0,9.0,0.0,4273.2,0.0,4282.200000000001
2020-12-13 17:54:00,0.0,0.15,0.0,100.27,0.0,100.42,9.0,0.0,9.0,0.0,6016.2,0.0,6025.2
2020-12-13 17:55:00,0.0,0.15,0.0,101.4,0.0,101.55,9.0,0.0,9.0,0.0,6084.0,0.0,6093.0
2020-12-13 17:56:00,0.0,0.15,0.0,101.82,0.0,101.97,9.0,0.0,9.0,0.0,6109.2,0.0,6118.2
2020-12-13 17:57:00,0.0,0.15,0.0,106.72,0.0,106.87,9.0,0.0,9.0,0.0,6403.2,0.0,6412.200000000001
2020-12-13 17:58:00,0.0,0.15,0.0,102.95,0.0,103.1,9.0,0.0,9.0,0.0,6177.0,0.0,6186.0
2020-12-13 17:59:00,0.0,0.15,0.0,76.7,0.0,76.85,9.0,0.0,9.0,0.0,4602.0,0.0,4611.0
2020-12-13 18:00:00,0.0,0.15,0.0,57.6,0.0,57.75,9.0,0.0,9.0,0.0,3456.0,0.0,3465.0
2020-12-13 18:01:00,0.0,0.2249999999999999,0.0,84.835,0.0,85.06,9.0,0.0,13.499999999999995,0.0,5090.099999999999,0.0,5103.6
2020-12-13 18:02:00,0.0,0.3,0.0,112.07,0.0,112.37,9.0,0.0,18.0,0.0,6724.2,0.0,6742.200000000001
2020-12-13 18:03:00,0.0,0.15,0.0,57.67,0.0,57.82,9.0,0.0,9.0,0.0,3460.2000000000003,0.0,3469.2000000000003
2020-12-13 18:04:00,0.0,0.15,0.0,37.8,0.0,37.95,9.0,0.0,9.0,0.0,2268.0,0.0,2277.0
2020-12-13 18:05:00,0.0,0.15,0.0,57.15,0.0,57.3,9.0,0.0,9.0,0.0,3429.0,0.0,3438.0
2020-12-13 18:06:00,0.0,0.15,0.0,47.75,0.0,47.9,9.0,0.0,9.0,0.0,2865.0,0.0,2874.0
2020-12-13 18:07:00,0.0,0.15,0.0,56.13,0.0,56.28,9.0,0.0,9.0,0.0,3367.8,0.0,3376.8
2020-12-13 18:08:00,0.0,0.15,0.0,55.48,0.0,55.63,9.0,0.0,9.0,0.0,3328.7999999999997,0.0,3337.8
2020-12-13 18:09:00,0.0,0.15,0.0,48.95,0.0,49.1,9.0,0.0,9.0,0.0,2937.0,0.0,2946.0
2020-12-13 18:10:00,0.0,0.15,0.0,19.8,0.0,19.95,9.0,0.0,9.0,0.0,1188.0,0.0,1197.0
2020-12-13 18:11:00,0.0,0.15,0.0,19.32,0.0,19.47,9.0,0.0,9.0,0.0,1159.2,0.0,1168.2
2020-12-13 18:12:00,0.0,0.15,0.0,21.68,0.0,21.83,9.0,0.0,9.0,0.0,1300.8,0.0,1309.8
2020-12-13 18:13:00,0.0,0.15,0.0,46.47,0.0,46.62,9.0,0.0,9.0,0.0,2788.2,0.0,2797.2
2020-12-13 18:14:00,0.0,0.15,0.0,46.65,0.0,46.8,9.0,0.0,9.0,0.0,2799.0,0.0,2808.0
2020-12-13 18:15:00,0.0,0.15,0.0,22.03,0.0,22.18,9.0,0.0,9.0,0.0,1321.8000000000002,0.0,1330.8
2020-12-13 18:16:00,0.0,0.15,0.0,16.23,0.0,16.38,9.0,0.0,9.0,0.0,973.8000000000001,0.0,982.8
2020-12-13 18:17:00,0.0,0.15,0.0,16.6,0.0,16.75,9.0,0.0,9.0,0.0,996.0000000000001,0.0,1005.0
2020-12-13 18:18:00,0.0,0.15,0.0,11.38,0.0,11.53,9.0,0.0,9.0,0.0,682.8000000000001,0.0,691.8
2020-12-13 18:19:00,0.0,0.15,0.0,10.02,0.0,10.17,9.0,0.0,9.0,0.0,601.1999999999999,0.0,610.2
2020-12-13 18:20:00,0.0,0.15,0.0,10.18,0.0,10.33,9.0,0.0,9.0,0.0,610.8,0.0,619.8000000000001
2020-12-13 18:21:00,0.0,0.15,0.0,10.12,0.0,10.27,9.0,0.0,9.0,0.0,607.1999999999999,0.0,616.1999999999999
2020-12-13 18:22:00,0.0,0.15,0.0,10.08,0.0,10.23,9.0,0.0,9.0,0.0,604.8000000000001,0.0,613.8000000000001
2020-12-13 18:23:00,0.0,0.15,0.0,10.0,0.0,10.15,9.0,0.0,9.0,0.0,600.0,0.0,609.0
2020-12-13 18:24:00,0.0,0.15,0.0,10.03,0.0,10.18,9.0,0.0,9.0,0.0,601.8,0.0,610.8
2020-12-13 18:25:00,0.0,0.15,0.0,10.07,0.0,10.22,9.0,0.0,9.0,0.0,604.2,0.0,613.2
2020-12-13 18:26:00,0.0,0.15,0.0,9.97,0.0,10.12,9.0,0.0,9.0,0.0,598.2,0.0,607.1999999999999
2020-12-13 18:27:00,0.0,0.15,0.0,9.17,0.0,9.32,9.0,0.0,9.0,0.0,550.2,0.0,559.2
2020-12-13 18:28:00,0.0,0.15,0.0,8.33,0.0,8.48,9.0,0.0,9.0,0.0,499.8,0.0,508.8
2020-12-13 18:29:00,0.0,0.15,0.0,9.15,0.0,9.3,9.0,0.0,9.0,0.0,549.0,0.0,558.0
2020-12-13 18:30:00,0.0,0.15,0.0,9.17,0.0,9.32,9.0,0.0,9.0,0.0,550.2,0.0,559.2
2020-12-13 18:31:00,0.0,0.15,0.0,9.1,0.0,9.25,9.0,0.0,9.0,0.0,546.0,0.0,555.0
2020-12-13 18:32:00,0.0,0.15,0.0,8.97,0.0,9.12,9.0,0.0,9.0,0.0,538.2,0.0,547.1999999999999
2020-12-13 18:33:00,0.0,0.15,0.0,10.13,0.0,10.28,9.0,0.0,9.0,0.0,607.8000000000001,0.0,616.8
2020-12-13 18:34:00,0.0,0.15,0.0,15.32,0.0,15.47,9.0,0.0,9.0,0.0,919.2,0.0,928.2
2020-12-13 18:35:00,0.0,0.15,0.0,11.05,0.0,11.2,9.0,0.0,9.0,0.0,663.0,0.0,672.0
2020-12-13 18:36:00,0.0,0.15,0.0,9.27,0.0,9.42,9.0,0.0,9.0,0.0,556.1999999999999,0.0,565.2
2020-12-13 18:37:00,0.0,0.15,0.0,9.72,0.0,9.87,9.0,0.0,9.0,0.0,583.2,0.0,592.1999999999999
2020-12-13 18:38:00,0.0,0.15,0.0,10.02,0.0,10.17,9.0,0.0,9.0,0.0,601.1999999999999,0.0,610.2
2020-12-13 18:39:00,0.0,0.15,0.0,10.0,0.0,10.15,9.0,0.0,9.0,0.0,600.0,0.0,609.0
2020-12-13 18:40:00,0.0,0.15,0.0,10.02,0.0,10.17,9.0,0.0,9.0,0.0,601.1999999999999,0.0,610.2
2020-12-13 18:41:00,0.0,0.15,0.0,9.92,0.0,10.07,9.0,0.0,9.0,0.0,595.2,0.0,604.2
2020-12-13 18:42:00,0.0,0.15,0.0,10.07,0.0,10.22,9.0,0.0,9.0,0.0,604.2,0.0,613.2
2020-12-13 18:43:00,0.0,0.15,0.0,9.97,0.0,10.12,9.0,0.0,9.0,0.0,598.2,0.0,607.1999999999999
2020-12-13 18:44:00,0.0,0.15,0.0,10.0,0.0,10.15,9.0,0.0,9.0,0.0,600.0,0.0,609.0
2020-12-13 18:45:00,0.0,0.15,0.0,9.78,0.0,9.93,9.0,0.0,9.0,0.0,586.8,0.0,595.8
2020-12-13 18:46:00,0.0,0.15,0.0,9.87,0.0,10.02,9.0,0.0,9.0,0.0,592.1999999999999,0.0,601.1999999999999
2020-12-13 18:47:00,0.0,0.15,0.0,10.33,0.0,10.48,9.0,0.0,9.0,0.0,619.8000000000001,0.0,628.8000000000001
2020-12-13 18:48:00,0.0,0.15,0.0,10.07,0.0,10.22,9.0,0.0,9.0,0.0,604.2,0.0,613.2
2020-12-13 18:49:00,0.0,0.15,0.0,10.12,0.0,10.27,9.0,0.0,9.0,0.0,607.1999999999999,0.0,616.1999999999999
2020-12-13 18:50:00,0.0,0.15,0.0,10.1,0.0,10.25,9.0,0.0,9.0,0.0,606.0,0.0,615.0
2020-12-13 18:51:00,0.0,0.15,0.0,9.98,0.0,10.13,9.0,0.0,9.0,0.0,598.8000000000001,0.0,607.8000000000001
2020-12-13 18:52:00,0.0,0.15,0.0,9.97,0.0,10.12,9.0,0.0,9.0,0.0,598.2,0.0,607.1999999999999
2020-12-13 18:53:00,0.0,0.15,0.0,13.08,0.0,13.23,9.0,0.0,9.0,0.0,784.8000000000001,0.0,793.8000000000001
2020-12-13 18:54:00,0.0,0.15,0.0,16.17,0.0,16.32,9.0,0.0,9.0,0.0,970.2000000000002,0.0,979.2
2020-12-13 18:55:00,0.0,0.15,0.0,10.23,0.0,10.38,9.0,0.0,9.0,0.0,613.8000000000001,0.0,622.8000000000001
2020-12-13 18:56:00,0.0,0.15,0.0,9.75,0.0,9.9,9.0,0.0,9.0,0.0,585.0,0.0,594.0
2020-12-13 18:57:00,0.0,0.15,0.0,10.25,0.0,10.4,9.0,0.0,9.0,0.0,615.0,0.0,624.0
2020-12-13 18:58:00,0.0,0.15,0.0,10.0,0.0,10.15,9.0,0.0,9.0,0.0,600.0,0.0,609.0
2020-12-13 18:59:00,0.0,0.15,0.0,9.93,0.0,10.08,9.0,0.0,9.0,0.0,595.8,0.0,604.8000000000001
2020-12-13 19:00:00,0.0,0.15,0.0,10.0,0.0,10.15,9.0,0.0,9.0,0.0,600.0,0.0,609.0
2020-12-13 19:01:00,0.0,0.15,0.0,10.05,0.0,10.2,9.0,0.0,9.0,0.0,603.0,0.0,612.0
2020-12-13 19:02:00,0.0,0.15,0.0,10.03,0.0,10.18,9.0,0.0,9.0,0.0,601.8,0.0,610.8
2020-12-13 19:03:00,0.0,0.15,0.0,10.1,0.0,10.25,9.0,0.0,9.0,0.0,606.0,0.0,615.0
2020-12-13 19:04:00,0.0,0.15,0.0,10.08,0.0,10.23,9.0,0.0,9.0,0.0,604.8000000000001,0.0,613.8000000000001
2020-12-13 19:05:00,0.0,0.15,0.0,10.07,0.0,10.22,9.0,0.0,9.0,0.0,604.2,0.0,613.2
2020-12-13 19:06:00,0.0,0.15,0.0,10.12,0.0,10.27,9.0,0.0,9.0,0.0,607.1999999999999,0.0,616.1999999999999
2020-12-13 19:07:00,0.0,0.15,0.0,10.35,0.0,10.5,9.0,0.0,9.0,0.0,621.0,0.0,630.0
2020-12-13 19:08:00,0.0,0.15,0.0,10.18,0.0,10.33,9.0,0.0,9.0,0.0,610.8,0.0,619.8000000000001
2020-12-13 19:09:00,0.0,0.15,0.0,11.13,0.0,11.28,9.0,0.0,9.0,0.0,667.8000000000001,0.0,676.8
2020-12-13 19:10:00,0.0,0.15,0.0,16.27,0.0,16.42,9.0,0.0,9.0,0.0,976.1999999999999,0.0,985.2000000000002
2020-12-13 19:11:00,0.0,0.15,0.0,11.13,0.0,11.28,9.0,0.0,9.0,0.0,667.8000000000001,0.0,676.8
2020-12-13 19:12:00,0.0,0.15,0.0,9.77,0.0,9.92,9.0,0.0,9.0,0.0,586.1999999999999,0.0,595.2
2020-12-13 19:13:00,0.0,0.15,0.0,9.72,0.0,9.87,9.0,0.0,9.0,0.0,583.2,0.0,592.1999999999999
2020-12-13 19:14:00,0.0,0.15,0.0,10.15,0.0,10.3,9.0,0.0,9.0,0.0,609.0,0.0,618.0
2020-12-13 19:15:00,0.0,0.15,0.0,9.95,0.0,10.1,9.0,0.0,9.0,0.0,597.0,0.0,606.0
2020-12-13 19:16:00,0.0,0.15,0.0,10.03,0.0,10.18,9.0,0.0,9.0,0.0,601.8,0.0,610.8
2020-12-13 19:17:00,0.0,0.15,0.0,10.35,0.0,10.5,9.0,0.0,9.0,0.0,621.0,0.0,630.0
2020-12-13 19:18:00,0.0,0.15,0.0,10.1,0.0,10.25,9.0,0.0,9.0,0.0,606.0,0.0,615.0
2020-12-13 19:19:00,0.0,0.15,0.0,9.8,0.0,9.95,9.0,0.0,9.0,0.0,588.0,0.0,597.0
2020-12-13 19:20:00,0.0,0.15,0.0,9.8,0.0,9.95,9.0,0.0,9.0,0.0,588.0,0.0,597.0
2020-12-13 19:21:00,0.0,0.15,0.0,10.12,0.0,10.27,9.0,0.0,9.0,0.0,607.1999999999999,0.0,616.1999999999999
2020-12-13 19:22:00,0.0,0.15,0.0,10.07,0.0,10.22,9.0,0.0,9.0,0.0,604.2,0.0,613.2
2020-12-13 19:23:00,0.0,0.15,0.0,10.05,0.0,10.2,9.0,0.0,9.0,0.0,603.0,0.0,612.0
2020-12-13 19:24:00,0.0,0.15,0.0,9.93,0.0,10.08,9.0,0.0,9.0,0.0,595.8,0.0,604.8000000000001
2020-12-13 19:25:00,0.0,0.15,0.0,9.13,0.0,9.28,9.0,0.0,9.0,0.0,547.8000000000001,0.0,556.8
2020-12-13 19:26:00,0.0,0.15,0.0,14.35,0.0,14.5,9.0,0.0,9.0,0.0,861.0,0.0,870.0
2020-12-13 19:27:00,0.0,0.15,0.0,12.35,0.0,12.5,9.0,0.0,9.0,0.0,741.0,0.0,750.0
2020-12-13 19:28:00,0.0,0.15,0.0,12.93,0.0,13.08,9.0,0.0,9.0,0.0,775.8,0.0,784.8000000000001
2020-12-13 19:29:00,0.0,0.15,0.0,10.05,0.0,10.2,9.0,0.0,9.0,0.0,603.0,0.0,612.0
2020-12-13 19:30:00,0.0,0.15,0.0,14.68,0.0,14.83,9.0,0.0,9.0,0.0,880.8,0.0,889.8000000000001
2020-12-13 19:31:00,0.0,0.15,0.0,40.93,0.0,41.08,9.0,0.0,9.0,0.0,2455.8,0.0,2464.7999999999997
2020-12-13 19:32:00,0.0,0.15,0.0,40.88,0.0,41.03,9.0,0.0,9.0,0.0,2452.8,0.0,2461.8
2020-12-13 19:33:00,0.0,0.15,0.0,40.85,0.0,41.0,9.0,0.0,9.0,0.0,2451.0,0.0,2460.0
2020-12-13 19:34:00,0.0,0.15,0.0,40.98,0.0,41.13,9.0,0.0,9.0,0.0,2458.7999999999997,0.0,2467.8
2020-12-13 19:35:00,0.0,0.15,0.0,40.02,0.0,40.17,9.0,0.0,9.0,0.0,2401.2000000000003,0.0,2410.2000000000003
2020-12-13 19:36:00,0.0,0.15,0.0,39.47,0.0,39.62,9.0,0.0,9.0,0.0,2368.2,0.0,2377.2
2020-12-13 19:37:00,0.0,0.15,0.0,38.45,0.0,38.6,9.0,0.0,9.0,0.0,2307.0,0.0,2316.0
2020-12-13 19:38:00,0.0,0.15,0.0,38.17,0.0,38.32,9.0,0.0,9.0,0.0,2290.2000000000003,0.0,2299.2000000000003
2020-12-13 19:39:00,0.0,0.15,0.0,36.45,0.0,36.6,9.0,0.0,9.0,0.0,2187.0,0.0,2196.0
2020-12-13 19:40:00,0.0,0.15,0.0,7.32,0.0,7.47,9.0,0.0,9.0,0.0,439.20000000000005,0.0,448.2
2020-12-13 19:41:00,0.0,0.15,0.0,7.18,0.0,7.33,9.0,0.0,9.0,0.0,430.8,0.0,439.8
2020-12-13 19:42:00,0.0,0.15,0.0,12.57,0.0,12.72,9.0,0.0,9.0,0.0,754.2,0.0,763.2
2020-12-13 19:43:00,0.0,0.15,0.0,38.33,0.0,38.48,9.0,0.0,9.0,0.0,2299.7999999999997,0.0,2308.7999999999997
2020-12-13 19:44:00,0.0,0.15,0.0,23.8,0.0,23.95,9.0,0.0,9.0,0.0,1428.0,0.0,1437.0
2020-12-13 19:45:00,0.0,0.15,0.0,11.12,0.0,11.27,9.0,0.0,9.0,0.0,667.1999999999999,0.0,676.1999999999999
2020-12-13 19:46:00,0.0,0.15,0.0,13.22,0.0,13.37,9.0,0.0,9.0,0.0,793.2,0.0,802.1999999999999
2020-12-13 19:47:00,0.0,0.15,0.0,8.0,0.0,8.15,9.0,0.0,9.0,0.0,480.0,0.0,489.0
2020-12-13 19:48:00,0.0,0.15,0.0,26.0,0.0,26.15,9.0,0.0,9.0,0.0,1560.0,0.0,1569.0
2020-12-13 19:49:00,0.0,0.15,0.0,38.62,0.0,38.77,9.0,0.0,9.0,0.0,2317.2,0.0,2326.2000000000003
2020-12-13 19:50:00,0.0,0.15,0.0,10.5,0.0,10.65,9.0,0.0,9.0,0.0,630.0,0.0,639.0
2020-12-13 19:51:00,0.0,0.15,0.0,7.27,0.0,7.42,9.0,0.0,9.0,0.0,436.2,0.0,445.2
2020-12-13 19:52:00,0.0,0.15,0.0,7.27,0.0,7.42,9.0,0.0,9.0,0.0,436.2,0.0,445.2
2020-12-13 19:53:00,0.0,0.15,0.0,25.47,0.0,25.62,9.0,0.0,9.0,0.0,1528.2,0.0,1537.2
2020-12-13 19:54:00,0.0,0.15,0.0,35.52,0.0,35.67,9.0,0.0,9.0,0.0,2131.2000000000003,0.0,2140.2000000000003
2020-12-13 19:55:00,0.0,0.15,0.0,7.32,0.0,7.47,9.0,0.0,9.0,0.0,439.20000000000005,0.0,448.2
2020-12-13 19:56:00,0.0,0.15,0.0,7.3,0.0,7.45,9.0,0.0,9.0,0.0,438.0,0.0,447.0
2020-12-13 19:57:00,0.0,0.13,0.0,33.55,0.0,33.68,9.0,0.0,7.800000000000001,0.0,2012.9999999999998,0.0,2020.8
2020-12-13 19:58:00,0.0,0.15,0.0,72.05,0.0,72.2,9.0,0.0,9.0,0.0,4323.0,0.0,4332.0
2020-12-13 19:59:00,0.0,0.15,0.0,71.88,0.0,72.03,9.0,0.0,9.0,0.0,4312.8,0.0,4321.8
2020-12-13 20:00:00,0.0,0.15,0.0,43.52,0.0,43.67,9.0,0.0,9.0,0.0,2611.2000000000003,0.0,2620.2000000000003
2020-12-13 20:01:00,0.0,0.15,0.0,42.67,0.0,42.82,9.0,0.0,9.0,0.0,2560.2000000000003,0.0,2569.2000000000003
2020-12-13 20:02:00,0.0,0.15,0.0,48.52,0.0,48.67,9.0,0.0,9.0,0.0,2911.2000000000003,0.0,2920.2000000000003
2020-12-13 20:03:00,0.0,0.15,0.0,54.12,0.0,54.27,9.0,0.0,9.0,0.0,3247.2,0.0,3256.2000000000003
2020-12-13 20:04:00,0.0,0.15,0.0,41.13,0.0,41.28,9.0,0.0,9.0,0.0,2467.8,0.0,2476.8
2020-12-13 20:05:00,0.0,0.15,0.0,16.9,0.0,17.05,9.0,0.0,9.0,0.0,1013.9999999999999,0.0,1023.0
2020-12-13 20:06:00,0.0,0.15,0.0,9.52,0.0,9.67,9.0,0.0,9.0,0.0,571.1999999999999,0.0,580.2
2020-12-13 20:07:00,0.0,0.15,0.0,9.55,0.0,9.7,9.0,0.0,9.0,0.0,573.0,0.0,582.0
2020-12-13 20:08:00,0.0,0.15,0.0,22.8,0.0,22.95,9.0,0.0,9.0,0.0,1368.0,0.0,1377.0
2020-12-13 20:09:00,0.0,0.15,0.0,41.4,0.0,41.55,9.0,0.0,9.0,0.0,2484.0,0.0,2493.0
2020-12-13 20:10:00,0.0,0.15,0.0,21.52,0.0,21.67,9.0,0.0,9.0,0.0,1291.2,0.0,1300.2
2020-12-13 20:11:00,0.0,0.15,0.0,9.38,0.0,9.53,9.0,0.0,9.0,0.0,562.8000000000001,0.0,571.8
2020-12-13 20:12:00,0.0,0.15,0.0,9.38,0.0,9.53,9.0,0.0,9.0,0.0,562.8000000000001,0.0,571.8
2020-12-13 20:13:00,0.0,0.15,0.0,23.52,0.0,23.67,9.0,0.0,9.0,0.0,1411.2,0.0,1420.2
2020-12-13 20:14:00,0.0,0.15,0.0,41.1,0.0,41.25,9.0,0.0,9.0,0.0,2466.0,0.0,2475.0
2020-12-13 20:15:00,0.0,0.15,0.0,24.9,0.0,25.05,9.0,0.0,9.0,0.0,1494.0,0.0,1503.0
2020-12-13 20:16:00,0.0,0.15,0.0,9.3,0.0,9.45,9.0,0.0,9.0,0.0,558.0,0.0,567.0
2020-12-13 20:17:00,0.0,0.15,0.0,9.3,0.0,9.45,9.0,0.0,9.0,0.0,558.0,0.0,567.0
2020-12-13 20:18:00,0.0,0.15,0.0,21.22,0.0,21.37,9.0,0.0,9.0,0.0,1273.2,0.0,1282.2
2020-12-13 20:19:00,0.0,0.15,0.0,44.57,0.0,44.72,9.0,0.0,9.0,0.0,2674.2000000000003,0.0,2683.2
2020-12-13 20:20:00,0.0,0.15,0.0,33.67,0.0,33.82,9.0,0.0,9.0,0.0,2020.2,0.0,2029.2
2020-12-13 20:21:00,0.0,0.15,0.0,9.17,0.0,9.32,9.0,0.0,9.0,0.0,550.2,0.0,559.2
2020-12-13 20:22:00,0.0,0.15,0.0,9.23,0.0,9.38,9.0,0.0,9.0,0.0,553.8000000000001,0.0,562.8000000000001
2020-12-13 20:23:00,0.0,0.15,0.0,9.25,0.0,9.4,9.0,0.0,9.0,0.0,555.0,0.0,564.0
2020-12-13 20:24:00,0.0,0.15,0.0,36.83,0.0,36.98,9.0,0.0,9.0,0.0,2209.7999999999997,0.0,2218.7999999999997
2020-12-13 20:25:00,0.0,0.15,0.0,34.75,0.0,34.9,9.0,0.0,9.0,0.0,2085.0,0.0,2094.0
2020-12-13 20:26:00,0.0,0.15,0.0,9.27,0.0,9.42,9.0,0.0,9.0,0.0,556.1999999999999,0.0,565.2
2020-12-13 20:27:00,0.0,0.15,0.0,9.25,0.0,9.4,9.0,0.0,9.0,0.0,555.0,0.0,564.0
2020-12-13 20:28:00,0.0,0.15,0.0,9.25,0.0,9.4,9.0,0.0,9.0,0.0,555.0,0.0,564.0
2020-12-13 20:29:00,0.0,0.15,0.0,40.63,0.0,40.78,9.0,0.0,9.0,0.0,2437.8,0.0,2446.8
2020-12-13 20:30:00,0.0,0.15,0.0,33.8,0.0,33.95,9.0,0.0,9.0,0.0,2027.9999999999998,0.0,2037.0000000000002
2020-12-13 20:31:00,0.0,0.15,0.0,9.23,0.0,9.38,9.0,0.0,9.0,0.0,553.8000000000001,0.0,562.8000000000001
2020-12-13 20:32:00,0.0,0.15,0.0,9.25,0.0,9.4,9.0,0.0,9.0,0.0,555.0,0.0,564.0
2020-12-13 20:33:00,0.0,0.15,0.0,14.42,0.0,14.57,9.0,0.0,9.0,0.0,865.2,0.0,874.2
2020-12-13 20:34:00,0.0,0.15,0.0,42.93,0.0,43.08,9.0,0.0,9.0,0.0,2575.8,0.0,2584.7999999999997
2020-12-13 20:35:00,0.0,0.15,0.0,37.38,0.0,37.53,9.0,0.0,9.0,0.0,2242.8,0.0,2251.8
2020-12-13 20:36:00,0.0,0.15,0.0,8.97,0.0,9.12,9.0,0.0,9.0,0.0,538.2,0.0,547.1999999999999
2020-12-13 20:37:00,0.0,0.15,0.0,9.17,0.0,9.32,9.0,0.0,9.0,0.0,550.2,0.0,559.2
2020-12-13 20:38:00,0.0,0.15,0.0,13.32,0.0,13.47,9.0,0.0,9.0,0.0,799.2,0.0,808.2
2020-12-13 20:39:00,0.0,0.15,0.0,40.45,0.0,40.6,9.0,0.0,9.0,0.0,2427.0,0.0,2436.0
2020-12-13 20:40:00,0.0,0.15,0.0,40.05,0.0,40.2,9.0,0.0,9.0,0.0,2403.0,0.0,2412.0
2020-12-13 20:41:00,0.0,0.15,0.0,9.08,0.0,9.23,9.0,0.0,9.0,0.0,544.8000000000001,0.0,553.8000000000001
2020-12-13 20:42:00,0.0,0.15,0.0,9.07,0.0,9.22,9.0,0.0,9.0,0.0,544.2,0.0,553.2
2020-12-13 20:43:00,0.0,0.15,0.0,9.12,0.0,9.27,9.0,0.0,9.0,0.0,547.1999999999999,0.0,556.1999999999999
2020-12-13 20:44:00,0.0,0.15,0.0,24.47,0.0,24.62,9.0,0.0,9.0,0.0,1468.2,0.0,1477.2
2020-12-13 20:45:00,0.0,0.15,0.0,39.3,0.0,39.45,9.0,0.0,9.0,0.0,2358.0,0.0,2367.0
2020-12-13 20:46:00,0.0,0.15,0.0,25.15,0.0,25.3,9.0,0.0,9.0,0.0,1509.0,0.0,1518.0
2020-12-13 20:47:00,0.0,0.15,0.0,9.07,0.0,9.22,9.0,0.0,9.0,0.0,544.2,0.0,553.2
2020-12-13 20:48:00,0.0,0.15,0.0,9.05,0.0,9.2,9.0,0.0,9.0,0.0,543.0,0.0,552.0
2020-12-13 20:49:00,0.0,0.15,0.0,14.32,0.0,14.47,9.0,0.0,9.0,0.0,859.2,0.0,868.2
2020-12-13 20:50:00,0.0,0.15,0.0,42.63,0.0,42.78,9.0,0.0,9.0,0.0,2557.8,0.0,2566.8
2020-12-13 20:51:00,0.0,0.15,0.0,39.93,0.0,40.08,9.0,0.0,9.0,0.0,2395.8,0.0,2404.7999999999997
2020-12-13 20:52:00,0.0,0.15,0.0,7.53,0.0,7.68,9.0,0.0,9.0,0.0,451.8,0.0,460.8
2020-12-13 20:53:00,0.0,0.15,0.0,7.52,0.0,7.67,9.0,0.0,9.0,0.0,451.2,0.0,460.2
2020-12-13 20:54:00,0.0,0.15,0.0,7.45,0.0,7.6,9.0,0.0,9.0,0.0,447.0,0.0,456.0
2020-12-13 20:55:00,0.0,0.15,0.0,24.02,0.0,24.17,9.0,0.0,9.0,0.0,1441.2,0.0,1450.2
2020-12-13 20:56:00,0.0,0.15,0.0,38.13,0.0,38.28,9.0,0.0,9.0,0.0,2287.8,0.0,2296.8
2020-12-13 20:57:00,0.0,0.15,0.0,21.87,0.0,22.02,9.0,0.0,9.0,0.0,1312.2,0.0,1321.2
2020-12-13 20:58:00,0.0,0.15,0.0,7.47,0.0,7.62,9.0,0.0,9.0,0.0,448.2,0.0,457.2
2020-12-13 20:59:00,0.0,0.15,0.0,7.35,0.0,7.5,9.0,0.0,9.0,0.0,441.0,0.0,450.0
2020-12-13 21:00:00,0.0,0.15,0.0,10.08,0.0,10.23,9.0,0.0,9.0,0.0,604.8000000000001,0.0,613.8000000000001
2020-12-13 21:01:00,0.0,0.15,0.0,39.0,0.0,39.15,9.0,0.0,9.0,0.0,2340.0,0.0,2349.0
2020-12-13 21:02:00,0.0,0.15,0.0,33.1,0.0,33.25,9.0,0.0,9.0,0.0,1986.0,0.0,1995.0
2020-12-13 21:03:00,0.0,0.15,0.0,7.45,0.0,7.6,9.0,0.0,9.0,0.0,447.0,0.0,456.0
2020-12-13 21:04:00,0.0,0.15,0.0,7.55,0.0,7.7,9.0,0.0,9.0,0.0,453.0,0.0,462.0
2020-12-13 21:05:00,0.0,0.15,0.0,7.92,0.0,8.07,9.0,0.0,9.0,0.0,475.2,0.0,484.20000000000005
2020-12-13 21:06:00,0.0,0.15,0.0,37.22,0.0,37.37,9.0,0.0,9.0,0.0,2233.2,0.0,2242.2
2020-12-13 21:07:00,0.0,0.15,0.0,39.0,0.0,39.15,9.0,0.0,9.0,0.0,2340.0,0.0,2349.0
2020-12-13 21:08:00,0.0,0.15,0.0,10.43,0.0,10.58,9.0,0.0,9.0,0.0,625.8,0.0,634.8000000000001
2020-12-13 21:09:00,0.0,0.15,0.0,14.13,0.0,14.28,9.0,0.0,9.0,0.0,847.8000000000001,0.0,856.8
2020-12-13 21:10:00,0.0,0.15,0.0,10.42,0.0,10.57,9.0,0.0,9.0,0.0,625.2,0.0,634.2
2020-12-13 21:11:00,0.0,0.15,0.0,25.32,0.0,25.47,9.0,0.0,9.0,0.0,1519.2,0.0,1528.2
2020-12-13 21:12:00,0.0,0.15,0.0,39.43,0.0,39.58,9.0,0.0,9.0,0.0,2365.8,0.0,2374.7999999999997
2020-12-13 21:13:00,0.0,0.15,0.0,26.1,0.0,26.25,9.0,0.0,9.0,0.0,1566.0,0.0,1575.0
2020-12-13 21:14:00,0.0,0.15,0.0,7.42,0.0,7.57,9.0,0.0,9.0,0.0,445.2,0.0,454.20000000000005
2020-12-13 21:15:00,0.0,0.15,0.0,7.55,0.0,7.7,9.0,0.0,9.0,0.0,453.0,0.0,462.0
2020-12-13 21:16:00,0.0,0.15,0.0,7.58,0.0,7.73,9.0,0.0,9.0,0.0,454.8,0.0,463.8
2020-12-13 21:17:00,0.0,0.15,0.0,32.62,0.0,32.77,9.0,0.0,9.0,0.0,1957.1999999999998,0.0,1966.2000000000003
2020-12-13 21:18:00,0.0,0.15,0.0,38.48,0.0,38.63,9.0,0.0,9.0,0.0,2308.7999999999997,0.0,2317.8
2020-12-13 21:19:00,0.0,0.15,0.0,12.85,0.0,13.0,9.0,0.0,9.0,0.0,771.0,0.0,780.0
2020-12-13 21:20:00,0.0,0.15,0.0,7.58,0.0,7.73,9.0,0.0,9.0,0.0,454.8,0.0,463.8
2020-12-13 21:21:00,0.0,0.15,0.0,7.32,0.0,7.47,9.0,0.0,9.0,0.0,439.20000000000005,0.0,448.2
2020-12-13 21:22:00,0.0,0.15,0.0,24.22,0.0,24.37,9.0,0.0,9.0,0.0,1453.2,0.0,1462.2
2020-12-13 21:23:00,0.0,0.15,0.0,38.93,0.0,39.08,9.0,0.0,9.0,0.0,2335.8,0.0,2344.7999999999997
2020-12-13 21:24:00,0.0,0.15,0.0,20.15,0.0,20.3,9.0,0.0,9.0,0.0,1209.0,0.0,1218.0
2020-12-13 21:25:00,0.0,0.15,0.0,7.65,0.0,7.8,9.0,0.0,9.0,0.0,459.0,0.0,468.0
2020-12-13 21:26:00,0.0,0.15,0.0,7.6,0.0,7.75,9.0,0.0,9.0,0.0,456.0,0.0,465.0
2020-12-13 21:27:00,0.0,0.15,0.0,13.68,0.0,13.83,9.0,0.0,9.0,0.0,820.8,0.0,829.8000000000001
2020-12-13 21:28:00,0.0,0.15,0.0,39.32,0.0,39.47,9.0,0.0,9.0,0.0,2359.2000000000003,0.0,2368.2
2020-12-13 21:29:00,0.0,0.15,0.0,29.73,0.0,29.88,9.0,0.0,9.0,0.0,1783.8,0.0,1792.8
2020-12-13 21:30:00,0.0,0.15,0.0,7.53,0.0,7.68,9.0,0.0,9.0,0.0,451.8,0.0,460.8
2020-12-13 21:31:00,0.0,0.15,0.0,11.05,0.0,11.2,9.0,0.0,9.0,0.0,663.0,0.0,672.0
2020-12-13 21:32:00,0.0,0.15,0.0,14.78,0.0,14.93,9.0,0.0,9.0,0.0,886.8,0.0,895.8
2020-12-13 21:33:00,0.0,0.15,0.0,40.4,0.0,40.55,9.0,0.0,9.0,0.0,2424.0,0.0,2433.0
2020-12-13 21:34:00,0.0,0.15,0.0,36.47,0.0,36.62,9.0,0.0,9.0,0.0,2188.2,0.0,2197.2
2020-12-13 21:35:00,0.0,0.15,0.0,7.5,0.0,7.65,9.0,0.0,9.0,0.0,450.0,0.0,459.0
2020-12-13 21:36:00,0.0,0.15,0.0,7.5,0.0,7.65,9.0,0.0,9.0,0.0,450.0,0.0,459.0
2020-12-13 21:37:00,0.0,0.15,0.0,7.5,0.0,7.65,9.0,0.0,9.0,0.0,450.0,0.0,459.0
2020-12-13 21:38:00,0.0,0.15,0.0,29.68,0.0,29.83,9.0,0.0,9.0,0.0,1780.8,0.0,1789.8
2020-12-13 21:39:00,0.0,0.15,0.0,39.05,0.0,39.2,9.0,0.0,9.0,0.0,2343.0,0.0,2352.0
2020-12-13 21:40:00,0.0,0.15,0.0,13.28,0.0,13.43,9.0,0.0,9.0,0.0,796.8,0.0,805.8
2020-12-13 21:41:00,0.0,0.15,0.0,7.6,0.0,7.75,9.0,0.0,9.0,0.0,456.0,0.0,465.0
2020-12-13 21:42:00,0.0,0.15,0.0,7.48,0.0,7.63,9.0,0.0,9.0,0.0,448.8,0.0,457.8
2020-12-13 21:43:00,0.0,0.15,0.0,23.22,0.0,23.37,9.0,0.0,9.0,0.0,1393.2,0.0,1402.2
2020-12-13 21:44:00,0.0,0.15,0.0,38.98,0.0,39.13,9.0,0.0,9.0,0.0,2338.7999999999997,0.0,2347.8
2020-12-13 21:45:00,0.0,0.15,0.0,15.85,0.0,16.0,9.0,0.0,9.0,0.0,951.0,0.0,960.0
2020-12-13 21:46:00,0.0,0.15,0.0,7.45,0.0,7.6,9.0,0.0,9.0,0.0,447.0,0.0,456.0
2020-12-13 21:47:00,0.0,0.15,0.0,7.52,0.0,7.67,9.0,0.0,9.0,0.0,451.2,0.0,460.2
2020-12-13 21:48:00,0.0,0.15,0.0,25.55,0.0,25.7,9.0,0.0,9.0,0.0,1533.0,0.0,1542.0
2020-12-13 21:49:00,0.0,0.15,0.0,39.0,0.0,39.15,9.0,0.0,9.0,0.0,2340.0,0.0,2349.0
2020-12-13 21:50:00,0.0,0.15,0.0,18.75,0.0,18.9,9.0,0.0,9.0,0.0,1125.0,0.0,1134.0
2020-12-13 21:51:00,0.0,0.15,0.0,12.83,0.0,12.98,9.0,0.0,9.0,0.0,769.8000000000001,0.0,778.8000000000001
2020-12-13 21:52:00,0.0,0.17,0.0,7.17,0.0,7.34,8.0,0.0,10.200000000000001,0.0,430.2,0.0,440.4
2020-12-13 21:53:00,0.0,0.15,0.0,22.37,0.0,22.52,8.0,0.0,9.0,0.0,1342.2,0.0,1351.2
2020-12-13 21:54:00,0.0,0.15,0.0,38.72,0.0,38.87,8.0,0.0,9.0,0.0,2323.2,0.0,2332.2
2020-12-13 21:55:00,0.0,0.15,0.0,15.55,0.0,15.7,8.0,0.0,9.0,0.0,933.0,0.0,942.0
2020-12-13 21:56:00,0.0,0.15,0.0,6.98,0.0,7.13,8.0,0.0,9.0,0.0,418.8,0.0,427.8
2020-12-13 21:57:00,0.0,0.15,0.0,7.02,0.0,7.17,8.0,0.0,9.0,0.0,421.2,0.0,430.2
2020-12-13 21:58:00,0.0,0.15,0.0,22.78,0.0,22.93,8.0,0.0,9.0,0.0,1366.8000000000002,0.0,1375.8
2020-12-13 21:59:00,0.0,0.15,0.0,38.95,0.0,39.1,8.0,0.0,9.0,0.0,2337.0,0.0,2346.0
2020-12-13 22:00:00,0.0,0.15,0.0,23.48,0.0,23.63,8.0,0.0,9.0,0.0,1408.8,0.0,1417.8
2020-12-13 22:01:00,0.0,0.15,0.0,7.02,0.0,7.17,8.0,0.0,9.0,0.0,421.2,0.0,430.2
2020-12-13 22:02:00,0.0,0.15,0.0,7.02,0.0,7.17,8.0,0.0,9.0,0.0,421.2,0.0,430.2
2020-12-13 22:03:00,0.0,0.15,0.0,6.75,0.0,6.9,8.0,0.0,9.0,0.0,405.0,0.0,414.0
2020-12-13 22:04:00,0.0,0.15,0.0,38.73,0.0,38.88,8.0,0.0,9.0,0.0,2323.7999999999997,0.0,2332.8
2020-12-13 22:05:00,0.0,0.15,0.0,31.5,0.0,31.65,8.0,0.0,9.0,0.0,1890.0,0.0,1899.0
2020-12-13 22:06:00,0.0,0.15,0.0,7.05,0.0,7.2,8.0,0.0,9.0,0.0,423.0,0.0,432.0
2020-12-13 22:07:00,0.0,0.15,0.0,8.92,0.0,9.07,8.0,0.0,9.0,0.0,535.2,0.0,544.2
2020-12-13 22:08:00,0.0,0.15,0.0,13.37,0.0,13.52,8.0,0.0,9.0,0.0,802.1999999999999,0.0,811.1999999999999
2020-12-13 22:09:00,0.0,0.15,0.0,37.95,0.0,38.1,8.0,0.0,9.0,0.0,2277.0,0.0,2286.0
2020-12-13 22:10:00,0.0,0.15,0.0,36.78,0.0,36.93,8.0,0.0,9.0,0.0,2206.8,0.0,2215.8
2020-12-13 22:11:00,0.0,0.15,0.0,5.47,0.0,5.62,8.0,0.0,9.0,0.0,328.2,0.0,337.2
2020-12-13 22:12:00,0.0,0.15,0.0,5.47,0.0,5.62,8.0,0.0,9.0,0.0,328.2,0.0,337.2
2020-12-13 22:13:00,0.0,0.15,0.0,5.43,0.0,5.58,8.0,0.0,9.0,0.0,325.8,0.0,334.8
2020-12-13 22:14:00,0.0,0.15,0.0,28.77,0.0,28.92,8.0,0.0,9.0,0.0,1726.2,0.0,1735.2
2020-12-13 22:15:00,0.0,0.15,0.0,37.75,0.0,37.9,8.0,0.0,9.0,0.0,2265.0,0.0,2274.0
2020-12-13 22:16:00,0.0,0.15,0.0,11.47,0.0,11.62,8.0,0.0,9.0,0.0,688.2,0.0,697.1999999999999
2020-12-13 22:17:00,0.0,0.15,0.0,5.45,0.0,5.6,8.0,0.0,9.0,0.0,327.0,0.0,336.0
2020-12-13 22:18:00,0.0,0.15,0.0,5.93,0.0,6.08,8.0,0.0,9.0,0.0,355.8,0.0,364.8
2020-12-13 22:19:00,0.0,0.15,0.0,21.1,0.0,21.25,8.0,0.0,9.0,0.0,1266.0,0.0,1275.0
2020-12-13 22:20:00,0.0,0.15,0.0,38.15,0.0,38.3,8.0,0.0,9.0,0.0,2289.0,0.0,2298.0
2020-12-13 22:21:00,0.0,0.15,0.0,14.12,0.0,14.27,8.0,0.0,9.0,0.0,847.1999999999999,0.0,856.1999999999999
2020-12-13 22:22:00,0.0,0.15,0.0,8.68,0.0,8.83,8.0,0.0,9.0,0.0,520.8,0.0,529.8000000000001
2020-12-13 22:23:00,0.0,0.15,0.0,10.02,0.0,10.17,8.0,0.0,9.0,0.0,601.1999999999999,0.0,610.2
2020-12-13 22:24:00,0.0,0.15,0.0,22.5,0.0,22.65,8.0,0.0,9.0,0.0,1350.0,0.0,1359.0
2020-12-13 22:25:00,0.0,0.15,0.0,37.43,0.0,37.58,8.0,0.0,9.0,0.0,2245.8,0.0,2254.7999999999997
2020-12-13 22:26:00,0.0,0.15,0.0,18.17,0.0,18.32,8.0,0.0,9.0,0.0,1090.2,0.0,1099.2
2020-12-13 22:27:00,0.0,0.15,0.0,5.3,0.0,5.45,8.0,0.0,9.0,0.0,318.0,0.0,327.0
2020-12-13 22:28:00,0.0,0.15,0.0,5.4,0.0,5.55,8.0,0.0,9.0,0.0,324.0,0.0,333.0
2020-12-13 22:29:00,0.0,0.15,0.0,9.52,0.0,9.67,8.0,0.0,9.0,0.0,571.1999999999999,0.0,580.2
2020-12-13 22:30:00,0.0,0.15,0.0,35.92,0.0,36.07,8.0,0.0,9.0,0.0,2155.2000000000003,0.0,2164.2000000000003
2020-12-13 22:31:00,0.0,0.15,0.0,33.3,0.0,33.45,8.0,0.0,9.0,0.0,1997.9999999999998,0.0,2007.0000000000002
2020-12-13 22:32:00,0.0,0.15,0.0,5.4,0.0,5.55,8.0,0.0,9.0,0.0,324.0,0.0,333.0
2020-12-13 22:33:00,0.0,0.15,0.0,5.42,0.0,5.57,8.0,0.0,9.0,0.0,325.2,0.0,334.20000000000005
2020-12-13 22:34:00,0.0,0.15,0.0,5.43,0.0,5.58,8.0,0.0,9.0,0.0,325.8,0.0,334.8
2020-12-13 22:35:00,0.0,0.15,0.0,29.27,0.0,29.42,8.0,0.0,9.0,0.0,1756.2,0.0,1765.2
2020-12-13 22:36:00,0.0,0.15,0.0,37.73,0.0,37.88,8.0,0.0,9.0,0.0,2263.7999999999997,0.0,2272.8
2020-12-13 22:37:00,0.0,0.15,0.0,9.27,0.0,9.42,8.0,0.0,9.0,0.0,556.1999999999999,0.0,565.2
2020-12-13 22:38:00,0.0,0.15,0.0,10.62,0.0,10.77,8.0,0.0,9.0,0.0,637.1999999999999,0.0,646.1999999999999
2020-12-13 22:39:00,0.0,0.15,0.0,7.63,0.0,7.78,8.0,0.0,9.0,0.0,457.8,0.0,466.8
2020-12-13 22:40:00,0.0,0.15,0.0,18.72,0.0,18.87,8.0,0.0,9.0,0.0,1123.2,0.0,1132.2
2020-12-13 22:41:00,0.0,0.15,0.0,36.83,0.0,36.98,8.0,0.0,9.0,0.0,2209.7999999999997,0.0,2218.7999999999997
2020-12-13 22:42:00,0.0,0.15,0.0,23.92,0.0,24.07,8.0,0.0,9.0,0.0,1435.2,0.0,1444.2
2020-12-13 22:43:00,0.0,0.15,0.0,4.85,0.0,5.0,8.0,0.0,9.0,0.0,291.0,0.0,300.0
2020-12-13 22:44:00,0.0,0.15,0.0,4.85,0.0,5.0,8.0,0.0,9.0,0.0,291.0,0.0,300.0
2020-12-13 22:45:00,0.0,0.15,0.0,4.87,0.0,5.02,8.0,0.0,9.0,0.0,292.2,0.0,301.2
2020-12-13 22:46:00,0.0,0.15,0.0,30.6,0.0,30.75,8.0,0.0,9.0,0.0,1836.0,0.0,1845.0
2020-12-13 22:47:00,0.0,0.15,0.0,35.78,0.0,35.93,8.0,0.0,9.0,0.0,2146.8,0.0,2155.8
2020-12-13 22:48:00,0.0,0.15,0.0,4.78,0.0,4.93,8.0,0.0,9.0,0.0,286.8,0.0,295.8
2020-12-13 22:49:00,0.0,0.15,0.0,4.77,0.0,4.92,8.0,0.0,9.0,0.0,286.2,0.0,295.2
2020-12-13 22:50:00,0.0,0.15,0.0,4.77,0.0,4.92,8.0,0.0,9.0,0.0,286.2,0.0,295.2
2020-12-13 22:51:00,0.0,0.15,0.0,27.23,0.0,27.38,8.0,0.0,9.0,0.0,1633.8,0.0,1642.8
2020-12-13 22:52:00,0.0,0.15,0.0,34.98,0.0,35.13,8.0,0.0,9.0,0.0,2098.7999999999997,0.0,2107.8
2020-12-13 22:53:00,0.0,0.15,0.0,6.47,0.0,6.62,8.0,0.0,9.0,0.0,388.2,0.0,397.2
2020-12-13 22:54:00,0.0,0.15,0.0,7.73,0.0,7.88,8.0,0.0,9.0,0.0,463.8,0.0,472.8
2020-12-13 22:55:00,0.0,0.15,0.0,12.77,0.0,12.92,8.0,0.0,9.0,0.0,766.1999999999999,0.0,775.2
2020-12-13 22:56:00,0.0,0.15,0.0,36.78,0.0,36.93,8.0,0.0,9.0,0.0,2206.8,0.0,2215.8
2020-12-13 22:57:00,0.0,0.15,0.0,38.47,0.0,38.62,8.0,0.0,9.0,0.0,2308.2,0.0,2317.2
2020-12-13 22:58:00,0.0,0.15,0.0,7.52,0.0,7.67,8.0,0.0,9.0,0.0,451.2,0.0,460.2
2020-12-13 22:59:00,0.0,0.15,0.0,6.85,0.0,7.0,8.0,0.0,9.0,0.0,411.0,0.0,420.0
2020-12-13 23:00:00,0.0,0.15,0.0,7.07,0.0,7.22,8.0,0.0,9.0,0.0,424.20000000000005,0.0,433.2
2020-12-13 23:01:00,0.0,0.15,0.0,27.65,0.0,27.8,8.0,0.0,9.0,0.0,1659.0,0.0,1668.0
2020-12-13 23:02:00,0.0,0.15,0.0,34.92,0.0,35.07,8.0,0.0,9.0,0.0,2095.2000000000003,0.0,2104.2000000000003
2020-12-13 23:03:00,0.0,0.15,0.0,6.65,0.0,6.8,8.0,0.0,9.0,0.0,399.0,0.0,408.0
2020-12-13 23:04:00,0.0,0.15,0.0,6.22,0.0,6.37,8.0,0.0,9.0,0.0,373.2,0.0,382.2
2020-12-13 23:05:00,0.0,0.15,0.0,7.22,0.0,7.37,8.0,0.0,9.0,0.0,433.2,0.0,442.2
2020-12-13 23:06:00,0.0,0.15,0.0,37.05,0.0,37.2,8.0,0.0,9.0,0.0,2223.0,0.0,2232.0
2020-12-13 23:07:00,0.0,0.15,0.0,32.47,0.0,32.62,8.0,0.0,9.0,0.0,1948.2,0.0,1957.1999999999998
2020-12-13 23:08:00,0.0,0.15,0.0,6.27,0.0,6.42,8.0,0.0,9.0,0.0,376.2,0.0,385.2
2020-12-13 23:09:00,0.0,0.15,0.0,6.22,0.0,6.37,8.0,0.0,9.0,0.0,373.2,0.0,382.2
2020-12-13 23:10:00,0.0,0.15,0.0,6.5,0.0,6.65,8.0,0.0,9.0,0.0,390.0,0.0,399.0
2020-12-13 23:11:00,0.0,0.13,0.0,41.25,0.0,41.38,8.0,0.0,7.800000000000001,0.0,2475.0,0.0,2482.8
2020-12-13 23:12:00,0.0,0.13,0.0,38.73,0.0,38.86,8.0,0.0,7.800000000000001,0.0,2323.7999999999997,0.0,2331.6
2020-12-13 23:13:00,0.0,0.15,0.0,6.52,0.0,6.67,8.0,0.0,9.0,0.0,391.2,0.0,400.2
2020-12-13 23:14:00,0.0,0.15,0.0,5.9,0.0,6.05,8.0,0.0,9.0,0.0,354.0,0.0,363.0
2020-12-13 23:15:00,0.0,0.15,0.0,5.78,0.0,5.93,8.0,0.0,9.0,0.0,346.8,0.0,355.8
2020-12-13 23:16:00,0.0,0.15,0.0,23.0,0.0,23.15,8.0,0.0,9.0,0.0,1380.0,0.0,1389.0
2020-12-13 23:17:00,0.0,0.15,0.0,37.13,0.0,37.28,8.0,0.0,9.0,0.0,2227.8,0.0,2236.8
2020-12-13 23:18:00,0.0,0.15,0.0,14.17,0.0,14.32,8.0,0.0,9.0,0.0,850.2,0.0,859.2
2020-12-13 23:19:00,0.0,0.15,0.0,5.67,0.0,5.82,8.0,0.0,9.0,0.0,340.2,0.0,349.20000000000005
2020-12-13 23:20:00,0.0,0.15,0.0,5.58,0.0,5.73,8.0,0.0,9.0,0.0,334.8,0.0,343.8
2020-12-13 23:21:00,0.0,0.13,0.0,19.98,0.0,20.11,8.0,0.0,7.800000000000001,0.0,1198.8,0.0,1206.6
2020-12-13 23:22:00,0.0,0.15,0.0,37.2,0.0,37.35,8.0,0.0,9.0,0.0,2232.0,0.0,2241.0
2020-12-13 23:23:00,0.0,0.15,0.0,23.13,0.0,23.28,8.0,0.0,9.0,0.0,1387.8,0.0,1396.8000000000002
2020-12-13 23:24:00,0.0,0.15,0.0,5.85,0.0,6.0,8.0,0.0,9.0,0.0,351.0,0.0,360.0
2020-12-13 23:25:00,0.0,0.15,0.0,5.82,0.0,5.97,8.0,0.0,9.0,0.0,349.20000000000005,0.0,358.2
2020-12-13 23:26:00,0.0,0.15,0.0,5.78,0.0,5.93,8.0,0.0,9.0,0.0,346.8,0.0,355.8
2020-12-13 23:27:00,0.0,0.15,0.0,36.9,0.0,37.05,8.0,0.0,9.0,0.0,2214.0,0.0,2223.0
2020-12-13 23:28:00,0.0,0.15,0.0,32.03,0.0,32.18,8.0,0.0,9.0,0.0,1921.8000000000002,0.0,1930.8
2020-12-13 23:29:00,0.0,0.15,0.0,5.7,0.0,5.85,8.0,0.0,9.0,0.0,342.0,0.0,351.0
2020-12-13 23:30:00,0.0,0.15,0.0,5.72,0.0,5.87,8.0,0.0,9.0,0.0,343.2,0.0,352.2
2020-12-13 23:31:00,0.0,0.15,0.0,11.4,0.0,11.55,8.0,0.0,9.0,0.0,684.0,0.0,693.0
2020-12-13 23:32:00,0.0,0.13,0.0,35.95,0.0,36.08,8.0,0.0,7.800000000000001,0.0,2157.0,0.0,2164.7999999999997
2020-12-13 23:33:00,0.0,0.13,0.0,37.43,0.0,37.56,8.0,0.0,7.800000000000001,0.0,2245.8,0.0,2253.6000000000004
2020-12-13 23:34:00,0.0,0.15,0.0,5.7,0.0,5.85,8.0,0.0,9.0,0.0,342.0,0.0,351.0
2020-12-13 23:35:00,0.0,0.15,0.0,5.7,0.0,5.85,8.0,0.0,9.0,0.0,342.0,0.0,351.0
2020-12-13 23:36:00,0.0,0.15,0.0,5.72,0.0,5.87,8.0,0.0,9.0,0.0,343.2,0.0,352.2
2020-12-13 23:37:00,0.0,0.13,0.0,24.9,0.0,25.03,8.0,0.0,7.800000000000001,0.0,1494.0,0.0,1501.8000000000002
2020-12-13 23:38:00,0.0,0.13,0.0,37.6,0.0,37.73,8.0,0.0,7.800000000000001,0.0,2256.0,0.0,2263.7999999999997
2020-12-13 23:39:00,0.0,0.13,0.0,19.47,0.0,19.6,8.0,0.0,7.800000000000001,0.0,1168.2,0.0,1176.0
2020-12-13 23:40:00,0.0,0.13,0.0,5.63,0.0,5.76,8.0,0.0,7.800000000000001,0.0,337.8,0.0,345.59999999999997
2020-12-13 23:41:00,0.0,0.13,0.0,5.63,0.0,5.76,8.0,0.0,7.800000000000001,0.0,337.8,0.0,345.59999999999997
2020-12-13 23:42:00,0.0,0.13,0.0,5.68,0.0,5.81,8.0,0.0,7.800000000000001,0.0,340.8,0.0,348.59999999999997
2020-12-13 23:43:00,0.0,0.13,0.0,37.57,0.0,37.7,8.0,0.0,7.800000000000001,0.0,2254.2000000000003,0.0,2262.0
2020-12-13 23:44:00,0.0,0.15,0.0,37.4,0.0,37.55,8.0,0.0,9.0,0.0,2244.0,0.0,2253.0
2020-12-13 23:45:00,0.0,0.13,0.0,8.87,0.0,9.0,8.0,0.0,7.800000000000001,0.0,532.1999999999999,0.0,540.0
2020-12-13 23:46:00,0.0,0.13,0.0,5.65,0.0,5.78,8.0,0.0,7.800000000000001,0.0,339.0,0.0,346.8
2020-12-13 23:47:00,0.0,0.13,0.0,8.15,0.0,8.28,8.0,0.0,7.800000000000001,0.0,489.0,0.0,496.79999999999995
2020-12-13 23:48:00,0.0,0.13,0.0,19.3,0.0,19.43,8.0,0.0,7.800000000000001,0.0,1158.0,0.0,1165.8
2020-12-13 23:49:00,0.0,0.13,0.0,37.65,0.0,37.78,8.0,0.0,7.800000000000001,0.0,2259.0,0.0,2266.8
2020-12-13 23:50:00,0.0,0.13,0.0,30.12,0.0,30.25,8.0,0.0,7.800000000000001,0.0,1807.2,0.0,1815.0
2020-12-13 23:51:00,0.0,0.13,0.0,5.62,0.0,5.75,8.0,0.0,7.800000000000001,0.0,337.2,0.0,345.0
2020-12-13 23:52:00,0.0,0.15,0.0,4.23,0.0,4.38,8.0,0.0,9.0,0.0,253.80000000000004,0.0,262.8
2020-12-13 23:53:00,0.0,0.13,0.0,4.12,0.0,4.25,8.0,0.0,7.800000000000001,0.0,247.20000000000002,0.0,255.0
2020-12-13 23:54:00,0.0,0.13,0.0,23.58,0.0,23.71,8.0,0.0,7.800000000000001,0.0,1414.8,0.0,1422.6000000000001
2020-12-13 23:55:00,0.0,0.13,0.0,36.53,0.0,36.66,8.0,0.0,7.800000000000001,0.0,2191.8,0.0,2199.6
2020-12-13 23:56:00,0.0,0.15,0.0,19.12,0.0,19.27,8.0,0.0,9.0,0.0,1147.2,0.0,1156.2
2020-12-13 23:57:00,0.0,0.13,0.0,4.83,0.0,4.96,8.0,0.0,7.800000000000001,0.0,289.8,0.0,297.6
2020-12-13 23:58:00,0.0,0.13,0.0,4.5,0.0,4.63,8.0,0.0,7.800000000000001,0.0,270.0,0.0,277.8
2020-12-13 23:59:00,0.0,0.13,0.0,4.45,0.0,4.58,8.0,0.0,7.800000000000001,0.0,267.0,0.0,274.8
