Day,CapRatio,CapKW,Status,Feasible,BillEUR,PeakKW,NightPeakKW,DaytimePeakKW,PaperSavingsPercent,EngineeringSavingsPercent,BatteryThroughputKWh,CapViolationKW,BillPenaltyVsVppEUR,BillPenaltyPercentOfVpp,PaperSavingsSacrificePP,PeakReductionVsVppKW,PeakReductionVsVppPercent,PeakReductionVsLexKW,BillPenaltyVsLexEUR,MarginalCostEURPerKW,MarginalCostReferenceRatio,IsKnee,KneeChordDistance,MaximumRelativeMipGapPercent,WallTimeSeconds,EnergyBalanceResidualKW,TerminalSocErrorKWh
2020-01-01,2,NaN,quality_rejected,0,NaN,NaN,NaN,NaN,NaN,NaN,NaN,NaN,NaN,NaN,NaN,NaN,NaN,NaN,NaN,NaN,NaN,0,NaN,NaN,0,NaN,NaN
2020-01-01,1.5,NaN,quality_rejected,0,NaN,NaN,NaN,NaN,NaN,NaN,NaN,NaN,NaN,NaN,NaN,NaN,NaN,NaN,NaN,NaN,NaN,0,NaN,NaN,0,NaN,NaN
2020-01-01,1.25,NaN,quality_rejected,0,NaN,NaN,NaN,NaN,NaN,NaN,NaN,NaN,NaN,NaN,NaN,NaN,NaN,NaN,NaN,NaN,NaN,0,NaN,NaN,0,NaN,NaN
2020-01-01,1,NaN,quality_rejected,0,NaN,NaN,NaN,NaN,NaN,NaN,NaN,NaN,NaN,NaN,NaN,NaN,NaN,NaN,NaN,NaN,NaN,0,NaN,NaN,0,NaN,NaN
2020-01-01,0.9,NaN,quality_rejected,0,NaN,NaN,NaN,NaN,NaN,NaN,NaN,NaN,NaN,NaN,NaN,NaN,NaN,NaN,NaN,NaN,NaN,0,NaN,NaN,0,NaN,NaN
2020-01-01,0.8,NaN,quality_rejected,0,NaN,NaN,NaN,NaN,NaN,NaN,NaN,NaN,NaN,NaN,NaN,NaN,NaN,NaN,NaN,NaN,NaN,0,NaN,NaN,0,NaN,NaN
2020-01-01,0.7,NaN,quality_rejected,0,NaN,NaN,NaN,NaN,NaN,NaN,NaN,NaN,NaN,NaN,NaN,NaN,NaN,NaN,NaN,NaN,NaN,0,NaN,NaN,0,NaN,NaN
2020-01-01,0.6,NaN,quality_rejected,0,NaN,NaN,NaN,NaN,NaN,NaN,NaN,NaN,NaN,NaN,NaN,NaN,NaN,NaN,NaN,NaN,NaN,0,NaN,NaN,0,NaN,NaN
2020-01-01,0.5,NaN,quality_rejected,0,NaN,NaN,NaN,NaN,NaN,NaN,NaN,NaN,NaN,NaN,NaN,NaN,NaN,NaN,NaN,NaN,NaN,0,NaN,NaN,0,NaN,NaN
2020-01-02,2,36.351722,ok,1,24.4515756868123,36.351722,36.351722,1.2458090115075e-13,40.6917843780865,36.8836234132556,308.430071150613,7.105427357601e-15,4.59160679966431e-06,1.87783712620603e-05,1.11371147966111e-05,43.5009211671284,54.4764950060359,-11.4811816076857,4.59160679966431e-06,NaN,NaN,0,0,1.87783673615387e-07,2.49089179166667,8.40993941153556e-14,0
2020-01-02,1.5,27.2637915,ok,1,24.4515710952055,27.2637915,27.2637915,3.34177130412172e-14,40.6917955152013,36.8836352654809,308.434333331068,7.105427357601e-15,0,0,0,52.5888516671284,65.857371254527,-2.3932511076857,0,-5.05242288072549e-07,2,0,0.25253837087938,3.98946210879917e-07,2.6056015,3.40838468559923e-14,0
2020-01-02,1.25,22.71982625,ok,1,25.9964176609599,22.71982625,22.71982625,7.17550686016592,36.9447121207373,32.8959528820719,267.567253333861,3.5527136788005e-15,1.5448465657544,6.31798488424048,3.747083394464,57.1328169171284,71.5478093787725,2.1507141423143,1.5448465657544,0.339977636438658,1.5,1,0.282659376629396,3.16039729549326e-07,1.21775341666667,2.41473507855972e-15,0
2020-01-02,1,18.175861,ok,1,29.6009349896882,18.175861,18.175861,12.2467435,28.2018198963954,23.5916824314703,189.328376678777,3.90798504668055e-14,5.1493638944827,21.0594397980929,12.4899756188059,61.6767821671284,77.238247503018,6.6946793923143,5.1493638944827,0.793253717934639,1.25,0,0.184590758431161,4.39847476072607e-14,1.05504858333333,4.39648317751562e-14,0
2020-01-02,0.9,16.3582749,ok,1,31.1292565428211,16.3582749,16.3582749,15.6917345,24.4948185409893,19.6466557416277,154.792034104565,7.105427357601e-15,6.6776854476156,27.3098420613347,16.196976974212,63.4943682671284,79.5144227527162,8.5122654923143,6.6776854476156,0.840852355293046,1,0,0.139978821060719,1.32612103797475e-07,0.738462041666667,3.5527136788005e-15,0
2020-01-02,0.8,14.5406888,ok,1,32.6575698397216,14.5406888,14.5406888,14.5406888,20.7878372113854,15.7016503634375,120.259947320295,7.105427357601e-15,8.2059987445161,33.5602105589246,19.9039583038159,65.3119543671284,81.7905980024144,10.3298515923143,8.2059987445161,0.840847812876926,0.9,0,0.095367397541008,1.6779829149469e-14,1.86212033333333,3.77475828372553e-15,0
2020-01-02,0.7,12.7231027,ok,1,34.1961857774477,12.7231027,12.7231027,12.7231027,17.0558664393263,11.7300509789339,86.7408019801836,2.8421709430404e-14,9.7446146822422,39.852713939322,23.635929075875,67.1295404671284,84.0667732521126,12.1474376923143,9.7446146822422,0.846516122524319,0.8,0,0.0501147590869253,1.0778976803846e-08,1.19619508333333,1.22816253694813e-14,0
2020-01-02,0.6,10.9055166,ok,1,35.8129232308244,10.9055166,10.9055166,10.9055166,13.1344089955592,7.55679804602574,64.9666193718181,3.5527136788005e-15,11.3613521356189,46.4647121912205,27.5573865196421,68.9471265671284,86.3429485018108,13.9650237923143,11.3613521356189,0.889497038614402,0.7,0,0,0,1.65235954166667,2.66453525910038e-15,0
2020-01-02,0.5,9.0879305,infeasible,0,NaN,NaN,NaN,NaN,NaN,NaN,NaN,NaN,NaN,NaN,NaN,NaN,NaN,NaN,NaN,NaN,NaN,0,NaN,NaN,0.762446,NaN,NaN
2020-01-15,2,45.714508,ok,1,29.2608774081312,45.714508,45.714508,8.59282,39.5947482060388,35.0780950873314,322.26679570749,1.4210854715202e-14,9.9475983006414e-14,3.39962406522955e-13,0,38.8369462105263,45.9329133640037,-18.7291821119923,9.9475983006414e-14,NaN,NaN,0,0,0,1.38095279166667,5.55111512312578e-15,0
2020-01-15,1.5,34.285881,ok,1,29.2608774081312,34.285881,34.285881,7.89083601292507,39.5947482060388,35.0780950873314,322.266795707493,7.105427357601e-15,9.9475983006414e-14,3.39962406522955e-13,0,50.2655732105263,59.4496850230028,-7.3005551119923,9.9475983006414e-14,0,2,0,0.252538136138053,0,1.27179233333333,7.32747196252603e-15,0
2020-01-15,1.25,28.5715675,ok,1,29.2608774081312,28.5715675,28.5715675,8.59282,39.5947482060388,35.0780950873314,322.266795707492,7.105427357601e-15,9.9475983006414e-14,3.39962406522955e-13,0,55.9798867105263,66.2080708525023,-1.5862416119923,9.9475983006414e-14,0,1.5,1,0.378807204207079,0,1.25715616666667,2.22044604925031e-15,0
2020-01-15,1,22.857254,ok,1,32.226033512877,22.857254,22.857254,10.29368,33.4735715025062,28.4992225539317,243.833250864417,3.5527136788005e-15,2.9651561047459,10.133517404102,6.1211767035326,61.6942002105263,72.9664566820018,4.1280718880077,2.9651561047459,0.518899795180261,1.25,0,0.309855209066842,0,1.02203945833333,2.66453525910038e-15,0
2020-01-15,0.9,20.5715286,ok,1,33.9957101829954,20.5715286,20.5715286,11.37785,29.8203056293955,24.5727927719024,216.569694675557,3.5527136788005e-15,4.7348327748643,16.1814449677048,9.7744425766433,63.9799256105263,75.6698110138017,6.4137972880077,4.7348327748643,0.774229778484502,1,0,0.243850197879162,0,0.821567958333333,1.19348975147204e-15,0
2020-01-15,0.8,18.2858032,ok,1,35.9477211111185,18.2858032,18.2858032,16.5153125,25.7906345442396,20.241813010206,176.147479376447,3.5527136788005e-15,6.6868437029874,22.8525057868881,13.8041136617992,66.2656510105263,78.3731653456015,8.6995226880077,6.6868437029874,0.854000628475798,0.9,0,0.165840595213084,0,1.05715833333333,1.17683640610267e-14,0
2020-01-15,0.7,16.0000778,ok,1,37.9334840341888,16.0000778,16.0000778,16.0000778,21.6912868829204,15.8359467789068,139.109087857552,7.105427357601e-15,8.6726066260577,29.6389151462961,17.9034613231184,68.5513764105263,81.0765196774013,10.9852480880077,8.6726066260577,0.868767054463455,0.8,0,0.0856088160051088,0,2.02844808333333,5.77315972805081e-15,0
2020-01-15,0.6,13.7143524,ok,1,40.0009172095483,13.7143524,13.7143524,13.7143524,17.4233416746172,11.2488765365535,104.882349103573,1.4210854715202e-14,10.7400398014172,36.7044352485231,22.1714065314216,70.8371018105263,83.7798740092011,13.2709734880077,10.7400398014172,0.904497616100121,0.7,0,0,1.38203157474971e-14,1.56673779166667,1.62092561595273e-14,0
2020-01-15,0.5,11.428627,infeasible,0,NaN,NaN,NaN,NaN,NaN,NaN,NaN,NaN,NaN,NaN,NaN,NaN,NaN,NaN,NaN,NaN,NaN,0,NaN,NaN,0.133081541666667,NaN,NaN
2020-01-16,2,61.368019,ok,1,39.1521338324814,61.368019,61.368019,16.9219115,30.4159387166085,27.4069914078552,320.134534480547,1.4210854715202e-14,0,0,9.9475983006414e-14,8.37707994736841,12.0109944265618,-32.4797677987548,0,NaN,NaN,0,0,0,1.349256125,5.49560397189452e-14,0
2020-01-16,1.5,46.02601425,ok,1,39.1521338324814,46.02601425,46.02601425,15.50838,30.4159387166086,27.4069914078552,320.134534480566,7.105427357601e-15,0,0,0,23.7190846973684,34.0082458199213,-17.1377630487548,0,0,2,0,0.235702260395516,0,0.892046291666667,1.33226762955019e-15,0
2020-01-16,1.25,38.355011875,ok,1,39.1521338324814,38.355011875,38.355011875,16.61547,30.4159387166086,27.4069914078553,320.134534480566,1.4210854715202e-14,0,0,0,31.3900870723684,45.0068715166011,-9.4667606737548,0,0,1.5,0,0.353553390593274,1.34946385601009e-14,1.09122304166667,1.83186799063151e-15,0
2020-01-16,1,30.6840095,ok,1,39.1521338324814,30.6840095,30.6840095,16.61547,30.4159387166086,27.4069914078552,320.134534480563,1.06581410364015e-14,0,0,0,39.0610894473684,56.0054972132809,-1.7957582987548,0,0,1.25,1,0.471404520791032,0,0.924947833333333,1.77635683940025e-15,0
2020-01-16,0.9,27.61560855,ok,1,40.0662628903761,27.61560855,27.61560855,18.29599,28.7912811013268,25.7120805036882,295.954228310509,1.06581410364015e-14,0.914129057894705,2.33481286564342,1.6246576152818,42.1294903973684,60.4049474919528,1.2726426512452,0.914129057894705,0.29791708215144,1,0,0.461738508722153,9.21927732168136e-15,0.938231916666667,8.88178419700125e-16,0
2020-01-16,0.8,24.5472076,ok,1,42.3660911141237,24.5472076,24.5472076,17.04327,24.7038566777373,21.4479080649319,248.967536606084,7.105427357601e-15,3.2139572816423,8.20889429780182,5.7120820388713,45.1978913473684,64.8043977706247,4.3410436012452,3.2139572816423,0.749520112013913,0.9,0,0.365961384327188,5.32298262259651e-07,0.689708541666667,9.43689570931383e-16,0
2020-01-16,0.7,21.47880665,ok,1,44.977037176141,21.47880665,21.47880665,21.47880665,20.0634906745869,16.6068837998276,193.76070533625,3.5527136788005e-15,5.82490334365961,14.8776139982111,10.3524480420217,48.2662922973684,69.2038480492966,7.4094445512452,5.82490334365961,0.850914239880321,0.8,0,0.250850551882105,6.83962116082504e-07,0.6642455,2.22044604925031e-15,0
2020-01-16,0.6,18.4104057,ok,1,47.6151411827281,18.4104057,18.4104057,18.4104057,15.374857568362,11.715505270204,141.290913106522,7.105427357601e-15,8.46300735024671,21.6156988695866,15.0410811482466,51.3346932473684,73.6032983279685,10.4778455012452,8.46300735024671,0.859765085976492,0.7,0,0.1340520509495,9.37958362068282e-07,0.374435041666667,8.88178419700125e-16,0
2020-01-16,0.5,15.34200475,ok,1,50.5308891451368,15.34200475,15.34200475,15.34200475,10.1927751365012,6.3093397264998,127.189392631579,5.32907051820075e-15,11.3787553126554,29.0629250536924,20.2231635801074,54.4030941973684,78.0027486066404,13.5462464512452,11.3787553126554,0.950249986856736,0.6,0,0,0,1.183629375,2.30926389122033e-14,0
2020-02-01,2,41.227526,ok,1,27.201245979818,41.227526,41.227526,7.08689,34.4841736765607,33.4676539458624,319.999928048106,1.4210854715202e-14,0,0,0,26.2588697894737,38.9098713633918,-16.8655785875893,0,NaN,NaN,0,0,0,1.40276320833333,1.77635683940025e-15,0
2020-02-01,1.5,30.9206445,ok,1,27.201245979818,30.9206445,30.9206445,7.8622,34.4841736765607,33.4676539458624,319.999928048106,7.105427357601e-15,0,0,0,36.5657512894737,54.1824035225439,-6.5586970875893,0,0,2,0,0.252538136138053,0,1.128024,5.05845365594837e-15,0
2020-02-01,1.25,25.76720375,ok,1,27.201245979818,25.76720375,25.76720375,6.81289,34.4841736765606,33.4676539458624,319.999928048105,7.105427357601e-15,0,0,9.9475983006414e-14,41.7191920394737,61.8186696021199,-1.4052563375893,0,0,1.5,1,0.378807204207079,0,1.39568208333333,1.80411241501588e-15,0
2020-02-01,1,20.613763,ok,1,29.8935324749582,20.613763,20.613763,12.763332,27.9996407783464,26.8825093938647,248.784391426552,7.105427357601e-15,2.6922864951402,9.8976587217282,6.4845328982143,46.8726327894737,69.4549356816959,3.7481844124107,2.6922864951402,0.522425041005894,1.25,0,0.310541166324483,0,0.45317025,2.44249065417534e-15,0
2020-02-01,0.9,18.5523867,ok,1,31.5799111076708,18.5523867,18.5523867,14.4898136893986,23.937897073726,22.7577451513302,209.913366969687,7.105427357601e-15,4.3786651278528,16.0972961720267,10.5462766028347,48.9340090894737,72.5094421135263,5.8095607124107,4.3786651278528,0.81808383685822,1,0,0.239197034245842,5.14509854206338e-15,0.919485666666667,4.35623759287296e-14,0
2020-02-01,0.8,16.4910104,ok,1,33.3132195428567,16.4910104,16.4910104,16.4910104,19.7631201356091,18.5181938927627,170.74712792389,3.5527136788005e-15,6.1119735630387,22.469461757647,14.7210535409516,50.9953853894737,75.5639485453567,7.8709370124107,6.1119735630387,0.840850084085036,0.9,0,0.164461920519106,0,0.930666291666667,1.0547118733939e-14,0
2020-02-01,0.7,14.4296341,ok,1,35.0465279780425,14.4296341,14.4296341,14.4296341,15.5883431974923,14.2786426341954,131.580888878113,1.77635683940025e-15,7.8452819982245,28.841627343267,18.8958304790684,53.0567616894737,78.6184549771871,9.9323133124107,7.8452819982245,0.840850084084986,0.8,0,0.0897268067923771,9.09367596785589e-14,1.18673379166667,2.94209101525666e-15,0
2020-02-01,0.6,12.3682578,ok,1,36.9873153285762,12.3682578,12.3682578,12.3682578,10.9138408940818,9.53161245333494,92.4146391375291,1.06581410364015e-14,9.7860693487582,35.9765481184906,23.5703327824789,55.1181379894737,81.6729614090175,11.9936896124107,9.7860693487582,0.941500758757003,0.7,0,0,0,1.62978245833333,1.48769885299771e-14,0
2020-02-01,0.5,10.3068815,infeasible,0,NaN,NaN,NaN,NaN,NaN,NaN,NaN,NaN,NaN,NaN,NaN,NaN,NaN,NaN,NaN,NaN,NaN,0,NaN,NaN,0.123141541666667,NaN,NaN
2020-02-02,2,33.236649,ok,1,24.9107123536286,33.236649,33.236649,4.88498130835069e-15,39.2104056751689,35.2207774890075,301.547372703494,7.105427357601e-15,0,0,0,49.1541852105263,59.6597736647826,-8.1137866133981,0,NaN,NaN,0,0,0,1.457599625,1.34336985979644e-14,0
2020-02-02,1.5,24.92748675,ok,1,25.0510495178848,24.92748675,24.92748675,1.6398574968287,38.8679409891847,34.8558368056237,297.836171748383,7.105427357601e-15,0.140337164256199,0.56336070307422,0.342464685984197,57.4633474605263,69.744830248587,0.195375636601899,0.140337164256199,0.0168894480615297,2,1,0.262907290445348,0,1.90426633333333,1.33226762955019e-15,0
2020-02-02,1.25,20.772905625,ok,1,28.0408954700566,20.772905625,20.772905625,8.66624256825238,31.5718219562905,27.0808726271659,220.151498066837,3.5527136788005e-15,3.130183116428,12.5656106176026,7.6385837188784,61.6179285855263,74.7873585404892,4.3499567616019,3.130183116428,0.719650396084588,1.5,0,0.205935452450941,0,0.878617708333333,8.88178419700125e-16,0
2020-02-02,1,16.6183245,ok,1,31.5271988409193,16.6183245,16.6183245,15.7867075,23.0641982239982,18.0148925541776,144.861966018399,3.5527136788005e-15,6.6164864872907,26.5608080305536,16.1462074511707,65.7725097105263,79.8298868323913,8.5045378866019,6.6164864872907,0.839146779415145,1.25,0,0.116924037079483,1.03985237893298e-14,0.911774041666667,7.49400541621981e-16,0
2020-02-02,0.9,14.95649205,ok,1,32.924550796237,14.95649205,14.95649205,14.95649205,19.6542412028214,14.3811396548347,113.287077439945,3.5527136788005e-15,8.0138384426084,32.1702500066847,19.5561644723475,67.4343421605263,81.8468981491522,10.1663703366019,8.0138384426084,0.84085008408501,1,0,0.0811367937309859,0,0.530793166666667,7.105427357601e-15,0
2020-02-02,0.8,13.2946596,ok,1,34.3237247743229,13.2946596,13.2946596,13.218598,16.2398379007291,10.7426486646398,81.7735907275811,1.77635683940025e-14,9.4130124206943,37.787006196646,22.9705677744398,69.0961746105263,83.8639094659131,11.8282027866019,9.4130124206943,0.841946477868992,0.9,0,0.0452319635819559,0,0.712473166666667,1.46410661372443e-14,0
2020-02-02,0.7,11.63282715,ok,1,35.8674238980873,11.63282715,11.63282715,11.63282715,12.472749984451,6.72832632777604,55.5351355220417,7.105427357601e-15,10.9567115444587,43.9839350594191,26.7376556907179,70.7580070605263,85.8809207826739,13.4900352366019,10.9567115444587,0.928913816651255,0.8,0,0,0,1.06291529166667,4.44089209850063e-16,0
2020-02-02,0.6,9.9709947,infeasible,0,NaN,NaN,NaN,NaN,NaN,NaN,NaN,NaN,NaN,NaN,NaN,NaN,NaN,NaN,NaN,NaN,NaN,0,NaN,NaN,0.112562041666667,NaN,NaN
2020-02-02,0.5,8.30916225,infeasible,0,NaN,NaN,NaN,NaN,NaN,NaN,NaN,NaN,NaN,NaN,NaN,NaN,NaN,NaN,NaN,NaN,NaN,0,NaN,NaN,0.098071875,NaN,NaN
2020-02-15,2,43.865009,ok,1,30.3904003371308,43.865009,43.865009,14.39623,33.4102797168065,31.5606406655418,320.131319800456,7.105427357601e-15,0,0,0,38.2054402105263,46.5520057195277,-18.0259653838721,0,NaN,NaN,0,0,0,1.42279175,3.02535774210355e-15,0
2020-02-15,1.5,32.89875675,ok,1,30.3904003371308,32.89875675,32.89875675,13.9080436872123,33.4102797168065,31.5606406655418,320.131319800457,7.105427357601e-15,0,0,0,49.1716924605263,59.9140042896458,-7.0597131338721,0,0,2,0,0.252538136138053,0,1.28047845833333,2.22044604925031e-15,0
2020-02-15,1.25,27.415630625,ok,1,30.3904003371308,27.415630625,27.415630625,13.951683195,33.4102797168065,31.5606406655419,320.131319800463,7.105427357601e-15,0,0,0,54.6548185855263,66.5950035747048,-1.5765870088721,0,0,1.5,1,0.378807204207079,0,1.53590775,3.19744231092045e-14,0
2020-02-15,1,21.9325045,ok,1,33.196431735773,21.9325045,21.9325045,14.58503,27.2618629842653,25.2414415413103,245.906900659684,7.105427357601e-15,2.8060313986422,9.23328211380554,6.1484167325412,60.1379447105263,73.2760028597639,3.9065391161279,2.8060313986422,0.511757587673984,1.25,0,0.31173229986734,0,0.551747666666667,1.77635683940025e-15,0
2020-02-15,0.9,19.73925405,ok,1,34.967338487041,19.73925405,19.73925405,17.59514,23.381552626179,21.2533491781514,208.476422035049,3.5527136788005e-15,4.5769381499102,15.0604733703298,10.0287270906275,62.3311951605263,75.9484025737875,6.0997895661279,4.5769381499102,0.807434805846273,1,0,0.240219144925037,6.35683390390913e-07,0.636189958333333,1.77635683940025e-15,0
2020-02-15,0.8,17.5460036,ok,1,36.811533312343,17.5460036,17.5460036,17.5460036,19.3406576000438,17.1002116435537,166.804568423464,3.5527136788005e-15,6.4211329752122,21.1288199693997,14.0696221167627,64.5244456105263,78.6208022878111,8.2930400161279,6.4211329752122,0.840850084085018,0.9,0,0.163656222053986,7.94492592460182e-07,0.630097916666667,3.05311331771918e-15,0
2020-02-15,0.7,15.35275315,ok,1,38.6557281376449,15.35275315,15.35275315,15.35275315,15.2997625739085,12.947074108956,125.132582286886,2.30926389122033e-14,8.2653278005141,27.1971665684692,18.110517142898,66.7176960605263,81.2932020018347,10.4862904661279,8.2653278005141,0.84085008408497,0.8,0,0.0870932991829433,0,1.21548733333333,4.17443857259059e-14,0
2020-02-15,0.6,13.1595027,ok,1,40.6527519661093,13.1595027,13.1595027,13.1595027,10.9239973104994,8.44976476523012,84.7053486675219,5.32907051820075e-15,10.2623516289785,33.7683989520863,22.4862824063071,68.9109465105263,83.9656017158583,12.6795409161279,10.2623516289785,0.910531594084205,0.7,0,0,0,1.08449891666667,1.2941037130787e-15,0
2020-02-15,0.5,10.96625225,infeasible,0,NaN,NaN,NaN,NaN,NaN,NaN,NaN,NaN,NaN,NaN,NaN,NaN,NaN,NaN,NaN,NaN,NaN,0,NaN,NaN,0.103723291666667,NaN,NaN
2020-02-16,2,35.462003,ok,1,27.6877608678395,35.462003,35.462003,10.299308,38.1196035585613,34.135851125173,319.999926761191,1.4210854715202e-14,0,0,9.9475983006414e-14,38.7790127894737,52.2339469322994,-10.0688095521971,0,NaN,NaN,0,0,0,1.08051920833333,5.10702591327572e-15,0
2020-02-16,1.5,26.59650225,ok,1,27.6877608678395,26.59650225,26.59650225,9.9419935,38.1196035585613,34.135851125173,319.999926761191,1.06581410364015e-14,0,0,9.9475983006414e-14,47.6445135394737,64.1754601992245,-1.2033088021971,0,0,2,1,0.271964146610211,0,1.418988625,3.99680288865056e-15,0
2020-02-16,1.25,22.163751875,ok,1,30.0074392466637,22.163751875,22.163751875,11.169615,32.9352689211943,28.6177580293149,258.640505750249,7.105427357601e-15,2.3196783788242,8.37799195787841,5.1843346373671,52.0772639144737,70.1462168326871,3.2294415728029,2.3196783788242,0.523304536142349,1.5,0,0.248962449281875,0,1.064040125,8.21565038222616e-15,0
2020-02-16,1,17.7310015,ok,1,33.4461965590834,17.7310015,17.7310015,15.0292,25.2498635619768,20.4375796230253,183.392302864217,7.105427357601e-15,5.7584356912439,20.7977659108309,12.8697399965846,56.5100142894737,76.1169734661497,7.6621919478029,5.7584356912439,0.775761552424368,1.25,0,0.149262451825552,7.28394988429817e-15,0.586613,1.75970349403087e-14,0
2020-02-16,0.9,15.95790135,ok,1,34.9371079693021,15.95790135,15.95790135,15.706749,21.917770744368,16.8909724578398,149.703323163089,8.88178419700125e-15,7.2493471014626,26.1824967936754,16.2018328141934,58.2831144394737,78.5052761195347,9.4352920978029,7.2493471014626,0.840850084085041,1,0,0.101472702803637,0,0.596715833333333,1.08801856413265e-14,0
2020-02-16,0.8,14.1848012,ok,1,36.4280193795208,14.1848012,14.1848012,14.1848012,18.5856779267593,13.3443652926543,116.014343461964,1.06581410364015e-14,8.7402585116813,31.56722767652,19.5339256318021,60.0562145894737,80.8935787729198,11.2083922478029,8.7402585116813,0.840850084085042,0.9,0,0.0536829537817207,7.80215689918984e-16,0.622075416666667,7.105427357601e-15,0
2020-02-16,0.7,12.41170105,ok,1,38.004916545448,12.41170105,12.41170105,12.41170105,15.0614123770557,9.59321364869593,82.3239965389018,7.105427357601e-15,10.3171556776085,37.2625136675184,23.0581911815057,61.8293147394737,83.2818814263048,12.9814923978029,10.3171556776085,0.889344668955783,0.8,0,0,0,1.28495625,1.32005517627931e-13,0
2020-02-16,0.6,10.6386009,infeasible,0,NaN,NaN,NaN,NaN,NaN,NaN,NaN,NaN,NaN,NaN,NaN,NaN,NaN,NaN,NaN,NaN,NaN,0,NaN,NaN,0.123839875,NaN,NaN
2020-02-16,0.5,8.86550075,infeasible,0,NaN,NaN,NaN,NaN,NaN,NaN,NaN,NaN,NaN,NaN,NaN,NaN,NaN,NaN,NaN,NaN,NaN,0,NaN,NaN,0.105232041666667,NaN,NaN
2020-03-01,2,35.137915,ok,1,23.6884277515283,35.137915,35.137915,4.44089209850063e-16,43.3350698801991,38.0321207217296,293.904715593718,7.105427357601e-15,0,0,0,44.0861139631067,55.6474021078086,-11.1237142121993,0,NaN,NaN,0,0,0,2.06633491666667,4.71844785465692e-15,0
2020-03-01,1.5,26.35343625,ok,1,23.6884277515283,26.35343625,26.35343625,6.66133814775094e-16,43.335069880199,38.0321207217296,293.904715593696,3.5527136788005e-15,0,0,9.9475983006414e-14,52.8705927131067,66.7355515808564,-2.3392354621993,0,0,2,0,0.27196414661021,0,1.32296208333333,4.44089209850063e-15,0
2020-03-01,1.25,21.961196875,ok,1,25.1630817499467,21.961196875,21.961196875,7.49474670632478,39.8075598804747,34.1744910846037,254.898462559053,3.5527136788005e-15,1.4746539984184,6.22520841773999,3.5275099997244,57.2628320881067,72.2796263173803,2.0530039128007,1.4746539984184,0.335740808393075,1.5,1,0.296326812190552,0,1.547945625,3.88578058618805e-14,0
2020-03-01,1,17.5689575,ok,1,28.5984743882579,17.5689575,17.5689575,12.2011295,31.5897800503455,25.1876558873799,186.693207457245,0,4.9100466367296,20.7276172493669,11.7452898298536,61.6550714631067,77.8237010539043,6.4452432878007,4.9100466367296,0.782150594492861,1.25,0,0.172277385224018,0,0.736039458333333,1.55431223447522e-15,0
2020-03-01,0.9,15.81206175,ok,1,30.075760327374,15.81206175,15.81206175,14.3705905,28.0559742028225,21.3231412097976,153.3121120585,7.105427357601e-15,6.3873325758457,26.9639363272373,15.2790956773766,63.4119672131067,80.0413309485139,8.2021390378007,6.3873325758457,0.840850084085012,1,0,0.114851590149345,4.44923116100193e-15,0.863386583333333,2.22044604925031e-15,0
2020-03-01,0.8,14.055166,ok,1,31.5530462664901,14.055166,14.055166,14.055166,24.5221683552994,17.4586265322151,119.931016659737,8.88178419700125e-15,7.8646185149618,33.2002554051077,18.8129015248997,65.1688629631067,82.2589608431234,9.9590347878007,7.8646185149618,0.840850084085012,0.9,0,0.0574257950746725,3.31777335928512e-14,0.845718708333333,2.22044604925031e-15,0
2020-03-01,0.7,12.29827025,ok,1,33.0303322056062,12.29827025,12.29827025,12.29827025,20.9883625077764,13.5941118546327,86.5499212609864,5.32907051820075e-15,9.3419044540779,39.436574482978,22.3467073724227,66.9257587131067,84.476590737733,11.7159305378007,9.3419044540779,0.840850084085012,0.8,0,0,0,1.50219454166667,3.99680288865056e-15,0
2020-03-01,0.6,10.5413745,infeasible,0,NaN,NaN,NaN,NaN,NaN,NaN,NaN,NaN,NaN,NaN,NaN,NaN,NaN,NaN,NaN,NaN,NaN,0,NaN,NaN,0.112023166666667,NaN,NaN
2020-03-01,0.5,8.78447875,infeasible,0,NaN,NaN,NaN,NaN,NaN,NaN,NaN,NaN,NaN,NaN,NaN,NaN,NaN,NaN,NaN,NaN,NaN,0,NaN,NaN,0.0425623333333333,NaN,NaN
2020-03-02,2,35.805932,ok,1,25.4351374272709,35.805932,35.805932,2.97210454844321e-05,39.9515097586162,35.9775348316395,281.695404734475,1.4210854715202e-14,0,0,0,42.5282522105263,54.2907960798186,-9.8476704707807,0,NaN,NaN,0,0,0,1.55883566666667,7.7715611723761e-15,0
2020-03-02,1.5,26.854449,ok,1,25.4351374272709,26.854449,26.854449,2.97210454570651e-05,39.9515097586162,35.9775348316395,281.695404734475,7.105427357601e-15,0,0,0,51.4797352105263,65.718097059864,-0.896187470780699,0,0,2,1,0.294627825494395,0,1.54920358333333,1.95399252334028e-14,0
2020-03-02,1.25,22.3787075,ok,1,28.0062980167683,22.3787075,22.3787075,8.5578135,33.8813907349254,29.505698783808,213.683853418607,3.5527136788005e-15,2.5711605894974,10.1086954880797,6.0701190236908,55.9554767105263,71.4317475498866,3.5795540292193,2.5711605894974,0.57446583755952,1.5,0,0.246615979283964,0,0.771780125,1.77635683940025e-15,0
2020-03-02,1,17.902966,ok,1,31.6989637039705,17.902966,17.902966,16.6686915,25.1635687802889,20.2109363311456,145.568017296124,7.105427357601e-15,6.2638262766996,24.6266657477686,14.7879409783273,60.4312182105263,77.1453980399093,8.0552955292193,6.2638262766996,0.825039982135294,1.25,0,0.113405707398045,0,0.60846275,1.45716771982052e-15,0
2020-03-02,0.9,16.1126694,ok,1,33.2043347506176,16.1126694,16.1126694,16.0945209576527,21.609616738051,16.421785764336,111.552304299679,3.5527136788005e-15,7.7691973233467,30.5451360172985,18.3418930205652,62.2215148105263,79.4308582359184,9.8455921292193,7.7691973233467,0.840850084085006,1,0,0.057971343599343,0,0.903812208333333,1.88737914186277e-15,0
2020-03-02,0.8,14.3223728,ok,1,34.7431012004853,14.3223728,14.3223728,14.3223728,17.9768232289593,12.5485760472434,80.9180754418314,7.105427357601e-15,9.3079637732144,36.5949026217356,21.9746865296569,64.0118114105263,81.7163184319274,11.6358887292193,9.3079637732144,0.859503643065456,0.9,0,0,1.17665584694112e-14,0.607537708333333,6.21724893790088e-15,0
2020-03-02,0.7,12.5320762,infeasible,0,NaN,NaN,NaN,NaN,NaN,NaN,NaN,NaN,NaN,NaN,NaN,NaN,NaN,NaN,NaN,NaN,NaN,0,NaN,NaN,0.110374041666667,NaN,NaN
2020-03-02,0.6,10.7417796,infeasible,0,NaN,NaN,NaN,NaN,NaN,NaN,NaN,NaN,NaN,NaN,NaN,NaN,NaN,NaN,NaN,NaN,NaN,0,NaN,NaN,0.0978665,NaN,NaN
2020-03-02,0.5,8.951483,infeasible,0,NaN,NaN,NaN,NaN,NaN,NaN,NaN,NaN,NaN,NaN,NaN,NaN,NaN,NaN,NaN,NaN,NaN,0,NaN,NaN,0.0425734583333333,NaN,NaN
2020-03-15,2,49.55474,ok,1,27.3147984834833,49.55474,49.55474,2.39670807479171,49.8334869437236,41.3087323688811,322.182054020835,1.4210854715202e-14,0,0,0,8.9305757894737,15.26977441931,-23.6730034514192,0,NaN,NaN,0,0,0,2.09822183333333,1.17683640610267e-14,0
2020-03-15,1.5,37.166055,ok,1,27.3147984834833,37.166055,37.166055,2.39670807479164,49.8334869437236,41.3087323688812,322.182054020837,7.105427357601e-15,0,0,0,21.3192607894737,36.4523308144825,-11.2843184514192,0,0,2,0,0.235702260395516,7.05730417338908e-16,2.27083829166667,7.105427357601e-15,0
2020-03-15,1.25,30.9717125,ok,1,27.3147984834833,30.9717125,30.9717125,2.39670807479163,49.8334869437236,41.3087323688812,322.182054020837,3.5527136788005e-15,0,0,0,27.5136032894737,47.0436090120687,-5.0899759514192,0,0,1.5,0,0.353553390593274,2.82292166935563e-15,2.214439,1.33226762955019e-15,0
2020-03-15,1,24.77737,ok,1,28.1080554355915,24.77737,24.77737,11.2670853010572,48.3765867484326,39.6042623137722,301.199025631306,7.105427357601e-15,0.793256952108198,2.90412888305899,1.456900195291,33.7079457894737,57.634887209655,1.1043665485808,0.793256952108198,0.128061525837197,1.25,1,0.424605686496438,0,1.38786166666667,3.66373598126302e-15,0
2020-03-15,0.9,22.299633,ok,1,29.8877905621635,22.299633,22.299633,13.50574,45.1079151703547,35.7801480451167,254.121930892401,7.105427357601e-15,2.5729920786802,9.41977324209817,4.7255717733689,36.1856827894737,61.8713984886895,3.5821035485808,2.5729920786802,0.718290571829052,1,0,0.366749227983889,3.28817845165706e-14,2.02740045833333,2.1094237467878e-15,0
2020-03-15,0.8,19.821896,ok,1,31.8599661778044,19.821896,19.821896,16.84763,41.4858063039413,31.5425371784965,239.631354654924,7.105427357601e-15,4.5451676943211,16.6399459145542,8.3476806397823,38.6634197894737,66.107909767724,6.0598405485808,4.5451676943211,0.795958415134818,0.9,0,0.297539587459419,0,1.25198466666667,1.06581410364015e-14,0
2020-03-15,0.7,17.344159,ok,1,34.1123530724299,17.344159,17.344159,17.344159,37.3490598210653,26.7028367457357,195.303687131474,7.105427357601e-15,6.7975545889466,24.8859774420702,12.4844271226583,41.1411567894737,70.3444210467585,8.5375775485808,6.7975545889466,0.90905003017895,0.8,0,0.211798656313638,1.60078290546549e-14,0.807411583333333,8.27116153345742e-15,0
2020-03-15,0.6,14.866422,ok,1,36.6846614851687,14.866422,14.866422,14.866422,32.6247436724232,21.1757214139818,151.620212590901,3.5527136788005e-15,9.3698630016854,34.3032477700729,17.2087432713004,43.6188937894737,74.580932325793,11.0153145485808,9.3698630016854,1.03816846289126,0.7,0,0.107183696930639,0,1.30705416666667,5.32907051820075e-15,0
2020-03-15,0.5,12.388685,ok,1,39.3005109165786,12.388685,12.388685,12.388685,27.820459843149,15.5550495589643,106.768706253306,7.105427357601e-15,11.9857124330953,43.8799226007207,22.0130271005746,46.0966307894737,78.8174436048275,13.4930515485808,11.9857124330953,1.05574136052773,0.6,0,0,0,1.133114125,8.43769498715119e-15,0
2020-03-16,2,47.42905,ok,1,43.8566466984579,47.42905,47.42905,20.1418595,27.5914397677743,24.2373097049598,319.999996784949,7.105427357601e-15,-9.9475983006414e-14,-2.26820768332732e-13,-9.9475983006414e-14,29.5995257894737,38.4266818983801,-19.9414325937777,0,NaN,NaN,0,0,3.52478736142834e-07,1.03087275,1.55431223447522e-15,0
2020-03-16,1.5,35.5717875,ok,1,43.8566466984579,35.5717875,35.5717875,20.1418595,27.5914397677743,24.2373097049598,319.999883991755,1.4210854715202e-14,-9.9475983006414e-14,-2.26820768332732e-13,-9.9475983006414e-14,41.4567882894737,53.8200114237851,-8.0841700937777,0,0,2,0,0.271964146610211,0,1.02833541666667,1.33226762955019e-15,0
2020-03-16,1.25,29.64315625,ok,1,43.8566466984579,29.64315625,29.64315625,20.2764755,27.5914397677743,24.2373097049598,319.999883991755,7.105427357601e-15,-9.9475983006414e-14,-2.26820768332732e-13,-9.9475983006414e-14,47.3854195394737,61.5166761864876,-2.1555388437777,0,0,1.5,1,0.407946219915316,0,1.08729245833333,1.33226762955019e-15,0
2020-03-16,1,23.714525,ok,1,46.6679041273649,23.714525,23.714525,20.7416506293696,22.9499744895713,19.3808411429572,250.396563938169,7.105427357601e-15,2.8112574289069,6.41010574346019,4.6414652782029,53.3140507894737,69.2133409491901,3.7730924062223,2.811257428907,0.474183215376567,1.25,0,0.32889292872243,0,0.534794458333333,3.88578058618805e-15,0
2020-03-16,0.9,21.3430725,ok,1,48.6619401613935,21.3430725,21.3430725,21.3430725,19.6577647757753,15.9361287480041,205.338863652823,1.77635683940025e-14,4.8052934629355,10.9568191475625,7.9336749919989,55.6855032894737,72.2920068542711,6.1445449062223,4.8052934629356,0.84085008408501,1,0,0.230760321920972,2.46376364834936e-14,0.782500333333333,1.08801856413265e-14,0
2020-03-16,0.8,18.97162,ok,1,50.7989944907239,18.97162,18.97162,18.97162,16.1294278240516,12.244351161588,160.281155995393,1.77635683940025e-14,6.9423477922659,15.8296365884946,11.4620119437226,58.0569557894737,75.370672759352,8.5159974062223,6.942347792266,0.901158395257926,0.9,0,0.12168812952914,0,0.897114833333333,1.99840144432528e-14,0
2020-03-16,0.7,16.6001675,ok,1,53.1009828395477,16.6001675,16.6001675,16.6001675,12.3287801558488,8.26764880370213,115.223439836234,3.5527136788005e-15,9.2443361410897,21.0785293382103,15.2626596119254,60.4284082894737,78.449338664433,10.8874499062223,9.2443361410898,0.970708183623243,0.8,0,0,0,1.03595070833333,8.88178419700125e-16,0
2020-03-16,0.6,14.228715,infeasible,0,NaN,NaN,NaN,NaN,NaN,NaN,NaN,NaN,NaN,NaN,NaN,NaN,NaN,NaN,NaN,NaN,NaN,0,NaN,NaN,0.130238333333333,NaN,NaN
2020-03-16,0.5,11.8572625,infeasible,0,NaN,NaN,NaN,NaN,NaN,NaN,NaN,NaN,NaN,NaN,NaN,NaN,NaN,NaN,NaN,NaN,NaN,0,NaN,NaN,0.1160135,NaN,NaN
2020-04-01,2,43.164977,ok,1,28.7443043798139,43.164977,43.164977,9.35664109089241,34.9296727432512,32.678680397,320.148630334963,1.4210854715202e-14,9.9475983006414e-14,3.46071978963153e-13,0,37.2765272105263,46.3399181509194,-17.9373327158435,9.9475983006414e-14,NaN,NaN,0,0,0,1.89561141666667,2.59948312875125e-15,0
2020-04-01,1.5,32.37373275,ok,1,28.7443043798139,32.37373275,32.37373275,8.63527994075767,34.9296727432511,32.678680397,320.148630334962,7.105427357601e-15,9.9475983006414e-14,3.46071978963153e-13,9.9475983006414e-14,48.0677714605263,59.7549386131896,-7.1460884658435,9.9475983006414e-14,0,2,0,0.252538136138051,0,2.41742254166667,3.69426711444021e-14,0
2020-04-01,1.25,26.978110625,ok,1,28.7443043798138,26.978110625,26.978110625,7.48091244075671,34.9296727432512,32.678680397,320.148630334961,1.06581410364015e-14,0,0,0,53.4633935855263,66.4624488443246,-1.7504663408435,0,-1.84364250686688e-14,1.5,1,0.378807204207084,0,2.313758875,3.96627175547337e-14,0
2020-04-01,1,21.5824885,ok,1,31.3625864747744,21.5824885,21.5824885,10.70199,29.0024994668224,26.5464670932251,250.890507371979,1.06581410364015e-14,2.6182820949606,9.10887270174934,5.9271732764288,58.8590157105263,73.1699590754597,3.6451557841565,2.6182820949606,0.485260463817339,1.25,0,0.316289796989805,0,1.372253,1.99840144432528e-15,0
2020-04-01,0.9,19.42423965,ok,1,33.1068863956298,19.42423965,19.42423965,13.62755,25.0538157490251,22.4611856787317,212.008287835941,3.5527136788005e-15,4.362582015816,15.1772050496365,9.8758569942261,61.0172645605263,75.8529631679137,5.8034046341565,4.362582015816,0.808201482815756,1,0,0.24102784631965,0,1.51802429166667,4.88498130835069e-15,0
2020-04-01,0.8,17.2659908,ok,1,34.9216501226286,17.2659908,17.2659908,16.356969,20.9456185893672,18.2108727383004,171.00146614143,3.5527136788005e-15,6.1773457428148,21.4906774614902,13.984054153884,63.1755134105263,78.5359672603678,7.9616534841565,6.1773457428148,0.840850084084974,0.9,0,0.160685230879769,0,0.934363208333333,2.66453525910038e-15,0
2020-04-01,0.7,15.10774195,ok,1,36.7364138496275,15.10774195,15.10774195,15.10774195,16.8374214297093,13.960559797869,129.994644446922,1.77635683940025e-15,7.9921094698137,27.8041498733443,18.0922513135419,65.3337622605263,81.2189713528218,10.1199023341565,7.9921094698137,0.840850084085023,0.8,0,0.0803426154398807,2.01146537899476e-14,1.16438429166667,3.85656419080318e-15,0
2020-04-01,0.6,12.9494931,ok,1,38.5511775766263,12.9494931,12.9494931,12.9494931,12.7292242700515,9.71024685743762,88.9878227524098,3.5527136788005e-15,9.8068731968125,34.117622285198,22.2004484731997,67.4920111105263,83.9019754452758,12.2781511841565,9.8068731968125,0.840850084084974,0.7,0,0,0,1.652487,1.33226762955019e-15,0
2020-04-01,0.5,10.79124425,infeasible,0,NaN,NaN,NaN,NaN,NaN,NaN,NaN,NaN,NaN,NaN,NaN,NaN,NaN,NaN,NaN,NaN,NaN,0,NaN,NaN,0.16579775,NaN,NaN
2020-04-02,2,34.865046,ok,1,20.1439120378291,34.865046,34.865046,1.66533453693773e-16,47.039327933569,40.7798329096026,222.789140172498,7.105427357601e-15,0,0,9.9475983006414e-14,29.9947843878116,46.2455486060725,-14.7242273294212,0,NaN,NaN,0,0,0,1.23138616666667,2.83106871279415e-15,0
2020-04-02,1.5,26.1487845,ok,1,20.1439120378291,26.1487845,26.1487845,1.66533453693773e-16,47.039327933569,40.7798329096026,222.789140172496,3.5527136788005e-15,0,0,9.9475983006414e-14,38.7110458878116,59.6841614545544,-6.0079658294212,0,0,2,0,0.252538136138053,0,1.14159658333333,9.99200722162641e-16,0
2020-04-02,1.25,21.79065375,ok,1,20.1439120378291,21.79065375,21.79065375,4.44089209850063e-16,47.039327933569,40.7798329096026,222.789140172498,1.06581410364015e-14,0,0,9.9475983006414e-14,43.0691766378116,66.4034678787953,-1.6498350794212,0,0,1.5,1,0.378807204207079,0,1.30700170833333,1.94289029309402e-15,0
2020-04-02,1,17.432523,ok,1,22.2490445306857,17.432523,17.432523,9.79558720497758,41.5046913941918,34.5910500286865,194.600715778995,0,2.1051324928566,10.4504650780012,5.5346365393773,47.4273073878116,73.1227743030363,2.7082956705788,2.1051324928566,0.483035643860983,1.25,0,0.322060220079947,0,1.14293966666667,8.88178419700125e-16,0
2020-04-02,0.9,15.6892707,ok,1,23.7350640736022,15.6892707,15.6892707,15.5588847537241,37.5977743291793,30.2223690363428,163.488550150055,3.5527136788005e-15,3.5911520357731,17.8274807248419,9.4415536043898,49.1705596878116,75.8104968727326,4.4515479705788,3.5911520357731,0.852440890464621,1,0,0.243376249555975,4.86766726673456e-15,1.65897241666667,3.99680288865056e-15,0
2020-04-02,0.8,13.9460184,ok,1,25.2338515371904,13.9460184,13.9460184,13.9460184,33.6572889255839,25.8161522170872,133.678858562974,3.5527136788005e-15,5.0899394993613,25.2678798924593,13.3820390079852,50.9138119878116,78.498219442429,6.1948002705788,5.0899394993613,0.859765085976482,0.9,0,0.163582261280617,0,1.751217625,9.53853966298435e-16,0
2020-04-02,0.7,12.2027661,ok,1,26.7326390007787,12.2027661,12.2027661,12.2027661,29.7168035219886,21.4099353978316,103.869166975895,7.105427357601e-15,6.5887269629496,32.7082790600771,17.3225244115805,52.6570642878116,81.1859420121254,7.9380525705788,6.5887269629496,0.85976508597654,0.8,0,0.0837882730052508,0,1.99058566666667,2.8643754035329e-14,0
2020-04-02,0.6,10.4595138,ok,1,28.2773705139173,10.4595138,10.4595138,10.4595138,25.6555259039975,16.8686497654242,78.6020811805714,3.5527136788005e-15,8.1334584760882,40.3767573091763,21.3838020295716,54.4003165878116,83.8736645818218,9.6813048705788,8.1334584760882,0.886120450343648,0.7,0,0,0,1.553688625,4.6074255521944e-15,0
2020-04-02,0.5,8.7162615,infeasible,0,NaN,NaN,NaN,NaN,NaN,NaN,NaN,NaN,NaN,NaN,NaN,NaN,NaN,NaN,NaN,NaN,NaN,0,NaN,NaN,0.215690916666667,NaN,NaN
2020-04-15,2,34.534117,ok,1,13.2411445276038,34.534117,34.534117,5.55111512312578e-16,65.39699008855,57.353821050017,163.936634781602,0,0,0,0,8.9156932726345,20.5195217578424,-21.596163233949,0,NaN,NaN,0,0,0,1.09226129166667,8.88178419700125e-15,0
2020-04-15,1.5,25.90058775,ok,1,13.2411445276038,25.90058775,25.90058775,5.55111512312578e-16,65.39699008855,57.353821050017,163.936634781605,7.105427357601e-15,0,0,0,17.5492225226345,40.3896413183818,-12.962633983949,0,0,2,0,0.235702260395516,0,1.48982858333333,8.10462807976364e-15,0
2020-04-15,1.25,21.583823125,ok,1,13.2411445276038,21.583823125,21.583823125,5.55111512312578e-16,65.39699008855,57.353821050017,163.936634781604,0,0,0,0,21.8659871476345,50.3247010986515,-8.645869358949,0,0,1.5,0,0.353553390593274,0,0.975533458333333,3.33066907387547e-15,0
2020-04-15,1,17.2670585,ok,1,13.2411445276038,17.2670585,17.2670585,9.99200722162641e-16,65.39699008855,57.353821050017,163.936634781604,1.06581410364015e-14,0,0,0,26.1827517726345,60.2597608789212,-4.329104733949,0,0,1.25,0,0.471404520791032,0,1.01025254166667,1.14352971536391e-13,0
2020-04-15,0.9,15.54035265,ok,1,13.2411445276038,15.54035265,15.54035265,5.55111512312578e-16,65.39699008855,57.353821050017,163.936634781603,1.77635683940025e-15,0,0,0,27.9094576226345,64.2337847910291,-2.602398883949,0,0,1,0,0.518544972870135,0,1.23893704166667,5.32907051820075e-15,0
2020-04-15,0.8,13.8136468,ok,1,13.2411445276038,13.8136468,13.8136468,1.72084568816899e-15,65.39699008855,57.353821050017,163.936634781602,7.105427357601e-15,0,0,0,29.6361634726345,68.207808703137,-0.875693033949,0,0,0.9,1,0.565685424949238,0,0.848241458333333,2.59792187762287e-14,0
2020-04-15,0.7,12.08694095,ok,1,13.7317480270384,12.08694095,12.08694095,3.51702139276374,64.114898671291,55.7737186210497,154.571870909234,7.105427357601e-15,0.4906034994346,3.70514420722348,1.282091417259,31.3628693226345,72.1818326152449,0.851012816051,0.4906034994346,0.284126853125911,0.8,0,0.517806047271045,0,0.833031208333333,1.68753899743024e-14,0
2020-04-15,0.6,10.3602351,ok,1,15.2595821243809,10.3602351,10.3602351,7.36479,60.12221825736,50.8529743315117,126.25687177111,3.90798504668055e-14,2.0184375967771,15.2436792194909,5.27477183119,33.0895751726345,76.1558565273527,2.577718666051,2.0184375967771,0.88482592292283,0.7,0,0.269036388651419,0,0.862939,3.37507799486048e-14,0
2020-04-15,0.5,8.63352925,ok,1,16.8920567867622,8.63352925000001,8.63352925000001,8.235245815,55.8560812323613,45.5952108173313,100.05298952925,8.88178419700125e-15,3.6509122591584,27.5724825112161,9.5409088561887,34.8162810226345,80.1298804394606,4.30442451605099,3.6509122591584,0.945427191540069,0.6,0,0,0,0.804427041666667,9.43689570931383e-16,0
2020-04-16,2,28.756625,ok,1,17.0873928899223,28.756625,28.756625,2.63677968348475e-16,57.8120495459045,47.2836186986351,204.874065035836,3.5527136788005e-15,0,0,0,18.7322994782776,39.4456174446447,-11.9895347090929,0,NaN,NaN,0,0,0,1.15860995833333,1.99840144432528e-15,0
2020-04-16,1.5,21.56746875,ok,1,17.0873928899223,21.56746875,21.56746875,4.44089209850063e-16,57.8120495459045,47.2836186986351,204.874065035829,3.5527136788005e-15,0,0,0,25.9214557282776,54.5842130834835,-4.8003784590929,0,0,2,0,0.294627825494395,0,0.817965,1.11022302462516e-15,0
2020-04-16,1.25,17.972890625,ok,1,17.0873928899223,17.972890625,17.972890625,1.60982338570648e-15,57.8120495459045,47.2836186986351,204.874065035833,3.5527136788005e-15,0,0,0,29.5160338532776,62.1535109029029,-1.2058003340929,0,0,1.5,1,0.441941738241592,1.23467659943367e-14,1.28501941666667,1.04360964314765e-14,0
2020-04-16,1,14.3783125,ok,1,19.0959971951454,14.3783125,14.3783125,7.9170485,52.8529022109934,41.0868658575299,159.487954904557,7.105427357601e-15,2.0086043052231,11.75489039295,4.9591473349111,33.1106119782776,69.7228087223223,2.3887777909071,2.0086043052231,0.558787216573044,1.25,0,0.271850962367438,0,0.883221541666667,1.0547118733939e-13,0
2020-04-16,0.9,12.94048125,ok,1,20.3184049680399,12.94048125,12.94048125,8.9826805,49.8348362667153,37.3156109518348,133.523254268858,5.32907051820075e-15,3.2310120781176,18.9087480982729,7.9772132791892,34.5484432282776,72.7505278500901,3.8266090409071,3.2310120781176,0.850174714796677,1,0,0.137608586167495,0,0.790062375,7.54951656745106e-15,0
2020-04-16,0.8,11.50265,ok,1,21.5621148327922,11.50265,11.50265,9.8256976,46.7641764831282,33.4786368808977,109.151372179846,7.105427357601e-15,4.4747219428699,26.1872713508506,11.0478730627763,35.9862744782776,75.7782469778579,5.2644402909071,4.4747219428699,0.86499014731548,0.9,0,0,0,1.23672920833333,1.77635683940025e-15,0
2020-04-16,0.7,10.06481875,infeasible,0,NaN,NaN,NaN,NaN,NaN,NaN,NaN,NaN,NaN,NaN,NaN,NaN,NaN,NaN,NaN,NaN,NaN,0,NaN,NaN,0.134057541666667,NaN,NaN
2020-04-16,0.6,8.6269875,infeasible,0,NaN,NaN,NaN,NaN,NaN,NaN,NaN,NaN,NaN,NaN,NaN,NaN,NaN,NaN,NaN,NaN,NaN,0,NaN,NaN,0.12537725,NaN,NaN
2020-04-16,0.5,7.18915625,infeasible,0,NaN,NaN,NaN,NaN,NaN,NaN,NaN,NaN,NaN,NaN,NaN,NaN,NaN,NaN,NaN,NaN,NaN,0,NaN,NaN,0.05861825,NaN,NaN
2020-05-01,2,45.130846,ok,1,34.5149644927198,45.130846,45.130846,14.83122,29.4196480353263,28.478831257334,319.999908702083,1.4210854715202e-14,0,0,9.9475983006414e-14,34.6849482105263,43.4562464153893,-20.6941515983264,0,NaN,NaN,0,0,0,1.07214870833333,1.33226762955019e-15,0
2020-05-01,1.5,33.8481345,ok,1,34.5149644927198,33.8481345,33.8481345,14.83122,29.4196480353263,28.4788312573341,319.999908702083,7.105427357601e-15,0,0,9.9475983006414e-14,45.9676597105263,57.5921848115419,-9.4114400983264,0,0,2,0,0.252538136138053,0,1.22982404166667,1.0547118733939e-15,0
2020-05-01,1.25,28.20677875,ok,1,34.5149644927199,28.20677875,28.20677875,14.83122,29.419648035326,28.4788312573338,319.99990870208,7.105427357601e-15,9.9475983006414e-14,2.88211170048853e-13,4.01456645704457e-13,51.6090154605263,64.6601540096183,-3.7700843483264,9.9475983006414e-14,1.76333469142438e-14,1.5,0,0.378807204207071,0,1.24896666666667,2.22044604925031e-15,0
2020-05-01,1,22.565423,ok,1,35.8590827941071,22.565423,22.565423,14.83122,26.6710332188721,25.693578157511,284.445703646664,0,1.3441183013873,3.89430590800931,2.7486148164543,57.2503712105263,71.7281232076946,1.8712714016736,1.3441183013873,0.238261574159227,1.25,1,0.396169577323175,0,1.68017325,1.77635683940025e-15,0
2020-05-01,0.9,20.3088807,ok,1,37.5497822665578,20.3088807,20.3088807,15.21149,23.2136875258981,22.190146992522,241.754993244412,3.5527136788005e-15,3.034817773838,8.79275936812315,6.2059605094283,59.5069135105263,74.5553108869252,4.1278137016736,3.034817773838,0.749243420985592,1,0,0.309688896666558,3.64448725760865e-15,0.784105625,8.88178419700125e-16,0
2020-05-01,0.8,18.0523384,ok,1,39.4471960492542,18.0523384,18.0523384,18.043203,19.3336275410883,18.2583668698593,198.880591739591,7.105427357601e-15,4.9322315565344,14.2901249618111,10.0860204942381,61.7634558105263,77.3824985661557,6.3843560016736,4.9322315565344,0.84085008408502,0.9,0,0.206459264444369,0,0.760155958333333,7.105427357601e-15,0
2020-05-01,0.7,15.7957961,ok,1,41.3446098319505,15.7957961,15.7957961,15.7957961,15.4535675562785,14.3265867471965,156.006190234767,3.5527136788005e-15,6.8296453392307,19.7874905554988,13.9660804790479,64.0199981105263,80.2096862453862,8.6408983016736,6.8296453392307,0.840850084084973,0.8,0,0.103229632222188,0,1.20023925,2.88657986402541e-15,0
2020-05-01,0.6,13.5392538,ok,1,43.2420236146469,13.5392538,13.5392538,13.5392538,11.5735075714687,10.3948066245337,113.131788729932,2.1316282072803e-14,8.7270591219271,25.2848561491868,17.8461404638577,66.2765404105263,83.0368739246168,10.8974406016736,8.7270591219271,0.840850084085016,0.7,0,0,0,1.63096308333333,2.8421709430404e-14,0
2020-05-01,0.5,11.2827115,infeasible,0,NaN,NaN,NaN,NaN,NaN,NaN,NaN,NaN,NaN,NaN,NaN,NaN,NaN,NaN,NaN,NaN,NaN,0,NaN,NaN,0.124481416666667,NaN,NaN
2020-05-02,2,37.069473,ok,1,22.5323642826615,37.069473,37.069473,1.49880108324396e-15,38.0784683505594,34.3235451854382,250.105953724236,7.105427357601e-15,0,0,0,35.3851548265372,48.8376738491465,-14.4144081264637,0,NaN,NaN,0,0,0,2.04190775,9.32587340685131e-15,0
2020-05-02,1.5,27.80210475,ok,1,22.5323642826615,27.80210475,27.80210475,4.26048085699904e-15,38.0784683505594,34.3235451854382,250.105953724227,3.5527136788005e-15,0,0,0,44.6525230765372,61.6282553868599,-5.1470398764637,0,0,2,0,0.271964146610211,0,1.26176375,1.48492329543615e-14,0
2020-05-02,1.25,23.168420625,ok,1,22.5323642826615,23.168420625,23.168420625,9.15933995315754e-16,38.0784683505594,34.3235451854382,250.105953724239,7.105427357601e-15,0,0,0,49.2862072015372,68.0235461557166,-0.513355751463699,0,0,1.5,1,0.407946219915316,0,1.69422229166667,2.55351295663786e-15,0
2020-05-02,1,18.5347365,ok,1,25.702142558253,18.5347365,18.5347365,9.74135400000001,29.3675526494149,25.0843993471449,180.19451267374,3.5527136788005e-15,3.1697782755915,14.0676683362102,8.7109157011445,53.9198913265372,74.4188369245733,4.1203283735363,3.1697782755915,0.684073016218278,1.25,0,0.260685549638345,0,1.65358445833333,1.31283872661925e-14,0
2020-05-02,0.9,16.68126285,ok,1,27.2606360327048,16.68126285,16.68126285,14.354872,25.084633121171,20.5417634759333,144.978432989028,3.5527136788005e-15,4.7282717500433,20.9843569486477,12.9938352293884,55.7733649765372,76.9769532321159,5.9738020235363,4.7282717500433,0.840850084084981,1,0,0.175815651671957,0,1.224913125,8.88178419700125e-16,0
2020-05-02,0.8,14.8277892,ok,1,28.8520662490323,14.8277892,14.8277892,14.82685,20.7111996335885,15.9031248767168,113.048270126555,5.32907051820075e-15,6.3197019663708,28.0472208202038,17.3672687169709,57.6268386265372,79.5350695396586,7.8272756735363,6.3197019663708,0.858620362003799,0.9,0,0.0880026162611083,3.83265434649759e-09,1.115734125,2.41473507855972e-15,0
2020-05-02,0.7,12.97431555,ok,1,30.4456180704997,12.97431555,12.97431555,12.97431555,16.3319357307788,11.2583023057537,81.35384556971,3.5527136788005e-15,7.9132537878382,35.1195005041144,21.7465326197806,59.4803122765372,82.0931858472013,9.6807493235363,7.9132537878382,0.859765026315535,0.8,0,0,0,1.29607325,3.04756220259605e-14,0
2020-05-02,0.6,11.1208419,infeasible,0,NaN,NaN,NaN,NaN,NaN,NaN,NaN,NaN,NaN,NaN,NaN,NaN,NaN,NaN,NaN,NaN,NaN,0,NaN,NaN,0.204062416666667,NaN,NaN
2020-05-02,0.5,9.26736825,infeasible,0,NaN,NaN,NaN,NaN,NaN,NaN,NaN,NaN,NaN,NaN,NaN,NaN,NaN,NaN,NaN,NaN,NaN,0,NaN,NaN,0.129289041666667,NaN,NaN
2020-05-15,2,29.245252,ok,1,11.0638236526886,27.9066703827005,27.9066703827005,6.10622663543836e-16,68.1887730929689,58.5758556566477,118.641864805078,0,0,0,0,-1.4827266209276,-5.61129948767389,-16.5721502542347,0,NaN,NaN,0,0,2.58723564698408e-14,0.936146166666667,1.77635683940025e-15,0
2020-05-15,1.5,21.933939,ok,1,11.0638236526886,21.933939,21.933939,6.10622663543836e-16,68.1887730929689,58.5758556566477,118.641864805083,0,0,0,0,4.4900047617729,16.9921825532664,-10.5994188715342,0,0,2,0,0.220735793706089,4.53964032503207e-14,1.2193105,1.33226762955019e-15,0
2020-05-15,1.25,18.2782825,ok,1,11.0638236526886,18.2782825,18.2782825,6.10622663543836e-16,68.1887730929689,58.5758556566477,118.641864805083,0,0,0,0,8.1456612617729,30.8268187943887,-6.9437623715342,0,0,1.5,0,0.355838845783994,3.43766958650185e-14,1.08562420833333,8.88178419700125e-16,0
2020-05-15,1,14.622626,ok,1,11.0638236526886,14.622626,14.622626,6.10622663543836e-16,68.1887730929689,58.5758556566478,118.641864805084,0,0,0,0,11.8013177617729,44.6614550355109,-3.2881058715342,0,0,1.25,0,0.490941897861899,2.0961399917694e-14,1.16306279166667,8.88178419700125e-16,0
2020-05-15,0.9,13.1603634,ok,1,11.0638236526886,13.1603634,13.1603634,6.10622663543836e-16,68.1887730929689,58.5758556566477,118.641864805083,1.77635683940025e-15,0,0,0,13.2635803617729,50.1953095319598,-1.8258432715342,0,0,1,0,0.544983118693061,2.16800764863009e-14,1.05845429166667,1.55431223447522e-15,0
2020-05-15,0.8,11.6981008,ok,1,11.0638236526886,11.6981008,11.6981008,2.22044604925031e-16,68.1887730929689,58.5758556566478,118.641864805086,3.5527136788005e-15,0,0,0,14.7258429617729,55.7291640284087,-0.363580671534201,0,0,0.9,0,0.599024339524223,4.3959050113106e-14,1.12429245833333,8.88178419700125e-16,0
2020-05-15,0.7,10.2358382,ok,1,11.0940551502299,10.2358382,10.2358382,0.291775672834505,68.1018500672398,58.4626656820804,120.180036677218,5.32907051820075e-15,0.0302314975413012,0.273246379283664,0.0869230257291065,16.1881055617729,61.2630185248576,1.0986819284658,0.0302314975413012,0.0206744654081293,0.8,1,0.637708662627535,4.5524857677048e-14,1.253578,1.99840144432528e-15,0
2020-05-15,0.6,8.7735756,ok,1,12.4558298570479,8.7735756,8.7735756,7.479,64.1864112863338,53.3640348841604,92.4305960852157,1.77635683940025e-15,1.3920062043593,12.5816015155035,4.00236180663511,17.6503681617729,66.7968730213066,2.5609445284658,1.3920062043593,0.931279174354866,0.7,0,0,0,0.657269958333333,1.77635683940025e-15,0
2020-05-15,0.5,7.311313,infeasible,0,NaN,NaN,NaN,NaN,NaN,NaN,NaN,NaN,NaN,NaN,NaN,NaN,NaN,NaN,NaN,NaN,NaN,0,NaN,NaN,0.139287166666667,NaN,NaN
2020-05-16,2,26.889369,ok,1,17.3467055284812,26.889369,26.889369,8.88178419700125e-16,50.2287990605887,40.4929374158746,189.068006286175,7.105427357601e-15,-8.27248160106819e-06,-4.76890418322867e-05,-2.37354203989071e-05,28.1855003534775,51.1766994354165,-9.4662624782599,-8.27248170054418e-06,NaN,NaN,0,0,0,1.408830875,1.11022302462516e-15,0
2020-05-16,1.5,20.16702675,ok,1,17.3467055284812,20.16702675,20.16702675,4.63052583473192e-16,50.2287990605888,40.4929374158747,189.06800628619,7.105427357601e-15,-8.27248160106819e-06,-4.76890418322867e-05,-2.37354204983831e-05,34.9078426034775,63.3825245765624,-2.7439202282599,-8.27248170054418e-06,0,2,0,0.294627825494395,4.16401149346491e-14,2.063750625,8.88178419700125e-16,0
2020-05-16,1.25,16.805855625,ok,1,17.8277351253072,16.805855625,16.805855625,2.4044867233362,48.8486280141543,38.8427878657975,185.689025728883,3.5527136788005e-15,0.4810213243444,2.77298242112983,1.380147311014,38.2690137284775,69.4854371471353,0.617250896740099,0.481021324344301,0.14311368833564,1.5,1,0.380894722667488,0,1.67490891666667,9.99200722162641e-16,0
2020-05-16,1,13.4446845,ok,1,20.6241063528262,13.4446845,13.4446845,8.9704024,40.8252742979387,29.2499670635301,137.223430507098,8.88178419700125e-15,3.2773925518634,18.8934491539342,9.4035010272296,41.6301848534775,75.5883497177083,3.9784220217401,3.2773925518633,0.831963361436707,1.25,0,0.173323782167122,0,1.02347933333333,5.10702591327572e-15,0
2020-05-16,0.9,12.10021605,ok,1,21.7546027620584,12.10021605,12.10021605,10.2016257794737,37.5816518214522,25.3718519675626,111.678471684093,3.5527136788005e-15,4.4078889610956,25.410512974803,12.6471235037161,42.9746533034775,78.0295147459374,5.3228904717401,4.4078889610955,0.840850084085054,1,0,0.0887791068561758,1.63308614408169e-16,0.960051041666667,1.36002320516582e-14,0
2020-05-16,0.8,10.7557476,ok,1,22.9184650431491,10.7557476,10.7557476,10.2016257794737,34.2422959211137,21.3792768076018,89.4937177612021,5.32907051820075e-15,5.5717512421863,32.119923728015,15.9864794040546,44.3191217534775,80.4706797741666,6.6673589217401,5.5717512421862,0.865667231604208,0.9,0,0,3.10030713434176e-16,0.828042541666667,7.54951656745106e-15,0
2020-05-16,0.7,9.41127915,infeasible,0,NaN,NaN,NaN,NaN,NaN,NaN,NaN,NaN,NaN,NaN,NaN,NaN,NaN,NaN,NaN,NaN,NaN,0,NaN,NaN,0.134957333333333,NaN,NaN
2020-05-16,0.6,8.0668107,infeasible,0,NaN,NaN,NaN,NaN,NaN,NaN,NaN,NaN,NaN,NaN,NaN,NaN,NaN,NaN,NaN,NaN,NaN,0,NaN,NaN,0.120852666666667,NaN,NaN
2020-05-16,0.5,6.72234225,infeasible,0,NaN,NaN,NaN,NaN,NaN,NaN,NaN,NaN,NaN,NaN,NaN,NaN,NaN,NaN,NaN,NaN,NaN,0,NaN,NaN,0.0967572916666667,NaN,NaN
2020-06-01,2,51.589823,ok,1,32.6468087518901,51.589823,51.589823,15.48574,37.9957108126618,33.9883768062632,323.809223280217,7.105427357601e-15,0,0,0,6.3292501578947,10.9277476534204,-25.0125711241872,0,NaN,NaN,0,0,0,2.50752179166667,4.21884749357559e-15,0
2020-06-01,1.5,38.69236725,ok,1,32.6468087518901,38.69236725,38.69236725,15.48574,37.9957108126618,33.9883768062633,323.809223280221,7.105427357601e-15,0,0,0,19.2267059078947,33.1958107400653,-12.1151153741872,0,0,2,0,0.252538136138053,0,1.47268954166667,9.10382880192628e-15,0
2020-06-01,1.25,32.243639375,ok,1,32.6468087518901,32.243639375,32.243639375,11.865473775,37.9957108126618,33.9883768062632,323.809223280214,7.105427357601e-15,0,0,0,25.6754337828947,44.3298422833878,-5.6663874991872,0,0,1.5,0,0.378807204207079,0,1.873041625,1.76664238793478e-14,0
2020-06-01,1,25.7949115,ok,1,33.2087578234598,25.7949115,25.7949115,14.78197,36.9284318327478,32.852119641024,308.944691313777,1.06581410364015e-14,0.5619490715697,1.7212986293405,1.067278979914,32.1241616578947,55.4638738267102,0.782340375812797,0.5619490715697,0.0871410737842151,1.25,1,0.460583128818965,0,2.33332066666667,2.4535928844216e-14,0
2020-06-01,0.9,23.21542035,ok,1,35.0760524992166,23.21542035,23.21542035,17.53026,33.3819817048498,29.076462624606,263.14244437727,7.105427357601e-15,2.4292437473265,7.44098379044739,4.613729107812,34.7036528078947,59.9174864440392,3.3618315258128,2.4292437473265,0.723900400184277,1,0,0.363244956331795,0,2.78948133333333,3.5527136788005e-15,0
2020-06-01,0.8,20.6359292,ok,1,37.2118792426131,20.6359292,20.6359292,20.3500489730143,29.3255233827499,24.7578356107472,231.213756898917,7.105427357601e-15,4.565070490723,13.9832059097008,8.6701874299119,37.2831439578947,64.3710990613682,5.9413226758128,4.565070490723,0.828003128987863,0.9,0,0.244645362814135,0,1.42851970833333,4.16888745746746e-14,0
2020-06-01,0.7,18.05643805,ok,1,39.3808445929871,18.05643805,18.05643805,18.05643805,25.2061267261281,20.3722025610583,182.203313246583,7.105427357601e-15,6.734035841097,20.6269344494724,12.7895840865337,39.8626351078947,68.8247116786972,8.5208138258128,6.734035841097,0.840850084084996,0.8,0,0.123421971395892,0,1.1341945,6.21724893790088e-15,0
2020-06-01,0.6,15.4769469,ok,1,41.5775780415716,15.4769469,15.4769469,15.4769469,21.0339916470556,15.9304226074007,133.783867320809,3.5527136788005e-15,8.9307692896815,27.3557190767212,16.9617191656062,42.4421262578947,73.2783242960261,11.1003049758128,8.9307692896815,0.851615036006034,0.7,0,0,0,4.20971633333333,1.33226762955019e-15,0
2020-06-01,0.5,12.89745575,infeasible,0,NaN,NaN,NaN,NaN,NaN,NaN,NaN,NaN,NaN,NaN,NaN,NaN,NaN,NaN,NaN,NaN,NaN,0,NaN,NaN,0.163056666666667,NaN,NaN
2020-06-02,2,35.541833,ok,1,23.8512933073022,35.541833,35.541833,2.78703183254833e-05,34.4644998355011,33.9055519819584,287.270457364074,1.4210854715202e-14,0,0,0,22.7835437112622,39.062831645394,-11.1826098800554,0,NaN,NaN,0,0,0,1.58924408333333,9.76996261670138e-15,0
2020-06-02,1.5,26.65637475,ok,1,23.8512933073022,26.65637475,26.65637475,2.78703183813622e-05,34.4644998355011,33.9055519819583,287.270457364073,3.5527136788005e-15,0,0,0,31.6690019612622,54.2971237340455,-2.2971516300554,0,0,2,0,0.27196414661021,0,1.75844375,1.77635683940025e-15,0
2020-06-02,1.25,22.213645625,ok,1,25.3924420284789,22.213645625,22.213645625,6.8541985,30.2299306249807,29.6348664167148,246.504464075345,7.105427357601e-15,1.5411487211767,6.46148911641982,4.2345692105204,36.1117310862622,61.9142697783712,2.1455774949446,1.5411487211767,0.346892344280994,1.5,1,0.294365335584236,0,1.22460225,6.23913626925793e-15,0
2020-06-02,1,17.7709165,ok,1,28.9121324155444,17.7709165,17.7709165,13.8495385,20.5589804182723,19.8814333290306,162.092612537272,7.105427357601e-15,5.0608391082422,21.2183005887265,13.9055194172288,40.5544602112622,69.531415822697,6.5883066199446,5.0608391082422,0.792236098136074,1.25,0,0.170950284367012,0,0.691670416666667,4.44089209850063e-15,0
2020-06-02,0.9,15.99382485,ok,1,30.4064000788736,15.99382485,15.99382485,15.99382485,16.4532249175449,15.7406601170086,128.327867810798,1.06581410364015e-14,6.5551067715714,27.4832340834303,18.0112749179562,42.3315518612622,72.5782742404273,8.3653982699446,6.5551067715714,0.840850084084972,1,0,0.11521730928344,0,0.869097583333333,3.5527136788005e-15,0
2020-06-02,0.8,14.2167332,ok,1,31.913188520527,14.2167332,14.2167332,14.2167332,12.313066440872,11.5651905083836,95.7955329760316,5.32907051820075e-15,8.0618952132248,33.8006627538164,22.1514333946291,44.1086435112622,75.6251326581576,10.1424899199446,8.0618952132248,0.847895741141659,0.9,0,0.0585615672695677,0,1.28646791666667,3.99680288865056e-15,0
2020-06-02,0.7,12.43964155,ok,1,33.4458365966858,12.43964155,12.43964155,12.43964155,8.10185420373633,7.31806112657285,65.8823543528325,7.105427357601e-15,9.5945432893836,40.2265116854111,26.3626456317648,45.8857351612622,78.6719910758879,11.9195815699446,9.5945432893836,0.86244740171887,0.8,0,0,0,1.379403625,2.66453525910038e-15,0
2020-06-02,0.6,10.6625499,infeasible,0,NaN,NaN,NaN,NaN,NaN,NaN,NaN,NaN,NaN,NaN,NaN,NaN,NaN,NaN,NaN,NaN,NaN,0,NaN,NaN,0.274528083333333,NaN,NaN
2020-06-02,0.5,8.88545825,infeasible,0,NaN,NaN,NaN,NaN,NaN,NaN,NaN,NaN,NaN,NaN,NaN,NaN,NaN,NaN,NaN,NaN,NaN,0,NaN,NaN,0.155619916666667,NaN,NaN
2020-06-15,2,28.942559,ok,1,12.0590333708069,28.942559,28.942559,9.0205620750794e-16,64.824750589961,54.643973854102,121.844785489196,0,0,0,0,5.9658068725762,17.089905882025,-15.8286524706013,0,NaN,NaN,0,0,0,1.89468654166667,1.38777878078145e-15,0
2020-06-15,1.5,21.70691925,ok,1,12.0590333708069,21.70691925,21.70691925,4.9960036108132e-16,64.824750589961,54.643973854102,121.844785489201,7.105427357601e-15,0,0,0,13.2014466225762,37.8174294115187,-8.5930127206013,0,0,2,0,0.235702260395516,2.13434362614759e-14,1.71382925,7.99360577730113e-15,0
2020-06-15,1.25,18.089099375,ok,1,12.0590333708069,18.089099375,18.089099375,0,64.824750589961,54.6439738541019,121.844785489194,7.105427357601e-15,0,0,0,16.8192664975762,48.1811911762656,-4.9751928456013,0,0,1.5,0,0.353553390593274,0,1.92146408333333,9.32587340685131e-15,0
2020-06-15,1,14.4712795,ok,1,12.0590333708069,14.4712795,14.4712795,9.74914593498966e-16,64.824750589961,54.643973854102,121.844785489201,1.77635683940025e-15,0,0,0,20.4370863725762,58.5449529410125,-1.3573729706013,0,0,1.25,0,0.471404520791032,0,1.300995375,1.66533453693773e-15,0
2020-06-15,0.9,13.02415155,ok,1,12.0596240352415,13.02415155,13.02415155,2.80775402927702e-13,64.823027668383,54.6417522671211,121.996070586739,3.5527136788005e-15,0.000590664434600541,0.00489810763796749,0.00172292157799347,21.8842143225762,62.6904576469112,0.0897549793987,0.000590664434600541,0.000408163241267326,1,0,0.518442267821142,3.55282810937334e-14,1.4932665,1.97064586870965e-13,0
2020-06-15,0.8,11.5770236,ok,1,12.0738507876186,11.5770236,11.5770236,5.82867087928207e-16,64.7815293535703,54.5882430899803,125.042654290684,3.5527136788005e-15,0.0148174168117006,0.122874001224437,0.0432212363906928,23.3313422725762,66.83596235281,1.5368829293987,0.0148174168117006,0.00983102591384545,0.9,1,0.56310896455913,0,3.20631916666667,1.77635683940025e-15,0
2020-06-15,0.7,10.12989565,ok,1,13.2704736335494,10.12989565,10.12989565,4.63244,61.2910748734239,50.0875459430424,101.363461046834,3.5527136788005e-15,1.2114402627425,10.0459151699108,3.5336757165371,24.7784702225762,70.9814670587087,2.9840108793987,1.2114402627425,0.82689498598296,0.8,0,0.402179993767952,0,1.92809254166667,1.77635683940025e-15,0
2020-06-15,0.6,8.6827677,ok,1,14.5479609968545,8.6827677,8.6827677,8.40113655990796,57.564744972786,45.2827039238317,77.6927950274921,3.5527136788005e-15,2.4889276260476,20.6395284722648,7.260005617175,26.2255981725762,75.1269717646075,4.4311388293987,2.4889276260476,0.882774300161294,0.7,0,0.227190257282746,4.21225706531551e-08,3.95987045833333,1.22124532708767e-15,0
2020-06-15,0.5,7.23563975,ok,1,16.1256574677456,7.23563975,7.23563975,7.23563975,52.9627287787451,39.3487256202921,64.4318208504255,4.44089209850063e-15,4.0666240969387,33.7226373946637,11.8620218112159,27.6727261225762,79.2724764705062,5.8782667793987,4.0666240969387,1.09022596854072,0.6,0,0,4.0001473407143e-08,1.85177191666667,5.10702591327572e-15,0
2020-06-16,2,29.455706,ok,1,19.3101798620257,29.455706,29.455706,2.22044604925031e-16,47.3335293450772,38.4111497034278,221.88647339118,3.5527136788005e-15,0,0,0,27.4383929417092,48.2271333092404,-10.2988154243029,9.9475983006414e-14,NaN,NaN,0,0,0,1.86039108333333,1.88737914186277e-15,0
2020-06-16,1.5,22.0917795,ok,1,19.3101798620257,22.0917795,22.0917795,7.21644966006352e-16,47.3335293450771,38.4111497034278,221.886473391178,7.105427357601e-15,0,0,9.9475983006414e-14,34.8023194417092,61.1703499819303,-2.9348889243029,9.9475983006414e-14,0,2,0,0.252538136138053,0,1.46823304166667,1.77635683940025e-15,0
2020-06-16,1.25,18.40981625,ok,1,19.8467968616261,18.40981625,18.40981625,4.660854,45.8699633055931,36.699636693651,207.692764219333,1.06581410364015e-14,0.536616999600401,2.77893320225195,1.4635660394841,38.4842826917092,67.6419583182752,0.747074325697103,0.536616999600501,0.145742084633898,1.5,1,0.336682357460748,0,2.3489655,8.88178419700125e-16,0
2020-06-16,1,14.727853,ok,1,22.8600846250926,14.727853,14.727853,12.329262435,37.651540033341,27.0889064834373,148.739064153135,7.105427357601e-15,3.5499047630669,18.383592428613,9.6819893117362,42.1662459417092,74.1135666546202,4.4290375756971,3.549904763067,0.818391591351842,1.25,0,0.226406021017534,8.02554327522176e-15,1.1792495,2.66453525910038e-15,0
2020-06-16,0.9,13.2550677,ok,1,24.1114100563121,13.2550677,13.2550677,12.59839616,34.2386824331545,23.0978667724488,122.087060871828,5.32907051820075e-15,4.8012301942864,24.8637259134402,13.0948469119227,43.6390312417092,76.7022099891582,5.9018228756971,4.8012301942865,0.8496319397128,1,0,0.178683640513073,0,1.44777108333333,8.88178419700125e-16,0
2020-06-16,0.8,11.7822824,ok,1,25.4347116136117,11.7822824,11.7822824,11.7822824,30.6295175712472,18.8772628168109,97.9118534356875,7.105427357601e-15,6.124531751586,31.7165960925623,16.70401177383,45.1118165417092,79.2908533236961,7.3746081756971,6.1245317515861,0.898502692347351,0.9,0,0.125311078812756,9.86947020943145e-15,1.42659754166667,3.75255382323303e-14,0
2020-06-16,0.7,10.3094971,ok,1,26.8590547874546,10.3094971,10.3094971,10.3094971,26.7447724003721,14.334391692277,75.6960448327761,1.59872115546023e-14,7.5488749254289,39.0927219703121,20.5887569447051,46.5846018417092,81.8794966582341,8.8473934756971,7.548874925429,0.967108494254322,0.8,0,0.0640066725844847,8.78303519748007e-08,1.2155835,1.68753899743024e-14,0
2020-06-16,0.6,8.8367118,ok,1,28.3178213996289,8.8367118,8.8367118,8.8367118,22.7661409468379,9.68172873746321,54.6499939386338,1.77635683940025e-15,9.0076415376032,46.6471136051773,24.5673883982393,48.0573871417092,84.4681399927721,10.3201787756971,9.0076415376033,0.990481512936272,0.7,0,0,2.60033966905089e-16,2.40147158333333,6.55031584528842e-15,0
2020-06-16,0.5,7.3639265,infeasible,0,NaN,NaN,NaN,NaN,NaN,NaN,NaN,NaN,NaN,NaN,NaN,NaN,NaN,NaN,NaN,NaN,NaN,0,NaN,NaN,0.249188166666667,NaN,NaN
2020-07-01,2,42.283248,ok,1,31.8873578981091,42.283248,42.283248,12.86263,30.8390558052485,30.171314246359,319.999915652547,7.105427357601e-15,0,0,9.9475983006414e-14,40.7664062105263,49.0867862100734,-14.1873123665884,0,NaN,NaN,0,0,0,4.194517,1.20681242776755e-13,0
2020-07-01,1.5,31.712436,ok,1,31.8873578981092,31.712436,31.712436,11.6076454204874,30.8390558052485,30.1713142463589,319.999915652547,0,9.9475983006414e-14,3.11960568587317e-13,9.9475983006414e-14,51.3372182105263,61.8150896575551,-3.6165003665884,9.9475983006414e-14,9.41043914189506e-15,2,0,0.271964146610204,0,1.94248975,1.96370697480575e-15,0
2020-07-01,1.25,26.42703,ok,1,33.0861182504925,26.42703,26.42703,14.18432,28.239047422648,27.5462030594122,288.290674481623,1.06581410364015e-14,1.1987603523834,3.759359292839,2.6000083826006,56.6226242105263,68.1792413812959,1.6689056334116,1.1987603523834,0.226805727390345,1.5,1,0.329260788090483,0,2.65634516666667,2.10358046771082e-15,0
2020-07-01,1,21.141624,ok,1,37.3269465180422,21.141624,21.141624,20.344062,19.0410546604782,18.259404655602,188.11962698341,1.06581410364015e-14,5.4395886199331,17.0587624014333,11.7980011447704,61.9080302105263,74.5433931050367,6.9543116334116,5.4395886199331,0.802365658863237,1.25,0,0.186879131010565,1.96975625304567e-07,1.04402116666667,1.22124532708767e-15,0
2020-07-01,0.9,19.0274616,ok,1,39.1046327973529,19.0274616,19.0274616,16.8228252430698,15.1854055988018,14.3665297123975,147.954372222484,2.1316282072803e-14,7.2172748992438,22.6336560159842,15.6536502064468,64.0221926105263,77.0890537945331,9.0684740334116,7.2172748992438,0.84084660634902,1,0,0.12458640908082,8.95715345010905e-07,0.865099833333333,2.66453525910038e-15,0
2020-07-01,0.8,16.9132992,ok,1,40.8823264291622,16.9132992,16.9132992,15.9367526471957,11.3297405901865,10.4736386682879,107.785062463798,1.77635683940025e-14,8.9949685310531,28.208572688258,19.5093152150621,66.1363550105263,79.6347144840294,11.1826364334116,8.9949685310531,0.840850084084979,0.9,0,0.0622932045404135,0,0.723622208333333,1.00336405850499e-14,0
2020-07-01,0.7,14.7991368,ok,1,42.6600200609716,14.7991368,14.7991368,14.7991368,7.47407558157122,6.58074762417836,67.6158852301068,1.4210854715202e-14,10.7726621628625,33.7834893605321,23.3649802236774,68.2505174105263,82.1803751735257,13.2967988334116,10.7726621628625,0.840850084085025,0.8,0,0,0,2.0839485,1.62370117351429e-14,0
2020-07-01,0.6,12.6849744,infeasible,0,NaN,NaN,NaN,NaN,NaN,NaN,NaN,NaN,NaN,NaN,NaN,NaN,NaN,NaN,NaN,NaN,NaN,0,NaN,NaN,0.187680458333333,NaN,NaN
2020-07-01,0.5,10.570812,infeasible,0,NaN,NaN,NaN,NaN,NaN,NaN,NaN,NaN,NaN,NaN,NaN,NaN,NaN,NaN,NaN,NaN,NaN,0,NaN,NaN,0.126522583333333,NaN,NaN
2020-07-02,2,48.891061,ok,1,29.3756687771134,48.891061,48.891061,12.2974125,33.3874247773412,31.825599214636,320.058474211499,1.4210854715202e-14,0,0,-9.9475983006414e-14,22.1541005789474,31.1831236449918,-23.239860761386,0,NaN,NaN,0,0,2.73508974450079e-14,3.11654908333333,1.37390099297363e-15,0
2020-07-02,1.5,36.66829575,ok,1,29.3756687771134,36.66829575,36.66829575,11.875535023338,33.3874247773411,31.8255992146359,320.05847421148,1.4210854715202e-14,0,0,0,34.3768658289474,48.3873427337439,-11.017095511386,0,0,2,0,0.235702260395516,0,3.65708908333333,3.99680288865056e-15,0
2020-07-02,1.25,30.556913125,ok,1,29.3756687771134,30.556913125,30.556913125,11.3788725,33.3874247773411,31.8255992146359,320.05847421148,1.06581410364015e-14,0,0,0,40.4882484539474,56.9894522781199,-4.905712886386,0,0,1.5,0,0.353553390593275,0,2.02459533333333,3.19744231092045e-14,0
2020-07-02,1,24.4455305,ok,1,30.241691078165,24.4455305,24.4455305,13.1134425,31.4236235066023,29.8157538596614,297.150675571159,7.105427357601e-15,0.866022301051601,2.94809390595498,1.9638012707388,46.5996310789474,65.5915618224959,1.205669738614,0.866022301051601,0.141706444219175,1.25,1,0.416757129828002,0,3.68311420833333,6.66133814775094e-15,0
2020-07-02,0.9,22.00097745,ok,1,31.9975904863159,22.00097745,22.00097745,14.32409,27.4419275562448,25.7407014447414,250.704077110883,7.105427357601e-15,2.6219217092025,8.92548771943276,5.9454972210963,49.0441841289474,69.0324056402463,3.650222788614,2.6219217092025,0.71829057182903,1,0,0.353097523603227,0,1.61603183333333,1.95676808090184e-15,0
2020-07-02,0.8,19.5564244,ok,1,33.8879447778654,19.5564244,19.5564244,16.4279014055224,23.1553402993301,21.3536091175418,205.229040141006,1.06581410364015e-14,4.512276000752,15.3605898643149,10.232084478011,51.4887371789474,72.4732494579967,6.094775838614,4.512276000752,0.773292398604113,0.9,0,0.280953599398361,0,1.61143475,1.77635683940025e-15,0
2020-07-02,0.7,17.11187135,ok,1,35.9434474155082,17.11187135,17.11187135,17.0389475,18.4942609173,16.5832441703714,158.782426237274,3.5527136788005e-15,6.5677786383948,22.3578863454226,14.8931638600411,53.9332902289474,75.9140932757471,8.539328888614,6.5677786383948,0.840850084085025,0.8,0,0.198388550674068,0,1.00417491666667,1.31006316905768e-14,0
2020-07-02,0.6,14.6673183,ok,1,37.9989500531509,14.6673183,14.6673183,14.6673183,13.8331815352698,11.812879223201,112.335812333542,7.105427357601e-15,8.6232812760375,29.3551828265299,19.5542432420713,56.3778432789474,79.3549370934976,10.983881938614,8.6232812760375,0.84085008408498,0.7,0,0.115823501949782,0,2.15688333333333,4.30766533554561e-14,0
2020-07-02,0.5,12.22276525,ok,1,40.5815146727873,12.2227652500001,12.2227652500001,12.22276525,7.97693086407016,5.81932051415243,93.1759867325455,5.6843418860808e-14,11.2058458956739,38.1466920147342,25.4104939132709,58.8223963289473,82.7957809112478,13.4284349886139,11.2058458956739,1.05645677013903,0.6,0,0,0,2.42213429166667,1.4210854715202e-14,0
2020-07-15,2,26.863104,ok,1,17.7412893216536,26.863104,26.863104,2.22044604925031e-16,50.7505584085738,41.5259502880343,197.462159114382,3.5527136788005e-15,-9.9475983006414e-14,-5.60703234149961e-13,-3.05533376376843e-13,28.9836268911616,51.8985201616315,-9.5940844978582,-9.9475983006414e-14,NaN,NaN,0,0,0,3.2375405,1.77635683940025e-15,0
2020-07-15,1.5,20.147328,ok,1,17.7412893216536,20.147328,20.147328,3.33066907387547e-16,50.7505584085738,41.5259502880344,197.462159114388,3.5527136788005e-15,-9.9475983006414e-14,-5.60703234149961e-13,-3.05533376376843e-13,35.6994028911616,63.9238901212236,-2.8783084978582,-9.9475983006414e-14,0,2,0,0.252538136138053,5.2680198060135e-14,1.99758645833333,5.01314267875586e-13,0
2020-07-15,1.25,16.78944,ok,1,18.1268668698555,16.78944,16.78944,3.71641234629094,49.6802033405261,40.2551136361652,197.46294720446,2.48689957516035e-14,0.385577548201802,2.17333442463618,1.0703550680474,39.0572908911616,69.9365751010197,0.479579502141799,0.385577548201802,0.114827399901933,1.5,1,0.346853748152738,1.87114710798212e-15,1.55573675,1.77635683940025e-15,0
2020-07-15,1,13.431552,ok,1,20.9431907244883,13.431552,13.431552,12.234272815,41.8621482563338,30.972707036787,137.351874259698,3.5527136788005e-15,3.2019014028346,18.0477379337171,8.88841015223969,42.4151788911616,75.9492600808158,3.8374675021418,3.2019014028346,0.838718818088274,1.25,0,0.239729349865992,0,2.24064725,1.77635683940025e-15,0
2020-07-15,0.9,12.0883968,ok,1,22.2052632569355,12.0883968,12.0883968,11.81187954,38.3586617653582,26.8130041727818,114.619892404417,3.5527136788005e-15,4.4639739352818,25.1614967455235,12.3918966432153,43.7583340911616,78.3543340727342,5.1806227021418,4.4639739352818,0.939632689094454,1,0,0.185646916310743,0,1.33110441666667,1.77635683940025e-15,0
2020-07-15,0.8,10.7452416,ok,1,23.4947594210838,10.7452416,10.7452416,10.7452416,34.7790478564032,22.562914935256,92.0089903297657,1.77635683940025e-15,5.7534700994301,32.4298307474634,15.9715105521703,45.1014892911616,80.7594080646526,6.5237779021418,5.7534700994301,0.960050010712314,0.9,0,0.129291840547726,2.09050682421941e-07,2.89057158333333,1.21569421196455e-14,0
2020-07-15,0.7,9.4020864,ok,1,24.7985958457358,9.40208640000001,9.40208640000001,9.40208640000001,31.1596256894753,18.2655612013129,70.2651155422358,3.5527136788005e-15,7.0573065240821,39.7789946160704,19.5909327190982,46.4446444911616,83.164482056571,7.86693310214179,7.0573065240821,0.970726558369436,0.8,0,0.071748363421741,1.43262709557113e-16,2.151763625,1.11022302462516e-15,0
2020-07-15,0.6,8.0589312,ok,1,26.2738404968122,8.05893120000001,8.05893120000001,8.05893120000001,27.0643779338583,13.4032579323464,63.3671699593553,3.5527136788005e-15,8.5325511751585,48.0943127664589,23.6861804747152,47.7877996911616,85.5695560484894,9.21008830214179,8.5325511751585,1.09834265695908,0.7,0,0,0,2.82896479166667,9.99200722162641e-16,0
2020-07-15,0.5,6.715776,infeasible,0,NaN,NaN,NaN,NaN,NaN,NaN,NaN,NaN,NaN,NaN,NaN,NaN,NaN,NaN,NaN,NaN,NaN,0,NaN,NaN,0.202498125,NaN,NaN
2020-07-16,2,27.637855,ok,1,11.5959731824045,27.637855,27.637855,2.22044604925031e-16,65.0828416170074,56.1856349062784,120.176260699319,3.5527136788005e-15,0,0,0,8.041903294816,22.5391193190466,-15.8812149380377,0,NaN,NaN,0,0,0,0.782609666666667,1.33226762955019e-15,0
2020-07-16,1.5,20.72839125,ok,1,11.5959731824045,20.72839125,20.72839125,6.10622663543836e-16,65.0828416170074,56.1856349062784,120.176260699328,0,0,0,0,14.951367044816,41.9043394892849,-8.9717511880377,0,0,2,0,0.235702260395516,9.81475821013262e-15,1.29051445833333,8.88178419700125e-16,0
2020-07-16,1.25,17.273659375,ok,1,11.5959731824045,17.273659375,17.273659375,6.10622663543836e-16,65.0828416170074,56.1856349062785,120.176260699338,0,0,0,0,18.406098919816,51.5869495744041,-5.5170193130377,0,0,1.5,0,0.353553390593274,1.05715588432022e-13,1.32542983333333,2.35922392732846e-15,0
2020-07-16,1,13.8189275,ok,1,11.5959731824045,13.8189275,13.8189275,1.65145674912992e-15,65.0828416170074,56.1856349062784,120.176260699322,3.5527136788005e-15,0,0,0,21.860830794816,61.2695596595233,-2.0622874380377,0,0,1.25,0,0.471404520791032,0,0.945946375,1.77635683940025e-15,0
2020-07-16,0.9,12.43703475,ok,1,11.5959731824045,12.43703475,12.43703475,3.05311331771918e-16,65.0828416170074,56.1856349062784,120.176260699319,3.5527136788005e-15,0,0,0,23.242723544816,65.1426036935709,-0.680394688037701,0,0,1,0,0.518544972870135,0,0.937427625,1.33226762955019e-15,0
2020-07-16,0.8,11.055142,ok,1,11.6028575731968,11.055142,11.055142,1.0547118733939e-15,65.0621117170771,56.1596228409798,121.652986813137,3.5527136788005e-15,0.00688439079230108,0.0593688057398004,0.0207298999303021,24.624616294816,69.0156477276186,0.701498061962299,0.00688439079230108,0.00498185607551749,0.9,1,0.56446199044245,5.09788259353434e-08,1.43602929166667,1.11022302462516e-15,0
2020-07-16,0.7,9.67324925,ok,1,12.6771189016994,9.67324925,9.67324925,6.97018824561403,61.8273549302154,52.1006208656648,100.595521315728,3.5527136788005e-15,1.0811457192949,9.32345825821165,3.255486686792,26.006509044816,72.8886917616663,2.0833908119623,1.0811457192949,0.777384010808797,0.8,0,0.420693992050102,8.97721804130847e-08,1.758674,5.8564264548977e-15,0
2020-07-16,0.6,8.2913565,ok,1,14.0339991810458,8.2913565,8.2913565,7.27160389221555,57.7415914608251,46.973768033859,78.4134834125482,1.77635683940025e-15,2.4380259986413,21.024764030506,7.3412501561823,27.388401794816,76.761735795714,3.4652835619623,2.4380259986413,0.981899846675077,0.7,0,0.226701393229603,8.10925376477779e-08,2.41221675,4.9960036108132e-16,0
2020-07-16,0.5,6.90946375,ok,1,15.5749351836924,6.90946375,6.90946375,6.90946375,53.1016094932823,41.1514768346637,71.857603290516,2.66453525910038e-15,3.9789620012879,34.3133080656438,11.9812321237251,28.770294544816,80.6347798297616,4.8471763119623,3.9789620012879,1.11509087998805,0.6,0,0,7.6915254783585e-08,2.724046125,8.88178419700125e-16,0
2020-08-01,2,49.49872,ok,1,32.7646726384707,49.49872,49.49872,12.21913,31.5272472732489,29.9023751145482,320.005322099505,7.105427357601e-15,9.9475983006414e-14,3.03607437510651e-13,9.9475983006414e-14,26.4625842105263,34.8369271506785,-21.3829484867441,9.9475983006414e-14,NaN,NaN,0,0,0,2.0808465,3.07531777821168e-14,0
2020-08-01,1.5,37.12404,ok,1,32.7646726384706,37.12404,37.12404,13.130637,31.527247273249,29.9023751145483,320.005322099521,1.4210854715202e-14,0,0,0,38.8372642105263,51.1276953630088,-9.0082684867441,0,-8.03867114191349e-15,2,0,0.252538136138058,0,1.16564666666667,2.22044604925031e-15,0
2020-08-01,1.25,30.9367,ok,1,32.7646726384706,30.9367,30.9367,10.7595370099998,31.5272472732489,29.9023751145482,320.005322099505,7.105427357601e-15,0,0,9.9475983006414e-14,45.0246042105263,59.273079469174,-2.8209284867441,0,0,1.5,1,0.378807204207084,0,1.49625995833333,1.83186799063151e-13,0
2020-08-01,1,24.74936,ok,1,35.2447946167791,24.74936,24.74936,16.43912,26.3442020822678,24.5963352214011,257.821771258184,7.105427357601e-15,2.4801219783085,7.56950025313688,5.1830451909812,51.2119442105263,67.4184635753392,3.3664115132559,2.4801219783085,0.400838159582067,1.25,0,0.344476961403856,0,0.652481083333333,3.5527136788005e-15,0
2020-08-01,0.9,22.274424,ok,1,37.3258447604841,22.274424,22.274424,19.267319,21.9951510945106,20.1440803812301,210.797879987571,3.5527136788005e-15,4.5611721220135,13.9210062384631,9.5320961787384,53.6868802105263,70.6766172178053,5.8413475132559,4.5611721220135,0.840850084085003,1,0,0.260227015458565,0,0.800575375,1.33226762955019e-15,0
2020-08-01,0.8,19.799488,ok,1,39.4068949041891,19.799488,19.799488,13.10873053,17.6461001067535,15.6918255410592,163.773988716961,0,6.6422222657185,20.2725122237893,13.8811471664955,56.1618162105263,73.9347708602714,8.3162835132559,6.6422222657185,0.840850084085003,0.9,0,0.175977069513275,0,0.801507708333333,1.88737914186277e-15,0
2020-08-01,0.7,17.324552,ok,1,41.4879450478941,17.324552,17.324552,17.324552,13.2970491189962,11.2395707008882,116.750097446342,3.5527136788005e-15,8.7232724094235,26.6240182091155,18.2301981542528,58.6367522105263,77.1929245027375,10.7912195132559,8.7232724094235,0.840850084085003,0.8,0,0.0917271235679841,0,0.884207291666667,8.88178419700125e-15,0
2020-08-01,0.6,14.849616,ok,1,43.684464632016,14.849616,14.849616,14.849616,8.70668607760103,6.54027742363613,72.3658284236884,1.59872115546023e-14,10.9197919935454,33.3279447471846,22.820561195648,61.1116882105263,80.4510781452035,13.2661555132559,10.9197919935454,0.887505609891286,0.7,0,0,0,0.769850333333333,3.34064373386234e-15,0
2020-08-01,0.5,12.37468,infeasible,0,NaN,NaN,NaN,NaN,NaN,NaN,NaN,NaN,NaN,NaN,NaN,NaN,NaN,NaN,NaN,NaN,NaN,0,NaN,NaN,0.136593708333333,NaN,NaN
2020-08-02,2,46.561933,ok,1,30.3277250281859,46.561933,46.561933,9.302389325,32.5385368411876,30.974466470924,319.999919778039,7.105427357601e-15,0,0,0,30.3408712105263,39.4535303647267,-20.7522493780824,0,NaN,NaN,0,0,1.7763572847217e-16,1.22842004166667,1.9151347174784e-15,0
2020-08-02,1.5,34.92144975,ok,1,30.3277250281859,34.92144975,34.92144975,9.2497405,32.5385368411876,30.974466470924,319.99991977804,7.105427357601e-15,0,0,0,41.9813544605263,54.590147773545,-9.1117661280824,0,0,2,0,0.252538136138053,1.24345009930519e-15,1.17368341666667,1.55431223447522e-15,0
2020-08-02,1.25,29.101208125,ok,1,30.3277250281859,29.101208125,29.101208125,9.9796835,32.5385368411876,30.974466470924,319.999919778039,1.06581410364015e-14,0,0,0,47.8015960855263,62.1584564779542,-3.2915245030824,0,0,1.5,1,0.378807204207079,0,1.72504420833333,7.105427357601e-15,0
2020-08-02,1,23.2809665,ok,1,32.1440798745694,23.2809665,23.2809665,11.5170675,28.4982088759759,26.8404649184428,271.954258473474,1.06581410364015e-14,1.8163548463835,5.9890903280593,4.0403279652117,53.6218377105263,69.7267651823633,2.5287171219176,1.8163548463835,0.312075505350433,1.25,0,0.368180101732089,0,1.32674666666667,8.88178419700125e-16,0
2020-08-02,0.9,20.95286985,ok,1,33.830978447975,20.95286985,20.95286985,12.128155,24.7458454574639,23.0011042697115,228.004658285299,3.5527136788005e-15,3.5032534197891,11.5513228128165,7.7926913837237,55.9499343605263,72.754088664127,4.8568137719176,3.5032534197891,0.724582707253841,1,0,0.291548499940001,0,1.10797129166667,1.11022302462516e-15,0
2020-08-02,0.8,18.6247732,ok,1,35.7885587118855,18.6247732,18.6247732,17.7932125,20.3913734774033,18.5456753835411,183.77072102911,3.5527136788005e-15,5.4608336836996,18.006077536724,12.1471633637843,58.2780310105263,75.7814121458907,7.1849104219176,5.4608336836996,0.840850084084998,0.9,0,0.194515990836061,0,1.03111545833333,2.65065747129256e-15,0
2020-08-02,0.7,16.29667655,ok,1,37.746138975796,16.29667655,16.29667655,16.0563765,16.0369014973428,14.0902464973708,139.536783772931,3.5527136788005e-15,7.4184139476101,24.4608322606315,16.5016353438448,60.6061276605263,78.8087356276543,9.5130070719176,7.4184139476101,0.840850084084998,0.8,0,0.097483481732122,0,0.998768333333333,1.90770793259687e-15,0
2020-08-02,0.6,13.9685799,ok,1,39.7097027987464,13.9685799,13.9685799,13.9685799,11.6691195955077,9.62119910355618,95.8925493983185,3.5527136788005e-15,9.3819777705605,30.9353166511537,20.8694172456799,62.9342243105263,81.836059109418,11.8411037219176,9.3819777705605,0.843420234701337,0.7,0,0,1.05663468908844e-13,1.272139625,3.33066907387547e-15,0
2020-08-02,0.5,11.64048325,infeasible,0,NaN,NaN,NaN,NaN,NaN,NaN,NaN,NaN,NaN,NaN,NaN,NaN,NaN,NaN,NaN,NaN,NaN,0,NaN,NaN,0.109852916666667,NaN,NaN
2020-08-15,2,36.56828,ok,1,21.8601326413553,36.56828,36.56828,1.87350135405495e-16,45.9682078130853,37.5129548178033,248.729561065761,1.4210854715202e-14,9.9475983006414e-14,4.5505663043519e-13,0,28.3909084398177,43.7057622204145,-14.8814824451786,9.9475983006414e-14,NaN,NaN,0,0,0,1.80138366666667,2.44249065417534e-15,0
2020-08-15,1.5,27.42621,ok,1,21.8601326413553,27.42621,27.42621,2.22044604925031e-16,45.9682078130853,37.5129548178033,248.729561065758,7.105427357601e-15,9.9475983006414e-14,4.5505663043519e-13,0,37.5329784398177,57.7793216653109,-5.7394124451786,9.9475983006414e-14,0,2,0,0.252538136138053,0,1.30765266666667,1.27675647831893e-14,0
2020-08-15,1.25,22.855175,ok,1,21.8601326413553,22.855175,22.855175,9.76996261670138e-15,45.9682078130853,37.5129548178033,248.72956106576,1.4210854715202e-14,9.9475983006414e-14,4.5505663043519e-13,0,42.1040134398177,64.816101387759,-1.1683774451786,9.9475983006414e-14,0,1.5,1,0.378807204207079,0,1.817597375,6.79456491070596e-14,0
2020-08-15,1,18.28414,ok,1,24.4757806146257,18.28414,18.28414,8.4844625,39.5030984725084,30.0361423131404,199.746184151419,7.105427357601e-15,2.6156479732705,11.9653801565787,6.4651093405769,46.6750484398177,71.8528811102072,3.4026575548214,2.6156479732705,0.572222258913004,1.25,0,0.298500086361642,0,0.743149833333333,6.60582699651968e-15,0
2020-08-15,0.9,16.455726,ok,1,26.0132026802679,16.455726,16.455726,11.3732725,35.7030451554849,25.6414314641246,165.006238902865,7.105427357601e-15,4.1530700389127,18.998375293734,10.2651626576004,48.5034624398177,74.6675929991865,5.2310715548214,4.1530700389127,0.840850084085002,1,0,0.227586639459004,1.36573496071929e-16,0.700757916666667,3.99680288865056e-15,0
2020-08-15,0.8,14.627312,ok,1,27.5506247459101,14.627312,14.627312,14.627312,31.9029918384614,21.2467206151087,130.266293654317,3.5527136788005e-15,5.6904921045549,26.0313704308892,14.0652159746239,50.3318764398177,77.4823048881658,7.0594855548214,5.6904921045549,0.840850084085006,0.9,0,0.156673192556365,0,0.524853916666667,8.88178419700125e-16,0
2020-08-15,0.7,12.798898,ok,1,29.0927504074977,12.798898,12.798898,12.798898,28.0913126213201,16.8385645680614,95.9790516633051,3.5527136788005e-15,7.2326177661425,33.0858823448297,17.8768951917652,52.1602904398177,80.2970167771451,8.8878995548214,7.2326177661425,0.843422584593862,0.8,0,0.0853882694763456,0,0.711512875,3.99680288865056e-15,0
2020-08-15,0.6,10.970484,ok,1,30.8134512966924,10.970484,10.970484,10.970484,23.8382481781096,11.9199524090139,66.3688004621433,3.5527136788005e-15,8.9533186553372,40.9572933624347,22.1299596349757,53.9887044398177,83.1117286661243,10.7163135548214,8.9533186553372,0.941089320687055,0.7,0,0,0,0.83355,7.7715611723761e-16,0
2020-08-15,0.5,9.14207,infeasible,0,NaN,NaN,NaN,NaN,NaN,NaN,NaN,NaN,NaN,NaN,NaN,NaN,NaN,NaN,NaN,NaN,NaN,0,NaN,NaN,0.122603416666667,NaN,NaN
2020-08-16,2,39.737421,ok,1,25.092780421743,39.737421,39.737421,1.77462211592427e-15,45.7485401363544,37.5047945990476,309.737271907859,7.105427357601e-15,0,0,9.9475983006414e-14,43.8713732105263,52.472199395746,-14.2452557216969,0,NaN,NaN,0,0,0,3.14816908333333,5.77315972805081e-15,0
2020-08-16,1.5,29.80306575,ok,1,25.092780421743,29.80306575,29.80306575,2.22044604925031e-16,45.7485401363544,37.5047945990476,309.737271907858,7.105427357601e-15,0,0,9.9475983006414e-14,53.8057284605263,64.3541495468095,-4.3109004716969,0,0,2,0,0.252538136138053,0,1.98829366666667,2.48689957516035e-14,0
2020-08-16,1.25,24.835888125,ok,1,25.5641787916675,24.835888125,24.835888125,5.50831931916215,44.7293605430247,36.3307462290003,297.268932318159,1.06581410364015e-14,0.471398369924501,1.87862150786619,1.0191795933298,58.7729060855263,70.2951246223412,0.656277153303101,0.471398369924501,0.0949026601247224,1.5,1,0.348732310769808,0,2.00064445833333,8.65973959207622e-15,0
2020-08-16,1,19.8687105,ok,1,29.4402111630603,19.8687105,19.8687105,11.6351858298402,36.349244386403,26.677234935328,216.852639726652,7.105427357601e-15,4.3474307413173,17.3254245573768,9.3992957499515,63.7400837105263,76.236099697873,5.6234547783031,4.3474307413173,0.780328923991881,1.25,0,0.227713165797872,1.20675562223195e-16,1.3151795,1.33226762955019e-15,0
2020-08-16,0.9,17.88183945,ok,1,31.1108718525188,17.88183945,17.88183945,12.4775119125,32.7372181455248,22.5163455803748,179.102003660132,7.105427357601e-15,6.0180914307758,23.9833582792647,13.0113219908297,65.7269547605263,78.6124897280857,7.6103258283031,6.0180914307758,0.840850084084975,1,0,0.171633784221549,0,0.785760625,8.88178419700125e-16,0
2020-08-16,0.8,15.8949684,ok,1,32.7815325419774,15.8949684,15.8949684,13.0035845,29.1251919046466,18.3554562254216,141.351367593609,1.06581410364015e-14,7.6887521202344,30.6412920011529,16.6233482317079,67.7138258105263,80.9888797582984,9.5971968783031,7.6887521202344,0.840850084085022,0.9,0,0.11555440264522,0,0.755582375,3.10862446895044e-15,0
2020-08-16,0.7,13.90809735,ok,1,34.4678353221434,13.90809735,13.90809735,13.845168,25.4793469222047,14.1556092238772,104.339024545247,8.88178419700125e-15,9.3750549004004,37.361562739683,20.2691932141498,69.7006968605263,83.3652697885111,11.5840679283031,9.3750549004004,0.848722809749532,0.8,0,0.0584770663851773,0,1.14877329166667,8.88178419700125e-16,0
2020-08-16,0.6,11.9212263,ok,1,36.1760776812708,11.9212263,11.9212263,11.9212263,21.786067810605,9.90112027072106,70.3634415365386,8.88178419700125e-15,11.0832972595278,44.169267308154,23.9624723257495,71.6875679105263,85.7416598187238,13.5709389783031,11.0832972595278,0.859765085976464,0.7,0,0,4.64516304649366e-15,0.65620825,2.22044604925031e-15,0
2020-08-16,0.5,9.93435525,infeasible,0,NaN,NaN,NaN,NaN,NaN,NaN,NaN,NaN,NaN,NaN,NaN,NaN,NaN,NaN,NaN,NaN,NaN,0,NaN,NaN,0.168426541666667,NaN,NaN
2020-09-01,2,40.523092,ok,1,28.5873706448978,40.523092,40.523092,1.84471240231443,38.2368405114518,34.4470439765339,320.241446740121,7.105427357601e-15,0,0,9.9475983006414e-14,36.6148022105263,47.4666862315381,-12.8724414516946,0,NaN,NaN,0,0,0,2.691722625,1.99840144432528e-15,0
2020-09-01,1.5,30.392319,ok,1,28.5873780352776,30.392319,30.392319,5.2608327773395,38.2368245444989,34.4470270298464,320.237637266049,7.105427357601e-15,7.39037979968771e-06,2.58519046451959e-05,1.59669530006568e-05,46.7455752105263,60.6000146736536,-2.7416684516946,7.39037979968771e-06,7.29498114278911e-07,2,0,0.271963667372562,2.58518975521354e-07,1.49096391666667,7.75768338456828e-14,0
2020-09-01,1.25,25.3269325,ok,1,30.2564762832017,25.3269325,25.3269325,11.3868,34.6307293016335,30.6196612533949,276.090694703753,3.19744231092045e-14,1.6691056383039,5.83861194874107,3.6061112098184,51.8109617105263,67.1666788947113,2.3237180483054,1.6691056383039,0.329510541382005,1.5,1,0.299711151867196,0,1.40988220833333,2.72004641033163e-15,0
2020-09-01,1,20.261546,ok,1,34.253043332079,20.261546,20.261546,17.3219105,25.9961258918744,21.4552373105919,194.853415879376,7.105427357601e-15,5.6656726871812,19.8187960605338,12.2407146195775,56.8763482105263,73.733343115769,7.3891045483054,5.6656726871812,0.788995479195378,1.25,0,0.176531254493398,0,0.751213333333333,1.33226762955019e-15,0
2020-09-01,0.9,18.2353914,ok,1,35.9567355978582,18.2353914,18.2353914,17.771872175,22.3152900977119,17.5485448916416,156.35639066019,1.06581410364015e-14,7.3693649529604,25.7783936987422,15.92155041374,58.9025028105263,76.3600088041921,9.4152591483054,7.3693649529604,0.840850084084994,1,0,0.120446206269566,0,1.107786625,8.88178419700125e-16,0
2020-09-01,0.8,16.2092368,ok,1,37.6604278636375,16.2092368,16.2092368,16.2092368,18.6344543035495,13.6418524726913,117.859365441,7.105427357601e-15,9.0730572187397,31.7379913369509,19.6023862079024,60.9286574105263,78.9866744926152,11.4414137483054,9.0730572187397,0.840850084085045,0.9,0,0.0643611580457275,0,0.986732083333333,7.99360577730113e-15,0
2020-09-01,0.7,14.1830822,ok,1,39.4917469865533,14.1830822,14.1830822,14.1830822,14.6778800362596,9.44250222741564,83.1463272831236,3.73034936274053e-14,10.9043763416555,38.1440338711307,23.5589604751923,62.9548120105263,81.6133401810383,13.4675683483054,10.9043763416555,0.90383977753514,0.8,0,0,0,1.385275375,2.85327317328665e-14,0
2020-09-01,0.6,12.1569276,infeasible,0,NaN,NaN,NaN,NaN,NaN,NaN,NaN,NaN,NaN,NaN,NaN,NaN,NaN,NaN,NaN,NaN,NaN,0,NaN,NaN,0.157559916666667,NaN,NaN
2020-09-01,0.5,10.130773,infeasible,0,NaN,NaN,NaN,NaN,NaN,NaN,NaN,NaN,NaN,NaN,NaN,NaN,NaN,NaN,NaN,NaN,NaN,0,NaN,NaN,0.114539958333333,NaN,NaN
2020-09-02,2,37.650238,ok,1,28.7912416483676,37.650238,37.650238,9.970046,38.4741600748868,33.6313762737063,320.558209915517,7.105427357601e-15,9.9475983006414e-14,3.45507790950219e-13,1.06581410364015e-13,21.8392251578947,36.7110812547255,-11.2189881020175,0,NaN,NaN,0,0,1.24128448349685e-15,1.056646875,1.33226762955019e-15,0
2020-09-02,1.5,28.2376785,ok,1,28.7912416483677,28.2376785,28.2376785,9.406566,38.4741600748866,33.6313762737061,320.558209915523,1.06581410364015e-14,1.98951966012828e-13,6.91015581900438e-13,3.05533376376843e-13,31.2517846578947,52.5333109410441,-1.8064286020175,9.9475983006414e-14,1.05684307234832e-14,2,1,0.271964146610204,1.41861083828208e-14,1.62102466666667,7.93365373397137e-13,0
2020-09-02,1.25,23.53139875,ok,1,30.8741783682637,23.53139875,23.53139875,10.94764,34.0229997960896,28.8298590242305,265.460904797652,7.105427357601e-15,2.0829367198962,7.23461928226463,4.4511602787973,35.9580644078947,60.4444257842034,2.8998511479825,2.0829367198961,0.442586677916034,1.5,0,0.268337969930298,0,1.130475625,2.53963516883005e-15,0
2020-09-02,1,18.825119,ok,1,34.56036730692,18.825119,18.825119,18.339489,26.1457476322756,20.3325774675116,182.681154695859,3.5527136788005e-15,5.7691256585525,20.0377799923041,12.3284124426113,40.6643441578947,68.3555406273627,7.6061308979825,5.7691256585524,0.783249006533515,1.25,0,0.157254262540151,1.30688006440987e-14,0.708966416666667,8.88178419700125e-16,0
2020-09-02,0.9,16.9426071,ok,1,36.143277596326,16.9426071,16.9426071,16.9426071,22.7631257130389,16.6837047070684,146.913347002555,3.5527136788005e-15,7.3520359479585,25.5356682346326,15.711034361848,42.5468560578947,71.5199865646265,9.4886427979825,7.3520359479584,0.840850084084993,1,0,0.10555297326685,4.6430160380039e-15,0.764307916666667,2.99760216648792e-15,0
2020-09-02,0.8,15.0600952,ok,1,37.7261878857321,15.0600952,15.0600952,15.0600952,19.3805037938022,13.0348319466252,111.145539309234,3.5527136788005e-15,8.9349462373646,31.0335564769616,19.0936562810847,44.4293679578947,74.6844325018902,11.3711546979825,8.9349462373645,0.840850084085046,0.9,0,0.0538516839935435,0,0.803757375,2.29816166097407e-14,0
2020-09-02,0.7,13.1775833,ok,1,39.3411817814117,13.1775833,13.1775833,13.1775833,15.9293203707611,9.31200111175924,78.3882706528044,8.88178419700125e-15,10.5499401330442,36.6428800184878,22.5448397041258,46.3118798578947,77.8488784391539,13.2536665979825,10.5499401330441,0.857893060691726,0.8,0,0,0,1.03061525,5.32907051820075e-15,0
2020-09-02,0.6,11.2950714,infeasible,0,NaN,NaN,NaN,NaN,NaN,NaN,NaN,NaN,NaN,NaN,NaN,NaN,NaN,NaN,NaN,NaN,NaN,0,NaN,NaN,0.106729541666667,NaN,NaN
2020-09-02,0.5,9.4125595,infeasible,0,NaN,NaN,NaN,NaN,NaN,NaN,NaN,NaN,NaN,NaN,NaN,NaN,NaN,NaN,NaN,NaN,NaN,0,NaN,NaN,0.0917588333333333,NaN,NaN
2020-09-15,2,34.560132,ok,1,23.0739729405112,34.560132,34.560132,3.99680288865056e-14,44.7984064404442,39.141258362878,271.063235593004,7.105427357601e-15,9.9475983006414e-14,4.31117706789729e-13,1.06581410364015e-13,32.1177652853186,48.1685334915179,-10.9281497644066,0,NaN,NaN,0,0,0,2.668407625,6.3726801613484e-14,0
2020-09-15,1.5,25.920099,ok,1,23.0739729405113,25.920099,25.920099,4.44089209850063e-16,44.798406440444,39.1412583628778,271.063235592924,7.105427357601e-15,1.98951966012828e-13,8.62235413579458e-13,3.05533376376843e-13,40.7577982853186,61.1264001186384,-2.2881167644066,9.9475983006414e-14,1.15133799843605e-14,2,0,0.252538136138046,2.00161812454266e-15,1.331236375,1.33226762955019e-15,0
2020-09-15,1.25,21.6000825,ok,1,24.5906978712948,21.6000825,21.6000825,7.36627445255071,41.1698317954697,35.1408215531822,245.114256175195,7.105427357601e-15,1.5167249307837,6.57331502768982,3.62857464497461,45.0778147853186,67.6053334321987,2.0318997355934,1.5167249307836,0.351092392999772,1.5,1,0.284126348267021,0,2.360037875,1.99840144432528e-15,0
2020-09-15,1,17.280066,ok,1,28.197447434877,17.280066,17.280066,14.648053575,32.5411346918857,25.6278416946306,176.300082078736,3.5527136788005e-15,5.1234744943659,22.2045614232761,12.2572717485586,49.3978312853186,74.0842667457589,6.3519162355934,5.1234744943658,0.834892543485008,1.25,0,0.185245734340008,2.09575751887761e-15,1.21724441666667,4.44089209850063e-15,0
2020-09-15,0.9,15.5520594,ok,1,29.6811968425384,15.5520594,15.5520594,15.15840455,28.9914498605337,21.71437945352,146.545840486811,1.95399252334028e-14,6.6072239020273,28.6349642476479,15.8069565799106,51.1258378853186,76.6758400711831,8.0799228355934,6.6072239020272,0.858647998023503,1,0,0.143130987486013,0,0.913662625,1.64313007644523e-14,0
2020-09-15,0.8,13.8240528,ok,1,31.1795552583612,13.8240528,13.8240528,13.8240528,25.4068148048354,17.7623852328686,118.270415071861,3.5527136788005e-15,8.1055823178501,35.1286808680402,19.3915916356089,52.8538444853186,79.2674133966072,9.8079294355934,8.10558231785,0.867102252863387,0.9,0,0.10010428001933,0,0.8662925,8.88178419700125e-16,0
2020-09-15,0.7,12.0960462,ok,1,32.7150060376971,12.0960462,12.0960462,12.0960462,21.7334409099225,13.712558074059,92.9697042249163,7.105427357601e-15,9.641033097186,41.783151614342,23.0649655305218,54.5818510853186,81.8589867220313,11.5359360355934,9.6410330971859,0.888567659021614,0.8,0,0.0547620988270027,0,0.995905375,5.55111512312578e-15,0
2020-09-15,0.6,10.3680396,ok,1,34.4013576911388,10.3680396,10.3680396,10.3680396,17.6990555523694,9.26472241737607,94.7985959218659,3.5527136788005e-15,11.3273847506277,49.0916097536898,27.0993508880749,56.3098576853186,84.4505600474554,13.2639426355934,11.3273847506276,0.975894220219817,0.7,0,0,0,2.02139533333333,8.65973959207622e-15,0
2020-09-15,0.5,8.640033,infeasible,0,NaN,NaN,NaN,NaN,NaN,NaN,NaN,NaN,NaN,NaN,NaN,NaN,NaN,NaN,NaN,NaN,NaN,0,NaN,NaN,0.105326916666667,NaN,NaN
2020-09-16,2,30.051721,ok,1,19.8305222142361,30.051721,30.051721,3.60822483003176e-16,47.2166679019222,38.2762258980798,229.190961912391,7.105427357601e-15,0,0,0,39.0009233541996,56.4799852618934,-10.0858042403737,0,NaN,NaN,0,0,3.19942853411785e-14,1.08685925,1.55431223447522e-15,0
2020-09-16,1.5,22.53879075,ok,1,19.8305222142361,22.53879075,22.53879075,1.6826817716975e-16,47.2166679019222,38.2762258980798,229.190961912386,7.105427357601e-15,0,0,0,46.5138536041996,67.35998894642,-2.5728739903737,0,0,2,0,0.252538136138053,0,1.12294120833333,1.55431223447522e-15,0
2020-09-16,1.25,18.782325625,ok,1,20.7780710899564,18.782325625,18.782325625,6.71203508325405,44.6945564594711,35.326919161543,216.501035614202,3.5527136788005e-15,0.947548875720297,4.77823460967691,2.5221114424511,50.2703187291996,72.7999907886834,1.1835911346263,0.947548875720297,0.252244821711288,1.5,1,0.309732118234098,0,0.676819666666667,8.70414851306123e-14,0
2020-09-16,1,15.0258605,ok,1,23.9369560980387,15.0258605,15.0258605,13.341077525,36.2864835585192,25.494686679393,145.131992160094,3.5527136788005e-15,4.1064338838026,20.7076436991389,10.930184343403,54.0267838541996,78.2399926309467,4.9400562596263,4.1064338838026,0.840919562132845,1.25,0,0.205722559940787,2.01708529440041e-14,0.724274166666667,9.88098491916389e-15,0
2020-09-16,0.9,13.52327445,ok,1,25.2289777213483,13.52327445,13.52327445,13.1332615,32.847481514887,21.473186390575,119.520991651046,7.105427357601e-15,5.3984555071122,27.2229619008052,14.3691863870352,55.5293699041996,80.415993367852,6.4426423096263,5.3984555071122,0.859865312412292,1,0,0.162043483985177,0,1.07839179166667,3.10862446895044e-15,0
2020-09-16,0.8,12.0206884,ok,1,26.5677973806575,12.0206884,12.0206884,12.0206884,29.2839161214339,17.3060242088807,98.1619052197309,3.5527136788005e-15,6.7372751664214,33.9742700350311,17.9327517804883,57.0319559541996,82.5919941047574,7.9452283596263,6.7372751664214,0.891010308068012,0.9,0,0.114952891808221,0,1.13531033333333,1.02584607475364e-13,0
2020-09-16,0.7,10.51810235,ok,1,27.9214529300226,10.51810235,10.51810235,10.51810235,25.6808617168834,13.0926843664818,78.673830513672,1.77635683940025e-15,8.0909307157865,40.8003915800972,21.5358061850388,58.5345420041996,84.7679948416627,9.4478144096263,8.0909307157865,0.900883879073083,0.8,0,0.0667807824585295,0,1.19174775,1.22124532708767e-15,0
2020-09-16,0.6,9.0155163,ok,1,29.5303760195515,9.0155163,9.0155163,9.0155163,21.3983561510993,8.08480790954434,87.2411043210855,5.32907051820075e-15,9.6998538053154,48.913758803346,25.8183117508229,60.0371280541996,86.943995578568,10.9504004596263,9.6998538053154,1.07076935096589,0.7,0,0,0,1.574981125,8.88178419700125e-16,0
2020-09-16,0.5,7.51293025,infeasible,0,NaN,NaN,NaN,NaN,NaN,NaN,NaN,NaN,NaN,NaN,NaN,NaN,NaN,NaN,NaN,NaN,NaN,0,NaN,NaN,0.109381458333333,NaN,NaN
2020-10-01,2,50.756609,ok,1,32.2329812695915,50.756609,50.756609,13.969552075,31.8213488449222,30.2983395495967,320.433873506281,7.105427357601e-15,0,0,0,24.969461,32.9734013662666,-23.8867880373174,0,NaN,NaN,0,0,0,0.745117,2.61596300177303e-15,0
2020-10-01,1.5,38.06745675,ok,1,32.2329812695915,38.06745675,38.06745675,13.00221,31.8213488449222,30.2983395495967,320.433873506278,7.105427357601e-15,0,0,0,37.65861325,49.7300510247,-11.1976357873174,0,0,2,0,0.252538136138053,0,1.40330920833333,1.50990331349021e-14,0
2020-10-01,1.25,31.722880625,ok,1,32.2329812695915,31.722880625,31.722880625,13.009822075,31.8213488449222,30.2983395495967,320.433873506277,1.06581410364015e-14,0,0,0,44.003189375,58.1083758539166,-4.8530596623174,0,0,1.5,0,0.378807204207079,0,1.539876875,1.11022302462516e-15,0
2020-10-01,1,25.3783045,ok,1,33.3043247757287,25.3783045,25.3783045,13.9703675158662,29.5552613688285,27.981631061916,292.094971282387,7.105427357601e-15,1.0713435061372,3.32374935218265,2.2660874760937,50.3477655,66.4867006831333,1.4915164626826,1.0713435061372,0.168859744926964,1.25,1,0.424628511628059,0,1.24310416666667,2.77555756156289e-15,0
2020-10-01,0.9,22.84047405,ok,1,35.2134387578408,22.84047405,22.84047405,16.6984501708793,25.5171360985329,23.853300100863,246.151545956044,7.105427357601e-15,2.9804574882493,9.2466081971172,6.3042127463893,52.88559595,69.83803061482,4.0293469126826,2.9804574882493,0.752262225442247,1,0,0.331779742141651,0,0.60863075,1.11022302462516e-15,0
2020-10-01,0.8,20.3026436,ok,1,37.3473737051168,20.3026436,20.3026436,20.3026436,21.0034733646668,19.2388088791466,197.932657409404,7.105427357601e-15,5.1143924355253,15.8669543867176,10.8178754802554,55.4234264,73.1893605465066,6.5671773626826,5.1143924355253,0.840850084085011,0.9,0,0.222049045345691,0,0.657493916666667,8.88178419700125e-16,0
2020-10-01,0.7,17.76481315,ok,1,39.4813086523927,17.76481315,17.76481315,17.76481315,16.4898106308009,14.6243176574303,149.713768862768,3.5527136788005e-15,7.2483273828012,22.4873005763176,15.3315382141213,57.96125685,76.5406904781933,9.1050078126826,7.2483273828012,0.840850084084969,0.8,0,0.112318348549739,0,1.3124665,2.44304576568766e-13,0
2020-10-01,0.6,15.2269827,ok,1,41.6497040231811,15.2269827,15.2269827,15.2269827,11.9032577980123,9.93530808078575,104.217254988775,5.32907051820075e-15,9.4167227535896,29.2145572102985,19.9180910469099,60.4990873,79.89202040988,11.6428382626826,9.4167227535896,0.854428778245767,0.7,0,0,0,1.70856341666667,2.66453525910038e-15,0
2020-10-01,0.5,12.68915225,infeasible,0,NaN,NaN,NaN,NaN,NaN,NaN,NaN,NaN,NaN,NaN,NaN,NaN,NaN,NaN,NaN,NaN,NaN,0,NaN,NaN,0.107424,NaN,NaN
2020-10-02,2,46.013142,ok,1,33.1322818132815,46.013142,46.013142,15.992513,35.3344008134173,30.8398477884872,322.550568150594,0,2.71018020470137e-06,8.17987858990265e-06,5.28956720557971e-06,34.0742922105263,42.5463651650458,-19.1118808862757,2.71018020470137e-06,NaN,NaN,0,0,8.17987803108042e-08,1.68701191666667,3.10862446895044e-15,0
2020-10-02,1.5,34.5098565,ok,1,33.1322791031013,34.5098565,34.5098565,15.3746495534045,35.3344061029845,30.8398534457033,322.551965150727,1.4210854715202e-14,0,0,0,45.5775777105263,56.9097738737843,-7.6085953862757,0,-2.35600533838908e-07,2,0,0.252538285796268,0,1.70388104166667,6.21724893790088e-15,0
2020-10-02,1.25,28.75821375,ok,1,33.1322791031013,28.75821375,28.75821375,16.1501675,35.3344061029845,30.8398534457033,322.55196515073,7.105427357601e-15,0,0,0,51.3292204605263,64.0914782281536,-1.8569526362757,0,0,1.5,1,0.378807337598096,0,1.20382720833333,1.55431223447522e-15,0
2020-10-02,1,23.006571,ok,1,35.9297996729211,23.006571,23.006571,16.104926,29.8743733499227,25.0003236024548,248.551346948658,3.5527136788005e-15,2.7975205698198,8.44348968905657,5.4600327530618,57.0808632105263,71.2731825825229,3.8946901137243,2.7975205698198,0.486386358022637,1.25,0,0.317012296425108,7.54298742084147e-08,0.894607166666667,1.55431223447522e-15,0
2020-10-02,0.9,20.7059139,ok,1,37.8422743149621,20.7059139,20.7059139,18.8645170254393,26.1417201220624,21.0082340117165,213.997716467496,3.5527136788005e-15,4.7099952118608,14.2157296128172,9.1926859809221,59.3815203105263,74.1458643242706,6.1953472137243,4.7099952118608,0.831273222785349,1,0,0.238953281113582,1.63360166531061e-14,0.503844791666667,3.10862446895044e-15,0
2020-10-02,0.8,18.4052568,ok,1,39.7767820309478,18.4052568,18.4052568,18.4052568,22.3660640628066,16.9701526973686,170.285131850607,3.19744231092045e-14,6.6445029278465,20.0544698635735,12.9683420401779,61.6821774105263,77.0185460660183,8.4960043137243,6.6445029278465,0.840850084084979,0.9,0,0.159413086320639,0,1.10290229166667,7.38590475329578e-14,0
2020-10-02,0.7,16.1045997,ok,1,41.7112897469336,16.1045997,16.1045997,16.1045997,18.5904080035507,12.9320713830206,126.572547233712,7.105427357601e-15,8.57901064383231,25.8932101143301,16.7439980994338,63.9828345105263,79.891227807766,10.7966614137243,8.57901064383231,0.840850084085022,0.8,0,0.0798728915276892,0,1.09172783333333,8.88178419700125e-16,0
2020-10-02,0.6,13.8039426,ok,1,43.6507464457062,13.8039426,13.8039426,13.8039426,14.8050928167081,8.88365958782138,83.3420014817391,3.5527136788005e-15,10.5184673426049,31.7468874081178,20.5293132862764,66.2834916105263,82.7639095495137,13.0973185137243,10.5184673426049,0.843001201166655,0.7,0,0,6.8205008099383e-16,1.64601920833333,8.88178419700125e-16,0
2020-10-02,0.5,11.5032855,infeasible,0,NaN,NaN,NaN,NaN,NaN,NaN,NaN,NaN,NaN,NaN,NaN,NaN,NaN,NaN,NaN,NaN,NaN,0,NaN,NaN,0.152594791666667,NaN,NaN
2020-10-15,2,29.711548,ok,1,15.4257732578337,29.711548,29.711548,2.4980018054066e-16,56.3296183240124,49.899184451722,163.18756270375,7.105427357601e-15,0,0,0,15.6345600722706,34.4782843267452,-14.0432427472164,0,NaN,NaN,0,0,0,1.10448729166667,8.88178419700125e-16,0
2020-10-15,1.5,22.283661,ok,1,15.4257732578337,22.283661,22.283661,8.88178419700125e-16,56.3296183240124,49.8991844517219,163.187562703745,3.5527136788005e-15,0,0,0,23.0624470722706,50.8587132450589,-6.6153557472164,0,0,2,0,0.252538136138053,0,1.23192604166667,1.22124532708767e-15,0
2020-10-15,1.25,18.5697175,ok,1,15.4257732578337,18.5697175,18.5697175,3.24740234702858e-15,56.3296183240124,49.899184451722,163.187562703748,7.105427357601e-15,0,0,0,26.7763905722706,59.0489277042157,-2.9014122472164,0,0,1.5,0,0.378807204207079,2.61248856464641e-15,0.578913083333333,8.60422844084496e-15,0
2020-10-15,1,14.855774,ok,1,15.7072735805082,14.8557740000001,14.8557740000001,1.44181,55.532690589653,48.9849096528277,158.420952197896,9.41469124882133e-14,0.2815003226745,1.82487009221107,0.7969277343594,30.4903340722705,67.2391421633724,0.812531252783501,0.2815003226745,0.0757955318045381,1.25,1,0.46893076564746,0,1.554029875,5.72875080706581e-14,0
2020-10-15,0.9,13.3701966,ok,1,16.9828212995209,13.3701966,13.3701966,5.03309,51.9216135431954,44.8421039778622,132.677425570089,5.32907051820075e-15,1.5570480416872,10.0938086905723,4.408004780817,31.9759114722706,70.5152279470353,2.2981086527836,1.5570480416872,0.858620842651897,1,0,0.355654145330766,0,1.63925341666667,3.5527136788005e-15,0
2020-10-15,0.8,11.8846192,ok,1,18.2654213428864,11.8846192,11.8846192,9.92825,48.2905713584566,40.676393311641,107.811295086685,1.77635683940025e-15,2.8396480850527,18.4084650901415,8.0390469655558,33.4614888722706,73.7913137306981,3.7836860527836,2.8396480850527,0.863368036808784,0.9,0,0.241471984891701,1.230992804468e-07,0.894243958333333,4.88498130835069e-15,0
2020-10-15,0.7,10.3990418,ok,1,19.5800093455702,10.3990418,10.3990418,10.2407315,44.5689712244263,36.4067900999516,86.1600604244252,5.32907051820075e-15,4.1542360877365,26.9304884643423,11.7606470995861,34.9470662722706,77.0673995143608,5.2692634527836,4.1542360877365,0.884900377916224,0.8,0,0.123182472160491,0,0.872608791666667,2.48689957516035e-14,0
2020-10-15,0.6,8.9134644,ok,1,20.9327035967658,8.9134644,8.9134644,8.9134644,40.7394922574236,32.0134229708223,67.1903322200339,3.5527136788005e-15,5.5069303389321,35.6995415846366,15.5901260665888,36.4326436722706,80.3434852980236,6.7548408527836,5.5069303389321,0.910551177741127,0.7,0,0,2.13616494934884e-14,1.13986545833333,8.88178419700125e-16,0
2020-10-15,0.5,7.427887,infeasible,0,NaN,NaN,NaN,NaN,NaN,NaN,NaN,NaN,NaN,NaN,NaN,NaN,NaN,NaN,NaN,NaN,NaN,0,NaN,NaN,0.107555833333333,NaN,NaN
2020-10-16,2,35.022347,ok,1,14.8479139143159,35.022347,35.022347,1.55431223447522e-15,57.8075956315355,51.8987907975858,175.39114031475,1.4210854715202e-14,7.56109129973481e-06,5.09236192622721e-05,2.14858886025127e-05,3.9171362770083,10.0595486826122,-20.5977328022659,7.56109129973481e-06,NaN,NaN,0,0,5.0923593648986e-07,0.725630416666667,3.89965837399586e-15,0
2020-10-16,1.5,26.26676025,ok,1,14.8479063532246,26.26676025,26.26676025,1.13797860024079e-14,57.8076171174241,51.8988152924501,175.398481220472,3.5527136788005e-15,0,0,0,12.6727230270083,32.5446615119592,-11.8421460522659,0,-8.63573340728399e-07,2,0,0.235703129920226,0,0.820453291666667,2.66453525910038e-14,0
2020-10-16,1.25,21.888966875,ok,1,14.8479063532246,21.888966875,21.888966875,6.1478599988618e-14,57.8076171174241,51.8988152924501,175.398481220473,7.105427357601e-15,0,0,0,17.0505164020083,43.7872179266326,-7.4643526772659,0,0,1.5,0,0.353554173165474,0,0.949793416666667,7.39408534400354e-14,0
2020-10-16,1,17.5111735,ok,1,14.8479063532246,17.5111735,17.5111735,1.0547118733939e-15,57.8076171174241,51.8988152924501,175.398481220478,7.105427357601e-15,0,0,0,21.4283097770083,55.0297743413061,-3.0865593022659,0,0,1.25,0,0.471405216410723,0,0.936177833333333,9.99200722162641e-16,0
2020-10-16,0.9,15.76005615,ok,1,14.8479063532246,15.76005615,15.76005615,3.60822483003176e-15,57.8076171174241,51.8988152924501,175.398481220472,1.77635683940025e-15,0,0,0,23.1794271270083,59.5267969071755,-1.3354419522659,0,0,1,0,0.518545633708822,0,1.53944795833333,7.21644966006352e-15,0
2020-10-16,0.8,14.0089388,ok,1,15.1879710231769,14.0089388,14.0089388,2.094782244,56.8412762463188,50.7971439111287,165.652194841288,1.24344978758018e-14,0.3400646699523,2.29032068132923,0.966340871105302,24.9305444770083,64.0238194730449,0.4156753977341,0.3400646699523,0.194198675464154,0.9,1,0.518757165696437,0,0.827540291666667,1.50990331349021e-14,0
2020-10-16,0.7,12.25782145,ok,1,16.711891609568,12.25782145,12.25782145,8.26874,52.5108447811657,45.8602602952299,137.562380628673,7.105427357601e-15,1.8639852563434,12.5538591906501,5.2967723362584,26.6816618270083,68.5208420389143,2.1667927477341,1.8639852563434,0.87025611755323,0.8,0,0.355596717482496,5.86693667645218e-07,1.25609791666667,1.33226762955019e-14,0
2020-10-16,0.6,10.5067041,ok,1,18.2626152568268,10.5067041,10.5067041,10.5067041,48.1042487053493,40.8365456507095,112.161347184488,7.105427357601e-15,3.4147089036022,22.997915142835,9.7033684120748,28.4327791770083,73.0178646047837,3.9179100977341,3.4147089036022,0.885562379505177,0.7,0,0.188737449953962,1.94534790560395e-16,0.829592666666667,8.88178419700125e-16,0
2020-10-16,0.5,8.75558675,ok,1,19.9718765901277,8.75558675000001,8.75558675000001,8.75558675,43.247145831357,35.2992333084393,91.4654625337661,3.5527136788005e-15,5.1239702369031,34.509715477767,14.5604712860671,30.1838965270083,77.514887170653,5.66902744773409,5.1239702369031,0.976097537552758,0.6,0,0,0,1.12921008333333,8.88178419700125e-16,0
2020-11-01,2,51.597465,ok,1,37.8367923380125,51.597465,51.597465,14.84213,27.3432258694197,26.6148244863019,319.999899915287,2.1316282072803e-14,0,0,0,27.3369642105263,34.6324974842293,-23.918986736611,0,NaN,NaN,0,0,5.32907218494656e-16,0.85926,1.02140518265514e-14,0
2020-11-01,1.5,38.69809875,ok,1,37.8367923380126,38.69809875,38.69809875,14.84213,27.3432258694197,26.6148244863018,319.999899915287,7.105427357601e-15,9.9475983006414e-14,2.62908076661869e-13,0,40.2363304605263,50.974373113172,-11.019620486611,9.9475983006414e-14,7.71169537157797e-15,2,0,0.252538136138045,0,1.13681154166667,4.10782519111308e-15,0
2020-11-01,1.25,32.248415625,ok,1,37.8367923380125,32.248415625,32.248415625,14.84213,27.3432258694198,26.6148244863019,319.999899915288,7.105427357601e-15,0,0,-9.9475983006414e-14,46.6860135855263,59.1453109276433,-4.569937361611,0,-1.54233907431559e-14,1.5,0,0.378807204207079,1.9539931344804e-15,0.801413791666667,5.21804821573824e-15,0
2020-11-01,1,25.7987325,ok,1,39.1869977928509,25.7987325,25.7987325,15.177,24.7504698058062,23.9960754285674,284.284679343766,3.5527136788005e-15,1.3502054548384,3.56849873207124,2.5927560636135,53.1356967105263,67.3162487421147,1.879745763389,1.3502054548384,0.209344463700052,1.25,1,0.407715162467924,5.99857357688325e-16,1.51046366666667,4.44089209850063e-15,0
2020-11-01,0.9,23.21885925,ok,1,41.1351007662222,23.21885925,23.21885925,18.1813194300075,21.0095903873057,20.2176928071637,235.393754884195,3.5527136788005e-15,3.2983084282097,8.71719885434389,6.333635482114,55.7155699605263,70.5846238679032,4.459619013389,3.2983084282097,0.755115769106602,1,0,0.317748266482511,0,0.711725916666667,8.88178419700125e-16,0
2020-11-01,0.8,20.638986,ok,1,43.3043874054133,20.638986,20.638986,20.638986,16.8439790965766,16.0103202758344,186.376051315294,3.5527136788005e-15,5.4675950674008,14.4504719600869,10.4992467728431,58.2954432105263,73.8529989936917,7.039492263389,5.4675950674008,0.840850084084983,0.9,0,0.21183217765501,0,0.817998291666667,3.99680288865056e-15,0
2020-11-01,0.7,18.05911275,ok,1,45.4736740446045,18.05911275,18.05911275,18.05911275,12.6783678058476,11.8029477445052,137.358347746416,3.5527136788005e-15,7.636881706592,20.1837450658302,14.6648580635721,60.8753164605263,77.1213741194803,9.619365513389,7.636881706592,0.840850084085022,0.8,0,0.105916088827501,0,0.525884625,1.40238697847388e-15,0
2020-11-01,0.6,15.4792395,ok,1,47.6429606837956,15.4792395,15.4792395,15.4792395,8.51275651511856,7.59557521317606,88.3406441775403,5.32907051820075e-15,9.8061683457831,25.9170181715732,18.8304693543011,63.4551897105263,80.3897492452688,12.199238763389,9.8061683457831,0.840850084084983,0.7,0,0,7.94669576463717e-14,0.799561916666667,1.30562227695918e-13,0
2020-11-01,0.5,12.89936625,infeasible,0,NaN,NaN,NaN,NaN,NaN,NaN,NaN,NaN,NaN,NaN,NaN,NaN,NaN,NaN,NaN,NaN,NaN,0,NaN,NaN,0.100748083333333,NaN,NaN
2020-11-02,2,36.400759,ok,1,22.9526985249527,36.400759,36.400759,2.1094237467878e-15,44.7321574657062,38.2997955875816,261.318548046624,0,-9.9475983006414e-14,-4.33395589186473e-13,0,33.4761835761773,47.9073387329201,-13.7740733732513,-9.9475983006414e-14,NaN,NaN,0,0,0,1.00628191666667,1.77635683940025e-15,0
2020-11-02,1.5,27.30056925,ok,1,22.9526985249528,27.30056925,27.30056925,1.64798730217797e-15,44.7321574657062,38.2997955875815,261.318548046611,3.5527136788005e-15,0,0,0,42.5763733261773,60.9305040496901,-4.6738836232513,0,1.09311987704887e-14,2,0,0.252538136138047,0,1.2979605,1.86517468137026e-14,0
2020-11-02,1.25,22.750474375,ok,1,22.9526985249528,22.750474375,22.750474375,4.44089209850063e-16,44.7321574657062,38.2997955875815,261.318548046614,1.06581410364015e-14,0,0,0,47.1264682011773,67.4420867080751,-0.1237887482513,0,0,1.5,1,0.378807204207073,3.91545700503444e-15,1.43664825,2.65586164172049e-15,0
2020-11-02,1,18.2003795,ok,1,26.3771267290014,18.2003795,18.2003795,15.105554,36.4864708617716,29.0944326558221,199.019500880743,7.105427357601e-15,3.4244282040486,14.9195015144985,8.2456866039346,51.6765630761773,73.95366936646,4.4263061267487,3.4244282040486,0.752605890234014,1.25,0,0.264814806990648,1.44236752668319e-14,1.27201758333333,6.74460487459783e-15,0
2020-11-02,0.9,16.38034155,ok,1,27.9075057922967,16.38034155,16.38034155,16.38034155,32.8014684645136,24.9805503194529,164.438700945231,7.105427357601e-15,4.9548072673439,21.5870358858124,11.9306890011926,53.4966010261773,76.558302429814,6.2463440767487,4.9548072673439,0.84085008408495,1,0,0.20794943812075,8.64203781318798e-16,0.847494541666667,6.21724893790088e-15,0
2020-11-02,0.8,14.5603036,ok,1,29.4378848555921,14.5603036,14.5603036,14.5603036,29.1164660672557,20.8666679830836,129.857901009723,3.5527136788005e-15,6.4851863306393,28.2545702571268,15.6156913984505,55.3166389761773,79.162935493168,8.0663820267487,6.4851863306393,0.840850084085004,0.9,0,0.151084069250846,8.75471086762016e-16,0.653023916666667,1.02973185533983e-14,0
2020-11-02,0.7,12.74026565,ok,1,31.1596663026107,12.74026565,12.74026565,12.74026565,24.9705855387054,16.2382680971591,96.6109951573184,3.5527136788005e-15,8.2069677776579,35.7560038909402,19.7615719270008,57.1366769261773,81.767568556522,9.8864199767487,8.2069677776579,0.946014036146115,0.8,0,0.0807897089019859,0,2.3680615,1.33226762955019e-15,0
2020-11-02,0.6,10.9202277,ok,1,33.0310371461392,10.9202277000001,10.9202277000001,10.9202277,20.4645084431967,11.2077500754272,78.0707831578949,1.19015908239817e-13,10.0783386211864,43.9091665419202,24.2676490225095,58.9567148761772,84.3722016198759,11.7064579267486,10.0783386211864,1.02820429844806,0.7,0,0,0,1.72237183333333,1.12798659301916e-13,0
2020-11-02,0.5,9.10018975,infeasible,0,NaN,NaN,NaN,NaN,NaN,NaN,NaN,NaN,NaN,NaN,NaN,NaN,NaN,NaN,NaN,NaN,NaN,0,NaN,NaN,0.104946333333333,NaN,NaN
2020-11-15,2,50.5278374473684,ok,1,32.4388994138802,50.5278374473684,50.5278374473684,12.668375825,36.1258029635365,31.9032449127956,321.464967523513,0,0,0,0,25.2728609736842,33.3411980365936,-25.9007189744659,0,NaN,NaN,0,0,0,1.50901520833333,2.55351295663786e-15,0
2020-11-15,1.5,37.8958780855263,ok,1,32.4388994138802,37.8958780855263,37.8958780855263,15.1574842105263,36.1258029635366,31.9032449127956,321.464967523522,1.4210854715202e-14,0,0,-9.9475983006414e-14,37.9048203355263,50.0058985274452,-13.2687596126238,0,0,2,0,0.235702260395516,0,1.46536808333333,3.10862446895044e-15,0
2020-11-15,1.25,31.5798984046053,ok,1,32.4388994138802,31.5798984046053,31.5798984046053,15.1574842105263,36.1258029635365,31.9032449127956,321.464967523514,7.105427357601e-15,0,0,0,44.2208000164473,58.3382487728709,-6.9527799317028,0,0,1.5,0,0.353553390593273,0,1.1994175,1.33226762955019e-15,0
2020-11-15,1,25.2639187236842,ok,1,32.4388994138802,25.2639187236842,25.2639187236842,15.1574842105263,36.1258029635365,31.9032449127956,321.464967523517,3.5527136788005e-15,0,0,0,50.5367796973684,66.6705990182968,-0.6368002507817,0,0,1.25,1,0.471404520791032,3.00604488283173e-15,1.015381625,1.77635683940025e-15,0
2020-11-15,0.9,22.7375268513158,ok,1,33.7961767352205,22.7375268513158,22.7375268513158,15.1574842105263,33.4532400645833,29.0540057891902,285.562617735776,1.4210854715202e-14,1.3572773213403,4.18410410298796,2.6725628989532,53.0631715697368,70.0035391164671,1.8895916215867,1.3572773213403,0.537239426782948,1,0,0.419337869688583,0,1.27772795833333,3.99680288865056e-15,0
2020-11-15,0.8,20.2111349789474,ok,1,35.7239993887911,20.2111349789474,20.2111349789474,15.7460905263158,29.6572381579082,25.007060009162,247.365701406919,7.105427357601e-15,3.2850999749109,10.127038938643,6.4685648056283,55.5895634421052,73.3364792146374,4.4159834939551,3.2850999749109,0.763073486205977,0.9,0,0.325568503338208,9.14584381663543e-14,0.896009083333333,8.88178419700125e-16,0
2020-11-15,0.7,17.6847431065789,ok,1,37.8483162071038,17.684743106579,17.684743106579,17.684743106579,25.4743271013538,20.5476275155191,199.364146331039,7.105427357601e-15,5.4094167932236,16.675709999301,10.6514758621827,58.1159553144736,76.6694193128077,6.9423753663235,5.4094167932236,0.840850084085028,0.8,0,0.217436842289728,0,0.673813041666667,7.105427357601e-15,0
2020-11-15,0.6,15.1583512342105,ok,1,39.9726330254164,15.1583512342105,15.1583512342105,15.1583512342105,21.2914160447995,16.0881950218765,151.362591255211,3.5527136788005e-15,7.5337336115362,23.2243810599586,14.834386918737,60.6423471868421,80.0023594109781,9.468767238692,7.5337336115362,0.840850084084955,0.7,0,0.109305181241258,0,2.07055404166667,2.66453525910038e-15,0
2020-11-15,0.5,12.6319593618421,ok,1,42.1130050685337,12.6319593618421,12.6319593618421,12.6319593618421,17.0768912587053,11.5950588967558,106.55167880469,3.5527136788005e-15,9.6741056546535,29.8225458614483,19.0489117048312,63.1687390592105,83.3352995091484,11.9951591110604,9.6741056546535,0.84720508584869,0.6,0,0,0,1.58783458333333,8.88178419700125e-16,0
2020-11-16,2,48.076645861244,ok,1,33.4319611204416,48.076645861244,48.076645861244,13.3609915789474,29.5588662957345,29.1823145883855,319.999911566811,1.4210854715202e-14,9.9475983006414e-14,2.97547555311049e-13,0,33.7739636124402,41.2629347901177,-21.724482801459,0,NaN,NaN,0,0,0,1.2686495,1.77635683940025e-15,0
2020-11-16,1.5,36.057484395933,ok,1,33.4319611204416,36.057484395933,36.057484395933,13.3609915789474,29.5588662957344,29.1823145883855,319.999911566811,1.4210854715202e-14,9.9475983006414e-14,2.97547555311049e-13,9.9475983006414e-14,45.7931250777512,55.9472010925883,-9.705321336148,0,0,2,0,0.252538136138053,0,1.193883,4.21884749357559e-15,0
2020-11-16,1.25,30.0479036632775,ok,1,33.4319611204416,30.0479036632775,30.0479036632775,13.3609915789474,29.5588662957344,29.1823145883854,319.99991156681,1.06581410364015e-14,9.9475983006414e-14,2.97547555311049e-13,9.9475983006414e-14,51.8027058104067,63.2893342438236,-3.6957406034925,0,0,1.5,0,0.378807204207079,0,1.05152691666667,5.32907051820075e-15,0
2020-11-16,1,24.038322930622,ok,1,35.0939721202843,24.038322930622,24.038322930622,14.5878865789474,26.0570095354889,25.6617382239453,276.036906352329,1.06581410364015e-14,1.6620109998428,4.97132367992192,3.5018567602456,57.8122865430622,70.6314673950588,2.313840129163,1.6620109998427,0.276560225043902,1.25,1,0.384192489948564,1.02963439947146e-15,1.16914395833333,1.55431223447522e-15,0
2020-11-16,0.9,21.6344906375598,ok,1,37.0084157844477,21.6344906375598,21.6344906375598,17.5288974210526,22.0232772147678,21.6064430930807,230.416762963534,2.1316282072803e-14,3.5764546640062,10.6977112444039,7.5355890809667,60.2161188361244,73.568320655553,4.7176724222252,3.5764546640061,0.796413156478825,1,0,0.29545603804615,7.40094836804092e-16,1.26810883333333,2.66453525910038e-15,0
2020-11-16,0.8,19.2306583444976,ok,1,39.0296809964706,19.2306583444976,19.2306583444976,18.4202405789474,17.7644719194713,17.3248718324899,184.742491456432,3.5527136788005e-15,5.5977198760291,16.743618048199,11.7943943762632,62.6199511291866,76.5051739160471,7.1215047152874,5.597719876029,0.84085117662183,0.9,0,0.198950087180996,6.72891807962248e-08,0.837657958333333,2.4980018054066e-15,0
2020-11-16,0.7,16.8268260514354,ok,1,41.078616916666,16.8268260514354,16.8268260514354,16.8268260514354,13.4473644489882,12.9846867352944,141.846447525286,3.5527136788005e-15,7.6466557962245,22.8722920820492,16.1115018467463,65.0237834222488,79.4420271765412,9.5253370083496,7.6466557962244,0.852362257595473,0.8,0,0.100431550440124,1.04192168092017e-14,1.672584625,2.4308040960214e-15,0
2020-11-16,0.6,14.4229937583732,ok,1,43.1538545437553,14.4229937583732,14.4229937583732,14.4229937583732,9.07483928866977,8.58878770621549,101.592421202012,3.5527136788005e-15,9.7218934233138,29.0796384582102,20.4840270070647,67.427615715311,82.3788804370353,11.9291693014118,9.7218934233137,0.863303830753389,0.7,0,0,1.98631093312178e-14,1.36686829166667,5.80958892104633e-14,0
2020-11-16,0.5,12.019161465311,infeasible,0,NaN,NaN,NaN,NaN,NaN,NaN,NaN,NaN,NaN,NaN,NaN,NaN,NaN,NaN,NaN,NaN,NaN,0,NaN,NaN,0.0974332916666667,NaN,NaN
2020-12-01,2,58.037207,ok,1,34.9289150694838,58.037207,58.037207,12.71344,34.6483081112993,30.1221105631544,320.318663066942,0,0,0,0,11.7639745789474,16.8535464770635,-30.6872638646315,0,NaN,NaN,0,0,0,1.72873016666667,2.66453525910038e-15,0
2020-12-01,1.5,43.52790525,ok,1,34.9289150694838,43.52790525,43.52790525,13.618424031128,34.6483081112993,30.1221105631544,320.318663066942,7.105427357601e-15,0,0,0,26.2732763289474,37.6401598577976,-16.1779621146315,0,0,2,0,0.235702260395516,0,1.56615541666667,3.01980662698043e-14,0
2020-12-01,1.25,36.273254375,ok,1,34.9289150694838,36.273254375,36.273254375,13.81257,34.6483081112993,30.1221105631544,320.318663066948,7.105427357601e-15,0,0,0,33.5279272039474,48.0334665481647,-8.9233112396315,0,0,1.5,0,0.353553390593274,0,1.69873920833333,7.99360577730113e-15,0
2020-12-01,1,29.0186035,ok,1,34.9289150694838,29.0186035,29.0186035,13.2190244699999,34.6483081112993,30.1221105631544,320.318663066938,7.105427357601e-15,0,0,0,40.7825780789474,58.4267732385318,-1.6686603646315,0,0,1.25,1,0.471404520791032,0,1.641867125,7.98250354705488e-14,0
2020-12-01,0.9,26.11674315,ok,1,35.8147125205248,26.11674315,26.11674315,14.11087,32.990988896515,28.3500069571836,296.887777257296,7.105427357601e-15,0.885797451041,2.53600047204126,1.6573192147843,43.6844384289474,62.5840959146786,1.2331999853685,0.885797451041,0.305251578023388,1,0,0.457458950366837,0,1.244640625,2.66453525910038e-15,0
2020-12-01,0.8,23.2148828,ok,1,37.8990914506943,23.2148828,23.2148828,16.301451,29.0911343103429,24.1800520605848,241.752323165095,1.06581410364015e-14,2.9701763812105,8.50348880090307,5.5571738009564,46.5862987789474,66.7414185908254,4.1350603353685,2.9701763812105,0.718290571829034,0.9,0,0.360857265816286,0,0.98892925,2.88657986402541e-15,0
2020-12-01,0.7,20.31302245,ok,1,40.2276190653911,20.31302245,20.31302245,18.639759,24.7344796897434,19.5216595829845,198.115325908966,7.105427357601e-15,5.2987039959073,15.1699644416857,9.9138284215559,49.4881591289474,70.8987412669722,7.0369206853685,5.2987039959073,0.802425800640889,0.8,0,0.247418693758712,0,0.673144541666667,2.22044604925031e-14,0
2020-12-01,0.6,17.4111621,ok,1,42.6676485846916,17.4111621,17.4111621,17.4111621,20.1692059895026,14.6401992618398,142.979853484247,7.105427357601e-15,7.7387335152078,22.1556652985448,14.4791021217967,52.3900194789474,75.0560639431191,9.9387810353685,7.7387335152078,0.840850084085023,0.7,0,0.126290770319762,0,1.70176279166667,4.38955394786374e-13,0
2020-12-01,0.5,14.50930175,ok,1,45.1825436201892,14.50930175,14.50930175,14.50930175,15.4638595690565,9.60896491384514,91.3076029715569,1.77635683940025e-15,10.2536285507054,29.3557029478526,19.1844485422428,55.2918798289474,79.2133866192659,12.8406413853685,10.2536285507054,0.866649229173831,0.6,0,0,0,0.923502708333333,4.44089209850063e-16,0
2020-12-02,2,47.971269,ok,1,26.5041915757838,47.971269,47.971269,3.09702391323441e-05,39.1381625709758,35.4383738042502,304.879063417682,7.105427357601e-15,9.9475983006414e-14,3.75321702312562e-13,9.9475983006414e-14,27.9012252105263,36.7738341817361,-21.4968473568906,0,NaN,NaN,0,0,0,0.952576833333333,5.77315972805081e-15,0
2020-12-02,1.5,35.97845175,ok,1,26.5041915757838,35.97845175,35.97845175,3.09702392327083e-05,39.1381625709758,35.4383738042502,304.879063417681,1.4210854715202e-14,9.9475983006414e-14,3.75321702312562e-13,9.9475983006414e-14,39.8940424605263,52.5803756363021,-9.5040301068906,0,0,2,0,0.252538136138053,0,0.921336375,4.44089209850063e-15,0
2020-12-02,1.25,29.982043125,ok,1,26.5041915757838,29.982043125,29.982043125,3.09702392469191e-05,39.1381625709758,35.4383738042502,304.879063417681,3.5527136788005e-15,9.9475983006414e-14,3.75321702312562e-13,9.9475983006414e-14,45.8904510855263,60.4836463635851,-3.5076214818906,0,0,1.5,1,0.378807204207079,0,1.06271883333333,2.66453525910038e-15,0
2020-12-02,1,23.9856345,ok,1,28.2918646647552,23.9856345,23.9856345,10.25013,35.0331111640644,31.0837764795076,257.592083163235,3.5527136788005e-15,1.7876730889715,6.74486933079995,4.1050514069115,51.8868597105263,68.3869170908681,2.4887871431094,1.7876730889714,0.298123960651764,1.25,0,0.3761154841397,0,0.931635125,7.54951656745106e-15,0
2020-12-02,0.9,21.58707105,ok,1,30.0844362180106,21.58707105,21.58707105,12.65047,30.9168113651374,26.7172469734294,227.053449337599,7.105427357601e-15,3.5802446422269,13.5082205091594,8.2213512058385,54.2854231605263,71.5482253817813,4.8873505931094,3.5802446422268,0.747352150828198,1,0,0.297308953356613,0,0.680568583333333,8.88178419700125e-16,0
2020-12-02,0.8,19.1885076,ok,1,32.1012684966262,19.1885076,19.1885076,18.6013275,26.2855394430438,21.8044402085373,181.480639827186,7.105427357601e-15,5.5970769208425,21.1177047405454,12.8526231279321,56.6839866105263,74.7095336726945,7.2859140431094,5.5970769208424,0.840850084084954,0.9,0,0.202324498282496,0,0.847084083333333,9.76996261670138e-15,0
2020-12-02,0.7,16.78994415,ok,1,34.118100775242,16.78994415,16.78994415,16.78994415,21.6542675209502,16.891633443645,135.907830316763,7.105427357601e-15,7.6139091994583,28.7271889719321,17.4838950500257,59.0825500605263,77.8708419636077,9.6844774931094,7.6139091994582,0.840850084085039,0.8,0,0.107340043208364,0,0.918763333333333,1.22124532708767e-14,0
2020-12-02,0.6,14.3913807,ok,1,36.3062080028184,14.3913807,14.3913807,14.3913807,16.6296952384399,11.5616176044871,93.0035658056425,1.4210854715202e-14,9.8020164270347,36.9828915513522,22.508467332536,61.4811135105263,81.0321502545208,12.0830409431094,9.8020164270346,0.912257387886237,0.7,0,0,0,1.19401920833333,2.66453525910038e-15,0
2020-12-02,0.5,11.99281725,infeasible,0,NaN,NaN,NaN,NaN,NaN,NaN,NaN,NaN,NaN,NaN,NaN,NaN,NaN,NaN,NaN,NaN,NaN,0,NaN,NaN,0.112344,NaN,NaN
2020-12-15,2,NaN,quality_rejected,0,NaN,NaN,NaN,NaN,NaN,NaN,NaN,NaN,NaN,NaN,NaN,NaN,NaN,NaN,NaN,NaN,NaN,0,NaN,NaN,0,NaN,NaN
2020-12-15,1.5,NaN,quality_rejected,0,NaN,NaN,NaN,NaN,NaN,NaN,NaN,NaN,NaN,NaN,NaN,NaN,NaN,NaN,NaN,NaN,NaN,0,NaN,NaN,0,NaN,NaN
2020-12-15,1.25,NaN,quality_rejected,0,NaN,NaN,NaN,NaN,NaN,NaN,NaN,NaN,NaN,NaN,NaN,NaN,NaN,NaN,NaN,NaN,NaN,0,NaN,NaN,0,NaN,NaN
2020-12-15,1,NaN,quality_rejected,0,NaN,NaN,NaN,NaN,NaN,NaN,NaN,NaN,NaN,NaN,NaN,NaN,NaN,NaN,NaN,NaN,NaN,0,NaN,NaN,0,NaN,NaN
2020-12-15,0.9,NaN,quality_rejected,0,NaN,NaN,NaN,NaN,NaN,NaN,NaN,NaN,NaN,NaN,NaN,NaN,NaN,NaN,NaN,NaN,NaN,0,NaN,NaN,0,NaN,NaN
2020-12-15,0.8,NaN,quality_rejected,0,NaN,NaN,NaN,NaN,NaN,NaN,NaN,NaN,NaN,NaN,NaN,NaN,NaN,NaN,NaN,NaN,NaN,0,NaN,NaN,0,NaN,NaN
2020-12-15,0.7,NaN,quality_rejected,0,NaN,NaN,NaN,NaN,NaN,NaN,NaN,NaN,NaN,NaN,NaN,NaN,NaN,NaN,NaN,NaN,NaN,0,NaN,NaN,0,NaN,NaN
2020-12-15,0.6,NaN,quality_rejected,0,NaN,NaN,NaN,NaN,NaN,NaN,NaN,NaN,NaN,NaN,NaN,NaN,NaN,NaN,NaN,NaN,NaN,0,NaN,NaN,0,NaN,NaN
2020-12-15,0.5,NaN,quality_rejected,0,NaN,NaN,NaN,NaN,NaN,NaN,NaN,NaN,NaN,NaN,NaN,NaN,NaN,NaN,NaN,NaN,NaN,0,NaN,NaN,0,NaN,NaN
2020-12-16,2,NaN,quality_rejected,0,NaN,NaN,NaN,NaN,NaN,NaN,NaN,NaN,NaN,NaN,NaN,NaN,NaN,NaN,NaN,NaN,NaN,0,NaN,NaN,0,NaN,NaN
2020-12-16,1.5,NaN,quality_rejected,0,NaN,NaN,NaN,NaN,NaN,NaN,NaN,NaN,NaN,NaN,NaN,NaN,NaN,NaN,NaN,NaN,NaN,0,NaN,NaN,0,NaN,NaN
2020-12-16,1.25,NaN,quality_rejected,0,NaN,NaN,NaN,NaN,NaN,NaN,NaN,NaN,NaN,NaN,NaN,NaN,NaN,NaN,NaN,NaN,NaN,0,NaN,NaN,0,NaN,NaN
2020-12-16,1,NaN,quality_rejected,0,NaN,NaN,NaN,NaN,NaN,NaN,NaN,NaN,NaN,NaN,NaN,NaN,NaN,NaN,NaN,NaN,NaN,0,NaN,NaN,0,NaN,NaN
2020-12-16,0.9,NaN,quality_rejected,0,NaN,NaN,NaN,NaN,NaN,NaN,NaN,NaN,NaN,NaN,NaN,NaN,NaN,NaN,NaN,NaN,NaN,0,NaN,NaN,0,NaN,NaN
2020-12-16,0.8,NaN,quality_rejected,0,NaN,NaN,NaN,NaN,NaN,NaN,NaN,NaN,NaN,NaN,NaN,NaN,NaN,NaN,NaN,NaN,NaN,0,NaN,NaN,0,NaN,NaN
2020-12-16,0.7,NaN,quality_rejected,0,NaN,NaN,NaN,NaN,NaN,NaN,NaN,NaN,NaN,NaN,NaN,NaN,NaN,NaN,NaN,NaN,NaN,0,NaN,NaN,0,NaN,NaN
2020-12-16,0.6,NaN,quality_rejected,0,NaN,NaN,NaN,NaN,NaN,NaN,NaN,NaN,NaN,NaN,NaN,NaN,NaN,NaN,NaN,NaN,NaN,0,NaN,NaN,0,NaN,NaN
2020-12-16,0.5,NaN,quality_rejected,0,NaN,NaN,NaN,NaN,NaN,NaN,NaN,NaN,NaN,NaN,NaN,NaN,NaN,NaN,NaN,NaN,NaN,0,NaN,NaN,0,NaN,NaN
