Dataset,Day,CaseId,CaseKind,Strategy,Status,ErrorIdentifier,ErrorMessage,CapRatio,CapKW,DemandChargeEURPerKW,EtaBatteryCharge,EtaBatteryDischarge,WallTimeSeconds,IntervalMinutes,HouseCount,PvHomeCount,PvBoundaryId,TransferLossFraction,H4MaskAffected,BatteryCapacityKWhPerHome,BatteryPowerKWPerHome,MaxSolverTimeSeconds,PaperLoadOnlyBaselineBillEUR,PaperSavingsPercent,PvSelfNoBatteryBaselineBillEUR,EngineeringSavingsPercent,OriginalLoadPeakKW,PvSelfNoBatteryPeakKW,PvSelfNoBatteryDaytimePeakKW,PvSelfNoBatteryNightPeakKW,OptimizedBillEUR,AllDayPeakKW,DaytimePeakKW,NightPeakKW,LoadRangeKW,TotalGridImportKWh,BatteryThroughputKWh,PvCurtailmentKWh,SharedExportKWh,ObjectiveWithDemandChargeEUR,PeakExcessOverCapKW,CapViolationKW,EnergyBalanceResidualKW,PvAllocationResidualKW,HomeBalanceResidualKW,BatteryDynamicsResidualKW,AggregateImportResidualKW,InitialSocErrorKWh,TerminalSocErrorKWh,SocBoundViolationKWh,ChargePowerViolationKW,DischargePowerViolationKW,AggregateImportNonnegativeViolationKW,SimultaneousChargeDischargeKW,MaximumLexicographicViolation,MinimumExitFlag,MaximumRelativeMipGapPercent,StageCount,StageOneName,StageOneValue,ArtifactDirectory,InputsSha256,SolutionSha256
StoreNet,2020-01-01,ANCHOR_VPP_BM,anchor,VPP_BM,quality_rejected,StoreNet:QualityRejected,"Day 2020-01-01 fails release_literal: physical_incomplete:H1,H2,H3,H4,H5,H6,H7,H8,H9,H10,H11,H12,H13,H14,H15,H16,H17,H18,H19,H20",NaN,NaN,NaN,NaN,NaN,0,60,NaN,NaN,DC_SOURCE,0.07,NaN,NaN,NaN,NaN,NaN,NaN,NaN,NaN,NaN,NaN,NaN,NaN,NaN,NaN,NaN,NaN,NaN,NaN,NaN,NaN,NaN,NaN,NaN,NaN,NaN,NaN,NaN,NaN,NaN,NaN,NaN,NaN,NaN,NaN,NaN,NaN,NaN,NaN,NaN,NaN,,NaN,,,
StoreNet,2020-01-01,ANCHOR_VPP_BM_PEAK_LEX,anchor,VPP_BM_PEAK_LEX,quality_rejected,StoreNet:QualityRejected,"Day 2020-01-01 fails release_literal: physical_incomplete:H1,H2,H3,H4,H5,H6,H7,H8,H9,H10,H11,H12,H13,H14,H15,H16,H17,H18,H19,H20",NaN,NaN,NaN,NaN,NaN,0,60,NaN,NaN,DC_SOURCE,0.07,NaN,NaN,NaN,NaN,NaN,NaN,NaN,NaN,NaN,NaN,NaN,NaN,NaN,NaN,NaN,NaN,NaN,NaN,NaN,NaN,NaN,NaN,NaN,NaN,NaN,NaN,NaN,NaN,NaN,NaN,NaN,NaN,NaN,NaN,NaN,NaN,NaN,NaN,NaN,NaN,,NaN,,,
StoreNet,2020-01-01,ANCHOR_PS,anchor,PS,quality_rejected,StoreNet:QualityRejected,"Day 2020-01-01 fails release_literal: physical_incomplete:H1,H2,H3,H4,H5,H6,H7,H8,H9,H10,H11,H12,H13,H14,H15,H16,H17,H18,H19,H20",NaN,NaN,NaN,NaN,NaN,0,60,NaN,NaN,DC_SOURCE,0.07,NaN,NaN,NaN,NaN,NaN,NaN,NaN,NaN,NaN,NaN,NaN,NaN,NaN,NaN,NaN,NaN,NaN,NaN,NaN,NaN,NaN,NaN,NaN,NaN,NaN,NaN,NaN,NaN,NaN,NaN,NaN,NaN,NaN,NaN,NaN,NaN,NaN,NaN,NaN,NaN,,NaN,,,
StoreNet,2020-01-01,FRONTIER_R2.000,frontier,IMPROVED_PEAK_GUARD,quality_rejected,StoreNet:QualityRejected,"Day 2020-01-01 fails release_literal: physical_incomplete:H1,H2,H3,H4,H5,H6,H7,H8,H9,H10,H11,H12,H13,H14,H15,H16,H17,H18,H19,H20",2,NaN,NaN,NaN,NaN,0,60,NaN,NaN,DC_SOURCE,0.07,NaN,NaN,NaN,NaN,NaN,NaN,NaN,NaN,NaN,NaN,NaN,NaN,NaN,NaN,NaN,NaN,NaN,NaN,NaN,NaN,NaN,NaN,NaN,NaN,NaN,NaN,NaN,NaN,NaN,NaN,NaN,NaN,NaN,NaN,NaN,NaN,NaN,NaN,NaN,NaN,,NaN,,,
StoreNet,2020-01-01,FRONTIER_R1.500,frontier,IMPROVED_PEAK_GUARD,quality_rejected,StoreNet:QualityRejected,"Day 2020-01-01 fails release_literal: physical_incomplete:H1,H2,H3,H4,H5,H6,H7,H8,H9,H10,H11,H12,H13,H14,H15,H16,H17,H18,H19,H20",1.5,NaN,NaN,NaN,NaN,0,60,NaN,NaN,DC_SOURCE,0.07,NaN,NaN,NaN,NaN,NaN,NaN,NaN,NaN,NaN,NaN,NaN,NaN,NaN,NaN,NaN,NaN,NaN,NaN,NaN,NaN,NaN,NaN,NaN,NaN,NaN,NaN,NaN,NaN,NaN,NaN,NaN,NaN,NaN,NaN,NaN,NaN,NaN,NaN,NaN,NaN,,NaN,,,
StoreNet,2020-01-01,FRONTIER_R1.250,frontier,IMPROVED_PEAK_GUARD,quality_rejected,StoreNet:QualityRejected,"Day 2020-01-01 fails release_literal: physical_incomplete:H1,H2,H3,H4,H5,H6,H7,H8,H9,H10,H11,H12,H13,H14,H15,H16,H17,H18,H19,H20",1.25,NaN,NaN,NaN,NaN,0,60,NaN,NaN,DC_SOURCE,0.07,NaN,NaN,NaN,NaN,NaN,NaN,NaN,NaN,NaN,NaN,NaN,NaN,NaN,NaN,NaN,NaN,NaN,NaN,NaN,NaN,NaN,NaN,NaN,NaN,NaN,NaN,NaN,NaN,NaN,NaN,NaN,NaN,NaN,NaN,NaN,NaN,NaN,NaN,NaN,NaN,,NaN,,,
StoreNet,2020-01-01,FRONTIER_R1.000,frontier,IMPROVED_PEAK_GUARD,quality_rejected,StoreNet:QualityRejected,"Day 2020-01-01 fails release_literal: physical_incomplete:H1,H2,H3,H4,H5,H6,H7,H8,H9,H10,H11,H12,H13,H14,H15,H16,H17,H18,H19,H20",1,NaN,NaN,NaN,NaN,0,60,NaN,NaN,DC_SOURCE,0.07,NaN,NaN,NaN,NaN,NaN,NaN,NaN,NaN,NaN,NaN,NaN,NaN,NaN,NaN,NaN,NaN,NaN,NaN,NaN,NaN,NaN,NaN,NaN,NaN,NaN,NaN,NaN,NaN,NaN,NaN,NaN,NaN,NaN,NaN,NaN,NaN,NaN,NaN,NaN,NaN,,NaN,,,
StoreNet,2020-01-01,FRONTIER_R0.900,frontier,IMPROVED_PEAK_GUARD,quality_rejected,StoreNet:QualityRejected,"Day 2020-01-01 fails release_literal: physical_incomplete:H1,H2,H3,H4,H5,H6,H7,H8,H9,H10,H11,H12,H13,H14,H15,H16,H17,H18,H19,H20",0.9,NaN,NaN,NaN,NaN,0,60,NaN,NaN,DC_SOURCE,0.07,NaN,NaN,NaN,NaN,NaN,NaN,NaN,NaN,NaN,NaN,NaN,NaN,NaN,NaN,NaN,NaN,NaN,NaN,NaN,NaN,NaN,NaN,NaN,NaN,NaN,NaN,NaN,NaN,NaN,NaN,NaN,NaN,NaN,NaN,NaN,NaN,NaN,NaN,NaN,NaN,,NaN,,,
StoreNet,2020-01-01,FRONTIER_R0.800,frontier,IMPROVED_PEAK_GUARD,quality_rejected,StoreNet:QualityRejected,"Day 2020-01-01 fails release_literal: physical_incomplete:H1,H2,H3,H4,H5,H6,H7,H8,H9,H10,H11,H12,H13,H14,H15,H16,H17,H18,H19,H20",0.8,NaN,NaN,NaN,NaN,0,60,NaN,NaN,DC_SOURCE,0.07,NaN,NaN,NaN,NaN,NaN,NaN,NaN,NaN,NaN,NaN,NaN,NaN,NaN,NaN,NaN,NaN,NaN,NaN,NaN,NaN,NaN,NaN,NaN,NaN,NaN,NaN,NaN,NaN,NaN,NaN,NaN,NaN,NaN,NaN,NaN,NaN,NaN,NaN,NaN,NaN,,NaN,,,
StoreNet,2020-01-01,FRONTIER_R0.700,frontier,IMPROVED_PEAK_GUARD,quality_rejected,StoreNet:QualityRejected,"Day 2020-01-01 fails release_literal: physical_incomplete:H1,H2,H3,H4,H5,H6,H7,H8,H9,H10,H11,H12,H13,H14,H15,H16,H17,H18,H19,H20",0.7,NaN,NaN,NaN,NaN,0,60,NaN,NaN,DC_SOURCE,0.07,NaN,NaN,NaN,NaN,NaN,NaN,NaN,NaN,NaN,NaN,NaN,NaN,NaN,NaN,NaN,NaN,NaN,NaN,NaN,NaN,NaN,NaN,NaN,NaN,NaN,NaN,NaN,NaN,NaN,NaN,NaN,NaN,NaN,NaN,NaN,NaN,NaN,NaN,NaN,NaN,,NaN,,,
StoreNet,2020-01-01,FRONTIER_R0.600,frontier,IMPROVED_PEAK_GUARD,quality_rejected,StoreNet:QualityRejected,"Day 2020-01-01 fails release_literal: physical_incomplete:H1,H2,H3,H4,H5,H6,H7,H8,H9,H10,H11,H12,H13,H14,H15,H16,H17,H18,H19,H20",0.6,NaN,NaN,NaN,NaN,0,60,NaN,NaN,DC_SOURCE,0.07,NaN,NaN,NaN,NaN,NaN,NaN,NaN,NaN,NaN,NaN,NaN,NaN,NaN,NaN,NaN,NaN,NaN,NaN,NaN,NaN,NaN,NaN,NaN,NaN,NaN,NaN,NaN,NaN,NaN,NaN,NaN,NaN,NaN,NaN,NaN,NaN,NaN,NaN,NaN,NaN,,NaN,,,
StoreNet,2020-01-01,FRONTIER_R0.500,frontier,IMPROVED_PEAK_GUARD,quality_rejected,StoreNet:QualityRejected,"Day 2020-01-01 fails release_literal: physical_incomplete:H1,H2,H3,H4,H5,H6,H7,H8,H9,H10,H11,H12,H13,H14,H15,H16,H17,H18,H19,H20",0.5,NaN,NaN,NaN,NaN,0,60,NaN,NaN,DC_SOURCE,0.07,NaN,NaN,NaN,NaN,NaN,NaN,NaN,NaN,NaN,NaN,NaN,NaN,NaN,NaN,NaN,NaN,NaN,NaN,NaN,NaN,NaN,NaN,NaN,NaN,NaN,NaN,NaN,NaN,NaN,NaN,NaN,NaN,NaN,NaN,NaN,NaN,NaN,NaN,NaN,NaN,,NaN,,,
StoreNet,2020-01-01,TARIFF_L0.050,tariff,VPP_BM_DEMAND_CHARGE,quality_rejected,StoreNet:QualityRejected,"Day 2020-01-01 fails release_literal: physical_incomplete:H1,H2,H3,H4,H5,H6,H7,H8,H9,H10,H11,H12,H13,H14,H15,H16,H17,H18,H19,H20",NaN,NaN,0.05,NaN,NaN,0,60,NaN,NaN,DC_SOURCE,0.07,NaN,NaN,NaN,NaN,NaN,NaN,NaN,NaN,NaN,NaN,NaN,NaN,NaN,NaN,NaN,NaN,NaN,NaN,NaN,NaN,NaN,NaN,NaN,NaN,NaN,NaN,NaN,NaN,NaN,NaN,NaN,NaN,NaN,NaN,NaN,NaN,NaN,NaN,NaN,NaN,,NaN,,,
StoreNet,2020-01-01,TARIFF_L0.100,tariff,VPP_BM_DEMAND_CHARGE,quality_rejected,StoreNet:QualityRejected,"Day 2020-01-01 fails release_literal: physical_incomplete:H1,H2,H3,H4,H5,H6,H7,H8,H9,H10,H11,H12,H13,H14,H15,H16,H17,H18,H19,H20",NaN,NaN,0.1,NaN,NaN,0,60,NaN,NaN,DC_SOURCE,0.07,NaN,NaN,NaN,NaN,NaN,NaN,NaN,NaN,NaN,NaN,NaN,NaN,NaN,NaN,NaN,NaN,NaN,NaN,NaN,NaN,NaN,NaN,NaN,NaN,NaN,NaN,NaN,NaN,NaN,NaN,NaN,NaN,NaN,NaN,NaN,NaN,NaN,NaN,NaN,NaN,,NaN,,,
StoreNet,2020-01-01,TARIFF_L0.200,tariff,VPP_BM_DEMAND_CHARGE,quality_rejected,StoreNet:QualityRejected,"Day 2020-01-01 fails release_literal: physical_incomplete:H1,H2,H3,H4,H5,H6,H7,H8,H9,H10,H11,H12,H13,H14,H15,H16,H17,H18,H19,H20",NaN,NaN,0.2,NaN,NaN,0,60,NaN,NaN,DC_SOURCE,0.07,NaN,NaN,NaN,NaN,NaN,NaN,NaN,NaN,NaN,NaN,NaN,NaN,NaN,NaN,NaN,NaN,NaN,NaN,NaN,NaN,NaN,NaN,NaN,NaN,NaN,NaN,NaN,NaN,NaN,NaN,NaN,NaN,NaN,NaN,NaN,NaN,NaN,NaN,NaN,NaN,,NaN,,,
StoreNet,2020-01-01,TARIFF_L0.500,tariff,VPP_BM_DEMAND_CHARGE,quality_rejected,StoreNet:QualityRejected,"Day 2020-01-01 fails release_literal: physical_incomplete:H1,H2,H3,H4,H5,H6,H7,H8,H9,H10,H11,H12,H13,H14,H15,H16,H17,H18,H19,H20",NaN,NaN,0.5,NaN,NaN,0,60,NaN,NaN,DC_SOURCE,0.07,NaN,NaN,NaN,NaN,NaN,NaN,NaN,NaN,NaN,NaN,NaN,NaN,NaN,NaN,NaN,NaN,NaN,NaN,NaN,NaN,NaN,NaN,NaN,NaN,NaN,NaN,NaN,NaN,NaN,NaN,NaN,NaN,NaN,NaN,NaN,NaN,NaN,NaN,NaN,NaN,,NaN,,,
StoreNet,2020-01-01,TARIFF_L1.000,tariff,VPP_BM_DEMAND_CHARGE,quality_rejected,StoreNet:QualityRejected,"Day 2020-01-01 fails release_literal: physical_incomplete:H1,H2,H3,H4,H5,H6,H7,H8,H9,H10,H11,H12,H13,H14,H15,H16,H17,H18,H19,H20",NaN,NaN,1,NaN,NaN,0,60,NaN,NaN,DC_SOURCE,0.07,NaN,NaN,NaN,NaN,NaN,NaN,NaN,NaN,NaN,NaN,NaN,NaN,NaN,NaN,NaN,NaN,NaN,NaN,NaN,NaN,NaN,NaN,NaN,NaN,NaN,NaN,NaN,NaN,NaN,NaN,NaN,NaN,NaN,NaN,NaN,NaN,NaN,NaN,NaN,NaN,,NaN,,,
StoreNet,2020-01-02,ANCHOR_VPP_BM,anchor,VPP_BM,ok,,"",NaN,NaN,NaN,0.95,0.95,3.58782445833333,60,20,10,DC_SOURCE,0.07,1,10,3.3,60,41.22797395,40.6917955152013,38.74046168225,36.8836352654809,18.2204,18.175861,18.175861,13.258346,24.4515710952055,79.8526431671284,6.66133814775094e-16,79.8526431671284,79.8526431671284,268.698583463797,308.434210282316,0,39.5280279792762,NaN,NaN,NaN,1.36002320516582e-15,2.22044604925031e-16,5.55111512312578e-17,1.36002320516582e-15,0,0,0,2.22044604925031e-16,0,4.44089209850063e-16,6.66133814775094e-16,0,0,1,0,2,billEUR,24.4515686500487,/Users/guichenxiang/Desktop/電力專案/StoreNet/results/bahloul_vpp_improvement_v2_frontier/storenet_monthly_2020/cases/2020-01-02/ANCHOR_VPP_BM,8627d426d619d709017f4676441023c67bbe82be45ee9375ab7a5d8a53779639,14e7eaadecf4c1ccc52f316a4b86bcfc5fce1b569c1638c371cd922dffc12624
StoreNet,2020-01-02,ANCHOR_VPP_BM_PEAK_LEX,anchor,VPP_BM_PEAK_LEX,ok,,"",NaN,NaN,NaN,0.95,0.95,3.426347875,60,20,10,DC_SOURCE,0.07,1,10,3.3,60,41.22797395,40.6917955152013,38.74046168225,36.8836352654809,18.2204,18.175861,18.175861,13.258346,24.4515710952055,24.8705403923143,1.69056677309931e-05,24.8705403923143,24.8705403923143,268.698564328811,308.435599269259,0,39.5272639417425,NaN,NaN,NaN,3.5527136788005e-15,2.22044604925031e-16,3.33066907387547e-15,3.5527136788005e-15,0,0,0,3.5527136788005e-15,8.88178419700125e-16,8.88178419700125e-16,5.44009282066327e-15,0,3.5527136788005e-15,1,3.98944684581837e-07,3,billEUR,24.4515686500487,/Users/guichenxiang/Desktop/電力專案/StoreNet/results/bahloul_vpp_improvement_v2_frontier/storenet_monthly_2020/cases/2020-01-02/ANCHOR_VPP_BM_PEAK_LEX,2810867bd82a45ba95d1cc18ebf789ff4addcfdbd4c0dea6f8361c11c736b94b,13b3b9f4af16a8dc07402e2bd0367b3b0e608389eec418ce4adddf3d89d5e59e
StoreNet,2020-01-02,ANCHOR_PS,anchor,PS,ok,,"",NaN,NaN,NaN,0.95,0.95,3.62023429166667,60,20,10,DC_SOURCE,0.07,1,10,3.3,60,41.22797395,12.2646449163251,38.74046168225,6.63118670211806,18.2204,18.175861,18.175861,13.258346,36.1715093388375,10.6090591479369,10.6090591479369,10.6090591479369,0.866486647936885,253.392443513982,71.5301570617546,0,1.47910093278189,NaN,NaN,NaN,2.1316282072803e-14,3.33066907387547e-16,5.55111512312578e-15,2.1316282072803e-14,0,0,0,3.33066907387547e-16,8.88178419700125e-16,0,0,0,1.4210854715202e-14,1,2.68166873375228e-08,3,systemPeakKW,10.6090580870311,/Users/guichenxiang/Desktop/電力專案/StoreNet/results/bahloul_vpp_improvement_v2_frontier/storenet_monthly_2020/cases/2020-01-02/ANCHOR_PS,4b91a7be451cb04f3e18e3a8512ca6318ed541b6cfe838dfe851feefe98e4bd0,02ad7c826d27372e31d299a58d9e61fefec48b0478d5070bf71ed35adcc2744a
StoreNet,2020-01-02,FRONTIER_R2.000,frontier,IMPROVED_PEAK_GUARD,ok,,"",2,36.351722,NaN,0.95,0.95,2.49089179166667,60,20,10,DC_SOURCE,0.07,1,10,3.3,60,41.22797395,40.6917843780865,38.74046168225,36.8836234132556,18.2204,18.175861,18.175861,13.258346,24.4515756868123,36.351722,1.2458090115075e-13,36.351722,36.351722,268.698633921015,308.430071150613,0,39.5301910171228,NaN,7.105427357601e-15,7.105427357601e-15,8.40993941153556e-14,2.22044604925031e-16,8.40993941153556e-14,8.30446822419617e-14,0,0,0,7.21644966006352e-14,0,8.88178419700125e-16,1.7499890425654e-14,0,7.105427357601e-15,1,1.87783673615387e-07,2,billEUR,24.451573241655,,,
StoreNet,2020-01-02,FRONTIER_R1.500,frontier,IMPROVED_PEAK_GUARD,ok,,"",1.5,27.2637915,NaN,0.95,0.95,2.6056015,60,20,10,DC_SOURCE,0.07,1,10,3.3,60,41.22797395,40.6917955152013,38.74046168225,36.8836352654809,18.2204,18.175861,18.175861,13.258346,24.4515710952055,27.2637915,3.34177130412172e-14,27.2637915,27.2637915,268.698583463797,308.434333331068,0,39.5279636761499,NaN,7.105427357601e-15,7.105427357601e-15,3.40838468559923e-14,2.22044604925031e-16,2.22044604925031e-16,3.40838468559923e-14,0,0,0,1.11022302462516e-16,8.88178419700125e-16,4.44089209850063e-16,8.1601392309949e-15,0,3.5527136788005e-15,1,3.98946210879917e-07,2,billEUR,24.4515686500487,,,
StoreNet,2020-01-02,FRONTIER_R1.250,frontier,IMPROVED_PEAK_GUARD,ok,,"",1.25,22.71982625,NaN,0.95,0.95,1.21775341666667,60,20,10,DC_SOURCE,0.07,1,10,3.3,60,41.22797395,36.9447121207373,38.74046168225,32.8959528820719,18.2204,18.175861,18.175861,13.258346,25.9964176609599,22.71982625,7.17550686016592,22.71982625,22.71982625,265.242950922474,267.567253333861,0,20.1194602018194,NaN,3.5527136788005e-15,3.5527136788005e-15,2.41473507855972e-15,2.22044604925031e-16,2.22044604925031e-16,2.41473507855972e-15,0,0,0,1.33226762955019e-15,8.88178419700125e-16,4.44089209850063e-16,1.54737334057131e-15,0,1.06581410364015e-14,1,3.16039729549326e-07,2,billEUR,25.9964150613184,,,
StoreNet,2020-01-02,FRONTIER_R1.000,frontier,IMPROVED_PEAK_GUARD,ok,,"",1,18.175861,NaN,0.95,0.95,1.05504858333333,60,20,10,DC_SOURCE,0.07,1,10,3.3,60,41.22797395,28.2018198963954,38.74046168225,23.5916824314703,18.2204,18.175861,18.175861,13.258346,29.6009349896882,18.175861,12.2467435,18.175861,18.175861,259.697760825712,189.328376678777,0,1.30180941061174,NaN,3.90798504668055e-14,3.90798504668055e-14,4.39648317751562e-14,1.72084568816899e-15,5.55111512312578e-17,4.39648317751562e-14,0,0,0,2.43138842392909e-14,8.88178419700125e-16,0,2.08166817117217e-17,0,0,1,4.39847476072607e-14,2,billEUR,29.600932029595,,,
StoreNet,2020-01-02,FRONTIER_R0.900,frontier,IMPROVED_PEAK_GUARD,ok,,"",0.9,16.3582749,NaN,0.95,0.95,0.738462041666667,60,20,10,DC_SOURCE,0.07,1,10,3.3,60,41.22797395,24.4948185409893,38.74046168225,19.6466557416277,18.2204,18.175861,18.175861,13.258346,31.1292565428211,16.3582749,15.6917345,16.3582749,16.3582749,257.925636444954,154.792034104565,0,1.30291274771736,NaN,7.105427357601e-15,7.105427357601e-15,3.5527136788005e-15,2.27595720048157e-15,5.55111512312578e-17,3.5527136788005e-15,0,0,0,3.5527136788005e-15,8.88178419700125e-16,0,1.38083988687754e-15,0,1.77635683940025e-14,1,1.32612103797475e-07,2,billEUR,31.1292534298958,,,
StoreNet,2020-01-02,FRONTIER_R0.800,frontier,IMPROVED_PEAK_GUARD,ok,,"",0.8,14.5406888,NaN,0.95,0.95,1.86212033333333,60,20,10,DC_SOURCE,0.07,1,10,3.3,60,41.22797395,20.7878372113854,38.74046168225,15.7016503634375,18.2204,18.175861,18.175861,13.258346,32.6575698397216,14.5406888,14.5406888,14.5406888,14.122097525,256.153469506297,120.259947320295,0,1.30188818985262,NaN,7.105427357601e-15,7.105427357601e-15,3.77475828372553e-15,2.22044604925031e-16,5.55111512312578e-17,3.77475828372553e-15,0,0,0,1.4432899320127e-15,8.88178419700125e-16,0,0,0,0,1,1.6779829149469e-14,2,billEUR,32.657566573965,,,
StoreNet,2020-01-02,FRONTIER_R0.700,frontier,IMPROVED_PEAK_GUARD,ok,,"",0.7,12.7231027,NaN,0.95,0.95,1.19619508333333,60,20,10,DC_SOURCE,0.07,1,10,3.3,60,41.22797395,17.0558664393263,38.74046168225,11.7300509789339,18.2204,18.175861,18.175861,13.258346,34.1961857774477,12.7231027,12.7231027,12.7231027,11.8671694957647,254.434408963648,86.7408019801836,0,1.30192784490824,NaN,2.8421709430404e-14,2.8421709430404e-14,1.22816253694813e-14,2.22044604925031e-16,3.10862446895044e-15,1.22816253694813e-14,0,0,0,1.24344978758018e-14,0,0,0,0,7.105427357601e-15,1,1.0778976803846e-08,2,billEUR,34.1961823578295,,,
StoreNet,2020-01-02,FRONTIER_R0.600,frontier,IMPROVED_PEAK_GUARD,ok,,"",0.6,10.9055166,NaN,0.95,0.95,1.65235954166667,60,20,10,DC_SOURCE,0.07,1,10,3.3,60,41.22797395,13.1344089955592,38.74046168225,7.55679804602574,18.2204,18.175861,18.175861,13.258346,35.8129232308244,10.9055166,10.9055166,10.9055166,3.15632033727553,253.118036646002,64.9666193718181,0,1.2826953100929,NaN,3.5527136788005e-15,3.5527136788005e-15,2.66453525910038e-15,4.9960036108132e-16,4.44089209850063e-16,2.66453525910038e-15,0,0,0,2.22044604925031e-16,0,0,0,0,1.4210854715202e-14,1,0,2,billEUR,35.8129196495324,,,
StoreNet,2020-01-02,FRONTIER_R0.500,frontier,IMPROVED_PEAK_GUARD,infeasible,StoreNet:OptimizationFailed,"Optimization failed during bill (exit flag -2).",0.5,9.0879305,NaN,0.95,0.95,0.762446,60,20,10,DC_SOURCE,0.07,1,10,3.3,60,41.22797395,NaN,38.74046168225,NaN,18.2204,18.175861,18.175861,13.258346,NaN,NaN,NaN,NaN,NaN,NaN,NaN,NaN,NaN,NaN,NaN,NaN,NaN,NaN,NaN,NaN,NaN,NaN,NaN,NaN,NaN,NaN,NaN,NaN,NaN,NaN,NaN,NaN,,NaN,,,
StoreNet,2020-01-02,TARIFF_L0.050,tariff,VPP_BM_DEMAND_CHARGE,ok,,"",NaN,NaN,0.05,0.95,0.95,1.88400208333333,60,20,10,DC_SOURCE,0.07,1,10,3.3,60,41.22797395,40.6917844010706,38.74046168225,36.8836234377155,18.2204,18.175861,18.175861,13.258346,24.4515756773364,24.8705490316884,5.50774703622636e-15,24.8705490316884,24.8705490316884,268.698633816884,308.430079692718,0,39.5301865531685,25.6951031289209,NaN,NaN,2.4757973449141e-14,3.08086889333481e-15,2.22044604925031e-16,2.4757973449141e-14,0,0,0,2.22044604925031e-16,8.88178419700125e-16,8.88178419700125e-16,5.10702591327572e-15,0,1.06581410364015e-14,1,1.88514242151218e-07,2,billPlusDemandChargeEUR,25.6951005594108,,,
StoreNet,2020-01-02,TARIFF_L0.100,tariff,VPP_BM_DEMAND_CHARGE,ok,,"",NaN,NaN,0.1,0.95,0.95,1.61230425,60,20,10,DC_SOURCE,0.07,1,10,3.3,60,41.22797395,40.6917955588941,38.74046168225,36.8836353119792,18.2204,18.175861,18.175861,13.258346,24.4515710771919,24.8705439765846,1.51129109227099e-14,24.8705439765846,24.8705439765847,268.698583265845,308.434226520798,0,39.52801949333,26.9386254748503,NaN,NaN,9.9209529480504e-13,2.22044604925031e-16,2.22044604925031e-16,9.9209529480504e-13,0,0,0,5.38236122338276e-13,8.88178419700125e-16,6.21724893790088e-15,1.72195591119362e-13,0,0,1,0,2,billPlusDemandChargeEUR,26.9386227809881,,,
StoreNet,2020-01-02,TARIFF_L0.200,tariff,VPP_BM_DEMAND_CHARGE,ok,,"",NaN,NaN,0.2,0.95,0.95,2.03611283333333,60,20,10,DC_SOURCE,0.07,1,10,3.3,60,41.22797395,40.6917955947142,38.74046168225,36.8836353500993,18.2204,18.175861,18.175861,13.258346,24.451571062424,24.870543960356,2.33285613049361e-14,24.870543960356,24.8705439603562,268.69858310356,308.434239833431,0,39.5280125363804,29.4256798544952,NaN,NaN,8.47322212393919e-13,1.99840144432528e-15,4.46864767411626e-15,8.47322212393919e-13,0,0,0,8.47322212393919e-13,8.88178419700125e-16,4.44089209850063e-16,1.26010313294955e-13,0,0,1,0,2,billPlusDemandChargeEUR,29.4256769119275,,,
StoreNet,2020-01-02,TARIFF_L0.500,tariff,VPP_BM_DEMAND_CHARGE,ok,,"",NaN,NaN,0.5,0.95,0.95,2.78332741666667,60,20,10,DC_SOURCE,0.07,1,10,3.3,60,41.22797395,40.6917845345745,38.74046168225,36.8836235797916,18.2204,18.175861,18.175861,13.258346,24.4515756222955,24.8705489712038,1.28919444564168e-13,24.8705489712038,24.8705489712038,268.698633212038,308.430129309729,0,39.5301606241861,36.8868501078974,NaN,NaN,1.45439216225896e-13,2.22044604925031e-16,1.11022302462516e-16,1.45439216225896e-13,0,0,0,1.11022302462516e-16,8.88178419700125e-16,4.44089209850063e-16,1.55431223447522e-15,0,4.2632564145606e-14,1,1.92872596857252e-07,2,billPlusDemandChargeEUR,36.8868464192127,,,
StoreNet,2020-01-02,TARIFF_L1.000,tariff,VPP_BM_DEMAND_CHARGE,ok,,"",NaN,NaN,1,0.95,0.95,2.35609495833333,60,20,10,DC_SOURCE,0.07,1,10,3.3,60,41.22797395,13.6665263915708,38.74046168225,8.12308252453934,18.2204,18.175861,18.175861,13.258346,35.5935420094133,11.1135718427055,11.1135718427053,11.1135718427055,5.51521596779408,253.091828803607,60.5882258039878,0,1.28638245284007,46.7071138521188,NaN,NaN,1.28896893158981e-13,2.99760216648792e-15,4.44089209850063e-16,1.28896893158981e-13,0,0,0,1.28896893158981e-13,0,0,0,0,1.77635683940025e-13,1,0,2,billPlusDemandChargeEUR,46.7071091814077,,,
StoreNet,2020-01-15,ANCHOR_VPP_BM,anchor,VPP_BM,ok,,"",NaN,NaN,NaN,0.95,0.95,0.896863333333333,60,20,10,DC_SOURCE,0.07,0,10,3.3,60,48.44094932,39.5947482060388,45.07088547,35.0780950873315,22.874905,22.857254,22.857254,19.8662255,29.2608774081311,84.5514542105263,8.43996556393533,84.5514542105263,84.5514542105263,307.001192119504,322.266795707504,0,57.5786156462477,NaN,NaN,NaN,3.77475828372553e-15,2.77555756156289e-16,2.16493489801906e-15,3.77475828372553e-15,0,0,0,1.77635683940025e-15,0,4.44089209850063e-16,1.66533453693773e-15,0,0,1,1.45698188793941e-15,2,billEUR,29.2608744820437,/Users/guichenxiang/Desktop/電力專案/StoreNet/results/bahloul_vpp_improvement_v2_frontier/storenet_monthly_2020/cases/2020-01-15/ANCHOR_VPP_BM,761078d5cea96502c15f149aaeab2c99d209356891ff4ef969f2a843ae697ca8,79069d34e053dff3ff79dab08a15249a6b6c62d87be0607e4f52ca95998b58b6
StoreNet,2020-01-15,ANCHOR_VPP_BM_PEAK_LEX,anchor,VPP_BM_PEAK_LEX,ok,,"",NaN,NaN,NaN,0.95,0.95,1.61901954166667,60,20,10,DC_SOURCE,0.07,0,10,3.3,60,48.44094932,39.5947482060388,45.07088547,35.0780950873315,22.874905,22.857254,22.857254,19.8662255,29.2608774081311,26.9853258880077,8.59282,26.9853258880077,26.9853258880077,307.001184818449,322.267278732906,0,57.5783486588896,NaN,NaN,NaN,5.77315972805081e-15,2.22044604925031e-16,1.11022302462516e-15,5.77315972805081e-15,0,0,0,1.11022302462516e-16,8.88178419700125e-16,1.77635683940025e-15,1.77635683940025e-15,0,1.4210854715202e-14,1,1.45698188793941e-15,3,billEUR,29.2608744820437,/Users/guichenxiang/Desktop/電力專案/StoreNet/results/bahloul_vpp_improvement_v2_frontier/storenet_monthly_2020/cases/2020-01-15/ANCHOR_VPP_BM_PEAK_LEX,c959e63e955cfdfdc6c4f6021f0342e01e138a68c529252e1d29a32998cb096c,7716f3f591c6b5c5116bad94b0c1ec2cbd5f7b2026c77b07c96763161ea78773
StoreNet,2020-01-15,ANCHOR_PS,anchor,PS,ok,,"",NaN,NaN,NaN,0.95,0.95,3.00981641666667,60,20,10,DC_SOURCE,0.07,0,10,3.3,60,48.44094932,14.0044862797245,45.07088547,7.57438469577001,22.874905,22.857254,22.857254,19.8662255,41.6570432187123,12.2400586746915,12.2400586746915,12.2400586746915,2.24127317469146,291.520126822875,114.902549616797,0,2.95442075947902,NaN,NaN,NaN,2.69055611124003e-15,2.22044604925031e-16,2.22044604925031e-16,2.69055611124003e-15,0,0,0,1.11022302462516e-16,0,4.44089209850063e-16,0,0,7.105427357601e-15,1,0,3,systemPeakKW,12.2400574506857,/Users/guichenxiang/Desktop/電力專案/StoreNet/results/bahloul_vpp_improvement_v2_frontier/storenet_monthly_2020/cases/2020-01-15/ANCHOR_PS,0fbb66f2ebb0d1c2d4084b44ef577312c33c0f8bacdfc72d4a40477d66ea3165,288ef7bae5eb218aec156f5f00893592fb8387f4a465712da930e9df0de291c7
StoreNet,2020-01-15,FRONTIER_R2.000,frontier,IMPROVED_PEAK_GUARD,ok,,"",2,45.714508,NaN,0.95,0.95,1.38095279166667,60,20,10,DC_SOURCE,0.07,0,10,3.3,60,48.44094932,39.5947482060388,45.07088547,35.0780950873314,22.874905,22.857254,22.857254,19.8662255,29.2608774081312,45.714508,8.59282,45.714508,45.714508,307.001192119504,322.26679570749,0,57.5786156462548,NaN,1.4210854715202e-14,1.4210854715202e-14,5.55111512312578e-15,3.33066907387547e-16,2.83106871279415e-15,5.55111512312578e-15,0,0,0,1.77635683940025e-15,0,2.66453525910038e-15,6.43929354282591e-15,0,2.8421709430404e-14,1,0,2,billEUR,29.2608744820437,,,
StoreNet,2020-01-15,FRONTIER_R1.500,frontier,IMPROVED_PEAK_GUARD,ok,,"",1.5,34.285881,NaN,0.95,0.95,1.27179233333333,60,20,10,DC_SOURCE,0.07,0,10,3.3,60,48.44094932,39.5947482060388,45.07088547,35.0780950873314,22.874905,22.857254,22.857254,19.8662255,29.2608774081312,34.285881,7.89083601292507,34.285881,34.285881,307.001192119504,322.266795707493,0,57.5786156462533,NaN,7.105427357601e-15,7.105427357601e-15,7.32747196252603e-15,2.22044604925031e-16,6.66133814775094e-16,7.32747196252603e-15,0,0,0,1.11022302462516e-16,0,1.77635683940025e-15,5.10702591327572e-15,0,1.77635683940025e-14,1,0,2,billEUR,29.2608744820437,,,
StoreNet,2020-01-15,FRONTIER_R1.250,frontier,IMPROVED_PEAK_GUARD,ok,,"",1.25,28.5715675,NaN,0.95,0.95,1.25715616666667,60,20,10,DC_SOURCE,0.07,0,10,3.3,60,48.44094932,39.5947482060388,45.07088547,35.0780950873314,22.874905,22.857254,22.857254,19.8662255,29.2608774081312,28.5715675,8.59282,28.5715675,28.5715675,307.001192119504,322.266795707492,0,57.5786156462537,NaN,7.105427357601e-15,7.105427357601e-15,2.22044604925031e-15,2.22044604925031e-16,4.44089209850063e-16,2.22044604925031e-15,0,0,0,1.11022302462516e-16,0,4.44089209850063e-16,1.77635683940025e-15,0,2.48689957516035e-14,1,0,2,billEUR,29.2608744820437,,,
StoreNet,2020-01-15,FRONTIER_R1.000,frontier,IMPROVED_PEAK_GUARD,ok,,"",1,22.857254,NaN,0.95,0.95,1.02203945833333,60,20,10,DC_SOURCE,0.07,0,10,3.3,60,48.44094932,33.4735715025062,45.07088547,28.4992225539317,22.874905,22.857254,22.857254,19.8662255,32.226033512877,22.857254,10.29368,22.857254,22.857254,300.368411932356,243.833250864417,0,20.3228308677914,NaN,3.5527136788005e-15,3.5527136788005e-15,2.66453525910038e-15,2.22044604925031e-16,0,2.66453525910038e-15,0,0,0,4.44089209850063e-16,8.88178419700125e-16,0,1.49880108324396e-15,0,7.105427357601e-15,1,0,2,billEUR,32.226030290274,,,
StoreNet,2020-01-15,FRONTIER_R0.900,frontier,IMPROVED_PEAK_GUARD,ok,,"",0.9,20.5715286,NaN,0.95,0.95,0.821567958333333,60,20,10,DC_SOURCE,0.07,0,10,3.3,60,48.44094932,29.8203056293955,45.07088547,24.5727927719024,22.874905,22.857254,22.857254,19.8662255,33.9957101829954,20.5715286,11.37785,20.5715286,20.5715286,297.354904242244,216.569694675557,0,3.33631536222138,NaN,3.5527136788005e-15,3.5527136788005e-15,1.19348975147204e-15,2.22044604925031e-16,4.44089209850063e-16,1.19348975147204e-15,0,0,0,2.22044604925031e-16,8.88178419700125e-16,0,9.0205620750794e-17,0,1.4210854715202e-14,1,0,2,billEUR,33.9957067834247,,,
StoreNet,2020-01-15,FRONTIER_R0.800,frontier,IMPROVED_PEAK_GUARD,ok,,"",0.8,18.2858032,NaN,0.95,0.95,1.05715833333333,60,20,10,DC_SOURCE,0.07,0,10,3.3,60,48.44094932,25.7906345442396,45.07088547,20.241813010206,22.874905,22.857254,22.857254,19.8662255,35.9477211111185,18.2858032,16.5153125,18.2858032,18.2858032,295.281263861436,176.147479376447,0,3.33347767177655,NaN,3.5527136788005e-15,3.5527136788005e-15,1.17683640610267e-14,2.99760216648792e-15,0,1.17683640610267e-14,0,0,0,3.77475828372553e-15,8.88178419700125e-16,0,2.77555756156289e-17,0,0,1,0,2,billEUR,35.9477175163467,,,
StoreNet,2020-01-15,FRONTIER_R0.700,frontier,IMPROVED_PEAK_GUARD,ok,,"",0.7,16.0000778,NaN,0.95,0.95,2.02844808333333,60,20,10,DC_SOURCE,0.07,0,10,3.3,60,48.44094932,21.6912868829204,45.07088547,15.8359467789068,22.874905,22.857254,22.857254,19.8662255,37.9334840341888,16.0000778,16.0000778,16.0000778,16.0000778,293.381602836024,139.109087857552,0,3.33352885122406,NaN,7.105427357601e-15,7.105427357601e-15,5.77315972805081e-15,3.33066907387547e-16,2.22044604925031e-16,5.77315972805081e-15,0,0,0,1.11022302462516e-16,8.88178419700125e-16,0,6.93889390390723e-18,0,0,1,0,2,billEUR,37.9334802408407,,,
StoreNet,2020-01-15,FRONTIER_R0.600,frontier,IMPROVED_PEAK_GUARD,ok,,"",0.6,13.7143524,NaN,0.95,0.95,1.56673779166667,60,20,10,DC_SOURCE,0.07,0,10,3.3,60,48.44094932,17.4233416746172,45.07088547,11.2488765365535,22.874905,22.857254,22.857254,19.8662255,40.0009172095483,13.7143524,13.7143524,13.7143524,8.78734780397254,291.593574150764,104.882349103573,0,3.07538518821325,NaN,1.4210854715202e-14,1.4210854715202e-14,1.62092561595273e-14,2.22044604925031e-16,4.44089209850063e-16,1.62092561595273e-14,0,0,0,2.22044604925031e-16,8.88178419700125e-16,4.44089209850063e-16,0,0,7.105427357601e-15,1,1.38203157474971e-14,2,billEUR,40.0009132094569,,,
StoreNet,2020-01-15,FRONTIER_R0.500,frontier,IMPROVED_PEAK_GUARD,infeasible,StoreNet:OptimizationFailed,"Optimization failed during bill (exit flag -2).",0.5,11.428627,NaN,0.95,0.95,0.133081541666667,60,20,10,DC_SOURCE,0.07,0,10,3.3,60,48.44094932,NaN,45.07088547,NaN,22.874905,22.857254,22.857254,19.8662255,NaN,NaN,NaN,NaN,NaN,NaN,NaN,NaN,NaN,NaN,NaN,NaN,NaN,NaN,NaN,NaN,NaN,NaN,NaN,NaN,NaN,NaN,NaN,NaN,NaN,NaN,NaN,NaN,,NaN,,,
StoreNet,2020-01-15,TARIFF_L0.050,tariff,VPP_BM_DEMAND_CHARGE,ok,,"",NaN,NaN,0.05,0.95,0.95,1.39899020833333,60,20,10,DC_SOURCE,0.07,0,10,3.3,60,48.44094932,39.5947479275005,45.07088547,35.0780947879662,22.874905,22.857254,22.857254,19.8662255,29.2608775430577,26.9853272631579,7.821673095,26.9853272631579,26.9853272631581,307.001192815002,322.266726157689,0,57.5786504211556,30.6101439062156,NaN,NaN,7.95363774841462e-13,2.22044604925031e-16,7.15538739370913e-14,7.95363774841462e-13,0,0,0,3.5527136788005e-15,8.88178419700125e-16,4.44089209850063e-16,1.6606507835526e-13,0,0,1,0,2,billPlusDemandChargeEUR,30.6101408452016,,,
StoreNet,2020-01-15,TARIFF_L0.100,tariff,VPP_BM_DEMAND_CHARGE,ok,,"",NaN,NaN,0.1,0.95,0.95,1.46301291666667,60,20,10,DC_SOURCE,0.07,0,10,3.3,60,48.44094932,39.5947476489624,45.07088547,35.0780944886011,22.874905,22.857254,22.857254,19.8662255,29.2608776779842,26.9853272631579,8.9033,26.9853272631579,26.9853272631603,307.001193510499,322.266656607872,0,57.5786851960644,31.9594104043,NaN,NaN,7.44737604918555e-13,2.96485058726148e-13,2.22044604925031e-16,7.44737604918555e-13,0,0,0,1.11022302462516e-16,8.88178419700125e-16,0,2.41679549636831e-12,0,0,1,0,2,billPlusDemandChargeEUR,31.9594072083595,,,
StoreNet,2020-01-15,TARIFF_L0.200,tariff,VPP_BM_DEMAND_CHARGE,ok,,"",NaN,NaN,0.2,0.95,0.95,1.231937625,60,20,10,DC_SOURCE,0.07,0,10,3.3,60,48.44094932,39.5947470918854,45.07088547,35.07809388987,22.874905,22.857254,22.857254,19.8662255,29.2608779478376,26.9853272631579,8.06147784858066,26.9853272631579,26.9853272631579,307.001194901496,322.266517508251,0,57.5787547458743,34.6579434004692,NaN,NaN,3.79252185211953e-13,2.22044604925031e-16,2.22044604925031e-16,3.79252185211953e-13,0,0,0,1.06581410364015e-14,8.88178419700125e-16,4.44089209850063e-16,2.77555756156289e-15,0,0,1,0,2,billPlusDemandChargeEUR,34.6579399346753,,,
StoreNet,2020-01-15,TARIFF_L0.500,tariff,VPP_BM_DEMAND_CHARGE,ok,,"",NaN,NaN,0.5,0.95,0.95,1.78765295833333,60,20,10,DC_SOURCE,0.07,0,10,3.3,60,48.44094932,39.5947454206549,45.07088547,35.0780920936774,22.874905,22.857254,22.857254,19.8662255,29.2608787573975,26.9853272631579,6.89158,26.9853272631579,26.9853272631582,307.001199074485,322.266100209377,0,57.5789633953115,42.7535423889765,NaN,NaN,3.74811293113453e-13,3.88578058618805e-16,2.22044604925031e-16,3.74811293113453e-13,0,0,0,1.11022302462516e-16,8.88178419700125e-16,4.44089209850063e-16,3.23407967073308e-13,0,5.6843418860808e-14,1,0,2,billPlusDemandChargeEUR,42.7535381136226,,,
StoreNet,2020-01-15,TARIFF_L1.000,tariff,VPP_BM_DEMAND_CHARGE,ok,,"",NaN,NaN,1,0.95,0.95,3.84138016666667,60,20,10,DC_SOURCE,0.07,0,10,3.3,60,48.44094932,16.3163590179503,45.07088547,10.0591219930043,22.874905,22.857254,22.857254,19.8662255,40.5371501172455,13.1681137393887,13.1681137393887,13.1681137393887,6.37730225938871,291.167514899345,96.5788310765639,0,3.07573038107213,53.7052638566342,NaN,NaN,3.56381590904675e-14,2.22044604925031e-16,0,3.56381590904675e-14,0,0,0,6.66133814775094e-16,8.88178419700125e-16,4.44089209850063e-16,0,0,7.105427357601e-15,1,0,2,billPlusDemandChargeEUR,53.7052584861083,,,
StoreNet,2020-01-16,ANCHOR_VPP_BM,anchor,VPP_BM,ok,,"",NaN,NaN,NaN,0.95,0.95,2.69803508333333,60,20,10,DC_SOURCE,0.07,0,10,3.3,60,56.26595101,30.4159387166086,53.933752839,27.4069914078552,30.69882,30.6840095,30.6840095,23.107124,39.1521338324814,69.7450989473684,15.1974295,69.7450989473684,69.7450989473684,366.516860386773,320.13453448056,0,36.1629627597198,NaN,NaN,NaN,1.33226762955019e-14,2.22044604925031e-16,1.77635683940025e-15,1.33226762955019e-14,0,0,0,1.77635683940025e-15,0,4.44089209850063e-16,1.81521464526213e-14,0,0,1,0,2,billEUR,39.1521299172684,/Users/guichenxiang/Desktop/電力專案/StoreNet/results/bahloul_vpp_improvement_v2_frontier/storenet_monthly_2020/cases/2020-01-16/ANCHOR_VPP_BM,ad3582bb14dda8b9462af8f8d48298349d236fdd9564c8092746f1b9ab7b57ac,3719ed690349e4b916e2e471e887b411af29c886845f3cf5a825f11473ad147a
StoreNet,2020-01-16,ANCHOR_VPP_BM_PEAK_LEX,anchor,VPP_BM_PEAK_LEX,ok,,"",NaN,NaN,NaN,0.95,0.95,2.67888554166667,60,20,10,DC_SOURCE,0.07,0,10,3.3,60,56.26595101,30.4159387166085,53.933752839,27.4069914078552,30.69882,30.6840095,30.6840095,23.107124,39.1521338324814,28.8882512012452,15.8854312617301,28.8882512012452,28.8882512012452,366.516846784866,320.135434359638,0,36.1624653607488,NaN,NaN,NaN,1.88737914186277e-15,1.4432899320127e-15,4.44089209850063e-16,1.88737914186277e-15,0,0,0,4.44089209850063e-16,8.88178419700125e-16,4.44089209850063e-16,5.82867087928207e-15,0,7.105427357601e-15,1,0,3,billEUR,39.1521299172684,/Users/guichenxiang/Desktop/電力專案/StoreNet/results/bahloul_vpp_improvement_v2_frontier/storenet_monthly_2020/cases/2020-01-16/ANCHOR_VPP_BM_PEAK_LEX,128ad4fc92a1378c71975e0b2af946155884eb8407f258386fec91389092ecd5,39cd6e96578ff81af86e185fbe20f63ee1b3cb1f07bcb33ba5b090daed661c2c
StoreNet,2020-01-16,ANCHOR_PS,anchor,PS,ok,,"",NaN,NaN,NaN,0.95,0.95,2.14018033333333,60,20,10,DC_SOURCE,0.07,0,10,3.3,60,56.26595101,9.66753720544399,53.933752839,5.76138950716906,30.69882,30.6840095,30.6840095,23.107124,50.8264192621114,15.0973359515321,15.0973359515321,15.0973359515321,5.81637645153207,353.473768034481,131.310130289986,0,0,NaN,NaN,NaN,9.82547376793264e-15,1.11022302462516e-16,2.22044604925031e-16,9.82547376793264e-15,0,0,0,4.44089209850063e-16,8.88178419700125e-16,4.44089209850063e-16,0,0,1.4210854715202e-14,1,0,3,systemPeakKW,15.0973344417986,/Users/guichenxiang/Desktop/電力專案/StoreNet/results/bahloul_vpp_improvement_v2_frontier/storenet_monthly_2020/cases/2020-01-16/ANCHOR_PS,cc01a62b6173b29302f9f73359c58a147b5a4c50f39679a63bff6e8d2656abb9,6543b6a46624b12f42d793fe155db624643b43c0505b90be1739b4d1e4d34032
StoreNet,2020-01-16,FRONTIER_R2.000,frontier,IMPROVED_PEAK_GUARD,ok,,"",2,61.368019,NaN,0.95,0.95,1.349256125,60,20,10,DC_SOURCE,0.07,0,10,3.3,60,56.26595101,30.4159387166085,53.933752839,27.4069914078552,30.69882,30.6840095,30.6840095,23.107124,39.1521338324814,61.368019,16.9219115,61.368019,61.3680190000001,366.516860386773,320.134534480547,0,36.1629627597266,NaN,1.4210854715202e-14,1.4210854715202e-14,5.49560397189452e-14,3.15858450505857e-14,1.77635683940025e-15,5.49560397189452e-14,0,0,0,1.77635683940025e-15,0,4.44089209850063e-16,4.34062508158917e-14,0,7.105427357601e-15,1,0,2,billEUR,39.1521299172684,,,
StoreNet,2020-01-16,FRONTIER_R1.500,frontier,IMPROVED_PEAK_GUARD,ok,,"",1.5,46.02601425,NaN,0.95,0.95,0.892046291666667,60,20,10,DC_SOURCE,0.07,0,10,3.3,60,56.26595101,30.4159387166086,53.933752839,27.4069914078552,30.69882,30.6840095,30.6840095,23.107124,39.1521338324814,46.02601425,15.50838,46.02601425,46.02601425,366.516860386773,320.134534480566,0,36.1629627597172,NaN,7.105427357601e-15,7.105427357601e-15,1.33226762955019e-15,2.22044604925031e-16,2.22044604925031e-16,1.33226762955019e-15,0,0,0,1.11022302462516e-16,0,4.44089209850063e-16,1.11022302462516e-15,0,0,1,0,2,billEUR,39.1521299172684,,,
StoreNet,2020-01-16,FRONTIER_R1.250,frontier,IMPROVED_PEAK_GUARD,ok,,"",1.25,38.355011875,NaN,0.95,0.95,1.09122304166667,60,20,10,DC_SOURCE,0.07,0,10,3.3,60,56.26595101,30.4159387166086,53.933752839,27.4069914078553,30.69882,30.6840095,30.6840095,23.107124,39.1521338324814,38.355011875,16.61547,38.355011875,38.355011875,366.516860386773,320.134534480566,0,36.162962759717,NaN,1.4210854715202e-14,1.4210854715202e-14,1.83186799063151e-15,1.19348975147204e-15,1.83186799063151e-15,1.55431223447522e-15,0,0,0,1.11022302462516e-16,0,4.44089209850063e-16,1.47104550762833e-15,0,0,1,1.34946385601009e-14,2,billEUR,39.1521299172684,,,
StoreNet,2020-01-16,FRONTIER_R1.000,frontier,IMPROVED_PEAK_GUARD,ok,,"",1,30.6840095,NaN,0.95,0.95,0.924947833333333,60,20,10,DC_SOURCE,0.07,0,10,3.3,60,56.26595101,30.4159387166086,53.933752839,27.4069914078552,30.69882,30.6840095,30.6840095,23.107124,39.1521338324814,30.6840095,16.61547,30.6840095,30.6840095,366.516860386773,320.134534480563,0,36.1629627597186,NaN,1.06581410364015e-14,1.06581410364015e-14,1.77635683940025e-15,2.22044604925031e-16,2.22044604925031e-16,1.77635683940025e-15,0,0,0,1.11022302462516e-16,8.88178419700125e-16,4.44089209850063e-16,1.0547118733939e-15,0,0,1,0,2,billEUR,39.1521299172684,,,
StoreNet,2020-01-16,FRONTIER_R0.900,frontier,IMPROVED_PEAK_GUARD,ok,,"",0.9,27.61560855,NaN,0.95,0.95,0.938231916666667,60,20,10,DC_SOURCE,0.07,0,10,3.3,60,56.26595101,28.7912811013268,53.933752839,25.7120805036882,30.69882,30.6840095,30.6840095,23.107124,40.0662628903761,27.61560855,18.29599,27.61560855,27.61560855,364.472038161732,295.954228310509,0,24.6773632709955,NaN,1.06581410364015e-14,1.06581410364015e-14,8.88178419700125e-16,2.22044604925031e-16,2.22044604925031e-16,8.88178419700125e-16,0,0,0,1.11022302462516e-16,8.88178419700125e-16,4.44089209850063e-16,7.21644966006352e-16,0,0,1,9.21927732168136e-15,2,billEUR,40.0662588837502,,,
StoreNet,2020-01-16,FRONTIER_R0.800,frontier,IMPROVED_PEAK_GUARD,ok,,"",0.8,24.5472076,NaN,0.95,0.95,0.689708541666667,60,20,10,DC_SOURCE,0.07,0,10,3.3,60,56.26595101,24.7038566777373,53.933752839,21.4479080649319,30.69882,30.6840095,30.6840095,23.107124,42.3660911141237,24.5472076,17.04327,24.5472076,24.4266376,360.035828085689,248.967536606084,0,0.00102422195821016,NaN,7.105427357601e-15,7.105427357601e-15,9.43689570931383e-16,2.22044604925031e-16,2.22044604925031e-16,9.43689570931383e-16,0,0,0,1.11022302462516e-16,8.88178419700125e-16,0,0,0,1.4210854715202e-14,1,5.32298262259651e-07,2,billEUR,42.366086877515,,,
StoreNet,2020-01-16,FRONTIER_R0.700,frontier,IMPROVED_PEAK_GUARD,ok,,"",0.7,21.47880665,NaN,0.95,0.95,0.6642455,60,20,10,DC_SOURCE,0.07,0,10,3.3,60,56.26595101,20.0634906745869,53.933752839,16.6068837998276,30.69882,30.6840095,30.6840095,23.107124,44.977037176141,21.47880665,21.47880665,21.47880665,21.47880665,357.203318206912,193.76070533625,0,0.00109151437497359,NaN,3.5527136788005e-15,3.5527136788005e-15,2.22044604925031e-15,2.22044604925031e-16,2.22044604925031e-16,2.22044604925031e-15,0,0,0,1.11022302462516e-15,8.88178419700125e-16,0,0,0,1.4210854715202e-14,1,6.83962116082504e-07,2,billEUR,44.9770326784377,,,
StoreNet,2020-01-16,FRONTIER_R0.600,frontier,IMPROVED_PEAK_GUARD,ok,,"",0.6,18.4104057,NaN,0.95,0.95,0.374435041666667,60,20,10,DC_SOURCE,0.07,0,10,3.3,60,56.26595101,15.374857568362,53.933752839,11.715505270204,30.69882,30.6840095,30.6840095,23.107124,47.6151411827281,18.4104057,18.4104057,18.4104057,17.8409857,354.510797733135,141.290913106522,0,0.00115950673883146,NaN,7.105427357601e-15,7.105427357601e-15,8.88178419700125e-16,2.22044604925031e-16,2.22044604925031e-16,8.88178419700125e-16,0,0,0,2.22044604925031e-16,8.88178419700125e-16,0,0,0,0,1,9.37958362068282e-07,2,billEUR,47.6151364212145,,,
StoreNet,2020-01-16,FRONTIER_R0.500,frontier,IMPROVED_PEAK_GUARD,ok,,"",0.5,15.34200475,NaN,0.95,0.95,1.183629375,60,20,10,DC_SOURCE,0.07,0,10,3.3,60,56.26595101,10.1927751365012,53.933752839,6.3093397264998,30.69882,30.6840095,30.6840095,23.107124,50.5308891451368,15.34200475,15.34200475,15.34200475,6.06104525000001,353.249431670808,127.189392631579,0,0,NaN,5.32907051820075e-15,5.32907051820075e-15,2.30926389122033e-14,7.60502771868232e-15,7.27196081129478e-15,2.30926389122033e-14,0,0,0,2.29816166097407e-14,8.88178419700125e-16,0,0,0,0,1,0,2,billEUR,50.5308840920484,,,
StoreNet,2020-01-16,TARIFF_L0.050,tariff,VPP_BM_DEMAND_CHARGE,ok,,"",NaN,NaN,0.05,0.95,0.95,1.842483,60,20,10,DC_SOURCE,0.07,0,10,3.3,60,56.26595101,30.4159384598971,53.933752839,27.406991140043,30.69882,30.6840095,30.6840095,23.107124,39.1521339769226,28.8882537631579,16.61547,28.8882537631579,28.8882537631579,366.516861131316,320.134460026295,0,36.1629999868532,40.5965466650805,NaN,NaN,5.80979708786344e-13,2.22044604925031e-16,4.44089209850063e-16,5.80979708786344e-13,0,0,0,1.77635683940025e-15,8.88178419700125e-16,4.44089209850063e-16,2.55351295663786e-15,0,0,1,0,2,billPlusDemandChargeEUR,40.5965426054263,,,
StoreNet,2020-01-16,TARIFF_L0.100,tariff,VPP_BM_DEMAND_CHARGE,ok,,"",NaN,NaN,0.1,0.95,0.95,1.66986175,60,20,10,DC_SOURCE,0.07,0,10,3.3,60,56.26595101,30.4159382031852,53.933752839,27.4069908722305,30.69882,30.6840095,30.6840095,23.107124,39.1521341213639,28.8882537631579,16.61547,28.8882537631579,28.888253763158,366.516861875859,320.134385572043,0,36.1630372139786,42.0409594976797,NaN,NaN,1.45439216225896e-14,4.44089209850063e-16,1.33226762955019e-15,1.45439216225896e-14,0,0,0,2.22044604925031e-16,8.88178419700125e-16,4.44089209850063e-16,1.17572618307804e-13,0,0,1,0,2,billPlusDemandChargeEUR,42.0409552935842,,,
StoreNet,2020-01-16,TARIFF_L0.200,tariff,VPP_BM_DEMAND_CHARGE,ok,,"",NaN,NaN,0.2,0.95,0.95,1.64289783333333,60,20,10,DC_SOURCE,0.07,0,10,3.3,60,56.26595101,30.4159376897617,53.933752839,27.4069903366055,30.69882,30.6840095,30.6840095,23.107124,39.1521344102466,28.8882537631579,16.61547,28.8882537631579,28.8882537631579,366.516863364944,320.134236663499,0,36.1631116682504,44.9297851628781,NaN,NaN,3.44169137633799e-13,2.22044604925031e-16,3.44169137633799e-13,4.35207425653061e-14,0,0,0,1.11022302462516e-16,8.88178419700125e-16,4.44089209850063e-16,4.44089209850063e-16,0,6.3948846218409e-14,1,0,2,billPlusDemandChargeEUR,44.9297806699,,,
StoreNet,2020-01-16,TARIFF_L0.500,tariff,VPP_BM_DEMAND_CHARGE,ok,,"",NaN,NaN,0.5,0.95,0.95,1.82171495833333,60,20,10,DC_SOURCE,0.07,0,10,3.3,60,56.26595101,30.415936149492,53.933752839,27.4069887297317,30.69882,30.6840095,30.6840095,23.107124,39.1521352768939,28.8882537631579,15.018587,28.8882537631579,28.8882537631579,366.516867832199,320.133789937939,0,36.1633350310308,53.5962621584729,NaN,NaN,9.53570555850547e-13,9.53570555850547e-13,2.22044604925031e-16,3.86357612569554e-13,0,0,0,1.11022302462516e-16,8.88178419700125e-16,4.44089209850063e-16,2.22044604925031e-16,0,0,1,0,2,billPlusDemandChargeEUR,53.5962567988474,,,
StoreNet,2020-01-16,TARIFF_L1.000,tariff,VPP_BM_DEMAND_CHARGE,ok,,"",NaN,NaN,1,0.95,0.95,2.45724216666667,60,20,10,DC_SOURCE,0.07,0,10,3.3,60,56.26595101,12.2339374805886,53.933752839,8.43876581703564,30.69882,30.6840095,30.6840095,23.107124,49.382409740578,16.388172604231,16.388172604231,16.388172604231,9.27840510423099,352.883831079566,109.569723507689,0,0.000574288310895543,65.770582344809,NaN,NaN,2.75335310107039e-14,1.97064586870965e-14,3.33066907387547e-16,2.75335310107039e-14,0,0,0,0,8.88178419700125e-16,0,0,0,1.4210854715202e-14,1,0,2,billPlusDemandChargeEUR,65.7705757677514,,,
StoreNet,2020-02-01,ANCHOR_VPP_BM,anchor,VPP_BM,ok,,"",NaN,NaN,NaN,0.95,0.95,1.83830058333333,60,20,10,DC_SOURCE,0.07,0,10,3.3,60,41.51858796,34.4841736765607,40.884242918,33.4676539458625,20.61477,20.613763,20.613763,14.382616,27.201245979818,67.4863957894737,7.55566,67.4863957894737,67.4863957894737,282.53540142691,319.999928048106,0,37.3890998228506,NaN,NaN,NaN,1.77635683940025e-15,1.53523027623947e-16,1.11022302462516e-16,1.77635683940025e-15,0,0,0,1.77635683940025e-15,0,4.44089209850063e-16,6.66133814775094e-16,0,0,1,0,2,billEUR,27.2012432596937,/Users/guichenxiang/Desktop/電力專案/StoreNet/results/bahloul_vpp_improvement_v2_frontier/storenet_monthly_2020/cases/2020-02-01/ANCHOR_VPP_BM,2690b50993dad947deded12167b31c94ff1102a09cbe0a8233ad78021c9ae995,4ef6dacd158b50715b063e0a0ffea5ad6ed240dc3e57c5a93257b2c62db40d3c
StoreNet,2020-02-01,ANCHOR_VPP_BM_PEAK_LEX,anchor,VPP_BM_PEAK_LEX,ok,,"",NaN,NaN,NaN,0.95,0.95,3.317905125,60,20,10,DC_SOURCE,0.07,0,10,3.3,60,41.51858796,34.4841736765607,40.884242918,33.4676539458625,20.61477,20.613763,20.613763,14.382616,27.201245979818,24.3619474124107,5.4388896,24.3619474124107,24.3619474124107,282.53540142691,319.999928048106,0,37.3890998228506,NaN,NaN,NaN,1.85962356624714e-15,1.53523027623947e-16,5.55111512312578e-17,1.85962356624714e-15,0,0,0,1.11022302462516e-16,8.88178419700125e-16,4.44089209850063e-16,5.55111512312578e-17,0,7.105427357601e-15,1,0,3,billEUR,27.2012432596937,/Users/guichenxiang/Desktop/電力專案/StoreNet/results/bahloul_vpp_improvement_v2_frontier/storenet_monthly_2020/cases/2020-02-01/ANCHOR_VPP_BM_PEAK_LEX,c88a33b763553e116515a0bcc249df7128016b1554b7b9b288bf99dec96a279f,1d4fd97c023b5671ba3599811433f1d13f463d85923d39185b48b638ce41d67a
StoreNet,2020-02-01,ANCHOR_PS,anchor,PS,ok,,"",NaN,NaN,NaN,0.95,0.95,2.92885704166667,60,20,10,DC_SOURCE,0.07,0,10,3.3,60,41.51858796,8.03379983298387,40.884242918,6.60688572271081,20.61477,20.613763,20.613763,14.382616,38.1830677098123,11.1947752153016,11.1947752153016,11.1947752153016,1.13255071530164,267.542047176541,80.1529691949389,0,0.000888149879228508,NaN,NaN,NaN,1.70419234279962e-14,1.93421667571414e-16,2.22044604925031e-16,1.70419234279962e-14,0,0,0,1.11022302462516e-15,0,0,0,0,2.1316282072803e-14,1,0,3,systemPeakKW,11.1947740958242,/Users/guichenxiang/Desktop/電力專案/StoreNet/results/bahloul_vpp_improvement_v2_frontier/storenet_monthly_2020/cases/2020-02-01/ANCHOR_PS,2fb329ac34c3b0e253b7d28f78ed30f243c73d5cb8ed2c75ede79d75871ca54b,ec63e061990d89b48812401c25f8d154125553e3e811ae6113245f2ea9f9fb0a
StoreNet,2020-02-01,FRONTIER_R2.000,frontier,IMPROVED_PEAK_GUARD,ok,,"",2,41.227526,NaN,0.95,0.95,1.40276320833333,60,20,10,DC_SOURCE,0.07,0,10,3.3,60,41.51858796,34.4841736765607,40.884242918,33.4676539458624,20.61477,20.613763,20.613763,14.382616,27.201245979818,41.227526,7.08689,41.227526,41.227526,282.53540142691,319.999928048106,0,37.3890998228503,NaN,1.4210854715202e-14,1.4210854715202e-14,1.77635683940025e-15,1.53523027623947e-16,5.55111512312578e-17,1.77635683940025e-15,0,0,0,1.11022302462516e-16,0,4.44089209850063e-16,1.55431223447522e-15,0,0,1,0,2,billEUR,27.2012432596937,,,
StoreNet,2020-02-01,FRONTIER_R1.500,frontier,IMPROVED_PEAK_GUARD,ok,,"",1.5,30.9206445,NaN,0.95,0.95,1.128024,60,20,10,DC_SOURCE,0.07,0,10,3.3,60,41.51858796,34.4841736765607,40.884242918,33.4676539458624,20.61477,20.613763,20.613763,14.382616,27.201245979818,30.9206445,7.8622,30.9206445,30.9206445,282.53540142691,319.999928048106,0,37.3890998228503,NaN,7.105427357601e-15,7.105427357601e-15,5.05845365594837e-15,3.46944695195361e-16,2.3037127760972e-15,5.05845365594837e-15,0,0,0,2.22044604925031e-16,0,4.44089209850063e-16,2.22044604925031e-15,0,0,1,0,2,billEUR,27.2012432596937,,,
StoreNet,2020-02-01,FRONTIER_R1.250,frontier,IMPROVED_PEAK_GUARD,ok,,"",1.25,25.76720375,NaN,0.95,0.95,1.39568208333333,60,20,10,DC_SOURCE,0.07,0,10,3.3,60,41.51858796,34.4841736765606,40.884242918,33.4676539458624,20.61477,20.613763,20.613763,14.382616,27.201245979818,25.76720375,6.81289,25.76720375,25.76720375,282.53540142691,319.999928048105,0,37.3890998228501,NaN,7.105427357601e-15,7.105427357601e-15,1.80411241501588e-15,1.53523027623947e-16,5.55111512312578e-17,1.80411241501588e-15,0,0,0,1.11022302462516e-16,8.88178419700125e-16,4.44089209850063e-16,9.99200722162641e-16,0,3.5527136788005e-15,1,0,2,billEUR,27.2012432596937,,,
StoreNet,2020-02-01,FRONTIER_R1.000,frontier,IMPROVED_PEAK_GUARD,ok,,"",1,20.613763,NaN,0.95,0.95,0.45317025,60,20,10,DC_SOURCE,0.07,0,10,3.3,60,41.51858796,27.9996407783464,40.884242918,26.8825093938647,20.61477,20.613763,20.613763,14.382616,29.8935324749582,20.613763,12.763332,20.613763,20.613763,276.513003349717,248.784391426552,0,3.56171992761241,NaN,7.105427357601e-15,7.105427357601e-15,2.44249065417534e-15,2.15105711021124e-16,5.55111512312578e-17,2.44249065417534e-15,0,0,0,8.88178419700125e-16,8.88178419700125e-16,0,2.32452945780892e-16,0,7.105427357601e-15,1,0,2,billEUR,29.8935294856053,,,
StoreNet,2020-02-01,FRONTIER_R0.900,frontier,IMPROVED_PEAK_GUARD,ok,,"",0.9,18.5523867,NaN,0.95,0.95,0.919485666666667,60,20,10,DC_SOURCE,0.07,0,10,3.3,60,41.51858796,23.937897073726,40.884242918,22.7577451513302,20.61477,20.613763,20.613763,14.382616,31.5799111076708,18.5523867,14.4898136893986,18.5523867,18.4928827,274.261278248303,209.913366969687,0,0.000813915156415557,NaN,7.105427357601e-15,7.105427357601e-15,4.35623759287296e-14,4.35623759287296e-14,5.55111512312578e-17,4.14113188185183e-14,0,0,0,1.11022302462516e-16,8.88178419700125e-16,0,0,0,1.77635683940025e-14,1,5.14509854206338e-15,2,billEUR,31.57990794968,,,
StoreNet,2020-02-01,FRONTIER_R0.800,frontier,IMPROVED_PEAK_GUARD,ok,,"",0.8,16.4910104,NaN,0.95,0.95,0.930666291666667,60,20,10,DC_SOURCE,0.07,0,10,3.3,60,41.51858796,19.7631201356091,40.884242918,18.5181938927627,20.61477,20.613763,20.613763,14.382616,33.3132195428567,16.4910104,16.4910104,16.4910104,16.4000794,272.251437249261,170.74712792389,0,0.000858588055163612,NaN,3.5527136788005e-15,3.5527136788005e-15,1.0547118733939e-14,1.0547118733939e-14,5.55111512312578e-17,1.77635683940025e-15,0,0,0,1.11022302462516e-16,0,0,0,0,4.2632564145606e-14,1,0,2,billEUR,33.313216211535,,,
StoreNet,2020-02-01,FRONTIER_R0.700,frontier,IMPROVED_PEAK_GUARD,ok,,"",0.7,14.4296341,NaN,0.95,0.95,1.18673379166667,60,20,10,DC_SOURCE,0.07,0,10,3.3,60,41.51858796,15.5883431974923,40.884242918,14.2786426341954,20.61477,20.613763,20.613763,14.382616,35.0465279780425,14.4296341,14.4296341,14.4296341,14.0117071,270.241596250219,131.580888878113,0,0.000903260943694042,NaN,1.77635683940025e-15,1.77635683940025e-15,2.94209101525666e-15,1.38777878078145e-17,5.55111512312578e-17,2.94209101525666e-15,0,0,0,2.22044604925031e-16,0,0,0,0,7.105427357601e-15,1,9.09367596785589e-14,2,billEUR,35.04652447339,,,
StoreNet,2020-02-01,FRONTIER_R0.600,frontier,IMPROVED_PEAK_GUARD,ok,,"",0.6,12.3682578,NaN,0.95,0.95,1.62978245833333,60,20,10,DC_SOURCE,0.07,0,10,3.3,60,41.51858796,10.9138408940818,40.884242918,9.53161245333494,20.61477,20.613763,20.613763,14.382616,36.9873153285762,12.3682578,12.3682578,12.3682578,10.9301008,268.231755358125,92.4146391375291,0,0.000953281235457943,NaN,1.06581410364015e-14,1.06581410364015e-14,1.48769885299771e-14,1.53523027623947e-16,6.93889390390723e-18,1.48769885299771e-14,0,0,0,1.11022302462516e-16,0,0,0,0,4.2632564145606e-14,1,0,2,billEUR,36.987311629845,,,
StoreNet,2020-02-01,FRONTIER_R0.500,frontier,IMPROVED_PEAK_GUARD,infeasible,StoreNet:OptimizationFailed,"Optimization failed during bill (exit flag -2).",0.5,10.3068815,NaN,0.95,0.95,0.123141541666667,60,20,10,DC_SOURCE,0.07,0,10,3.3,60,41.51858796,NaN,40.884242918,NaN,20.61477,20.613763,20.613763,14.382616,NaN,NaN,NaN,NaN,NaN,NaN,NaN,NaN,NaN,NaN,NaN,NaN,NaN,NaN,NaN,NaN,NaN,NaN,NaN,NaN,NaN,NaN,NaN,NaN,NaN,NaN,NaN,NaN,,NaN,,,
StoreNet,2020-02-01,TARIFF_L0.050,tariff,VPP_BM_DEMAND_CHARGE,ok,,"",NaN,NaN,0.05,0.95,0.95,1.67000233333333,60,20,10,DC_SOURCE,0.07,0,10,3.3,60,41.51858796,34.4841728710494,40.884242918,33.4676531278532,20.61477,20.613763,20.613763,14.382616,27.2012463142549,24.361944510615,6.95384,24.361944510615,24.361944510615,282.535400678806,319.999919201684,0,37.3890956207999,28.4193435397856,NaN,NaN,2.66453525910038e-14,1.38777878078145e-17,1.77635683940025e-15,2.66453525910038e-14,0,0,0,1.11022302462516e-16,8.88178419700125e-16,8.88178419700125e-16,2.35367281220533e-14,0,0,1,1.77635728792112e-16,2,billPlusDemandChargeEUR,28.4193406978516,,,
StoreNet,2020-02-01,TARIFF_L0.100,tariff,VPP_BM_DEMAND_CHARGE,ok,,"",NaN,NaN,0.1,0.95,0.95,1.971777875,60,20,10,DC_SOURCE,0.07,0,10,3.3,60,41.51858796,34.4841719352577,40.884242918,33.4676521775421,20.61477,20.613763,20.613763,14.382616,27.2012467027824,24.3619439697092,7.481460385,24.3619439697092,24.3619439697092,282.535399809705,319.999908924474,0,37.3890907391252,29.6374410997533,NaN,NaN,2.1316282072803e-14,1.53523027623947e-16,5.55111512312578e-17,2.1316282072803e-14,0,0,0,1.11022302462516e-16,8.88178419700125e-16,4.44089209850063e-16,7.99360577730113e-15,0,1.06581410364015e-14,1,0,2,billPlusDemandChargeEUR,29.6374381360095,,,
StoreNet,2020-02-01,TARIFF_L0.200,tariff,VPP_BM_DEMAND_CHARGE,ok,,"",NaN,NaN,0.2,0.95,0.95,1.621297875,60,20,10,DC_SOURCE,0.07,0,10,3.3,60,41.51858796,34.484169522014,40.884242918,33.4676497268553,20.61477,20.613763,20.613763,14.382616,27.2012477047271,24.3619425748073,8.35736,24.3619425748073,24.3619425748073,282.535397568447,319.999882421339,0,37.3890781501361,32.0736362196886,NaN,NaN,7.21818438353949e-15,4.78783679369599e-15,1.0547118733939e-15,7.21818438353949e-15,0,0,0,1.11022302462516e-16,8.88178419700125e-16,1.77635683940025e-15,4.44089209850063e-15,0,1.4210854715202e-14,1,0,2,billPlusDemandChargeEUR,32.0736330123253,,,
StoreNet,2020-02-01,TARIFF_L0.500,tariff,VPP_BM_DEMAND_CHARGE,ok,,"",NaN,NaN,0.5,0.95,0.95,1.73844145833333,60,20,10,DC_SOURCE,0.07,0,10,3.3,60,41.51858796,34.4841490160502,40.884242918,33.4676289027284,20.61477,20.613763,20.613763,14.382616,27.2012562185137,24.3619307219614,6.52787,24.3619307219614,24.3619307219614,282.535378523887,319.999657217267,0,37.3889711782018,39.3822215794944,NaN,NaN,2.93098878501041e-14,1.53523027623947e-16,5.55111512312578e-17,2.93098878501041e-14,0,0,0,1.11022302462516e-16,8.88178419700125e-16,4.44089209850063e-16,6.55031584528842e-15,0,4.9737991503207e-14,1,0,2,billPlusDemandChargeEUR,39.3822176412726,,,
StoreNet,2020-02-01,TARIFF_L1.000,tariff,VPP_BM_DEMAND_CHARGE,ok,,"",NaN,NaN,1,0.95,0.95,2.15222604166667,60,20,10,DC_SOURCE,0.07,0,10,3.3,60,41.51858796,8.83135232137967,40.884242918,7.41681274541714,20.61477,20.613763,20.613763,14.382616,37.8519351783905,11.4522026047358,11.4522026047358,11.4522026047358,2.61348460473581,267.33860748998,75.0089957037198,0,0.00125064313008788,49.3041377831263,NaN,NaN,1.24344978758018e-14,1.53523027623947e-16,0,1.24344978758018e-14,0,0,0,2.22044604925031e-16,0,0,0,0,1.06581410364015e-13,1,0,2,billPlusDemandChargeEUR,49.3041328527129,,,
StoreNet,2020-02-02,ANCHOR_VPP_BM,anchor,VPP_BM,ok,,"",NaN,NaN,NaN,0.95,0.95,1.13372116666667,60,20,10,DC_SOURCE,0.07,1,10,3.3,60,40.97857969,39.2104056751689,38.454787489,35.2207774890075,16.62012,16.6183245,16.6183245,12.9897495,24.9107123536286,82.3908342105263,2.68673971959288e-14,82.3908342105263,82.3908342105263,273.744091798117,301.547372703501,0,42.5392991517608,NaN,NaN,NaN,6.15063555642337e-14,1.24344978758018e-14,4.44089209850063e-16,6.15063555642337e-14,0,0,0,5.32907051820075e-15,0,3.28626015289046e-14,3.05311331771918e-14,0,3.19744231092045e-14,1,2.85235844213373e-16,2,billEUR,24.9107098625576,/Users/guichenxiang/Desktop/電力專案/StoreNet/results/bahloul_vpp_improvement_v2_frontier/storenet_monthly_2020/cases/2020-02-02/ANCHOR_VPP_BM,384fabcf90b428b905a5044e305ddf38937e2b7fd17d972c39a823aad003fa49,0f66292b0aa502284329f6c4f69d9a662bd67da3386b72d890cd45d2994a54ab
StoreNet,2020-02-02,ANCHOR_VPP_BM_PEAK_LEX,anchor,VPP_BM_PEAK_LEX,ok,,"",NaN,NaN,NaN,0.95,0.95,1.73690870833333,60,20,10,DC_SOURCE,0.07,1,10,3.3,60,40.97857969,39.2104056751689,38.454787489,35.2207774890075,16.62012,16.6183245,16.6183245,12.9897495,24.9107123536286,25.1228623866019,1.73238190081526e-05,25.1228623866019,25.1228623866019,273.744072189838,301.548669953895,0,42.5385821098526,NaN,NaN,NaN,5.53029844141406e-14,2.55351295663786e-15,1.99840144432528e-15,5.53029844141406e-14,0,0,0,1.11022302462516e-16,8.88178419700125e-16,3.10862446895044e-15,1.83186799063151e-15,0,3.19744231092045e-14,1,2.85235844213373e-16,3,billEUR,24.9107098625576,/Users/guichenxiang/Desktop/電力專案/StoreNet/results/bahloul_vpp_improvement_v2_frontier/storenet_monthly_2020/cases/2020-02-02/ANCHOR_VPP_BM_PEAK_LEX,ac2ed2c4549848f7ecec649bab60d1567720ce2d19be03e401f9e744726901f6,24dd5ffe080afac4964ec7428aa1bdcc349a785b2d72b50c3544a7bd5da4d892
StoreNet,2020-02-02,ANCHOR_PS,anchor,PS,ok,,"",NaN,NaN,NaN,0.95,0.95,2.03783958333333,60,20,10,DC_SOURCE,0.07,1,10,3.3,60,40.97857969,10.7808860681697,38.454787489,4.92542518477014,16.62012,16.6183245,16.6183245,12.9897495,36.560725701267,10.9869269262222,10.9869269262222,10.9869269262222,3.17637552122216,257.933462833385,56.6387216330603,0,1.35659097686489,NaN,NaN,NaN,1.04360964314765e-14,1.66533453693773e-16,7.49400541621981e-16,1.04360964314765e-14,0,0,0,6.66133814775094e-15,0,0,0,0,3.5527136788005e-14,1,4.20969825790899e-07,3,systemPeakKW,10.9869258275296,/Users/guichenxiang/Desktop/電力專案/StoreNet/results/bahloul_vpp_improvement_v2_frontier/storenet_monthly_2020/cases/2020-02-02/ANCHOR_PS,a92dc26ec27269f4f475fab6a359e3f9c89b8b8ed92ee0ecdb700cc00bf3c9eb,82763cbaf9f178d021775127a390a8623a32728c7da5c1df03d9d9b0687100df
StoreNet,2020-02-02,FRONTIER_R2.000,frontier,IMPROVED_PEAK_GUARD,ok,,"",2,33.236649,NaN,0.95,0.95,1.457599625,60,20,10,DC_SOURCE,0.07,1,10,3.3,60,40.97857969,39.2104056751689,38.454787489,35.2207774890075,16.62012,16.6183245,16.6183245,12.9897495,24.9107123536286,33.236649,4.88498130835069e-15,33.236649,33.236649,273.744091798117,301.547372703494,0,42.539299151764,NaN,7.105427357601e-15,7.105427357601e-15,1.34336985979644e-14,1.36002320516582e-15,8.88178419700125e-16,1.34336985979644e-14,0,0,0,5.32907051820075e-15,0,0,1.34336985979644e-14,0,2.48689957516035e-14,1,0,2,billEUR,24.9107098625576,,,
StoreNet,2020-02-02,FRONTIER_R1.500,frontier,IMPROVED_PEAK_GUARD,ok,,"",1.5,24.92748675,NaN,0.95,0.95,1.90426633333333,60,20,10,DC_SOURCE,0.07,1,10,3.3,60,40.97857969,38.8679409891847,38.454787489,34.8558368056237,16.62012,16.6183245,16.6183245,12.9897495,25.0510495178848,24.92748675,1.6398574968287,24.92748675,24.92748675,273.430155996829,297.836171748383,0,40.7754975445584,NaN,7.105427357601e-15,7.105427357601e-15,1.33226762955019e-15,1.11022302462516e-16,5.55111512312578e-17,1.33226762955019e-15,0,0,0,1.11022302462516e-16,8.88178419700125e-16,4.44089209850063e-16,1.16573417585641e-15,0,1.77635683940025e-14,1,0,2,billEUR,25.05104701278,,,
StoreNet,2020-02-02,FRONTIER_R1.250,frontier,IMPROVED_PEAK_GUARD,ok,,"",1.25,20.772905625,NaN,0.95,0.95,0.878617708333333,60,20,10,DC_SOURCE,0.07,1,10,3.3,60,40.97857969,31.5718219562905,38.454787489,27.0808726271659,16.62012,16.6183245,16.6183245,12.9897495,28.0408954700566,20.772905625,8.66624256825238,20.772905625,20.772905625,266.783905447457,220.151498066837,0,3.24916690408142,NaN,3.5527136788005e-15,3.5527136788005e-15,8.88178419700125e-16,1.11022302462516e-16,1.11022302462516e-16,8.88178419700125e-16,0,0,0,1.11022302462516e-16,8.88178419700125e-16,0,6.24500451351651e-17,0,1.77635683940025e-14,1,0,2,billEUR,28.0408926659673,,,
StoreNet,2020-02-02,FRONTIER_R1.000,frontier,IMPROVED_PEAK_GUARD,ok,,"",1,16.6183245,NaN,0.95,0.95,0.911774041666667,60,20,10,DC_SOURCE,0.07,1,10,3.3,60,40.97857969,23.0641982239982,38.454787489,18.0148925541776,16.62012,16.6183245,16.6183245,12.9897495,31.5271988409193,16.6183245,15.7867075,16.6183245,16.6183245,262.696713757316,144.861966018399,0,1.42541224080043,NaN,3.5527136788005e-15,3.5527136788005e-15,7.49400541621981e-16,3.33066907387547e-16,1.11022302462516e-16,7.49400541621981e-16,0,0,0,1.11022302462516e-16,8.88178419700125e-16,0,0,0,3.5527136788005e-15,1,1.03985237893298e-14,2,billEUR,31.5271956881997,,,
StoreNet,2020-02-02,FRONTIER_R0.900,frontier,IMPROVED_PEAK_GUARD,ok,,"",0.9,14.95649205,NaN,0.95,0.95,0.530793166666667,60,20,10,DC_SOURCE,0.07,1,10,3.3,60,40.97857969,19.6542412028214,38.454787489,14.3811396548347,16.62012,16.6183245,16.6183245,12.9897495,32.924550796237,14.95649205,14.95649205,14.95649205,14.802135505,261.076427838851,113.287077439945,0,1.42544825502739,NaN,3.5527136788005e-15,3.5527136788005e-15,7.105427357601e-15,1.11022302462516e-16,4.44089209850063e-16,7.105427357601e-15,0,0,0,8.88178419700125e-16,0,0,0,0,1.4210854715202e-14,1,0,2,billEUR,32.9245475037822,,,
StoreNet,2020-02-02,FRONTIER_R0.800,frontier,IMPROVED_PEAK_GUARD,ok,,"",0.8,13.2946596,NaN,0.95,0.95,0.712473166666667,60,20,10,DC_SOURCE,0.07,1,10,3.3,60,40.97857969,16.2398379007291,38.454787489,10.7426486646398,16.62012,16.6183245,16.6183245,12.9897495,34.3237247743229,13.2946596,13.218598,13.2946596,12.415743055,259.465533790324,81.7735907275811,0,1.38402431620949,NaN,1.77635683940025e-14,1.77635683940025e-14,1.46410661372443e-14,1.55431223447522e-15,1.10467190950203e-14,1.46410661372443e-14,0,0,0,1.04360964314765e-14,0,0,0,0,1.4210854715202e-14,1,0,2,billEUR,34.3237213419507,,,
StoreNet,2020-02-02,FRONTIER_R0.700,frontier,IMPROVED_PEAK_GUARD,ok,,"",0.7,11.63282715,NaN,0.95,0.95,1.06291529166667,60,20,10,DC_SOURCE,0.07,1,10,3.3,60,40.97857969,12.472749984451,38.454787489,6.72832632777604,16.62012,16.6183245,16.6183245,12.9897495,35.8674238980873,11.63282715,11.63282715,11.63282715,9.27247124500001,258.131932680605,55.5351355220417,0,1.35651128647912,NaN,7.105427357601e-15,7.105427357601e-15,4.44089209850063e-16,4.02455846426619e-16,1.11022302462516e-16,4.44089209850063e-16,0,0,0,2.22044604925031e-16,0,0,0,0,2.8421709430404e-14,1,0,2,billEUR,35.8674203113452,,,
StoreNet,2020-02-02,FRONTIER_R0.600,frontier,IMPROVED_PEAK_GUARD,infeasible,StoreNet:OptimizationFailed,"Optimization failed during bill (exit flag -2).",0.6,9.9709947,NaN,0.95,0.95,0.112562041666667,60,20,10,DC_SOURCE,0.07,1,10,3.3,60,40.97857969,NaN,38.454787489,NaN,16.62012,16.6183245,16.6183245,12.9897495,NaN,NaN,NaN,NaN,NaN,NaN,NaN,NaN,NaN,NaN,NaN,NaN,NaN,NaN,NaN,NaN,NaN,NaN,NaN,NaN,NaN,NaN,NaN,NaN,NaN,NaN,NaN,NaN,,NaN,,,
StoreNet,2020-02-02,FRONTIER_R0.500,frontier,IMPROVED_PEAK_GUARD,infeasible,StoreNet:OptimizationFailed,"Optimization failed during bill (exit flag -2).",0.5,8.30916225,NaN,0.95,0.95,0.098071875,60,20,10,DC_SOURCE,0.07,1,10,3.3,60,40.97857969,NaN,38.454787489,NaN,16.62012,16.6183245,16.6183245,12.9897495,NaN,NaN,NaN,NaN,NaN,NaN,NaN,NaN,NaN,NaN,NaN,NaN,NaN,NaN,NaN,NaN,NaN,NaN,NaN,NaN,NaN,NaN,NaN,NaN,NaN,NaN,NaN,NaN,,NaN,,,
StoreNet,2020-02-02,TARIFF_L0.050,tariff,VPP_BM_DEMAND_CHARGE,ok,,"",NaN,NaN,0.05,0.95,0.95,1.1876805,60,20,10,DC_SOURCE,0.07,1,10,3.3,60,40.97857969,39.2104057012103,38.454787489,35.220777516758,16.62012,16.6183245,16.6183245,12.9897495,24.9107123429572,25.1228660680849,2.66453525910038e-15,25.1228660680849,25.1228660680849,273.744091680848,301.547382323291,0,42.5392941246265,26.1668556463615,NaN,NaN,4.54081217071689e-14,1.11022302462516e-16,4.21884749357559e-15,4.54081217071689e-14,0,0,0,4.44089209850063e-16,1.77635683940025e-15,1.22568621918617e-13,1.73194791841524e-14,0,1.77635683940025e-14,1,0,2,billPlusDemandChargeEUR,26.1668530296761,,,
StoreNet,2020-02-02,TARIFF_L0.100,tariff,VPP_BM_DEMAND_CHARGE,ok,,"",NaN,NaN,0.1,0.95,0.95,1.61722191666667,60,20,10,DC_SOURCE,0.07,1,10,3.3,60,40.97857969,39.2104057246734,38.454787489,35.220777541761,16.62012,16.6183245,16.6183245,12.9897495,24.9107123333424,25.1228660575191,4.44089209850063e-16,25.1228660575191,25.1228660575192,273.744091575191,301.54739099062,0,42.5392895952319,27.4229989390943,NaN,NaN,9.68114477473137e-14,1.11022302462516e-16,1.11022302462516e-16,9.68114477473137e-14,0,0,0,9.68114477473137e-14,8.88178419700125e-16,4.44089209850063e-16,8.27116153345742e-14,0,0,1,8.67126476872255e-15,2,billPlusDemandChargeEUR,27.4229961967947,,,
StoreNet,2020-02-02,TARIFF_L0.200,tariff,VPP_BM_DEMAND_CHARGE,ok,,"",NaN,NaN,0.2,0.95,0.95,1.47833691666667,60,20,10,DC_SOURCE,0.07,1,10,3.3,60,40.97857969,39.210405765258,38.454787489,35.2207775850091,16.62012,16.6183245,16.6183245,12.9897495,24.9107123167114,25.1228660392433,1.11022302462516e-15,25.1228660392433,25.1228660392433,273.744091392433,301.547405982743,0,42.5392817606104,29.9352855245601,NaN,NaN,1.46549439250521e-14,1.11022302462516e-16,4.44089209850063e-16,1.46549439250521e-14,0,0,0,7.105427357601e-15,1.77635683940025e-15,0,1.33226762955019e-14,0,7.105427357601e-15,1,0,2,billPlusDemandChargeEUR,29.9352825310318,,,
StoreNet,2020-02-02,TARIFF_L0.500,tariff,VPP_BM_DEMAND_CHARGE,ok,,"",NaN,NaN,0.5,0.95,0.95,1.87865804166667,60,20,10,DC_SOURCE,0.07,1,10,3.3,60,40.97857969,39.2104058524708,38.454787489,35.2207776779457,16.62012,16.6183245,16.6183245,12.9897495,24.9107122809728,25.1228659999697,2.29866126133516e-12,25.1228659999697,25.1228659999697,273.744090999699,301.547438199874,0,42.5392649244997,37.4721452809577,NaN,NaN,2.4917845564687e-12,1.11022302462516e-16,2.22044604925031e-16,2.4917845564687e-12,0,0,0,4.44089209850063e-16,1.33226762955019e-15,8.08242361927114e-14,1.11022302462516e-15,0,4.47641923528863e-13,1,0,2,billPlusDemandChargeEUR,37.4721415337431,,,
StoreNet,2020-02-02,TARIFF_L1.000,tariff,VPP_BM_DEMAND_CHARGE,ok,,"",NaN,NaN,1,0.95,0.95,1.2831595,60,20,10,DC_SOURCE,0.07,1,10,3.3,60,40.97857969,13.23569161522,38.454787489,7.5413399070145,16.62012,16.6183245,16.6183245,12.9897495,35.5547812539344,11.9452802977879,11.9452802977879,11.9452802977879,7.93998479778787,258.345163465609,59.6926112237365,0,1.35558686842105,47.5000615517223,NaN,NaN,2.03170813506404e-14,1.66533453693773e-16,8.64586180426841e-15,2.03170813506404e-14,0,0,0,3.33066907387547e-16,0,0,0,0,1.4210854715202e-14,1,0,2,billPlusDemandChargeEUR,47.5000568017166,,,
StoreNet,2020-02-15,ANCHOR_VPP_BM,anchor,VPP_BM,ok,,"",NaN,NaN,NaN,0.95,0.95,1.33565425,60,20,10,DC_SOURCE,0.07,1,10,3.3,60,45.63827601,33.4102797168065,44.4048580125,31.5606406655419,21.94988,21.9325045,21.9325045,14.522145,30.3904003371308,82.0704492105263,14.39623,82.0704492105263,82.0704492105263,307.501745588574,320.131319800459,0,42.1688065997704,NaN,NaN,NaN,3.5527136788005e-15,1.11022302462516e-16,0,3.5527136788005e-15,0,0,0,4.44089209850063e-16,0,8.88178419700125e-16,8.88178419700125e-16,0,7.105427357601e-15,1,0,2,billEUR,30.3903972980911,/Users/guichenxiang/Desktop/電力專案/StoreNet/results/bahloul_vpp_improvement_v2_frontier/storenet_monthly_2020/cases/2020-02-15/ANCHOR_VPP_BM,7aba9e697230f4f062a790e551d94fd9e22a5eec00dc362b55e63eb8f6b3b008,2a9950962f1cc9137a62bab406623137f14d410e4a172cea36e5435235617b0c
StoreNet,2020-02-15,ANCHOR_VPP_BM_PEAK_LEX,anchor,VPP_BM_PEAK_LEX,ok,,"",NaN,NaN,NaN,0.95,0.95,3.80271129166667,60,20,10,DC_SOURCE,0.07,1,10,3.3,60,45.63827601,33.4102797168065,44.4048580125,31.5606406655418,21.94988,21.9325045,21.9325045,14.522145,30.3904003371308,25.8390436161279,14.58503,25.8390436161279,25.8390436161279,307.501736844034,320.131898324398,0,42.168486826571,NaN,NaN,NaN,3.83026943495679e-15,7.63278329429795e-16,1.11022302462516e-15,3.83026943495679e-15,0,0,0,4.44089209850063e-16,8.88178419700125e-16,4.44089209850063e-16,8.88178419700125e-16,0,2.1316282072803e-14,1,0,3,billEUR,30.3903972980911,/Users/guichenxiang/Desktop/電力專案/StoreNet/results/bahloul_vpp_improvement_v2_frontier/storenet_monthly_2020/cases/2020-02-15/ANCHOR_VPP_BM_PEAK_LEX,5966ad7533351263216e97a737a44fb52f15964e8a9e85ac49eb024a40a8c241,13951d23585bce126b57d4e9cc3dbfa53907fda5d809aaca290e964baa0eaa16
StoreNet,2020-02-15,ANCHOR_PS,anchor,PS,ok,,"",NaN,NaN,NaN,0.95,0.95,3.159755625,60,20,10,DC_SOURCE,0.07,1,10,3.3,60,45.63827601,8.52785567755551,44.4048580125,5.98706635568758,21.94988,21.9325045,21.9325045,14.522145,41.7463096981428,12.2336818015077,12.2336818015077,12.2336818015077,1.02066480150775,292.587690362119,93.483277093589,0,0.133210821462403,NaN,NaN,NaN,5.84327907697451e-15,1.05818132034585e-16,4.44089209850063e-16,5.84327907697451e-15,0,0,0,2.22044604925031e-16,0,8.88178419700125e-16,0,0,4.9737991503207e-14,1,0,3,systemPeakKW,12.2336805781397,/Users/guichenxiang/Desktop/電力專案/StoreNet/results/bahloul_vpp_improvement_v2_frontier/storenet_monthly_2020/cases/2020-02-15/ANCHOR_PS,953f5b67a19068ab0f9eb0bdca10e26ea8007b0e038ce284c328f61b86d157d3,78667a30a002095daceb0071914955679bedea1d785fd0a5cdfebb7182eac20e
StoreNet,2020-02-15,FRONTIER_R2.000,frontier,IMPROVED_PEAK_GUARD,ok,,"",2,43.865009,NaN,0.95,0.95,1.42279175,60,20,10,DC_SOURCE,0.07,1,10,3.3,60,45.63827601,33.4102797168065,44.4048580125,31.5606406655418,21.94988,21.9325045,21.9325045,14.522145,30.3904003371308,43.865009,14.39623,43.865009,43.865009,307.501745588574,320.131319800456,0,42.1688065997722,NaN,7.105427357601e-15,7.105427357601e-15,3.02535774210355e-15,1.11022302462516e-16,1.11022302462516e-16,3.02535774210355e-15,0,0,0,1.11022302462516e-15,0,4.44089209850063e-16,1.73194791841524e-14,0,2.1316282072803e-14,1,0,2,billEUR,30.3903972980911,,,
StoreNet,2020-02-15,FRONTIER_R1.500,frontier,IMPROVED_PEAK_GUARD,ok,,"",1.5,32.89875675,NaN,0.95,0.95,1.28047845833333,60,20,10,DC_SOURCE,0.07,1,10,3.3,60,45.63827601,33.4102797168065,44.4048580125,31.5606406655418,21.94988,21.9325045,21.9325045,14.522145,30.3904003371308,32.89875675,13.9080436872123,32.89875675,32.89875675,307.501745588574,320.131319800457,0,42.1688065997717,NaN,7.105427357601e-15,7.105427357601e-15,2.22044604925031e-15,1.11022302462516e-16,2.77555756156289e-17,2.22044604925031e-15,0,0,0,4.44089209850063e-16,0,8.88178419700125e-16,3.31679128606766e-15,0,2.1316282072803e-14,1,0,2,billEUR,30.3903972980911,,,
StoreNet,2020-02-15,FRONTIER_R1.250,frontier,IMPROVED_PEAK_GUARD,ok,,"",1.25,27.415630625,NaN,0.95,0.95,1.53590775,60,20,10,DC_SOURCE,0.07,1,10,3.3,60,45.63827601,33.4102797168065,44.4048580125,31.5606406655419,21.94988,21.9325045,21.9325045,14.522145,30.3904003371308,27.415630625,13.951683195,27.415630625,27.415630625,307.501745588574,320.131319800463,0,42.1688065997685,NaN,7.105427357601e-15,7.105427357601e-15,3.19744231092045e-14,1.11022302462516e-16,4.44089209850063e-16,3.19744231092045e-14,0,0,0,4.44089209850063e-16,8.88178419700125e-16,8.88178419700125e-16,2.90878432451791e-14,0,7.105427357601e-15,1,0,2,billEUR,30.3903972980911,,,
StoreNet,2020-02-15,FRONTIER_R1.000,frontier,IMPROVED_PEAK_GUARD,ok,,"",1,21.9325045,NaN,0.95,0.95,0.551747666666667,60,20,10,DC_SOURCE,0.07,1,10,3.3,60,45.63827601,27.2618629842653,44.4048580125,25.2414415413103,21.94988,21.9325045,21.9325045,14.522145,33.196431735773,21.9325045,14.58503,21.9325045,21.9325045,301.224912663778,245.906900659684,0,6.91234853265785,NaN,7.105427357601e-15,7.105427357601e-15,1.77635683940025e-15,1.11022302462516e-16,0,1.77635683940025e-15,0,0,0,2.22044604925031e-16,1.33226762955019e-15,0,4.16333634234434e-17,0,7.105427357601e-15,1,0,2,billEUR,33.1964284161301,,,
StoreNet,2020-02-15,FRONTIER_R0.900,frontier,IMPROVED_PEAK_GUARD,ok,,"",0.9,19.73925405,NaN,0.95,0.95,0.636189958333333,60,20,10,DC_SOURCE,0.07,1,10,3.3,60,45.63827601,23.381552626179,44.4048580125,21.2533491781514,21.94988,21.9325045,21.9325045,14.522145,34.967338487041,19.73925405,17.59514,19.73925405,19.59190755,298.708720848149,208.476422035049,0,0.000833532475254799,NaN,3.5527136788005e-15,3.5527136788005e-15,1.77635683940025e-15,1.11022302462516e-16,0,1.77635683940025e-15,0,0,0,2.22044604925031e-16,8.88178419700125e-16,8.88178419700125e-16,0,0,7.105427357601e-15,1,6.35683390390913e-07,2,billEUR,34.9673349903075,,,
StoreNet,2020-02-15,FRONTIER_R0.800,frontier,IMPROVED_PEAK_GUARD,ok,,"",0.8,17.5460036,NaN,0.95,0.95,0.630097916666667,60,20,10,DC_SOURCE,0.07,1,10,3.3,60,45.63827601,19.3406576000438,44.4048580125,17.1002116435537,21.94988,21.9325045,21.9325045,14.522145,36.811533312343,17.5460036,17.5460036,17.5460036,16.9963691,296.570302610015,166.804568423464,0,0.000881063267930254,NaN,3.5527136788005e-15,3.5527136788005e-15,3.05311331771918e-15,1.11022302462516e-16,2.85882428840978e-15,3.05311331771918e-15,0,0,0,2.22044604925031e-16,8.88178419700125e-16,8.88178419700125e-16,0,0,2.1316282072803e-14,1,7.94492592460182e-07,2,billEUR,36.81152963119,,,
StoreNet,2020-02-15,FRONTIER_R0.700,frontier,IMPROVED_PEAK_GUARD,ok,,"",0.7,15.35275315,NaN,0.95,0.95,1.21548733333333,60,20,10,DC_SOURCE,0.07,1,10,3.3,60,45.63827601,15.2997625739085,44.4048580125,12.947074108956,21.94988,21.9325045,21.9325045,14.522145,38.6557281376449,15.35275315,15.35275315,15.35275315,14.31697115,294.431884371881,125.132582286886,0,0.000996281557031019,NaN,2.30926389122033e-14,2.30926389122033e-14,4.17443857259059e-14,1.11022302462516e-16,0,4.17443857259059e-14,0,0,0,3.10862446895044e-15,8.88178419700125e-16,8.88178419700125e-16,0,0,2.1316282072803e-14,1,0,2,billEUR,38.6557242720725,,,
StoreNet,2020-02-15,FRONTIER_R0.600,frontier,IMPROVED_PEAK_GUARD,ok,,"",0.6,13.1595027,NaN,0.95,0.95,1.08449891666667,60,20,10,DC_SOURCE,0.07,1,10,3.3,60,45.63827601,10.9239973104994,44.4048580125,8.44976476523012,21.94988,21.9325045,21.9325045,14.522145,40.6527519661093,13.1595027,13.1595027,13.1595027,4.53998732572518,292.357779774275,84.7053486675219,0,0.00104775123900531,NaN,5.32907051820075e-15,5.32907051820075e-15,1.2941037130787e-15,1.11022302462516e-16,2.22044604925031e-16,1.2941037130787e-15,0,0,0,4.44089209850063e-16,8.88178419700125e-16,8.88178419700125e-16,0,0,1.4210854715202e-14,1,0,2,billEUR,40.6527479008345,,,
StoreNet,2020-02-15,FRONTIER_R0.500,frontier,IMPROVED_PEAK_GUARD,infeasible,StoreNet:OptimizationFailed,"Optimization failed during bill (exit flag -2).",0.5,10.96625225,NaN,0.95,0.95,0.103723291666667,60,20,10,DC_SOURCE,0.07,1,10,3.3,60,45.63827601,NaN,44.4048580125,NaN,21.94988,21.9325045,21.9325045,14.522145,NaN,NaN,NaN,NaN,NaN,NaN,NaN,NaN,NaN,NaN,NaN,NaN,NaN,NaN,NaN,NaN,NaN,NaN,NaN,NaN,NaN,NaN,NaN,NaN,NaN,NaN,NaN,NaN,,NaN,,,
StoreNet,2020-02-15,TARIFF_L0.050,tariff,VPP_BM_DEMAND_CHARGE,ok,,"",NaN,NaN,0.05,0.95,0.95,1.83502929166667,60,20,10,DC_SOURCE,0.07,1,10,3.3,60,45.63827601,33.4102794337213,44.4048580125,31.5606403745935,21.94988,21.9325045,21.9325045,14.522145,30.390400466326,25.8390452631579,13.65818262295,25.8390452631579,25.8390452631579,307.501746254529,320.131253204994,0,42.1688398975027,31.6823527294839,NaN,NaN,1.4299672557172e-13,1.11022302462516e-16,6.93889390390723e-18,1.4299672557172e-13,0,0,0,8.88178419700125e-16,8.88178419700125e-16,1.02140518265514e-13,1.50296441958631e-14,0,3.5527136788005e-15,1,0,2,billPlusDemandChargeEUR,31.6823495612489,,,
StoreNet,2020-02-15,TARIFF_L0.100,tariff,VPP_BM_DEMAND_CHARGE,ok,,"",NaN,NaN,0.1,0.95,0.95,1.14101441666667,60,20,10,DC_SOURCE,0.07,1,10,3.3,60,45.63827601,33.410279150636,44.4048580125,31.560640083645,21.94988,21.9325045,21.9325045,14.522145,30.3904005955213,25.8390452631579,14.58503,25.8390452631579,25.8390452631579,307.501746920484,320.131186609498,0,42.1688731952508,32.9743051218371,NaN,NaN,7.37188088351104e-14,1.11022302462516e-16,2.22044604925031e-16,7.37188088351104e-14,0,0,0,1.11022302462516e-16,8.88178419700125e-16,4.44089209850063e-16,8.88178419700125e-16,0,3.5527136788005e-14,1,0,2,billPlusDemandChargeEUR,32.9743018244068,,,
StoreNet,2020-02-15,TARIFF_L0.200,tariff,VPP_BM_DEMAND_CHARGE,ok,,"",NaN,NaN,0.2,0.95,0.95,2.229023125,60,20,10,DC_SOURCE,0.07,1,10,3.3,60,45.63827601,33.4102785844655,44.4048580125,31.5606395017482,21.94988,21.9325045,21.9325045,14.522145,30.3904008539117,25.8390452631579,13.61623,25.8390452631579,25.8390452631579,307.501748252393,320.131053418547,0,42.1689397907266,35.5582099065433,NaN,NaN,3.07809333577325e-13,1.06858966120171e-15,6.93889390390723e-18,3.07809333577325e-13,0,0,0,1.11022302462516e-16,8.88178419700125e-16,4.44089209850063e-16,7.99360577730113e-15,0,2.1316282072803e-14,1,0,2,billPlusDemandChargeEUR,35.5582063507226,,,
StoreNet,2020-02-15,TARIFF_L0.500,tariff,VPP_BM_DEMAND_CHARGE,ok,,"",NaN,NaN,0.5,0.95,0.95,2.45679529166667,60,20,10,DC_SOURCE,0.07,1,10,3.3,60,45.63827601,33.410276885954,44.4048580125,31.5606377560578,21.94988,21.9325045,21.9325045,14.522145,30.3904016290831,25.8390452631579,10.89459883,25.8390452631579,25.8390452631579,307.501752248122,320.130653845681,0,42.1691395771598,43.309924260662,NaN,NaN,9.76996261670138e-15,1.11022302462516e-16,0,9.76996261670138e-15,0,0,0,4.44089209850063e-16,8.88178419700125e-16,6.66133814775094e-15,1.16573417585641e-15,0,2.8421709430404e-14,1,0,2,billPlusDemandChargeEUR,43.30991992967,,,
StoreNet,2020-02-15,TARIFF_L1.000,tariff,VPP_BM_DEMAND_CHARGE,ok,,"",NaN,NaN,1,0.95,0.95,3.66303525,60,20,10,DC_SOURCE,0.07,1,10,3.3,60,45.63827601,10.3646519432725,44.4048580125,7.87488266005077,21.94988,21.9325045,21.9325045,14.522145,40.9080275486535,12.8943556213029,12.8943556213029,12.8943556213029,4.12795562130289,292.125119683452,80.1706865484482,0,0.00137128791541501,53.8023831699564,NaN,NaN,8.93729534823251e-15,1.38777878078145e-16,0,8.93729534823251e-15,0,0,0,2.22044604925031e-16,0,8.88178419700125e-16,0,0,7.105427357601e-14,1,0,2,billPlusDemandChargeEUR,53.8023777897185,,,
StoreNet,2020-02-16,ANCHOR_VPP_BM,anchor,VPP_BM,ok,,"",NaN,NaN,NaN,0.95,0.95,1.85047079166667,60,20,10,DC_SOURCE,0.07,1,10,3.3,60,44.743993995,38.1196035585614,42.037681107,34.135851125173,17.74034,17.7310015,17.7310015,13.166305,27.6877608678395,74.2410157894737,7.85275995324353,74.2410157894737,74.2410157894737,290.076693673081,319.999926761192,0,53.6424257115661,NaN,NaN,NaN,1.94462501657e-15,1.52655665885959e-16,6.10622663543836e-16,1.94462501657e-15,0,0,0,1.11022302462516e-16,0,4.44089209850063e-16,4.44089209850063e-16,0,0,1,0,2,billEUR,27.6877580990637,/Users/guichenxiang/Desktop/電力專案/StoreNet/results/bahloul_vpp_improvement_v2_frontier/storenet_monthly_2020/cases/2020-02-16/ANCHOR_VPP_BM,90cf1b3f8637c141ac74bb4f9695aa6a08b019e3571113ffe41594977d338cb9,1a8a0b29e8455585d30a520fd02a8d15d27d9765eb12167532194be8b66d1fdf
StoreNet,2020-02-16,ANCHOR_VPP_BM_PEAK_LEX,anchor,VPP_BM_PEAK_LEX,ok,,"",NaN,NaN,NaN,0.95,0.95,2.25052266666667,60,20,10,DC_SOURCE,0.07,1,10,3.3,60,44.743993995,38.1196035585613,42.037681107,34.135851125173,17.74034,17.7310015,17.7310015,13.166305,27.6877608678395,25.3931934478029,9.1120055,25.3931934478029,25.3931934478029,290.076693673081,319.999926761191,0,53.6424257115657,NaN,NaN,NaN,4.66293670342566e-15,1.55431223447522e-15,1.27675647831893e-15,4.66293670342566e-15,0,0,0,1.77635683940025e-15,1.33226762955019e-15,6.66133814775094e-15,2.55351295663786e-15,0,2.8421709430404e-14,1,0,3,billEUR,27.6877580990637,/Users/guichenxiang/Desktop/電力專案/StoreNet/results/bahloul_vpp_improvement_v2_frontier/storenet_monthly_2020/cases/2020-02-16/ANCHOR_VPP_BM_PEAK_LEX,f7a36ef1f3c0994945b62ddf24cd4198fb67ba6ecc1b74385e47d79efcdd6815,72cb60f4b20feb6acd9d9bb045bc578642e5b7051ce9205a9b597ce3b261ccb8
StoreNet,2020-02-16,ANCHOR_PS,anchor,PS,ok,,"",NaN,NaN,NaN,0.95,0.95,2.8199625,60,20,10,DC_SOURCE,0.07,1,10,3.3,60,44.743993995,12.8232363383989,42.037681107,7.21094772450021,17.74034,17.7310015,17.7310015,13.166305,39.0063658977821,11.4315786141175,11.4315786141175,11.4315786141175,0.98496061411749,273.37291815246,72.7203910051319,0,0.000907300037706463,NaN,NaN,NaN,1.41553435639707e-15,4.02455846426619e-16,5.55111512312578e-17,1.41553435639707e-15,0,0,0,1.11022302462516e-16,0,0,0,0,7.105427357601e-15,1,0,3,systemPeakKW,11.4315774709597,/Users/guichenxiang/Desktop/電力專案/StoreNet/results/bahloul_vpp_improvement_v2_frontier/storenet_monthly_2020/cases/2020-02-16/ANCHOR_PS,341b1be553ff3c1706177014feb1af335197e3d54019009ebdd0d1e5143b4cb2,b14ddd8fc2b9491f23cdcdf26c0dc524bf7b9817ad2f26f4e3b6dcf8183bfa0a
StoreNet,2020-02-16,FRONTIER_R2.000,frontier,IMPROVED_PEAK_GUARD,ok,,"",2,35.462003,NaN,0.95,0.95,1.08051920833333,60,20,10,DC_SOURCE,0.07,1,10,3.3,60,44.743993995,38.1196035585613,42.037681107,34.135851125173,17.74034,17.7310015,17.7310015,13.166305,27.6877608678395,35.462003,10.299308,35.462003,35.462003,290.076693673081,319.999926761191,0,53.6424257115657,NaN,1.4210854715202e-14,1.4210854715202e-14,5.10702591327572e-15,1.11022302462516e-16,4.88498130835069e-15,5.10702591327572e-15,0,0,0,1.11022302462516e-16,0,4.44089209850063e-16,6.38378239159465e-16,0,2.48689957516035e-14,1,0,2,billEUR,27.6877580990637,,,
StoreNet,2020-02-16,FRONTIER_R1.500,frontier,IMPROVED_PEAK_GUARD,ok,,"",1.5,26.59650225,NaN,0.95,0.95,1.418988625,60,20,10,DC_SOURCE,0.07,1,10,3.3,60,44.743993995,38.1196035585613,42.037681107,34.135851125173,17.74034,17.7310015,17.7310015,13.166305,27.6877608678395,26.59650225,9.9419935,26.59650225,26.59650225,290.076693673081,319.999926761191,0,53.6424257115658,NaN,1.06581410364015e-14,1.06581410364015e-14,3.99680288865056e-15,1.11022302462516e-16,1.11022302462516e-16,3.99680288865056e-15,0,0,0,1.11022302462516e-16,8.88178419700125e-16,4.44089209850063e-16,4.44089209850063e-16,0,2.1316282072803e-14,1,0,2,billEUR,27.6877580990637,,,
StoreNet,2020-02-16,FRONTIER_R1.250,frontier,IMPROVED_PEAK_GUARD,ok,,"",1.25,22.163751875,NaN,0.95,0.95,1.064040125,60,20,10,DC_SOURCE,0.07,1,10,3.3,60,44.743993995,32.9352689211943,42.037681107,28.6177580293149,17.74034,17.7310015,17.7310015,13.166305,30.0074392466637,22.163751875,11.169615,22.163751875,22.163751875,284.887785793643,258.640505750249,0,24.4967007313685,NaN,7.105427357601e-15,7.105427357601e-15,8.21565038222616e-15,1.11022302462516e-16,1.11022302462516e-16,8.21565038222616e-15,0,0,0,3.10862446895044e-15,7.105427357601e-15,4.44089209850063e-16,1.11022302462516e-15,0,2.1316282072803e-14,1,0,2,billEUR,30.0074362459201,,,
StoreNet,2020-02-16,FRONTIER_R1.000,frontier,IMPROVED_PEAK_GUARD,ok,,"",1,17.7310015,NaN,0.95,0.95,0.586613,60,20,10,DC_SOURCE,0.07,1,10,3.3,60,44.743993995,25.2498635619768,42.037681107,20.4375796230253,17.74034,17.7310015,17.7310015,13.166305,33.4461965590834,17.7310015,15.0292,17.7310015,17.6816411081391,279.078655531358,183.392302864217,0,0.0459565678914837,NaN,7.105427357601e-15,7.105427357601e-15,1.75970349403087e-14,1.75970349403087e-14,8.88178419700125e-16,4.44089209850063e-15,0,0,0,2.22044604925031e-15,8.88178419700125e-16,0,0,0,0,1,7.28394988429817e-15,2,billEUR,33.4461932144641,,,
StoreNet,2020-02-16,FRONTIER_R0.900,frontier,IMPROVED_PEAK_GUARD,ok,,"",0.9,15.95790135,NaN,0.95,0.95,0.596715833333333,60,20,10,DC_SOURCE,0.07,1,10,3.3,60,44.743993995,21.917770744368,42.037681107,16.8909724578398,17.74034,17.7310015,17.7310015,13.166305,34.9371079693021,15.95790135,15.706749,15.95790135,15.9085766939137,277.349883653619,149.703323163089,0,0.0459949934555914,NaN,8.88178419700125e-15,8.88178419700125e-15,1.08801856413265e-14,9.99200722162641e-16,1.77635683940025e-15,1.08801856413265e-14,0,0,0,2.99760216648792e-15,8.88178419700125e-16,0,0,0,0,1,0,2,billEUR,34.9371044755917,,,
StoreNet,2020-02-16,FRONTIER_R0.800,frontier,IMPROVED_PEAK_GUARD,ok,,"",0.8,14.1848012,NaN,0.95,0.95,0.622075416666667,60,20,10,DC_SOURCE,0.07,1,10,3.3,60,44.743993995,18.5856779267593,42.037681107,13.3443652926543,17.74034,17.7310015,17.7310015,13.166305,36.4280193795208,14.1848012,14.1848012,14.1848012,13.6926422796865,275.62111177588,116.014343461964,0,0.0460334190177861,NaN,1.06581410364015e-14,1.06581410364015e-14,7.105427357601e-15,1.11022302462516e-16,7.7715611723761e-16,7.105427357601e-15,0,0,0,2.22044604925031e-15,8.88178419700125e-16,0,0,0,0,1,7.80215689918984e-16,2,billEUR,36.4280157367192,,,
StoreNet,2020-02-16,FRONTIER_R0.700,frontier,IMPROVED_PEAK_GUARD,ok,,"",0.7,12.41170105,NaN,0.95,0.95,1.28495625,60,20,10,DC_SOURCE,0.07,1,10,3.3,60,44.743993995,15.0614123770557,42.037681107,9.59321364869593,17.74034,17.7310015,17.7310015,13.166305,38.004916545448,12.41170105,12.41170105,12.41170105,11.0708399924855,273.934925201536,82.3239965389018,0,0.000979508048909245,NaN,7.105427357601e-15,7.105427357601e-15,1.32005517627931e-13,1.32005517627931e-13,1.77635683940025e-15,9.10382880192628e-15,0,0,0,3.21964677141295e-15,8.88178419700125e-16,0,0,0,0,1,0,2,billEUR,38.0049127449567,,,
StoreNet,2020-02-16,FRONTIER_R0.600,frontier,IMPROVED_PEAK_GUARD,infeasible,StoreNet:OptimizationFailed,"Optimization failed during bill (exit flag -2).",0.6,10.6386009,NaN,0.95,0.95,0.123839875,60,20,10,DC_SOURCE,0.07,1,10,3.3,60,44.743993995,NaN,42.037681107,NaN,17.74034,17.7310015,17.7310015,13.166305,NaN,NaN,NaN,NaN,NaN,NaN,NaN,NaN,NaN,NaN,NaN,NaN,NaN,NaN,NaN,NaN,NaN,NaN,NaN,NaN,NaN,NaN,NaN,NaN,NaN,NaN,NaN,NaN,,NaN,,,
StoreNet,2020-02-16,FRONTIER_R0.500,frontier,IMPROVED_PEAK_GUARD,infeasible,StoreNet:OptimizationFailed,"Optimization failed during bill (exit flag -2).",0.5,8.86550075,NaN,0.95,0.95,0.105232041666667,60,20,10,DC_SOURCE,0.07,1,10,3.3,60,44.743993995,NaN,42.037681107,NaN,17.74034,17.7310015,17.7310015,13.166305,NaN,NaN,NaN,NaN,NaN,NaN,NaN,NaN,NaN,NaN,NaN,NaN,NaN,NaN,NaN,NaN,NaN,NaN,NaN,NaN,NaN,NaN,NaN,NaN,NaN,NaN,NaN,NaN,,NaN,,,
StoreNet,2020-02-16,TARIFF_L0.050,tariff,VPP_BM_DEMAND_CHARGE,ok,,"",NaN,NaN,0.05,0.95,0.95,1.41252083333333,60,20,10,DC_SOURCE,0.07,1,10,3.3,60,44.743993995,38.1196027905948,42.037681107,34.1358503077661,17.74034,17.7310015,17.7310015,13.166305,27.6877612114584,25.3931904300995,6.9563694,25.3931904300995,25.3931904300995,290.076692904437,319.99991767189,0,53.6424213941475,28.9574207329634,NaN,NaN,2.27595720048157e-14,1.52655665885959e-16,1.11022302462516e-16,2.27595720048157e-14,0,0,0,4.44089209850063e-16,8.88178419700125e-16,1.95399252334028e-14,1.22124532708767e-15,0,1.4210854715202e-14,1,0,2,billPlusDemandChargeEUR,28.9574178372216,,,
StoreNet,2020-02-16,TARIFF_L0.100,tariff,VPP_BM_DEMAND_CHARGE,ok,,"",NaN,NaN,0.1,0.95,0.95,1.48248191666667,60,20,10,DC_SOURCE,0.07,1,10,3.3,60,44.743993995,38.1196018984202,42.037681107,34.1358493581549,17.74034,17.7310015,17.7310015,13.166305,27.6877616106529,25.3931898743431,6.79829953804514,25.3931898743431,25.3931898743431,290.076692011476,319.999907112518,0,53.6424163784461,30.2270805980872,NaN,NaN,1.4210854715202e-14,1.11022302462516e-16,3.33066907387547e-16,1.4210854715202e-14,0,0,0,4.44089209850063e-16,8.88178419700125e-16,1.33226762955019e-15,1.0547118733939e-15,0,1.4210854715202e-14,1,0,2,billPlusDemandChargeEUR,30.2270775753795,,,
StoreNet,2020-02-16,TARIFF_L0.200,tariff,VPP_BM_DEMAND_CHARGE,ok,,"",NaN,NaN,0.2,0.95,0.95,1.31149858333333,60,20,10,DC_SOURCE,0.07,1,10,3.3,60,44.743993995,38.1195995976574,42.037681107,34.135846909273,17.74034,17.7310015,17.7310015,13.166305,27.6877626401061,25.3931884411442,7.71980029724187,25.3931884411442,25.3931884411442,290.076689708683,319.999879881739,0,53.6424034438259,32.7664003283349,NaN,NaN,1.76664238793478e-14,2.22044604925031e-16,8.88178419700125e-16,1.76664238793478e-14,0,0,0,1.11022302462516e-16,8.88178419700125e-16,4.44089209850063e-16,1.33226762955019e-15,0,0,1,0,2,billPlusDemandChargeEUR,32.7663970516953,,,
StoreNet,2020-02-16,TARIFF_L0.500,tariff,VPP_BM_DEMAND_CHARGE,ok,,"",NaN,NaN,0.5,0.95,0.95,1.69505725,60,20,10,DC_SOURCE,0.07,1,10,3.3,60,44.743993995,38.1195800474727,42.037681107,34.1358261004813,17.74034,17.7310015,17.7310015,13.166305,27.6877713876396,25.3931762628772,8.98466,25.3931762628772,25.3931762628772,290.076670141253,319.999648494666,0,53.6422935349665,40.3843595190782,NaN,NaN,3.63320484808582e-14,1.11022302462516e-16,1.11022302462516e-16,3.63320484808582e-14,0,0,0,4.44089209850063e-16,8.88178419700125e-16,4.44089209850063e-16,1.3912482277334e-15,0,0,1,0,2,billPlusDemandChargeEUR,40.3843554806426,,,
StoreNet,2020-02-16,TARIFF_L1.000,tariff,VPP_BM_DEMAND_CHARGE,ok,,"",NaN,NaN,1,0.95,0.95,2.8004165,60,20,10,DC_SOURCE,0.07,1,10,3.3,60,44.743993995,13.9148333362338,42.037681107,8.37281984089412,17.74034,17.7310015,17.7310015,13.166305,38.5179418026213,11.883567159094,11.883567159094,11.883567159094,6.62622020829888,273.494974473582,73.2105287159505,0,0,50.4015089617153,NaN,NaN,2.22044604925031e-14,1.66533453693773e-16,2.22044604925031e-14,4.88498130835069e-15,0,0,0,0,0,0,0,0,0,1,0,2,billPlusDemandChargeEUR,50.401503921565,,,
StoreNet,2020-03-01,ANCHOR_VPP_BM,anchor,VPP_BM,ok,,"",NaN,NaN,NaN,0.95,0.95,1.93525945833333,60,20,10,DC_SOURCE,0.07,0,10,3.3,60,41.80438889,43.3350698801991,38.226946004,38.0321207217297,17.58411,17.5689575,17.5689575,11.0527965,23.6884277515283,79.2240289631067,4.44089209850063e-16,79.2240289631067,79.2240289631067,260.312392873937,293.904715593724,0,46.2947905771071,NaN,NaN,NaN,2.66453525910038e-15,2.22044604925031e-16,4.44089209850063e-16,2.66453525910038e-15,0,0,0,1.77635683940025e-15,0,4.44089209850063e-16,2.22044604925031e-15,0,0,1,0,2,billEUR,23.6884253826858,/Users/guichenxiang/Desktop/電力專案/StoreNet/results/bahloul_vpp_improvement_v2_frontier/storenet_monthly_2020/cases/2020-03-01/ANCHOR_VPP_BM,ac617e6dc7e554adde0d4e8f7325b8f0c3959f8c9becf41afb1a8e57b1f62687,f2c49133e01e54949d894ea341a340e0668eed91bf86cc5894fb44f0fa6a9295
StoreNet,2020-03-01,ANCHOR_VPP_BM_PEAK_LEX,anchor,VPP_BM_PEAK_LEX,ok,,"",NaN,NaN,NaN,0.95,0.95,1.71676125,60,20,10,DC_SOURCE,0.07,0,10,3.3,60,41.80438889,43.3350698801991,38.226946004,38.0321207217296,17.58411,17.5689575,17.5689575,11.0527965,23.6884277515283,24.0142007878007,1.64156170620045e-05,24.0142007878007,24.0142007878007,260.312374293624,293.905944835711,0,46.294111126152,NaN,NaN,NaN,6.66133814775094e-15,2.22044604925031e-16,1.66533453693773e-15,6.66133814775094e-15,0,0,0,2.22044604925031e-16,8.88178419700125e-16,4.44089209850063e-16,4.10782519111308e-15,0,3.5527136788005e-15,1,0,3,billEUR,23.6884253826858,/Users/guichenxiang/Desktop/電力專案/StoreNet/results/bahloul_vpp_improvement_v2_frontier/storenet_monthly_2020/cases/2020-03-01/ANCHOR_VPP_BM_PEAK_LEX,675296df2445e3f0a116370da25792fe5faab52e71412273e854268c0ad70bc9,08e2b0199f22c76baec9947f859e3793f6a465f4e309422d78820d29f459f894
StoreNet,2020-03-01,ANCHOR_PS,anchor,PS,ok,,"",NaN,NaN,NaN,0.95,0.95,2.56175816666667,60,20,10,DC_SOURCE,0.07,0,10,3.3,60,41.80438889,18.4536272004443,38.226946004,10.8221650579977,17.58411,17.5689575,17.5689575,11.0527965,34.0899628108155,11.0466451046644,11.0466451046644,11.0466451046644,9.25413132436344,245.080171745463,62.8766431910846,0,3.24694105457158,NaN,NaN,NaN,2.88657986402541e-15,1.11022302462516e-15,4.44089209850063e-16,2.88657986402541e-15,0,0,0,2.77555756156289e-15,0,0,0,0,1.4210854715202e-14,1,0,3,systemPeakKW,11.046644,/Users/guichenxiang/Desktop/電力專案/StoreNet/results/bahloul_vpp_improvement_v2_frontier/storenet_monthly_2020/cases/2020-03-01/ANCHOR_PS,6c97a22729a48365a7b963f28066fb6a2da1c5325df771a652da0cc0ed17ea59,b264228db89fdc357b7483b75a36be550108ddcbe9ace31a2e6b9fa744f1c059
StoreNet,2020-03-01,FRONTIER_R2.000,frontier,IMPROVED_PEAK_GUARD,ok,,"",2,35.137915,NaN,0.95,0.95,2.06633491666667,60,20,10,DC_SOURCE,0.07,0,10,3.3,60,41.80438889,43.3350698801991,38.226946004,38.0321207217296,17.58411,17.5689575,17.5689575,11.0527965,23.6884277515283,35.137915,4.44089209850063e-16,35.137915,35.137915,260.312392873937,293.904715593718,0,46.2947905771101,NaN,7.105427357601e-15,7.105427357601e-15,4.71844785465692e-15,2.22044604925031e-16,9.36750677027476e-17,4.71844785465692e-15,0,0,0,2.22044604925031e-16,0,1.33226762955019e-15,1.33226762955019e-15,0,0,1,0,2,billEUR,23.6884253826858,,,
StoreNet,2020-03-01,FRONTIER_R1.500,frontier,IMPROVED_PEAK_GUARD,ok,,"",1.5,26.35343625,NaN,0.95,0.95,1.32296208333333,60,20,10,DC_SOURCE,0.07,0,10,3.3,60,41.80438889,43.335069880199,38.226946004,38.0321207217296,17.58411,17.5689575,17.5689575,11.0527965,23.6884277515283,26.35343625,6.66133814775094e-16,26.35343625,26.35343625,260.312392873938,293.904715593696,0,46.2947905771219,NaN,3.5527136788005e-15,3.5527136788005e-15,4.44089209850063e-15,2.22044604925031e-16,2.22044604925031e-16,4.44089209850063e-15,0,0,0,2.22044604925031e-16,4.44089209850063e-16,8.88178419700125e-16,2.1094237467878e-15,0,7.105427357601e-15,1,0,2,billEUR,23.6884253826858,,,
StoreNet,2020-03-01,FRONTIER_R1.250,frontier,IMPROVED_PEAK_GUARD,ok,,"",1.25,21.961196875,NaN,0.95,0.95,1.547945625,60,20,10,DC_SOURCE,0.07,0,10,3.3,60,41.80438889,39.8075598804747,38.226946004,34.1744910846037,17.58411,17.5689575,17.5689575,11.0527965,25.1630817499467,21.961196875,7.49474670632478,21.961196875,21.961196875,257.013714336066,254.898462559053,0,27.7659547798485,NaN,3.5527136788005e-15,3.5527136788005e-15,3.88578058618805e-14,2.22044604925031e-16,2.22044604925031e-16,3.88578058618805e-14,0,0,0,2.22044604925031e-16,8.88178419700125e-16,0,1.11022302462516e-15,0,1.06581410364015e-14,1,0,2,billEUR,25.1630792336388,,,
StoreNet,2020-03-01,FRONTIER_R1.000,frontier,IMPROVED_PEAK_GUARD,ok,,"",1,17.5689575,NaN,0.95,0.95,0.736039458333333,60,20,10,DC_SOURCE,0.07,0,10,3.3,60,41.80438889,31.5897800503455,38.226946004,25.1876558873799,17.58411,17.5689575,17.5689575,11.0527965,28.5984743882579,17.5689575,12.2011295,17.5689575,17.5689575,251.402302387928,186.693207457245,0,3.33508502137746,NaN,0,0,1.55431223447522e-15,2.22044604925031e-16,0,1.55431223447522e-15,0,0,0,1.11022302462516e-15,8.88178419700125e-16,0,9.71445146547012e-17,0,0,1,0,2,billEUR,28.5984715284108,,,
StoreNet,2020-03-01,FRONTIER_R0.900,frontier,IMPROVED_PEAK_GUARD,ok,,"",0.9,15.81206175,NaN,0.95,0.95,0.863386583333333,60,20,10,DC_SOURCE,0.07,0,10,3.3,60,41.80438889,28.0559742028225,38.226946004,21.3231412097976,17.58411,17.5689575,17.5689575,11.0527965,30.075760327374,15.81206175,14.3705905,15.81206175,15.81206175,249.689329793165,153.3121120585,0,3.33512309575018,NaN,7.105427357601e-15,7.105427357601e-15,2.22044604925031e-15,2.22044604925031e-16,2.22044604925031e-16,2.22044604925031e-15,0,0,0,2.22044604925031e-16,8.88178419700125e-16,4.44089209850063e-16,2.08166817117217e-16,0,0,1,4.44923116100193e-15,2,billEUR,30.0757573197983,,,
StoreNet,2020-03-01,FRONTIER_R0.800,frontier,IMPROVED_PEAK_GUARD,ok,,"",0.8,14.055166,NaN,0.95,0.95,0.845718708333333,60,20,10,DC_SOURCE,0.07,0,10,3.3,60,41.80438889,24.5221683552994,38.226946004,17.4586265322151,17.58411,17.5689575,17.5689575,11.0527965,31.5530462664901,14.055166,14.055166,14.055166,14.055166,247.976357198403,119.931016659737,0,3.33516117013134,NaN,8.88178419700125e-15,8.88178419700125e-15,2.22044604925031e-15,7.7715611723761e-16,0,2.22044604925031e-15,0,0,0,2.22044604925031e-16,0,0,7.21428125571855e-16,0,7.105427357601e-15,1,3.31777335928512e-14,2,billEUR,31.5530431111858,,,
StoreNet,2020-03-01,FRONTIER_R0.700,frontier,IMPROVED_PEAK_GUARD,ok,,"",0.7,12.29827025,NaN,0.95,0.95,1.50219454166667,60,20,10,DC_SOURCE,0.07,0,10,3.3,60,41.80438889,20.9883625077764,38.226946004,13.5941118546327,17.58411,17.5689575,17.5689575,11.0527965,33.0303322056062,12.29827025,12.29827025,12.29827025,11.9563559881579,246.26338460364,86.5499212609864,0,3.33519924450683,NaN,5.32907051820075e-15,5.32907051820075e-15,3.99680288865056e-15,9.99200722162641e-16,4.44089209850063e-16,3.99680288865056e-15,0,0,0,1.77635683940025e-15,0,4.44089209850063e-16,0,0,7.105427357601e-15,1,0,2,billEUR,33.0303289025733,,,
StoreNet,2020-03-01,FRONTIER_R0.600,frontier,IMPROVED_PEAK_GUARD,infeasible,StoreNet:OptimizationFailed,"Optimization failed during bill (exit flag -2).",0.6,10.5413745,NaN,0.95,0.95,0.112023166666667,60,20,10,DC_SOURCE,0.07,0,10,3.3,60,41.80438889,NaN,38.226946004,NaN,17.58411,17.5689575,17.5689575,11.0527965,NaN,NaN,NaN,NaN,NaN,NaN,NaN,NaN,NaN,NaN,NaN,NaN,NaN,NaN,NaN,NaN,NaN,NaN,NaN,NaN,NaN,NaN,NaN,NaN,NaN,NaN,NaN,NaN,,NaN,,,
StoreNet,2020-03-01,FRONTIER_R0.500,frontier,IMPROVED_PEAK_GUARD,infeasible,StoreNet:OptimizationFailed,"Optimization failed during bill (exit flag -2).",0.5,8.78447875,NaN,0.95,0.95,0.0425623333333333,60,20,10,DC_SOURCE,0.07,0,10,3.3,60,41.80438889,NaN,38.226946004,NaN,17.58411,17.5689575,17.5689575,11.0527965,NaN,NaN,NaN,NaN,NaN,NaN,NaN,NaN,NaN,NaN,NaN,NaN,NaN,NaN,NaN,NaN,NaN,NaN,NaN,NaN,NaN,NaN,NaN,NaN,NaN,NaN,NaN,NaN,,NaN,,,
StoreNet,2020-03-01,TARIFF_L0.050,tariff,VPP_BM_DEMAND_CHARGE,ok,,"",NaN,NaN,0.05,0.95,0.95,1.53428316666667,60,20,10,DC_SOURCE,0.07,0,10,3.3,60,41.80438889,43.3350699030673,38.226946004,38.0321207467379,17.58411,17.5689575,17.5689575,11.0527965,23.6884277419684,24.0142042768884,2.66453525910038e-15,24.0142042768884,24.0142042768884,260.312392768884,293.904724211554,0,46.2947860735797,24.8891379558128,NaN,NaN,4.2854608750531e-14,1.33226762955019e-15,4.44089209850063e-16,4.2854608750531e-14,0,0,0,2.22044604925031e-16,8.88178419700125e-16,4.44089209850063e-16,2.1094237467878e-15,0,0,1,0,2,billPlusDemandChargeEUR,24.8891354668993,,,
StoreNet,2020-03-01,TARIFF_L0.100,tariff,VPP_BM_DEMAND_CHARGE,ok,,"",NaN,NaN,0.1,0.95,0.95,1.305557625,60,20,10,DC_SOURCE,0.07,0,10,3.3,60,41.80438889,43.3350699236713,38.226946004,38.0321207692702,17.58411,17.5689575,17.5689575,11.0527965,23.688427733355,24.0142042674231,1.14352971536391e-14,24.0142042674231,24.0142042674233,260.312392674231,293.904731976128,0,46.2947820159494,26.0898481600973,NaN,NaN,1.81188397618826e-13,2.22044604925031e-16,5.55111512312578e-16,1.81188397618826e-13,0,0,0,2.22044604925031e-16,8.88178419700125e-16,4.44089209850063e-16,1.61204383175573e-13,0,0,1,0,2,billPlusDemandChargeEUR,26.0898455511128,,,
StoreNet,2020-03-01,TARIFF_L0.200,tariff,VPP_BM_DEMAND_CHARGE,ok,,"",NaN,NaN,0.2,0.95,0.95,1.91202275,60,20,10,DC_SOURCE,0.07,0,10,3.3,60,41.80438889,43.3350699593108,38.226946004,38.032120808245,17.58411,17.5689575,17.5689575,11.0527965,23.6884277184561,24.0142042510508,3.56048523997288e-13,24.0142042510508,24.0142042510514,260.312392510508,293.904745406764,0,46.294774997334,28.4912685686663,NaN,NaN,5.6887827781793e-13,2.22044604925031e-16,5.55111512312578e-17,5.6887827781793e-13,0,0,0,1.77635683940025e-15,8.88178419700125e-16,4.44089209850063e-16,5.3973492342152e-13,0,0,1,0,2,billPlusDemandChargeEUR,28.4912657195398,,,
StoreNet,2020-03-01,TARIFF_L0.500,tariff,VPP_BM_DEMAND_CHARGE,ok,,"",NaN,NaN,0.5,0.95,0.95,1.28532991666667,60,20,10,DC_SOURCE,0.07,0,10,3.3,60,41.80438889,43.3350700358974,38.226946004,38.0321208919988,17.58411,17.5689575,17.5689575,11.0527965,23.6884276864396,24.0142042158677,1.22124532708767e-15,24.0142042158677,24.0142042158678,260.312392158677,293.904774268316,0,46.2947599147917,35.6955297943735,NaN,NaN,1.05249142734465e-13,2.22044604925031e-16,4.44089209850063e-16,1.05249142734465e-13,0,0,0,2.22044604925031e-16,8.88178419700125e-16,4.44089209850063e-16,1.00142116821189e-13,0,0,1,0,2,billPlusDemandChargeEUR,35.6955262248208,,,
StoreNet,2020-03-01,TARIFF_L1.000,tariff,VPP_BM_DEMAND_CHARGE,ok,,"",NaN,NaN,1,0.95,0.95,2.244711875,60,20,10,DC_SOURCE,0.07,0,10,3.3,60,41.80438889,18.4536222617385,38.226946004,10.8221596571065,17.58411,17.5689575,17.5689575,11.0527965,34.0899648754112,11.046644,11.046644,11.046644,6.54128498568509,245.080176522738,62.8760547761724,0,3.24722576191378,45.1366088754112,NaN,NaN,2.35367281220533e-14,2.22044604925031e-16,2.77555756156289e-17,2.35367281220533e-14,0,0,0,2.22044604925031e-16,0,4.44089209850063e-16,0,0,2.1316282072803e-14,1,0,2,billPlusDemandChargeEUR,45.1366043617508,,,
StoreNet,2020-03-02,ANCHOR_VPP_BM,anchor,VPP_BM,ok,,"",NaN,NaN,NaN,0.95,0.95,1.12836329166667,60,20,10,DC_SOURCE,0.07,1,10,3.3,60,42.35766349,39.9515097586162,39.7284568165,35.9775348316395,17.91524,17.902966,17.902966,15.534082,25.4351374272709,78.3341842105263,2.97210454829333e-05,78.3341842105263,78.3341842105263,279.50697105498,281.695404734475,0,47.8373459988758,NaN,NaN,NaN,4.8017145815038e-15,1.99840144432528e-15,6.66133814775094e-16,4.8017145815038e-15,0,0,0,2.22044604925031e-16,0,0,1.86656246015104e-15,0,7.105427357601e-15,1,0,2,billEUR,25.4351348837574,/Users/guichenxiang/Desktop/電力專案/StoreNet/results/bahloul_vpp_improvement_v2_frontier/storenet_monthly_2020/cases/2020-03-02/ANCHOR_VPP_BM,ee51d5603178e6d184309f9f4f3aab2e039f4339b040b7771f373322810dd433,766b01d09e96dcbfd72c1cbbb824b0b1e178c6158c5f4abdc1612dbffb478434
StoreNet,2020-03-02,ANCHOR_VPP_BM_PEAK_LEX,anchor,VPP_BM_PEAK_LEX,ok,,"",NaN,NaN,NaN,0.95,0.95,2.94881354166667,60,20,10,DC_SOURCE,0.07,1,10,3.3,60,42.35766349,39.9515097586161,39.7284568165,35.9775348316395,17.91524,17.902966,17.902966,15.534082,25.4351374272709,25.9582615292193,2.97210458192199e-05,25.9582615292193,25.9582615292194,279.50697105498,281.695404734475,0,47.8373459988754,NaN,NaN,NaN,7.72715225139109e-14,1.33226762955019e-15,2.08166817117217e-15,7.72715225139109e-14,0,0,0,2.22044604925031e-16,8.88178419700125e-16,4.44089209850063e-16,3.76365605347928e-14,0,2.1316282072803e-14,1,0,3,billEUR,25.4351348837574,/Users/guichenxiang/Desktop/電力專案/StoreNet/results/bahloul_vpp_improvement_v2_frontier/storenet_monthly_2020/cases/2020-03-02/ANCHOR_VPP_BM_PEAK_LEX,93bbe80e37e812758a2bf518daa6bf2bf23c7c48c38be195b87a7fe99d0ef691,57de5508842e70c5687d3a5747178a1ee172524bdc730d6abb0107955d8339dc
StoreNet,2020-03-02,ANCHOR_PS,anchor,PS,ok,,"",NaN,NaN,NaN,0.95,0.95,2.16185670833333,60,20,10,DC_SOURCE,0.07,1,10,3.3,60,42.35766349,16.3566059516406,39.7284568165,10.821133712135,17.91524,17.902966,17.902966,15.534082,35.4293873826187,13.546992161874,13.546992161874,13.546992161874,12.967617098569,265.128853429634,69.6404201516217,0,4.24334324687074,NaN,NaN,NaN,7.54951656745106e-15,8.88178419700125e-16,1.77635683940025e-15,7.54951656745106e-15,0,0,0,1.33226762955019e-15,0,0,0,0,3.5527136788005e-15,1,0,3,systemPeakKW,13.5469908071749,/Users/guichenxiang/Desktop/電力專案/StoreNet/results/bahloul_vpp_improvement_v2_frontier/storenet_monthly_2020/cases/2020-03-02/ANCHOR_PS,ef697e93d259d1acf1973ba6744562b4a948b1e11273b80e86fac0b5bcf2da92,ae369e0dde9b48bc4b891602fc8ee1484eb4dcf0f7482317dbefae02c4e418b0
StoreNet,2020-03-02,FRONTIER_R2.000,frontier,IMPROVED_PEAK_GUARD,ok,,"",2,35.805932,NaN,0.95,0.95,1.55883566666667,60,20,10,DC_SOURCE,0.07,1,10,3.3,60,42.35766349,39.9515097586162,39.7284568165,35.9775348316395,17.91524,17.902966,17.902966,15.534082,25.4351374272709,35.805932,2.97210454844321e-05,35.805932,35.805932,279.50697105498,281.695404734475,0,47.8373459988758,NaN,1.4210854715202e-14,1.4210854715202e-14,7.7715611723761e-15,2.22044604925031e-16,4.44089209850063e-15,7.7715611723761e-15,0,0,0,1.77635683940025e-15,0,1.77635683940025e-15,2.98025493172815e-15,0,7.105427357601e-15,1,0,2,billEUR,25.4351348837574,,,
StoreNet,2020-03-02,FRONTIER_R1.500,frontier,IMPROVED_PEAK_GUARD,ok,,"",1.5,26.854449,NaN,0.95,0.95,1.54920358333333,60,20,10,DC_SOURCE,0.07,1,10,3.3,60,42.35766349,39.9515097586162,39.7284568165,35.9775348316395,17.91524,17.902966,17.902966,15.534082,25.4351374272709,26.854449,2.97210454570651e-05,26.854449,26.854449,279.50697105498,281.695404734475,0,47.8373459988758,NaN,7.105427357601e-15,7.105427357601e-15,1.95399252334028e-14,2.22044604925031e-16,1.8623991238087e-14,1.95399252334028e-14,0,0,0,2.22044604925031e-16,8.88178419700125e-16,4.44089209850063e-16,1.83186799063151e-15,0,0,1,0,2,billEUR,25.4351348837574,,,
StoreNet,2020-03-02,FRONTIER_R1.250,frontier,IMPROVED_PEAK_GUARD,ok,,"",1.25,22.3787075,NaN,0.95,0.95,0.771780125,60,20,10,DC_SOURCE,0.07,1,10,3.3,60,42.35766349,33.8813907349254,39.7284568165,29.505698783808,17.91524,17.902966,17.902966,15.534082,28.0062980167683,22.3787075,8.5578135,22.3787075,22.3787075,273.755520524624,213.683853418607,0,15.5318591238383,NaN,3.5527136788005e-15,3.5527136788005e-15,1.77635683940025e-15,2.22044604925031e-16,2.22044604925031e-16,1.77635683940025e-15,0,0,0,2.22044604925031e-16,8.88178419700125e-16,0,6.10622663543836e-16,0,1.06581410364015e-14,1,0,2,billEUR,28.0062952161387,,,
StoreNet,2020-03-02,FRONTIER_R1.000,frontier,IMPROVED_PEAK_GUARD,ok,,"",1,17.902966,NaN,0.95,0.95,0.60846275,60,20,10,DC_SOURCE,0.07,1,10,3.3,60,42.35766349,25.1635687802889,39.7284568165,20.2109363311456,17.91524,17.902966,17.902966,15.534082,31.6989637039705,17.902966,16.6686915,17.902966,17.902966,269.026942989539,145.568017296124,0,4.27739010193792,NaN,7.105427357601e-15,7.105427357601e-15,1.45716771982052e-15,1.11022302462516e-15,2.22044604925031e-16,1.45716771982052e-15,0,0,0,8.88178419700125e-16,5.77315972805081e-15,0,1.66533453693773e-16,0,0,1,0,2,billEUR,31.6989605340745,,,
StoreNet,2020-03-02,FRONTIER_R0.900,frontier,IMPROVED_PEAK_GUARD,ok,,"",0.9,16.1126694,NaN,0.95,0.95,0.903812208333333,60,20,10,DC_SOURCE,0.07,1,10,3.3,60,42.35766349,21.609616738051,39.7284568165,16.421785764336,17.91524,17.902966,17.902966,15.534082,33.2043347506176,16.1126694,16.0945209576527,16.1126694,16.1126694,267.281404580503,111.552304299679,0,4.27742890016074,NaN,3.5527136788005e-15,3.5527136788005e-15,1.88737914186277e-15,2.22044604925031e-16,6.66133814775094e-16,1.88737914186277e-15,0,0,0,2.22044604925031e-16,0,0,1.11022302462516e-16,0,7.105427357601e-15,1,0,2,billEUR,33.2043314301845,,,
StoreNet,2020-03-02,FRONTIER_R0.800,frontier,IMPROVED_PEAK_GUARD,ok,,"",0.8,14.3223728,NaN,0.95,0.95,0.607537708333333,60,20,10,DC_SOURCE,0.07,1,10,3.3,60,42.35766349,17.9768232289593,39.7284568165,12.5485760472434,17.91524,17.902966,17.902966,15.534082,34.7431012004853,14.3223728,14.3223728,14.3223728,14.3223728,265.708007425182,80.9180754418314,0,4.25778455908433,NaN,7.105427357601e-15,7.105427357601e-15,6.21724893790088e-15,2.22044604925031e-16,4.44089209850063e-16,6.21724893790088e-15,0,0,0,4.44089209850063e-16,0,0,0,0,7.105427357601e-15,1,1.17665584694112e-14,2,billEUR,34.7430977261755,,,
StoreNet,2020-03-02,FRONTIER_R0.700,frontier,IMPROVED_PEAK_GUARD,infeasible,StoreNet:OptimizationFailed,"Optimization failed during bill (exit flag -2).",0.7,12.5320762,NaN,0.95,0.95,0.110374041666667,60,20,10,DC_SOURCE,0.07,1,10,3.3,60,42.35766349,NaN,39.7284568165,NaN,17.91524,17.902966,17.902966,15.534082,NaN,NaN,NaN,NaN,NaN,NaN,NaN,NaN,NaN,NaN,NaN,NaN,NaN,NaN,NaN,NaN,NaN,NaN,NaN,NaN,NaN,NaN,NaN,NaN,NaN,NaN,NaN,NaN,,NaN,,,
StoreNet,2020-03-02,FRONTIER_R0.600,frontier,IMPROVED_PEAK_GUARD,infeasible,StoreNet:OptimizationFailed,"Optimization failed during bill (exit flag -2).",0.6,10.7417796,NaN,0.95,0.95,0.0978665,60,20,10,DC_SOURCE,0.07,1,10,3.3,60,42.35766349,NaN,39.7284568165,NaN,17.91524,17.902966,17.902966,15.534082,NaN,NaN,NaN,NaN,NaN,NaN,NaN,NaN,NaN,NaN,NaN,NaN,NaN,NaN,NaN,NaN,NaN,NaN,NaN,NaN,NaN,NaN,NaN,NaN,NaN,NaN,NaN,NaN,,NaN,,,
StoreNet,2020-03-02,FRONTIER_R0.500,frontier,IMPROVED_PEAK_GUARD,infeasible,StoreNet:OptimizationFailed,"Optimization failed during bill (exit flag -2).",0.5,8.951483,NaN,0.95,0.95,0.0425734583333333,60,20,10,DC_SOURCE,0.07,1,10,3.3,60,42.35766349,NaN,39.7284568165,NaN,17.91524,17.902966,17.902966,15.534082,NaN,NaN,NaN,NaN,NaN,NaN,NaN,NaN,NaN,NaN,NaN,NaN,NaN,NaN,NaN,NaN,NaN,NaN,NaN,NaN,NaN,NaN,NaN,NaN,NaN,NaN,NaN,NaN,,NaN,,,
StoreNet,2020-03-02,TARIFF_L0.050,tariff,VPP_BM_DEMAND_CHARGE,ok,,"",NaN,NaN,0.05,0.95,0.95,1.65104783333333,60,20,10,DC_SOURCE,0.07,1,10,3.3,60,42.35766349,39.9515089800038,39.7284568165,35.977534001499,17.91524,17.902966,17.902966,15.534082,25.4351377570729,25.958258474245,3.35747934249175e-05,25.958258474245,25.958258474245,279.506970317243,281.695396010654,0,47.8373418550608,26.7330506807851,NaN,NaN,3.2085445411667e-14,2.22044604925031e-16,2.22044604925031e-16,3.2085445411667e-14,0,0,0,2.22044604925031e-16,8.88178419700125e-16,4.44089209850063e-16,8.88178419700125e-16,0,7.105427357601e-15,1,0,2,billPlusDemandChargeEUR,26.7330480074803,,,
StoreNet,2020-03-02,TARIFF_L0.100,tariff,VPP_BM_DEMAND_CHARGE,ok,,"",NaN,NaN,0.1,0.95,0.95,0.915381791666667,60,20,10,DC_SOURCE,0.07,1,10,3.3,60,42.35766349,39.9515080754616,39.7284568165,35.9775330370948,17.91524,17.902966,17.902966,15.534082,25.4351381402158,25.9582579408355,3.80518322863482e-05,25.9582579408355,25.9582579408355,279.506969460188,281.695385875875,0,47.8373370410405,28.0309639342993,NaN,NaN,2.1316282072803e-14,2.22044604925031e-16,8.32667268468867e-17,2.1316282072803e-14,0,0,0,1.4210854715202e-14,8.88178419700125e-16,4.44089209850063e-16,1.33226762955019e-15,0,0,1,0,2,billPlusDemandChargeEUR,28.0309611312032,,,
StoreNet,2020-03-02,TARIFF_L0.200,tariff,VPP_BM_DEMAND_CHARGE,ok,,"",NaN,NaN,0.2,0.95,0.95,1.96415166666667,60,20,10,DC_SOURCE,0.07,1,10,3.3,60,42.35766349,39.9515057428047,39.7284568165,35.977530550064,17.91524,17.902966,17.902966,15.534082,25.4351391282748,25.9582565652654,4.95973363631164e-05,25.9582565652654,25.9582565652654,279.50696724999,281.695359740042,0,47.83732462652,30.6267904413278,NaN,NaN,1.28785870856518e-14,2.22044604925031e-16,4.44089209850063e-16,1.28785870856518e-14,0,0,0,2.22044604925031e-16,8.88178419700125e-16,3.99680288865056e-15,9.99200722162641e-16,0,3.5527136788005e-15,1,0,2,billPlusDemandChargeEUR,30.6267873786491,,,
StoreNet,2020-03-02,TARIFF_L0.500,tariff,VPP_BM_DEMAND_CHARGE,ok,,"",NaN,NaN,0.5,0.95,0.95,1.87968145833333,60,20,10,DC_SOURCE,0.07,1,10,3.3,60,42.35766349,39.9514859216084,39.7284568165,35.9775094171121,17.91524,17.902966,17.902966,15.534082,25.4351475240704,25.9582448766858,0.000147702506845704,25.9582448766858,25.9582448766858,279.506948469365,281.69513765703,0,47.8372191370894,38.4142699624133,NaN,NaN,2.17603712826531e-14,1.02695629777827e-15,2.22044604925031e-16,2.17603712826531e-14,0,0,0,2.22044604925031e-16,8.88178419700125e-16,4.44089209850063e-16,9.99894611553032e-15,0,7.105427357601e-15,1,0,2,billPlusDemandChargeEUR,38.4142661209867,,,
StoreNet,2020-03-02,TARIFF_L1.000,tariff,VPP_BM_DEMAND_CHARGE,ok,,"",NaN,NaN,1,0.95,0.95,1.28102908333333,60,20,10,DC_SOURCE,0.07,1,10,3.3,60,42.35766349,16.3565998221841,39.7284568165,10.8211271770344,17.91524,17.902966,17.902966,15.534082,35.4293899789133,13.5469908071749,13.5469908071749,13.5469908071749,11.2703721045433,265.128859620121,69.6397064095003,0,4.24369239614633,48.9763807860882,NaN,NaN,1.01652020134679e-12,2.44162329243736e-16,2.22044604925031e-16,1.01652020134679e-12,0,0,0,2.22044604925031e-16,0,0,0,0,1.56319401867222e-13,1,1.13050641912929e-13,2,billPlusDemandChargeEUR,48.9763758884505,,,
StoreNet,2020-03-15,ANCHOR_VPP_BM,anchor,VPP_BM,ok,,"",NaN,NaN,NaN,0.95,0.95,2.68008541666667,60,20,10,DC_SOURCE,0.07,1,10,3.3,60,54.44827001,49.8334869437236,46.5397998475,41.3087323688812,24.78972,24.77737,24.77737,19.036542,27.3147984834833,58.4853157894737,2.26038778,58.4853157894737,58.4853157894737,297.44986320637,322.182054020847,0,64.4741674895766,NaN,NaN,NaN,3.70814490224802e-14,2.22044604925031e-16,2.22044604925031e-16,3.70814490224802e-14,0,0,0,1.77635683940025e-15,8.88178419700125e-16,8.88178419700125e-16,1.55431223447522e-15,0,0,1,1.1705898663679e-15,2,billEUR,27.3147957520037,/Users/guichenxiang/Desktop/電力專案/StoreNet/results/bahloul_vpp_improvement_v2_frontier/storenet_monthly_2020/cases/2020-03-15/ANCHOR_VPP_BM,fdec9a1061a972f7eb1f607c194e4f5bc3dc57e342a3ca5fbd965276799727df,2730ea0623ca4c71b00bf7fdb3995524e2a25c1763559bdeb8ac272e1564c33b
StoreNet,2020-03-15,ANCHOR_VPP_BM_PEAK_LEX,anchor,VPP_BM_PEAK_LEX,ok,,"",NaN,NaN,NaN,0.95,0.95,5.037013,60,20,10,DC_SOURCE,0.07,1,10,3.3,60,54.44827001,49.8334869437236,46.5397998475,41.3087323688812,24.78972,24.77737,24.77737,19.036542,27.3147984834833,25.8817365485808,2.39671377203472,25.8817365485808,25.8817365485808,297.449856757843,322.182480644493,0,64.4739316777126,NaN,NaN,NaN,3.99680288865056e-15,8.88178419700125e-16,4.44089209850063e-16,3.99680288865056e-15,0,0,0,4.44089209850063e-16,8.88178419700125e-16,8.88178419700125e-16,2.22044604925031e-15,0,7.105427357601e-15,1,4.7636740091257e-15,3,billEUR,27.3147957520037,/Users/guichenxiang/Desktop/電力專案/StoreNet/results/bahloul_vpp_improvement_v2_frontier/storenet_monthly_2020/cases/2020-03-15/ANCHOR_VPP_BM_PEAK_LEX,efb53fdf81ad6f1463c3bf150ea9f0d20441a6b854731af22f8396fb209edd3d,9648a46b2c4e58f322bd9717fb0267cb362a982112cb6cdc7a4a6b8f7d2efab3
StoreNet,2020-03-15,ANCHOR_PS,anchor,PS,ok,,"",NaN,NaN,NaN,0.95,0.95,3.09643195833333,60,20,10,DC_SOURCE,0.07,1,10,3.3,60,54.44827001,26.6944952255562,46.5397998475,14.2377506938792,24.78972,24.77737,24.77737,19.036542,39.9135791717826,11.8733357339826,11.8733357339826,11.8733357339826,3.57334555895832,281.386712056624,112.154310155327,0,7.87325496355414,NaN,NaN,NaN,1.48214773787458e-14,2.22044604925031e-16,8.88178419700125e-16,1.48214773787458e-14,0,0,0,2.22044604925031e-16,0,4.44089209850063e-16,0,0,2.1316282072803e-14,1,0,3,systemPeakKW,11.8733345466491,/Users/guichenxiang/Desktop/電力專案/StoreNet/results/bahloul_vpp_improvement_v2_frontier/storenet_monthly_2020/cases/2020-03-15/ANCHOR_PS,93dbc175c8c5986b92b75c68cb11bf70598cc8a849278f539614f21d0d7b1a2b,ce131b9e0cf44e32271c6523db4495112bf6a07779c9af040d019f5c66f421b7
StoreNet,2020-03-15,FRONTIER_R2.000,frontier,IMPROVED_PEAK_GUARD,ok,,"",2,49.55474,NaN,0.95,0.95,2.09822183333333,60,20,10,DC_SOURCE,0.07,1,10,3.3,60,54.44827001,49.8334869437236,46.5397998475,41.3087323688811,24.78972,24.77737,24.77737,19.036542,27.3147984834833,49.55474,2.39670807479171,49.55474,49.5547400000001,297.449863206371,322.182054020835,0,64.4741674895827,NaN,1.4210854715202e-14,1.4210854715202e-14,1.17683640610267e-14,8.88178419700125e-15,1.17683640610267e-14,7.7715611723761e-15,0,0,0,7.105427357601e-15,0,4.44089209850063e-16,5.49560397189452e-14,0,1.4210854715202e-14,1,0,2,billEUR,27.3147957520037,,,
StoreNet,2020-03-15,FRONTIER_R1.500,frontier,IMPROVED_PEAK_GUARD,ok,,"",1.5,37.166055,NaN,0.95,0.95,2.27083829166667,60,20,10,DC_SOURCE,0.07,1,10,3.3,60,54.44827001,49.8334869437236,46.5397998475,41.3087323688812,24.78972,24.77737,24.77737,19.036542,27.3147984834833,37.166055,2.39670807479164,37.166055,37.166055,297.449863206371,322.182054020837,0,64.4741674895814,NaN,7.105427357601e-15,7.105427357601e-15,7.105427357601e-15,6.66133814775094e-16,8.88178419700125e-16,7.105427357601e-15,0,0,0,4.44089209850063e-16,0,4.44089209850063e-16,1.15463194561016e-14,0,0,1,7.05730417338908e-16,2,billEUR,27.3147957520037,,,
StoreNet,2020-03-15,FRONTIER_R1.250,frontier,IMPROVED_PEAK_GUARD,ok,,"",1.25,30.9717125,NaN,0.95,0.95,2.214439,60,20,10,DC_SOURCE,0.07,1,10,3.3,60,54.44827001,49.8334869437236,46.5397998475,41.3087323688812,24.78972,24.77737,24.77737,19.036542,27.3147984834833,30.9717125,2.39670807479163,30.9717125,30.9717125,297.449863206371,322.182054020837,0,64.4741674895815,NaN,3.5527136788005e-15,3.5527136788005e-15,1.33226762955019e-15,4.44089209850063e-16,8.88178419700125e-16,1.33226762955019e-15,0,0,0,4.44089209850063e-16,0,4.44089209850063e-16,1.22124532708767e-15,0,0,1,2.82292166935563e-15,2,billEUR,27.3147957520037,,,
StoreNet,2020-03-15,FRONTIER_R1.000,frontier,IMPROVED_PEAK_GUARD,ok,,"",1,24.77737,NaN,0.95,0.95,1.38786166666667,60,20,10,DC_SOURCE,0.07,1,10,3.3,60,54.44827001,48.3765867484326,46.5397998475,39.6042623137722,24.78972,24.77737,24.77737,19.036542,28.1080554355915,24.77737,11.2670853010572,24.77737,24.77737,295.675420711812,301.199025631306,0,54.507268871847,NaN,7.105427357601e-15,7.105427357601e-15,3.66373598126302e-15,6.66133814775094e-16,4.44089209850063e-16,3.66373598126302e-15,0,0,0,4.44089209850063e-16,8.88178419700125e-16,1.33226762955019e-15,2.05391259555654e-15,0,1.4210854715202e-14,1,0,2,billEUR,28.1080526247863,,,
StoreNet,2020-03-15,FRONTIER_R0.900,frontier,IMPROVED_PEAK_GUARD,ok,,"",0.9,22.299633,NaN,0.95,0.95,2.02740045833333,60,20,10,DC_SOURCE,0.07,1,10,3.3,60,54.44827001,45.1079151703547,46.5397998475,35.7801480451167,24.78972,24.77737,24.77737,19.036542,29.8877905621635,22.299633,13.50574,22.299633,22.299633,291.694317704451,254.121930892401,0,32.1457383162992,NaN,7.105427357601e-15,7.105427357601e-15,2.1094237467878e-15,2.22044604925031e-16,4.44089209850063e-16,2.1094237467878e-15,0,0,0,1.55431223447522e-15,8.88178419700125e-16,0,3.33066907387547e-16,0,0,1,3.28817845165706e-14,2,billEUR,29.8877875733848,,,
StoreNet,2020-03-15,FRONTIER_R0.800,frontier,IMPROVED_PEAK_GUARD,ok,,"",0.8,19.821896,NaN,0.95,0.95,1.25198466666667,60,20,10,DC_SOURCE,0.07,1,10,3.3,60,54.44827001,41.4858063039413,46.5397998475,31.5425371784965,24.78972,24.77737,24.77737,19.036542,31.8599661778044,19.821896,16.84763,19.821896,19.821896,288.705175980951,239.631354654924,0,12.3170409225381,NaN,7.105427357601e-15,7.105427357601e-15,1.06581410364015e-14,5.10702591327572e-15,3.99680288865056e-15,1.06581410364015e-14,0,0,0,1.06581410364015e-14,0,0,1.52655665885959e-15,0,0,1,0,2,billEUR,31.8599629918082,,,
StoreNet,2020-03-15,FRONTIER_R0.700,frontier,IMPROVED_PEAK_GUARD,ok,,"",0.7,17.344159,NaN,0.95,0.95,0.807411583333333,60,20,10,DC_SOURCE,0.07,1,10,3.3,60,54.44827001,37.3490598210653,46.5397998475,26.7028367457357,24.78972,24.77737,24.77737,19.036542,34.1123530724299,17.344159,17.344159,17.344159,17.344159,286.261889051185,195.303687131474,0,10.9423731842631,NaN,7.105427357601e-15,7.105427357601e-15,8.27116153345742e-15,3.10862446895044e-15,4.44089209850063e-15,8.27116153345742e-15,0,0,0,4.44089209850063e-16,0,0,2.83106871279415e-15,0,0,1,1.60078290546549e-14,2,billEUR,34.112349661195,,,
StoreNet,2020-03-15,FRONTIER_R0.600,frontier,IMPROVED_PEAK_GUARD,ok,,"",0.6,14.866422,NaN,0.95,0.95,1.30705416666667,60,20,10,DC_SOURCE,0.07,1,10,3.3,60,54.44827001,32.6247436724232,46.5397998475,21.1757214139818,24.78972,24.77737,24.77737,19.036542,36.6846614851687,14.866422,14.866422,14.866422,14.866422,283.812160191591,151.620212590901,0,9.24560895454924,NaN,3.5527136788005e-15,3.5527136788005e-15,5.32907051820075e-15,2.22044604925031e-16,2.22044604925031e-16,5.32907051820075e-15,0,0,0,3.5527136788005e-15,8.88178419700125e-16,0,2.53963516883005e-15,0,0,1,0,2,billEUR,36.6846578167029,,,
StoreNet,2020-03-15,FRONTIER_R0.500,frontier,IMPROVED_PEAK_GUARD,ok,,"",0.5,12.388685,NaN,0.95,0.95,1.133114125,60,20,10,DC_SOURCE,0.07,1,10,3.3,60,54.44827001,27.820459843149,46.5397998475,15.5550495589643,24.78972,24.77737,24.77737,19.036542,39.3005109165786,12.388685,12.388685,12.388685,7.56297911747573,281.509925652467,106.768706253306,0,9.23627137334685,NaN,7.105427357601e-15,7.105427357601e-15,8.43769498715119e-15,2.22044604925031e-16,2.22044604925031e-15,8.43769498715119e-15,0,0,0,4.44089209850063e-16,0,4.44089209850063e-16,0,0,0,1,0,2,billEUR,39.3005069865279,,,
StoreNet,2020-03-15,TARIFF_L0.050,tariff,VPP_BM_DEMAND_CHARGE,ok,,"",NaN,NaN,0.05,0.95,0.95,1.5832175,60,20,10,DC_SOURCE,0.07,1,10,3.3,60,54.44827001,49.8334867060509,46.5397998475,41.3087320908209,24.78972,24.77737,24.77737,19.036542,27.3147986128919,25.8817377631579,2.12175989999998,25.8817377631579,25.8817377631579,297.449863873425,322.181987315338,0,64.4742008423309,28.6088855010498,NaN,NaN,4.44089209850063e-15,2.22044604925031e-16,1.4432899320127e-15,4.44089209850063e-15,0,0,0,1.11022302462516e-16,8.88178419700125e-16,4.44089209850063e-16,8.88178419700125e-16,0,0,1,4.05795073986851e-15,2,billPlusDemandChargeEUR,28.6088826401616,,,
StoreNet,2020-03-15,TARIFF_L0.100,tariff,VPP_BM_DEMAND_CHARGE,ok,,"",NaN,NaN,0.1,0.95,0.95,3.16078075,60,20,10,DC_SOURCE,0.07,1,10,3.3,60,54.44827001,49.8334864683782,46.5397998475,41.3087318127607,24.78972,24.77737,24.77737,19.036542,27.3147987423006,25.8817377631579,1.74039477890173,25.8817377631579,25.8817377631579,297.449864540481,322.181920609831,0,64.4742341950847,29.9029725186164,NaN,NaN,2.08721928629529e-14,2.22044604925031e-16,0,2.08721928629529e-14,0,0,0,1.95399252334028e-14,8.88178419700125e-16,8.88178419700125e-16,3.77475828372553e-14,0,0,1,0,2,billPlusDemandChargeEUR,29.9029695283195,,,
StoreNet,2020-03-15,TARIFF_L0.200,tariff,VPP_BM_DEMAND_CHARGE,ok,,"",NaN,NaN,0.2,0.95,0.95,2.59278333333333,60,20,10,DC_SOURCE,0.07,1,10,3.3,60,54.44827001,49.8334859930328,46.5397998475,41.3087312566402,24.78972,24.77737,24.77737,19.036542,27.314799001118,25.8817377631579,2.39671074301176,25.8817377631579,25.8817377631579,297.449865874591,322.181787198824,0,64.4743009005881,32.4911465537495,NaN,NaN,1.4210854715202e-14,2.22044604925031e-16,2.22044604925031e-15,1.4210854715202e-14,0,0,0,1.77635683940025e-15,8.88178419700125e-16,3.99680288865056e-15,2.4980018054066e-15,0,0,1,1.23502925315919e-14,2,billPlusDemandChargeEUR,32.4911433046353,,,
StoreNet,2020-03-15,TARIFF_L0.500,tariff,VPP_BM_DEMAND_CHARGE,ok,,"",NaN,NaN,0.5,0.95,0.95,2.33446754166667,60,20,10,DC_SOURCE,0.07,1,10,3.3,60,54.44827001,49.8334845669968,46.5397998475,41.3087295882791,24.78972,24.77737,24.77737,19.036542,27.3147997775699,25.8817377631579,2.39671474534246,25.8817377631579,25.8817377631591,297.44986987692,322.181386965753,0,64.4745010171253,40.2556686591489,NaN,NaN,1.31450406115619e-12,8.88178419700125e-16,2.22044604925031e-15,1.31450406115619e-12,0,0,0,1.31450406115619e-12,8.88178419700125e-16,4.44089209850063e-16,1.16584519815888e-12,0,0,1,0,2,billPlusDemandChargeEUR,40.2556646335826,,,
StoreNet,2020-03-15,TARIFF_L1.000,tariff,VPP_BM_DEMAND_CHARGE,ok,,"",NaN,NaN,1,0.95,0.95,1.52031016666667,60,20,10,DC_SOURCE,0.07,1,10,3.3,60,54.44827001,37.097834613998,46.5397998475,26.4089210444962,24.78972,24.77737,24.77737,19.036542,34.2491408515071,17.1992355,17.1992355,17.1992355,17.1992355,286.120597574779,192.549247022093,0,10.9428199889537,51.4483763515072,NaN,NaN,2.44249065417534e-15,8.88178419700125e-16,6.66133814775094e-16,2.44249065417534e-15,0,0,0,2.22044604925031e-16,8.88178419700125e-16,0,2.4980018054066e-16,0,3.5527136788005e-14,1,0,2,billPlusDemandChargeEUR,51.44837120667,,,
StoreNet,2020-03-16,ANCHOR_VPP_BM,anchor,VPP_BM,ok,,"",NaN,NaN,NaN,0.95,0.95,1.754667875,60,20,10,DC_SOURCE,0.07,1,10,3.3,60,60.568317555,27.5914397677742,57.88686559,24.2373097049597,23.72469,23.714525,23.714525,20.360147,43.856646698458,77.0285757894737,19.95403,77.0285757894737,77.0285757894737,391.95615910125,319.999883991754,0,27.3545988960832,NaN,NaN,NaN,1.55431223447522e-15,1.94289029309402e-16,1.11022302462516e-16,1.55431223447522e-15,0,0,0,2.22044604925031e-16,0,4.44089209850063e-16,1.20736753927986e-15,0,3.5527136788005e-14,1,1.7821633579735e-15,2,billEUR,43.8566423127937,/Users/guichenxiang/Desktop/電力專案/StoreNet/results/bahloul_vpp_improvement_v2_frontier/storenet_monthly_2020/cases/2020-03-16/ANCHOR_VPP_BM,b4b965d7bcf4533da0b2c34cb18d1d198446b2166d6d0b2eb50623bb3e109bdd,42b1126422fb78cbc39a6f9ac44ed143d80c4a1abc9e49e2938b6d5908b2908d
StoreNet,2020-03-16,ANCHOR_VPP_BM_PEAK_LEX,anchor,VPP_BM_PEAK_LEX,ok,,"",NaN,NaN,NaN,0.95,0.95,2.39219366666667,60,20,10,DC_SOURCE,0.07,1,10,3.3,60,60.568317555,27.5914397677743,57.88686559,24.2373097049598,23.72469,23.714525,23.714525,20.360147,43.8566466984579,27.4876174062223,20.1418595,27.4876174062223,27.4876174062223,391.95615910125,319.999883991755,0,27.3545988960835,NaN,NaN,NaN,1.77635683940025e-15,1.60982338570648e-15,4.44089209850063e-16,1.77635683940025e-15,0,0,0,2.22044604925031e-16,8.88178419700125e-16,4.44089209850063e-16,3.5527136788005e-15,0,1.06581410364015e-14,1,1.7821633579735e-15,3,billEUR,43.8566423127937,/Users/guichenxiang/Desktop/電力專案/StoreNet/results/bahloul_vpp_improvement_v2_frontier/storenet_monthly_2020/cases/2020-03-16/ANCHOR_VPP_BM_PEAK_LEX,5dfe4d73e72268a2a3b2d287dbff1abb3a83da602239b0cc3a5dbfc88d8c4002,5580e7cdc0ccf99ff14d9c84a5bafb5161d0b8eab82b39d62f0eb9a0c9ad71d6
StoreNet,2020-03-16,ANCHOR_PS,anchor,PS,ok,,"",NaN,NaN,NaN,0.95,0.95,2.92748370833333,60,20,10,DC_SOURCE,0.07,1,10,3.3,60,60.568317555,10.8701285238289,57.88686559,6.74142909306779,23.72469,23.714525,23.714525,20.360147,53.9844635920507,15.7849314568876,15.7849314568876,15.7849314568876,1.02603340703666e-05,378.838344704968,105.6802509784,0,0.0013217844051139,NaN,NaN,NaN,1.33226762955019e-15,1.11022302462516e-16,1.11022302462516e-16,1.33226762955019e-15,0,0,0,2.22044604925031e-16,8.88178419700125e-16,4.44089209850063e-16,0,0,3.5527136788005e-15,1,0,3,systemPeakKW,15.7849298783946,/Users/guichenxiang/Desktop/電力專案/StoreNet/results/bahloul_vpp_improvement_v2_frontier/storenet_monthly_2020/cases/2020-03-16/ANCHOR_PS,d24c9dc7ebce13cbd84be4450d3acdeb816d4b14ea78357f3e8761a1895c2d73,fdf5339902976fae4a5e2231ced8b8e3ff19fa26557e930fd782bb6f957918f5
StoreNet,2020-03-16,FRONTIER_R2.000,frontier,IMPROVED_PEAK_GUARD,ok,,"",2,47.42905,NaN,0.95,0.95,1.03087275,60,20,10,DC_SOURCE,0.07,1,10,3.3,60,60.568317555,27.5914397677743,57.88686559,24.2373097049598,23.72469,23.714525,23.714525,20.360147,43.8566466984579,47.42905,20.1418595,47.42905,47.42905,391.956190619696,319.999996784949,0,27.3549664728509,NaN,7.105427357601e-15,7.105427357601e-15,1.55431223447522e-15,1.11022302462516e-16,4.44089209850063e-16,1.55431223447522e-15,0,0,0,2.22044604925031e-16,0,4.44089209850063e-16,2.4980018054066e-16,0,0,1,3.52478736142834e-07,2,billEUR,43.8566423127937,,,
StoreNet,2020-03-16,FRONTIER_R1.500,frontier,IMPROVED_PEAK_GUARD,ok,,"",1.5,35.5717875,NaN,0.95,0.95,1.02833541666667,60,20,10,DC_SOURCE,0.07,1,10,3.3,60,60.568317555,27.5914397677743,57.88686559,24.2373097049598,23.72469,23.714525,23.714525,20.360147,43.8566466984579,35.5717875,20.1418595,35.5717875,35.5717875,391.95615910125,319.999883991755,0,27.3545988960834,NaN,1.4210854715202e-14,1.4210854715202e-14,1.33226762955019e-15,1.11022302462516e-16,1.11022302462516e-16,1.33226762955019e-15,0,0,0,2.22044604925031e-16,0,4.44089209850063e-16,2.91433543964104e-16,0,7.105427357601e-15,1,0,2,billEUR,43.8566423127937,,,
StoreNet,2020-03-16,FRONTIER_R1.250,frontier,IMPROVED_PEAK_GUARD,ok,,"",1.25,29.64315625,NaN,0.95,0.95,1.08729245833333,60,20,10,DC_SOURCE,0.07,1,10,3.3,60,60.568317555,27.5914397677743,57.88686559,24.2373097049598,23.72469,23.714525,23.714525,20.360147,43.8566466984579,29.64315625,20.2764755,29.64315625,29.64315625,391.95615910125,319.999883991755,0,27.3545988960834,NaN,7.105427357601e-15,7.105427357601e-15,1.33226762955019e-15,1.11022302462516e-16,2.22044604925031e-16,1.33226762955019e-15,0,0,0,2.22044604925031e-16,8.88178419700125e-16,4.44089209850063e-16,5.13478148889135e-16,0,7.105427357601e-15,1,0,2,billEUR,43.8566423127937,,,
StoreNet,2020-03-16,FRONTIER_R1.000,frontier,IMPROVED_PEAK_GUARD,ok,,"",1,23.714525,NaN,0.95,0.95,0.534794458333333,60,20,10,DC_SOURCE,0.07,1,10,3.3,60,60.568317555,22.9499744895713,57.88686559,19.3808411429572,23.72469,23.714525,23.714525,20.360147,46.6679041273649,23.714525,20.7416506293696,23.714525,23.237987,386.414793543118,250.396563938169,0,0.00120278091535363,NaN,7.105427357601e-15,7.105427357601e-15,3.88578058618805e-15,1.11022302462516e-16,8.88178419700125e-16,3.88578058618805e-15,0,0,0,1.77635683940025e-15,8.88178419700125e-16,0,0,0,0,1,0,2,billEUR,46.667899460575,,,
StoreNet,2020-03-16,FRONTIER_R0.900,frontier,IMPROVED_PEAK_GUARD,ok,,"",0.9,21.3430725,NaN,0.95,0.95,0.782500333333333,60,20,10,DC_SOURCE,0.07,1,10,3.3,60,60.568317555,19.6577647757753,57.88686559,15.9361287480041,23.72469,23.714525,23.714525,20.360147,48.6619401613935,21.3430725,21.3430725,21.3430725,20.3595353814373,384.102628383472,205.338863652823,0,0.00125417358843853,NaN,1.77635683940025e-14,1.77635683940025e-14,1.08801856413265e-14,1.11022302462516e-16,8.88178419700125e-16,1.08801856413265e-14,0,0,0,1.11022302462516e-15,8.88178419700125e-16,0,0,0,0,1,2.46376364834936e-14,2,billEUR,48.6619352952,,,
StoreNet,2020-03-16,FRONTIER_R0.800,frontier,IMPROVED_PEAK_GUARD,ok,,"",0.8,18.97162,NaN,0.95,0.95,0.897114833333333,60,20,10,DC_SOURCE,0.07,1,10,3.3,60,60.568317555,16.1294278240516,57.88686559,12.244351161588,23.72469,23.714525,23.714525,20.360147,50.7989944907239,18.97162,18.97162,18.97162,18.66623,381.790463297546,160.281155995393,0,0.00130925230353052,NaN,1.77635683940025e-14,1.77635683940025e-14,1.99840144432528e-14,1.50990331349021e-14,8.88178419700125e-16,1.99840144432528e-14,0,0,0,1.49880108324396e-14,0,0,0,0,0,1,0,2,billEUR,50.798989410825,,,
StoreNet,2020-03-16,FRONTIER_R0.700,frontier,IMPROVED_PEAK_GUARD,ok,,"",0.7,16.6001675,NaN,0.95,0.95,1.03595070833333,60,20,10,DC_SOURCE,0.07,1,10,3.3,60,60.568317555,12.3287801558488,57.88686559,8.26764880370213,23.72469,23.714525,23.714525,20.360147,53.1009828395477,16.6001675,16.6001675,16.6001675,8.7316745,379.478298296638,115.223439836234,0,0.0013685818829809,NaN,3.5527136788005e-15,3.5527136788005e-15,8.88178419700125e-16,1.11022302462516e-16,1.11022302462516e-16,8.88178419700125e-16,0,0,0,4.44089209850063e-16,8.88178419700125e-16,4.44089209850063e-16,0,0,0,1,0,2,billEUR,53.10097752945,,,
StoreNet,2020-03-16,FRONTIER_R0.600,frontier,IMPROVED_PEAK_GUARD,infeasible,StoreNet:OptimizationFailed,"Optimization failed during bill (exit flag -2).",0.6,14.228715,NaN,0.95,0.95,0.130238333333333,60,20,10,DC_SOURCE,0.07,1,10,3.3,60,60.568317555,NaN,57.88686559,NaN,23.72469,23.714525,23.714525,20.360147,NaN,NaN,NaN,NaN,NaN,NaN,NaN,NaN,NaN,NaN,NaN,NaN,NaN,NaN,NaN,NaN,NaN,NaN,NaN,NaN,NaN,NaN,NaN,NaN,NaN,NaN,NaN,NaN,,NaN,,,
StoreNet,2020-03-16,FRONTIER_R0.500,frontier,IMPROVED_PEAK_GUARD,infeasible,StoreNet:OptimizationFailed,"Optimization failed during bill (exit flag -2).",0.5,11.8572625,NaN,0.95,0.95,0.1160135,60,20,10,DC_SOURCE,0.07,1,10,3.3,60,60.568317555,NaN,57.88686559,NaN,23.72469,23.714525,23.714525,20.360147,NaN,NaN,NaN,NaN,NaN,NaN,NaN,NaN,NaN,NaN,NaN,NaN,NaN,NaN,NaN,NaN,NaN,NaN,NaN,NaN,NaN,NaN,NaN,NaN,NaN,NaN,NaN,NaN,,NaN,,,
StoreNet,2020-03-16,TARIFF_L0.050,tariff,VPP_BM_DEMAND_CHARGE,ok,,"",NaN,NaN,0.05,0.95,0.95,1.36074820833333,60,20,10,DC_SOURCE,0.07,1,10,3.3,60,60.568317555,27.5914389821383,57.88686559,24.2373088829313,23.72469,23.714525,23.714525,20.360147,43.8566471743044,27.48761399499,20.1418595,27.48761399499,27.48761399499,391.956158036825,319.999871404809,0,27.3545929172845,45.2310278740539,NaN,NaN,3.99680288865056e-15,1.11022302462516e-16,2.22044604925031e-15,3.99680288865056e-15,0,0,0,2.22044604925031e-16,8.88178419700125e-16,4.44089209850063e-16,9.43689570931383e-16,0,0,1,0,2,billPlusDemandChargeEUR,45.2310233509516,,,
StoreNet,2020-03-16,TARIFF_L0.100,tariff,VPP_BM_DEMAND_CHARGE,ok,,"",NaN,NaN,0.1,0.95,0.95,1.63641379166667,60,20,10,DC_SOURCE,0.07,1,10,3.3,60,60.568317555,27.5914380694365,57.88686559,24.2373079279511,23.72469,23.714525,23.714525,20.360147,43.8566477271125,27.4876132253736,20.1418595,27.4876132253736,27.4876132253736,391.956156800244,319.999856782098,0,27.3545859714965,46.6054090496499,NaN,NaN,2.35367281220533e-14,1.11022302462516e-16,2.22044604925031e-15,2.35367281220533e-14,0,0,0,2.22044604925031e-16,8.88178419700125e-16,8.88178419700125e-16,1.99840144432528e-15,0,0,1,0,2,billPlusDemandChargeEUR,46.6054043891095,,,
StoreNet,2020-03-16,TARIFF_L0.200,tariff,VPP_BM_DEMAND_CHARGE,ok,,"",NaN,NaN,0.2,0.95,0.95,0.897330875,60,20,10,DC_SOURCE,0.07,1,10,3.3,60,60.568317555,27.5914357157373,57.88686559,24.2373054652232,23.72469,23.714525,23.714525,20.360147,43.8566491527085,27.4876112406669,19.6591055,27.4876112406669,27.4876112406669,391.956153611316,319.99981907267,0,27.3545680595183,49.3541714008419,NaN,NaN,1.15463194561016e-14,1.11022302462516e-16,4.44089209850063e-16,1.15463194561016e-14,0,0,0,1.77635683940025e-15,1.77635683940025e-15,4.44089209850063e-16,3.33066907387547e-15,0,0,1,5.32907353124777e-16,2,billPlusDemandChargeEUR,49.3541664654253,,,
StoreNet,2020-03-16,TARIFF_L0.500,tariff,VPP_BM_DEMAND_CHARGE,ok,,"",NaN,NaN,0.5,0.95,0.95,1.17677204166667,60,20,10,DC_SOURCE,0.07,1,10,3.3,60,60.568317555,27.5914157157395,57.88686559,24.2372845387797,23.72469,23.714525,23.714525,20.360147,43.8566612663707,27.4875943760944,18.8931,27.4875943760944,27.4875943760944,391.956126514165,319.999498645793,0,27.3544158567516,57.6004584544179,NaN,NaN,5.07371922253697e-14,1.94289029309402e-16,2.22044604925031e-16,5.07371922253697e-14,0,0,0,5.07371922253697e-14,8.88178419700125e-16,4.44089209850063e-16,3.10862446895044e-14,0,7.105427357601e-15,1,0,2,billPlusDemandChargeEUR,57.6004526943726,,,
StoreNet,2020-03-16,TARIFF_L1.000,tariff,VPP_BM_DEMAND_CHARGE,ok,,"",NaN,NaN,1,0.95,0.95,3.40802895833333,60,20,10,DC_SOURCE,0.07,1,10,3.3,60,60.568317555,13.3975645652347,57.88686559,9.38594175056888,23.72469,23.714525,23.714525,20.360147,52.4536381044925,17.218543,17.218543,17.218543,11.2402384773867,380.081222950992,126.971720150781,0,0.00179567460933981,69.6721811044925,NaN,NaN,7.43849426498855e-15,1.11022302462516e-16,2.66453525910038e-15,7.43849426498855e-15,0,0,0,8.88178419700125e-16,8.88178419700125e-16,4.44089209850063e-16,0,0,8.5265128291212e-14,1,0,2,billPlusDemandChargeEUR,69.672174137275,,,
StoreNet,2020-04-01,ANCHOR_VPP_BM,anchor,VPP_BM,ok,,"",NaN,NaN,NaN,0.95,0.95,2.63528516666667,60,20,10,DC_SOURCE,0.07,0,10,3.3,60,44.174212105,34.9296727432512,42.697179065,32.678680397,21.59234,21.5824885,21.5824885,12.40459,28.7443043798138,80.4415042105263,9.67147209088808,80.4415042105263,80.4415042105263,295.229114463229,320.148630334972,0,39.3886153325138,NaN,NaN,NaN,1.33226762955019e-15,5.55111512312578e-17,4.44089209850063e-16,1.33226762955019e-15,0,0,0,2.22044604925031e-16,0,4.44089209850063e-16,2.22044604925031e-16,0,7.105427357601e-15,1,0,2,billEUR,28.7443015053837,/Users/guichenxiang/Desktop/電力專案/StoreNet/results/bahloul_vpp_improvement_v2_frontier/storenet_monthly_2020/cases/2020-04-01/ANCHOR_VPP_BM,db1b7781ab58f75a8ae6d74f1da401f30f9122098b8819f11b599307131c2320,1d27ada70a006d1e1c58922d2cf079e2ba9ff420d9e233e25ad07a79a5adc67d
StoreNet,2020-04-01,ANCHOR_VPP_BM_PEAK_LEX,anchor,VPP_BM_PEAK_LEX,ok,,"",NaN,NaN,NaN,0.95,0.95,3.686242375,60,20,10,DC_SOURCE,0.07,0,10,3.3,60,44.174212105,34.9296727432512,42.697179065,32.678680397,21.59234,21.5824885,21.5824885,12.40459,28.7443043798138,25.2276442841565,7.04943417877673,25.2276442841565,25.2276442841565,295.229106610799,320.149149838391,0,39.388328182304,NaN,NaN,NaN,1.77635683940025e-15,1.11022302462516e-16,2.22044604925031e-16,1.77635683940025e-15,0,0,0,1.11022302462516e-16,8.88178419700125e-16,4.44089209850063e-16,4.44089209850063e-16,0,1.4210854715202e-14,1,0,3,billEUR,28.7443015053837,/Users/guichenxiang/Desktop/電力專案/StoreNet/results/bahloul_vpp_improvement_v2_frontier/storenet_monthly_2020/cases/2020-04-01/ANCHOR_VPP_BM_PEAK_LEX,d0066c0bfc695350cbf19329a308860775bdfe2c9da486ecfedaf4a0b951e1fe,18339d9c6dc093c2ab6426d0839f3fce19a837110517259fa1f8c567299d5600
StoreNet,2020-04-01,ANCHOR_PS,anchor,PS,ok,,"",NaN,NaN,NaN,0.95,0.95,3.54536320833333,60,20,10,DC_SOURCE,0.07,0,10,3.3,60,44.174212105,9.85638872387875,42.697179065,6.73803067036299,21.59234,21.5824885,21.5824885,12.40459,39.8202300442205,11.6433426209518,11.6433426209518,11.6433426209518,8.86306509251256e-06,279.440214039778,67.4969246524453,0,0.519907414983469,NaN,NaN,NaN,8.46545056276682e-16,1.94289029309402e-16,4.44089209850063e-16,8.46545056276682e-16,0,0,0,4.44089209850063e-16,0,0,0,0,7.105427357601e-15,1,0,3,systemPeakKW,11.6433414566176,/Users/guichenxiang/Desktop/電力專案/StoreNet/results/bahloul_vpp_improvement_v2_frontier/storenet_monthly_2020/cases/2020-04-01/ANCHOR_PS,fb8b2616588421442b4e849d34e3c030f03ebc806e099b34c356a24e667ec28b,01272b4a34095f647a9fe12533cb634194cf8f1e1c4a8d03a3813e042a0953b7
StoreNet,2020-04-01,FRONTIER_R2.000,frontier,IMPROVED_PEAK_GUARD,ok,,"",2,43.164977,NaN,0.95,0.95,1.89561141666667,60,20,10,DC_SOURCE,0.07,0,10,3.3,60,44.174212105,34.9296727432512,42.697179065,32.678680397,21.59234,21.5824885,21.5824885,12.40459,28.7443043798139,43.164977,9.35664109089241,43.164977,43.164977,295.229114463229,320.148630334963,0,39.3886153325183,NaN,1.4210854715202e-14,1.4210854715202e-14,2.59948312875125e-15,8.32667268468867e-17,5.55111512312578e-17,2.59948312875125e-15,0,0,0,2.22044604925031e-16,0,4.44089209850063e-16,3.10029779626575e-14,0,2.1316282072803e-14,1,0,2,billEUR,28.7443015053837,,,
StoreNet,2020-04-01,FRONTIER_R1.500,frontier,IMPROVED_PEAK_GUARD,ok,,"",1.5,32.37373275,NaN,0.95,0.95,2.41742254166667,60,20,10,DC_SOURCE,0.07,0,10,3.3,60,44.174212105,34.9296727432511,42.697179065,32.678680397,21.59234,21.5824885,21.5824885,12.40459,28.7443043798139,32.37373275,8.63527994075767,32.37373275,32.3737327500001,295.229114463229,320.148630334962,0,39.3886153325188,NaN,7.105427357601e-15,7.105427357601e-15,3.69426711444021e-14,8.32667268468867e-17,5.55111512312578e-17,3.69426711444021e-14,0,0,0,3.33066907387547e-16,8.88178419700125e-16,4.44089209850063e-16,1.11022302462516e-13,0,2.8421709430404e-14,1,0,2,billEUR,28.7443015053837,,,
StoreNet,2020-04-01,FRONTIER_R1.250,frontier,IMPROVED_PEAK_GUARD,ok,,"",1.25,26.978110625,NaN,0.95,0.95,2.313758875,60,20,10,DC_SOURCE,0.07,0,10,3.3,60,44.174212105,34.9296727432512,42.697179065,32.678680397,21.59234,21.5824885,21.5824885,12.40459,28.7443043798138,26.978110625,7.48091244075671,26.978110625,26.9781106250001,295.229114463229,320.148630334961,0,39.3886153325198,NaN,1.06581410364015e-14,1.06581410364015e-14,3.96627175547337e-14,8.32667268468867e-17,5.55111512312578e-17,3.96627175547337e-14,0,0,0,6.66133814775094e-16,8.88178419700125e-16,4.44089209850063e-16,8.73745520379998e-14,0,1.4210854715202e-14,1,0,2,billEUR,28.7443015053837,,,
StoreNet,2020-04-01,FRONTIER_R1.000,frontier,IMPROVED_PEAK_GUARD,ok,,"",1,21.5824885,NaN,0.95,0.95,1.372253,60,20,10,DC_SOURCE,0.07,0,10,3.3,60,44.174212105,29.0024994668224,42.697179065,26.5464670932251,21.59234,21.5824885,21.5824885,12.40459,31.3625864747744,21.5824885,10.70199,21.5824885,21.5824885,289.37225938028,250.890507371979,0,6.49113851401072,NaN,1.06581410364015e-14,1.06581410364015e-14,1.99840144432528e-15,8.32667268468867e-17,5.55111512312578e-17,1.99840144432528e-15,0,0,0,6.66133814775094e-16,8.88178419700125e-16,4.44089209850063e-16,2.35922392732846e-16,0,3.19744231092045e-14,1,0,2,billEUR,31.362583338516,,,
StoreNet,2020-04-01,FRONTIER_R0.900,frontier,IMPROVED_PEAK_GUARD,ok,,"",0.9,19.42423965,NaN,0.95,0.95,1.51802429166667,60,20,10,DC_SOURCE,0.07,0,10,3.3,60,44.174212105,25.0538157490251,42.697179065,22.4611856787317,21.59234,21.5824885,21.5824885,12.40459,33.1068863956298,19.42423965,13.62755,19.42423965,19.39593453,286.904752191391,212.008287835941,0,0.543606007029425,NaN,3.5527136788005e-15,3.5527136788005e-15,4.88498130835069e-15,7.21644966006352e-16,2.22044604925031e-16,4.88498130835069e-15,0,0,0,8.88178419700125e-16,8.88178419700125e-16,4.44089209850063e-16,0,0,2.1316282072803e-14,1,0,2,billEUR,33.1068830849414,,,
StoreNet,2020-04-01,FRONTIER_R0.800,frontier,IMPROVED_PEAK_GUARD,ok,,"",0.8,17.2659908,NaN,0.95,0.95,0.934363208333333,60,20,10,DC_SOURCE,0.07,0,10,3.3,60,44.174212105,20.9456185893672,42.697179065,18.2108727383004,21.59234,21.5824885,21.5824885,12.40459,34.9216501226286,17.2659908,16.356969,17.2659908,17.217725595,284.800460498086,171.00146614143,0,0.543652779285037,NaN,3.5527136788005e-15,3.5527136788005e-15,2.66453525910038e-15,1.66533453693773e-16,1.11022302462516e-16,2.66453525910038e-15,0,0,0,1.11022302462516e-16,8.88178419700125e-16,4.44089209850063e-16,0,0,1.4210854715202e-14,1,0,2,billEUR,34.9216466304639,,,
StoreNet,2020-04-01,FRONTIER_R0.700,frontier,IMPROVED_PEAK_GUARD,ok,,"",0.7,15.10774195,NaN,0.95,0.95,1.16438429166667,60,20,10,DC_SOURCE,0.07,0,10,3.3,60,44.174212105,16.8374214297093,42.697179065,13.960559797869,21.59234,21.5824885,21.5824885,12.40459,36.7364138496275,15.10774195,15.10774195,15.10774195,15.0603572826681,282.696168804781,129.994644446922,0,0.543699551539035,NaN,1.77635683940025e-15,1.77635683940025e-15,3.85656419080318e-15,5.55111512312578e-17,5.55111512312578e-16,3.85656419080318e-15,0,0,0,7.7715611723761e-16,0,4.44089209850063e-16,0,0,7.105427357601e-15,1,2.01146537899476e-14,2,billEUR,36.7364101759864,,,
StoreNet,2020-04-01,FRONTIER_R0.600,frontier,IMPROVED_PEAK_GUARD,ok,,"",0.6,12.9494931,NaN,0.95,0.95,1.652487,60,20,10,DC_SOURCE,0.07,0,10,3.3,60,44.174212105,12.7292242700515,42.697179065,9.71024685743762,21.59234,21.5824885,21.5824885,12.40459,38.5511775766263,12.9494931,12.9494931,12.9494931,10.3467126,280.591877111476,88.9878227524098,0,0.543746323795071,NaN,3.5527136788005e-15,3.5527136788005e-15,1.33226762955019e-15,8.32667268468867e-17,4.44089209850063e-16,1.33226762955019e-15,0,0,0,2.22044604925031e-16,0,4.44089209850063e-16,0,0,7.105427357601e-15,1,0,2,billEUR,38.5511737215089,,,
StoreNet,2020-04-01,FRONTIER_R0.500,frontier,IMPROVED_PEAK_GUARD,infeasible,StoreNet:OptimizationFailed,"Optimization failed during bill (exit flag -2).",0.5,10.79124425,NaN,0.95,0.95,0.16579775,60,20,10,DC_SOURCE,0.07,0,10,3.3,60,44.174212105,NaN,42.697179065,NaN,21.59234,21.5824885,21.5824885,12.40459,NaN,NaN,NaN,NaN,NaN,NaN,NaN,NaN,NaN,NaN,NaN,NaN,NaN,NaN,NaN,NaN,NaN,NaN,NaN,NaN,NaN,NaN,NaN,NaN,NaN,NaN,NaN,NaN,,NaN,,,
StoreNet,2020-04-01,TARIFF_L0.050,tariff,VPP_BM_DEMAND_CHARGE,ok,,"",NaN,NaN,0.05,0.95,0.95,2.99625075,60,20,10,DC_SOURCE,0.07,0,10,3.3,60,44.174212105,34.9296724577037,42.697179065,32.6786801015745,21.59234,21.5824885,21.5824885,12.40459,28.7443045059522,25.2276457631579,6.71085,25.2276457631579,25.2276457631579,295.229115113427,320.148565315259,0,39.3886478423692,30.0056867941101,NaN,NaN,7.64943663966733e-13,8.32667268468867e-17,1.11022302462516e-16,7.64943663966733e-13,0,0,0,0,8.88178419700125e-16,4.44089209850063e-16,6.99440505513849e-15,0,1.52766688188422e-13,1,0,2,billPlusDemandChargeEUR,30.0056837935416,,,
StoreNet,2020-04-01,TARIFF_L0.100,tariff,VPP_BM_DEMAND_CHARGE,ok,,"",NaN,NaN,0.1,0.95,0.95,2.51145466666667,60,20,10,DC_SOURCE,0.07,0,10,3.3,60,44.174212105,34.9296721721567,42.697179065,32.6786798061495,21.59234,21.5824885,21.5824885,12.40459,28.7443046320904,25.2276457631579,8.05382,25.2276457631579,25.2276457631579,295.229115763624,320.148500295552,0,39.3886803522245,31.2670692084061,NaN,NaN,5.79328252037214e-13,2.77555756156289e-16,1.94289029309402e-15,5.79328252037214e-13,0,0,0,1.77635683940025e-15,8.88178419700125e-16,8.88178419700125e-16,0,0,6.75015598972095e-14,1,0,2,billPlusDemandChargeEUR,31.2670660816995,,,
StoreNet,2020-04-01,TARIFF_L0.200,tariff,VPP_BM_DEMAND_CHARGE,ok,,"",NaN,NaN,0.2,0.95,0.95,2.00143595833333,60,20,10,DC_SOURCE,0.07,0,10,3.3,60,44.174212105,34.9296716010623,42.697179065,32.6786792152992,21.59234,21.5824885,21.5824885,12.40459,28.7443048843668,25.2276457631579,7.07061562833109,25.2276457631579,25.2276457631579,295.229117064017,320.148370256145,0,39.3887453719275,33.7898340369984,NaN,NaN,1.06581410364015e-14,8.32667268468867e-17,5.55111512312578e-17,1.06581410364015e-14,0,0,0,0,8.88178419700125e-16,8.88178419700125e-16,1.14352971536391e-14,0,2.8421709430404e-14,1,0,2,billPlusDemandChargeEUR,33.7898306580153,,,
StoreNet,2020-04-01,TARIFF_L0.500,tariff,VPP_BM_DEMAND_CHARGE,ok,,"",NaN,NaN,0.5,0.95,0.95,2.52751970833333,60,20,10,DC_SOURCE,0.07,0,10,3.3,60,44.174212105,34.9296698877791,42.697179065,32.678677442748,21.59234,21.5824885,21.5824885,12.40459,28.7443056411961,25.2276457631579,7.84196,25.2276457631579,25.2276457631586,295.2291209652,320.14798013792,0,39.3889404310399,41.3581285227751,NaN,NaN,3.81639164714898e-15,8.32667268468867e-17,5.55111512312578e-17,3.81639164714898e-15,0,0,0,2.22044604925031e-16,8.88178419700125e-16,4.44089209850063e-16,7.123190925995e-13,0,7.105427357601e-15,1,0,2,billPlusDemandChargeEUR,41.3581243869626,,,
StoreNet,2020-04-01,TARIFF_L1.000,tariff,VPP_BM_DEMAND_CHARGE,ok,,"",NaN,NaN,1,0.95,0.95,2.762247375,60,20,10,DC_SOURCE,0.07,0,10,3.3,60,44.174212105,11.6056030704598,42.697179065,8.54775597903847,21.59234,21.5824885,21.5824885,12.40459,39.0475283885907,12.3597674556733,12.3597674556733,12.3597674556733,6.71276233567329,280.021654452592,77.8793859353223,0,0.54224219412466,51.407295844264,NaN,NaN,7.105427357601e-15,1.94289029309402e-16,4.44089209850063e-16,7.105427357601e-15,0,0,0,2.22044604925031e-16,0,4.44089209850063e-16,0,0,3.5527136788005e-14,1,0,2,billPlusDemandChargeEUR,51.4072907035349,,,
StoreNet,2020-04-02,ANCHOR_VPP_BM,anchor,VPP_BM,ok,,"",NaN,NaN,NaN,0.95,0.95,1.17434904166667,60,20,10,DC_SOURCE,0.07,1,10,3.3,60,38.03560501,47.0393279335691,34.01529078275,40.7798329096027,17.44189,17.432523,17.432523,16.7480335,20.1439120378291,64.8598303878116,3.33066907387547e-16,64.8598303878116,64.8598303878116,221.361670745374,222.789140172513,0,29.9781236256125,NaN,NaN,NaN,8.88178419700125e-16,4.44089209850063e-16,0,8.88178419700125e-16,0,0,0,1.11022302462516e-16,0,0,4.44089209850063e-16,0,0,1,0,2,billEUR,20.1439100234381,/Users/guichenxiang/Desktop/電力專案/StoreNet/results/bahloul_vpp_improvement_v2_frontier/storenet_monthly_2020/cases/2020-04-02/ANCHOR_VPP_BM,e4ac1866c1beaf3e669d8663d59c292113c29bfa12857c6fe742f3fd4f4914cb,f889c612a0f26d162161598bc0ba544965c740e2b2f04023590fbaa14e6e4d81
StoreNet,2020-04-02,ANCHOR_VPP_BM_PEAK_LEX,anchor,VPP_BM_PEAK_LEX,ok,,"",NaN,NaN,NaN,0.95,0.95,1.77693795833333,60,20,10,DC_SOURCE,0.07,1,10,3.3,60,38.03560501,47.039327933569,34.01529078275,40.7798329096026,17.44189,17.432523,17.432523,16.7480335,20.1439120378291,20.1408186705788,1.40907338508356e-05,20.1408186705788,20.1408186705788,221.361654796522,222.790279037292,0,29.9775105042896,NaN,NaN,NaN,1.49880108324396e-15,8.88178419700125e-16,4.44089209850063e-16,1.49880108324396e-15,0,0,0,1.11022302462516e-16,8.88178419700125e-16,4.44089209850063e-16,8.88178419700125e-16,0,2.1316282072803e-14,1,0,3,billEUR,20.1439100234381,/Users/guichenxiang/Desktop/電力專案/StoreNet/results/bahloul_vpp_improvement_v2_frontier/storenet_monthly_2020/cases/2020-04-02/ANCHOR_VPP_BM_PEAK_LEX,ca57ff44a55f3400445500d36e8854ebf492d82a1717574db9c51b9f0b68eb02,5399888b3551774f0d0a0d1e9972babdf200a623ebc5aaf65a0c509aa9803c9d
StoreNet,2020-04-02,ANCHOR_PS,anchor,PS,ok,,"",NaN,NaN,NaN,0.95,0.95,2.36395691666667,60,20,10,DC_SOURCE,0.07,1,10,3.3,60,38.03560501,22.6730895769799,34.01529078275,13.5337151671451,17.44189,17.432523,17.432523,16.7480335,29.4117582149364,9.45320234766963,9.45320234766963,9.45320234766963,4.28845406723042,211.834620188949,93.3285748852542,0,7.78016085479387,NaN,NaN,NaN,1.99840144432528e-15,2.22044604925031e-16,4.44089209850063e-16,1.99840144432528e-15,0,0,0,4.44089209850063e-16,0,0,0,0,3.5527136788005e-15,1,0,3,systemPeakKW,9.45320140234949,/Users/guichenxiang/Desktop/電力專案/StoreNet/results/bahloul_vpp_improvement_v2_frontier/storenet_monthly_2020/cases/2020-04-02/ANCHOR_PS,fd136f3a189030b58218f289915650fc8b643c57d978dbc0928c8dc0b241154b,a064e7e4c37026e9599372ce2a2d753af11f28fa2e6d726885e2b3e77570b206
StoreNet,2020-04-02,FRONTIER_R2.000,frontier,IMPROVED_PEAK_GUARD,ok,,"",2,34.865046,NaN,0.95,0.95,1.23138616666667,60,20,10,DC_SOURCE,0.07,1,10,3.3,60,38.03560501,47.039327933569,34.01529078275,40.7798329096026,17.44189,17.432523,17.432523,16.7480335,20.1439120378291,34.865046,1.66533453693773e-16,34.865046,34.865046,221.361670745375,222.789140172498,0,29.9781236256204,NaN,7.105427357601e-15,7.105427357601e-15,2.83106871279415e-15,4.44089209850063e-16,2.22044604925031e-16,2.83106871279415e-15,0,0,0,1.11022302462516e-16,0,4.44089209850063e-16,6.66133814775094e-16,0,0,1,0,2,billEUR,20.1439100234381,,,
StoreNet,2020-04-02,FRONTIER_R1.500,frontier,IMPROVED_PEAK_GUARD,ok,,"",1.5,26.1487845,NaN,0.95,0.95,1.14159658333333,60,20,10,DC_SOURCE,0.07,1,10,3.3,60,38.03560501,47.039327933569,34.01529078275,40.7798329096026,17.44189,17.432523,17.432523,16.7480335,20.1439120378291,26.1487845,1.66533453693773e-16,26.1487845,26.1487845,221.361670745375,222.789140172496,0,29.9781236256213,NaN,3.5527136788005e-15,3.5527136788005e-15,9.99200722162641e-16,4.44089209850063e-16,4.44089209850063e-16,9.99200722162641e-16,0,0,0,1.11022302462516e-16,0,4.44089209850063e-16,6.66133814775094e-16,0,0,1,0,2,billEUR,20.1439100234381,,,
StoreNet,2020-04-02,FRONTIER_R1.250,frontier,IMPROVED_PEAK_GUARD,ok,,"",1.25,21.79065375,NaN,0.95,0.95,1.30700170833333,60,20,10,DC_SOURCE,0.07,1,10,3.3,60,38.03560501,47.039327933569,34.01529078275,40.7798329096026,17.44189,17.432523,17.432523,16.7480335,20.1439120378291,21.79065375,4.44089209850063e-16,21.79065375,21.79065375,221.361670745375,222.789140172498,0,29.9781236256204,NaN,1.06581410364015e-14,1.06581410364015e-14,1.94289029309402e-15,4.44089209850063e-16,4.44089209850063e-16,1.94289029309402e-15,0,0,0,1.11022302462516e-16,8.88178419700125e-16,4.44089209850063e-16,3.53883589099269e-16,0,0,1,0,2,billEUR,20.1439100234381,,,
StoreNet,2020-04-02,FRONTIER_R1.000,frontier,IMPROVED_PEAK_GUARD,ok,,"",1,17.432523,NaN,0.95,0.95,1.14293966666667,60,20,10,DC_SOURCE,0.07,1,10,3.3,60,38.03560501,41.5046913941918,34.01529078275,34.5910500286865,17.44189,17.432523,17.432523,16.7480335,22.2490445306857,17.432523,9.79558720497758,17.432523,17.432523,217.83375764271,194.600715778995,0,8.97637426050274,NaN,0,0,8.88178419700125e-16,2.22044604925031e-16,0,8.88178419700125e-16,0,0,0,1.11022302462516e-16,8.88178419700125e-16,0,1.2490009027033e-16,0,0,1,0,2,billEUR,22.2490423057815,,,
StoreNet,2020-04-02,FRONTIER_R0.900,frontier,IMPROVED_PEAK_GUARD,ok,,"",0.9,15.6892707,NaN,0.95,0.95,1.65897241666667,60,20,10,DC_SOURCE,0.07,1,10,3.3,60,38.03560501,37.5977743291793,34.01529078275,30.2223690363428,17.44189,17.432523,17.432523,16.7480335,23.7350640736022,15.6892707,15.5588847537241,15.6892707,15.6892707,216.238240497949,163.488550150055,0,8.97641255997272,NaN,3.5527136788005e-15,3.5527136788005e-15,3.99680288865056e-15,5.55111512312578e-16,2.22044604925031e-16,3.99680288865056e-15,0,0,0,3.5527136788005e-15,8.88178419700125e-16,0,2.35922392732846e-16,0,0,1,4.86766726673456e-15,2,billEUR,23.735061700096,,,
StoreNet,2020-04-02,FRONTIER_R0.800,frontier,IMPROVED_PEAK_GUARD,ok,,"",0.8,13.9460184,NaN,0.95,0.95,1.751217625,60,20,10,DC_SOURCE,0.07,1,10,3.3,60,38.03560501,33.6572889255839,34.01529078275,25.8161522170872,17.44189,17.432523,17.432523,16.7480335,25.2338515371904,13.9460184,13.9460184,13.9460184,13.9460184,214.70853737727,133.678858562974,0,8.97645118851292,NaN,3.5527136788005e-15,3.5527136788005e-15,9.53853966298435e-16,4.44089209850063e-16,2.22044604925031e-16,9.53853966298435e-16,0,0,0,2.22044604925031e-16,8.88178419700125e-16,0,2.08166817117217e-16,0,3.5527136788005e-15,1,0,2,billEUR,25.2338490138055,,,
StoreNet,2020-04-02,FRONTIER_R0.700,frontier,IMPROVED_PEAK_GUARD,ok,,"",0.7,12.2027661,NaN,0.95,0.95,1.99058566666667,60,20,10,DC_SOURCE,0.07,1,10,3.3,60,38.03560501,29.7168035219886,34.01529078275,21.4099353978316,17.44189,17.432523,17.432523,16.7480335,26.7326390007787,12.2027661,12.2027661,12.2027661,12.2027661000002,213.178834256591,103.869166975895,0,8.97648981705232,NaN,7.105427357601e-15,7.105427357601e-15,2.8643754035329e-14,2.8643754035329e-14,1.11022302462516e-15,2.66453525910038e-15,0,0,0,1.11022302462516e-15,0,0,2.16035522804248e-13,0,3.5527136788005e-15,1,0,2,billEUR,26.732636327515,,,
StoreNet,2020-04-02,FRONTIER_R0.600,frontier,IMPROVED_PEAK_GUARD,ok,,"",0.6,10.4595138,NaN,0.95,0.95,1.553688625,60,20,10,DC_SOURCE,0.07,1,10,3.3,60,38.03560501,25.6555259039975,34.01529078275,16.8686497654242,17.44189,17.432523,17.432523,16.7480335,28.2773705139173,10.4595138,10.4595138,10.4595138,8.0350248122659,211.885956133594,78.6020811805714,0,8.9454646297143,NaN,3.5527136788005e-15,3.5527136788005e-15,4.6074255521944e-15,4.44089209850063e-16,2.22044604925031e-15,4.6074255521944e-15,0,0,0,2.22044604925031e-15,8.88178419700125e-16,0,0,0,0,1,0,2,billEUR,28.2773676861805,,,
StoreNet,2020-04-02,FRONTIER_R0.500,frontier,IMPROVED_PEAK_GUARD,infeasible,StoreNet:OptimizationFailed,"Optimization failed during bill (exit flag -2).",0.5,8.7162615,NaN,0.95,0.95,0.215690916666667,60,20,10,DC_SOURCE,0.07,1,10,3.3,60,38.03560501,NaN,34.01529078275,NaN,17.44189,17.432523,17.432523,16.7480335,NaN,NaN,NaN,NaN,NaN,NaN,NaN,NaN,NaN,NaN,NaN,NaN,NaN,NaN,NaN,NaN,NaN,NaN,NaN,NaN,NaN,NaN,NaN,NaN,NaN,NaN,NaN,NaN,,NaN,,,
StoreNet,2020-04-02,TARIFF_L0.050,tariff,VPP_BM_DEMAND_CHARGE,ok,,"",NaN,NaN,0.05,0.95,0.95,1.15768216666667,60,20,10,DC_SOURCE,0.07,1,10,3.3,60,38.03560501,47.0393279584328,34.01529078275,40.7798329374051,17.44189,17.432523,17.432523,16.7480335,20.143912028372,20.1408216641451,3.99680288865056e-15,20.1408216641451,20.1408216641451,221.36167064145,222.789149354201,0,29.9781189360406,21.1509531115792,NaN,NaN,6.49480469405717e-15,4.44089209850063e-16,6.49480469405717e-15,5.32907051820075e-15,0,0,0,2.22044604925031e-16,8.88178419700125e-16,4.44089209850063e-16,3.66373598126302e-15,0,0,1,0,2,billPlusDemandChargeEUR,21.1509509964841,,,
StoreNet,2020-04-02,TARIFF_L0.100,tariff,VPP_BM_DEMAND_CHARGE,ok,,"",NaN,NaN,0.1,0.95,0.95,1.490986625,60,20,10,DC_SOURCE,0.07,1,10,3.3,60,38.03560501,47.0393279808349,34.01529078275,40.7798329624549,17.44189,17.432523,17.432523,16.7480335,20.1439120198512,20.1408216547816,3.99680288865056e-15,20.1408216547816,20.1408216547816,221.361670547816,222.789157626825,0,29.9781147107756,22.1579941853294,NaN,NaN,5.35682609381638e-15,1.22124532708767e-15,3.66373598126302e-15,5.35682609381638e-15,0,0,0,3.5527136788005e-15,8.88178419700125e-16,0,3.10862446895044e-15,0,3.5527136788005e-15,1,0,2,billPlusDemandChargeEUR,22.1579919695302,,,
StoreNet,2020-04-02,TARIFF_L0.200,tariff,VPP_BM_DEMAND_CHARGE,ok,,"",NaN,NaN,0.2,0.95,0.95,1.300416125,60,20,10,DC_SOURCE,0.07,1,10,3.3,60,38.03560501,47.0393280195844,34.01529078275,40.7798330057843,17.44189,17.432523,17.432523,16.7480335,20.1439120051126,20.1408216385853,4.66293670342566e-15,20.1408216385853,20.1408216385853,221.361670385853,222.789171936234,0,29.9781074022066,24.1720763328297,NaN,NaN,2.37587727269783e-14,8.32667268468867e-16,1.30451205393456e-14,2.37587727269783e-14,0,0,0,1.77635683940025e-15,8.88178419700125e-16,3.99680288865056e-15,1.61953783717195e-14,0,1.4210854715202e-14,1,0,2,billPlusDemandChargeEUR,24.1720739156223,,,
StoreNet,2020-04-02,TARIFF_L0.500,tariff,VPP_BM_DEMAND_CHARGE,ok,,"",NaN,NaN,0.5,0.95,0.95,1.41787716666667,60,20,10,DC_SOURCE,0.07,1,10,3.3,60,38.03560501,47.0393281028547,34.01529078275,40.7798330988964,17.44189,17.432523,17.432523,16.7480335,20.1439119734403,20.1408216037805,1.4432899320127e-15,20.1408216037805,20.1408216037805,221.361670037805,222.789202686251,0,29.9780916965528,30.2143227753305,NaN,NaN,6.47398801234544e-15,4.44089209850063e-16,5.20417042793042e-16,6.47398801234544e-15,0,0,0,2.22044604925031e-16,8.88178419700125e-16,0,2.77555756156289e-16,0,0,1,1.64568142096429e-14,2,billPlusDemandChargeEUR,30.2143197538986,,,
StoreNet,2020-04-02,TARIFF_L1.000,tariff,VPP_BM_DEMAND_CHARGE,ok,,"",NaN,NaN,1,0.95,0.95,2.13618975,60,20,10,DC_SOURCE,0.07,1,10,3.3,60,38.03560501,25.2818851149588,34.01529078275,16.4508478551519,17.44189,17.432523,17.432523,16.7480335,28.4194870485923,10.3019506199001,10.3019506199001,10.3019506199001,7.25067475490014,211.781968809739,76.7541969469451,0,8.81513137608884,38.7214376684924,NaN,NaN,4.66293670342566e-15,1.66533453693773e-15,4.44089209850063e-16,4.66293670342566e-15,0,0,0,2.22044604925031e-16,0,0,0,0,0,1,0,2,billPlusDemandChargeEUR,38.7214337963491,,,
StoreNet,2020-04-15,ANCHOR_VPP_BM,anchor,VPP_BM,ok,,"",NaN,NaN,NaN,0.95,0.95,1.60223045833333,60,20,10,DC_SOURCE,0.07,1,10,3.3,60,38.265875025,65.39699008855,31.048841546,57.353821050017,19.52503,17.2670585,17.2670585,11.045269,13.2411445276038,43.4498102726345,5.55111512312578e-16,43.4498102726345,43.4498102726345,145.507082720921,163.936634781614,0,47.178042719068,NaN,NaN,NaN,9.43689570931383e-16,4.44089209850063e-16,4.44089209850063e-16,9.43689570931383e-16,0,0,0,4.44089209850063e-16,0,0,6.66133814775094e-16,0,1.4210854715202e-14,1,0,2,billEUR,13.2411432034895,/Users/guichenxiang/Desktop/電力專案/StoreNet/results/bahloul_vpp_improvement_v2_frontier/storenet_monthly_2020/cases/2020-04-15/ANCHOR_VPP_BM,c6305b65ae8d1d0681511219ef79a1c8714993aaab198039f9dcec3a2fe62bb9,49fe3873fbe9250e0c4600f8092175f41804a89a296fb48124f6cf5a3c73c7da
StoreNet,2020-04-15,ANCHOR_VPP_BM_PEAK_LEX,anchor,VPP_BM_PEAK_LEX,ok,,"",NaN,NaN,NaN,0.95,0.95,1.48935291666667,60,20,10,DC_SOURCE,0.07,1,10,3.3,60,38.265875025,65.39699008855,31.048841546,57.353821050017,19.52503,17.2670585,17.2670585,11.045269,13.2411445276038,12.937953766051,3.8505292981883e-08,12.937953766051,12.937953766051,145.507082677338,163.938852671444,0,47.1769098844721,NaN,NaN,NaN,2.22044604925031e-15,2.22044604925031e-15,4.44089209850063e-16,1.33226762955019e-15,0,0,0,2.22044604925031e-16,0,0,1.33226762955019e-15,0,1.06581410364015e-14,1,0,3,billEUR,13.2411432034895,/Users/guichenxiang/Desktop/電力專案/StoreNet/results/bahloul_vpp_improvement_v2_frontier/storenet_monthly_2020/cases/2020-04-15/ANCHOR_VPP_BM_PEAK_LEX,2f4824eab9d0e993dc4c47a75ee059a0d0052f5f331b8ee71cd9831962ec2c1e,46c4136a7aca9455ac553bd6caa1b46bbe0fb9419e1d7ece9e6b9ff0e0b1a427
StoreNet,2020-04-15,ANCHOR_PS,anchor,PS,ok,,"",NaN,NaN,NaN,0.95,0.95,2.91729425,60,20,10,DC_SOURCE,0.07,1,10,3.3,60,38.265875025,53.2004148704408,31.048841546,42.3222578808171,19.52503,17.2670585,17.2670585,11.045269,17.9082707578956,7.60865108946108,7.60865108946107,7.60865108946108,7.60865108946108,140.786409816853,88.0378967881035,0,37.8654760044596,NaN,NaN,NaN,1.55431223447522e-15,4.44089209850063e-16,2.22044604925031e-16,1.55431223447522e-15,0,0,0,2.22044604925031e-16,0,0,1.69309011255336e-15,0,3.5527136788005e-15,1,6.12997374593807e-08,3,systemPeakKW,7.60865032859604,/Users/guichenxiang/Desktop/電力專案/StoreNet/results/bahloul_vpp_improvement_v2_frontier/storenet_monthly_2020/cases/2020-04-15/ANCHOR_PS,628799de1444ff8c3a946273723a3acf0709b2e4545618e2a8b635337a28f62f,0293ace42a76a79830856b83615806940e2d11357c1ce8aa2c07e0b7213010cc
StoreNet,2020-04-15,FRONTIER_R2.000,frontier,IMPROVED_PEAK_GUARD,ok,,"",2,34.534117,NaN,0.95,0.95,1.09226129166667,60,20,10,DC_SOURCE,0.07,1,10,3.3,60,38.265875025,65.39699008855,31.048841546,57.353821050017,19.52503,17.2670585,17.2670585,11.045269,13.2411445276038,34.534117,5.55111512312578e-16,34.534117,34.534117,145.507082720921,163.936634781602,0,47.1780427190745,NaN,0,0,8.88178419700125e-15,5.99520433297585e-15,1.77635683940025e-15,8.88178419700125e-15,0,0,0,8.88178419700125e-15,0,0,9.90874049477952e-15,0,1.24344978758018e-14,1,0,2,billEUR,13.2411432034895,,,
StoreNet,2020-04-15,FRONTIER_R1.500,frontier,IMPROVED_PEAK_GUARD,ok,,"",1.5,25.90058775,NaN,0.95,0.95,1.48982858333333,60,20,10,DC_SOURCE,0.07,1,10,3.3,60,38.265875025,65.39699008855,31.048841546,57.353821050017,19.52503,17.2670585,17.2670585,11.045269,13.2411445276038,25.90058775,5.55111512312578e-16,25.90058775,25.90058775,145.507082720921,163.936634781605,0,47.1780427190726,NaN,7.105427357601e-15,7.105427357601e-15,8.10462807976364e-15,4.44089209850063e-16,1.11022302462516e-15,8.10462807976364e-15,0,0,0,4.44089209850063e-16,0,0,1.33226762955019e-15,0,1.4210854715202e-14,1,0,2,billEUR,13.2411432034895,,,
StoreNet,2020-04-15,FRONTIER_R1.250,frontier,IMPROVED_PEAK_GUARD,ok,,"",1.25,21.583823125,NaN,0.95,0.95,0.975533458333333,60,20,10,DC_SOURCE,0.07,1,10,3.3,60,38.265875025,65.39699008855,31.048841546,57.353821050017,19.52503,17.2670585,17.2670585,11.045269,13.2411445276038,21.583823125,5.55111512312578e-16,21.583823125,21.583823125,145.507082720921,163.936634781604,0,47.178042719073,NaN,0,0,3.33066907387547e-15,1.16573417585641e-15,4.44089209850063e-16,3.33066907387547e-15,0,0,0,4.44089209850063e-16,0,0,9.99200722162641e-16,0,1.59872115546023e-14,1,0,2,billEUR,13.2411432034895,,,
StoreNet,2020-04-15,FRONTIER_R1.000,frontier,IMPROVED_PEAK_GUARD,ok,,"",1,17.2670585,NaN,0.95,0.95,1.01025254166667,60,20,10,DC_SOURCE,0.07,1,10,3.3,60,38.265875025,65.39699008855,31.048841546,57.353821050017,19.52503,17.2670585,17.2670585,11.045269,13.2411445276038,17.2670585,9.99200722162641e-16,17.2670585,17.2670585000001,145.507082720921,163.936634781604,0,47.1780427190732,NaN,1.06581410364015e-14,1.06581410364015e-14,1.14352971536391e-13,3.19744231092045e-14,1.73194791841524e-14,1.14352971536391e-13,0,0,0,4.44089209850063e-16,0,0,1.36335387423969e-13,0,0,1,0,2,billEUR,13.2411432034895,,,
StoreNet,2020-04-15,FRONTIER_R0.900,frontier,IMPROVED_PEAK_GUARD,ok,,"",0.9,15.54035265,NaN,0.95,0.95,1.23893704166667,60,20,10,DC_SOURCE,0.07,1,10,3.3,60,38.265875025,65.39699008855,31.048841546,57.353821050017,19.52503,17.2670585,17.2670585,11.045269,13.2411445276038,15.54035265,5.55111512312578e-16,15.54035265,15.54035265,145.507082720921,163.936634781603,0,47.1780427190735,NaN,1.77635683940025e-15,1.77635683940025e-15,5.32907051820075e-15,1.55431223447522e-15,1.33226762955019e-15,5.32907051820075e-15,0,0,0,4.44089209850063e-16,0,0,6.27276008913213e-15,0,1.4210854715202e-14,1,0,2,billEUR,13.2411432034895,,,
StoreNet,2020-04-15,FRONTIER_R0.800,frontier,IMPROVED_PEAK_GUARD,ok,,"",0.8,13.8136468,NaN,0.95,0.95,0.848241458333333,60,20,10,DC_SOURCE,0.07,1,10,3.3,60,38.265875025,65.39699008855,31.048841546,57.353821050017,19.52503,17.2670585,17.2670585,11.045269,13.2411445276038,13.8136468,1.72084568816899e-15,13.8136468,13.8136468,145.507082720921,163.936634781602,0,47.1780427190745,NaN,7.105427357601e-15,7.105427357601e-15,2.59792187762287e-14,1.99840144432528e-15,4.44089209850063e-16,2.59792187762287e-14,0,0,0,2.48689957516035e-14,1.77635683940025e-15,0,4.88498130835069e-15,0,1.77635683940025e-14,1,0,2,billEUR,13.2411432034895,,,
StoreNet,2020-04-15,FRONTIER_R0.700,frontier,IMPROVED_PEAK_GUARD,ok,,"",0.7,12.08694095,NaN,0.95,0.95,0.833031208333333,60,20,10,DC_SOURCE,0.07,1,10,3.3,60,38.265875025,64.114898671291,31.048841546,55.7737186210497,19.52503,17.2670585,17.2670585,11.045269,13.7317480270384,12.08694095,3.51702139276374,12.08694095,12.08694095,144.966883850713,154.571870909234,0,46.3262700068938,NaN,7.105427357601e-15,7.105427357601e-15,1.68753899743024e-14,4.44089209850063e-16,1.77635683940025e-15,1.68753899743024e-14,0,0,0,5.21804821573824e-15,0,0,1.58206781009085e-14,0,8.88178419700125e-15,1,0,2,billEUR,13.7317466538637,,,
StoreNet,2020-04-15,FRONTIER_R0.600,frontier,IMPROVED_PEAK_GUARD,ok,,"",0.6,10.3602351,NaN,0.95,0.95,0.862939,60,20,10,DC_SOURCE,0.07,1,10,3.3,60,38.265875025,60.12221825736,31.048841546,50.8529743315117,19.52503,17.2670585,17.2670585,11.045269,15.2595821243809,10.3602351,7.36479,10.3602351,10.3602351,143.311051789592,126.25687177111,0,43.8842778616352,NaN,3.90798504668055e-14,3.90798504668055e-14,3.37507799486048e-14,1.68753899743024e-14,7.7715611723761e-15,3.37507799486048e-14,0,0,0,4.88498130835069e-15,0,0,1.11022302462516e-15,0,2.1316282072803e-14,1,0,2,billEUR,15.2595805984228,,,
StoreNet,2020-04-15,FRONTIER_R0.500,frontier,IMPROVED_PEAK_GUARD,ok,,"",0.5,8.63352925,NaN,0.95,0.95,0.804427041666667,60,20,10,DC_SOURCE,0.07,1,10,3.3,60,38.265875025,55.8560812323613,31.048841546,45.5952108173313,19.52503,17.2670585,17.2670585,11.045269,16.8920567867622,8.63352925000001,8.235245815,8.63352925000001,8.63352925000001,141.641551451094,100.05298952925,0,40.4930542908911,NaN,8.88178419700125e-15,8.88178419700125e-15,9.43689570931383e-16,4.44089209850063e-16,4.44089209850063e-16,9.43689570931383e-16,0,0,0,2.22044604925031e-16,0,0,1.33226762955019e-15,0,7.105427357601e-15,1,0,2,billEUR,16.8920550975566,,,
StoreNet,2020-04-15,TARIFF_L0.050,tariff,VPP_BM_DEMAND_CHARGE,ok,,"",NaN,NaN,0.05,0.95,0.95,1.11600183333333,60,20,10,DC_SOURCE,0.07,1,10,3.3,60,38.265875025,65.3950147781754,31.048841546,57.3513865959064,19.52503,17.2670585,17.2670585,11.045269,13.2419003974031,12.6658318482452,9.99200722162641e-16,12.6658318482452,12.6658318482452,145.515388982452,164.47025950027,0,46.9054773319279,13.8751919898154,NaN,NaN,3.37507799486048e-14,4.44089209850063e-16,2.22044604925031e-16,3.37507799486048e-14,0,0,0,4.44089209850063e-16,0,0,2.77555756156289e-15,0,2.1316282072803e-14,1,0,2,billPlusDemandChargeEUR,13.8751906022963,,,
StoreNet,2020-04-15,TARIFF_L0.100,tariff,VPP_BM_DEMAND_CHARGE,ok,,"",NaN,NaN,0.1,0.95,0.95,1.31148229166667,60,20,10,DC_SOURCE,0.07,1,10,3.3,60,38.265875025,65.3950147992191,31.048841546,57.3513866218416,19.52503,17.2670585,17.2670585,11.045269,13.2419003893506,12.6658318393963,7.21644966006352e-15,12.6658318393963,12.6658318393963,145.515388893962,164.47026796243,0,46.9054731024749,14.5084835732902,NaN,NaN,9.76996261670138e-15,4.66293670342566e-15,4.66293670342566e-15,9.76996261670138e-15,0,0,0,4.44089209850063e-16,0,0,1.4432899320127e-15,0,2.30926389122033e-14,1,0,2,billPlusDemandChargeEUR,14.508482122442,,,
StoreNet,2020-04-15,TARIFF_L0.200,tariff,VPP_BM_DEMAND_CHARGE,ok,,"",NaN,NaN,0.2,0.95,0.95,1.10072720833333,60,20,10,DC_SOURCE,0.07,1,10,3.3,60,38.265875025,65.3950148356191,31.048841546,57.3513866667024,19.52503,17.2670585,17.2670585,11.045269,13.2419003754218,12.6658318240899,9.99200722162641e-16,12.6658318240899,12.6658318240899,145.515388740899,164.47028259969,0,46.9054657866591,15.7750667402398,NaN,NaN,7.21644966006352e-14,4.04121180963557e-14,7.17204073907851e-14,7.21644966006352e-14,0,0,0,4.44089209850063e-16,0,0,2.77555756156289e-15,0,1.59872115546023e-14,1,0,2,billPlusDemandChargeEUR,15.7750651627332,,,
StoreNet,2020-04-15,TARIFF_L0.500,tariff,VPP_BM_DEMAND_CHARGE,ok,,"",NaN,NaN,0.5,0.95,0.95,1.051367,60,20,10,DC_SOURCE,0.07,1,10,3.3,60,38.265875025,65.3950149138403,31.048841546,57.3513867631055,19.52503,17.2670585,17.2670585,11.045269,13.2419003454898,12.6658317911976,6.43929354282591e-15,12.6658317911976,12.6658317911976,145.515388411975,164.470314054213,0,46.9054500654456,19.5748162410885,NaN,NaN,1.50990331349021e-14,6.88338275267597e-15,5.55111512312578e-16,1.50990331349021e-14,0,0,0,4.44089209850063e-16,0,0,8.04911692853238e-16,0,2.8421709430404e-14,1,0,2,billPlusDemandChargeEUR,19.5748142836071,,,
StoreNet,2020-04-15,TARIFF_L1.000,tariff,VPP_BM_DEMAND_CHARGE,ok,,"",NaN,NaN,1,0.95,0.95,1.360672,60,20,10,DC_SOURCE,0.07,1,10,3.3,60,38.265875025,53.7719501941777,31.048841546,43.0266416253148,19.52503,17.2670585,17.2670585,11.045269,17.6895677651907,7.8118015,7.78222515131579,7.8118015,7.8118015,140.953373294798,89.667726713536,0,38.7066478851305,25.5013692651907,NaN,NaN,3.10862446895044e-15,3.10862446895044e-15,2.22044604925031e-16,2.44249065417534e-15,0,0,0,6.66133814775094e-16,0,0,1.02695629777827e-15,0,3.5527136788005e-15,1,7.51614617418338e-08,2,billPlusDemandChargeEUR,25.5013667150541,,,
StoreNet,2020-04-16,ANCHOR_VPP_BM,anchor,VPP_BM,ok,,"",NaN,NaN,NaN,0.95,0.95,1.40847020833333,60,20,10,DC_SOURCE,0.07,1,10,3.3,60,40.503017345,57.8120495459045,32.4138198945,47.2836186986351,18.67433,14.3783125,14.3783125,13.6479645,17.0873928899223,47.4889244782776,2.63677968348475e-16,47.4889244782776,47.4889244782776,187.773548240904,204.874065035833,0,24.6398189333111,NaN,NaN,NaN,1.49880108324396e-15,1.33226762955019e-15,1.11022302462516e-16,1.49880108324396e-15,0,0,0,1.11022302462516e-16,0,0,1.60010893424101e-14,0,0,1,0,2,billEUR,17.0873911811832,/Users/guichenxiang/Desktop/電力專案/StoreNet/results/bahloul_vpp_improvement_v2_frontier/storenet_monthly_2020/cases/2020-04-16/ANCHOR_VPP_BM,a951af8d44b4404dfad8218de3d02663d9a16b241b525f3383ab1d49431dc3b5,17552c203c662bdc3747ab4a575488f6d35f015a5908bd1a98ac8a15e30caf24
StoreNet,2020-04-16,ANCHOR_VPP_BM_PEAK_LEX,anchor,VPP_BM_PEAK_LEX,ok,,"",NaN,NaN,NaN,0.95,0.95,1.703797625,60,20,10,DC_SOURCE,0.07,1,10,3.3,60,40.503017345,57.8120495459045,32.4138198945,47.2836186986351,18.67433,14.3783125,14.3783125,13.6479645,17.0873928899223,16.7670902909071,1.04752412048548e-05,16.7670902909071,16.7670902909071,187.773536384313,204.874990529153,0,24.6393349714099,NaN,NaN,NaN,1.33226762955019e-15,6.66133814775094e-16,2.77555756156289e-17,1.33226762955019e-15,0,0,0,1.11022302462516e-16,8.88178419700125e-16,0,9.99200722162641e-16,0,3.5527136788005e-15,1,0,3,billEUR,17.0873911811832,/Users/guichenxiang/Desktop/電力專案/StoreNet/results/bahloul_vpp_improvement_v2_frontier/storenet_monthly_2020/cases/2020-04-16/ANCHOR_VPP_BM_PEAK_LEX,536722f551f1fa88876c65b102b6255e443153a6ed5e56b70e8c2a0d0b4c9ad2,7dd3754af7578b7d28aca6b0b76b105975302f7cc1462df0c38208a961c2a276
StoreNet,2020-04-16,ANCHOR_PS,anchor,PS,ok,,"",NaN,NaN,NaN,0.95,0.95,1.42755925,60,20,10,DC_SOURCE,0.07,1,10,3.3,60,40.503017345,46.3243292015273,32.4138198945,32.9290212498546,18.67433,14.3783125,14.3783125,13.6479645,21.7402662535505,11.3196099261039,10.2436458161585,11.3196099261039,11.3196099261039,182.70715623364,106.473934397555,0,24.5893095014539,NaN,NaN,NaN,1.6153745008296e-14,8.88178419700125e-16,2.77555756156289e-17,1.6153745008296e-14,0,0,0,1.11022302462516e-16,0,0,5.55111512312578e-16,0,1.77635683940025e-15,1,0,3,systemPeakKW,11.319608794143,/Users/guichenxiang/Desktop/電力專案/StoreNet/results/bahloul_vpp_improvement_v2_frontier/storenet_monthly_2020/cases/2020-04-16/ANCHOR_PS,dd29cc52cb3918909cbe24a60c4d2727615a6b54214f1136b1822f08f4064d35,6c1ed627a8621f75eeffaa66176435735c213e9cd9795988f28af566aa1b0649
StoreNet,2020-04-16,FRONTIER_R2.000,frontier,IMPROVED_PEAK_GUARD,ok,,"",2,28.756625,NaN,0.95,0.95,1.15860995833333,60,20,10,DC_SOURCE,0.07,1,10,3.3,60,40.503017345,57.8120495459045,32.4138198945,47.2836186986351,18.67433,14.3783125,14.3783125,13.6479645,17.0873928899223,28.756625,2.63677968348475e-16,28.756625,28.756625,187.773548240904,204.874065035836,0,24.6398189333097,NaN,3.5527136788005e-15,3.5527136788005e-15,1.99840144432528e-15,4.44089209850063e-16,2.77555756156289e-17,1.99840144432528e-15,0,0,0,1.11022302462516e-16,0,0,1.55431223447522e-15,0,0,1,0,2,billEUR,17.0873911811832,,,
StoreNet,2020-04-16,FRONTIER_R1.500,frontier,IMPROVED_PEAK_GUARD,ok,,"",1.5,21.56746875,NaN,0.95,0.95,0.817965,60,20,10,DC_SOURCE,0.07,1,10,3.3,60,40.503017345,57.8120495459045,32.4138198945,47.2836186986351,18.67433,14.3783125,14.3783125,13.6479645,17.0873928899223,21.56746875,4.44089209850063e-16,21.56746875,21.56746875,187.773548240904,204.874065035829,0,24.6398189333129,NaN,3.5527136788005e-15,3.5527136788005e-15,1.11022302462516e-15,1.11022302462516e-15,2.77555756156289e-17,1.11022302462516e-15,0,0,0,1.11022302462516e-16,0,0,1.11022302462516e-15,0,0,1,0,2,billEUR,17.0873911811832,,,
StoreNet,2020-04-16,FRONTIER_R1.250,frontier,IMPROVED_PEAK_GUARD,ok,,"",1.25,17.972890625,NaN,0.95,0.95,1.28501941666667,60,20,10,DC_SOURCE,0.07,1,10,3.3,60,40.503017345,57.8120495459045,32.4138198945,47.2836186986351,18.67433,14.3783125,14.3783125,13.6479645,17.0873928899223,17.972890625,1.60982338570648e-15,17.972890625,17.972890625,187.773548240904,204.874065035833,0,24.6398189333112,NaN,3.5527136788005e-15,3.5527136788005e-15,1.04360964314765e-14,4.44089209850063e-16,1.77635683940025e-15,1.04360964314765e-14,0,0,0,1.77635683940025e-15,0,0,9.32587340685131e-15,0,0,1,1.23467659943367e-14,2,billEUR,17.0873911811832,,,
StoreNet,2020-04-16,FRONTIER_R1.000,frontier,IMPROVED_PEAK_GUARD,ok,,"",1,14.3783125,NaN,0.95,0.95,0.883221541666667,60,20,10,DC_SOURCE,0.07,1,10,3.3,60,40.503017345,52.8529022109934,32.4138198945,41.0868658575299,18.67433,14.3783125,14.3783125,13.6479645,19.0959971951454,14.3783125,7.9170485,14.3783125,14.3783125,185.444480614152,159.487954904557,0,24.6394637700898,NaN,7.105427357601e-15,7.105427357601e-15,1.0547118733939e-13,8.77076189453874e-15,2.22044604925031e-16,1.0547118733939e-13,0,0,0,6.43929354282591e-15,8.88178419700125e-16,0,1.22124532708767e-15,0,0,1,0,2,billEUR,19.0959952855459,,,
StoreNet,2020-04-16,FRONTIER_R0.900,frontier,IMPROVED_PEAK_GUARD,ok,,"",0.9,12.94048125,NaN,0.95,0.95,0.790062375,60,20,10,DC_SOURCE,0.07,1,10,3.3,60,40.503017345,49.8348362667153,32.4138198945,37.3156109518348,18.67433,14.3783125,14.3783125,13.6479645,20.3184049680399,12.94048125,8.9826805,12.94048125,12.94048125,184.111705281134,133.523254268858,0,24.6342797754395,NaN,5.32907051820075e-15,5.32907051820075e-15,7.54951656745106e-15,2.22044604925031e-15,4.16333634234434e-17,7.54951656745106e-15,0,0,0,7.7715611723761e-16,0,0,1.30451205393456e-15,0,0,1,0,2,billEUR,20.3184029361997,,,
StoreNet,2020-04-16,FRONTIER_R0.800,frontier,IMPROVED_PEAK_GUARD,ok,,"",0.8,11.50265,NaN,0.95,0.95,1.23672920833333,60,20,10,DC_SOURCE,0.07,1,10,3.3,60,40.503017345,46.7641764831282,32.4138198945,33.4786368808977,18.67433,14.3783125,14.3783125,13.6479645,21.5621148327922,11.50265,9.8256976,11.50265,11.50265,182.857841712846,109.151372179846,0,24.634311829814,NaN,7.105427357601e-15,7.105427357601e-15,1.77635683940025e-15,4.44089209850063e-16,4.44089209850063e-16,1.77635683940025e-15,0,0,0,1.11022302462516e-15,0,0,1.19348975147204e-15,0,0,1,0,2,billEUR,21.5621126765809,,,
StoreNet,2020-04-16,FRONTIER_R0.700,frontier,IMPROVED_PEAK_GUARD,infeasible,StoreNet:OptimizationFailed,"Optimization failed during bill (exit flag -2).",0.7,10.06481875,NaN,0.95,0.95,0.134057541666667,60,20,10,DC_SOURCE,0.07,1,10,3.3,60,40.503017345,NaN,32.4138198945,NaN,18.67433,14.3783125,14.3783125,13.6479645,NaN,NaN,NaN,NaN,NaN,NaN,NaN,NaN,NaN,NaN,NaN,NaN,NaN,NaN,NaN,NaN,NaN,NaN,NaN,NaN,NaN,NaN,NaN,NaN,NaN,NaN,NaN,NaN,,NaN,,,
StoreNet,2020-04-16,FRONTIER_R0.600,frontier,IMPROVED_PEAK_GUARD,infeasible,StoreNet:OptimizationFailed,"Optimization failed during bill (exit flag -2).",0.6,8.6269875,NaN,0.95,0.95,0.12537725,60,20,10,DC_SOURCE,0.07,1,10,3.3,60,40.503017345,NaN,32.4138198945,NaN,18.67433,14.3783125,14.3783125,13.6479645,NaN,NaN,NaN,NaN,NaN,NaN,NaN,NaN,NaN,NaN,NaN,NaN,NaN,NaN,NaN,NaN,NaN,NaN,NaN,NaN,NaN,NaN,NaN,NaN,NaN,NaN,NaN,NaN,,NaN,,,
StoreNet,2020-04-16,FRONTIER_R0.500,frontier,IMPROVED_PEAK_GUARD,infeasible,StoreNet:OptimizationFailed,"Optimization failed during bill (exit flag -2).",0.5,7.18915625,NaN,0.95,0.95,0.05861825,60,20,10,DC_SOURCE,0.07,1,10,3.3,60,40.503017345,NaN,32.4138198945,NaN,18.67433,14.3783125,14.3783125,13.6479645,NaN,NaN,NaN,NaN,NaN,NaN,NaN,NaN,NaN,NaN,NaN,NaN,NaN,NaN,NaN,NaN,NaN,NaN,NaN,NaN,NaN,NaN,NaN,NaN,NaN,NaN,NaN,NaN,,NaN,,,
StoreNet,2020-04-16,TARIFF_L0.050,tariff,VPP_BM_DEMAND_CHARGE,ok,,"",NaN,NaN,0.05,0.95,0.95,2.178944375,60,20,10,DC_SOURCE,0.07,1,10,3.3,60,40.503017345,57.8120495694282,32.4138198945,47.2836187280294,18.67433,14.3783125,14.3783125,13.6479645,17.0873928803945,16.7670925136203,4.44089209850063e-16,16.7670925136203,16.7670925136203,187.773548136203,204.874074286182,0,24.6398142086703,17.9257475060755,NaN,NaN,5.77315972805081e-15,4.44089209850063e-16,2.77555756156289e-17,5.77315972805081e-15,0,0,0,4.44089209850063e-16,8.88178419700125e-16,0,2.99760216648792e-15,0,0,1,0,2,billPlusDemandChargeEUR,17.9257457135009,,,
StoreNet,2020-04-16,TARIFF_L0.100,tariff,VPP_BM_DEMAND_CHARGE,ok,,"",NaN,NaN,0.1,0.95,0.95,1.60356270833333,60,20,10,DC_SOURCE,0.07,1,10,3.3,60,40.503017345,57.8120495906228,32.4138198945,47.2836187545133,18.67433,14.3783125,14.3783125,13.6479645,17.08739287181,16.7670925041869,8.88178419700125e-16,16.7670925041869,16.7670925041869,187.773548041868,204.874082620655,0,24.6398099518161,18.7641021222287,NaN,NaN,1.19904086659517e-14,6.66133814775094e-16,2.77555756156289e-17,1.19904086659517e-14,0,0,0,4.44089209850063e-16,8.88178419700125e-16,0,8.88178419700125e-16,0,0,1,0,2,billPlusDemandChargeEUR,18.7641002458187,,,
StoreNet,2020-04-16,TARIFF_L0.200,tariff,VPP_BM_DEMAND_CHARGE,ok,,"",NaN,NaN,0.2,0.95,0.95,2.00455558333333,60,20,10,DC_SOURCE,0.07,1,10,3.3,60,40.503017345,57.8120496272838,32.4138198945,47.2836188003234,18.67433,14.3783125,14.3783125,13.6479645,17.0873928569612,16.7670924878695,2.88657986402541e-14,16.7670924878695,16.7670924878696,187.773547878695,204.87409703704,0,24.6398025886088,20.4408113545351,NaN,NaN,6.88338275267597e-14,3.50830475781549e-14,2.22044604925031e-16,6.88338275267597e-14,0,0,0,1.77635683940025e-15,8.88178419700125e-16,0,6.36851682500605e-14,0,0,1,0,2,billPlusDemandChargeEUR,20.4408093104542,,,
StoreNet,2020-04-16,TARIFF_L0.500,tariff,VPP_BM_DEMAND_CHARGE,ok,,"",NaN,NaN,0.5,0.95,0.95,1.80601975,60,20,10,DC_SOURCE,0.07,1,10,3.3,60,40.503017345,57.8120497060658,32.4138198945,47.2836188987663,18.67433,14.3783125,14.3783125,13.6479645,17.0873928250521,16.7670924528045,5.55111512312578e-16,16.7670924528045,16.7670924528045,187.773547528045,204.874128016923,0,24.6397867655498,25.4709390514544,NaN,NaN,1.37667655053519e-14,4.44089209850063e-16,2.77555756156289e-17,1.37667655053519e-14,0,0,0,4.44089209850063e-16,8.88178419700125e-16,0,1.33226762955019e-15,0,0,1,0,2,billPlusDemandChargeEUR,25.4709365043608,,,
StoreNet,2020-04-16,TARIFF_L1.000,tariff,VPP_BM_DEMAND_CHARGE,ok,,"",NaN,NaN,1,0.95,0.95,1.746084375,60,20,10,DC_SOURCE,0.07,1,10,3.3,60,40.503017345,46.3243222986629,32.4138198945,32.9290126243103,18.67433,14.3783125,14.3783125,13.6479645,21.7402690494189,11.319608794143,9.53688837,11.319608794143,11.319608794143,182.707164034448,106.473048818027,0,24.5897436883152,33.0598778435619,NaN,NaN,7.21644966006352e-15,4.44089209850063e-16,2.22044604925031e-16,7.21644966006352e-15,0,0,0,1.01030295240889e-14,0,0,2.22044604925031e-16,0,0,1,1.6857509412992e-08,2,billPlusDemandChargeEUR,33.0598745375744,,,
StoreNet,2020-05-01,ANCHOR_VPP_BM,anchor,VPP_BM,ok,,"",NaN,NaN,NaN,0.95,0.95,1.39575429166667,60,20,10,DC_SOURCE,0.07,0,10,3.3,60,48.90166106,29.4196480353264,48.25838992775,28.4788312573341,22.56567,22.565423,22.565423,11.696384,34.5149644927198,79.8157942105263,13.55112,79.8157942105263,79.8157942105263,318.953210535899,319.999908702084,0,32.17639413349,NaN,NaN,NaN,1.99840144432528e-15,2.77555756156289e-17,4.44089209850063e-16,1.99840144432528e-15,0,0,0,4.44089209850063e-16,0,8.88178419700125e-16,1.11022302462516e-15,0,0,1,2.88211198869971e-15,2,billEUR,34.5149610412237,/Users/guichenxiang/Desktop/電力專案/StoreNet/results/bahloul_vpp_improvement_v2_frontier/storenet_monthly_2020/cases/2020-05-01/ANCHOR_VPP_BM,2ab9424b72cb7ab8f8764efa9cf4c774dd0f07c5ec83e1d91c9f42cb558110d7,bdefee202d2a956a75d0ec40d59df6a953358e263293f00787302cf440a1fbe6
StoreNet,2020-05-01,ANCHOR_VPP_BM_PEAK_LEX,anchor,VPP_BM_PEAK_LEX,ok,,"",NaN,NaN,NaN,0.95,0.95,2.33581654166667,60,20,10,DC_SOURCE,0.07,0,10,3.3,60,48.90166106,29.4196480353264,48.25838992775,28.4788312573341,22.56567,22.565423,22.565423,11.696384,34.5149644927198,24.4366944016736,14.83122,24.4366944016736,24.4366944016736,318.953210535899,319.999908702084,0,32.17639413349,NaN,NaN,NaN,2.55351295663786e-15,2.77555756156289e-17,2.77555756156289e-17,2.55351295663786e-15,0,0,0,2.22044604925031e-16,8.88178419700125e-16,4.44089209850063e-16,8.88178419700125e-16,0,7.105427357601e-15,1,2.88211198869971e-15,3,billEUR,34.5149610412237,/Users/guichenxiang/Desktop/電力專案/StoreNet/results/bahloul_vpp_improvement_v2_frontier/storenet_monthly_2020/cases/2020-05-01/ANCHOR_VPP_BM_PEAK_LEX,fbed4c6fd176d6adfead47a9f60377a28d91ceac533e7a752d6f0927e51ddf75,a70779716921f48b484bc208ceae682dab8ded0f129a4a1128f39e0764cd8603
StoreNet,2020-05-01,ANCHOR_PS,anchor,PS,ok,,"",NaN,NaN,NaN,0.95,0.95,3.3006125,60,20,10,DC_SOURCE,0.07,0,10,3.3,60,48.90166106,10.406721497205,48.25838992775,9.21246761118092,22.56567,22.565423,22.565423,11.696384,43.8126013859786,12.9326235719625,12.9326235719625,12.9326235719625,3.34584607196251,305.800872678351,108.103779895724,0,0.0010190945628421,NaN,NaN,NaN,1.39679934285653e-14,1.11022302462516e-16,2.22044604925031e-16,1.39679934285653e-14,0,0,0,1.33226762955019e-15,8.88178419700125e-16,0,0,0,2.1316282072803e-14,1,1.37354729854429e-16,3,systemPeakKW,12.9326222787003,/Users/guichenxiang/Desktop/電力專案/StoreNet/results/bahloul_vpp_improvement_v2_frontier/storenet_monthly_2020/cases/2020-05-01/ANCHOR_PS,2c56f36b3185167cabf177b06a6ffdee25e00daf1bc7f004b2655a5618690d27,b224d916e9fc77fb9d82be473e88d1705cf10374849a14d91a5cd9e661a285b6
StoreNet,2020-05-01,FRONTIER_R2.000,frontier,IMPROVED_PEAK_GUARD,ok,,"",2,45.130846,NaN,0.95,0.95,1.07214870833333,60,20,10,DC_SOURCE,0.07,0,10,3.3,60,48.90166106,29.4196480353263,48.25838992775,28.478831257334,22.56567,22.565423,22.565423,11.696384,34.5149644927198,45.130846,14.83122,45.130846,45.130846,318.953210535899,319.999908702083,0,32.1763941334896,NaN,1.4210854715202e-14,1.4210854715202e-14,1.33226762955019e-15,2.77555756156289e-17,7.63278329429795e-16,1.33226762955019e-15,0,0,0,4.44089209850063e-16,0,0,1.33226762955019e-15,0,0,1,0,2,billEUR,34.5149610412237,,,
StoreNet,2020-05-01,FRONTIER_R1.500,frontier,IMPROVED_PEAK_GUARD,ok,,"",1.5,33.8481345,NaN,0.95,0.95,1.22982404166667,60,20,10,DC_SOURCE,0.07,0,10,3.3,60,48.90166106,29.4196480353263,48.25838992775,28.4788312573341,22.56567,22.565423,22.565423,11.696384,34.5149644927198,33.8481345,14.83122,33.8481345,33.8481345,318.953210535899,319.999908702083,0,32.1763941334897,NaN,7.105427357601e-15,7.105427357601e-15,1.0547118733939e-15,2.77555756156289e-17,4.44089209850063e-16,1.0547118733939e-15,0,0,0,4.44089209850063e-16,0,4.44089209850063e-16,1.33226762955019e-15,0,0,1,0,2,billEUR,34.5149610412237,,,
StoreNet,2020-05-01,FRONTIER_R1.250,frontier,IMPROVED_PEAK_GUARD,ok,,"",1.25,28.20677875,NaN,0.95,0.95,1.24896666666667,60,20,10,DC_SOURCE,0.07,0,10,3.3,60,48.90166106,29.419648035326,48.25838992775,28.4788312573338,22.56567,22.565423,22.565423,11.696384,34.5149644927199,28.20677875,14.83122,28.20677875,28.20677875,318.953210535898,319.99990870208,0,32.1763941334882,NaN,7.105427357601e-15,7.105427357601e-15,2.22044604925031e-15,9.0205620750794e-17,4.44089209850063e-16,2.22044604925031e-15,0,0,0,2.22044604925031e-16,8.88178419700125e-16,4.44089209850063e-16,7.7715611723761e-16,0,2.1316282072803e-14,1,0,2,billEUR,34.5149610412238,,,
StoreNet,2020-05-01,FRONTIER_R1.000,frontier,IMPROVED_PEAK_GUARD,ok,,"",1,22.565423,NaN,0.95,0.95,1.68017325,60,20,10,DC_SOURCE,0.07,0,10,3.3,60,48.90166106,26.6710332188721,48.25838992775,25.693578157511,22.56567,22.565423,22.565423,11.696384,35.8590827941071,22.565423,14.83122,22.565423,22.565423,315.946541116278,284.445703646664,0,15.2881467321653,NaN,0,0,1.77635683940025e-15,2.77555756156289e-17,2.77555756156289e-17,1.77635683940025e-15,0,0,0,2.22044604925031e-16,8.88178419700125e-16,4.44089209850063e-16,7.0603245472256e-16,0,0,1,0,2,billEUR,35.8590792081993,,,
StoreNet,2020-05-01,FRONTIER_R0.900,frontier,IMPROVED_PEAK_GUARD,ok,,"",0.9,20.3088807,NaN,0.95,0.95,0.784105625,60,20,10,DC_SOURCE,0.07,0,10,3.3,60,48.90166106,23.2136875258981,48.25838992775,22.190146992522,22.56567,22.565423,22.565423,11.696384,37.5497822665578,20.3088807,15.21149,20.3088807,20.3088807,312.680902175556,241.754993244412,0,0.000967777793970886,NaN,3.5527136788005e-15,3.5527136788005e-15,8.88178419700125e-16,2.77555756156289e-17,5.55111512312578e-17,8.88178419700125e-16,0,0,0,5.55111512312578e-16,8.88178419700125e-16,0,0,0,0,1,3.64448725760865e-15,2,billEUR,37.54977851158,,,
StoreNet,2020-05-01,FRONTIER_R0.800,frontier,IMPROVED_PEAK_GUARD,ok,,"",0.8,18.0523384,NaN,0.95,0.95,0.760155958333333,60,20,10,DC_SOURCE,0.07,0,10,3.3,60,48.90166106,19.3336275410883,48.25838992775,18.2583668698593,22.56567,22.565423,22.565423,11.696384,39.4471960492542,18.0523384,18.043203,18.0523384,18.0523384,310.480774411104,198.880591739591,0,0.00101668020437625,NaN,7.105427357601e-15,7.105427357601e-15,7.105427357601e-15,2.77555756156289e-17,2.17187379192296e-15,7.105427357601e-15,0,0,0,4.21884749357559e-15,8.88178419700125e-16,0,0,0,0,1,0,2,billEUR,39.447192104535,,,
StoreNet,2020-05-01,FRONTIER_R0.700,frontier,IMPROVED_PEAK_GUARD,ok,,"",0.7,15.7957961,NaN,0.95,0.95,1.20023925,60,20,10,DC_SOURCE,0.07,0,10,3.3,60,48.90166106,15.4535675562785,48.25838992775,14.3265867471965,22.56567,22.565423,22.565423,11.696384,41.3446098319505,15.7957961,15.7957961,15.7957961,15.4236260918331,308.280646646652,156.006190234767,0,0.00106558261622085,NaN,3.5527136788005e-15,3.5527136788005e-15,2.88657986402541e-15,6.24500451351651e-17,1.11022302462516e-16,2.88657986402541e-15,0,0,0,4.44089209850063e-16,8.88178419700125e-16,0,0,0,0,1,0,2,billEUR,41.34460569749,,,
StoreNet,2020-05-01,FRONTIER_R0.600,frontier,IMPROVED_PEAK_GUARD,ok,,"",0.6,13.5392538,NaN,0.95,0.95,1.63096308333333,60,20,10,DC_SOURCE,0.07,0,10,3.3,60,48.90166106,11.5735075714687,48.25838992775,10.3948066245337,22.56567,22.565423,22.565423,11.696384,43.2420236146469,13.5392538,13.5392538,13.5392538,11.3890997710818,306.080518882201,113.131788729932,0,0.00111448503414339,NaN,2.1316282072803e-14,2.1316282072803e-14,2.8421709430404e-14,2.77555756156289e-17,1.33226762955019e-15,2.8421709430404e-14,0,0,0,8.88178419700125e-16,8.88178419700125e-16,0,0,0,0,1,0,2,billEUR,43.242019290445,,,
StoreNet,2020-05-01,FRONTIER_R0.500,frontier,IMPROVED_PEAK_GUARD,infeasible,StoreNet:OptimizationFailed,"Optimization failed during bill (exit flag -2).",0.5,11.2827115,NaN,0.95,0.95,0.124481416666667,60,20,10,DC_SOURCE,0.07,0,10,3.3,60,48.90166106,NaN,48.25838992775,NaN,22.56567,22.565423,22.565423,11.696384,NaN,NaN,NaN,NaN,NaN,NaN,NaN,NaN,NaN,NaN,NaN,NaN,NaN,NaN,NaN,NaN,NaN,NaN,NaN,NaN,NaN,NaN,NaN,NaN,NaN,NaN,NaN,NaN,,NaN,,,
StoreNet,2020-05-01,TARIFF_L0.050,tariff,VPP_BM_DEMAND_CHARGE,ok,,"",NaN,NaN,0.05,0.95,0.95,1.32934920833333,60,20,10,DC_SOURCE,0.07,0,10,3.3,60,48.90166106,29.4196472387108,48.25838992775,28.4788304500999,22.56567,22.565423,22.565423,11.696384,34.514964882278,24.4366914156637,14.83122,24.4366914156637,24.4366914156637,318.953209664493,319.99989839761,0,32.1763892388646,35.7367994530612,NaN,NaN,9.48893741359313e-15,2.77555756156289e-17,4.44089209850063e-16,9.48893741359313e-15,0,0,0,1.11022302462516e-16,1.33226762955019e-15,4.44089209850063e-16,4.49293380277993e-16,0,7.105427357601e-15,1,0,2,billPlusDemandChargeEUR,35.7367958793816,,,
StoreNet,2020-05-01,TARIFF_L0.100,tariff,VPP_BM_DEMAND_CHARGE,ok,,"",NaN,NaN,0.1,0.95,0.95,1.73305616666667,60,20,10,DC_SOURCE,0.07,0,10,3.3,60,48.90166106,29.4196463132538,48.25838992775,28.4788295123067,22.56567,22.565423,22.565423,11.696384,34.5149653348419,24.4366907856068,14.83122,24.4366907856068,24.4366907856068,318.953208652149,319.999886426529,0,32.1763835526011,36.9586344134025,NaN,NaN,5.32907051820075e-15,2.77555756156289e-17,4.44089209850063e-16,5.32907051820075e-15,0,0,0,1.11022302462516e-16,8.88178419700125e-16,4.44089209850063e-16,4.44089209850063e-16,0,7.105427357601e-15,1,0,2,billPlusDemandChargeEUR,36.9586307175395,,,
StoreNet,2020-05-01,TARIFF_L0.200,tariff,VPP_BM_DEMAND_CHARGE,ok,,"",NaN,NaN,0.2,0.95,0.95,1.28613395833333,60,20,10,DC_SOURCE,0.07,0,10,3.3,60,48.90166106,29.419643926661,48.25838992775,28.4788270939014,22.56567,22.565423,22.565423,11.696384,34.5149665019254,24.4366891607997,14.83122,24.4366891607997,24.4366891607997,318.95320604149,319.999855555194,0,32.1763688887172,39.4023043340853,NaN,NaN,1.98729921407903e-14,2.77555756156289e-17,4.21884749357559e-15,1.98729921407903e-14,0,0,0,1.11022302462516e-16,8.88178419700125e-16,4.44089209850063e-16,5.55111512312578e-15,0,0,1,0,2,billPlusDemandChargeEUR,39.4023003938553,,,
StoreNet,2020-05-01,TARIFF_L0.500,tariff,VPP_BM_DEMAND_CHARGE,ok,,"",NaN,NaN,0.5,0.95,0.95,1.39460320833333,60,20,10,DC_SOURCE,0.07,0,10,3.3,60,48.90166106,29.4196236471576,48.25838992775,28.4788065440777,22.56567,22.565423,22.565423,11.696384,34.5149764189394,24.4366753543885,13.59439,24.4366753543885,24.4366753543885,318.953183858039,319.999593233381,0,32.1762442858558,46.7333140961336,NaN,NaN,3.5527136788005e-14,5.20417042793042e-17,1.19904086659517e-14,3.5527136788005e-14,0,0,0,7.32747196252603e-15,8.88178419700125e-16,4.44089209850063e-16,1.33226762955019e-15,0,5.6843418860808e-14,1,0,2,billPlusDemandChargeEUR,46.7333094228026,,,
StoreNet,2020-05-01,TARIFF_L1.000,tariff,VPP_BM_DEMAND_CHARGE,ok,,"",NaN,NaN,1,0.95,0.95,2.71045033333333,60,20,10,DC_SOURCE,0.07,0,10,3.3,60,48.90166106,10.795443923867,48.25838992775,9.60637160141976,22.56567,22.565423,22.565423,11.696384,43.6225096624282,13.0867534441289,13.0867534441289,13.0867534441289,3.55240044412891,305.639336826706,104.533702820432,0,0.00140405900827002,56.7092631065571,NaN,NaN,1.28785870856518e-14,9.71445146547012e-17,0,1.28785870856518e-14,0,0,0,2.22044604925031e-16,0,0,0,0,1.27897692436818e-13,1,0,2,billPlusDemandChargeEUR,56.7092574356312,,,
StoreNet,2020-05-02,ANCHOR_VPP_BM,anchor,VPP_BM,ok,,"",NaN,NaN,NaN,0.95,0.95,1.35296195833333,60,20,10,DC_SOURCE,0.07,1,10,3.3,60,36.388577095,38.0784683505594,34.308131196,34.3235451854382,18.54607,18.5347365,18.5347365,16.5583775,22.5323642826615,72.4546278265372,2.12607709215717e-14,72.4546278265372,72.4546278265372,247.608398710566,250.105953724243,0,25.849678670452,NaN,NaN,NaN,2.22044604925031e-14,1.11022302462516e-16,1.53210777398272e-14,2.22044604925031e-14,0,0,0,4.44089209850063e-16,0,0,2.88657986402541e-15,0,1.06581410364015e-14,1,0,2,billEUR,22.5323620294253,/Users/guichenxiang/Desktop/電力專案/StoreNet/results/bahloul_vpp_improvement_v2_frontier/storenet_monthly_2020/cases/2020-05-02/ANCHOR_VPP_BM,7af4e129202297cd943dfbba3225ae446fa410d088ee86506a8e4291da6f2c9f,0d0e33910c9e932888ec015b86f0844abf070c5e87facc9fd4c68c86d02e0cd0
StoreNet,2020-05-02,ANCHOR_VPP_BM_PEAK_LEX,anchor,VPP_BM_PEAK_LEX,ok,,"",NaN,NaN,NaN,0.95,0.95,1.93251041666667,60,20,10,DC_SOURCE,0.07,1,10,3.3,60,36.388577095,38.0784683505594,34.308131196,34.3235451854382,18.54607,18.5347365,18.5347365,16.5583775,22.5323642826615,22.6550648735363,1.57022859622602e-05,22.6550648735363,22.6550648735363,247.608380937649,250.107129550226,0,25.8490287446472,NaN,NaN,NaN,2.1094237467878e-15,1.11022302462516e-16,4.16333634234434e-16,2.1094237467878e-15,0,0,0,1.11022302462516e-16,8.88178419700125e-16,4.44089209850063e-16,7.71951946809679e-16,0,2.48689957516035e-14,1,0,3,billEUR,22.5323620294253,/Users/guichenxiang/Desktop/電力專案/StoreNet/results/bahloul_vpp_improvement_v2_frontier/storenet_monthly_2020/cases/2020-05-02/ANCHOR_VPP_BM_PEAK_LEX,4e0201d7561d1e7ffaf8bf94dcef347d4ed6a11431923e45d7be10e78fd9edd4,e750a6e0432ca7ef11a79a4505a54db7e5091dfd6be824bef5bf8f40ecb56e29
StoreNet,2020-05-02,ANCHOR_PS,anchor,PS,ok,,"",NaN,NaN,NaN,0.95,0.95,3.09844016666667,60,20,10,DC_SOURCE,0.07,1,10,3.3,60,36.388577095,12.535943647264,34.308131196,7.23212117120415,18.54607,18.5347365,18.5347365,16.5583775,31.8269255763296,11.4241297138414,11.4241297138414,11.4241297138414,7.26396500384143,235.839928137175,58.8620082800323,0,1.09245022887993,NaN,NaN,NaN,1.11022302462516e-15,1.94289029309402e-16,2.22044604925031e-16,1.11022302462516e-15,0,0,0,2.22044604925031e-16,0,0,0,0,2.1316282072803e-14,1,0,3,systemPeakKW,11.4241285714286,/Users/guichenxiang/Desktop/電力專案/StoreNet/results/bahloul_vpp_improvement_v2_frontier/storenet_monthly_2020/cases/2020-05-02/ANCHOR_PS,d70146e3a5b3a2a626315de207d791633677412b8151910362df6892e66b2c61,c7bc980876a89645e74ea1b5f25f0461674569342a0c9eda7a64ac59c31f4ac4
StoreNet,2020-05-02,FRONTIER_R2.000,frontier,IMPROVED_PEAK_GUARD,ok,,"",2,37.069473,NaN,0.95,0.95,2.04190775,60,20,10,DC_SOURCE,0.07,1,10,3.3,60,36.388577095,38.0784683505594,34.308131196,34.3235451854382,18.54607,18.5347365,18.5347365,16.5583775,22.5323642826615,37.069473,1.49880108324396e-15,37.069473,37.069473,247.608398710566,250.105953724236,0,25.8496786704558,NaN,7.105427357601e-15,7.105427357601e-15,9.32587340685131e-15,1.11022302462516e-16,5.88418203051333e-15,9.32587340685131e-15,0,0,0,3.5527136788005e-15,0,0,4.19109191795997e-15,0,1.77635683940025e-14,1,0,2,billEUR,22.5323620294253,,,
StoreNet,2020-05-02,FRONTIER_R1.500,frontier,IMPROVED_PEAK_GUARD,ok,,"",1.5,27.80210475,NaN,0.95,0.95,1.26176375,60,20,10,DC_SOURCE,0.07,1,10,3.3,60,36.388577095,38.0784683505594,34.308131196,34.3235451854382,18.54607,18.5347365,18.5347365,16.5583775,22.5323642826615,27.80210475,4.26048085699904e-15,27.80210475,27.80210475,247.608398710566,250.105953724227,0,25.8496786704605,NaN,3.5527136788005e-15,3.5527136788005e-15,1.48492329543615e-14,1.11022302462516e-16,5.19029264012261e-15,1.48492329543615e-14,0,0,0,3.5527136788005e-15,0,4.44089209850063e-16,6.43929354282591e-15,0,2.48689957516035e-14,1,0,2,billEUR,22.5323620294253,,,
StoreNet,2020-05-02,FRONTIER_R1.250,frontier,IMPROVED_PEAK_GUARD,ok,,"",1.25,23.168420625,NaN,0.95,0.95,1.69422229166667,60,20,10,DC_SOURCE,0.07,1,10,3.3,60,36.388577095,38.0784683505594,34.308131196,34.3235451854382,18.54607,18.5347365,18.5347365,16.5583775,22.5323642826615,23.168420625,9.15933995315754e-16,23.168420625,23.168420625,247.608398710566,250.105953724239,0,25.849678670454,NaN,7.105427357601e-15,7.105427357601e-15,2.55351295663786e-15,1.66533453693773e-16,1.13797860024079e-15,2.55351295663786e-15,0,0,0,1.11022302462516e-16,8.88178419700125e-16,8.88178419700125e-16,1.99840144432528e-15,0,1.06581410364015e-14,1,0,2,billEUR,22.5323620294253,,,
StoreNet,2020-05-02,FRONTIER_R1.000,frontier,IMPROVED_PEAK_GUARD,ok,,"",1,18.5347365,NaN,0.95,0.95,1.65358445833333,60,20,10,DC_SOURCE,0.07,1,10,3.3,60,36.388577095,29.3675526494149,34.308131196,25.0843993471449,18.54607,18.5347365,18.5347365,16.5583775,25.702142558253,18.5347365,9.74135400000001,18.5347365,18.5347365,242.071473983263,180.19451267374,0,1.15006666313017,NaN,3.5527136788005e-15,3.5527136788005e-15,1.31283872661925e-14,4.55191440096314e-15,2.22044604925031e-16,1.31283872661925e-14,0,0,0,2.22044604925031e-16,8.88178419700125e-16,0,2.12330153459561e-15,0,1.06581410364015e-14,1,0,2,billEUR,25.7021399880389,,,
StoreNet,2020-05-02,FRONTIER_R0.900,frontier,IMPROVED_PEAK_GUARD,ok,,"",0.9,16.68126285,NaN,0.95,0.95,1.224913125,60,20,10,DC_SOURCE,0.07,1,10,3.3,60,36.388577095,25.084633121171,34.308131196,20.5417634759333,18.54607,18.5347365,18.5347365,16.5583775,27.2606360327048,16.68126285,14.354872,16.68126285,16.68126285,240.26433797786,144.978432989028,0,1.15010683048597,NaN,3.5527136788005e-15,3.5527136788005e-15,8.88178419700125e-16,1.11022302462516e-16,2.22044604925031e-16,8.88178419700125e-16,0,0,0,1.11022302462516e-16,8.88178419700125e-16,0,2.77555756156289e-17,0,7.105427357601e-15,1,0,2,billEUR,27.2606333066414,,,
StoreNet,2020-05-02,FRONTIER_R0.800,frontier,IMPROVED_PEAK_GUARD,ok,,"",0.8,14.8277892,NaN,0.95,0.95,1.115734125,60,20,10,DC_SOURCE,0.07,1,10,3.3,60,36.388577095,20.7111996335885,34.308131196,15.9031248767168,18.54607,18.5347365,18.5347365,16.5583775,28.8520662490323,14.8277892,14.82685,14.8277892,14.8277892,238.626978992435,113.048270126555,0,1.15014784672257,NaN,5.32907051820075e-15,5.32907051820075e-15,2.41473507855972e-15,2.41473507855972e-15,4.44089209850063e-16,1.94289029309402e-15,0,0,0,8.88178419700125e-16,0,0,1.38777878078145e-17,0,3.5527136788005e-15,1,3.83265434649759e-09,2,billEUR,28.8520633638259,,,
StoreNet,2020-05-02,FRONTIER_R0.700,frontier,IMPROVED_PEAK_GUARD,ok,,"",0.7,12.97431555,NaN,0.95,0.95,1.29607325,60,20,10,DC_SOURCE,0.07,1,10,3.3,60,36.388577095,16.3319357307788,34.308131196,11.2583023057537,18.54607,18.5347365,18.5347365,16.5583775,30.4456180704997,12.97431555,12.97431555,12.97431555,12.69256234,237.000556115978,81.35384556971,0,1.15016041764501,NaN,3.5527136788005e-15,3.5527136788005e-15,3.04756220259605e-14,7.21644966006352e-16,1.11022302462516e-16,3.04756220259605e-14,0,0,0,2.22044604925031e-16,8.88178419700125e-16,0,0,0,7.105427357601e-15,1,0,2,billEUR,30.4456150259382,,,
StoreNet,2020-05-02,FRONTIER_R0.600,frontier,IMPROVED_PEAK_GUARD,infeasible,StoreNet:OptimizationFailed,"Optimization failed during bill (exit flag -2).",0.6,11.1208419,NaN,0.95,0.95,0.204062416666667,60,20,10,DC_SOURCE,0.07,1,10,3.3,60,36.388577095,NaN,34.308131196,NaN,18.54607,18.5347365,18.5347365,16.5583775,NaN,NaN,NaN,NaN,NaN,NaN,NaN,NaN,NaN,NaN,NaN,NaN,NaN,NaN,NaN,NaN,NaN,NaN,NaN,NaN,NaN,NaN,NaN,NaN,NaN,NaN,NaN,NaN,,NaN,,,
StoreNet,2020-05-02,FRONTIER_R0.500,frontier,IMPROVED_PEAK_GUARD,infeasible,StoreNet:OptimizationFailed,"Optimization failed during bill (exit flag -2).",0.5,9.26736825,NaN,0.95,0.95,0.129289041666667,60,20,10,DC_SOURCE,0.07,1,10,3.3,60,36.388577095,NaN,34.308131196,NaN,18.54607,18.5347365,18.5347365,16.5583775,NaN,NaN,NaN,NaN,NaN,NaN,NaN,NaN,NaN,NaN,NaN,NaN,NaN,NaN,NaN,NaN,NaN,NaN,NaN,NaN,NaN,NaN,NaN,NaN,NaN,NaN,NaN,NaN,,NaN,,,
StoreNet,2020-05-02,TARIFF_L0.050,tariff,VPP_BM_DEMAND_CHARGE,ok,,"",NaN,NaN,0.05,0.95,0.95,2.00126645833333,60,20,10,DC_SOURCE,0.07,1,10,3.3,60,36.388577095,38.0784683779868,34.308131196,34.3235452145288,18.54607,18.5347365,18.5347365,16.5583775,22.5323642726811,22.6550682100891,9.59232693276135e-14,22.6550682100891,22.6550682100891,247.608398600891,250.105962721199,0,25.8496739688002,23.6651176831855,NaN,NaN,1.02751140929058e-13,1.11022302462516e-16,4.44089209850063e-16,1.02751140929058e-13,0,0,0,1.11022302462516e-16,8.88178419700125e-16,0,1.27675647831893e-15,0,5.32907051820075e-14,1,0,2,billPlusDemandChargeEUR,23.6651153166739,,,
StoreNet,2020-05-02,TARIFF_L0.100,tariff,VPP_BM_DEMAND_CHARGE,ok,,"",NaN,NaN,0.1,0.95,0.95,3.05492433333333,60,20,10,DC_SOURCE,0.07,1,10,3.3,60,36.388577095,38.0784684026991,34.308131196,34.3235452407397,18.54607,18.5347365,18.5347365,16.5583775,22.5323642636886,22.6550682002074,1.66533453693773e-16,22.6550682002074,22.6550682002079,247.608398502073,250.105970827372,0,25.8496697326556,24.7978710837094,NaN,NaN,6.83286760505553e-13,1.11022302462516e-16,4.9960036108132e-15,6.83286760505553e-13,0,0,0,1.11022302462516e-16,1.33226762955019e-15,0,5.18252107895023e-13,0,0,1,0,2,billPlusDemandChargeEUR,24.7978686039226,,,
StoreNet,2020-05-02,TARIFF_L0.200,tariff,VPP_BM_DEMAND_CHARGE,ok,,"",NaN,NaN,0.2,0.95,0.95,1.31077125,60,20,10,DC_SOURCE,0.07,1,10,3.3,60,36.388577095,38.0784684454438,34.308131196,34.3235452860763,18.54607,18.5347365,18.5347365,16.5583775,22.5323642481345,22.6550681831148,1.82076576038526e-14,22.6550681831148,22.6550681831148,247.608398331148,250.105984848864,0,25.8496624052694,27.0633778847574,NaN,NaN,2.39702702131694e-12,4.77591056979865e-16,2.22044604925031e-16,2.39702702131694e-12,0,0,0,1.77635683940025e-15,1.33226762955019e-15,0,1.22124532708767e-14,0,2.48689957516035e-14,1,0,2,billPlusDemandChargeEUR,27.0633751784199,,,
StoreNet,2020-05-02,TARIFF_L0.500,tariff,VPP_BM_DEMAND_CHARGE,ok,,"",NaN,NaN,0.5,0.95,0.95,0.974775458333333,60,20,10,DC_SOURCE,0.07,1,10,3.3,60,36.388577095,38.0784685372999,34.308131196,34.3235453835027,18.54607,18.5347365,18.5347365,16.5583775,22.5323642147093,22.6550681463839,5.55111512312578e-16,22.6550681463839,22.6550681463839,247.608397963839,250.106014980156,0,25.8496466591833,33.8598982879012,NaN,NaN,1.36024524977074e-12,1.11022302462516e-16,2.22044604925031e-16,1.36024524977074e-12,0,0,0,8.88178419700125e-16,1.77635683940025e-15,0,3.90798504668055e-14,0,3.5527136788005e-14,1,0,2,billPlusDemandChargeEUR,33.8598949019117,,,
StoreNet,2020-05-02,TARIFF_L1.000,tariff,VPP_BM_DEMAND_CHARGE,ok,,"",NaN,NaN,1,0.95,0.95,3.65241783333333,60,20,10,DC_SOURCE,0.07,1,10,3.3,60,36.388577095,12.8005262070294,34.308131196,7.51274802374276,18.54607,18.5347365,18.5347365,16.5583775,31.7306477475894,11.518780629102,11.518780629102,11.518780629102,7.47906635850477,235.896431530216,59.8277679526003,0,1.14908060958101,43.2494283766914,NaN,NaN,2.55351295663786e-14,1.11022302462516e-16,2.55351295663786e-14,2.19824158875781e-14,0,0,0,1.77635683940025e-15,0,0,0,0,4.9737991503207e-14,1,0,2,billPlusDemandChargeEUR,43.2494240517489,,,
StoreNet,2020-05-15,ANCHOR_VPP_BM,anchor,VPP_BM,ok,,"",NaN,NaN,NaN,0.95,0.95,1.53504541666667,60,20,10,DC_SOURCE,0.07,1,10,3.3,60,34.779619425,68.1887730929689,26.7086353335,58.5758556566477,17.2309,14.622626,14.622626,11.334918,11.0638236526886,26.4239437617729,6.10622663543836e-16,26.4239437617729,26.4239437617729,121.580479699875,118.64186480508,0,46.1078209964891,NaN,NaN,NaN,1.55431223447522e-15,4.44089209850063e-16,5.96744875736022e-16,1.55431223447522e-15,0,0,0,2.22044604925031e-16,0,0,5.55111512312578e-16,0,0,1,1.19779428101112e-16,2,billEUR,11.0638225463064,/Users/guichenxiang/Desktop/電力專案/StoreNet/results/bahloul_vpp_improvement_v2_frontier/storenet_monthly_2020/cases/2020-05-15/ANCHOR_VPP_BM,73f6ff4a08865b6bcdfb86d8800c9e0c22787028d745eb04c1a8fbd317bb5ec0,d32dde28b7ccc38dfc407c4254564257a039e4bc33fa961da2f70029fe6f85f1
StoreNet,2020-05-15,ANCHOR_VPP_BM_PEAK_LEX,anchor,VPP_BM_PEAK_LEX,ok,,"",NaN,NaN,NaN,0.95,0.95,1.47951495833333,60,20,10,DC_SOURCE,0.07,1,10,3.3,60,34.779619425,68.1887730929689,26.7086353335,58.5758556566477,17.2309,14.622626,14.622626,11.334918,11.0638236526886,11.3345201284658,3.37333959377073e-08,11.3345201284658,11.3345201284658,121.580479661693,118.643800477816,-3.46944695195361e-18,46.1068449967595,NaN,NaN,NaN,1.77635683940025e-15,4.44089209850063e-16,0,1.77635683940025e-15,0,0,0,6.66133814775094e-16,0,0,2.77555756156289e-16,0,3.5527136788005e-15,1,1.4951180773823e-13,3,billEUR,11.0638225463064,/Users/guichenxiang/Desktop/電力專案/StoreNet/results/bahloul_vpp_improvement_v2_frontier/storenet_monthly_2020/cases/2020-05-15/ANCHOR_VPP_BM_PEAK_LEX,da9066591ca0a355abb5f1fcfb7061e78a3b5fa9aec0825f823445ae21c9b857,374436ab701a7f4084ed640e8026a12a32af97146670894097f8d30a0f8bd712
StoreNet,2020-05-15,ANCHOR_PS,anchor,PS,ok,,"",NaN,NaN,NaN,0.95,0.95,3.93881775,60,20,10,DC_SOURCE,0.07,1,10,3.3,60,34.779619425,61.7929935274487,26.7086353335,50.2473590323377,17.2309,14.622626,14.622626,11.334918,13.2882514448385,7.98411571227885,7.761663,7.98411571227885,7.98411571227886,119.364012707294,81.0463907534393,0,42.7597335169612,NaN,NaN,NaN,1.16573417585641e-15,6.66133814775094e-16,6.38378239159465e-16,1.16573417585641e-15,0,0,0,6.66133814775094e-16,0,0,1.49880108324396e-15,0,3.5527136788005e-15,1,1.97638888583776e-08,3,systemPeakKW,7.98411491386736,/Users/guichenxiang/Desktop/電力專案/StoreNet/results/bahloul_vpp_improvement_v2_frontier/storenet_monthly_2020/cases/2020-05-15/ANCHOR_PS,1398dec943d70d8c407806ddef975bca9e579f4b71b68ddf971d7fb23bb5a4c2,4748e14c1c7d79cddf7cd5be9251bb8ebfc06ad0ee283c594a94b2156c39ccc6
StoreNet,2020-05-15,FRONTIER_R2.000,frontier,IMPROVED_PEAK_GUARD,ok,,"",2,29.245252,NaN,0.95,0.95,0.936146166666667,60,20,10,DC_SOURCE,0.07,1,10,3.3,60,34.779619425,68.1887730929689,26.7086353335,58.5758556566477,17.2309,14.622626,14.622626,11.334918,11.0638236526886,27.9066703827005,6.10622663543836e-16,27.9066703827005,27.9066703827005,121.580479699875,118.641864805078,0,46.1078209964902,NaN,-1.33858161729951,0,1.77635683940025e-15,4.44089209850063e-16,1.11022302462516e-16,1.77635683940025e-15,0,0,0,2.22044604925031e-16,0,0,9.99200722162641e-16,0,3.5527136788005e-15,1,2.58723564698408e-14,2,billEUR,11.0638225463064,,,
StoreNet,2020-05-15,FRONTIER_R1.500,frontier,IMPROVED_PEAK_GUARD,ok,,"",1.5,21.933939,NaN,0.95,0.95,1.2193105,60,20,10,DC_SOURCE,0.07,1,10,3.3,60,34.779619425,68.1887730929689,26.7086353335,58.5758556566477,17.2309,14.622626,14.622626,11.334918,11.0638236526886,21.933939,6.10622663543836e-16,21.933939,21.933939,121.580479699875,118.641864805083,0,46.1078209964879,NaN,0,0,1.33226762955019e-15,6.66133814775094e-16,1.11022302462516e-16,1.33226762955019e-15,0,0,0,2.22044604925031e-16,0,0,8.88178419700125e-16,0,0,1,4.53964032503207e-14,2,billEUR,11.0638225463064,,,
StoreNet,2020-05-15,FRONTIER_R1.250,frontier,IMPROVED_PEAK_GUARD,ok,,"",1.25,18.2782825,NaN,0.95,0.95,1.08562420833333,60,20,10,DC_SOURCE,0.07,1,10,3.3,60,34.779619425,68.1887730929689,26.7086353335,58.5758556566477,17.2309,14.622626,14.622626,11.334918,11.0638236526886,18.2782825,6.10622663543836e-16,18.2782825,18.2782825,121.580479699875,118.641864805083,0,46.1078209964877,NaN,0,0,8.88178419700125e-16,4.44089209850063e-16,2.22044604925031e-16,8.88178419700125e-16,0,0,0,2.22044604925031e-16,0,0,2.02615701994091e-15,0,0,1,3.43766958650185e-14,2,billEUR,11.0638225463064,,,
StoreNet,2020-05-15,FRONTIER_R1.000,frontier,IMPROVED_PEAK_GUARD,ok,,"",1,14.622626,NaN,0.95,0.95,1.16306279166667,60,20,10,DC_SOURCE,0.07,1,10,3.3,60,34.779619425,68.1887730929689,26.7086353335,58.5758556566478,17.2309,14.622626,14.622626,11.334918,11.0638236526886,14.622626,6.10622663543836e-16,14.622626,14.622626,121.580479699875,118.641864805084,0,46.1078209964871,NaN,0,0,8.88178419700125e-16,4.44089209850063e-16,2.22044604925031e-16,8.88178419700125e-16,0,0,0,2.22044604925031e-16,0,0,6.10622663543836e-16,0,0,1,2.0961399917694e-14,2,billEUR,11.0638225463064,,,
StoreNet,2020-05-15,FRONTIER_R0.900,frontier,IMPROVED_PEAK_GUARD,ok,,"",0.9,13.1603634,NaN,0.95,0.95,1.05845429166667,60,20,10,DC_SOURCE,0.07,1,10,3.3,60,34.779619425,68.1887730929689,26.7086353335,58.5758556566477,17.2309,14.622626,14.622626,11.334918,11.0638236526886,13.1603634,6.10622663543836e-16,13.1603634,13.1603634,121.580479699875,118.641864805083,0,46.1078209964877,NaN,1.77635683940025e-15,1.77635683940025e-15,1.55431223447522e-15,4.44089209850063e-16,1.11022302462516e-16,1.55431223447522e-15,0,0,0,2.22044604925031e-16,0,0,1.77635683940025e-15,0,0,1,2.16800764863009e-14,2,billEUR,11.0638225463064,,,
StoreNet,2020-05-15,FRONTIER_R0.800,frontier,IMPROVED_PEAK_GUARD,ok,,"",0.8,11.6981008,NaN,0.95,0.95,1.12429245833333,60,20,10,DC_SOURCE,0.07,1,10,3.3,60,34.779619425,68.1887730929689,26.7086353335,58.5758556566478,17.2309,14.622626,14.622626,11.334918,11.0638236526886,11.6981008,2.22044604925031e-16,11.6981008,11.6981008,121.580479699875,118.641864805086,0,46.107820996486,NaN,3.5527136788005e-15,3.5527136788005e-15,8.88178419700125e-16,4.44089209850063e-16,3.33066907387547e-16,8.88178419700125e-16,0,0,0,2.22044604925031e-16,0,0,6.10622663543836e-16,0,0,1,4.3959050113106e-14,2,billEUR,11.0638225463064,,,
StoreNet,2020-05-15,FRONTIER_R0.700,frontier,IMPROVED_PEAK_GUARD,ok,,"",0.7,10.2358382,NaN,0.95,0.95,1.253578,60,20,10,DC_SOURCE,0.07,1,10,3.3,60,34.779619425,68.1018500672398,26.7086353335,58.4626656820804,17.2309,14.622626,14.622626,11.334918,11.0940551502299,10.2358382,0.291775672834505,10.2358382,10.2358382,121.582442372834,120.180036677218,0,45.0084643700578,NaN,5.32907051820075e-15,5.32907051820075e-15,1.99840144432528e-15,6.66133814775094e-16,6.66133814775094e-16,1.99840144432528e-15,0,0,0,1.11022302462516e-16,0,0,6.10622663543836e-16,0,0,1,4.5524857677048e-14,2,billEUR,11.0940540408245,,,
StoreNet,2020-05-15,FRONTIER_R0.600,frontier,IMPROVED_PEAK_GUARD,ok,,"",0.6,8.7735756,NaN,0.95,0.95,0.657269958333333,60,20,10,DC_SOURCE,0.07,1,10,3.3,60,34.779619425,64.1864112863338,26.7086353335,53.3640348841604,17.2309,14.622626,14.622626,11.334918,12.4558298570479,8.7735756,7.479,8.7735756,8.7735756,120.06198454303,92.4305960852157,0,43.5285113699976,NaN,1.77635683940025e-15,1.77635683940025e-15,1.77635683940025e-15,6.66133814775094e-16,2.77555756156289e-16,1.77635683940025e-15,0,0,0,2.22044604925031e-16,0,0,1.16573417585641e-15,0,3.5527136788005e-15,1,0,2,billEUR,12.455828611465,,,
StoreNet,2020-05-15,FRONTIER_R0.500,frontier,IMPROVED_PEAK_GUARD,infeasible,StoreNet:OptimizationFailed,"Optimization failed during bill (exit flag -2).",0.5,7.311313,NaN,0.95,0.95,0.139287166666667,60,20,10,DC_SOURCE,0.07,1,10,3.3,60,34.779619425,NaN,26.7086353335,NaN,17.2309,14.622626,14.622626,11.334918,NaN,NaN,NaN,NaN,NaN,NaN,NaN,NaN,NaN,NaN,NaN,NaN,NaN,NaN,NaN,NaN,NaN,NaN,NaN,NaN,NaN,NaN,NaN,NaN,NaN,NaN,NaN,NaN,,NaN,,,
StoreNet,2020-05-15,TARIFF_L0.050,tariff,VPP_BM_DEMAND_CHARGE,ok,,"",NaN,NaN,0.05,0.95,0.95,2.178057875,60,20,10,DC_SOURCE,0.07,1,10,3.3,60,34.779619425,68.1802442066004,26.7086353335,58.5647494575361,17.2309,14.622626,14.622626,11.334918,11.0667899669088,10.2651481872216,6.10622663543836e-16,10.2651481872216,10.2651481872216,121.613076559437,120.73636192304,0,45.0380509678594,11.5800473762698,NaN,NaN,9.04831765069503e-15,4.44089209850063e-16,2.22044604925031e-16,9.04831765069503e-15,0,0,0,3.33066907387547e-16,0,0,6.66133814775094e-16,0,0,1,4.82576279459766e-15,2,billPlusDemandChargeEUR,11.5800462182652,,,
StoreNet,2020-05-15,TARIFF_L0.100,tariff,VPP_BM_DEMAND_CHARGE,ok,,"",NaN,NaN,0.1,0.95,0.95,1.55427858333333,60,20,10,DC_SOURCE,0.07,1,10,3.3,60,34.779619425,68.1802442164422,26.7086353335,58.5647494703519,17.2309,14.622626,14.622626,11.334918,11.0667899634858,10.265148183802,6.10622663543836e-16,10.265148183802,10.2651481838021,121.613076521822,120.736365518406,0,45.038049170875,12.093304781866,NaN,NaN,9.76996261670138e-15,6.66133814775094e-16,2.22044604925031e-16,9.76996261670138e-15,0,0,0,3.33066907387547e-16,0,0,8.60422844084496e-15,0,3.5527136788005e-15,1,0,2,billPlusDemandChargeEUR,12.0933035725357,,,
StoreNet,2020-05-15,TARIFF_L0.200,tariff,VPP_BM_DEMAND_CHARGE,ok,,"",NaN,NaN,0.2,0.95,0.95,1.58105183333333,60,20,10,DC_SOURCE,0.07,1,10,3.3,60,34.779619425,68.1802442336673,26.7086353335,58.5647494927822,17.2309,14.622626,14.622626,11.334918,11.066789957495,10.2651481778172,6.10622663543836e-16,10.2651481778172,10.2651481778172,121.613076455989,120.736371811053,0,45.0380460257742,13.1198195930585,NaN,NaN,3.5527136788005e-15,4.44089209850063e-16,1.11022302462516e-16,3.5527136788005e-15,0,0,0,3.33066907387547e-16,0,0,6.10622663543836e-16,0,1.77635683940025e-15,1,1.03577339303755e-14,2,billPlusDemandChargeEUR,13.1198182810766,,,
StoreNet,2020-05-15,TARIFF_L0.500,tariff,VPP_BM_DEMAND_CHARGE,ok,,"",NaN,NaN,0.5,0.95,0.95,2.03302533333333,60,20,10,DC_SOURCE,0.07,1,10,3.3,60,34.779619425,68.1802442715717,26.7086353335,58.5647495421408,17.2309,14.622626,14.622626,11.334918,11.066789944312,10.2651481646474,6.10622663543836e-16,10.2651481646474,10.2651481646474,121.613076311121,120.736385658218,0,45.0380391048821,16.1993640266357,NaN,NaN,1.77635683940025e-15,4.44089209850063e-16,1.11022302462516e-16,1.77635683940025e-15,0,0,0,1.11022302462516e-16,0,0,6.10622663543836e-16,0,1.06581410364015e-14,1,0,2,billPlusDemandChargeEUR,16.1993624066994,,,
StoreNet,2020-05-15,TARIFF_L1.000,tariff,VPP_BM_DEMAND_CHARGE,ok,,"",NaN,NaN,1,0.95,0.95,2.15306066666667,60,20,10,DC_SOURCE,0.07,1,10,3.3,60,34.779619425,63.977852538723,26.7086353335,53.0924525371373,17.2309,14.622626,14.622626,11.334918,12.5283657957444,8.69637307070776,7.761663,8.69637307070776,8.69637307070776,119.98496345948,90.9564724666392,0,43.4509848713723,21.2247388664522,NaN,NaN,6.38378239159465e-15,6.66133814775094e-16,1.11022302462516e-16,6.38378239159465e-15,0,0,0,3.33066907387547e-16,0,0,9.99200722162641e-16,0,2.48689957516035e-14,1,0,2,billPlusDemandChargeEUR,21.2247367439785,,,
StoreNet,2020-05-16,ANCHOR_VPP_BM,anchor,VPP_BM,ok,,"",NaN,NaN,NaN,0.95,0.95,1.679825,60,20,10,DC_SOURCE,0.07,1,10,3.3,60,34.85289726,50.2287753251683,29.15066678675,40.4929090375129,15.55111,13.4446845,13.4446845,11.87225425,17.3467138009628,55.0748693534775,4.44089209850063e-16,55.0748693534775,55.0748693534775,190.623228582009,189.060549007571,0,20.4992107531369,NaN,NaN,NaN,8.88178419700125e-16,2.22044604925031e-16,1.11022302462516e-16,8.88178419700125e-16,0,0,0,2.22044604925031e-16,0,0,4.44089209850063e-16,0,0,1,4.7689042197858e-07,2,billEUR,17.3467120662916,/Users/guichenxiang/Desktop/電力專案/StoreNet/results/bahloul_vpp_improvement_v2_frontier/storenet_monthly_2020/cases/2020-05-16/ANCHOR_VPP_BM,de0d665ca03a66bf7c883cef483e6ae8039b79bd55a689735b2d18b284800731,44ebf6098d07167de837ea5fa6cd5760c06e333e11e6e32b65c5f339b38947be
StoreNet,2020-05-16,ANCHOR_VPP_BM_PEAK_LEX,anchor,VPP_BM_PEAK_LEX,ok,,"",NaN,NaN,NaN,0.95,0.95,3.36296308333333,60,20,10,DC_SOURCE,0.07,1,10,3.3,60,34.85289726,50.2287753251683,29.15066678675,40.4929090375128,15.55111,13.4446845,13.4446845,11.87225425,17.3467138009629,17.4231065217401,0.000108761233696769,17.4231065217401,17.4231065217401,190.623105478635,189.068693317658,0,20.4947090689067,NaN,NaN,NaN,1.26565424807268e-14,2.22044604925031e-16,4.44089209850063e-16,1.26565424807268e-14,0,0,0,2.22044604925031e-16,0,0,4.44089209850063e-16,0,7.105427357601e-15,1,4.7689042197858e-07,3,billEUR,17.3467120662916,/Users/guichenxiang/Desktop/電力專案/StoreNet/results/bahloul_vpp_improvement_v2_frontier/storenet_monthly_2020/cases/2020-05-16/ANCHOR_VPP_BM_PEAK_LEX,747949a9482a585fe271572715103a8a622e5189ffce210300a458b2c46feee4,55a7bb0abffcc5ead36a93c4d129e51638051412034de8af0c6d1c2ece7eea1b
StoreNet,2020-05-16,ANCHOR_PS,anchor,PS,ok,,"",NaN,NaN,NaN,0.95,0.95,2.25773870833333,60,20,10,DC_SOURCE,0.07,1,10,3.3,60,34.85289726,32.9585233449625,29.15066678675,19.8443824592454,15.55111,13.4446845,13.4446845,11.87225425,23.3658969801671,10.2465387421387,10.2016257794737,10.2465387421387,9.47147214713871,183.547426953969,81.7535896204437,0,7.01046738003224,NaN,NaN,NaN,8.88178419700125e-16,3.33066907387547e-16,4.44089209850063e-16,8.88178419700125e-16,0,0,0,2.22044604925031e-16,0,0,0,0,7.105427357601e-15,1,1.08295469507477e-08,3,systemPeakKW,10.2465377174849,/Users/guichenxiang/Desktop/電力專案/StoreNet/results/bahloul_vpp_improvement_v2_frontier/storenet_monthly_2020/cases/2020-05-16/ANCHOR_PS,74528b4b045372c44a55807c712920bdc75b81f6f01a42e5a9e9ec1601b7b764,be853be4ee975261ab5245ca2f42fb3e50ab5effd9c041aa6bb73e1846e1419e
StoreNet,2020-05-16,FRONTIER_R2.000,frontier,IMPROVED_PEAK_GUARD,ok,,"",2,26.889369,NaN,0.95,0.95,1.408830875,60,20,10,DC_SOURCE,0.07,1,10,3.3,60,34.85289726,50.2287990605887,29.15066678675,40.4929374158746,15.55111,13.4446845,13.4446845,11.87225425,17.3467055284812,26.889369,8.88178419700125e-16,26.889369,26.889369,190.623137675617,189.068006286175,0,20.4953137097433,NaN,7.105427357601e-15,7.105427357601e-15,1.11022302462516e-15,2.22044604925031e-16,4.44089209850063e-16,1.11022302462516e-15,0,0,0,2.22044604925031e-16,0,0,2.22044604925031e-16,0,7.105427357601e-15,1,0,2,billEUR,17.3467037938108,,,
StoreNet,2020-05-16,FRONTIER_R1.500,frontier,IMPROVED_PEAK_GUARD,ok,,"",1.5,20.16702675,NaN,0.95,0.95,2.063750625,60,20,10,DC_SOURCE,0.07,1,10,3.3,60,34.85289726,50.2287990605888,29.15066678675,40.4929374158747,15.55111,13.4446845,13.4446845,11.87225425,17.3467055284812,20.16702675,4.63052583473192e-16,20.16702675,20.16702675,190.623137675617,189.06800628619,0,20.4953137097356,NaN,7.105427357601e-15,7.105427357601e-15,8.88178419700125e-16,2.22044604925031e-16,1.11022302462516e-16,8.88178419700125e-16,0,0,0,1.11022302462516e-16,0,0,2.22044604925031e-15,0,0,1,4.16401149346491e-14,2,billEUR,17.3467037938108,,,
StoreNet,2020-05-16,FRONTIER_R1.250,frontier,IMPROVED_PEAK_GUARD,ok,,"",1.25,16.805855625,NaN,0.95,0.95,1.67490891666667,60,20,10,DC_SOURCE,0.07,1,10,3.3,60,34.85289726,48.8486280141543,29.15066678675,38.8427878657975,15.55111,13.4446845,13.4446845,11.87225425,17.8277351253072,16.805855625,2.4044867233362,16.805855625,16.805855625,189.825440018336,185.689025728883,0,14.7154473230583,NaN,3.5527136788005e-15,3.5527136788005e-15,9.99200722162641e-16,9.99200722162641e-16,4.44089209850063e-16,8.88178419700125e-16,0,0,0,2.22044604925031e-16,0,0,4.44089209850063e-16,0,3.5527136788005e-15,1,0,2,billEUR,17.8277333425339,,,
StoreNet,2020-05-16,FRONTIER_R1.000,frontier,IMPROVED_PEAK_GUARD,ok,,"",1,13.4446845,NaN,0.95,0.95,1.02347933333333,60,20,10,DC_SOURCE,0.07,1,10,3.3,60,34.85289726,40.8252742979387,29.15066678675,29.2499670635301,15.55111,13.4446845,13.4446845,11.87225425,20.6241063528262,13.4446845,8.9704024,13.4446845,13.4446845,186.394331609929,137.223430507098,0,7.01711924645082,NaN,8.88178419700125e-15,8.88178419700125e-15,5.10702591327572e-15,2.22044604925031e-16,8.88178419700125e-16,5.10702591327572e-15,0,0,0,7.7715611723761e-16,0,0,1.66533453693773e-16,0,1.4210854715202e-14,1,0,2,billEUR,20.6241042904158,,,
StoreNet,2020-05-16,FRONTIER_R0.900,frontier,IMPROVED_PEAK_GUARD,ok,,"",0.9,12.10021605,NaN,0.95,0.95,0.960051041666667,60,20,10,DC_SOURCE,0.07,1,10,3.3,60,34.85289726,37.5816518214522,29.15066678675,25.3718519675626,15.55111,13.4446845,13.4446845,11.87225425,21.7546027620584,12.10021605,10.2016257794737,12.10021605,12.0725897925,185.083475453909,111.678471684093,0,7.01714838295325,NaN,3.5527136788005e-15,3.5527136788005e-15,1.36002320516582e-14,1.33781874467331e-14,4.44089209850063e-16,1.36002320516582e-14,0,0,0,2.22044604925031e-16,0,0,0,0,7.105427357601e-15,1,1.63308614408169e-16,2,billEUR,21.7546005865983,,,
StoreNet,2020-05-16,FRONTIER_R0.800,frontier,IMPROVED_PEAK_GUARD,ok,,"",0.8,10.7557476,NaN,0.95,0.95,0.828042541666667,60,20,10,DC_SOURCE,0.07,1,10,3.3,60,34.85289726,34.2422959211137,29.15066678675,21.3792768076018,15.55111,13.4446845,13.4446845,11.87225425,22.9184650431491,10.7557476,10.2016257794737,10.7557476,10.6610153342884,183.944608328088,89.4937177612021,0,7.01039062939895,NaN,5.32907051820075e-15,5.32907051820075e-15,7.54951656745106e-15,5.55111512312578e-16,7.54951656745106e-15,6.66133814775094e-15,0,0,0,4.10782519111308e-15,0,0,0,0,3.5527136788005e-15,1,3.10030713434176e-16,2,billEUR,22.9184627513028,,,
StoreNet,2020-05-16,FRONTIER_R0.700,frontier,IMPROVED_PEAK_GUARD,infeasible,StoreNet:OptimizationFailed,"Optimization failed during bill (exit flag -2).",0.7,9.41127915,NaN,0.95,0.95,0.134957333333333,60,20,10,DC_SOURCE,0.07,1,10,3.3,60,34.85289726,NaN,29.15066678675,NaN,15.55111,13.4446845,13.4446845,11.87225425,NaN,NaN,NaN,NaN,NaN,NaN,NaN,NaN,NaN,NaN,NaN,NaN,NaN,NaN,NaN,NaN,NaN,NaN,NaN,NaN,NaN,NaN,NaN,NaN,NaN,NaN,NaN,NaN,,NaN,,,
StoreNet,2020-05-16,FRONTIER_R0.600,frontier,IMPROVED_PEAK_GUARD,infeasible,StoreNet:OptimizationFailed,"Optimization failed during bill (exit flag -2).",0.6,8.0668107,NaN,0.95,0.95,0.120852666666667,60,20,10,DC_SOURCE,0.07,1,10,3.3,60,34.85289726,NaN,29.15066678675,NaN,15.55111,13.4446845,13.4446845,11.87225425,NaN,NaN,NaN,NaN,NaN,NaN,NaN,NaN,NaN,NaN,NaN,NaN,NaN,NaN,NaN,NaN,NaN,NaN,NaN,NaN,NaN,NaN,NaN,NaN,NaN,NaN,NaN,NaN,,NaN,,,
StoreNet,2020-05-16,FRONTIER_R0.500,frontier,IMPROVED_PEAK_GUARD,infeasible,StoreNet:OptimizationFailed,"Optimization failed during bill (exit flag -2).",0.5,6.72234225,NaN,0.95,0.95,0.0967572916666667,60,20,10,DC_SOURCE,0.07,1,10,3.3,60,34.85289726,NaN,29.15066678675,NaN,15.55111,13.4446845,13.4446845,11.87225425,NaN,NaN,NaN,NaN,NaN,NaN,NaN,NaN,NaN,NaN,NaN,NaN,NaN,NaN,NaN,NaN,NaN,NaN,NaN,NaN,NaN,NaN,NaN,NaN,NaN,NaN,NaN,NaN,,NaN,,,
StoreNet,2020-05-16,TARIFF_L0.050,tariff,VPP_BM_DEMAND_CHARGE,ok,,"",NaN,NaN,0.05,0.95,0.95,1.81106270833333,60,20,10,DC_SOURCE,0.07,1,10,3.3,60,34.85289726,50.2287990828799,29.15066678675,40.4929374425262,15.55111,13.4446845,13.4446845,11.87225425,17.3467055207121,17.4231206090243,4.44089209850063e-16,17.4231206090243,17.4231206090243,190.623137590242,189.068013289688,0,20.4953100498301,18.2178615511633,NaN,NaN,1.24344978758018e-14,6.10622663543836e-16,4.44089209850063e-16,1.24344978758018e-14,0,0,0,1.11022302462516e-16,8.88178419700125e-16,0,5.55111512312578e-16,0,0,1,0,2,billPlusDemandChargeEUR,18.2178597293773,,,
StoreNet,2020-05-16,TARIFF_L0.100,tariff,VPP_BM_DEMAND_CHARGE,ok,,"",NaN,NaN,0.1,0.95,0.95,1.57444770833333,60,20,10,DC_SOURCE,0.07,1,10,3.3,60,34.85289726,50.2287991029639,29.15066678675,40.4929374665389,15.55111,13.4446845,13.4446845,11.87225425,17.3467055137122,17.4231206013321,4.17998968771371e-14,17.4231206013321,17.4231206013321,190.623137513321,189.068019599766,0,20.4953067522937,19.0890175738454,NaN,NaN,6.86117829218347e-14,4.69069227904129e-14,1.11022302462516e-16,6.86117829218347e-14,0,0,0,1.11022302462516e-16,8.88178419700125e-16,0,1.66533453693773e-15,0,7.105427357601e-15,1,0,2,billPlusDemandChargeEUR,19.0890156649438,,,
StoreNet,2020-05-16,TARIFF_L0.200,tariff,VPP_BM_DEMAND_CHARGE,ok,,"",NaN,NaN,0.2,0.95,0.95,1.81242204166667,60,20,10,DC_SOURCE,0.07,1,10,3.3,60,34.85289726,50.2287991377039,29.15066678675,40.4929375080745,15.55111,13.4446845,13.4446845,11.87225425,17.3467055016043,17.4231205880267,8.88178419700125e-16,17.4231205880267,17.4231205880267,190.623137380267,189.068030514502,0,20.4953010484437,20.8313296192096,NaN,NaN,6.21724893790088e-15,3.33066907387547e-16,2.22044604925031e-16,6.21724893790088e-15,0,0,0,1.11022302462516e-16,0,0,1.73472347597681e-15,0,0,1,3.36728684118925e-14,2,billPlusDemandChargeEUR,20.8313275360769,,,
StoreNet,2020-05-16,TARIFF_L0.500,tariff,VPP_BM_DEMAND_CHARGE,ok,,"",NaN,NaN,0.5,0.95,0.95,2.05174066666667,60,20,10,DC_SOURCE,0.07,1,10,3.3,60,34.85289726,50.2287992123578,29.15066678675,40.4929375973317,15.55111,13.4446845,13.4446845,11.87225425,17.3467054755852,17.4231205594343,7.66053886991358e-14,17.4231205594343,17.4231205594343,190.623137094343,189.06805396955,0,20.4952887912457,26.0582657553024,NaN,NaN,5.58442181386454e-14,2.22044604925031e-16,1.11022302462516e-16,5.58442181386454e-14,0,0,0,2.22044604925031e-16,0,0,4.16333634234434e-17,0,3.90798504668055e-14,1,0,2,billPlusDemandChargeEUR,26.0582631494761,,,
StoreNet,2020-05-16,TARIFF_L1.000,tariff,VPP_BM_DEMAND_CHARGE,ok,,"",NaN,NaN,1,0.95,0.95,1.39509854166667,60,20,10,DC_SOURCE,0.07,1,10,3.3,60,34.85289726,32.9585072519027,29.15066678675,19.8443632181844,15.55111,13.4446845,13.4446845,11.87225425,23.3659025890647,10.2465377174849,10.2465377174849,10.2465377174849,10.2465377174849,183.54745042564,81.7511469555946,0,7.01168092508815,33.6124403065496,NaN,NaN,7.7715611723761e-15,2.22044604925031e-16,2.22044604925031e-16,7.7715611723761e-15,0,0,0,7.7715611723761e-15,0,0,7.7715611723761e-16,0,1.4210854715202e-14,1,1.17127772043182e-07,2,billPlusDemandChargeEUR,33.6124369453059,,,
StoreNet,2020-06-01,ANCHOR_VPP_BM,anchor,VPP_BM,ok,,"",NaN,NaN,NaN,0.95,0.95,2.18299316666667,60,20,10,DC_SOURCE,0.07,0,10,3.3,60,52.652500625,37.9957108126618,49.456152072,33.9883768062632,25.80843,25.7949115,25.7949115,15.7576715,32.6468087518901,57.9190731578947,12.628087,57.9190731578947,57.9190731578948,323.968312218777,323.80922328021,0,43.653264359895,NaN,NaN,NaN,2.22044604925031e-15,2.22044604925031e-16,2.22044604925031e-16,2.22044604925031e-15,0,0,0,2.22044604925031e-16,0,8.88178419700125e-16,3.77475828372553e-15,0,4.9737991503207e-14,1,4.35290819518914e-16,2,billEUR,32.6468054872095,/Users/guichenxiang/Desktop/電力專案/StoreNet/results/bahloul_vpp_improvement_v2_frontier/storenet_monthly_2020/cases/2020-06-01/ANCHOR_VPP_BM,c85b20feba0d368a9649b2afb5fa461cd0510ce0edd4ceca94484062650580c5,1445ffcbebee900f80fc10c1220b2938654e02d43a1b4fbbc7996846dd307658
StoreNet,2020-06-01,ANCHOR_VPP_BM_PEAK_LEX,anchor,VPP_BM_PEAK_LEX,ok,,"",NaN,NaN,NaN,0.95,0.95,3.167712,60,20,10,DC_SOURCE,0.07,0,10,3.3,60,52.652500625,37.9957108126618,49.456152072,33.9883768062632,25.80843,25.7949115,25.7949115,15.7576715,32.6468087518901,26.5772518758128,14.69982,26.5772518758128,26.5772518758128,323.968302198336,323.809886215529,0,43.6528979291674,NaN,NaN,NaN,1.33226762955019e-15,2.22044604925031e-16,1.33226762955019e-15,1.33226762955019e-15,0,0,0,2.22044604925031e-16,8.88178419700125e-16,4.44089209850063e-16,1.66533453693773e-15,0,4.2632564145606e-14,1,4.35290819518914e-16,3,billEUR,32.6468054872095,/Users/guichenxiang/Desktop/電力專案/StoreNet/results/bahloul_vpp_improvement_v2_frontier/storenet_monthly_2020/cases/2020-06-01/ANCHOR_VPP_BM_PEAK_LEX,a1b595b919129dc83857ee50a1a3558bbc0b68ebad55d49600f2e426b22937e9,ece46383c8532e6e2abf56d3c19290994ff8bfcde4f30e648a8a7a3771fe7b84
StoreNet,2020-06-01,ANCHOR_PS,anchor,PS,ok,,"",NaN,NaN,NaN,0.95,0.95,2.95404666666667,60,20,10,DC_SOURCE,0.07,0,10,3.3,60,52.652500625,16.0956005159109,49.456152072,10.6728635126182,25.80843,25.7949115,25.7949115,15.7576715,44.1777644627625,12.9506671893372,12.9506671893372,12.9506671893372,1.24744118933718,309.56857044475,119.072575239798,0,4.17848565218817,NaN,NaN,NaN,5.2284565565941e-15,2.22044604925031e-16,1.11022302462516e-16,5.2284565565941e-15,0,0,0,2.22044604925031e-16,0,4.44089209850063e-16,0,0,4.9737991503207e-14,1,3.29351231510814e-08,3,systemPeakKW,12.9506658942706,/Users/guichenxiang/Desktop/電力專案/StoreNet/results/bahloul_vpp_improvement_v2_frontier/storenet_monthly_2020/cases/2020-06-01/ANCHOR_PS,a6c06ee49a0b0691f776877932405bae8c568f006f0731a7c8e67a96dd5915de,341b078d78e27187793a5e44d6527d3acf5f3f403354a5409c90d24032cf5fc0
StoreNet,2020-06-01,FRONTIER_R2.000,frontier,IMPROVED_PEAK_GUARD,ok,,"",2,51.589823,NaN,0.95,0.95,2.50752179166667,60,20,10,DC_SOURCE,0.07,0,10,3.3,60,52.652500625,37.9957108126618,49.456152072,33.9883768062632,25.80843,25.7949115,25.7949115,15.7576715,32.6468087518901,51.589823,15.48574,51.589823,51.589823,323.968312218777,323.809223280217,0,43.6532643598916,NaN,7.105427357601e-15,7.105427357601e-15,4.21884749357559e-15,3.5527136788005e-15,1.33226762955019e-15,4.21884749357559e-15,0,0,0,2.22044604925031e-16,0,1.77635683940025e-15,7.85482789922298e-15,0,4.9737991503207e-14,1,0,2,billEUR,32.6468054872095,,,
StoreNet,2020-06-01,FRONTIER_R1.500,frontier,IMPROVED_PEAK_GUARD,ok,,"",1.5,38.69236725,NaN,0.95,0.95,1.47268954166667,60,20,10,DC_SOURCE,0.07,0,10,3.3,60,52.652500625,37.9957108126618,49.456152072,33.9883768062633,25.80843,25.7949115,25.7949115,15.7576715,32.6468087518901,38.69236725,15.48574,38.69236725,38.69236725,323.968312218777,323.809223280221,0,43.6532643598894,NaN,7.105427357601e-15,7.105427357601e-15,9.10382880192628e-15,4.32986979603811e-15,4.44089209850063e-15,9.10382880192628e-15,0,0,0,2.22044604925031e-16,0,4.44089209850063e-16,5.10702591327572e-15,0,3.5527136788005e-14,1,0,2,billEUR,32.6468054872095,,,
StoreNet,2020-06-01,FRONTIER_R1.250,frontier,IMPROVED_PEAK_GUARD,ok,,"",1.25,32.243639375,NaN,0.95,0.95,1.873041625,60,20,10,DC_SOURCE,0.07,0,10,3.3,60,52.652500625,37.9957108126618,49.456152072,33.9883768062632,25.80843,25.7949115,25.7949115,15.7576715,32.6468087518901,32.243639375,11.865473775,32.243639375,32.243639375,323.968312218777,323.809223280214,0,43.6532643598932,NaN,7.105427357601e-15,7.105427357601e-15,1.76664238793478e-14,1.64313007644523e-14,7.49400541621981e-16,1.76664238793478e-14,0,0,0,1.59872115546023e-14,8.88178419700125e-16,4.44089209850063e-16,1.63202784619898e-14,0,5.6843418860808e-14,1,0,2,billEUR,32.6468054872095,,,
StoreNet,2020-06-01,FRONTIER_R1.000,frontier,IMPROVED_PEAK_GUARD,ok,,"",1,25.7949115,NaN,0.95,0.95,2.33332066666667,60,20,10,DC_SOURCE,0.07,0,10,3.3,60,52.652500625,36.9284318327478,49.456152072,32.852119641024,25.80843,25.7949115,25.7949115,15.7576715,33.2087578234598,25.7949115,14.78197,25.7949115,25.7949115,322.711284077112,308.944691313777,0,36.5926399181118,NaN,1.06581410364015e-14,1.06581410364015e-14,2.4535928844216e-14,2.4535928844216e-14,8.88178419700125e-16,5.27355936696949e-15,0,0,0,2.22044604925031e-16,8.88178419700125e-16,8.88178419700125e-16,2.28705943072782e-14,0,3.5527136788005e-14,1,0,2,billEUR,33.2087545025843,,,
StoreNet,2020-06-01,FRONTIER_R0.900,frontier,IMPROVED_PEAK_GUARD,ok,,"",0.9,23.21542035,NaN,0.95,0.95,2.78948133333333,60,20,10,DC_SOURCE,0.07,0,10,3.3,60,52.652500625,33.3819817048498,49.456152072,29.076462624606,25.80843,25.7949115,25.7949115,15.7576715,35.0760524992166,23.21542035,17.53026,23.21542035,23.21542035,318.641277846477,263.14244437727,0,13.2325758863652,NaN,7.105427357601e-15,7.105427357601e-15,3.5527136788005e-15,2.22044604925031e-16,5.55111512312578e-17,3.5527136788005e-15,0,0,0,3.5527136788005e-15,8.88178419700125e-16,0,5.55111512312578e-17,0,3.5527136788005e-14,1,0,2,billEUR,35.0760489916117,,,
StoreNet,2020-06-01,FRONTIER_R0.800,frontier,IMPROVED_PEAK_GUARD,ok,,"",0.8,20.6359292,NaN,0.95,0.95,1.42851970833333,60,20,10,DC_SOURCE,0.07,0,10,3.3,60,52.652500625,29.3255233827499,49.456152072,24.7578356107472,25.80843,25.7949115,25.7949115,15.7576715,37.2118792426131,20.6359292,20.3500489730143,20.6359292,20.6359292,315.955457531511,231.213756898917,0,4.6917537005414,NaN,7.105427357601e-15,7.105427357601e-15,4.16888745746746e-14,4.16888745746746e-14,5.55111512312578e-17,7.43849426498855e-15,0,0,0,2.22044604925031e-16,8.88178419700125e-16,0,3.51940698806175e-14,0,2.1316282072803e-14,1,0,2,billEUR,37.2118755214255,,,
StoreNet,2020-06-01,FRONTIER_R0.700,frontier,IMPROVED_PEAK_GUARD,ok,,"",0.7,18.05643805,NaN,0.95,0.95,1.1341945,60,20,10,DC_SOURCE,0.07,0,10,3.3,60,52.652500625,25.2061267261281,49.456152072,20.3722025610583,25.80843,25.7949115,25.7949115,15.7576715,39.3808445929871,18.05643805,18.05643805,18.05643805,18.05643805,313.440454778284,182.203313246583,0,4.69180960170831,NaN,7.105427357601e-15,7.105427357601e-15,6.21724893790088e-15,2.22044604925031e-16,4.44089209850063e-16,6.21724893790088e-15,0,0,0,1.11022302462516e-16,8.88178419700125e-16,0,5.55111512312578e-16,0,2.8421709430404e-14,1,0,2,billEUR,39.380840654903,,,
StoreNet,2020-06-01,FRONTIER_R0.600,frontier,IMPROVED_PEAK_GUARD,ok,,"",0.6,15.4769469,NaN,0.95,0.95,4.20971633333333,60,20,10,DC_SOURCE,0.07,0,10,3.3,60,52.652500625,21.0339916470556,49.456152072,15.9304226074007,25.80843,25.7949115,25.7949115,15.7576715,41.5775780415716,15.4769469,15.4769469,15.4769469,15.1141091,310.919542047792,133.783867320809,0,4.39636663959535,NaN,3.5527136788005e-15,3.5527136788005e-15,1.33226762955019e-15,2.22044604925031e-16,2.22044604925031e-16,1.33226762955019e-15,0,0,0,1.11022302462516e-16,8.88178419700125e-16,0,0,0,2.8421709430404e-14,1,0,2,billEUR,41.5775738838142,,,
StoreNet,2020-06-01,FRONTIER_R0.500,frontier,IMPROVED_PEAK_GUARD,infeasible,StoreNet:OptimizationFailed,"Optimization failed during bill (exit flag -2).",0.5,12.89745575,NaN,0.95,0.95,0.163056666666667,60,20,10,DC_SOURCE,0.07,0,10,3.3,60,52.652500625,NaN,49.456152072,NaN,25.80843,25.7949115,25.7949115,15.7576715,NaN,NaN,NaN,NaN,NaN,NaN,NaN,NaN,NaN,NaN,NaN,NaN,NaN,NaN,NaN,NaN,NaN,NaN,NaN,NaN,NaN,NaN,NaN,NaN,NaN,NaN,NaN,NaN,,NaN,,,
StoreNet,2020-06-01,TARIFF_L0.050,tariff,VPP_BM_DEMAND_CHARGE,ok,,"",NaN,NaN,0.05,0.95,0.95,2.03412575,60,20,10,DC_SOURCE,0.07,0,10,3.3,60,52.652500625,37.9957105602782,49.456152072,33.9883765375682,25.80843,25.7949115,25.7949115,15.7576715,32.6468088847763,26.5772537631579,12.819723775,26.5772537631579,26.5772537631579,323.968312903757,323.80915478215,0,43.6532986089251,33.9756715729342,NaN,NaN,1.50990331349021e-14,4.44089209850063e-16,4.44089209850063e-16,1.50990331349021e-14,0,0,0,1.77635683940025e-15,8.88178419700125e-16,8.88178419700125e-16,1.66533453693773e-15,0,5.6843418860808e-14,1,0,2,billPlusDemandChargeEUR,33.9756681753673,,,
StoreNet,2020-06-01,TARIFF_L0.100,tariff,VPP_BM_DEMAND_CHARGE,ok,,"",NaN,NaN,0.1,0.95,0.95,1.63493275,60,20,10,DC_SOURCE,0.07,0,10,3.3,60,52.652500625,37.9957103078948,49.456152072,33.9883762688732,25.80843,25.7949115,25.7949115,15.7576715,32.6468090176625,26.5772537631579,15.2862173720896,26.5772537631579,26.5772537631579,323.968313588738,323.809086284066,0,43.6533328579676,35.3045343939783,NaN,NaN,5.28799226628962e-13,2.22044604925031e-16,8.15320033709099e-17,5.28799226628962e-13,0,0,0,2.22044604925031e-16,8.88178419700125e-16,4.44089209850063e-16,7.7715611723761e-16,0,0,1,0,2,billPlusDemandChargeEUR,35.3045308635253,,,
StoreNet,2020-06-01,TARIFF_L0.200,tariff,VPP_BM_DEMAND_CHARGE,ok,,"",NaN,NaN,0.2,0.95,0.95,3.546096375,60,20,10,DC_SOURCE,0.07,0,10,3.3,60,52.652500625,37.9957098031258,49.456152072,33.988375731481,25.80843,25.7949115,25.7949115,15.7576715,32.646809283436,26.5772537631579,12.700976115,26.5772537631579,26.5772537631579,323.968314958704,323.808949287899,0,43.6534013560426,37.9622600360676,NaN,NaN,4.9773518639995e-12,1.30628841077396e-12,6.78346268045971e-14,4.9773518639995e-12,0,0,0,7.105427357601e-14,8.88178419700125e-16,5.32907051820075e-14,4.6074255521944e-15,0,9.2370555648813e-13,1,0,2,billPlusDemandChargeEUR,37.9622562398411,,,
StoreNet,2020-06-01,TARIFF_L0.500,tariff,VPP_BM_DEMAND_CHARGE,ok,,"",NaN,NaN,0.5,0.95,0.95,4.68214866666667,60,20,10,DC_SOURCE,0.07,0,10,3.3,60,52.652500625,37.9957082888257,49.456152072,33.9883741193118,25.80843,25.7949115,25.7949115,15.7576715,32.6468100807529,26.5772537631579,11.1863575170058,26.5772537631579,26.5772537631587,323.968319068585,323.808538299341,0,43.65360685033,45.9354369623318,NaN,NaN,5.34683408659475e-13,3.97219149933514e-15,2.90156787485785e-13,5.34683408659475e-13,0,0,0,2.37143638059933e-13,8.88178419700125e-16,0,8.23452417364479e-13,0,0,1,0,2,billPlusDemandChargeEUR,45.9354323687886,,,
StoreNet,2020-06-01,TARIFF_L1.000,tariff,VPP_BM_DEMAND_CHARGE,ok,,"",NaN,NaN,1,0.95,0.95,4.30405658333333,60,20,10,DC_SOURCE,0.07,0,10,3.3,60,52.652500625,17.9918408447406,49.456152072,12.6916577559209,25.80843,25.7949115,25.7949115,15.7576715,43.179346511774,13.7905564434458,13.7905564434458,13.7905564434458,6.40763186344582,309.32721257834,102.952638011252,0,4.3021568358352,56.9699029552198,NaN,NaN,1.24344978758018e-14,2.22044604925031e-16,0,1.24344978758018e-14,0,0,0,1.11022302462516e-16,0,0,0,0,5.6843418860808e-14,1,0,2,billPlusDemandChargeEUR,56.96989725823,,,
StoreNet,2020-06-02,ANCHOR_VPP_BM,anchor,VPP_BM,ok,,"",NaN,NaN,NaN,0.95,0.95,3.07701304166667,60,20,10,DC_SOURCE,0.07,1,10,3.3,60,36.3944629207585,34.4644998355011,36.0866820474718,33.9055519819584,17.78814,17.7709165,17.7709165,14.866668,23.8512933073022,58.3253767112622,2.78703182350348e-05,58.3253767112622,58.3253767112622,262.102092710543,287.270457364074,0,35.2679938222385,NaN,NaN,NaN,6.21724893790088e-15,3.12250225675825e-17,6.93889390390723e-18,6.21724893790088e-15,0,0,0,4.44089209850063e-16,0,8.88178419700125e-16,2.96984659087229e-15,0,0,1,0,2,billEUR,23.8512909221731,/Users/guichenxiang/Desktop/電力專案/StoreNet/results/bahloul_vpp_improvement_v2_frontier/storenet_monthly_2020/cases/2020-06-02/ANCHOR_VPP_BM,729647da8b0be405443f95a91785d11b6d00ff0b209e5baf22b583d690e75288,874b3b1aeb7754c11302460900eaa6cfc0c09eb922a8886de5cae0d31cb1275d
StoreNet,2020-06-02,ANCHOR_VPP_BM_PEAK_LEX,anchor,VPP_BM_PEAK_LEX,ok,,"",NaN,NaN,NaN,0.95,0.95,4.01503125,60,20,10,DC_SOURCE,0.07,1,10,3.3,60,36.3944629207585,34.4644998355012,36.0866820474718,33.9055519819584,17.78814,17.7709165,17.7709165,14.866668,23.8512933073022,24.3592231199446,2.5211972639827e-05,24.3592231199446,24.3592231199446,262.102095719439,287.270463381834,0,35.2679966806746,NaN,NaN,NaN,1.271552307891e-14,4.62824223390612e-15,3.99680288865056e-15,1.271552307891e-14,0,0,0,7.105427357601e-15,8.88178419700125e-16,4.44089209850063e-16,1.26565424807268e-14,0,7.105427357601e-15,1,2.09480641168397e-08,3,billEUR,23.8512909221731,/Users/guichenxiang/Desktop/電力專案/StoreNet/results/bahloul_vpp_improvement_v2_frontier/storenet_monthly_2020/cases/2020-06-02/ANCHOR_VPP_BM_PEAK_LEX,2119b5c075d95c4948e8c44c2b2f54b88ae807ace4afe6af81a7c34aba87ab30,7fcd5dda67cf96b1f1ea91dcf919370365ab6501cc9d49e3573e055e73460589
StoreNet,2020-06-02,ANCHOR_PS,anchor,PS,ok,,"",NaN,NaN,NaN,0.95,0.95,5.340046875,60,20,10,DC_SOURCE,0.07,1,10,3.3,60,36.3944629207585,2.96189109134569,36.0866820474718,2.13425961603543,17.78814,17.7709165,17.7709165,14.866668,35.3164985657655,10.8321575374117,10.8321575374117,10.8321575374117,4.05182053741168,248.905710137386,79.1997656251157,0,0,NaN,NaN,NaN,8.88178419700125e-16,1.83880688453542e-16,4.44089209850063e-16,8.88178419700125e-16,0,0,0,2.22044604925031e-16,0,0,0,0,5.32907051820075e-15,1,0,3,systemPeakKW,10.832156454196,/Users/guichenxiang/Desktop/電力專案/StoreNet/results/bahloul_vpp_improvement_v2_frontier/storenet_monthly_2020/cases/2020-06-02/ANCHOR_PS,80a874986d1230481cf903a3a5620dc6005048c989926f88e535333177864d82,23d7a7b0b79b796fdc40cc9a92689bcf028531ea9e16aea9685930041f4420e7
StoreNet,2020-06-02,FRONTIER_R2.000,frontier,IMPROVED_PEAK_GUARD,ok,,"",2,35.541833,NaN,0.95,0.95,1.58924408333333,60,20,10,DC_SOURCE,0.07,1,10,3.3,60,36.3944629207585,34.4644998355011,36.0866820474718,33.9055519819584,17.78814,17.7709165,17.7709165,14.866668,23.8512933073022,35.541833,2.78703183254833e-05,35.541833,35.541833,262.102092710543,287.270457364074,0,35.2679938222384,NaN,1.4210854715202e-14,1.4210854715202e-14,9.76996261670138e-15,2.77555756156289e-17,2.22044604925031e-16,9.76996261670138e-15,0,0,0,1.11022302462516e-16,0,3.99680288865056e-15,9.54791801177635e-15,0,1.06581410364015e-14,1,0,2,billEUR,23.8512909221731,,,
StoreNet,2020-06-02,FRONTIER_R1.500,frontier,IMPROVED_PEAK_GUARD,ok,,"",1.5,26.65637475,NaN,0.95,0.95,1.75844375,60,20,10,DC_SOURCE,0.07,1,10,3.3,60,36.3944629207585,34.4644998355011,36.0866820474718,33.9055519819583,17.78814,17.7709165,17.7709165,14.866668,23.8512933073022,26.65637475,2.78703183813622e-05,26.65637475,26.65637475,262.102092710543,287.270457364073,0,35.2679938222383,NaN,3.5527136788005e-15,3.5527136788005e-15,1.77635683940025e-15,1.38777878078145e-16,2.22044604925031e-16,1.77635683940025e-15,0,0,0,1.77635683940025e-15,0,8.88178419700125e-16,8.88178419700125e-16,0,2.1316282072803e-14,1,0,2,billEUR,23.8512909221731,,,
StoreNet,2020-06-02,FRONTIER_R1.250,frontier,IMPROVED_PEAK_GUARD,ok,,"",1.25,22.213645625,NaN,0.95,0.95,1.22460225,60,20,10,DC_SOURCE,0.07,1,10,3.3,60,36.3944629207585,30.2299306249807,36.0866820474718,29.6348664167148,17.78814,17.7709165,17.7709165,14.866668,25.3924420284789,22.213645625,6.8541985,22.213645625,22.213645625,258.654684304403,246.504464075345,0,15.9041470100923,NaN,7.105427357601e-15,7.105427357601e-15,6.23913626925793e-15,1.66533453693773e-16,4.9960036108132e-16,6.23913626925793e-15,0,0,0,1.77635683940025e-15,8.88178419700125e-16,4.44089209850063e-16,2.8796409701215e-16,0,0,1,0,2,billEUR,25.3924394892349,,,
StoreNet,2020-06-02,FRONTIER_R1.000,frontier,IMPROVED_PEAK_GUARD,ok,,"",1,17.7709165,NaN,0.95,0.95,0.691670416666667,60,20,10,DC_SOURCE,0.07,1,10,3.3,60,36.3944629207585,20.5589804182723,36.0866820474718,19.8814333290306,17.78814,17.7709165,17.7709165,14.866668,28.9121324155444,17.7709165,13.8495385,17.7709165,17.7160172941177,253.209733211084,162.092612537272,0,0,NaN,7.105427357601e-15,7.105427357601e-15,4.44089209850063e-15,2.77555756156289e-17,1.11022302462516e-16,4.44089209850063e-15,0,0,0,3.99680288865056e-15,8.88178419700125e-16,0,0,0,0,1,0,2,billEUR,28.9121295243315,,,
StoreNet,2020-06-02,FRONTIER_R0.900,frontier,IMPROVED_PEAK_GUARD,ok,,"",0.9,15.99382485,NaN,0.95,0.95,0.869097583333333,60,20,10,DC_SOURCE,0.07,1,10,3.3,60,36.3944629207585,16.4532249175449,36.0866820474718,15.7406601170086,17.78814,17.7709165,17.7709165,14.866668,30.4064000788736,15.99382485,15.99382485,15.99382485,15.4323650411765,251.477068679068,128.327867810798,0,0,NaN,1.06581410364015e-14,1.06581410364015e-14,3.5527136788005e-15,1.12648605721244e-16,2.22044604925031e-16,3.5527136788005e-15,0,0,0,5.55111512312578e-16,8.88178419700125e-16,0,0,0,0,1,0,2,billEUR,30.406397038234,,,
StoreNet,2020-06-02,FRONTIER_R0.800,frontier,IMPROVED_PEAK_GUARD,ok,,"",0.8,14.2167332,NaN,0.95,0.95,1.28646791666667,60,20,10,DC_SOURCE,0.07,1,10,3.3,60,36.3944629207585,12.313066440872,36.0866820474718,11.5651905083836,17.78814,17.7709165,17.7709165,14.866668,31.913188520527,14.2167332,14.2167332,14.2167332,13.5345119205882,249.8089442336,95.7955329760316,0,0,NaN,5.32907051820075e-15,5.32907051820075e-15,3.99680288865056e-15,2.77555756156289e-17,3.99680288865056e-15,1.33226762955019e-15,0,0,0,4.44089209850063e-16,8.88178419700125e-16,0,0,0,0,1,0,2,billEUR,31.9131853292085,,,
StoreNet,2020-06-02,FRONTIER_R0.700,frontier,IMPROVED_PEAK_GUARD,ok,,"",0.7,12.43964155,NaN,0.95,0.95,1.379403625,60,20,10,DC_SOURCE,0.07,1,10,3.3,60,36.3944629207585,8.10185420373633,36.0866820474718,7.31806112657285,17.78814,17.7709165,17.7709165,14.866668,33.4458365966858,12.43964155,12.43964155,12.43964155,11.1751504439629,248.274116856883,65.8823543528325,0,0,NaN,7.105427357601e-15,7.105427357601e-15,2.66453525910038e-15,1.80411241501588e-16,4.44089209850063e-16,2.66453525910038e-15,0,0,0,4.44089209850063e-16,0,0,0,0,0,1,0,2,billEUR,33.4458332521025,,,
StoreNet,2020-06-02,FRONTIER_R0.600,frontier,IMPROVED_PEAK_GUARD,infeasible,StoreNet:OptimizationFailed,"Optimization failed during bill (exit flag -2).",0.6,10.6625499,NaN,0.95,0.95,0.274528083333333,60,20,10,DC_SOURCE,0.07,1,10,3.3,60,36.3944629207585,NaN,36.0866820474718,NaN,17.78814,17.7709165,17.7709165,14.866668,NaN,NaN,NaN,NaN,NaN,NaN,NaN,NaN,NaN,NaN,NaN,NaN,NaN,NaN,NaN,NaN,NaN,NaN,NaN,NaN,NaN,NaN,NaN,NaN,NaN,NaN,NaN,NaN,,NaN,,,
StoreNet,2020-06-02,FRONTIER_R0.500,frontier,IMPROVED_PEAK_GUARD,infeasible,StoreNet:OptimizationFailed,"Optimization failed during bill (exit flag -2).",0.5,8.88545825,NaN,0.95,0.95,0.155619916666667,60,20,10,DC_SOURCE,0.07,1,10,3.3,60,36.3944629207585,NaN,36.0866820474718,NaN,17.78814,17.7709165,17.7709165,14.866668,NaN,NaN,NaN,NaN,NaN,NaN,NaN,NaN,NaN,NaN,NaN,NaN,NaN,NaN,NaN,NaN,NaN,NaN,NaN,NaN,NaN,NaN,NaN,NaN,NaN,NaN,NaN,NaN,,NaN,,,
StoreNet,2020-06-02,TARIFF_L0.050,tariff,VPP_BM_DEMAND_CHARGE,ok,,"",NaN,NaN,0.05,0.95,0.95,1.644401625,60,20,10,DC_SOURCE,0.07,1,10,3.3,60,36.3944629207585,34.4644989854854,36.0866820474718,33.9055511246929,17.78814,17.7709165,17.7709165,14.866668,23.8512936166608,24.3592202533351,3.14851851357864e-05,24.3592202533351,24.3592202533351,262.102092018536,287.270449181013,0,35.2679899352848,25.0692546293276,NaN,NaN,2.93098878501041e-14,7.70217223333702e-16,2.1316282072803e-14,2.93098878501041e-14,0,0,0,1.11022302462516e-16,8.88178419700125e-16,4.44089209850063e-16,2.44249065417534e-15,0,2.1316282072803e-14,1,0,2,billPlusDemandChargeEUR,25.0692521224024,,,
StoreNet,2020-06-02,TARIFF_L0.100,tariff,VPP_BM_DEMAND_CHARGE,ok,,"",NaN,NaN,0.1,0.95,0.95,1.331368875,60,20,10,DC_SOURCE,0.07,1,10,3.3,60,36.3944629207585,34.4644979979913,36.0866820474718,33.9055501287766,17.78814,17.7709165,17.7709165,14.866668,23.851293976054,24.35921975299,3.56847070839272e-05,24.35921975299,24.35921975299,262.102091214606,287.270439674456,0,35.2679854196698,26.287215951353,NaN,NaN,3.06421554796543e-14,2.77555756156289e-17,2.63122856836162e-14,3.06421554796543e-14,0,0,0,1.11022302462516e-16,8.88178419700125e-16,1.02140518265514e-14,1.19348975147204e-15,0,1.4210854715202e-14,1,0,2,billPlusDemandChargeEUR,26.2872133226317,,,
StoreNet,2020-06-02,TARIFF_L0.200,tariff,VPP_BM_DEMAND_CHARGE,ok,,"",NaN,NaN,0.2,0.95,0.95,1.38305095833333,60,20,10,DC_SOURCE,0.07,1,10,3.3,60,36.3944629207585,34.4644899565394,36.0866820474718,33.9055420187397,17.78814,17.7709165,17.7709165,14.866668,23.8512969026972,24.3592156785337,6.98826370337802e-05,24.3592156785337,24.3592156785337,262.102084667974,287.270362259787,0,35.2679486477021,28.723140038404,NaN,NaN,7.14983627858601e-14,2.77555756156289e-17,2.94209101525666e-15,7.14983627858601e-14,0,0,0,1.77635683940025e-14,8.88178419700125e-16,4.44089209850063e-16,1.74860126378462e-15,0,2.1316282072803e-14,1,5.02382401774183e-08,2,billPlusDemandChargeEUR,28.7231371660902,,,
StoreNet,2020-06-02,TARIFF_L0.500,tariff,VPP_BM_DEMAND_CHARGE,ok,,"",NaN,NaN,0.5,0.95,0.95,1.23799775,60,20,10,DC_SOURCE,0.07,1,10,3.3,60,36.3944629207585,34.4644738124984,36.0866820474718,33.9055257370072,17.78814,17.7709165,17.7709165,14.866668,23.8513027782343,24.359207498644,0.000138538496218477,24.359207498644,24.359207498644,262.102071524936,287.270206841882,0,35.2678748241976,36.0309065275562,NaN,NaN,1.89182003396127e-13,2.77555756156289e-17,4.44089209850063e-16,1.89182003396127e-13,0,0,0,3.37507799486048e-14,8.88178419700125e-16,4.44089209850063e-16,1.38777878078145e-15,0,0,1,0,2,billPlusDemandChargeEUR,36.030902924466,,,
StoreNet,2020-06-02,TARIFF_L1.000,tariff,VPP_BM_DEMAND_CHARGE,ok,,"",NaN,NaN,1,0.95,0.95,4.91229345833333,60,20,10,DC_SOURCE,0.07,1,10,3.3,60,36.3944629207585,6.34301344752028,36.0866820474718,5.54421933636846,17.78814,17.7709165,17.7709165,14.866668,34.085957243542,11.7287592965206,11.7287592965206,11.7287592965206,7.94895620793705,247.799052770618,56.6133731845931,0,0,45.8147165400627,NaN,NaN,4.15223411209809e-14,1.80411241501588e-16,4.15223411209809e-14,2.73114864057789e-14,0,0,0,4.44089209850063e-16,8.88178419700125e-16,0,0,0,0,1,5.38844051285464e-07,2,billPlusDemandChargeEUR,45.8147119585915,,,
StoreNet,2020-06-15,ANCHOR_VPP_BM,anchor,VPP_BM,ok,,"",NaN,NaN,NaN,0.95,0.95,1.68555825,60,20,10,DC_SOURCE,0.07,1,10,3.3,60,34.282723145,64.824750589961,26.587499822,54.6439738541019,14.82562,14.4712795,14.4712795,13.096012,12.0590333708069,34.9083658725762,1.16573417585641e-15,34.9083658725762,34.9083658725762,132.516850228647,121.844785489195,0,45.1623833791748,NaN,NaN,NaN,8.88178419700125e-16,4.44089209850063e-16,2.22044604925031e-16,8.88178419700125e-16,0,0,0,1.11022302462516e-16,0,0,1.77635683940025e-15,0,1.06581410364015e-14,1,0,2,billEUR,12.0590321649037,/Users/guichenxiang/Desktop/電力專案/StoreNet/results/bahloul_vpp_improvement_v2_frontier/storenet_monthly_2020/cases/2020-06-15/ANCHOR_VPP_BM,feea5babf3e9c8cd90beab767b05da488845816d563122819ea644456af45655,73ce3afa1c71ab19aac0d366efa88ebacb5679957bf260dc4028c1c270bf8a1c
StoreNet,2020-06-15,ANCHOR_VPP_BM_PEAK_LEX,anchor,VPP_BM_PEAK_LEX,ok,,"",NaN,NaN,NaN,0.95,0.95,3.53040779166667,60,20,10,DC_SOURCE,0.07,1,10,3.3,60,34.282723145,64.824750589961,26.587499822,54.643973854102,14.82562,14.4712795,14.4712795,13.096012,12.0590333708069,13.1139065293987,6.74137920521345e-08,13.1139065293987,13.1139065293987,132.516850152344,121.846017753866,0,45.1617539241936,NaN,NaN,NaN,2.33146835171283e-15,4.44089209850063e-16,2.22044604925031e-16,2.33146835171283e-15,0,0,0,1.11022302462516e-16,0,0,2.22044604925031e-15,0,8.88178419700125e-15,1,0,3,billEUR,12.0590321649037,/Users/guichenxiang/Desktop/電力專案/StoreNet/results/bahloul_vpp_improvement_v2_frontier/storenet_monthly_2020/cases/2020-06-15/ANCHOR_VPP_BM_PEAK_LEX,e8b12ed4e7b386eaffc1941fca6f3e5557331d652d6fc572125962f456204a24,b99381d066732bde388496cbf85bb94ea9114aaf31d58e273bb900d470389651
StoreNet,2020-06-15,ANCHOR_PS,anchor,PS,ok,,"",NaN,NaN,NaN,0.95,0.95,3.24654445833333,60,20,10,DC_SOURCE,0.07,1,10,3.3,60,34.282723145,51.6074471596015,26.587499822,37.6011846764776,14.82562,14.4712795,14.4712795,13.096012,16.5902849130716,6.85987107084566,6.85987107084566,6.85987107084561,6.85987107084566,129.222090498128,71.1994265729273,0,40.098718801331,NaN,NaN,NaN,7.86037901434611e-14,8.65973959207622e-15,5.55111512312578e-17,7.86037901434611e-14,0,0,0,3.33066907387547e-16,0,0,9.85322934354826e-16,0,5.50670620214078e-14,1,6.12935617123398e-08,3,systemPeakKW,6.85987038485857,/Users/guichenxiang/Desktop/電力專案/StoreNet/results/bahloul_vpp_improvement_v2_frontier/storenet_monthly_2020/cases/2020-06-15/ANCHOR_PS,cde9557c6ce894d340cac6fbde6ffb7a65f35292a3da92ac8d4dc2de6620bd29,133f6f2857b047153dc4881d11dbe976ab6dd50da245905437954801ad28aac8
StoreNet,2020-06-15,FRONTIER_R2.000,frontier,IMPROVED_PEAK_GUARD,ok,,"",2,28.942559,NaN,0.95,0.95,1.89468654166667,60,20,10,DC_SOURCE,0.07,1,10,3.3,60,34.282723145,64.824750589961,26.587499822,54.643973854102,14.82562,14.4712795,14.4712795,13.096012,12.0590333708069,28.942559,9.0205620750794e-16,28.942559,28.942559,132.516850228647,121.844785489196,0,45.162383379174,NaN,0,0,1.38777878078145e-15,4.44089209850063e-16,2.22044604925031e-16,1.38777878078145e-15,0,0,0,1.11022302462516e-16,0,0,1.77635683940025e-15,0,7.105427357601e-15,1,0,2,billEUR,12.0590321649037,,,
StoreNet,2020-06-15,FRONTIER_R1.500,frontier,IMPROVED_PEAK_GUARD,ok,,"",1.5,21.70691925,NaN,0.95,0.95,1.71382925,60,20,10,DC_SOURCE,0.07,1,10,3.3,60,34.282723145,64.824750589961,26.587499822,54.643973854102,14.82562,14.4712795,14.4712795,13.096012,12.0590333708069,21.70691925,4.9960036108132e-16,21.70691925,21.70691925,132.516850228647,121.844785489201,0,45.1623833791716,NaN,7.105427357601e-15,7.105427357601e-15,7.99360577730113e-15,4.44089209850063e-16,5.55111512312578e-17,7.99360577730113e-15,0,0,0,1.11022302462516e-16,0,0,1.33226762955019e-15,0,5.32907051820075e-15,1,2.13434362614759e-14,2,billEUR,12.0590321649037,,,
StoreNet,2020-06-15,FRONTIER_R1.250,frontier,IMPROVED_PEAK_GUARD,ok,,"",1.25,18.089099375,NaN,0.95,0.95,1.92146408333333,60,20,10,DC_SOURCE,0.07,1,10,3.3,60,34.282723145,64.824750589961,26.587499822,54.6439738541019,14.82562,14.4712795,14.4712795,13.096012,12.0590333708069,18.089099375,0,18.089099375,18.089099375,132.516850228647,121.844785489194,0,45.162383379175,NaN,7.105427357601e-15,7.105427357601e-15,9.32587340685131e-15,4.44089209850063e-16,1.11022302462516e-16,9.32587340685131e-15,0,0,0,1.11022302462516e-16,0,0,6.66133814775094e-15,0,1.06581410364015e-14,1,0,2,billEUR,12.0590321649037,,,
StoreNet,2020-06-15,FRONTIER_R1.000,frontier,IMPROVED_PEAK_GUARD,ok,,"",1,14.4712795,NaN,0.95,0.95,1.300995375,60,20,10,DC_SOURCE,0.07,1,10,3.3,60,34.282723145,64.824750589961,26.587499822,54.643973854102,14.82562,14.4712795,14.4712795,13.096012,12.0590333708069,14.4712795,9.74914593498966e-16,14.4712795,14.4712795,132.516850228647,121.844785489201,0,45.1623833791713,NaN,1.77635683940025e-15,1.77635683940025e-15,1.66533453693773e-15,4.44089209850063e-16,5.55111512312578e-17,1.66533453693773e-15,0,0,0,1.11022302462516e-16,8.88178419700125e-16,0,6.66133814775094e-16,0,3.5527136788005e-15,1,0,2,billEUR,12.0590321649037,,,
StoreNet,2020-06-15,FRONTIER_R0.900,frontier,IMPROVED_PEAK_GUARD,ok,,"",0.9,13.02415155,NaN,0.95,0.95,1.4932665,60,20,10,DC_SOURCE,0.07,1,10,3.3,60,34.282723145,64.823027668383,26.587499822,54.6417522671211,14.82562,14.4712795,14.4712795,13.096012,12.0596240352415,13.02415155,2.80775402927702e-13,13.02415155,13.02415155,132.52334104661,121.996070586739,0,45.1623834099986,NaN,3.5527136788005e-15,3.5527136788005e-15,1.97064586870965e-13,4.44089209850063e-16,5.55111512312578e-17,1.97064586870965e-13,0,0,0,1.11022302462516e-16,0,0,3.08086889333481e-14,0,4.79616346638068e-14,1,3.55282810937334e-14,2,billEUR,12.0596228292792,,,
StoreNet,2020-06-15,FRONTIER_R0.800,frontier,IMPROVED_PEAK_GUARD,ok,,"",0.8,11.5770236,NaN,0.95,0.95,3.20631916666667,60,20,10,DC_SOURCE,0.07,1,10,3.3,60,34.282723145,64.7815293535703,26.587499822,54.5882430899803,14.82562,14.4712795,14.4712795,13.096012,12.0738507876186,11.5770236,5.82867087928207e-16,11.5770236,11.5770236,132.679678984819,125.042654290684,0,45.1623841526079,NaN,3.5527136788005e-15,3.5527136788005e-15,1.77635683940025e-15,2.22044604925031e-16,1.2490009027033e-15,1.77635683940025e-15,0,0,0,1.11022302462516e-16,8.88178419700125e-16,0,1.83186799063151e-15,0,3.5527136788005e-15,1,0,2,billEUR,12.0738495802336,,,
StoreNet,2020-06-15,FRONTIER_R0.700,frontier,IMPROVED_PEAK_GUARD,ok,,"",0.7,10.12989565,NaN,0.95,0.95,1.92809254166667,60,20,10,DC_SOURCE,0.07,1,10,3.3,60,34.282723145,61.2910748734239,26.587499822,50.0875459430424,14.82562,14.4712795,14.4712795,13.096012,13.2704736335494,10.12989565,4.63244,10.12989565,10.12989565,131.476879255409,101.363461046834,0,45.1731145311949,NaN,3.5527136788005e-15,3.5527136788005e-15,1.77635683940025e-15,4.44089209850063e-16,1.33226762955019e-15,1.77635683940025e-15,0,0,0,2.22044604925031e-16,0,0,2.60902410786912e-15,0,1.24344978758018e-14,1,0,2,billEUR,13.2704723065022,,,
StoreNet,2020-06-15,FRONTIER_R0.600,frontier,IMPROVED_PEAK_GUARD,ok,,"",0.6,8.6827677,NaN,0.95,0.95,3.95987045833333,60,20,10,DC_SOURCE,0.07,1,10,3.3,60,34.282723145,57.564744972786,26.587499822,45.2827039238317,14.82562,14.4712795,14.4712795,13.096012,14.5479609968545,8.6827677,8.40113655990796,8.6827677,8.6827677,130.308566361105,77.6927950274921,0,45.582234354931,NaN,3.5527136788005e-15,3.5527136788005e-15,1.22124532708767e-15,4.44089209850063e-16,8.88178419700125e-16,1.22124532708767e-15,0,0,0,6.78346268045971e-14,1.02140518265514e-14,0,9.71445146547012e-17,0,7.105427357601e-15,1,4.21225706531551e-08,2,billEUR,14.5479595420585,,,
StoreNet,2020-06-15,FRONTIER_R0.500,frontier,IMPROVED_PEAK_GUARD,ok,,"",0.5,7.23563975,NaN,0.95,0.95,1.85177191666667,60,20,10,DC_SOURCE,0.07,1,10,3.3,60,34.282723145,52.9627287787451,26.587499822,39.3487256202921,14.82562,14.4712795,14.4712795,13.096012,16.1256574677456,7.23563975,7.23563975,7.23563975,7.23563975,129.221176282194,64.4318208504255,0,40.956464441901,NaN,4.44089209850063e-15,4.44089209850063e-15,5.10702591327572e-15,2.22044604925031e-16,2.22044604925031e-15,5.10702591327572e-15,0,0,0,4.21884749357559e-15,0,0,3.46944695195361e-16,0,0,1,4.0001473407143e-08,2,billEUR,16.12565585518,,,
StoreNet,2020-06-15,TARIFF_L0.050,tariff,VPP_BM_DEMAND_CHARGE,ok,,"",NaN,NaN,0.05,0.95,0.95,2.63499829166667,60,20,10,DC_SOURCE,0.07,1,10,3.3,60,34.282723145,64.7798608687212,26.587499822,54.5860916953573,14.82562,14.4712795,14.4712795,13.096012,12.0744227896601,11.518840722154,5.41233724504764e-16,11.518840722154,11.518840722154,132.68596472154,125.165139737233,0,45.1623866157638,12.6503648257678,NaN,NaN,2.37587727269783e-14,4.44089209850063e-16,5.27355936696949e-16,2.37587727269783e-14,0,0,0,1.11022302462516e-16,8.88178419700125e-16,0,1.77635683940025e-15,0,1.24344978758018e-14,1,0,2,billPlusDemandChargeEUR,12.6503635607314,,,
StoreNet,2020-06-15,TARIFF_L0.100,tariff,VPP_BM_DEMAND_CHARGE,ok,,"",NaN,NaN,0.1,0.95,0.95,1.832905125,60,20,10,DC_SOURCE,0.07,1,10,3.3,60,34.282723145,64.7798608905165,26.587499822,54.5860917234609,14.82562,14.4712795,14.4712795,13.096012,12.0744227821881,11.518840713943,5.41233724504764e-16,11.518840713943,11.518840713943,132.68596463943,125.165147473256,0,45.1623826733986,13.2263068535824,NaN,NaN,5.32907051820075e-15,4.44089209850063e-16,4.44089209850063e-16,5.32907051820075e-15,0,0,0,1.11022302462516e-16,0,0,1.83186799063151e-15,0,3.5527136788005e-15,1,0,2,billPlusDemandChargeEUR,13.2263055309518,,,
StoreNet,2020-06-15,TARIFF_L0.200,tariff,VPP_BM_DEMAND_CHARGE,ok,,"",NaN,NaN,0.2,0.95,0.95,1.586945,60,20,10,DC_SOURCE,0.07,1,10,3.3,60,34.282723145,64.7798609282165,26.587499822,54.5860917720723,14.82562,14.4712795,14.4712795,13.096012,12.0744227692635,11.5188406997401,5.41233724504764e-16,11.5188406997401,11.5188406997401,132.685964497401,125.165160854471,0,45.1623758541788,14.3781909092116,NaN,NaN,1.44106948596345e-13,1.44106948596345e-13,2.74780198594726e-15,1.37223565843669e-13,0,0,0,0,0,0,9.15933995315754e-16,0,3.5527136788005e-15,1,0,2,billPlusDemandChargeEUR,14.3781894713926,,,
StoreNet,2020-06-15,TARIFF_L0.500,tariff,VPP_BM_DEMAND_CHARGE,ok,,"",NaN,NaN,0.5,0.95,0.95,2.344980125,60,20,10,DC_SOURCE,0.07,1,10,3.3,60,34.282723145,64.7798610092314,26.587499822,54.5860918765354,14.82562,14.4712795,14.4712795,13.096012,12.0744227414894,11.5188406692195,1.32699407018322e-13,11.5188406692195,11.5188406692195,132.685964192191,125.165189609842,0,45.1623612001132,17.8338430760991,NaN,NaN,6.18172180111287e-13,4.44089209850063e-16,5.55111512312578e-17,6.18172180111287e-13,0,0,0,1.11022302462516e-16,0,0,5.05151476204446e-15,0,6.03961325396085e-14,1,0,2,billPlusDemandChargeEUR,17.8338412927149,,,
StoreNet,2020-06-15,TARIFF_L1.000,tariff,VPP_BM_DEMAND_CHARGE,ok,,"",NaN,NaN,1,0.95,0.95,3.2764725,60,20,10,DC_SOURCE,0.07,1,10,3.3,60,34.282723145,57.7759757495442,26.587499822,45.5550712501235,14.82562,14.4712795,14.4712795,13.096012,14.4755453344614,8.75240314060447,7.46047251300443,8.75240314060447,8.75240314060447,130.378946475508,78.8834227370947,0,45.7147850159271,23.2279484750659,NaN,NaN,2.83106871279415e-15,4.44089209850063e-16,5.55111512312578e-17,2.83106871279415e-15,0,0,0,3.33066907387547e-16,0,0,9.85322934354826e-16,0,0,1,0,2,billPlusDemandChargeEUR,23.2279461522713,,,
StoreNet,2020-06-16,ANCHOR_VPP_BM,anchor,VPP_BM,ok,,"",NaN,NaN,NaN,0.95,0.95,5.36588908333333,60,20,10,DC_SOURCE,0.07,1,10,3.3,60,36.66503493,47.3335293450772,31.35336959375,38.4111497034279,17.13738,14.727853,14.727853,13.9374405,19.3101798620257,56.8940989417092,4.9960036108132e-16,56.8940989417092,56.8940989417092,212.199778703579,221.886473391206,0,24.3747554802763,NaN,NaN,NaN,1.80189196896663e-13,4.64905891561784e-16,4.44089209850063e-16,1.80189196896663e-13,0,0,0,2.22044604925031e-16,3.41948691584548e-14,2.02948768901479e-13,6.00561267383171e-15,0,0,1,0,2,billEUR,19.3101779310079,/Users/guichenxiang/Desktop/電力專案/StoreNet/results/bahloul_vpp_improvement_v2_frontier/storenet_monthly_2020/cases/2020-06-16/ANCHOR_VPP_BM,fef93d9d9cb69448b9ee0d408361eedb0908380846af0960a59209b2cbe930c8,a5b4f9dc09a1fdde9a7dcfe46cfae5a1136e7ff566749c2757b51134d1ab7ef6
StoreNet,2020-06-16,ANCHOR_VPP_BM_PEAK_LEX,anchor,VPP_BM_PEAK_LEX,ok,,"",NaN,NaN,NaN,0.95,0.95,6.024405625,60,20,10,DC_SOURCE,0.07,1,10,3.3,60,36.66503493,47.3335293450772,31.35336959375,38.4111497034279,17.13738,14.727853,14.727853,13.9374405,19.3101798620256,19.1568905756971,1.35780480416958e-05,19.1568905756971,19.1568905756971,212.199763335019,221.887490149012,0,24.3741934777821,NaN,NaN,NaN,3.64709347791536e-15,2.22044604925031e-16,1.11022302462516e-16,3.64709347791536e-15,0,0,0,1.11022302462516e-16,0,1.33226762955019e-15,2.44249065417534e-15,0,7.105427357601e-15,1,3.7090716993278e-16,3,billEUR,19.3101779310079,/Users/guichenxiang/Desktop/電力專案/StoreNet/results/bahloul_vpp_improvement_v2_frontier/storenet_monthly_2020/cases/2020-06-16/ANCHOR_VPP_BM_PEAK_LEX,4bac354a6a5e0e69cc154c274063790be7848b7a1e7792edb1b6f23475f8b18c,d54f4b2e4320af33475dfee03aa935d6948a50ac96c452bda91c34e003b156a7
StoreNet,2020-06-16,ANCHOR_PS,anchor,PS,ok,,"",NaN,NaN,NaN,0.95,0.95,6.508917875,60,20,10,DC_SOURCE,0.07,1,10,3.3,60,36.66503493,21.4668384070578,31.35336959375,8.16230758359876,17.13738,14.727853,14.727853,13.9374405,28.7942111296856,8.42360850572747,8.42360850572746,8.42360850572747,0.159657505727465,202.006940823066,57.540184338594,0,5.9909208327574,NaN,NaN,NaN,2.77555756156289e-15,2.77555756156289e-15,7.7715611723761e-16,2.66453525910038e-15,0,0,0,4.44089209850063e-16,0,4.44089209850063e-16,0,0,3.5527136788005e-15,1,0,3,systemPeakKW,8.4236076633667,/Users/guichenxiang/Desktop/電力專案/StoreNet/results/bahloul_vpp_improvement_v2_frontier/storenet_monthly_2020/cases/2020-06-16/ANCHOR_PS,efa082ad021a9f1ec366bc7d6de560aaef90715645182892af0480a33c9cd133,d4f667a2cab5bd6b8d0e1f27791d336535b0b84a3fac9da25af61987e48a7ff9
StoreNet,2020-06-16,FRONTIER_R2.000,frontier,IMPROVED_PEAK_GUARD,ok,,"",2,29.455706,NaN,0.95,0.95,1.86039108333333,60,20,10,DC_SOURCE,0.07,1,10,3.3,60,36.66503493,47.3335293450772,31.35336959375,38.4111497034278,17.13738,14.727853,14.727853,13.9374405,19.3101798620257,29.455706,2.22044604925031e-16,29.455706,29.455706,212.199778703579,221.88647339118,0,24.3747554802897,NaN,3.5527136788005e-15,3.5527136788005e-15,1.88737914186277e-15,2.22044604925031e-16,4.44089209850063e-16,1.88737914186277e-15,0,0,0,2.22044604925031e-16,0,0,3.88578058618805e-16,0,7.105427357601e-15,1,0,2,billEUR,19.3101779310079,,,
StoreNet,2020-06-16,FRONTIER_R1.500,frontier,IMPROVED_PEAK_GUARD,ok,,"",1.5,22.0917795,NaN,0.95,0.95,1.46823304166667,60,20,10,DC_SOURCE,0.07,1,10,3.3,60,36.66503493,47.3335293450771,31.35336959375,38.4111497034278,17.13738,14.727853,14.727853,13.9374405,19.3101798620257,22.0917795,7.21644966006352e-16,22.0917795,22.0917795,212.199778703579,221.886473391178,0,24.3747554802903,NaN,7.105427357601e-15,7.105427357601e-15,1.77635683940025e-15,2.22044604925031e-16,0,1.77635683940025e-15,0,0,0,2.22044604925031e-16,0,0,3.05311331771918e-16,0,1.06581410364015e-14,1,0,2,billEUR,19.3101779310079,,,
StoreNet,2020-06-16,FRONTIER_R1.250,frontier,IMPROVED_PEAK_GUARD,ok,,"",1.25,18.40981625,NaN,0.95,0.95,2.3489655,60,20,10,DC_SOURCE,0.07,1,10,3.3,60,36.66503493,45.8699633055931,31.35336959375,36.699636693651,17.13738,14.727853,14.727853,13.9374405,19.8467968616261,18.40981625,4.660854,18.40981625,18.40981625,210.999404799619,207.692764219333,0,17.6320045590837,NaN,1.06581410364015e-14,1.06581410364015e-14,8.88178419700125e-16,2.22044604925031e-16,4.44089209850063e-16,8.88178419700125e-16,0,0,0,2.22044604925031e-16,0,0,2.77555756156289e-16,0,0,1,0,2,billEUR,19.8467948769466,,,
StoreNet,2020-06-16,FRONTIER_R1.000,frontier,IMPROVED_PEAK_GUARD,ok,,"",1,14.727853,NaN,0.95,0.95,1.1792495,60,20,10,DC_SOURCE,0.07,1,10,3.3,60,36.66503493,37.651540033341,31.35336959375,27.0889064834373,17.13738,14.727853,14.727853,13.9374405,22.8600846250926,14.727853,12.329262435,14.727853,14.727853,206.98324818089,148.739064153135,0,7.49108104448526,NaN,7.105427357601e-15,7.105427357601e-15,2.66453525910038e-15,9.99200722162641e-16,2.22044604925031e-16,2.66453525910038e-15,0,0,0,2.22044604925031e-16,0,0,5.55111512312578e-17,0,7.105427357601e-15,1,8.02554327522176e-15,2,billEUR,22.8600823390844,,,
StoreNet,2020-06-16,FRONTIER_R0.900,frontier,IMPROVED_PEAK_GUARD,ok,,"",0.9,13.2550677,NaN,0.95,0.95,1.44777108333333,60,20,10,DC_SOURCE,0.07,1,10,3.3,60,36.66503493,34.2386824331545,31.35336959375,23.0978667724488,17.13738,14.727853,14.727853,13.9374405,24.1114100563121,13.2550677,12.59839616,13.2550677,13.03583467,205.613952161403,122.087060871828,0,7.47335779513846,NaN,5.32907051820075e-15,5.32907051820075e-15,8.88178419700125e-16,2.22044604925031e-16,4.44089209850063e-16,8.88178419700125e-16,0,0,0,2.22044604925031e-16,0,0,0,0,7.105427357601e-15,1,0,2,billEUR,24.1114076451714,,,
StoreNet,2020-06-16,FRONTIER_R0.800,frontier,IMPROVED_PEAK_GUARD,ok,,"",0.8,11.7822824,NaN,0.95,0.95,1.42659754166667,60,20,10,DC_SOURCE,0.07,1,10,3.3,60,36.66503493,30.6295175712472,31.35336959375,18.8772628168109,17.13738,14.727853,14.727853,13.9374405,25.4347116136117,11.7822824,11.7822824,11.7822824,11.5850481,204.305281060885,97.9118534356875,0,6.92920124426152,NaN,7.105427357601e-15,7.105427357601e-15,3.75255382323303e-14,4.44089209850063e-16,4.44089209850063e-16,3.75255382323303e-14,0,0,0,3.33066907387547e-16,0,0,0,0,0,1,9.86947020943145e-15,2,billEUR,25.4347090701408,,,
StoreNet,2020-06-16,FRONTIER_R0.700,frontier,IMPROVED_PEAK_GUARD,ok,,"",0.7,10.3094971,NaN,0.95,0.95,1.2155835,60,20,10,DC_SOURCE,0.07,1,10,3.3,60,36.66503493,26.7447724003721,31.35336959375,14.334391692277,17.13738,14.727853,14.727853,13.9374405,26.8590547874546,10.3094971,10.3094971,10.3094971,8.27355780000002,203.045886364714,75.6960448327761,0,5.3774120857172,NaN,1.59872115546023e-14,1.59872115546023e-14,1.68753899743024e-14,1.68753899743024e-14,2.47024622979097e-15,1.2712053631958e-14,0,0,0,5.6621374255883e-15,0,0,0,0,1.4210854715202e-14,1,8.78303519748007e-08,2,billEUR,26.8590521015494,,,
StoreNet,2020-06-16,FRONTIER_R0.600,frontier,IMPROVED_PEAK_GUARD,ok,,"",0.6,8.8367118,NaN,0.95,0.95,2.40147158333333,60,20,10,DC_SOURCE,0.07,1,10,3.3,60,36.66503493,22.7661409468379,31.35336959375,9.68172873746321,17.13738,14.727853,14.727853,13.9374405,28.3178213996289,8.8367118,8.8367118,8.8367118,3.95009796999312,201.963932072314,54.6499939386338,0,5.2385133406831,NaN,1.77635683940025e-15,1.77635683940025e-15,6.55031584528842e-15,6.55031584528842e-15,2.22044604925031e-16,6.29956533537766e-15,0,0,0,9.99200722162641e-16,0,0,0,0,0,1,2.60033966905089e-16,2,billEUR,28.317818567847,,,
StoreNet,2020-06-16,FRONTIER_R0.500,frontier,IMPROVED_PEAK_GUARD,infeasible,StoreNet:OptimizationFailed,"Optimization failed during bill (exit flag -2).",0.5,7.3639265,NaN,0.95,0.95,0.249188166666667,60,20,10,DC_SOURCE,0.07,1,10,3.3,60,36.66503493,NaN,31.35336959375,NaN,17.13738,14.727853,14.727853,13.9374405,NaN,NaN,NaN,NaN,NaN,NaN,NaN,NaN,NaN,NaN,NaN,NaN,NaN,NaN,NaN,NaN,NaN,NaN,NaN,NaN,NaN,NaN,NaN,NaN,NaN,NaN,NaN,NaN,,NaN,,,
StoreNet,2020-06-16,TARIFF_L0.050,tariff,VPP_BM_DEMAND_CHARGE,ok,,"",NaN,NaN,0.05,0.95,0.95,1.63280808333333,60,20,10,DC_SOURCE,0.07,1,10,3.3,60,36.66503493,47.3335293717461,31.35336959375,38.4111497346148,17.13738,14.727853,14.727853,13.9374405,19.3101798522475,19.1568934596127,2.66453525910038e-15,19.1568934596127,19.1568934596127,212.199778596126,221.886482205764,0,24.3747508739423,20.2680245252281,NaN,NaN,4.63518112781003e-15,3.33066907387547e-16,4.44089209850063e-16,4.63518112781003e-15,0,0,0,2.22044604925031e-16,0,0,7.7715611723761e-16,0,7.105427357601e-15,1,0,2,billPlusDemandChargeEUR,20.2680224984259,,,
StoreNet,2020-06-16,TARIFF_L0.100,tariff,VPP_BM_DEMAND_CHARGE,ok,,"",NaN,NaN,0.1,0.95,0.95,2.64110841666667,60,20,10,DC_SOURCE,0.07,1,10,3.3,60,36.66503493,47.3335293957744,31.35336959375,38.4111497627139,17.13738,14.727853,14.727853,13.9374405,19.3101798434375,19.1568934499313,4.11615186379777e-14,19.1568934499313,19.1568934499313,212.199778499313,221.886490147607,0,24.3747467236738,21.2258691884306,NaN,NaN,4.48530101948563e-14,4.36872760189999e-14,4.15778522722121e-14,4.48530101948563e-14,0,0,0,2.22044604925031e-16,0,0,6.57807142090405e-15,0,2.1316282072803e-14,1,0,2,billPlusDemandChargeEUR,21.2258670658439,,,
StoreNet,2020-06-16,TARIFF_L0.200,tariff,VPP_BM_DEMAND_CHARGE,ok,,"",NaN,NaN,0.2,0.95,0.95,3.61669516666667,60,20,10,DC_SOURCE,0.07,1,10,3.3,60,36.66503493,47.3335294373371,31.35336959375,38.4111498113178,17.13738,14.727853,14.727853,13.9374405,19.3101798281985,19.1568934331852,4.9960036108132e-16,19.1568934331852,19.1568934331852,212.199778331852,221.88650388486,0,24.3747395448255,23.1415585148356,NaN,NaN,6.66133814775094e-15,2.22044604925031e-16,2.35922392732846e-16,6.66133814775094e-15,0,0,0,3.5527136788005e-15,0,0,7.7715611723761e-16,0,1.4210854715202e-14,1,0,2,billPlusDemandChargeEUR,23.1415562006799,,,
StoreNet,2020-06-16,TARIFF_L0.500,tariff,VPP_BM_DEMAND_CHARGE,ok,,"",NaN,NaN,0.5,0.95,0.95,2.14480858333333,60,20,10,DC_SOURCE,0.07,1,10,3.3,60,36.66503493,47.3335295266526,31.35336959375,38.4111499157645,17.13738,14.727853,14.727853,13.9374405,19.310179795451,19.1568933971989,7.7715611723761e-16,19.1568933971989,19.1568933971989,212.199777971988,221.886533405352,0,24.3747241179325,28.8886264940504,NaN,NaN,1.15463194561016e-14,4.64905891561784e-16,6.80011602582908e-16,1.15463194561016e-14,0,0,0,2.22044604925031e-16,8.88178419700125e-16,4.44089209850063e-16,8.65973959207622e-15,0,1.4210854715202e-14,1,0,2,billPlusDemandChargeEUR,28.888623605188,,,
StoreNet,2020-06-16,TARIFF_L1.000,tariff,VPP_BM_DEMAND_CHARGE,ok,,"",NaN,NaN,1,0.95,0.95,1.88893225,60,20,10,DC_SOURCE,0.07,1,10,3.3,60,36.66503493,24.3576979738363,31.35336959375,11.5429160594031,17.13738,14.727853,14.727853,13.9374405,27.734276459749,9.41899725293468,9.41899725293468,9.41899725293468,6.65088295293468,202.35663556868,62.2167748587681,0,5.33429155263158,37.1532737126837,NaN,NaN,2.41473507855972e-14,2.22044604925031e-16,5.55111512312578e-17,2.41473507855972e-14,0,0,0,2.1094237467878e-15,0,0,0,0,7.105427357601e-15,1,0,2,billPlusDemandChargeEUR,37.1532699973567,,,
StoreNet,2020-07-01,ANCHOR_VPP_BM,anchor,VPP_BM,ok,,"",NaN,NaN,NaN,0.95,0.95,1.21776654166667,60,20,10,DC_SOURCE,0.07,0,10,3.3,60,46.10601875,30.8390558052486,45.6651268085,30.171314246359,21.15025,21.141624,21.141624,14.1353535,31.8873578981091,83.0496542105263,13.17714638,83.0496542105263,83.0496542105263,326.69457984867,319.999915652548,0,30.1326149349603,NaN,NaN,NaN,2.22044604925031e-15,1.38777878078145e-17,2.22044604925031e-15,1.99840144432528e-15,0,0,0,2.22044604925031e-16,0,4.44089209850063e-16,1.11022302462516e-15,0,0,1,7.10542923049116e-16,2,billEUR,31.8873547093737,/Users/guichenxiang/Desktop/電力專案/StoreNet/results/bahloul_vpp_improvement_v2_frontier/storenet_monthly_2020/cases/2020-07-01/ANCHOR_VPP_BM,7b0cbf8f775da700cdd10f7e1f394bfbaeaf506c15cf22cf9d77cfb66a1830ce,a0555ccb6ea350e3e094003b7ea66c42422262685a544385df7260658a130fa2
StoreNet,2020-07-01,ANCHOR_VPP_BM_PEAK_LEX,anchor,VPP_BM_PEAK_LEX,ok,,"",NaN,NaN,NaN,0.95,0.95,2.25145429166667,60,20,10,DC_SOURCE,0.07,0,10,3.3,60,46.10601875,30.8390558052485,45.6651268085,30.171314246359,21.15025,21.141624,21.141624,14.1353535,31.8873578981091,28.0959356334116,14.18432,28.0959356334116,28.0959356334116,326.69457984867,319.999915652548,0,30.1326149349602,NaN,NaN,NaN,3.5527136788005e-15,1.38777878078145e-17,3.21964677141295e-15,3.5527136788005e-15,0,0,0,3.5527136788005e-15,8.88178419700125e-16,8.88178419700125e-16,2.16493489801906e-15,0,7.105427357601e-15,1,0,3,billEUR,31.8873547093737,/Users/guichenxiang/Desktop/電力專案/StoreNet/results/bahloul_vpp_improvement_v2_frontier/storenet_monthly_2020/cases/2020-07-01/ANCHOR_VPP_BM_PEAK_LEX,87e9c7021abcc3d6d38d9244b57d600556b33966e64df4e44ec122920a2fb847,83a086a0796f288be6a7a2cff6efb11863f26c2eaf6989bfc7259e377eee8c51
StoreNet,2020-07-01,ANCHOR_PS,anchor,PS,ok,,"",NaN,NaN,NaN,0.95,0.95,3.30032841666667,60,20,10,DC_SOURCE,0.07,0,10,3.3,60,46.10601875,3.31601006288529,45.6651268085,2.3825364252427,21.15025,21.141624,21.141624,14.1353535,44.5771385286542,13.0958934333868,13.0958934333867,13.0958934333868,2.31665193338675,311.984781768976,76.2853124974268,0,0.00103687792267992,NaN,NaN,NaN,8.88178419700125e-16,1.38777878078145e-17,4.44089209850063e-16,8.88178419700125e-16,0,0,0,2.22044604925031e-16,0,0,0,0,1.4210854715202e-14,1,0,3,systemPeakKW,13.0958921237975,/Users/guichenxiang/Desktop/電力專案/StoreNet/results/bahloul_vpp_improvement_v2_frontier/storenet_monthly_2020/cases/2020-07-01/ANCHOR_PS,7fa0d9db2e5c2f8b5d831e15b1ea12d300b43c1bd72c6ca3fe73f1aa4a50bcdc,92195d5574731f1824d5e40da2cae64d4255527a8f29c929c12ba89db64af35b
StoreNet,2020-07-01,FRONTIER_R2.000,frontier,IMPROVED_PEAK_GUARD,ok,,"",2,42.283248,NaN,0.95,0.95,4.194517,60,20,10,DC_SOURCE,0.07,0,10,3.3,60,46.10601875,30.8390558052485,45.6651268085,30.171314246359,21.15025,21.141624,21.141624,14.1353535,31.8873578981091,42.283248,12.86263,42.283248,42.283248,326.69457984867,319.999915652547,0,30.1326149349598,NaN,7.105427357601e-15,7.105427357601e-15,1.20681242776755e-13,1.22298005056365e-16,5.51780843238703e-14,1.20681242776755e-13,0,0,0,8.88178419700125e-16,0,4.44089209850063e-16,2.15938378289593e-14,0,0,1,0,2,billEUR,31.8873547093737,,,
StoreNet,2020-07-01,FRONTIER_R1.500,frontier,IMPROVED_PEAK_GUARD,ok,,"",1.5,31.712436,NaN,0.95,0.95,1.94248975,60,20,10,DC_SOURCE,0.07,0,10,3.3,60,46.10601875,30.8390558052485,45.6651268085,30.1713142463589,21.15025,21.141624,21.141624,14.1353535,31.8873578981092,31.712436,11.6076454204874,31.712436,31.712436,326.69457984867,319.999915652547,0,30.1326149349597,NaN,0,0,1.96370697480575e-15,1.22298005056365e-16,4.44089209850063e-16,1.96370697480575e-15,0,0,0,2.22044604925031e-16,8.88178419700125e-16,4.44089209850063e-16,2.85882428840978e-15,0,1.77635683940025e-14,1,0,2,billEUR,31.8873547093737,,,
StoreNet,2020-07-01,FRONTIER_R1.250,frontier,IMPROVED_PEAK_GUARD,ok,,"",1.25,26.42703,NaN,0.95,0.95,2.65634516666667,60,20,10,DC_SOURCE,0.07,0,10,3.3,60,46.10601875,28.239047422648,45.6651268085,27.5462030594122,21.15025,21.141624,21.141624,14.1353535,33.0861182504925,26.42703,14.18432,26.42703,26.42703,324.013062835439,288.290674481623,0,15.0707253787709,NaN,1.06581410364015e-14,1.06581410364015e-14,2.10358046771082e-15,1.38777878078145e-17,4.44089209850063e-16,2.10358046771082e-15,0,0,0,2.22044604925031e-16,8.88178419700125e-16,0,9.92261828258734e-16,0,2.1316282072803e-14,1,0,2,billEUR,33.086114941881,,,
StoreNet,2020-07-01,FRONTIER_R1.000,frontier,IMPROVED_PEAK_GUARD,ok,,"",1,21.141624,NaN,0.95,0.95,1.04402116666667,60,20,10,DC_SOURCE,0.07,0,10,3.3,60,46.10601875,19.0410546604782,45.6651268085,18.259404655602,21.15025,21.141624,21.141624,14.1353535,37.3269465180422,21.141624,20.344062,21.141624,21.107032,317.811335165166,188.11962698341,0,0.00285700829481849,NaN,1.06581410364015e-14,1.06581410364015e-14,1.22124532708767e-15,1.38777878078145e-17,4.44089209850063e-16,1.22124532708767e-15,0,0,0,2.22044604925031e-16,8.88178419700125e-16,0,0,0,0,1,1.96975625304567e-07,2,billEUR,37.3269427853479,,,
StoreNet,2020-07-01,FRONTIER_R0.900,frontier,IMPROVED_PEAK_GUARD,ok,,"",0.9,19.0274616,NaN,0.95,0.95,0.865099833333333,60,20,10,DC_SOURCE,0.07,0,10,3.3,60,46.10601875,15.1854055988018,45.6651268085,14.3665297123975,21.15025,21.141624,21.141624,14.1353535,39.1046327973529,19.0274616,16.8228252430698,19.0274616,15.3541369522947,315.749989842025,147.954372222484,0,0.000940163757732743,NaN,2.1316282072803e-14,2.1316282072803e-14,2.66453525910038e-15,4.16333634234434e-17,4.44089209850063e-16,2.66453525910038e-15,0,0,0,2.22044604925031e-16,8.88178419700125e-16,0,0,0,0,1,8.95715345010905e-07,2,billEUR,39.10462888689,,,
StoreNet,2020-07-01,FRONTIER_R0.800,frontier,IMPROVED_PEAK_GUARD,ok,,"",0.8,16.9132992,NaN,0.95,0.95,0.723622208333333,60,20,10,DC_SOURCE,0.07,0,10,3.3,60,46.10601875,11.3297405901865,45.6651268085,10.4736386682879,21.15025,21.141624,21.141624,14.1353535,40.8823264291622,16.9132992,15.9367526471957,16.9132992,11.5240901113337,313.688682418362,107.785062463798,0,0.00105366810070409,NaN,1.77635683940025e-14,1.77635683940025e-14,1.00336405850499e-14,1.00336405850499e-14,4.44089209850063e-16,8.65973959207622e-15,0,0,0,3.5527136788005e-15,8.88178419700125e-16,0,0,0,0,1,0,2,billEUR,40.88232234093,,,
StoreNet,2020-07-01,FRONTIER_R0.700,frontier,IMPROVED_PEAK_GUARD,ok,,"",0.7,14.7991368,NaN,0.95,0.95,2.0839485,60,20,10,DC_SOURCE,0.07,0,10,3.3,60,46.10601875,7.47407558157122,45.6651268085,6.58074762417836,21.15025,21.141624,21.141624,14.1353535,42.6600200609716,14.7991368,14.7991368,14.7991368,11.9681438,311.627374994699,67.6158852301068,0,0.00109948494656677,NaN,1.4210854715202e-14,1.4210854715202e-14,1.62370117351429e-14,1.62370117351429e-14,4.44089209850063e-16,3.44169137633799e-15,0,0,0,2.22044604925031e-16,0,0,0,0,2.1316282072803e-14,1,0,2,billEUR,42.66001579497,,,
StoreNet,2020-07-01,FRONTIER_R0.600,frontier,IMPROVED_PEAK_GUARD,infeasible,StoreNet:OptimizationFailed,"Optimization failed during bill (exit flag -2).",0.6,12.6849744,NaN,0.95,0.95,0.187680458333333,60,20,10,DC_SOURCE,0.07,0,10,3.3,60,46.10601875,NaN,45.6651268085,NaN,21.15025,21.141624,21.141624,14.1353535,NaN,NaN,NaN,NaN,NaN,NaN,NaN,NaN,NaN,NaN,NaN,NaN,NaN,NaN,NaN,NaN,NaN,NaN,NaN,NaN,NaN,NaN,NaN,NaN,NaN,NaN,NaN,NaN,,NaN,,,
StoreNet,2020-07-01,FRONTIER_R0.500,frontier,IMPROVED_PEAK_GUARD,infeasible,StoreNet:OptimizationFailed,"Optimization failed during bill (exit flag -2).",0.5,10.570812,NaN,0.95,0.95,0.126522583333333,60,20,10,DC_SOURCE,0.07,0,10,3.3,60,46.10601875,NaN,45.6651268085,NaN,21.15025,21.141624,21.141624,14.1353535,NaN,NaN,NaN,NaN,NaN,NaN,NaN,NaN,NaN,NaN,NaN,NaN,NaN,NaN,NaN,NaN,NaN,NaN,NaN,NaN,NaN,NaN,NaN,NaN,NaN,NaN,NaN,NaN,,NaN,,,
StoreNet,2020-07-01,TARIFF_L0.050,tariff,VPP_BM_DEMAND_CHARGE,ok,,"",NaN,NaN,0.05,0.95,0.95,2.7467545,60,20,10,DC_SOURCE,0.07,0,10,3.3,60,46.10601875,30.8390549603173,45.6651268085,30.17131339327,21.15025,21.141624,21.141624,14.1353535,31.8873582876733,28.0959322814693,10.702324462558,28.0959322814693,28.0959322814693,326.694578977251,319.999905347916,0,30.1326100402602,33.2921549017468,NaN,NaN,1.28785870856518e-14,1.22298005056365e-16,4.44089209850063e-16,1.28785870856518e-14,0,0,0,3.5527136788005e-15,8.88178419700125e-16,4.44089209850063e-16,3.5527136788005e-15,0,2.8421709430404e-14,1,0,2,billPlusDemandChargeEUR,33.2921515725316,,,
StoreNet,2020-07-01,TARIFF_L0.100,tariff,VPP_BM_DEMAND_CHARGE,ok,,"",NaN,NaN,0.1,0.95,0.95,2.60485866666667,60,20,10,DC_SOURCE,0.07,0,10,3.3,60,46.10601875,30.8390539787301,45.6651268085,30.1713124022057,21.15025,21.141624,21.141624,14.1353535,31.8873587402441,28.0959316514028,10.62880351,28.0959316514028,28.0959316514028,326.694577964891,319.999893376652,0,30.1326043539099,34.6969519053844,NaN,NaN,1.07414077632484e-14,1.22298005056365e-16,4.44089209850063e-16,1.07414077632484e-14,0,0,0,2.22044604925031e-16,8.88178419700125e-16,0,8.88178419700125e-16,0,4.9737991503207e-14,1,0,2,billPlusDemandChargeEUR,34.6969484356895,,,
StoreNet,2020-07-01,TARIFF_L0.200,tariff,VPP_BM_DEMAND_CHARGE,ok,,"",NaN,NaN,0.2,0.95,0.95,3.9143095,60,20,10,DC_SOURCE,0.07,0,10,3.3,60,46.10601875,30.8390514473877,45.6651268085,30.1713098464235,21.15025,21.141624,21.141624,14.1353535,31.8873599073453,28.0959300265711,12.20356,28.0959300265711,28.0959300265711,326.694575354193,319.99986250485,0,30.1325896898037,37.5065459126595,NaN,NaN,4.14113188185183e-14,1.38777878078145e-17,4.44089209850063e-16,4.14113188185183e-14,0,0,0,2.22044604925031e-16,1.33226762955019e-15,8.88178419700125e-16,2.44249065417534e-15,0,0,1,8.88178801325993e-16,2,billPlusDemandChargeEUR,37.5065421620053,,,
StoreNet,2020-07-01,TARIFF_L0.500,tariff,VPP_BM_DEMAND_CHARGE,ok,,"",NaN,NaN,0.5,0.95,0.95,4.73765966666667,60,20,10,DC_SOURCE,0.07,0,10,3.3,60,46.10601875,30.8390299379082,45.6651268085,30.1712881292723,21.15025,21.141624,21.141624,14.1353535,31.8873698245099,28.0959162199501,13.5464345,28.0959162199501,28.0959162199501,326.694553170405,319.999600179052,0,30.1324650850498,45.935327934485,NaN,NaN,5.77315972805081e-15,1.22298005056365e-16,4.44089209850063e-16,5.77315972805081e-15,0,0,0,2.22044604925031e-16,8.88178419700125e-16,4.44089209850063e-16,2.53269627492614e-15,0,2.1316282072803e-14,1,0,2,billPlusDemandChargeEUR,45.9353233409526,,,
StoreNet,2020-07-01,TARIFF_L1.000,tariff,VPP_BM_DEMAND_CHARGE,ok,,"",NaN,NaN,1,0.95,0.95,5.97818233333333,60,20,10,DC_SOURCE,0.07,0,10,3.3,60,46.10601875,6.25903484435549,45.6651268085,5.35397579790031,21.15025,21.141624,21.141624,14.1353535,43.2202269710924,14.136271590449,14.136271590449,14.136271590449,6.17881209044904,310.995703573479,55.5900243110635,0,0,57.3564985615415,NaN,NaN,1.06581410364015e-14,2.28983498828939e-16,5.55111512312578e-17,1.06581410364015e-14,0,0,0,6.21724893790088e-15,0,0,0,0,8.5265128291212e-14,1,0,2,billPlusDemandChargeEUR,57.3564928258921,,,
StoreNet,2020-07-02,ANCHOR_VPP_BM,anchor,VPP_BM,ok,,"",NaN,NaN,NaN,0.95,0.95,3.28189679166667,60,20,10,DC_SOURCE,0.07,1,10,3.3,60,44.099284075,33.3874247773411,43.0890017935,31.8255992146359,24.46207,24.4455305,24.4455305,14.5087835,29.3756687771134,71.0451615789474,10.7986118728851,71.0451615789474,71.0451615789474,302.137277704464,320.058474211492,0,45.8305673942539,NaN,NaN,NaN,1.77635683940025e-14,3.91505404484516e-16,1.11022302462516e-16,1.77635683940025e-14,0,0,0,3.5527136788005e-15,0,8.88178419700125e-16,1.80966353013901e-14,0,0,1,2.09571811591624e-14,2,billEUR,29.3756658395468,/Users/guichenxiang/Desktop/電力專案/StoreNet/results/bahloul_vpp_improvement_v2_frontier/storenet_monthly_2020/cases/2020-07-02/ANCHOR_VPP_BM,3bb0a05276c6ed188da426c5f86dde1d47de91ce0139e4054a872922a2be17f9,9a2d210f4105275ec5f0625392edf7eae6ec79ff51afcbe7b85d437eab8a09fd
StoreNet,2020-07-02,ANCHOR_VPP_BM_PEAK_LEX,anchor,VPP_BM_PEAK_LEX,ok,,"",NaN,NaN,NaN,0.95,0.95,4.07612420833333,60,20,10,DC_SOURCE,0.07,1,10,3.3,60,44.099284075,33.3874247773411,43.0890017935,31.8255992146359,24.46207,24.4455305,24.4455305,14.5087835,29.3756687771134,25.651200238614,12.2581325,25.651200238614,25.651200238614,302.137269610236,320.059009711847,0,45.8302714019006,NaN,NaN,NaN,3.5527136788005e-15,1.60982338570648e-15,1.62543589699027e-15,3.5527136788005e-15,0,0,0,2.22044604925031e-16,8.88178419700125e-16,4.44089209850063e-16,2.83106871279415e-15,0,7.105427357601e-15,1,0,3,billEUR,29.3756658395468,/Users/guichenxiang/Desktop/電力專案/StoreNet/results/bahloul_vpp_improvement_v2_frontier/storenet_monthly_2020/cases/2020-07-02/ANCHOR_VPP_BM_PEAK_LEX,dcf4ee215e28abcefc5de5888d7c7f0f9c5232016122835ea39387b3db407f85,f662f0da3a05396bea4eb0c86c01728c5ed5b0f1b6b774965ae717a576a76c68
StoreNet,2020-07-02,ANCHOR_PS,anchor,PS,ok,,"",NaN,NaN,NaN,0.95,0.95,5.274983875,60,20,10,DC_SOURCE,0.07,1,10,3.3,60,44.099284075,7.14645469781512,43.0890017935,4.96937266554103,24.46207,24.4455305,24.4455305,14.5087835,40.9477487165193,11.9730391778568,11.9730391778568,11.9730391778568,0.000233359540871447,287.352706909022,98.9591001455324,0,0.228721182201442,NaN,NaN,NaN,1.33226762955019e-15,1.94289029309402e-16,1.11022302462516e-16,1.33226762955019e-15,0,0,0,0,0,4.44089209850063e-16,0,0,3.5527136788005e-15,1,7.43774665101031e-07,3,systemPeakKW,11.973037980553,/Users/guichenxiang/Desktop/電力專案/StoreNet/results/bahloul_vpp_improvement_v2_frontier/storenet_monthly_2020/cases/2020-07-02/ANCHOR_PS,4ad905e36349ea45358f9391f08cb4a7e7a898ae33111eebca160b0c24a9ccf8,450578a0a15ce40909b815a3f8c3a1d991415a7f3a22b58f46dfdbfbb9c693e5
StoreNet,2020-07-02,FRONTIER_R2.000,frontier,IMPROVED_PEAK_GUARD,ok,,"",2,48.891061,NaN,0.95,0.95,3.11654908333333,60,20,10,DC_SOURCE,0.07,1,10,3.3,60,44.099284075,33.3874247773412,43.0890017935,31.825599214636,24.46207,24.4455305,24.4455305,14.5087835,29.3756687771134,48.891061,12.2974125,48.891061,48.891061,302.137277704464,320.058474211499,0,45.8305673942503,NaN,1.4210854715202e-14,1.4210854715202e-14,1.37390099297363e-15,5.50774703622636e-17,1.11022302462516e-16,1.37390099297363e-15,0,0,0,2.22044604925031e-16,0,4.44089209850063e-16,2.22044604925031e-15,0,0,1,2.73508974450079e-14,2,billEUR,29.3756658395468,,,
StoreNet,2020-07-02,FRONTIER_R1.500,frontier,IMPROVED_PEAK_GUARD,ok,,"",1.5,36.66829575,NaN,0.95,0.95,3.65708908333333,60,20,10,DC_SOURCE,0.07,1,10,3.3,60,44.099284075,33.3874247773411,43.0890017935,31.8255992146359,24.46207,24.4455305,24.4455305,14.5087835,29.3756687771134,36.66829575,11.875535023338,36.66829575,36.66829575,302.137277704464,320.05847421148,0,45.8305673942602,NaN,1.4210854715202e-14,1.4210854715202e-14,3.99680288865056e-15,1.60982338570648e-15,2.51187959321442e-15,3.99680288865056e-15,0,0,0,2.22044604925031e-16,0,1.33226762955019e-15,3.10862446895044e-15,0,0,1,0,2,billEUR,29.3756658395468,,,
StoreNet,2020-07-02,FRONTIER_R1.250,frontier,IMPROVED_PEAK_GUARD,ok,,"",1.25,30.556913125,NaN,0.95,0.95,2.02459533333333,60,20,10,DC_SOURCE,0.07,1,10,3.3,60,44.099284075,33.3874247773411,43.0890017935,31.8255992146359,24.46207,24.4455305,24.4455305,14.5087835,29.3756687771134,30.556913125,11.3788725,30.556913125,30.556913125,302.137277704464,320.05847421148,0,45.8305673942599,NaN,1.06581410364015e-14,1.06581410364015e-14,3.19744231092045e-14,2.97608752962766e-15,9.99200722162641e-16,3.19744231092045e-14,0,0,0,3.19744231092045e-14,0,1.77635683940025e-15,1.26634813746307e-15,0,0,1,0,2,billEUR,29.3756658395468,,,
StoreNet,2020-07-02,FRONTIER_R1.000,frontier,IMPROVED_PEAK_GUARD,ok,,"",1,24.4455305,NaN,0.95,0.95,3.68311420833333,60,20,10,DC_SOURCE,0.07,1,10,3.3,60,44.099284075,31.4236235066023,43.0890017935,29.8157538596614,24.46207,24.4455305,24.4455305,14.5087835,30.241691078165,24.4455305,13.1134425,24.4455305,24.4455305,300.200065848788,297.150675571159,0,34.9494065644204,NaN,7.105427357601e-15,7.105427357601e-15,6.66133814775094e-15,2.77555756156289e-17,3.48332473976143e-15,6.66133814775094e-15,0,0,0,2.22044604925031e-16,8.88178419700125e-16,4.44089209850063e-15,4.9960036108132e-15,0,0,1,0,2,billEUR,30.2416880539962,,,
StoreNet,2020-07-02,FRONTIER_R0.900,frontier,IMPROVED_PEAK_GUARD,ok,,"",0.9,22.00097745,NaN,0.95,0.95,1.61603183333333,60,20,10,DC_SOURCE,0.07,1,10,3.3,60,44.099284075,27.4419275562448,43.0890017935,25.7407014447414,24.46207,24.4455305,24.4455305,14.5087835,31.9975904863159,22.00097745,14.32409,22.00097745,22.00097745,296.272281140804,250.704077110883,0,12.8873605433083,NaN,7.105427357601e-15,7.105427357601e-15,1.95676808090184e-15,8.32667268468867e-17,8.88178419700125e-16,1.95676808090184e-15,0,0,0,1.33226762955019e-15,8.88178419700125e-16,4.44089209850063e-16,9.71445146547012e-17,0,0,1,0,2,billEUR,31.9975872865572,,,
StoreNet,2020-07-02,FRONTIER_R0.800,frontier,IMPROVED_PEAK_GUARD,ok,,"",0.8,19.5564244,NaN,0.95,0.95,1.61143475,60,20,10,DC_SOURCE,0.07,1,10,3.3,60,44.099284075,23.1553402993301,43.0890017935,21.3536091175418,24.46207,24.4455305,24.4455305,14.5087835,33.8879447778654,19.5564244,16.4279014055224,19.5564244,19.531760025,293.03756284209,205.229040141006,0,0.379276979497227,NaN,1.06581410364015e-14,1.06581410364015e-14,1.77635683940025e-15,6.10622663543836e-16,4.44089209850063e-16,1.77635683940025e-15,0,0,0,2.22044604925031e-16,8.88178419700125e-16,0,0,0,0,1,0,2,billEUR,33.8879413890713,,,
StoreNet,2020-07-02,FRONTIER_R0.700,frontier,IMPROVED_PEAK_GUARD,ok,,"",0.7,17.11187135,NaN,0.95,0.95,1.00417491666667,60,20,10,DC_SOURCE,0.07,1,10,3.3,60,44.099284075,18.4942609173,43.0890017935,16.5832441703714,24.46207,24.4455305,24.4455305,14.5087835,35.9434474155082,17.11187135,17.0389475,17.11187135,17.0173326559967,290.654124677877,158.782426237274,0,0.379329956363196,NaN,3.5527136788005e-15,3.5527136788005e-15,1.31006316905768e-14,3.03923552991137e-15,2.22044604925031e-16,1.31006316905768e-14,0,0,0,2.22044604925031e-16,8.88178419700125e-16,0,0,0,0,1,0,2,billEUR,35.9434438211638,,,
StoreNet,2020-07-02,FRONTIER_R0.600,frontier,IMPROVED_PEAK_GUARD,ok,,"",0.6,14.6673183,NaN,0.95,0.95,2.15688333333333,60,20,10,DC_SOURCE,0.07,1,10,3.3,60,44.099284075,13.8331815352698,43.0890017935,11.812879223201,24.46207,24.4455305,24.4455305,14.5087835,37.9989500531509,14.6673183,14.6673183,14.6673183,13.5026863744818,288.270686513665,112.335812333542,0,0.379382933228832,NaN,7.105427357601e-15,7.105427357601e-15,4.30766533554561e-14,1.80411241501588e-15,3.61932706027801e-14,4.30766533554561e-14,0,0,0,3.99680288865056e-15,8.88178419700125e-16,0,0,0,0,1,0,2,billEUR,37.9989462532563,,,
StoreNet,2020-07-02,FRONTIER_R0.500,frontier,IMPROVED_PEAK_GUARD,ok,,"",0.5,12.22276525,NaN,0.95,0.95,2.42213429166667,60,20,10,DC_SOURCE,0.07,1,10,3.3,60,44.099284075,7.97693086407016,43.0890017935,5.81932051415243,24.46207,24.4455305,24.4455305,14.5087835,40.5815146727873,12.2227652500001,12.22276525,12.2227652500001,6.29042516604471,287.055940833955,93.1759867325455,0,0.228712663484773,NaN,5.6843418860808e-14,5.6843418860808e-14,1.4210854715202e-14,1.11022302462516e-16,0,1.4210854715202e-14,0,0,0,1.77635683940025e-15,8.88178419700125e-16,0,0,0,0,1,0,2,billEUR,40.5815106146363,,,
StoreNet,2020-07-02,TARIFF_L0.050,tariff,VPP_BM_DEMAND_CHARGE,ok,,"",NaN,NaN,0.05,0.95,0.95,2.88855275,60,20,10,DC_SOURCE,0.07,1,10,3.3,60,44.099284075,33.3874244865064,43.0890017935,31.8255989169822,24.46207,24.4455305,24.4455305,14.5087835,29.3756689053694,25.6512017631579,10.3020725,25.6512017631579,25.6512017631579,302.137278365578,320.058408100136,0,45.8306004499319,30.6582289935273,NaN,NaN,3.01876579289484e-14,4.74620343027254e-15,2.97400992721464e-14,3.01876579289484e-14,0,0,0,4.44089209850063e-16,1.77635683940025e-15,4.44089209850063e-16,3.94129173741931e-15,0,0,1,0,2,billPlusDemandChargeEUR,30.6582259277047,,,
StoreNet,2020-07-02,TARIFF_L0.100,tariff,VPP_BM_DEMAND_CHARGE,ok,,"",NaN,NaN,0.1,0.95,0.95,4.50919754166667,60,20,10,DC_SOURCE,0.07,1,10,3.3,60,44.099284075,33.3874241956718,43.0890017935,31.8255986193285,24.46207,24.4455305,24.4455305,14.5087835,29.3756690336254,25.6512017631579,6.147847245,25.6512017631579,25.6512017631579,302.137279026691,320.0583419888,0,45.8306335056001,31.9407892099412,NaN,NaN,8.43769498715119e-15,3.91505404484516e-16,8.88178419700125e-16,8.43769498715119e-15,0,0,0,2.22044604925031e-16,8.88178419700125e-16,4.44089209850063e-16,4.9960036108132e-16,0,0,1,0,2,billPlusDemandChargeEUR,31.9407860158626,,,
StoreNet,2020-07-02,TARIFF_L0.200,tariff,VPP_BM_DEMAND_CHARGE,ok,,"",NaN,NaN,0.2,0.95,0.95,3.65686433333333,60,20,10,DC_SOURCE,0.07,1,10,3.3,60,44.099284075,33.3874236140024,43.0890017935,31.8255980240211,24.46207,24.4455305,24.4455305,14.5087835,29.3756692901374,25.6512017631579,10.9608473610989,25.6512017631579,25.6512017631581,302.137280348918,320.058209766108,0,45.8306996169462,34.505909642769,NaN,NaN,1.37667655053519e-14,1.45716771982052e-15,8.46545056276682e-16,1.37667655053519e-14,0,0,0,1.37667655053519e-14,1.77635683940025e-15,4.44089209850063e-16,1.79092851659846e-13,0,0,1,5.68330806097784e-15,2,billPlusDemandChargeEUR,34.5059061921784,,,
StoreNet,2020-07-02,TARIFF_L0.500,tariff,VPP_BM_DEMAND_CHARGE,ok,,"",NaN,NaN,0.5,0.95,0.95,3.10420091666667,60,20,10,DC_SOURCE,0.07,1,10,3.3,60,44.099284075,33.3874218689925,43.0890017935,31.825596238097,24.46207,24.4455305,24.4455305,14.5087835,29.3756700596743,25.6512017631579,9.4320025,25.6512017631579,25.6512017631579,302.137284315603,320.057813098021,0,45.8308979509855,42.2012709412533,NaN,NaN,2.71827005349223e-12,2.77555756156289e-17,1.11022302462516e-16,2.71827005349223e-12,0,0,0,1.11022302462516e-16,1.77635683940025e-15,4.44089209850063e-16,2.44249065417534e-15,0,8.10018718766514e-13,1,0,2,billPlusDemandChargeEUR,42.2012667211258,,,
StoreNet,2020-07-02,TARIFF_L1.000,tariff,VPP_BM_DEMAND_CHARGE,ok,,"",NaN,NaN,1,0.95,0.95,4.688625875,60,20,10,DC_SOURCE,0.07,1,10,3.3,60,44.099284075,9.93762529005627,43.0890017935,7.82598618002715,24.46207,24.4455305,24.4455305,14.5087835,39.716862468029,12.8526270000002,12.852627,12.8526270000002,8.31934731704788,286.611904330047,80.0930116953135,0,0.340466252343512,52.5694894680292,NaN,NaN,1.72622333094452e-13,8.32667268468867e-17,8.32667268468867e-17,1.72622333094452e-13,0,0,0,4.44089209850063e-16,0,4.44089209850063e-16,0,0,1.77635683940025e-13,1,2.10853631992097e-14,2,billPlusDemandChargeEUR,52.5694842110806,,,
StoreNet,2020-07-15,ANCHOR_VPP_BM,anchor,VPP_BM,ok,,"",NaN,NaN,NaN,0.95,0.95,4.12380575,60,20,10,DC_SOURCE,0.07,1,10,3.3,60,36.0233309218721,50.7505584085735,30.3404491548721,41.525950288034,14.781415,13.431552,13.2894205,13.431552,17.7412893216537,55.8467308911616,3.77475828372553e-14,55.8467308911616,55.8467308911616,194.959223314876,197.46215911426,0,19.2437238394908,NaN,NaN,NaN,1.59872115546023e-13,1.33226762955019e-15,3.21964677141295e-15,1.59872115546023e-13,0,0,0,1.11022302462516e-16,0,0,5.55111512312578e-16,0,0,1,3.7423091518153e-14,2,billEUR,17.741287547525,/Users/guichenxiang/Desktop/電力專案/StoreNet/results/bahloul_vpp_improvement_v2_frontier/storenet_monthly_2020/cases/2020-07-15/ANCHOR_VPP_BM,6a0e9479f232a7e2030da788e6475deefbcbed682af2d6841e4f86d764ad6af7,47c7e775a14288383821502b54cb2c34713b75ca4d9ebfa91c8804db644a50e2
StoreNet,2020-07-15,ANCHOR_VPP_BM_PEAK_LEX,anchor,VPP_BM_PEAK_LEX,ok,,"",NaN,NaN,NaN,0.95,0.95,7.94656929166667,60,20,10,DC_SOURCE,0.07,1,10,3.3,60,36.0233309218721,50.7505584085734,30.3404491548721,41.5259502880339,14.781415,13.431552,13.2894205,13.431552,17.7412893216537,17.2690195021418,1.13953850333984e-05,17.2690195021418,17.2690195021418,194.959210416803,197.463165902779,0,19.2431973664462,NaN,NaN,NaN,1.33226762955019e-15,2.22044604925031e-16,1.11022302462516e-16,1.33226762955019e-15,0,0,0,1.11022302462516e-16,0,0,4.44089209850063e-16,0,3.5527136788005e-15,1,0,3,billEUR,17.741287547525,/Users/guichenxiang/Desktop/電力專案/StoreNet/results/bahloul_vpp_improvement_v2_frontier/storenet_monthly_2020/cases/2020-07-15/ANCHOR_VPP_BM_PEAK_LEX,e844a0109864ba117ca31c08cbe05bd75be538c8c511edf3fb500ee984d2f639,552d544ab5dffb50bb258a00d1c563f58e162e4538ee401c828f18cb881964e5
StoreNet,2020-07-15,ANCHOR_PS,anchor,PS,ok,,"",NaN,NaN,NaN,0.95,0.95,4.82386308333333,60,20,10,DC_SOURCE,0.07,1,10,3.3,60,36.0233309218721,26.0766038008088,30.3404491548721,12.2304699393514,14.781415,13.431552,13.2894205,13.431552,26.6296696415213,7.78645345352493,7.78645345352493,7.78645345352493,6.02852549125288e-06,186.874876856073,69.2604918441503,0,9.10597955101632,NaN,NaN,NaN,1.88737914186277e-15,2.22044604925031e-16,2.22044604925031e-16,1.88737914186277e-15,0,0,0,1.88737914186277e-15,0,0,0,0,1.4210854715202e-14,1,0,3,systemPeakKW,7.78645267487966,/Users/guichenxiang/Desktop/電力專案/StoreNet/results/bahloul_vpp_improvement_v2_frontier/storenet_monthly_2020/cases/2020-07-15/ANCHOR_PS,a3e2c0921af36c8a2e8f8ef45afa3be89c6116a2e553244ab73e45e06b6dc3c3,619276c815f9139c4a21deea4903f6f3bb99c0d791d4ff816054f34a92234011
StoreNet,2020-07-15,FRONTIER_R2.000,frontier,IMPROVED_PEAK_GUARD,ok,,"",2,26.863104,NaN,0.95,0.95,3.2375405,60,20,10,DC_SOURCE,0.07,1,10,3.3,60,36.0233309218721,50.7505584085738,30.3404491548721,41.5259502880343,14.781415,13.431552,13.2894205,13.431552,17.7412893216536,26.863104,2.22044604925031e-16,26.863104,26.863104,194.959223314875,197.462159114382,0,19.2437238394287,NaN,3.5527136788005e-15,3.5527136788005e-15,1.77635683940025e-15,2.22044604925031e-16,1.11022302462516e-16,1.77635683940025e-15,0,0,0,1.11022302462516e-16,0,0,3.33066907387547e-16,0,7.105427357601e-15,1,0,2,billEUR,17.7412875475248,,,
StoreNet,2020-07-15,FRONTIER_R1.500,frontier,IMPROVED_PEAK_GUARD,ok,,"",1.5,20.147328,NaN,0.95,0.95,1.99758645833333,60,20,10,DC_SOURCE,0.07,1,10,3.3,60,36.0233309218721,50.7505584085738,30.3404491548721,41.5259502880344,14.781415,13.431552,13.2894205,13.431552,17.7412893216536,20.147328,3.33066907387547e-16,20.147328,20.147328,194.959223314875,197.462159114388,0,19.2437238394257,NaN,3.5527136788005e-15,3.5527136788005e-15,5.01314267875586e-13,1.55431223447522e-15,0,5.01314267875586e-13,0,0,0,1.11022302462516e-16,0,0,9.99200722162641e-16,0,0,1,5.2680198060135e-14,2,billEUR,17.7412875475248,,,
StoreNet,2020-07-15,FRONTIER_R1.250,frontier,IMPROVED_PEAK_GUARD,ok,,"",1.25,16.78944,NaN,0.95,0.95,1.55573675,60,20,10,DC_SOURCE,0.07,1,10,3.3,60,36.0233309218721,49.6802033405261,30.3404491548721,40.2551136361652,14.781415,13.431552,13.2894205,13.431552,18.1268668698555,16.78944,3.71641234629094,16.78944,16.78944,194.400502483791,197.46294720446,0,14.6873014452587,NaN,2.48689957516035e-14,2.48689957516035e-14,1.77635683940025e-15,1.11022302462516e-15,1.11022302462516e-16,1.77635683940025e-15,0,0,0,1.11022302462516e-16,0,0,1.22124532708767e-15,0,0,1,1.87114710798212e-15,2,billEUR,18.1268650571689,,,
StoreNet,2020-07-15,FRONTIER_R1.000,frontier,IMPROVED_PEAK_GUARD,ok,,"",1,13.431552,NaN,0.95,0.95,2.24064725,60,20,10,DC_SOURCE,0.07,1,10,3.3,60,36.0233309218721,41.8621482563338,30.3404491548721,30.972707036787,14.781415,13.431552,13.2894205,13.431552,20.9431907244883,13.431552,12.234272815,13.431552,13.431552,191.089673693239,137.351874259698,0,12.8429019176395,NaN,3.5527136788005e-15,3.5527136788005e-15,1.77635683940025e-15,2.22044604925031e-16,1.11022302462516e-16,1.77635683940025e-15,0,0,0,1.77635683940025e-15,1.33226762955019e-15,0,4.57966997657877e-16,0,0,1,0,2,billEUR,20.9431886301694,,,
StoreNet,2020-07-15,FRONTIER_R0.900,frontier,IMPROVED_PEAK_GUARD,ok,,"",0.9,12.0883968,NaN,0.95,0.95,1.33110441666667,60,20,10,DC_SOURCE,0.07,1,10,3.3,60,36.0233309218721,38.3586617653582,30.3404491548721,26.8130041727818,14.781415,13.431552,13.2894205,13.431552,22.2052632569355,12.0883968,11.81187954,12.0883968,12.0883968,189.750898903791,114.619892404417,0,11.4300784452803,NaN,3.5527136788005e-15,3.5527136788005e-15,1.77635683940025e-15,9.99200722162641e-16,2.22044604925031e-16,1.77635683940025e-15,0,0,0,1.11022302462516e-16,1.33226762955019e-15,0,1.22124532708767e-15,0,0,1,0,2,billEUR,22.2052610364094,,,
StoreNet,2020-07-15,FRONTIER_R0.800,frontier,IMPROVED_PEAK_GUARD,ok,,"",0.8,10.7452416,NaN,0.95,0.95,2.89057158333333,60,20,10,DC_SOURCE,0.07,1,10,3.3,60,36.0233309218721,34.7790478564032,30.3404491548721,22.562914935256,14.781415,13.431552,13.2894205,13.431552,23.4947594210838,10.7452416,10.7452416,10.7452416,10.7452416,188.553483040638,92.0089903297657,0,11.0739787126058,NaN,1.77635683940025e-15,1.77635683940025e-15,1.21569421196455e-14,2.56739074444567e-16,1.11022302462516e-16,1.21569421196455e-14,0,0,0,1.11022302462516e-16,0,0,4.44089209850063e-16,0,0,1,2.09050682421941e-07,2,billEUR,23.4947570716081,,,
StoreNet,2020-07-15,FRONTIER_R0.700,frontier,IMPROVED_PEAK_GUARD,ok,,"",0.7,9.4020864,NaN,0.95,0.95,2.151763625,60,20,10,DC_SOURCE,0.07,1,10,3.3,60,36.0233309218721,31.1596256894753,30.3404491548721,18.2655612013129,14.781415,13.431552,13.2894205,13.431552,24.7985958457358,9.40208640000001,9.40208640000001,9.40208640000001,8.56420923342106,187.429986046061,70.2651155422358,0,10.4496180337391,NaN,3.5527136788005e-15,3.5527136788005e-15,1.11022302462516e-15,2.22044604925031e-16,4.44089209850063e-16,1.11022302462516e-15,0,0,0,4.44089209850063e-16,0,0,0,0,0,1,1.43262709557113e-16,2,billEUR,24.7985933658764,,,
StoreNet,2020-07-15,FRONTIER_R0.600,frontier,IMPROVED_PEAK_GUARD,ok,,"",0.6,8.0589312,NaN,0.95,0.95,2.82896479166667,60,20,10,DC_SOURCE,0.07,1,10,3.3,60,36.0233309218721,27.0643779338583,30.3404491548721,13.4032579323464,14.781415,13.431552,13.2894205,13.431552,26.2738404968122,8.05893120000001,8.05893120000001,8.05893120000001,3.14926216394738,186.776698247486,63.3671699593553,0,9.44885837129184,NaN,3.5527136788005e-15,3.5527136788005e-15,9.99200722162641e-16,2.22044604925031e-16,5.55111512312578e-17,9.99200722162641e-16,0,0,0,1.11022302462516e-16,0,0,0,0,0,1,0,2,billEUR,26.2738378694285,,,
StoreNet,2020-07-15,FRONTIER_R0.500,frontier,IMPROVED_PEAK_GUARD,infeasible,StoreNet:OptimizationFailed,"Optimization failed during bill (exit flag -2).",0.5,6.715776,NaN,0.95,0.95,0.202498125,60,20,10,DC_SOURCE,0.07,1,10,3.3,60,36.0233309218721,NaN,30.3404491548721,NaN,14.781415,13.431552,13.2894205,13.431552,NaN,NaN,NaN,NaN,NaN,NaN,NaN,NaN,NaN,NaN,NaN,NaN,NaN,NaN,NaN,NaN,NaN,NaN,NaN,NaN,NaN,NaN,NaN,NaN,NaN,NaN,NaN,NaN,,NaN,,,
StoreNet,2020-07-15,TARIFF_L0.050,tariff,VPP_BM_DEMAND_CHARGE,ok,,"",NaN,NaN,0.05,0.95,0.95,3.66590354166667,60,20,10,DC_SOURCE,0.07,1,10,3.3,60,36.0233309218721,50.7505584378731,30.3404491548721,41.5259503228215,14.781415,13.431552,13.2894205,13.431552,17.741289311099,17.2690219198891,2.22044604925031e-16,17.2690219198891,17.2690219198891,194.95922319889,197.462169361598,0,19.2437186056356,18.6047404070935,NaN,NaN,2.59792187762287e-14,2.22044604925031e-16,1.11022302462516e-16,2.59792187762287e-14,0,0,0,1.11022302462516e-16,8.88178419700125e-16,0,1.37667655053519e-14,0,3.5527136788005e-15,1,0,2,billPlusDemandChargeEUR,18.6047385466196,,,
StoreNet,2020-07-15,TARIFF_L0.100,tariff,VPP_BM_DEMAND_CHARGE,ok,,"",NaN,NaN,0.1,0.95,0.95,6.84081475,60,20,10,DC_SOURCE,0.07,1,10,3.3,60,36.0233309218721,50.7505584642716,30.3404491548721,41.5259503541645,14.781415,13.431552,13.2894205,13.431552,17.7412893015894,17.2690219094389,2.55351295663786e-15,17.2690219094389,17.2690219094389,194.959223094389,197.462178594293,0,19.2437138900116,19.4681914925333,NaN,NaN,3.10862446895044e-14,4.10782519111308e-15,1.11022302462516e-16,3.10862446895044e-14,0,0,0,1.11022302462516e-16,0,0,1.77635683940025e-15,0,0,1,9.98908575055621e-14,2,billPlusDemandChargeEUR,19.4681895457144,,,
StoreNet,2020-07-15,TARIFF_L0.200,tariff,VPP_BM_DEMAND_CHARGE,ok,,"",NaN,NaN,0.2,0.95,0.95,6.68039729166667,60,20,10,DC_SOURCE,0.07,1,10,3.3,60,36.0233309218721,50.7505585099335,30.3404491548721,41.5259504083791,14.781415,13.431552,13.2894205,13.431552,17.7412892851405,17.2690218913632,3.99680288865056e-15,17.2690218913632,17.2690218913632,194.959222913631,197.462194564227,0,19.2437057333248,21.1950936634131,NaN,NaN,6.43929354282591e-15,3.88578058618805e-15,1.11022302462516e-16,6.43929354282591e-15,0,0,0,1.11022302462516e-16,8.88178419700125e-16,0,3.77475828372553e-15,0,7.105427357601e-15,1,0,2,billPlusDemandChargeEUR,21.1950915439039,,,
StoreNet,2020-07-15,TARIFF_L0.500,tariff,VPP_BM_DEMAND_CHARGE,ok,,"",NaN,NaN,0.5,0.95,0.95,3.190279375,60,20,10,DC_SOURCE,0.07,1,10,3.3,60,36.0233309218721,50.7505586080585,30.3404491548721,41.5259505248833,14.781415,13.431552,13.2894205,13.431552,17.7412892497926,17.2690218525193,7.16093850883226e-15,17.2690218525193,17.2690218525193,194.959222525193,197.462228882756,0,19.2436882050441,26.3758001760522,NaN,NaN,4.66293670342566e-14,3.99680288865056e-15,0,4.66293670342566e-14,0,0,0,1.11022302462516e-16,0,0,9.32587340685131e-15,0,0,1,4.31804749564731e-14,2,billPlusDemandChargeEUR,26.3757975384725,,,
StoreNet,2020-07-15,TARIFF_L1.000,tariff,VPP_BM_DEMAND_CHARGE,ok,,"",NaN,NaN,1,0.95,0.95,4.453421875,60,20,10,DC_SOURCE,0.07,1,10,3.3,60,36.0233309218721,30.4618732278524,30.3404491548721,17.437117044198,14.781415,13.431552,13.2894205,13.431552,25.0499495240017,9.14856044852998,9.14856044852997,9.14856044852998,6.35659963352998,187.244979732918,66.7658532233914,0,10.2549387894737,34.1985099725317,NaN,NaN,4.44089209850063e-14,2.44249065417534e-15,2.3037127760972e-15,4.44089209850063e-14,0,0,0,1.11022302462516e-16,0,0,0,0,7.105427357601e-15,1,0,2,billPlusDemandChargeEUR,34.198506552681,,,
StoreNet,2020-07-16,ANCHOR_VPP_BM,anchor,VPP_BM,ok,,"",NaN,NaN,NaN,0.95,0.95,0.5990355,60,20,10,DC_SOURCE,0.07,1,10,3.3,60,33.2099567072807,65.0828416170074,26.4661445112807,56.1856349062784,16.15586,13.8189275,13.8189275,11.756881,11.5959731824045,35.679758294816,5.82867087928207e-16,35.679758294816,35.679758294816,127.42827672972,120.176260699317,0,46.7655257578474,NaN,NaN,NaN,1.33226762955019e-15,8.88178419700125e-16,3.33066907387547e-16,1.33226762955019e-15,0,0,0,2.22044604925031e-16,0,0,1.68615121864946e-15,0,1.77635683940025e-14,1,0,2,billEUR,11.5959720228073,/Users/guichenxiang/Desktop/電力專案/StoreNet/results/bahloul_vpp_improvement_v2_frontier/storenet_monthly_2020/cases/2020-07-16/ANCHOR_VPP_BM,4919a45ced7b157d02aecdc1ea5940c1401321f861c030fe09497cb3b80ff2f8,405bfbd813e93bf14eaca97209ad6fadae41fc23a542b269f9b35df48f2247a6
StoreNet,2020-07-16,ANCHOR_VPP_BM_PEAK_LEX,anchor,VPP_BM_PEAK_LEX,ok,,"",NaN,NaN,NaN,0.95,0.95,1.596510875,60,20,10,DC_SOURCE,0.07,1,10,3.3,60,33.2099567072807,65.0828416170074,26.4661445112807,56.1856349062785,16.15586,13.8189275,13.8189275,11.756881,11.5959731824045,11.7566400619623,6.04365432421705e-08,11.7566400619623,11.7566400619623,127.428276661313,120.177980200942,-7.86046575051991e-19,46.7649198227417,NaN,NaN,NaN,4.16333634234434e-15,4.44089209850063e-16,8.88178419700125e-16,4.16333634234434e-15,0,0,0,0,0,0,1.24206200879939e-15,0,1.77635683940025e-15,1,3.56581688144758e-14,3,billEUR,11.5959720228073,/Users/guichenxiang/Desktop/電力專案/StoreNet/results/bahloul_vpp_improvement_v2_frontier/storenet_monthly_2020/cases/2020-07-16/ANCHOR_VPP_BM_PEAK_LEX,75ff07ba7c855d84dd100cf866d638f39dcd867f39472b9481ccc008d6b325de,2c19ddf47c1ceab31c459ca1d735032cda407002d5ae8f42032f0aede17fac5a
StoreNet,2020-07-16,ANCHOR_PS,anchor,PS,ok,,"",NaN,NaN,NaN,0.95,0.95,3.26569333333333,60,20,10,DC_SOURCE,0.07,1,10,3.3,60,33.2099567072807,52.8965050536066,26.4661445112807,40.8941099348798,16.15586,13.8189275,13.8189275,11.756881,15.6430502793134,6.85476093834032,6.8547609383403,6.85476093834032,6.85476093834032,124.306880407742,72.8866690416742,0,41.7449869076035,NaN,NaN,NaN,4.77839989798667e-13,3.11972669919669e-14,9.15933995315754e-16,4.77839989798667e-13,0,0,0,1.2179146580138e-13,0,0,3.53883589099269e-16,0,1.50990331349021e-14,1,5.89079543668352e-08,3,systemPeakKW,6.85476025286428,/Users/guichenxiang/Desktop/電力專案/StoreNet/results/bahloul_vpp_improvement_v2_frontier/storenet_monthly_2020/cases/2020-07-16/ANCHOR_PS,2e4848df4a55465f27bf9e1594d2df16c73cb00bda828ae7a4230230ae9662c7,6e684a759737cb01054a2cfa70fe6bdb8ef468ba6f35daf7f3ffe95749f99ffa
StoreNet,2020-07-16,FRONTIER_R2.000,frontier,IMPROVED_PEAK_GUARD,ok,,"",2,27.637855,NaN,0.95,0.95,0.782609666666667,60,20,10,DC_SOURCE,0.07,1,10,3.3,60,33.2099567072807,65.0828416170074,26.4661445112807,56.1856349062784,16.15586,13.8189275,13.8189275,11.756881,11.5959731824045,27.637855,2.22044604925031e-16,27.637855,27.637855,127.42827672972,120.176260699319,0,46.7655257578463,NaN,3.5527136788005e-15,3.5527136788005e-15,1.33226762955019e-15,4.44089209850063e-16,1.11022302462516e-16,1.33226762955019e-15,0,0,0,2.22044604925031e-16,0,0,1.68615121864946e-15,0,1.59872115546023e-14,1,0,2,billEUR,11.5959720228073,,,
StoreNet,2020-07-16,FRONTIER_R1.500,frontier,IMPROVED_PEAK_GUARD,ok,,"",1.5,20.72839125,NaN,0.95,0.95,1.29051445833333,60,20,10,DC_SOURCE,0.07,1,10,3.3,60,33.2099567072807,65.0828416170074,26.4661445112807,56.1856349062784,16.15586,13.8189275,13.8189275,11.756881,11.5959731824045,20.72839125,6.10622663543836e-16,20.72839125,20.72839125,127.42827672972,120.176260699328,0,46.7655257578418,NaN,-3.5527136788005e-15,0,8.88178419700125e-16,4.44089209850063e-16,4.44089209850063e-16,8.88178419700125e-16,0,0,0,2.22044604925031e-16,0,0,1.11022302462516e-15,0,5.32907051820075e-15,1,9.81475821013262e-15,2,billEUR,11.5959720228073,,,
StoreNet,2020-07-16,FRONTIER_R1.250,frontier,IMPROVED_PEAK_GUARD,ok,,"",1.25,17.273659375,NaN,0.95,0.95,1.32542983333333,60,20,10,DC_SOURCE,0.07,1,10,3.3,60,33.2099567072807,65.0828416170074,26.4661445112807,56.1856349062785,16.15586,13.8189275,13.8189275,11.756881,11.5959731824045,17.273659375,6.10622663543836e-16,17.273659375,17.273659375,127.428276729719,120.176260699338,0,46.7655257578366,NaN,0,0,2.35922392732846e-15,4.44089209850063e-16,1.11022302462516e-16,2.35922392732846e-15,0,0,0,2.22044604925031e-16,0,0,2.63677968348475e-15,0,0,1,1.05715588432022e-13,2,billEUR,11.5959720228073,,,
StoreNet,2020-07-16,FRONTIER_R1.000,frontier,IMPROVED_PEAK_GUARD,ok,,"",1,13.8189275,NaN,0.95,0.95,0.945946375,60,20,10,DC_SOURCE,0.07,1,10,3.3,60,33.2099567072807,65.0828416170074,26.4661445112807,56.1856349062784,16.15586,13.8189275,13.8189275,11.756881,11.5959731824045,13.8189275,1.65145674912992e-15,13.8189275,13.8189275,127.42827672972,120.176260699322,0,46.7655257578449,NaN,3.5527136788005e-15,3.5527136788005e-15,1.77635683940025e-15,4.44089209850063e-16,2.77555756156289e-16,1.77635683940025e-15,0,0,0,2.22044604925031e-16,0,0,1.68615121864946e-15,0,1.06581410364015e-14,1,0,2,billEUR,11.5959720228073,,,
StoreNet,2020-07-16,FRONTIER_R0.900,frontier,IMPROVED_PEAK_GUARD,ok,,"",0.9,12.43703475,NaN,0.95,0.95,0.937427625,60,20,10,DC_SOURCE,0.07,1,10,3.3,60,33.2099567072807,65.0828416170074,26.4661445112807,56.1856349062784,16.15586,13.8189275,13.8189275,11.756881,11.5959731824045,12.43703475,3.05311331771918e-16,12.43703475,12.43703475,127.42827672972,120.176260699319,0,46.7655257578461,NaN,3.5527136788005e-15,3.5527136788005e-15,1.33226762955019e-15,8.88178419700125e-16,1.11022302462516e-16,1.33226762955019e-15,0,0,0,2.22044604925031e-16,0,0,1.68615121864946e-15,0,1.59872115546023e-14,1,0,2,billEUR,11.5959720228073,,,
StoreNet,2020-07-16,FRONTIER_R0.800,frontier,IMPROVED_PEAK_GUARD,ok,,"",0.8,11.055142,NaN,0.95,0.95,1.43602929166667,60,20,10,DC_SOURCE,0.07,1,10,3.3,60,33.2099567072807,65.0621117170771,26.4661445112807,56.1596228409798,16.15586,13.8189275,13.8189275,11.756881,11.6028575731968,11.055142,1.0547118733939e-15,11.055142,11.055142,127.503929375789,121.652986813137,0,46.7658351995661,NaN,3.5527136788005e-15,3.5527136788005e-15,1.11022302462516e-15,4.44089209850063e-16,1.11022302462516e-16,1.11022302462516e-15,0,0,0,2.22044604925031e-16,0,0,1.11022302462516e-15,0,0,1,5.09788259353434e-08,2,billEUR,11.6028564129112,,,
StoreNet,2020-07-16,FRONTIER_R0.700,frontier,IMPROVED_PEAK_GUARD,ok,,"",0.7,9.67324925,NaN,0.95,0.95,1.758674,60,20,10,DC_SOURCE,0.07,1,10,3.3,60,33.2099567072807,61.8273549302154,26.4661445112807,52.1006208656648,16.15586,13.8189275,13.8189275,11.756881,12.6771189016994,9.67324925,6.97018824561403,9.67324925,9.67324925,126.423316498722,100.595521315728,0,46.7655732006867,NaN,3.5527136788005e-15,3.5527136788005e-15,5.8564264548977e-15,2.44249065417534e-15,1.11022302462516e-16,5.8564264548977e-15,0,0,0,2.22044604925031e-16,0,0,1.55431223447522e-15,0,0,1,8.97721804130847e-08,2,billEUR,12.6771176339876,,,
StoreNet,2020-07-16,FRONTIER_R0.600,frontier,IMPROVED_PEAK_GUARD,ok,,"",0.6,8.2913565,NaN,0.95,0.95,2.41221675,60,20,10,DC_SOURCE,0.07,1,10,3.3,60,33.2099567072807,57.7415914608251,26.4661445112807,46.973768033859,16.15586,13.8189275,13.8189275,11.756881,14.0339991810458,8.2913565,7.27160389221555,8.2913565,8.2913565,125.16554543838,78.4134834125482,0,45.042979370416,NaN,1.77635683940025e-15,1.77635683940025e-15,4.9960036108132e-16,4.9960036108132e-16,1.11022302462516e-16,4.44089209850063e-16,0,0,0,1.11022302462516e-16,0,0,6.66133814775094e-16,0,7.105427357601e-15,1,8.10925376477779e-08,2,billEUR,14.033997777646,,,
StoreNet,2020-07-16,FRONTIER_R0.500,frontier,IMPROVED_PEAK_GUARD,ok,,"",0.5,6.90946375,NaN,0.95,0.95,2.724046125,60,20,10,DC_SOURCE,0.07,1,10,3.3,60,33.2099567072807,53.1016094932823,26.4661445112807,41.1514768346637,16.15586,13.8189275,13.8189275,11.756881,15.5749351836924,6.90946375,6.90946375,6.90946375,6.90946375,124.304290611816,71.857603290516,0,41.841072684099,NaN,2.66453525910038e-15,2.66453525910038e-15,8.88178419700125e-16,4.44089209850063e-16,1.11022302462516e-16,8.88178419700125e-16,0,0,0,1.11022302462516e-16,0,0,5.55111512312578e-16,0,0,1,7.6915254783585e-08,2,billEUR,15.574933626199,,,
StoreNet,2020-07-16,TARIFF_L0.050,tariff,VPP_BM_DEMAND_CHARGE,ok,,"",NaN,NaN,0.05,0.95,0.95,1.98119008333333,60,20,10,DC_SOURCE,0.07,1,10,3.3,60,33.2099567072807,65.0581471142213,26.4661445112807,56.1546480215781,16.15586,13.8189275,13.8189275,11.756881,11.6041742160888,10.9212011847418,6.97192303888983e-13,10.9212011847418,10.9212011847418,127.518397978997,121.935106116065,0,46.7657659097214,12.1502342753259,NaN,NaN,7.88924481298636e-13,4.44089209850063e-16,1.11022302462516e-16,7.88924481298636e-13,0,0,0,2.22044604925031e-16,0,0,1.02001740387436e-15,0,1.35003119794419e-13,1,3.90831858122659e-08,2,billPlusDemandChargeEUR,12.1502330603025,,,
StoreNet,2020-07-16,TARIFF_L0.100,tariff,VPP_BM_DEMAND_CHARGE,ok,,"",NaN,NaN,0.1,0.95,0.95,1.206975,60,20,10,DC_SOURCE,0.07,1,10,3.3,60,33.2099567072807,65.0581484931892,26.4661445112807,56.1546497519194,16.15586,13.8189275,13.8189275,11.756881,11.6041737581342,10.9212006814951,6.10622663543836e-16,10.9212006814951,10.9212006814951,127.51839294653,121.935591152253,0,46.7655240252868,12.6962938262837,NaN,NaN,7.7715611723761e-15,4.44089209850063e-16,4.44089209850063e-16,7.7715611723761e-15,0,0,0,1.11022302462516e-16,0,0,8.88178419700125e-16,0,1.77635683940025e-15,1,0,2,billPlusDemandChargeEUR,12.6962925566544,,,
StoreNet,2020-07-16,TARIFF_L0.200,tariff,VPP_BM_DEMAND_CHARGE,ok,,"",NaN,NaN,0.2,0.95,0.95,1.50087116666667,60,20,10,DC_SOURCE,0.07,1,10,3.3,60,33.2099567072807,65.0581485339059,26.4661445112807,56.1546498030111,16.15586,13.8189275,13.8189275,11.756881,11.6041737446122,10.9212006666357,1.2267964422108e-14,10.9212006666357,10.9212006666357,127.518392797936,121.935605473901,0,46.7655168831726,13.7884138779393,NaN,NaN,1.32116539930394e-14,4.44089209850063e-16,2.22044604925031e-16,1.32116539930394e-14,0,0,0,2.22044604925031e-16,0,0,2.33146835171283e-15,0,0,1,0,2,billPlusDemandChargeEUR,13.7884124990981,,,
StoreNet,2020-07-16,TARIFF_L0.500,tariff,VPP_BM_DEMAND_CHARGE,ok,,"",NaN,NaN,0.5,0.95,0.95,2.237948125,60,20,10,DC_SOURCE,0.07,1,10,3.3,60,33.2099567072807,65.0581472659754,26.4661445112807,56.1546482120005,16.15586,13.8189275,13.8189275,11.756881,11.6041741656913,10.9212011293601,3.33066907387547e-16,10.9212011293601,10.9212011293601,127.51839742518,121.935159493707,0,46.7657392906351,17.0647747303714,NaN,NaN,3.99680288865056e-15,4.44089209850063e-16,1.11022302462516e-16,3.99680288865056e-15,0,0,0,1.11022302462516e-16,0,0,1.11022302462516e-15,0,1.06581410364015e-14,1,4.08716275638634e-08,2,billPlusDemandChargeEUR,17.0647730238941,,,
StoreNet,2020-07-16,TARIFF_L1.000,tariff,VPP_BM_DEMAND_CHARGE,ok,,"",NaN,NaN,1,0.95,0.95,1.37016729166667,60,20,10,DC_SOURCE,0.07,1,10,3.3,60,33.2099567072807,60.52515582534,26.4661445112807,50.4666096904164,16.15586,13.8189275,13.8189275,11.756881,13.1095786606711,9.17490992901134,5.32827719298246,9.17490992901134,9.17490992901135,126.029728520253,92.941944882988,0,46.7646150376857,22.2844885896825,NaN,NaN,6.12704331715008e-15,4.44089209850063e-16,1.11022302462516e-16,6.12704331715008e-15,0,0,0,2.22044604925031e-16,0,0,1.99840144432528e-15,0,3.5527136788005e-15,1,5.1069272059376e-08,2,billPlusDemandChargeEUR,22.2844863612338,,,
StoreNet,2020-08-01,ANCHOR_VPP_BM,anchor,VPP_BM,ok,,"",NaN,NaN,NaN,0.95,0.95,2.15328245833333,60,20,10,DC_SOURCE,0.07,0,10,3.3,60,47.85067247,31.527247273249,46.7414875925,29.9023751145482,24.76342,24.74936,24.74936,16.2316775,32.7646726384706,75.9613042105263,12.1651105,75.9613042105263,75.9613042105263,332.296806515584,320.005322099513,0,26.4479904502437,NaN,NaN,NaN,5.32907051820075e-15,4.44089209850063e-16,8.88178419700125e-16,5.32907051820075e-15,0,0,0,9.99200722162641e-16,0,4.44089209850063e-16,3.60822483003176e-15,0,1.4210854715202e-14,1,0,2,billEUR,32.7646693620037,/Users/guichenxiang/Desktop/電力專案/StoreNet/results/bahloul_vpp_improvement_v2_frontier/storenet_monthly_2020/cases/2020-08-01/ANCHOR_VPP_BM,5c49be3be54417f0e3d291cd89534a19b15fc55aa017f7180d026b059eec470c,34225d5ba22217dbce9dd123a86ef31d8daadcf59ce736f0354c5fccae2b9e54
StoreNet,2020-08-01,ANCHOR_VPP_BM_PEAK_LEX,anchor,VPP_BM_PEAK_LEX,ok,,"",NaN,NaN,NaN,0.95,0.95,3.05826170833333,60,20,10,DC_SOURCE,0.07,0,10,3.3,60,47.85067247,31.527247273249,46.7414875925,29.9023751145482,24.76342,24.74936,24.74936,16.2316775,32.7646726384706,28.1157715132559,13.2209882472949,28.1157715132559,28.1157715132559,332.296797224867,320.005936757557,0,26.4476507042869,NaN,NaN,NaN,1.36002320516582e-15,8.60422844084496e-16,1.11022302462516e-16,1.36002320516582e-15,0,0,0,2.22044604925031e-16,8.88178419700125e-16,0,6.38378239159465e-16,0,1.4210854715202e-14,1,0,3,billEUR,32.7646693620037,/Users/guichenxiang/Desktop/電力專案/StoreNet/results/bahloul_vpp_improvement_v2_frontier/storenet_monthly_2020/cases/2020-08-01/ANCHOR_VPP_BM_PEAK_LEX,95c2609eff14bfc6febb6b1750e7a85ac9cce4a0d873d4548bf5425f5c20ccad,8c669606fd82105e4c58471a4b8c1e2d78d2c632044ab649b63f4b9bae03def5
StoreNet,2020-08-01,ANCHOR_PS,anchor,PS,ok,,"",NaN,NaN,NaN,0.95,0.95,2.07876233333333,60,20,10,DC_SOURCE,0.07,0,10,3.3,60,47.85067247,4.8717993446467,46.7414875925,2.61438805918231,24.76342,24.74936,24.74936,16.2316775,45.5194837221975,13.375510152828,13.375510152828,13.375510152828,2.46988215282803,318.542352625524,94.5784175134564,0,0,NaN,NaN,NaN,4.21884749357559e-15,1.80411241501588e-16,8.88178419700125e-16,4.21884749357559e-15,0,0,0,4.44089209850063e-16,0,0,0,0,2.8421709430404e-14,1,0,3,systemPeakKW,13.3755088152771,/Users/guichenxiang/Desktop/電力專案/StoreNet/results/bahloul_vpp_improvement_v2_frontier/storenet_monthly_2020/cases/2020-08-01/ANCHOR_PS,c1539888cf0722cbc312f91e377464ed87d80c23cb382b2a974854436d9b9e35,661f00fb7d4145f709a6c395a3e1eb37edb58852b2e593103a9319bce5c51718
StoreNet,2020-08-01,FRONTIER_R2.000,frontier,IMPROVED_PEAK_GUARD,ok,,"",2,49.49872,NaN,0.95,0.95,2.0808465,60,20,10,DC_SOURCE,0.07,0,10,3.3,60,47.85067247,31.5272472732489,46.7414875925,29.9023751145482,24.76342,24.74936,24.74936,16.2316775,32.7646726384707,49.49872,12.21913,49.49872,49.49872,332.296806515584,320.005322099505,0,26.4479904502474,NaN,7.105427357601e-15,7.105427357601e-15,3.07531777821168e-14,4.40619762898109e-16,3.07531777821168e-14,3.5527136788005e-15,0,0,0,4.44089209850063e-16,0,0,1.0547118733939e-15,0,4.2632564145606e-14,1,0,2,billEUR,32.7646693620037,,,
StoreNet,2020-08-01,FRONTIER_R1.500,frontier,IMPROVED_PEAK_GUARD,ok,,"",1.5,37.12404,NaN,0.95,0.95,1.16564666666667,60,20,10,DC_SOURCE,0.07,0,10,3.3,60,47.85067247,31.527247273249,46.7414875925,29.9023751145483,24.76342,24.74936,24.74936,16.2316775,32.7646726384706,37.12404,13.130637,37.12404,37.12404,332.296806515584,320.005322099521,0,26.4479904502393,NaN,1.4210854715202e-14,1.4210854715202e-14,2.22044604925031e-15,2.77555756156289e-17,1.55431223447522e-15,2.22044604925031e-15,0,0,0,4.44089209850063e-16,0,6.08402217494586e-14,1.27675647831893e-15,0,0,1,0,2,billEUR,32.7646693620037,,,
StoreNet,2020-08-01,FRONTIER_R1.250,frontier,IMPROVED_PEAK_GUARD,ok,,"",1.25,30.9367,NaN,0.95,0.95,1.49625995833333,60,20,10,DC_SOURCE,0.07,0,10,3.3,60,47.85067247,31.5272472732489,46.7414875925,29.9023751145482,24.76342,24.74936,24.74936,16.2316775,32.7646726384706,30.9367,10.7595370099998,30.9367,30.9367000000001,332.296806515584,320.005322099505,0,26.4479904502477,NaN,7.105427357601e-15,7.105427357601e-15,1.83186799063151e-13,4.71844785465692e-16,1.11022302462516e-16,1.83186799063151e-13,0,0,0,1.77635683940025e-15,8.88178419700125e-16,8.88178419700125e-16,1.0680345496894e-13,0,3.5527136788005e-14,1,0,2,billEUR,32.7646693620037,,,
StoreNet,2020-08-01,FRONTIER_R1.000,frontier,IMPROVED_PEAK_GUARD,ok,,"",1,24.74936,NaN,0.95,0.95,0.652481083333333,60,20,10,DC_SOURCE,0.07,0,10,3.3,60,47.85067247,26.3442020822678,46.7414875925,24.5963352214011,24.76342,24.74936,24.74936,16.2316775,35.2447946167791,24.74936,16.43912,24.74936,24.7325925,327.207715367418,257.821771258184,0,0.000908370907802395,NaN,7.105427357601e-15,7.105427357601e-15,3.5527136788005e-15,1.66533453693773e-16,2.22044604925031e-16,3.5527136788005e-15,0,0,0,3.5527136788005e-15,8.88178419700125e-16,0,0,0,1.4210854715202e-14,1,0,2,billEUR,35.2447910923,,,
StoreNet,2020-08-01,FRONTIER_R0.900,frontier,IMPROVED_PEAK_GUARD,ok,,"",0.9,22.274424,NaN,0.95,0.95,0.800575375,60,20,10,DC_SOURCE,0.07,0,10,3.3,60,47.85067247,21.9951510945106,46.7414875925,20.1440803812301,24.76342,24.74936,24.74936,16.2316775,37.3258447604841,22.274424,19.267319,22.274424,22.2014136657793,324.794653840124,210.797879987571,0,0.000962006214325279,NaN,3.5527136788005e-15,3.5527136788005e-15,1.33226762955019e-15,7.80625564189563e-17,2.22044604925031e-16,1.33226762955019e-15,0,0,0,1.33226762955019e-15,1.33226762955019e-15,0,0,0,0,1,0,2,billEUR,37.3258410279,,,
StoreNet,2020-08-01,FRONTIER_R0.800,frontier,IMPROVED_PEAK_GUARD,ok,,"",0.8,19.799488,NaN,0.95,0.95,0.801507708333333,60,20,10,DC_SOURCE,0.07,0,10,3.3,60,47.85067247,17.6461001067535,46.7414875925,15.6918255410592,24.76342,24.74936,24.74936,16.2316775,39.4068949041891,19.799488,13.10873053,19.799488,17.068191,322.38159231283,163.773988716961,0,0.00101564151932358,NaN,0,0,1.88737914186277e-15,5.55111512312578e-17,5.55111512312578e-17,1.88737914186277e-15,0,0,0,2.22044604925031e-16,0,0,0,0,0,1,0,2,billEUR,39.4068909635,,,
StoreNet,2020-08-01,FRONTIER_R0.700,frontier,IMPROVED_PEAK_GUARD,ok,,"",0.7,17.324552,NaN,0.95,0.95,0.884207291666667,60,20,10,DC_SOURCE,0.07,0,10,3.3,60,47.85067247,13.2970491189962,46.7414875925,11.2395707008882,24.76342,24.74936,24.74936,16.2316775,41.4879450478941,17.324552,17.324552,17.324552,16.9054144274509,319.968530785537,116.750097446342,0,0.00106927682887883,NaN,3.5527136788005e-15,3.5527136788005e-15,8.88178419700125e-15,2.77555756156289e-17,8.88178419700125e-15,5.32907051820075e-15,0,0,0,1.11022302462516e-15,0,0,0,0,0,1,0,2,billEUR,41.4879408991,,,
StoreNet,2020-08-01,FRONTIER_R0.600,frontier,IMPROVED_PEAK_GUARD,ok,,"",0.6,14.849616,NaN,0.95,0.95,0.769850333333333,60,20,10,DC_SOURCE,0.07,0,10,3.3,60,47.85067247,8.70668607760103,46.7414875925,6.54027742363613,24.76342,24.74936,24.74936,16.2316775,43.684464632016,14.849616,14.849616,14.849616,9.74721000125202,317.692573422763,72.3658284236884,0,0.0011258881558418,NaN,1.59872115546023e-14,1.59872115546023e-14,3.34064373386234e-15,1.65145674912992e-15,1.11022302462516e-15,3.34064373386234e-15,0,0,0,1.33226762955019e-15,0,0,0,0,1.4210854715202e-14,1,0,2,billEUR,43.68446026357,,,
StoreNet,2020-08-01,FRONTIER_R0.500,frontier,IMPROVED_PEAK_GUARD,infeasible,StoreNet:OptimizationFailed,"Optimization failed during bill (exit flag -2).",0.5,12.37468,NaN,0.95,0.95,0.136593708333333,60,20,10,DC_SOURCE,0.07,0,10,3.3,60,47.85067247,NaN,46.7414875925,NaN,24.76342,24.74936,24.74936,16.2316775,NaN,NaN,NaN,NaN,NaN,NaN,NaN,NaN,NaN,NaN,NaN,NaN,NaN,NaN,NaN,NaN,NaN,NaN,NaN,NaN,NaN,NaN,NaN,NaN,NaN,NaN,NaN,NaN,,NaN,,,
StoreNet,2020-08-01,TARIFF_L0.050,tariff,VPP_BM_DEMAND_CHARGE,ok,,"",NaN,NaN,0.05,0.95,0.95,1.566960875,60,20,10,DC_SOURCE,0.07,0,10,3.3,60,47.85067247,31.5272469794624,46.7414875925,29.90237481379,24.76342,24.74936,24.74936,16.2316775,32.7646727790495,28.1157732631579,12.10029,28.1157732631579,28.1157732631581,332.296807240217,320.005249636175,0,26.4480266819128,34.1704614422074,NaN,NaN,1.49658063719471e-13,1.0019762797242e-14,9.5062846483529e-15,1.49658063719471e-13,0,0,0,5.77315972805081e-15,8.88178419700125e-16,0,1.46549439250521e-13,0,0,1,0,2,billPlusDemandChargeEUR,34.1704580251616,,,
StoreNet,2020-08-01,TARIFF_L0.100,tariff,VPP_BM_DEMAND_CHARGE,ok,,"",NaN,NaN,0.1,0.95,0.95,2.650342625,60,20,10,DC_SOURCE,0.07,0,10,3.3,60,47.85067247,31.5272466856757,46.7414875925,29.9023745130317,24.76342,24.74936,24.74936,16.2316775,32.7646729196284,28.1157732631579,8.83453947,28.1157732631579,28.1157732631579,332.29680796485,320.005177172842,0,26.4480629135791,35.5762502459442,NaN,NaN,3.90798504668055e-14,7.80625564189563e-17,4.44089209850063e-16,3.90798504668055e-14,0,0,0,2.22044604925031e-16,8.88178419700125e-16,0,6.66133814775094e-16,0,4.2632564145606e-14,1,0,2,billPlusDemandChargeEUR,35.5762466883195,,,
StoreNet,2020-08-01,TARIFF_L0.200,tariff,VPP_BM_DEMAND_CHARGE,ok,,"",NaN,NaN,0.2,0.95,0.95,1.855355875,60,20,10,DC_SOURCE,0.07,0,10,3.3,60,47.85067247,31.5272460981024,46.7414875925,29.9023739115152,24.76342,24.74936,24.74936,16.2316775,32.7646732007862,28.1157732631579,12.1855811830614,28.1157732631579,28.1157732631579,332.296809414117,320.005032246186,0,26.4481353769064,38.3878278534177,NaN,NaN,7.52092832456697e-13,7.52092832456697e-13,2.77555756156289e-16,7.14095449438901e-13,0,0,0,2.22044604925031e-16,8.88178419700125e-16,4.44089209850063e-16,1.11022302462516e-15,0,7.105427357601e-14,1,0,2,billPlusDemandChargeEUR,38.3878240146353,,,
StoreNet,2020-08-01,TARIFF_L0.500,tariff,VPP_BM_DEMAND_CHARGE,ok,,"",NaN,NaN,0.5,0.95,0.95,2.46232979166667,60,20,10,DC_SOURCE,0.07,0,10,3.3,60,47.85067247,31.5272443353829,46.7414875925,29.902372106966,24.76342,24.74936,24.74936,16.2316775,32.7646740442593,28.1157732631579,10.84635697,28.1157732631579,28.1157732631579,332.296813761917,320.004597466183,0,26.4483527669083,46.8225606758382,NaN,NaN,7.85427278771067e-13,7.80625564189563e-17,4.44089209850063e-16,7.85427278771067e-13,0,0,0,2.22044604925031e-16,8.88178419700125e-16,4.44089209850063e-16,4.44089209850063e-16,0,7.105427357601e-15,1,0,2,billPlusDemandChargeEUR,46.8225559935826,,,
StoreNet,2020-08-01,TARIFF_L1.000,tariff,VPP_BM_DEMAND_CHARGE,ok,,"",NaN,NaN,1,0.95,0.95,4.00422770833333,60,20,10,DC_SOURCE,0.07,0,10,3.3,60,47.85067247,8.12666060851692,46.7414875925,5.94648783381026,24.76342,24.74936,24.74936,16.2316775,43.9620107194701,14.5668905997109,14.5668905997108,14.5668905997109,7.33739709971085,317.472048726507,68.0682907423217,0,0.0011816866412427,58.5289013191809,NaN,NaN,9.32587340685131e-15,2.4980018054066e-16,4.44089209850063e-16,9.32587340685131e-15,0,0,0,2.22044604925031e-16,0,0,0,0,5.6843418860808e-14,1,0,2,billPlusDemandChargeEUR,58.5288954662913,,,
StoreNet,2020-08-02,ANCHOR_VPP_BM,anchor,VPP_BM,ok,,"",NaN,NaN,NaN,0.95,0.95,2.05659170833333,60,20,10,DC_SOURCE,0.07,1,10,3.3,60,44.9556289,32.5385368411876,43.936965754,30.974466470924,23.94404,23.2809665,23.2809665,14.279532,30.3277250281859,76.9028042105263,9.14621,76.9028042105263,76.9028042105263,305.002072107546,319.99991977804,0,42.8561298945689,NaN,NaN,NaN,2.88657986402541e-15,1.11022302462516e-16,2.22044604925031e-16,2.88657986402541e-15,0,0,0,1.77635683940025e-15,0,8.88178419700125e-16,2.22044604925031e-16,0,7.105427357601e-15,1,1.7763572847217e-15,2,billEUR,30.3277219954137,/Users/guichenxiang/Desktop/電力專案/StoreNet/results/bahloul_vpp_improvement_v2_frontier/storenet_monthly_2020/cases/2020-08-02/ANCHOR_VPP_BM,dcfeae291be3e7957d4c7496359d4564cde213dabbd1f18a20e26e6f3cd6c5ee,2128bc13fc2160babebc5af972d87ffa5f6df6e14828437d5856759cdf01e167
StoreNet,2020-08-02,ANCHOR_VPP_BM_PEAK_LEX,anchor,VPP_BM_PEAK_LEX,ok,,"",NaN,NaN,NaN,0.95,0.95,3.71771358333333,60,20,10,DC_SOURCE,0.07,1,10,3.3,60,44.9556289,32.5385368411876,43.936965754,30.974466470924,23.94404,23.2809665,23.2809665,14.279532,30.3277250281859,25.8096836219176,9.562265825,25.8096836219176,25.8096836219176,305.002072107545,319.999919778039,0,42.8561298945688,NaN,NaN,NaN,1.81278603239576e-15,1.66533453693773e-16,2.22044604925031e-16,1.81278603239576e-15,0,0,0,1.11022302462516e-16,8.88178419700125e-16,4.44089209850063e-16,2.99760216648792e-15,0,1.4210854715202e-14,1,0,3,billEUR,30.3277219954137,/Users/guichenxiang/Desktop/電力專案/StoreNet/results/bahloul_vpp_improvement_v2_frontier/storenet_monthly_2020/cases/2020-08-02/ANCHOR_VPP_BM_PEAK_LEX,6a34107c88e2fd4035d47ccb46b1ab1858e72767bfbba566c641303fde98fce3,5304a1ffb0c9a73bfa4fcc2cffac29598ee7372311772e8d8af661b0febed4cc
StoreNet,2020-08-02,ANCHOR_PS,anchor,PS,ok,,"",NaN,NaN,NaN,0.95,0.95,3.04612383333333,60,20,10,DC_SOURCE,0.07,1,10,3.3,60,44.9556289,8.97887109285166,43.936965754,6.86857813261043,23.94404,23.2809665,23.2809665,14.279532,40.9191209320882,12.5852065948434,12.5852065948434,12.5852065948434,7.52689850680612,289.384480480809,74.2333839785954,0,0.0010546164109265,NaN,NaN,NaN,1.11022302462516e-15,1.11022302462516e-16,2.22044604925031e-16,1.11022302462516e-15,0,0,0,2.22044604925031e-16,0,0,0,0,3.5527136788005e-15,1,0,3,systemPeakKW,12.5852053363229,/Users/guichenxiang/Desktop/電力專案/StoreNet/results/bahloul_vpp_improvement_v2_frontier/storenet_monthly_2020/cases/2020-08-02/ANCHOR_PS,30c408057bd2dbb048637070b164aa144e5c97af9e0896618d1f317d0ab4d7fa,a3b73447de48614ee4764fdfa441ccee4437df78d2c11a06424d688a86c1d085
StoreNet,2020-08-02,FRONTIER_R2.000,frontier,IMPROVED_PEAK_GUARD,ok,,"",2,46.561933,NaN,0.95,0.95,1.22842004166667,60,20,10,DC_SOURCE,0.07,1,10,3.3,60,44.9556289,32.5385368411876,43.936965754,30.974466470924,23.94404,23.2809665,23.2809665,14.279532,30.3277250281859,46.561933,9.302389325,46.561933,46.561933,305.002072107546,319.999919778039,0,42.8561298945687,NaN,7.105427357601e-15,7.105427357601e-15,1.9151347174784e-15,2.22044604925031e-16,4.44089209850063e-16,1.9151347174784e-15,0,0,0,8.88178419700125e-16,0,8.88178419700125e-16,1.55431223447522e-15,0,2.8421709430404e-14,1,1.7763572847217e-16,2,billEUR,30.3277219954137,,,
StoreNet,2020-08-02,FRONTIER_R1.500,frontier,IMPROVED_PEAK_GUARD,ok,,"",1.5,34.92144975,NaN,0.95,0.95,1.17368341666667,60,20,10,DC_SOURCE,0.07,1,10,3.3,60,44.9556289,32.5385368411876,43.936965754,30.974466470924,23.94404,23.2809665,23.2809665,14.279532,30.3277250281859,34.92144975,9.2497405,34.92144975,34.92144975,305.002072107546,319.99991977804,0,42.8561298945688,NaN,7.105427357601e-15,7.105427357601e-15,1.55431223447522e-15,1.11022302462516e-16,1.19348975147204e-15,1.55431223447522e-15,0,0,0,1.11022302462516e-16,0,8.88178419700125e-16,1.33226762955019e-15,0,1.06581410364015e-14,1,1.24345009930519e-15,2,billEUR,30.3277219954137,,,
StoreNet,2020-08-02,FRONTIER_R1.250,frontier,IMPROVED_PEAK_GUARD,ok,,"",1.25,29.101208125,NaN,0.95,0.95,1.72504420833333,60,20,10,DC_SOURCE,0.07,1,10,3.3,60,44.9556289,32.5385368411876,43.936965754,30.974466470924,23.94404,23.2809665,23.2809665,14.279532,30.3277250281859,29.101208125,9.9796835,29.101208125,29.101208125,305.002072107546,319.999919778039,0,42.8561298945687,NaN,1.06581410364015e-14,1.06581410364015e-14,7.105427357601e-15,1.11022302462516e-16,1.33226762955019e-15,7.105427357601e-15,0,0,0,1.77635683940025e-15,0,8.88178419700125e-16,1.83186799063151e-15,0,1.77635683940025e-14,1,0,2,billEUR,30.3277219954137,,,
StoreNet,2020-08-02,FRONTIER_R1.000,frontier,IMPROVED_PEAK_GUARD,ok,,"",1,23.2809665,NaN,0.95,0.95,1.32674666666667,60,20,10,DC_SOURCE,0.07,1,10,3.3,60,44.9556289,28.4982088759759,43.936965754,26.8404649184428,23.94404,23.2809665,23.2809665,14.279532,32.1440798745694,23.2809665,11.5170675,23.2809665,23.2809665,300.93905282854,271.954258473474,0,20.0344407749003,NaN,1.06581410364015e-14,1.06581410364015e-14,8.88178419700125e-16,1.11022302462516e-16,2.22044604925031e-16,8.88178419700125e-16,0,0,0,2.22044604925031e-16,8.88178419700125e-16,8.88178419700125e-16,9.99200722162641e-16,0,7.105427357601e-15,1,0,2,billEUR,32.1440766601618,,,
StoreNet,2020-08-02,FRONTIER_R0.900,frontier,IMPROVED_PEAK_GUARD,ok,,"",0.9,20.95286985,NaN,0.95,0.95,1.10797129166667,60,20,10,DC_SOURCE,0.07,1,10,3.3,60,44.9556289,24.7458454574639,43.936965754,23.0011042697115,23.94404,23.2809665,23.2809665,14.279532,33.830978447975,20.95286985,12.128155,20.95286985,20.8900307470861,297.273916917397,228.004658285299,0,0.000871932350663854,NaN,3.5527136788005e-15,3.5527136788005e-15,1.11022302462516e-15,5.13478148889135e-16,4.02455846426619e-16,1.11022302462516e-15,0,0,0,1.11022302462516e-16,8.88178419700125e-16,8.88178419700125e-16,0,0,1.4210854715202e-14,1,0,2,billEUR,33.8309750648775,,,
StoreNet,2020-08-02,FRONTIER_R0.800,frontier,IMPROVED_PEAK_GUARD,ok,,"",0.8,18.6247732,NaN,0.95,0.95,1.03111545833333,60,20,10,DC_SOURCE,0.07,1,10,3.3,60,44.9556289,20.3913734774033,43.936965754,18.5456753835411,23.94404,23.2809665,23.2809665,14.279532,35.7885587118855,18.6247732,17.7932125,18.6247732,18.4107280184639,295.004023692709,183.77072102911,0,0.000922385445035674,NaN,3.5527136788005e-15,3.5527136788005e-15,2.65065747129256e-15,2.65065747129256e-15,2.22044604925031e-16,1.77635683940025e-15,0,0,0,4.44089209850063e-16,8.88178419700125e-16,8.88178419700125e-16,0,0,2.1316282072803e-14,1,0,2,billEUR,35.78855513303,,,
StoreNet,2020-08-02,FRONTIER_R0.700,frontier,IMPROVED_PEAK_GUARD,ok,,"",0.7,16.29667655,NaN,0.95,0.95,0.998768333333333,60,20,10,DC_SOURCE,0.07,1,10,3.3,60,44.9556289,16.0369014973428,43.936965754,14.0902464973708,23.94404,23.2809665,23.2809665,14.279532,37.746138975796,16.29667655,16.0563765,16.29667655,15.55508855,292.734130468021,139.536783772931,0,0.000972838534683413,NaN,3.5527136788005e-15,3.5527136788005e-15,1.90770793259687e-15,1.11022302462516e-16,4.44089209850063e-16,1.90770793259687e-15,0,0,0,2.22044604925031e-16,8.88178419700125e-16,8.88178419700125e-16,0,0,7.105427357601e-15,1,0,2,billEUR,37.7461352011825,,,
StoreNet,2020-08-02,FRONTIER_R0.600,frontier,IMPROVED_PEAK_GUARD,ok,,"",0.6,13.9685799,NaN,0.95,0.95,1.272139625,60,20,10,DC_SOURCE,0.07,1,10,3.3,60,44.9556289,11.6691195955077,43.936965754,9.62119910355618,23.94404,23.2809665,23.2809665,14.279532,39.7097027987464,13.9685799,13.9685799,13.9685799,12.9924642046319,290.495080331167,95.8925493983185,0,0.00102344584074696,NaN,3.5527136788005e-15,3.5527136788005e-15,3.33066907387547e-15,2.22044604925031e-16,7.7715611723761e-16,3.33066907387547e-15,0,0,0,4.44089209850063e-16,8.88178419700125e-16,0,0,0,0,1,1.05663468908844e-13,2,billEUR,39.7096988277765,,,
StoreNet,2020-08-02,FRONTIER_R0.500,frontier,IMPROVED_PEAK_GUARD,infeasible,StoreNet:OptimizationFailed,"Optimization failed during bill (exit flag -2).",0.5,11.64048325,NaN,0.95,0.95,0.109852916666667,60,20,10,DC_SOURCE,0.07,1,10,3.3,60,44.9556289,NaN,43.936965754,NaN,23.94404,23.2809665,23.2809665,14.279532,NaN,NaN,NaN,NaN,NaN,NaN,NaN,NaN,NaN,NaN,NaN,NaN,NaN,NaN,NaN,NaN,NaN,NaN,NaN,NaN,NaN,NaN,NaN,NaN,NaN,NaN,NaN,NaN,,NaN,,,
StoreNet,2020-08-02,TARIFF_L0.050,tariff,VPP_BM_DEMAND_CHARGE,ok,,"",NaN,NaN,0.05,0.95,0.95,2.22663258333333,60,20,10,DC_SOURCE,0.07,1,10,3.3,60,44.9556289,32.5385360279219,43.936965754,30.974465638803,23.94404,23.2809665,23.2809665,14.279532,30.3277253937946,25.8096805319511,9.14621,25.8096805319511,25.8096805319511,305.002071289713,319.99991010707,0,42.8561253008585,31.6182094203922,NaN,NaN,2.45886644378857e-13,1.16931204302562e-16,2.22044604925031e-16,2.45886644378857e-13,0,0,0,3.33066907387547e-16,8.88178419700125e-16,4.44089209850063e-16,2.29261054585095e-14,0,0,1,5.50670774905982e-15,2,billPlusDemandChargeEUR,31.6182062585716,,,
StoreNet,2020-08-02,TARIFF_L0.100,tariff,VPP_BM_DEMAND_CHARGE,ok,,"",NaN,NaN,0.1,0.95,0.95,1.60792591666667,60,20,10,DC_SOURCE,0.07,1,10,3.3,60,44.9556289,32.5385350831214,43.936965754,30.9744646720976,23.94404,23.2809665,23.2809665,14.279532,30.3277258185356,25.809679940629,9.4806105,25.809679940629,25.809679940629,305.002070339606,319.999898871951,0,42.8561199641766,32.9086938125985,NaN,NaN,1.68753899743024e-14,1.11022302462516e-16,2.22044604925031e-16,1.68753899743024e-14,0,0,0,1.11022302462516e-16,8.88178419700125e-16,8.88178419700125e-16,2.22044604925031e-16,0,7.105427357601e-15,1,0,2,billPlusDemandChargeEUR,32.9086905217295,,,
StoreNet,2020-08-02,TARIFF_L0.200,tariff,VPP_BM_DEMAND_CHARGE,ok,,"",NaN,NaN,0.2,0.95,0.95,1.74460641666667,60,20,10,DC_SOURCE,0.07,1,10,3.3,60,44.9556289,32.5385326466455,43.936965754,30.9744621791329,23.94404,23.2809665,23.2809665,14.279532,30.3277269138687,25.8096784157125,9.6993505,25.8096784157125,25.8096784157125,305.002067889446,319.999869898537,0,42.8561062018049,35.4896625970112,NaN,NaN,1.02140518265514e-14,1.11022302462516e-16,2.22044604925031e-16,1.02140518265514e-14,0,0,0,1.11022302462516e-16,8.88178419700125e-16,8.88178419700125e-16,9.99200722162641e-16,0,1.4210854715202e-14,1,0,2,billPlusDemandChargeEUR,35.4896590480453,,,
StoreNet,2020-08-02,TARIFF_L0.500,tariff,VPP_BM_DEMAND_CHARGE,ok,,"",NaN,NaN,0.5,0.95,0.95,2.39016283333333,60,20,10,DC_SOURCE,0.07,1,10,3.3,60,44.9556289,32.5385119432726,43.936965754,30.9744409957596,23.94404,23.2809665,23.2809665,14.279532,30.3277362212002,25.8096654580979,8.6966,25.8096654580979,25.8096654580979,305.002047069799,319.999623703859,0,42.8559892593328,43.2325689502491,NaN,NaN,2.66453525910038e-14,1.11022302462516e-16,2.22044604925031e-16,2.66453525910038e-14,0,0,0,1.11022302462516e-16,8.88178419700125e-16,8.88178419700125e-16,8.32667268468867e-16,0,1.4210854715202e-14,1,1.77635892826591e-16,2,billPlusDemandChargeEUR,43.2325646269926,,,
StoreNet,2020-08-02,TARIFF_L1.000,tariff,VPP_BM_DEMAND_CHARGE,ok,,"",NaN,NaN,1,0.95,0.95,4.26113533333333,60,20,10,DC_SOURCE,0.07,1,10,3.3,60,44.9556289,8.97886578058614,43.936965754,6.8685726971819,23.94404,23.2809665,23.2809665,14.279532,40.9191233202506,12.5852053363229,12.5852053363229,12.5852053363229,7.54400028104616,289.384486109088,74.2327185182891,0,0.00137897740256648,53.5043286565735,NaN,NaN,4.30766533554561e-14,1.66533453693773e-16,2.19269047363468e-15,4.30766533554561e-14,0,0,0,1.88737914186277e-15,0,0,0,0,4.2632564145606e-14,1,0,2,billPlusDemandChargeEUR,53.5043233061411,,,
StoreNet,2020-08-15,ANCHOR_VPP_BM,anchor,VPP_BM,ok,,"",NaN,NaN,NaN,0.95,0.95,1.77380683333333,60,20,10,DC_SOURCE,0.07,1,10,3.3,60,40.457907755,45.9682078130853,34.9834634965,37.5129548178033,19.06225,18.28414,18.28414,13.0381775,21.8601326413552,64.9591884398177,6.66133814775094e-16,64.9591884398177,64.9591884398177,240.22123781709,248.729561065775,0,28.7041446370224,NaN,NaN,NaN,2.66453525910038e-15,2.4980018054066e-16,2.22044604925031e-16,2.66453525910038e-15,0,0,0,1.11022302462516e-16,0,0,2.77555756156289e-15,0,0,1,0,2,billEUR,21.8601304553422,/Users/guichenxiang/Desktop/電力專案/StoreNet/results/bahloul_vpp_improvement_v2_frontier/storenet_monthly_2020/cases/2020-08-15/ANCHOR_VPP_BM,2ea3fd249cad83e7e2f236759e83d47c0a61b2f8d50634e68e0eab8ed4f01c61,4703fd915f597f5acd7518d12f59f2cf697d0d92930081013bd22caa8801b062
StoreNet,2020-08-15,ANCHOR_VPP_BM_PEAK_LEX,anchor,VPP_BM_PEAK_LEX,ok,,"",NaN,NaN,NaN,0.95,0.95,3.762187375,60,20,10,DC_SOURCE,0.07,1,10,3.3,60,40.457907755,45.9682078130853,34.9834634965,37.5129548178033,19.06225,18.28414,18.28414,13.0381775,21.8601326413552,21.6867975548214,1.53709680842384e-05,21.6867975548214,21.6867975548214,240.221220419182,248.730712081856,0,28.7035084246377,NaN,NaN,NaN,6.83897383169096e-14,2.4980018054066e-16,6.23945339839338e-14,6.83897383169096e-14,0,0,0,1.11022302462516e-16,8.88178419700125e-16,0,1.75415237890775e-14,0,1.4210854715202e-14,1,0,3,billEUR,21.8601304553422,/Users/guichenxiang/Desktop/電力專案/StoreNet/results/bahloul_vpp_improvement_v2_frontier/storenet_monthly_2020/cases/2020-08-15/ANCHOR_VPP_BM_PEAK_LEX,d87a1e443dea693523fc3ebd8827f16f1922bff7f650bd1bb4b082f3d1e72345,1da62943679c7dec75bd8bf3ed7a9065b5d2a90c2a2c2fc2f389adcb8e03f600
StoreNet,2020-08-15,ANCHOR_PS,anchor,PS,ok,,"",NaN,NaN,NaN,0.95,0.95,2.33645166666667,60,20,10,DC_SOURCE,0.07,1,10,3.3,60,40.457907755,19.5697719280156,34.9834634965,6.98351670138331,19.06225,18.28414,18.28414,13.0381775,32.5403874804996,9.51473318143264,9.51473318143263,9.51473318143264,1.77635683940025e-14,228.353596354383,67.0348330893908,0,4.13166402557387,NaN,NaN,NaN,6.88338275267597e-15,4.44089209850063e-16,4.44089209850063e-16,6.88338275267597e-15,0,0,0,3.33066907387547e-15,0,0,0,0,7.105427357601e-15,1,5.09735828808681e-08,3,systemPeakKW,9.5147322299594,/Users/guichenxiang/Desktop/電力專案/StoreNet/results/bahloul_vpp_improvement_v2_frontier/storenet_monthly_2020/cases/2020-08-15/ANCHOR_PS,cf17e76d6b0d76cef236172ac216fa81a650d3e1e2379fadfdadd4beca1433b5,6e566dd8eacf8acc10caf383f5410004297330f9552de8afb80b935e056246e6
StoreNet,2020-08-15,FRONTIER_R2.000,frontier,IMPROVED_PEAK_GUARD,ok,,"",2,36.56828,NaN,0.95,0.95,1.80138366666667,60,20,10,DC_SOURCE,0.07,1,10,3.3,60,40.457907755,45.9682078130853,34.9834634965,37.5129548178033,19.06225,18.28414,18.28414,13.0381775,21.8601326413553,36.56828,1.87350135405495e-16,36.56828,36.56828,240.221237817091,248.729561065761,0,28.7041446370299,NaN,1.4210854715202e-14,1.4210854715202e-14,2.44249065417534e-15,2.4980018054066e-16,4.44089209850063e-16,2.44249065417534e-15,0,0,0,1.11022302462516e-16,0,0,1.55431223447522e-15,0,1.4210854715202e-14,1,0,2,billEUR,21.8601304553422,,,
StoreNet,2020-08-15,FRONTIER_R1.500,frontier,IMPROVED_PEAK_GUARD,ok,,"",1.5,27.42621,NaN,0.95,0.95,1.30765266666667,60,20,10,DC_SOURCE,0.07,1,10,3.3,60,40.457907755,45.9682078130853,34.9834634965,37.5129548178033,19.06225,18.28414,18.28414,13.0381775,21.8601326413553,27.42621,2.22044604925031e-16,27.42621,27.42621,240.221237817091,248.729561065758,0,28.7041446370315,NaN,7.105427357601e-15,7.105427357601e-15,1.27675647831893e-14,1.72084568816899e-15,1.55431223447522e-15,1.27675647831893e-14,0,0,0,3.5527136788005e-15,0,0,7.54951656745106e-15,0,1.4210854715202e-14,1,0,2,billEUR,21.8601304553422,,,
StoreNet,2020-08-15,FRONTIER_R1.250,frontier,IMPROVED_PEAK_GUARD,ok,,"",1.25,22.855175,NaN,0.95,0.95,1.817597375,60,20,10,DC_SOURCE,0.07,1,10,3.3,60,40.457907755,45.9682078130853,34.9834634965,37.5129548178033,19.06225,18.28414,18.28414,13.0381775,21.8601326413553,22.855175,9.76996261670138e-15,22.855175,22.855175,240.221237817091,248.72956106576,0,28.7041446370307,NaN,1.4210854715202e-14,1.4210854715202e-14,6.79456491070596e-14,2.4980018054066e-16,2.22044604925031e-16,6.79456491070596e-14,0,0,0,1.11022302462516e-16,8.88178419700125e-16,0,1.49880108324396e-15,0,2.1316282072803e-14,1,0,2,billEUR,21.8601304553422,,,
StoreNet,2020-08-15,FRONTIER_R1.000,frontier,IMPROVED_PEAK_GUARD,ok,,"",1,18.28414,NaN,0.95,0.95,0.743149833333333,60,20,10,DC_SOURCE,0.07,1,10,3.3,60,40.457907755,39.5030984725084,34.9834634965,30.0361423131404,19.06225,18.28414,18.28414,13.0381775,24.4757806146257,18.28414,8.4844625,18.28414,18.28414,235.638285840854,199.746184151419,0,4.95391579271143,NaN,7.105427357601e-15,7.105427357601e-15,6.60582699651968e-15,6.60582699651968e-15,2.22044604925031e-16,1.77635683940025e-15,0,0,0,2.22044604925031e-16,8.88178419700125e-16,0,6.38378239159465e-16,0,1.4210854715202e-14,1,0,2,billEUR,24.4757781670479,,,
StoreNet,2020-08-15,FRONTIER_R0.900,frontier,IMPROVED_PEAK_GUARD,ok,,"",0.9,16.455726,NaN,0.95,0.95,0.700757916666667,60,20,10,DC_SOURCE,0.07,1,10,3.3,60,40.457907755,35.7030451554849,34.9834634965,25.6414314641246,19.06225,18.28414,18.28414,13.0381775,26.0132026802679,16.455726,11.3732725,16.455726,16.455726,233.85558298334,165.006238902865,0,4.95395541698877,NaN,7.105427357601e-15,7.105427357601e-15,3.99680288865056e-15,2.22044604925031e-16,6.66133814775094e-16,3.99680288865056e-15,0,0,0,6.66133814775094e-16,8.88178419700125e-16,0,0,0,7.105427357601e-15,1,1.36573496071929e-16,2,billEUR,26.0132000789479,,,
StoreNet,2020-08-15,FRONTIER_R0.800,frontier,IMPROVED_PEAK_GUARD,ok,,"",0.8,14.627312,NaN,0.95,0.95,0.524853916666667,60,20,10,DC_SOURCE,0.07,1,10,3.3,60,40.457907755,31.9029918384614,34.9834634965,21.2467206151087,19.06225,18.28414,18.28414,13.0381775,27.5506247459101,14.627312,14.627312,14.627312,14.627312,232.072880125825,130.266293654317,0,4.95399504126266,NaN,3.5527136788005e-15,3.5527136788005e-15,8.88178419700125e-16,4.9960036108132e-16,3.33066907387547e-16,8.88178419700125e-16,0,0,0,2.22044604925031e-16,8.88178419700125e-16,0,5.55111512312578e-17,0,1.06581410364015e-14,1,0,2,billEUR,27.5506219908479,,,
StoreNet,2020-08-15,FRONTIER_R0.700,frontier,IMPROVED_PEAK_GUARD,ok,,"",0.7,12.798898,NaN,0.95,0.95,0.711512875,60,20,10,DC_SOURCE,0.07,1,10,3.3,60,40.457907755,28.0913126213201,34.9834634965,16.8385645680614,19.06225,18.28414,18.28414,13.0381775,29.0927504074977,12.798898,12.798898,12.798898,12.61120879,230.314422608235,95.9790516633051,0,4.95403478676848,NaN,3.5527136788005e-15,3.5527136788005e-15,3.99680288865056e-15,2.22044604925031e-16,4.44089209850063e-16,3.99680288865056e-15,0,0,0,2.22044604925031e-15,8.88178419700125e-16,0,0,0,1.4210854715202e-14,1,0,2,billEUR,29.0927474982229,,,
StoreNet,2020-08-15,FRONTIER_R0.600,frontier,IMPROVED_PEAK_GUARD,ok,,"",0.6,10.970484,NaN,0.95,0.95,0.83355,60,20,10,DC_SOURCE,0.07,1,10,3.3,60,40.457907755,23.8382481781096,34.9834634965,11.9199524090139,19.06225,18.28414,18.28414,13.0381775,30.8134512966924,10.970484,10.970484,10.970484,8.16783479,228.726647013879,66.3688004621433,0,4.18502931892835,NaN,3.5527136788005e-15,3.5527136788005e-15,7.7715611723761e-16,2.22044604925031e-16,4.44089209850063e-16,7.7715611723761e-16,0,0,0,1.11022302462516e-16,0,0,0,0,0,1,0,2,billEUR,30.8134482153476,,,
StoreNet,2020-08-15,FRONTIER_R0.500,frontier,IMPROVED_PEAK_GUARD,infeasible,StoreNet:OptimizationFailed,"Optimization failed during bill (exit flag -2).",0.5,9.14207,NaN,0.95,0.95,0.122603416666667,60,20,10,DC_SOURCE,0.07,1,10,3.3,60,40.457907755,NaN,34.9834634965,NaN,19.06225,18.28414,18.28414,13.0381775,NaN,NaN,NaN,NaN,NaN,NaN,NaN,NaN,NaN,NaN,NaN,NaN,NaN,NaN,NaN,NaN,NaN,NaN,NaN,NaN,NaN,NaN,NaN,NaN,NaN,NaN,NaN,NaN,,NaN,,,
StoreNet,2020-08-15,TARIFF_L0.050,tariff,VPP_BM_DEMAND_CHARGE,ok,,"",NaN,NaN,0.05,0.95,0.95,1.721895375,60,20,10,DC_SOURCE,0.07,1,10,3.3,60,40.457907755,45.9682078404433,34.9834634965,37.5129548494424,19.06225,18.28414,18.28414,13.0381775,21.8601326302868,21.6868008195459,8.88178419700125e-16,21.6868008195459,21.6868008195459,240.221237695459,248.729571043496,0,28.7041394228399,22.9444726712641,NaN,NaN,1.24344978758018e-14,2.4980018054066e-16,2.22044604925031e-16,1.24344978758018e-14,0,0,0,1.11022302462516e-16,8.88178419700125e-16,4.44089209850063e-16,1.11022302462516e-15,0,3.5527136788005e-15,1,0,2,billPlusDemandChargeEUR,22.944470376817,,,
StoreNet,2020-08-15,TARIFF_L0.100,tariff,VPP_BM_DEMAND_CHARGE,ok,,"",NaN,NaN,0.1,0.95,0.95,2.19228645833333,60,20,10,DC_SOURCE,0.07,1,10,3.3,60,40.457907755,45.9682078650926,34.9834634965,37.512954877949,19.06225,18.28414,18.28414,13.0381775,21.8601326203142,21.6868008085871,5.55111512312578e-15,21.6868008085871,21.6868008085871,240.22123758587,248.729580033353,0,28.7041347248872,24.0288127011729,NaN,NaN,1.12470033286627e-11,2.4980018054066e-16,2.22044604925031e-16,1.12470033286627e-11,0,0,0,2.22044604925031e-16,8.88178419700125e-16,0,1.26565424807268e-14,0,0,1,8.86715866887888e-14,2,billPlusDemandChargeEUR,24.0288102982919,,,
StoreNet,2020-08-15,TARIFF_L0.200,tariff,VPP_BM_DEMAND_CHARGE,ok,,"",NaN,NaN,0.2,0.95,0.95,1.58810770833333,60,20,10,DC_SOURCE,0.07,1,10,3.3,60,40.457907755,45.9682079077291,34.9834634965,37.5129549272575,19.06225,18.28414,18.28414,13.0381775,21.8601326030644,21.6868007896312,1.11022302462516e-16,21.6868007896312,21.6868007896312,240.221237396312,248.72959558331,0,28.7041265987624,26.1974927609906,NaN,NaN,1.7125190154843e-14,2.4980018054066e-16,1.27675647831893e-14,1.7125190154843e-14,0,0,0,1.11022302462516e-16,8.88178419700125e-16,4.44089209850063e-16,7.54951656745106e-15,0,1.06581410364015e-14,1,0,2,billPlusDemandChargeEUR,26.1974901412416,,,
StoreNet,2020-08-15,TARIFF_L0.500,tariff,VPP_BM_DEMAND_CHARGE,ok,,"",NaN,NaN,0.5,0.95,0.95,1.630543375,60,20,10,DC_SOURCE,0.07,1,10,3.3,60,40.457907755,45.9682079993523,34.9834634965,37.5129550332186,19.06225,18.28414,18.28414,13.0381775,21.8601325659955,21.6868007488962,8.88178419700125e-16,21.6868007488962,21.6868007488962,240.221236988962,248.729628999237,0,28.7041091361836,32.7035329404436,NaN,NaN,2.35367281220533e-14,3.52235601797091e-15,2.22044604925031e-16,2.35367281220533e-14,0,0,0,2.22044604925031e-16,0,0,3.10862446895044e-15,0,0,1,0,2,billPlusDemandChargeEUR,32.7035296700907,,,
StoreNet,2020-08-15,TARIFF_L1.000,tariff,VPP_BM_DEMAND_CHARGE,ok,,"",NaN,NaN,1,0.95,0.95,1.4718505,60,20,10,DC_SOURCE,0.07,1,10,3.3,60,40.457907755,25.7148366963362,34.9834634965,14.0902019376834,19.06225,18.28414,18.28414,13.0381775,30.0542228450474,11.6817434408913,11.6817434408913,11.6817434408913,9.89105842089134,229.344627515408,77.0895313010091,0,4.95328497368421,41.7359662859387,NaN,NaN,3.66373598126302e-14,2.4980018054066e-16,2.66453525910038e-15,3.66373598126302e-14,0,0,0,5.55111512312578e-16,0,0,0,0,2.1316282072803e-14,1,0,2,billPlusDemandChargeEUR,41.7359621123425,,,
StoreNet,2020-08-16,ANCHOR_VPP_BM,anchor,VPP_BM,ok,,"",NaN,NaN,NaN,0.95,0.95,2.86123045833333,60,20,10,DC_SOURCE,0.07,1,10,3.3,60,46.25272847,45.7485401363545,40.1515288425,37.5047945990477,21.1024,19.8687105,19.8687105,14.278931,25.092780421743,83.6087942105263,1.16573417585641e-15,83.6087942105263,83.6087942105263,275.744839799374,309.737271907887,0,34.6475930243958,NaN,NaN,NaN,1.36002320516582e-15,2.22044604925031e-16,4.44089209850063e-16,1.36002320516582e-15,0,0,0,1.11022302462516e-16,4.44089209850063e-16,4.44089209850063e-16,4.9960036108132e-16,0,0,1,0,2,billEUR,25.0927779124652,/Users/guichenxiang/Desktop/電力專案/StoreNet/results/bahloul_vpp_improvement_v2_frontier/storenet_monthly_2020/cases/2020-08-16/ANCHOR_VPP_BM,253796c70db2e727b5546ad010001ae3af9b8ac615ff14a0802576509b76d1bb,0547eb3f571870ed0172fe6903ae9946908a624075953bdd0d6cea0008795ace
StoreNet,2020-08-16,ANCHOR_VPP_BM_PEAK_LEX,anchor,VPP_BM_PEAK_LEX,ok,,"",NaN,NaN,NaN,0.95,0.95,5.36134183333333,60,20,10,DC_SOURCE,0.07,1,10,3.3,60,46.25272847,45.7485401363544,40.1515288425,37.5047945990476,21.1024,19.8687105,19.8687105,14.278931,25.092780421743,25.4921652783031,1.73633361256198e-05,25.4921652783031,25.4921652783031,275.744820146367,309.738572117403,0,34.6468743468635,NaN,NaN,NaN,1.33226762955019e-14,2.44249065417534e-15,9.99200722162641e-16,1.33226762955019e-14,0,0,0,3.5527136788005e-15,8.88178419700125e-16,0,9.65894031423886e-15,0,2.48689957516035e-14,1,9.75554566158003e-16,3,billEUR,25.0927779124652,/Users/guichenxiang/Desktop/電力專案/StoreNet/results/bahloul_vpp_improvement_v2_frontier/storenet_monthly_2020/cases/2020-08-16/ANCHOR_VPP_BM_PEAK_LEX,6332301ef2ad961d37d5e633432b69a0d9c17511ea60236672895fea89c2a405,d2c905d78e9cbfb90d6b44988756dc6fda435277d4bfed0eb83bf2b0c04b2e8d
StoreNet,2020-08-16,ANCHOR_PS,anchor,PS,ok,,"",NaN,NaN,NaN,0.95,0.95,4.23887441666667,60,20,10,DC_SOURCE,0.07,1,10,3.3,60,46.25272847,19.7827524866074,40.1515288425,7.59339246080084,21.1024,19.8687105,19.8687105,14.278931,37.1026656784773,10.9697648593253,10.9697648593253,10.9697648593253,1.60999235932526,260.547979039084,68.1715978211805,0,1.99643372992015,NaN,NaN,NaN,1.33226762955019e-15,7.7715611723761e-16,6.66133814775094e-16,1.33226762955019e-15,0,0,0,9.99200722162641e-16,0,0,0,0,7.105427357601e-15,1,0,3,systemPeakKW,10.9697637623489,/Users/guichenxiang/Desktop/電力專案/StoreNet/results/bahloul_vpp_improvement_v2_frontier/storenet_monthly_2020/cases/2020-08-16/ANCHOR_PS,a609fd12b03c886c3af416d42b338daeb32f4e897d2483cb1a9a113472aeab5a,dc0c77d22c2f0580335c09af20fe5ea697e0b03de6b0d58c643e065466921481
StoreNet,2020-08-16,FRONTIER_R2.000,frontier,IMPROVED_PEAK_GUARD,ok,,"",2,39.737421,NaN,0.95,0.95,3.14816908333333,60,20,10,DC_SOURCE,0.07,1,10,3.3,60,46.25272847,45.7485401363544,40.1515288425,37.5047945990476,21.1024,19.8687105,19.8687105,14.278931,25.092780421743,39.737421,1.77462211592427e-15,39.737421,39.737421,275.744839799374,309.737271907859,0,34.6475930244104,NaN,7.105427357601e-15,7.105427357601e-15,5.77315972805081e-15,4.44089209850063e-16,2.05391259555654e-15,5.77315972805081e-15,0,0,0,1.11022302462516e-16,8.88178419700125e-16,4.44089209850063e-16,1.49880108324396e-15,0,2.1316282072803e-14,1,0,2,billEUR,25.0927779124652,,,
StoreNet,2020-08-16,FRONTIER_R1.500,frontier,IMPROVED_PEAK_GUARD,ok,,"",1.5,29.80306575,NaN,0.95,0.95,1.98829366666667,60,20,10,DC_SOURCE,0.07,1,10,3.3,60,46.25272847,45.7485401363544,40.1515288425,37.5047945990476,21.1024,19.8687105,19.8687105,14.278931,25.092780421743,29.80306575,2.22044604925031e-16,29.80306575,29.80306575,275.744839799374,309.737271907858,0,34.647593024411,NaN,7.105427357601e-15,7.105427357601e-15,2.48689957516035e-14,2.22044604925031e-16,4.44089209850063e-16,2.48689957516035e-14,0,0,0,1.11022302462516e-16,0,0,2.22044604925031e-14,0,1.4210854715202e-14,1,0,2,billEUR,25.0927779124652,,,
StoreNet,2020-08-16,FRONTIER_R1.250,frontier,IMPROVED_PEAK_GUARD,ok,,"",1.25,24.835888125,NaN,0.95,0.95,2.00064445833333,60,20,10,DC_SOURCE,0.07,1,10,3.3,60,46.25272847,44.7293605430247,40.1515288425,36.3307462290003,21.1024,19.8687105,19.8687105,14.278931,25.5641787916675,24.835888125,5.50831931916215,24.835888125,24.835888125,274.690350569162,297.268932318159,0,28.7241599815455,NaN,1.06581410364015e-14,1.06581410364015e-14,8.65973959207622e-15,1.99840144432528e-15,5.27355936696949e-15,8.65973959207622e-15,0,0,0,1.77635683940025e-15,8.88178419700125e-16,0,2.88657986402541e-15,0,2.48689957516035e-14,1,0,2,billEUR,25.5641762352498,,,
StoreNet,2020-08-16,FRONTIER_R1.000,frontier,IMPROVED_PEAK_GUARD,ok,,"",1,19.8687105,NaN,0.95,0.95,1.3151795,60,20,10,DC_SOURCE,0.07,1,10,3.3,60,46.25272847,36.349244386403,40.1515288425,26.677234935328,21.1024,19.8687105,19.8687105,14.278931,29.4402111630603,19.8687105,11.6351858298402,19.8687105,19.8687105,268.297770247733,216.852639726652,0,1.60152863667389,NaN,7.105427357601e-15,7.105427357601e-15,1.33226762955019e-15,1.33226762955019e-15,4.44089209850063e-16,8.88178419700125e-16,0,0,0,1.11022302462516e-16,8.88178419700125e-16,0,3.25260651745651e-18,0,0,1,1.20675562223195e-16,2,billEUR,29.4402082190395,,,
StoreNet,2020-08-16,FRONTIER_R0.900,frontier,IMPROVED_PEAK_GUARD,ok,,"",0.9,17.88183945,NaN,0.95,0.95,0.785760625,60,20,10,DC_SOURCE,0.07,1,10,3.3,60,46.25272847,32.7372181455248,40.1515288425,22.5163455803748,21.1024,19.8687105,19.8687105,14.278931,31.1108718525188,17.88183945,12.4775119125,17.88183945,17.88183945,266.360571835149,179.102003660132,0,1.60157169493416,NaN,7.105427357601e-15,7.105427357601e-15,8.88178419700125e-16,2.22044604925031e-16,4.44089209850063e-16,8.88178419700125e-16,0,0,0,1.11022302462516e-16,8.88178419700125e-16,0,0,0,3.5527136788005e-15,1,0,2,billEUR,31.110868741432,,,
StoreNet,2020-08-16,FRONTIER_R0.800,frontier,IMPROVED_PEAK_GUARD,ok,,"",0.8,15.8949684,NaN,0.95,0.95,0.755582375,60,20,10,DC_SOURCE,0.07,1,10,3.3,60,46.25272847,29.1251919046466,40.1515288425,18.3554562254216,21.1024,19.8687105,19.8687105,14.278931,32.7815325419774,15.8949684,13.0035845,15.8949684,15.8949684,264.423373422564,141.351367593609,0,1.60161475319557,NaN,1.06581410364015e-14,1.06581410364015e-14,3.10862446895044e-15,5.55111512312578e-16,6.66133814775094e-16,3.10862446895044e-15,0,0,0,1.77635683940025e-15,0,0,0,0,7.105427357601e-15,1,0,2,billEUR,32.7815292638245,,,
StoreNet,2020-08-16,FRONTIER_R0.700,frontier,IMPROVED_PEAK_GUARD,ok,,"",0.7,13.90809735,NaN,0.95,0.95,1.14877329166667,60,20,10,DC_SOURCE,0.07,1,10,3.3,60,46.25272847,25.4793469222047,40.1515288425,14.1556092238772,21.1024,19.8687105,19.8687105,14.278931,34.4678353221434,13.90809735,13.845168,13.90809735,13.622585285,262.566804343523,104.339024545247,0,1.53662031987633,NaN,8.88178419700125e-15,8.88178419700125e-15,8.88178419700125e-16,2.22044604925031e-16,4.44089209850063e-16,8.88178419700125e-16,0,0,0,6.66133814775094e-16,0,0,0,0,2.8421709430404e-14,1,0,2,billEUR,34.4678318753601,,,
StoreNet,2020-08-16,FRONTIER_R0.600,frontier,IMPROVED_PEAK_GUARD,ok,,"",0.6,11.9212263,NaN,0.95,0.95,0.65620825,60,20,10,DC_SOURCE,0.07,1,10,3.3,60,46.25272847,21.786067810605,40.1515288425,9.90112027072106,21.1024,19.8687105,19.8687105,14.278931,36.1760776812708,11.9212263,11.9212263,11.9212263,4.62407073500001,260.823325877685,70.3634415365386,0,1.53666434673072,NaN,8.88178419700125e-15,8.88178419700125e-15,2.22044604925031e-15,2.22044604925031e-16,1.4432899320127e-15,2.22044604925031e-15,0,0,0,1.77635683940025e-15,0,0,0,0,2.1316282072803e-14,1,4.64516304649366e-15,2,billEUR,36.1760740636634,,,
StoreNet,2020-08-16,FRONTIER_R0.500,frontier,IMPROVED_PEAK_GUARD,infeasible,StoreNet:OptimizationFailed,"Optimization failed during bill (exit flag -2).",0.5,9.93435525,NaN,0.95,0.95,0.168426541666667,60,20,10,DC_SOURCE,0.07,1,10,3.3,60,46.25272847,NaN,40.1515288425,NaN,21.1024,19.8687105,19.8687105,14.278931,NaN,NaN,NaN,NaN,NaN,NaN,NaN,NaN,NaN,NaN,NaN,NaN,NaN,NaN,NaN,NaN,NaN,NaN,NaN,NaN,NaN,NaN,NaN,NaN,NaN,NaN,NaN,NaN,,NaN,,,
StoreNet,2020-08-16,TARIFF_L0.050,tariff,VPP_BM_DEMAND_CHARGE,ok,,"",NaN,NaN,0.05,0.95,0.95,2.43147454166667,60,20,10,DC_SOURCE,0.07,1,10,3.3,60,46.25272847,45.7485401576922,40.1515288425,37.5047946236278,21.1024,19.8687105,19.8687105,14.278931,25.0927804118737,25.492168969092,7.21644966006352e-16,25.492168969092,25.492168969092,275.74483969092,309.73728080462,0,34.6475883751187,26.3673888603283,NaN,NaN,1.99840144432528e-14,3.33066907387547e-16,1.11022302462516e-16,1.99840144432528e-14,0,0,0,1.11022302462516e-16,8.88178419700125e-16,7.59392548843607e-14,3.21964677141295e-15,0,7.105427357601e-15,1,3.67042796483155e-16,2,billPlusDemandChargeEUR,26.3673862235897,,,
StoreNet,2020-08-16,TARIFF_L0.100,tariff,VPP_BM_DEMAND_CHARGE,ok,,"",NaN,NaN,0.1,0.95,0.95,1.40755729166667,60,20,10,DC_SOURCE,0.07,1,10,3.3,60,46.25272847,45.7485401769189,40.1515288425,37.504794645776,21.1024,19.8687105,19.8687105,14.278931,25.0927804029808,25.4921689593204,8.88178419700125e-16,25.4921689593204,25.4921689593229,275.7448395932,309.737288820487,0,34.6475841861755,27.6419972989129,NaN,NaN,4.51400028467219e-12,2.33146835171283e-15,5.6399329650958e-14,4.51400028467219e-12,0,0,0,1.11022302462516e-16,8.88178419700125e-16,1.23412391417332e-12,2.47196707547914e-12,0,0,1,0,2,billPlusDemandChargeEUR,27.6419945347141,,,
StoreNet,2020-08-16,TARIFF_L0.200,tariff,VPP_BM_DEMAND_CHARGE,ok,,"",NaN,NaN,0.2,0.95,0.95,1.3929255,60,20,10,DC_SOURCE,0.07,1,10,3.3,60,46.25272847,45.7485402101716,40.1515288425,37.5047946840816,21.1024,19.8687105,19.8687105,14.278931,25.0927803876006,25.4921689424182,1.02695629777827e-14,25.4921689424182,25.4921689424183,275.744839424182,309.737302685782,0,34.6475769404062,30.1912141760842,NaN,NaN,6.30606677987089e-14,6.11871664446539e-14,4.44089209850063e-16,6.30606677987089e-14,0,0,0,1.11022302462516e-16,8.88178419700125e-16,4.44089209850063e-16,4.5852210917019e-14,0,2.1316282072803e-14,1,0,2,billPlusDemandChargeEUR,30.1912111569631,,,
StoreNet,2020-08-16,TARIFF_L0.500,tariff,VPP_BM_DEMAND_CHARGE,ok,,"",NaN,NaN,0.5,0.95,0.95,1.79615633333333,60,20,10,DC_SOURCE,0.07,1,10,3.3,60,46.25272847,45.7485402816336,40.1515288425,37.5047947664026,21.1024,19.8687105,19.8687105,14.278931,25.0927803545474,25.4921689060964,4.44089209850063e-16,25.4921689060964,25.4921689060981,275.744839060963,309.737332481443,0,34.6475613697176,37.8388648075957,NaN,NaN,4.87831997020294e-12,2.22044604925031e-16,4.44089209850063e-16,4.87831997020294e-12,0,0,0,1.11022302462516e-16,8.88178419700125e-16,0,1.61054503067248e-12,0,0,1,0,2,billPlusDemandChargeEUR,37.8388610237098,,,
StoreNet,2020-08-16,TARIFF_L1.000,tariff,VPP_BM_DEMAND_CHARGE,ok,,"",NaN,NaN,1,0.95,0.95,3.55466383333333,60,20,10,DC_SOURCE,0.07,1,10,3.3,60,46.25272847,20.5488441543308,40.1515288425,8.47589509300035,21.1024,19.8687105,19.8687105,14.278931,36.7483273795739,11.2787548944875,11.2787548944875,11.2787548944875,3.91123161948754,260.362007066475,60.903041727226,0,1.72655078496582,48.0270822740615,NaN,NaN,1.24344978758018e-14,4.44089209850063e-16,1.11022302462516e-16,1.24344978758018e-14,0,0,0,1.11022302462516e-16,0,0,0,0,5.6843418860808e-14,1,0,2,billPlusDemandChargeEUR,48.0270774713537,,,
StoreNet,2020-09-01,ANCHOR_VPP_BM,anchor,VPP_BM,ok,,"",NaN,NaN,NaN,0.95,0.95,3.00388908333333,60,20,10,DC_SOURCE,0.07,0,10,3.3,60,46.28547322,38.2368405114519,43.60958281525,34.4470439765339,20.269925,20.261546,20.261546,15.802229,28.5873706448978,77.1378942105263,5.26079468259876,77.1378942105263,77.1378942105263,308.192404314178,320.241446740125,0,45.6732716299378,NaN,NaN,NaN,8.14903700074865e-14,1.11022302462516e-15,0,8.14903700074865e-14,0,0,0,1.26121335597418e-13,0,4.44089209850063e-16,2.66453525910038e-15,0,2.1316282072803e-14,1,1.73985908304873e-15,2,billEUR,28.587367786161,/Users/guichenxiang/Desktop/電力專案/StoreNet/results/bahloul_vpp_improvement_v2_frontier/storenet_monthly_2020/cases/2020-09-01/ANCHOR_VPP_BM,157ca4da9d6bb23c7edbd1b8054746670f630f0ee6e8ebfc0ef7a7abcb406bd9,a8acba7275a3bf865e446ad17245f3c39e1d33a19afb58a4b2c45af303459160
StoreNet,2020-09-01,ANCHOR_VPP_BM_PEAK_LEX,anchor,VPP_BM_PEAK_LEX,ok,,"",NaN,NaN,NaN,0.95,0.95,4.6159455,60,20,10,DC_SOURCE,0.07,0,10,3.3,60,46.28547322,38.236840511452,43.60958281525,34.4470439765341,20.269925,20.261546,20.261546,15.802229,28.5873706448978,27.6506505483054,5.26080038113337,27.6506505483054,27.6506505483054,308.192397864187,320.241873460506,0,45.6730357646047,NaN,NaN,NaN,3.82360809680904e-13,2.22044604925031e-16,0,3.82360809680904e-13,0,0,0,1.77635683940025e-15,8.88178419700125e-16,4.44089209850063e-16,1.0547118733939e-15,0,2.8421709430404e-14,1,1.73985908304873e-15,3,billEUR,28.587367786161,/Users/guichenxiang/Desktop/電力專案/StoreNet/results/bahloul_vpp_improvement_v2_frontier/storenet_monthly_2020/cases/2020-09-01/ANCHOR_VPP_BM_PEAK_LEX,bc5ef00afc61317b191e33e2db15097e2b0d9657a8c3de16b9ea334472e1bd05,beedaa88ac387e73d8aaae5b833e4fb3b66a3a01f485ec0dfde7891fd80ccc8b
StoreNet,2020-09-01,ANCHOR_PS,anchor,PS,ok,,"",NaN,NaN,NaN,0.95,0.95,4.42949770833333,60,20,10,DC_SOURCE,0.07,0,10,3.3,60,46.28547322,9.96940811903677,43.60958281525,4.44511778200589,20.269925,20.261546,20.261546,15.802229,41.6710854948707,12.2501663283757,12.2501663283757,12.2501663283757,0.87808682837569,292.380660481548,93.0892355305432,0,0.00096928224065081,NaN,NaN,NaN,1.33226762955019e-15,3.46944695195361e-16,5.55111512312578e-17,1.33226762955019e-15,0,0,0,1.22124532708767e-15,0,0,0,0,7.105427357601e-15,1,0,3,systemPeakKW,12.2501651033592,/Users/guichenxiang/Desktop/電力專案/StoreNet/results/bahloul_vpp_improvement_v2_frontier/storenet_monthly_2020/cases/2020-09-01/ANCHOR_PS,074ce11619c80c1eafabd184bdee7a97cb71b0f20131e2049fcd368815805a16,6aa5da56217ce041bb17ecff28976617783afc0929665d03ca6eaec217f8e3f7
StoreNet,2020-09-01,FRONTIER_R2.000,frontier,IMPROVED_PEAK_GUARD,ok,,"",2,40.523092,NaN,0.95,0.95,2.691722625,60,20,10,DC_SOURCE,0.07,0,10,3.3,60,46.28547322,38.2368405114518,43.60958281525,34.4470439765339,20.269925,20.261546,20.261546,15.802229,28.5873706448978,40.523092,1.84471240231443,40.523092,40.523092,308.192404314178,320.241446740121,0,45.6732716299393,NaN,7.105427357601e-15,7.105427357601e-15,1.99840144432528e-15,2.22044604925031e-16,0,1.99840144432528e-15,0,0,0,0,0,8.88178419700125e-16,5.55111512312578e-16,0,1.77635683940025e-14,1,0,2,billEUR,28.587367786161,,,
StoreNet,2020-09-01,FRONTIER_R1.500,frontier,IMPROVED_PEAK_GUARD,ok,,"",1.5,30.392319,NaN,0.95,0.95,1.49096391666667,60,20,10,DC_SOURCE,0.07,0,10,3.3,60,46.28547322,38.2368245444989,43.60958281525,34.4470270298464,20.269925,20.261546,20.261546,15.802229,28.5873780352776,30.392319,5.2608327773395,30.392319,30.392319,308.192442408919,320.237637266049,0,45.675176366975,NaN,7.105427357601e-15,7.105427357601e-15,7.75768338456828e-14,7.75768338456828e-14,1.38777878078145e-17,5.01820807130571e-14,0,0,0,1.77635683940025e-15,8.88178419700125e-16,0,2.66453525910038e-15,0,8.17124146124115e-14,1,2.58518975521354e-07,2,billEUR,28.58737517654,,,
StoreNet,2020-09-01,FRONTIER_R1.250,frontier,IMPROVED_PEAK_GUARD,ok,,"",1.25,25.3269325,NaN,0.95,0.95,1.40988220833333,60,20,10,DC_SOURCE,0.07,0,10,3.3,60,46.28547322,34.6307293016335,43.60958281525,30.6196612533949,20.269925,20.261546,20.261546,15.802229,30.2564762832017,25.3269325,11.3868,25.3269325,25.3269325,304.458769248462,276.090694703753,0,24.7017482981234,NaN,3.19744231092045e-14,3.19744231092045e-14,2.72004641033163e-15,2.22044604925031e-16,0,2.72004641033163e-15,0,0,0,1.11022302462516e-15,8.88178419700125e-16,4.44089209850063e-16,3.44169137633799e-15,0,3.19744231092045e-14,1,0,2,billEUR,30.2564732575544,,,
StoreNet,2020-09-01,FRONTIER_R1.000,frontier,IMPROVED_PEAK_GUARD,ok,,"",1,20.261546,NaN,0.95,0.95,0.751213333333333,60,20,10,DC_SOURCE,0.07,0,10,3.3,60,46.28547322,25.9961258918744,43.60958281525,21.4552373105919,20.269925,20.261546,20.261546,15.802229,34.253043332079,20.261546,17.3219105,20.261546,20.261546,298.166083443706,194.853415879376,0,0.000882810311876125,NaN,7.105427357601e-15,7.105427357601e-15,1.33226762955019e-15,2.22044604925031e-16,0,1.33226762955019e-15,0,0,0,1.11022302462516e-16,8.88178419700125e-16,4.44089209850063e-16,0,0,1.4210854715202e-14,1,0,2,billEUR,34.253039906775,,,
StoreNet,2020-09-01,FRONTIER_R0.900,frontier,IMPROVED_PEAK_GUARD,ok,,"",0.9,18.2353914,NaN,0.95,0.95,1.107786625,60,20,10,DC_SOURCE,0.07,0,10,3.3,60,46.28547322,22.3152900977119,43.60958281525,17.5485448916416,20.269925,20.261546,20.261546,15.802229,35.9567355978582,18.2353914,17.771872175,18.2353914,18.2203549,296.190583586898,156.35639066019,0,0.000926719904991136,NaN,1.06581410364015e-14,1.06581410364015e-14,8.88178419700125e-16,2.22044604925031e-16,2.77555756156289e-17,8.88178419700125e-16,0,0,0,1.11022302462516e-16,8.88178419700125e-16,4.44089209850063e-16,0,0,2.1316282072803e-14,1,0,2,billEUR,35.956732002185,,,
StoreNet,2020-09-01,FRONTIER_R0.800,frontier,IMPROVED_PEAK_GUARD,ok,,"",0.8,16.2092368,NaN,0.95,0.95,0.986732083333333,60,20,10,DC_SOURCE,0.07,0,10,3.3,60,46.28547322,18.6344543035495,43.60958281525,13.6418524726913,20.269925,20.261546,20.261546,15.802229,37.6604278636375,16.2092368,16.2092368,16.2092368,14.8131748,294.21508373009,117.859365441,0,0.000970629500007564,NaN,7.105427357601e-15,7.105427357601e-15,7.99360577730113e-15,7.7715611723761e-16,3.33066907387547e-15,7.99360577730113e-15,0,0,0,2.22044604925031e-16,8.88178419700125e-16,4.44089209850063e-16,0,0,3.5527136788005e-14,1,0,2,billEUR,37.660424097595,,,
StoreNet,2020-09-01,FRONTIER_R0.700,frontier,IMPROVED_PEAK_GUARD,ok,,"",0.7,14.1830822,NaN,0.95,0.95,1.385275375,60,20,10,DC_SOURCE,0.07,0,10,3.3,60,46.28547322,14.6778800362596,43.60958281525,9.44250222741564,20.269925,20.261546,20.261546,15.802229,39.4917469865533,14.1830822,14.1830822,14.1830822,12.0843605399312,292.435584060069,83.1463272831236,0,0.00101782843817681,NaN,3.73034936274053e-14,3.73034936274053e-14,2.85327317328665e-14,2.22044604925031e-16,2.22044604925031e-16,2.85327317328665e-14,0,0,0,2.85327317328665e-14,0,0,0,0,2.8421709430404e-14,1,0,2,billEUR,39.491743037379,,,
StoreNet,2020-09-01,FRONTIER_R0.600,frontier,IMPROVED_PEAK_GUARD,infeasible,StoreNet:OptimizationFailed,"Optimization failed during bill (exit flag -2).",0.6,12.1569276,NaN,0.95,0.95,0.157559916666667,60,20,10,DC_SOURCE,0.07,0,10,3.3,60,46.28547322,NaN,43.60958281525,NaN,20.269925,20.261546,20.261546,15.802229,NaN,NaN,NaN,NaN,NaN,NaN,NaN,NaN,NaN,NaN,NaN,NaN,NaN,NaN,NaN,NaN,NaN,NaN,NaN,NaN,NaN,NaN,NaN,NaN,NaN,NaN,NaN,NaN,,NaN,,,
StoreNet,2020-09-01,FRONTIER_R0.500,frontier,IMPROVED_PEAK_GUARD,infeasible,StoreNet:OptimizationFailed,"Optimization failed during bill (exit flag -2).",0.5,10.130773,NaN,0.95,0.95,0.114539958333333,60,20,10,DC_SOURCE,0.07,0,10,3.3,60,46.28547322,NaN,43.60958281525,NaN,20.269925,20.261546,20.261546,15.802229,NaN,NaN,NaN,NaN,NaN,NaN,NaN,NaN,NaN,NaN,NaN,NaN,NaN,NaN,NaN,NaN,NaN,NaN,NaN,NaN,NaN,NaN,NaN,NaN,NaN,NaN,NaN,NaN,,NaN,,,
StoreNet,2020-09-01,TARIFF_L0.050,tariff,VPP_BM_DEMAND_CHARGE,ok,,"",NaN,NaN,0.05,0.95,0.95,2.904571375,60,20,10,DC_SOURCE,0.07,0,10,3.3,60,46.28547322,38.236840212755,43.60958281525,34.447043659509,20.269925,20.261546,20.261546,15.802229,28.5873707831511,27.6506517631579,5.26079539524446,27.6506517631579,27.6506517631579,308.192405026823,320.241375475554,0,45.6733072622232,29.969903371309,NaN,NaN,2.39808173319034e-14,2.22044604925031e-16,0,2.39808173319034e-14,0,0,0,1.11022302462516e-16,8.88178419700125e-16,4.44089209850063e-16,1.55431223447522e-15,0,1.77635683940025e-14,1,0,2,billPlusDemandChargeEUR,29.969900374319,,,
StoreNet,2020-09-01,TARIFF_L0.100,tariff,VPP_BM_DEMAND_CHARGE,ok,,"",NaN,NaN,0.1,0.95,0.95,2.610236875,60,20,10,DC_SOURCE,0.07,0,10,3.3,60,46.28547322,38.2368399140581,43.60958281525,34.4470433424841,20.269925,20.261546,20.261546,15.802229,28.5873709214044,27.6506517631579,3.66771731289,27.6506517631579,27.6506517631579,308.192405739469,320.241304210975,0,45.6733428945128,31.3524360977201,NaN,NaN,2.65565347490337e-13,2.22044604925031e-16,2.22044604925031e-16,2.65565347490337e-13,0,0,0,1.11022302462516e-16,8.88178419700125e-16,8.88178419700125e-16,2.72004641033163e-15,0,3.5527136788005e-15,1,0,2,billPlusDemandChargeEUR,31.3524329624768,,,
StoreNet,2020-09-01,TARIFF_L0.200,tariff,VPP_BM_DEMAND_CHARGE,ok,,"",NaN,NaN,0.2,0.95,0.95,1.75122158333333,60,20,10,DC_SOURCE,0.07,0,10,3.3,60,46.28547322,38.2368393166643,43.60958281525,34.447042708434,20.269925,20.261546,20.261546,15.802229,28.5873711979109,27.6506517631579,4.913175775,27.6506517631579,27.650651763158,308.192407164761,320.241161681838,0,45.6734141590812,34.1175015505425,NaN,NaN,4.61852778244065e-14,1.33226762955019e-15,0,4.61852778244065e-14,0,0,0,1.77635683940025e-15,8.88178419700125e-16,4.44089209850063e-16,8.74855743404623e-14,0,5.6843418860808e-14,1,0,2,billPlusDemandChargeEUR,34.1174981387926,,,
StoreNet,2020-09-01,TARIFF_L0.500,tariff,VPP_BM_DEMAND_CHARGE,ok,,"",NaN,NaN,0.5,0.95,0.95,2.25997129166667,60,20,10,DC_SOURCE,0.07,0,10,3.3,60,46.28547322,38.2368375244831,43.60958281525,34.4470408062844,20.269925,20.261546,20.261546,15.802229,28.5873720274305,27.6506517631579,5.2608018090552,27.6506517631579,27.6506517631579,308.192411440634,320.240734094449,0,45.6736279527756,42.4126979090094,NaN,NaN,2.66453525910038e-15,2.22044604925031e-16,4.9960036108132e-16,2.66453525910038e-15,0,0,0,1.11022302462516e-16,1.33226762955019e-15,1.77635683940025e-15,9.99200722162641e-16,0,5.6843418860808e-14,1,0,2,billPlusDemandChargeEUR,42.41269366774,,,
StoreNet,2020-09-01,TARIFF_L1.000,tariff,VPP_BM_DEMAND_CHARGE,ok,,"",NaN,NaN,1,0.95,0.95,3.66399070833333,60,20,10,DC_SOURCE,0.07,0,10,3.3,60,46.28547322,13.6371658294358,43.60958281525,8.33792964405286,20.269925,20.261546,20.261546,15.802229,39.9734464820495,13.6958679479965,13.6958679479965,13.6958679479965,7.39180994799645,292.073139462008,75.7246372083526,0,0,53.6693144300459,NaN,NaN,1.64313007644523e-14,2.22044604925031e-16,1.37667655053519e-14,1.64313007644523e-14,0,0,0,1.06581410364015e-14,0,0,0,0,2.1316282072803e-14,1,0,2,billPlusDemandChargeEUR,53.669309063115,,,
StoreNet,2020-09-02,ANCHOR_VPP_BM,anchor,VPP_BM,ok,,"",NaN,NaN,NaN,0.95,0.95,3.37509208333333,60,20,10,DC_SOURCE,0.07,1,10,3.3,60,46.795365465,38.4741600748869,43.380802602,33.6313762737064,19.56155,18.825119,18.825119,14.2093055,28.7912416483675,59.4894631578947,6.628318745,59.4894631578947,59.4894631578947,300.102789427424,320.558209915533,0,50.6655935422337,NaN,NaN,NaN,1.55431223447522e-15,2.27790876439204e-16,0,1.55431223447522e-15,0,0,0,4.44089209850063e-16,8.88178419700125e-16,4.44089209850063e-16,2.77555756156289e-16,0,0,1,0,2,billEUR,28.7912387692437,/Users/guichenxiang/Desktop/電力專案/StoreNet/results/bahloul_vpp_improvement_v2_frontier/storenet_monthly_2020/cases/2020-09-02/ANCHOR_VPP_BM,3940d2f21fc84624b5cdbcf03c5e4c651475972804289ffa7caf3d7cd2bb4fa2,34f4a341892d51fda55375c2a9664a9523f319053c76fae478989c1028bcae2d
StoreNet,2020-09-02,ANCHOR_VPP_BM_PEAK_LEX,anchor,VPP_BM_PEAK_LEX,ok,,"",NaN,NaN,NaN,0.95,0.95,2.99486925,60,20,10,DC_SOURCE,0.07,1,10,3.3,60,46.795365465,38.4741600748869,43.380802602,33.6313762737064,19.56155,18.825119,18.825119,14.2093055,28.7912416483676,26.4312498979825,9.906156,26.4312498979825,26.4312498979825,300.102782179328,320.55868943725,0,50.6653284915012,NaN,NaN,NaN,4.30350199920326e-14,2.27790876439204e-16,4.44089209850063e-16,4.30350199920326e-14,0,0,0,4.44089209850063e-16,8.88178419700125e-16,4.44089209850063e-16,1.11022302462516e-15,0,7.105427357601e-15,1,3.28053265619181e-14,3,billEUR,28.7912387692437,/Users/guichenxiang/Desktop/電力專案/StoreNet/results/bahloul_vpp_improvement_v2_frontier/storenet_monthly_2020/cases/2020-09-02/ANCHOR_VPP_BM_PEAK_LEX,fec17efad19d7c06e05657668b95f10f3d3637bd279a3874a6dfeb235111e23e,9ecc91708f4d1361d60ffdd09d42d786cc70bd0c52841c5841f1b4cbe980ceec
StoreNet,2020-09-02,ANCHOR_PS,anchor,PS,ok,,"",NaN,NaN,NaN,0.95,0.95,5.10029166666667,60,20,10,DC_SOURCE,0.07,1,10,3.3,60,46.795365465,14.2241623478697,43.380802602,7.47262774679757,19.56155,18.825119,18.825119,14.2093055,40.1391167099794,12.2977293399586,12.2977293399586,12.2977293399586,2.91439058495859,283.558188812561,67.5039996070253,0,2.1566574342513,NaN,NaN,NaN,1.4432899320127e-15,9.15933995315754e-16,4.44089209850063e-16,1.4432899320127e-15,0,0,0,1.11022302462516e-16,0,0,0,0,3.5527136788005e-15,1,1.39784421453927e-13,3,systemPeakKW,12.2977281101858,/Users/guichenxiang/Desktop/電力專案/StoreNet/results/bahloul_vpp_improvement_v2_frontier/storenet_monthly_2020/cases/2020-09-02/ANCHOR_PS,21115e6bf195bff9dd1dd6f43bcca37733ae923b10e15180205faa1e076640d3,6b7b72d1491cb60d1fb740ef36784906a9438bead9f258be2609a8a7088e7025
StoreNet,2020-09-02,FRONTIER_R2.000,frontier,IMPROVED_PEAK_GUARD,ok,,"",2,37.650238,NaN,0.95,0.95,1.056646875,60,20,10,DC_SOURCE,0.07,1,10,3.3,60,46.795365465,38.4741600748868,43.380802602,33.6313762737063,19.56155,18.825119,18.825119,14.2093055,28.7912416483676,37.650238,9.970046,37.650238,37.650238,300.102789427424,320.558209915517,0,50.6655935422416,NaN,7.105427357601e-15,7.105427357601e-15,1.33226762955019e-15,1.11022302462516e-16,2.22044604925031e-16,1.33226762955019e-15,0,0,0,4.44089209850063e-16,0,4.44089209850063e-16,8.88178419700125e-16,0,1.77635683940025e-14,1,1.24128448349685e-15,2,billEUR,28.7912387692437,,,
StoreNet,2020-09-02,FRONTIER_R1.500,frontier,IMPROVED_PEAK_GUARD,ok,,"",1.5,28.2376785,NaN,0.95,0.95,1.62102466666667,60,20,10,DC_SOURCE,0.07,1,10,3.3,60,46.795365465,38.4741600748866,43.380802602,33.6313762737061,19.56155,18.825119,18.825119,14.2093055,28.7912416483677,28.2376785,9.406566,28.2376785,28.2376785,300.102789427424,320.558209915523,0,50.6655935422374,NaN,1.06581410364015e-14,1.06581410364015e-14,7.93365373397137e-13,1.40588495706195e-15,2.94209101525666e-15,7.93365373397137e-13,0,0,0,1.77635683940025e-15,0,4.44089209850063e-16,1.84852133600089e-14,0,1.3855583347322e-13,1,1.41861083828208e-14,2,billEUR,28.7912387692437,,,
StoreNet,2020-09-02,FRONTIER_R1.250,frontier,IMPROVED_PEAK_GUARD,ok,,"",1.25,23.53139875,NaN,0.95,0.95,1.130475625,60,20,10,DC_SOURCE,0.07,1,10,3.3,60,46.795365465,34.0229997960896,43.380802602,28.8298590242305,19.56155,18.825119,18.825119,14.2093055,30.8741783682637,23.53139875,10.94764,23.53139875,23.53139875,295.443452475586,265.460904797652,0,24.4944782949239,NaN,7.105427357601e-15,7.105427357601e-15,2.53963516883005e-15,1.11022302462516e-16,2.22044604925031e-16,2.53963516883005e-15,0,0,0,2.22044604925031e-16,8.88178419700125e-16,0,1.88737914186277e-15,0,2.48689957516035e-14,1,0,2,billEUR,30.8741752808461,,,
StoreNet,2020-09-02,FRONTIER_R1.000,frontier,IMPROVED_PEAK_GUARD,ok,,"",1,18.825119,NaN,0.95,0.95,0.708966416666667,60,20,10,DC_SOURCE,0.07,1,10,3.3,60,46.795365465,26.1457476322756,43.380802602,20.3325774675116,19.56155,18.825119,18.825119,14.2093055,34.56036730692,18.825119,18.339489,18.825119,18.825119,289.457477198041,182.681154695859,0,2.16102615207068,NaN,3.5527136788005e-15,3.5527136788005e-15,8.88178419700125e-16,1.11022302462516e-16,2.22044604925031e-16,8.88178419700125e-16,0,0,0,2.22044604925031e-16,8.88178419700125e-16,0,5.55111512312578e-17,0,0,1,1.30688006440987e-14,2,billEUR,34.5603638508837,,,
StoreNet,2020-09-02,FRONTIER_R0.900,frontier,IMPROVED_PEAK_GUARD,ok,,"",0.9,16.9426071,NaN,0.95,0.95,0.764307916666667,60,20,10,DC_SOURCE,0.07,1,10,3.3,60,46.795365465,22.7631257130389,43.380802602,16.6837047070684,19.56155,18.825119,18.825119,14.2093055,36.143277596326,16.9426071,16.9426071,16.9426071,16.9426071,287.622028911474,146.913347002555,0,2.1610669487223,NaN,3.5527136788005e-15,3.5527136788005e-15,2.99760216648792e-15,1.66533453693773e-16,7.7715611723761e-16,2.99760216648792e-15,0,0,0,4.44089209850063e-16,8.88178419700125e-16,0,7.80625564189563e-17,0,0,1,4.6430160380039e-15,2,billEUR,36.1432739819987,,,
StoreNet,2020-09-02,FRONTIER_R0.800,frontier,IMPROVED_PEAK_GUARD,ok,,"",0.8,15.0600952,NaN,0.95,0.95,0.803757375,60,20,10,DC_SOURCE,0.07,1,10,3.3,60,46.795365465,19.3805037938022,43.380802602,13.0348319466252,19.56155,18.825119,18.825119,14.2093055,37.7261878857321,15.0600952,15.0600952,15.0600952,14.937074675,285.786580624908,111.145539309234,0,2.16110774538304,NaN,3.5527136788005e-15,3.5527136788005e-15,2.29816166097407e-14,7.71605002114484e-15,2.66453525910038e-15,2.29816166097407e-14,0,0,0,2.29816166097407e-14,8.88178419700125e-16,0,0,0,0,1,0,2,billEUR,37.7261841131137,,,
StoreNet,2020-09-02,FRONTIER_R0.700,frontier,IMPROVED_PEAK_GUARD,ok,,"",0.7,13.1775833,NaN,0.95,0.95,1.03061525,60,20,10,DC_SOURCE,0.07,1,10,3.3,60,46.795365465,15.9293203707611,43.380802602,9.31200111175924,19.56155,18.825119,18.825119,14.2093055,39.3411817814117,13.1775833,13.1775833,13.1775833,10.587139275,284.116511752122,78.3882706528044,0,2.1566368685978,NaN,8.88178419700125e-15,8.88178419700125e-15,5.32907051820075e-15,1.11022302462516e-16,2.33146835171283e-15,5.32907051820075e-15,0,0,0,1.99840144432528e-15,0,0,0,0,0,1,0,2,billEUR,39.3411778472939,,,
StoreNet,2020-09-02,FRONTIER_R0.600,frontier,IMPROVED_PEAK_GUARD,infeasible,StoreNet:OptimizationFailed,"Optimization failed during bill (exit flag -2).",0.6,11.2950714,NaN,0.95,0.95,0.106729541666667,60,20,10,DC_SOURCE,0.07,1,10,3.3,60,46.795365465,NaN,43.380802602,NaN,19.56155,18.825119,18.825119,14.2093055,NaN,NaN,NaN,NaN,NaN,NaN,NaN,NaN,NaN,NaN,NaN,NaN,NaN,NaN,NaN,NaN,NaN,NaN,NaN,NaN,NaN,NaN,NaN,NaN,NaN,NaN,NaN,NaN,,NaN,,,
StoreNet,2020-09-02,FRONTIER_R0.500,frontier,IMPROVED_PEAK_GUARD,infeasible,StoreNet:OptimizationFailed,"Optimization failed during bill (exit flag -2).",0.5,9.4125595,NaN,0.95,0.95,0.0917588333333333,60,20,10,DC_SOURCE,0.07,1,10,3.3,60,46.795365465,NaN,43.380802602,NaN,19.56155,18.825119,18.825119,14.2093055,NaN,NaN,NaN,NaN,NaN,NaN,NaN,NaN,NaN,NaN,NaN,NaN,NaN,NaN,NaN,NaN,NaN,NaN,NaN,NaN,NaN,NaN,NaN,NaN,NaN,NaN,NaN,NaN,,NaN,,,
StoreNet,2020-09-02,TARIFF_L0.050,tariff,VPP_BM_DEMAND_CHARGE,ok,,"",NaN,NaN,0.05,0.95,0.95,1.7286795,60,20,10,DC_SOURCE,0.07,1,10,3.3,60,46.795365465,38.4741597924737,43.380802602,33.6313759690641,19.56155,18.825119,18.825119,14.2093055,28.7912417805238,26.4312512631579,9.679246,26.4312512631579,26.431251263158,300.102790108641,320.558141793733,0,50.6656276031335,30.1128043436817,NaN,NaN,1.29674049276218e-13,1.11022302462516e-16,9.99200722162641e-16,1.29674049276218e-13,0,0,0,4.44089209850063e-16,1.33226762955019e-15,2.70006239588838e-13,1.16129328375791e-13,0,1.4210854715202e-14,1,0,2,billPlusDemandChargeEUR,30.1128013324016,,,
StoreNet,2020-09-02,TARIFF_L0.100,tariff,VPP_BM_DEMAND_CHARGE,ok,,"",NaN,NaN,0.1,0.95,0.95,2.74086854166667,60,20,10,DC_SOURCE,0.07,1,10,3.3,60,46.795365465,38.4741595100606,43.380802602,33.6313756644219,19.56155,18.825119,18.825119,14.2093055,28.7912419126801,26.431251263158,7.8739248582794,26.431251263158,26.431251263158,300.102790789859,320.55807367197,0,50.6656616640152,31.4343670389959,NaN,NaN,8.88178419700125e-15,2.27790876439204e-16,2.22044604925031e-16,8.88178419700125e-15,0,0,0,1.77635683940025e-15,8.88178419700125e-16,4.44089209850063e-16,1.97411531566161e-15,0,0,1,4.43316075381215e-15,2,billPlusDemandChargeEUR,31.4343638955595,,,
StoreNet,2020-09-02,TARIFF_L0.200,tariff,VPP_BM_DEMAND_CHARGE,ok,,"",NaN,NaN,0.2,0.95,0.95,1.18585970833333,60,20,10,DC_SOURCE,0.07,1,10,3.3,60,46.795365465,38.4741589452344,43.380802602,33.6313750551373,19.56155,18.825119,18.825119,14.2093055,28.7912421769926,26.4312512631579,10.310766,26.4312512631579,26.4312512631579,300.102792152295,320.5579374284,0,50.6657297857995,34.0774924296242,NaN,NaN,5.21804821573824e-13,5.11757303200966e-13,4.6074255521944e-15,5.21804821573824e-13,0,0,0,7.105427357601e-15,1.33226762955019e-15,4.44089209850063e-16,8.32667268468867e-16,0,7.105427357601e-15,1,0,2,billPlusDemandChargeEUR,34.0774890218753,,,
StoreNet,2020-09-02,TARIFF_L0.500,tariff,VPP_BM_DEMAND_CHARGE,ok,,"",NaN,NaN,0.5,0.95,0.95,1.420439625,60,20,10,DC_SOURCE,0.07,1,10,3.3,60,46.795365465,38.4741572507552,43.380802602,33.6313732272833,19.56155,18.825119,18.825119,14.2093055,28.7912429699303,26.4312512631579,7.17274286858331,26.4312512631579,26.4312512631579,300.102796239603,320.557528697719,0,50.6659341511392,42.0068686015093,NaN,NaN,1.20914389611926e-12,6.52478071572204e-13,8.88178419700125e-16,1.20914389611926e-12,0,0,0,4.44089209850063e-16,1.33226762955019e-15,4.44089209850063e-16,2.22044604925031e-15,0,2.1316282072803e-13,1,3.1918811691969e-15,2,billPlusDemandChargeEUR,42.0068644008226,,,
StoreNet,2020-09-02,TARIFF_L1.000,tariff,VPP_BM_DEMAND_CHARGE,ok,,"",NaN,NaN,1,0.95,0.95,2.74414066666667,60,20,10,DC_SOURCE,0.07,1,10,3.3,60,46.795365465,14.2241573113196,43.380802602,7.47262231381363,19.56155,18.825119,18.825119,14.2093055,40.1391190668515,12.2977281101864,12.2977281101859,12.2977281101864,2.91438935518638,283.55819443218,67.503351684024,0,2.15697438604696,52.4368471770379,NaN,NaN,1.99840144432528e-15,1.66533453693773e-16,2.22044604925031e-16,1.99840144432528e-15,0,0,0,2.22044604925031e-16,0,0,0,0,5.6843418860808e-13,1,0,2,billPlusDemandChargeEUR,52.4368419333531,,,
StoreNet,2020-09-15,ANCHOR_VPP_BM,anchor,VPP_BM,ok,,"",NaN,NaN,NaN,0.95,0.95,2.67346775,60,20,10,DC_SOURCE,0.07,0,10,3.3,60,41.799468915,44.7984064404443,37.91398297075,39.1412583628781,17.670705,17.280066,17.280066,17.172621,23.0739729405111,66.6778972853186,9.56179579958416e-15,66.6778972853186,66.6778972853186,253.560142203419,271.063235593006,0,28.2453286203306,NaN,NaN,NaN,3.04551705491911e-13,2.22044604925031e-16,1.11022302462516e-16,3.04551705491911e-13,0,0,0,1.11022302462516e-16,0,4.44089209850063e-16,8.88178419700125e-16,0,1.06581410364015e-14,1,0,2,billEUR,23.073970633114,/Users/guichenxiang/Desktop/電力專案/StoreNet/results/bahloul_vpp_improvement_v2_frontier/storenet_monthly_2020/cases/2020-09-15/ANCHOR_VPP_BM,6b2bfbd06ae608be53e7a98f482e0612f9f28cce8d294679aee6aa790549506d,464077e36a3a5c6e346cb74308cff992f655b3f3f8d073c0c3854bebaaafd19f
StoreNet,2020-09-15,ANCHOR_VPP_BM_PEAK_LEX,anchor,VPP_BM_PEAK_LEX,ok,,"",NaN,NaN,NaN,0.95,0.95,3.30387916666667,60,20,10,DC_SOURCE,0.07,0,10,3.3,60,41.799468915,44.7984064404442,37.91398297075,39.1412583628781,17.670705,17.280066,17.280066,17.172621,23.0739729405112,23.6319822355934,1.5876913203039e-05,23.6319822355934,23.6319822355934,253.560124232847,271.064424495526,0,28.2446714666046,NaN,NaN,NaN,1.99840144432528e-15,2.22044604925031e-16,5.55111512312578e-17,1.99840144432528e-15,0,0,0,1.77635683940025e-15,8.88178419700125e-16,0,5.55111512312578e-17,0,3.90798504668055e-14,1,0,3,billEUR,23.073970633114,/Users/guichenxiang/Desktop/電力專案/StoreNet/results/bahloul_vpp_improvement_v2_frontier/storenet_monthly_2020/cases/2020-09-15/ANCHOR_VPP_BM_PEAK_LEX,404d81aa2b2878df99f3bebce16fa4cff6d7c24a7672f5ce5329465847178fae,b23bc6ae6c0f40e987390d6ed325eaff7a7742d5d541171f391128a1669d4e9b
StoreNet,2020-09-15,ANCHOR_PS,anchor,PS,ok,,"",NaN,NaN,NaN,0.95,0.95,2.6171205,60,20,10,DC_SOURCE,0.07,0,10,3.3,60,41.799468915,17.1977521305701,37.91398297075,8.71204461476562,17.670705,17.280066,17.280066,17.172621,34.6108998591036,10.2044579936292,10.2044579936292,10.2044579936292,2.9980414936292,241.738355930627,98.5867920002763,0,2.77740836015877,NaN,NaN,NaN,3.10688974547446e-15,3.33066907387547e-16,1.22124532708767e-15,3.10688974547446e-15,0,0,0,1.4432899320127e-15,0,0,0,0,1.4210854715202e-14,1,0,3,systemPeakKW,10.2044569731835,/Users/guichenxiang/Desktop/電力專案/StoreNet/results/bahloul_vpp_improvement_v2_frontier/storenet_monthly_2020/cases/2020-09-15/ANCHOR_PS,b36a9592dbab68c9d0fdc88283a1809ef7bcffd44b3cd5216bf9b1e4d4e5e0d5,6473b78b58f390da8535695b47fdc841f5fce4fab49b8e94be750f49489f7cf2
StoreNet,2020-09-15,FRONTIER_R2.000,frontier,IMPROVED_PEAK_GUARD,ok,,"",2,34.560132,NaN,0.95,0.95,2.668407625,60,20,10,DC_SOURCE,0.07,0,10,3.3,60,41.799468915,44.7984064404442,37.91398297075,39.141258362878,17.670705,17.280066,17.280066,17.172621,23.0739729405112,34.560132,3.99680288865056e-14,34.560132,34.560132,253.560142203419,271.063235593004,0,28.2453286203325,NaN,7.105427357601e-15,7.105427357601e-15,6.3726801613484e-14,2.22044604925031e-16,6.04516436908398e-14,6.3726801613484e-14,0,0,0,1.11022302462516e-16,0,4.44089209850063e-16,9.76996261670138e-15,0,5.32907051820075e-14,1,0,2,billEUR,23.073970633114,,,
StoreNet,2020-09-15,FRONTIER_R1.500,frontier,IMPROVED_PEAK_GUARD,ok,,"",1.5,25.920099,NaN,0.95,0.95,1.331236375,60,20,10,DC_SOURCE,0.07,0,10,3.3,60,41.799468915,44.798406440444,37.91398297075,39.1412583628778,17.670705,17.280066,17.280066,17.172621,23.0739729405113,25.920099,4.44089209850063e-16,25.920099,25.920099,253.56014220342,271.063235592924,0,28.245328620374,NaN,7.105427357601e-15,7.105427357601e-15,1.33226762955019e-15,2.22044604925031e-16,2.22044604925031e-16,1.33226762955019e-15,0,0,0,1.11022302462516e-16,8.88178419700125e-16,4.44089209850063e-16,9.99200722162641e-16,0,2.1316282072803e-14,1,2.00161812454266e-15,2,billEUR,23.0739706331142,,,
StoreNet,2020-09-15,FRONTIER_R1.250,frontier,IMPROVED_PEAK_GUARD,ok,,"",1.25,21.6000825,NaN,0.95,0.95,2.360037875,60,20,10,DC_SOURCE,0.07,0,10,3.3,60,41.799468915,41.1698317954697,37.91398297075,35.1408215531822,17.670705,17.280066,17.280066,17.172621,24.5906978712948,21.6000825,7.36627445255071,21.6000825,21.6000825,250.590372702551,245.114256175195,0,9.58976894003399,NaN,7.105427357601e-15,7.105427357601e-15,1.99840144432528e-15,1.99840144432528e-15,2.22044604925031e-16,1.60982338570648e-15,0,0,0,8.88178419700125e-16,8.88178419700125e-16,0,2.66453525910038e-15,0,5.6843418860808e-14,1,0,2,billEUR,24.5906954122252,,,
StoreNet,2020-09-15,FRONTIER_R1.000,frontier,IMPROVED_PEAK_GUARD,ok,,"",1,17.280066,NaN,0.95,0.95,1.21724441666667,60,20,10,DC_SOURCE,0.07,0,10,3.3,60,41.799468915,32.5411346918857,37.91398297075,25.6278416946306,17.670705,17.280066,17.280066,17.172621,28.197447434877,17.280066,14.648053575,17.280066,17.280066,246.245695221015,176.300082078736,0,2.95669923826339,NaN,3.5527136788005e-15,3.5527136788005e-15,4.44089209850063e-15,1.11022302462516e-15,1.94289029309402e-15,4.44089209850063e-15,0,0,0,4.66293670342566e-15,0,0,2.692290834716e-15,0,3.5527136788005e-15,1,2.09575751887761e-15,2,billEUR,28.1974446151325,,,
StoreNet,2020-09-15,FRONTIER_R0.900,frontier,IMPROVED_PEAK_GUARD,ok,,"",0.9,15.5520594,NaN,0.95,0.95,0.913662625,60,20,10,DC_SOURCE,0.07,0,10,3.3,60,41.799468915,28.9914498605337,37.91398297075,21.71437945352,17.670705,17.280066,17.280066,17.172621,29.6811968425384,15.5520594,15.15840455,15.5520594,15.5520594,244.719420013084,146.545840486811,0,2.95673747922606,NaN,1.95399252334028e-14,1.95399252334028e-14,1.64313007644523e-14,1.0547118733939e-14,2.77555756156289e-16,1.64313007644523e-14,0,0,0,1.11022302462516e-16,8.88178419700125e-16,0,0,0,1.77635683940025e-14,1,0,2,billEUR,29.681193874419,,,
StoreNet,2020-09-15,FRONTIER_R0.800,frontier,IMPROVED_PEAK_GUARD,ok,,"",0.8,13.8240528,NaN,0.95,0.95,0.8662925,60,20,10,DC_SOURCE,0.07,0,10,3.3,60,41.799468915,25.4068148048354,37.91398297075,17.7623852328686,17.670705,17.280066,17.280066,17.172621,31.1795552583612,13.8240528,13.8240528,13.8240528,13.8240528,243.268448970934,118.270415071861,0,2.95677609670097,NaN,3.5527136788005e-15,3.5527136788005e-15,8.88178419700125e-16,2.22044604925031e-16,2.22044604925031e-16,8.88178419700125e-16,0,0,0,1.11022302462516e-16,8.88178419700125e-16,0,0,0,0,1,0,2,billEUR,31.179552140406,,,
StoreNet,2020-09-15,FRONTIER_R0.700,frontier,IMPROVED_PEAK_GUARD,ok,,"",0.7,12.0960462,NaN,0.95,0.95,0.995905375,60,20,10,DC_SOURCE,0.07,0,10,3.3,60,41.799468915,21.7334409099225,37.91398297075,13.712558074059,17.670705,17.280066,17.280066,17.172621,32.7150060376971,12.0960462,12.0960462,12.0960462,10.8415568982613,242.008675678851,92.9697042249163,0,2.91289861754186,NaN,7.105427357601e-15,7.105427357601e-15,5.55111512312578e-15,3.33066907387547e-15,3.99680288865056e-15,5.55111512312578e-15,0,0,0,1.33226762955019e-15,0,0,0,0,0,1,0,2,billEUR,32.7150027661968,,,
StoreNet,2020-09-15,FRONTIER_R0.600,frontier,IMPROVED_PEAK_GUARD,ok,,"",0.6,10.3680396,NaN,0.95,0.95,2.02139533333333,60,20,10,DC_SOURCE,0.07,0,10,3.3,60,41.799468915,17.6990555523694,37.91398297075,9.26472241737607,17.670705,17.280066,17.280066,17.172621,34.4013576911388,10.3680396,10.3680396,10.3680396,3.1616231,241.526741944014,94.7985959218659,0,2.77740348614382,NaN,3.5527136788005e-15,3.5527136788005e-15,8.65973959207622e-15,2.22044604925031e-16,4.44089209850063e-16,8.65973959207622e-15,0,0,0,8.88178419700125e-16,0,0,0,0,2.8421709430404e-14,1,0,2,billEUR,34.4013542510033,,,
StoreNet,2020-09-15,FRONTIER_R0.500,frontier,IMPROVED_PEAK_GUARD,infeasible,StoreNet:OptimizationFailed,"Optimization failed during bill (exit flag -2).",0.5,8.640033,NaN,0.95,0.95,0.105326916666667,60,20,10,DC_SOURCE,0.07,0,10,3.3,60,41.799468915,NaN,37.91398297075,NaN,17.670705,17.280066,17.280066,17.172621,NaN,NaN,NaN,NaN,NaN,NaN,NaN,NaN,NaN,NaN,NaN,NaN,NaN,NaN,NaN,NaN,NaN,NaN,NaN,NaN,NaN,NaN,NaN,NaN,NaN,NaN,NaN,NaN,,NaN,,,
StoreNet,2020-09-15,TARIFF_L0.050,tariff,VPP_BM_DEMAND_CHARGE,ok,,"",NaN,NaN,0.05,0.95,0.95,0.96570325,60,20,10,DC_SOURCE,0.07,0,10,3.3,60,41.799468915,44.7984064599928,37.91398297075,39.1412583844299,17.670705,17.280066,17.280066,17.172621,23.07397293234,23.6319856113626,1.02834407655905e-13,23.6319856113626,23.6319856113626,253.560142113626,271.063242958987,0,28.2453247709984,24.2555722129081,NaN,NaN,2.79665179903077e-12,2.22044604925031e-16,2.22044604925031e-16,2.79665179903077e-12,0,0,0,1.77635683940025e-15,8.88178419700125e-16,0,1.33226762955019e-15,0,3.5527136788005e-14,1,0,2,billPlusDemandChargeEUR,24.2555697873511,,,
StoreNet,2020-09-15,TARIFF_L0.100,tariff,VPP_BM_DEMAND_CHARGE,ok,,"",NaN,NaN,0.1,0.95,0.95,2.26846295833333,60,20,10,DC_SOURCE,0.07,0,10,3.3,60,41.799468915,44.7984064776058,37.91398297075,39.1412584038479,17.670705,17.280066,17.280066,17.172621,23.0739729249778,23.6319856032724,2.44249065417534e-15,23.6319856032724,23.6319856032724,253.560142032723,271.06324959561,0,28.245321302815,25.4371714853051,NaN,NaN,1.33226762955019e-14,2.22044604925031e-16,4.44089209850063e-16,1.33226762955019e-14,0,0,0,1.77635683940025e-15,8.88178419700125e-16,0,6.16173778666962e-15,0,5.6843418860808e-14,1,0,2,billPlusDemandChargeEUR,25.4371689415881,,,
StoreNet,2020-09-15,TARIFF_L0.200,tariff,VPP_BM_DEMAND_CHARGE,ok,,"",NaN,NaN,0.2,0.95,0.95,2.66556995833333,60,20,10,DC_SOURCE,0.07,0,10,3.3,60,41.799468915,44.7984065080716,37.91398297075,39.141258437436,17.670705,17.280066,17.280066,17.172621,23.0739729122433,23.6319855892784,6.39072128549856e-15,23.6319855892784,23.6319855892784,253.560141892783,271.063261075249,0,28.2453153037569,27.800370030099,NaN,NaN,5.18751708256104e-14,4.05231403988182e-15,4.43395320459672e-14,5.18751708256104e-14,0,0,0,1.11022302462516e-16,8.88178419700125e-16,4.44089209850063e-16,4.40758540776187e-14,0,3.90798504668055e-14,1,0,2,billPlusDemandChargeEUR,27.8003672500622,,,
StoreNet,2020-09-15,TARIFF_L0.500,tariff,VPP_BM_DEMAND_CHARGE,ok,,"",NaN,NaN,0.5,0.95,0.95,2.26643316666667,60,20,10,DC_SOURCE,0.07,0,10,3.3,60,41.799468915,44.7984065735405,37.91398297075,39.1412585096142,17.670705,17.280066,17.280066,17.172621,23.0739728848776,23.6319855592062,5.18474152499948e-14,23.6319855592062,23.6319855592062,253.560141592062,271.063285744195,0,28.2453024121969,34.8899656644807,NaN,NaN,4.13002965160558e-14,2.22044604925031e-16,2.22044604925031e-16,4.13002965160558e-14,0,0,0,6.66133814775094e-16,8.88178419700125e-16,4.44089209850063e-16,2.05391259555654e-15,0,1.13686837721616e-13,1,0,2,billPlusDemandChargeEUR,34.8899621754844,,,
StoreNet,2020-09-15,TARIFF_L1.000,tariff,VPP_BM_DEMAND_CHARGE,ok,,"",NaN,NaN,1,0.95,0.95,4.509803375,60,20,10,DC_SOURCE,0.07,0,10,3.3,60,41.799468915,19.4551311366767,37.91398297075,11.2007634515052,17.670705,17.280066,17.280066,17.172621,33.6673274231523,11.0371635727895,11.0371635727895,11.0371635727895,5.05970851884215,241.295646191368,79.0713158511431,0,2.91317818932843,44.7044909959418,NaN,NaN,3.73034936274053e-14,3.33066907387547e-16,2.22044604925031e-16,3.73034936274053e-14,0,0,0,1.11022302462516e-16,0,0,0,0,4.9737991503207e-14,1,0,2,billPlusDemandChargeEUR,44.7044865254931,,,
StoreNet,2020-09-16,ANCHOR_VPP_BM,anchor,VPP_BM,ok,,"",NaN,NaN,NaN,0.95,0.95,1.878697875,60,20,10,DC_SOURCE,0.07,0,10,3.3,60,37.569667215,47.2166679019222,32.1278510635,38.2762258980798,15.06539,15.0258605,14.949726,15.0258605,19.8305222142361,69.0526443541996,1.62109908830033e-15,69.0526443541996,69.0526443541996,217.917826530067,229.190961912388,0,10.2033197250578,NaN,NaN,NaN,2.77555756156289e-15,2.22044604925031e-16,4.71844785465692e-16,2.77555756156289e-15,0,0,0,0,0,0,1.25755815188872e-15,0,0,1,0,2,billEUR,19.8305202311841,/Users/guichenxiang/Desktop/電力專案/StoreNet/results/bahloul_vpp_improvement_v2_frontier/storenet_monthly_2020/cases/2020-09-16/ANCHOR_VPP_BM,759325634450def575b1feb7179fe079655b6a6663213f8a91f831f272558987,45ea2218e9a93f13fc18cc514c08504edfa439e4fad2f93261abf954f85b64a9
StoreNet,2020-09-16,ANCHOR_VPP_BM_PEAK_LEX,anchor,VPP_BM_PEAK_LEX,ok,,"",NaN,NaN,NaN,0.95,0.95,1.07982945833333,60,20,10,DC_SOURCE,0.07,0,10,3.3,60,37.569667215,47.2166679019222,32.1278510635,38.2762258980798,15.06539,15.0258605,14.949726,15.0258605,19.8305222142361,19.9659167596263,1.38065784239805e-05,19.9659167596263,19.9659167596263,217.917810902841,229.192077810689,0,10.2027189680101,NaN,NaN,NaN,4.88498130835069e-15,1.33226762955019e-15,0,4.88498130835069e-15,0,0,0,1.11022302462516e-16,8.88178419700125e-16,0,4.44089209850063e-15,0,1.06581410364015e-14,1,0,3,billEUR,19.8305202311841,/Users/guichenxiang/Desktop/電力專案/StoreNet/results/bahloul_vpp_improvement_v2_frontier/storenet_monthly_2020/cases/2020-09-16/ANCHOR_VPP_BM_PEAK_LEX,c47fcbb2ba6067586c75b56ede3de2ac544bebce61ddc5d4aa3598f405eaa5a9,415ae6bf8cb4f2eb41de95106a95d3427a17115d72f2d84f9d911a7fe98c72fb
StoreNet,2020-09-16,ANCHOR_PS,anchor,PS,ok,,"",NaN,NaN,NaN,0.95,0.95,4.252346375,60,20,10,DC_SOURCE,0.07,0,10,3.3,60,37.569667215,21.2648552311143,32.1278510635,7.9286946006642,15.06539,15.0258605,14.949726,15.0258605,29.5805318709188,8.97324795018815,8.97324795018814,8.97324795018815,3.77831942328093,209.185892876196,88.130961731775,0,1.90496564792155,NaN,NaN,NaN,9.99200722162641e-16,2.22044604925031e-16,4.44089209850063e-16,9.99200722162641e-16,0,0,0,1.11022302462516e-16,0,0,0,0,5.32907051820075e-15,1,0,3,systemPeakKW,8.97324705286344,/Users/guichenxiang/Desktop/電力專案/StoreNet/results/bahloul_vpp_improvement_v2_frontier/storenet_monthly_2020/cases/2020-09-16/ANCHOR_PS,48aad224147d6caa53360df12b362b760f877b5cbf2799cacdf43de055583d6c,06dcff7007e05b50e81e70fd28577d25b493570c6ef1731e8ace5155734fc1d6
StoreNet,2020-09-16,FRONTIER_R2.000,frontier,IMPROVED_PEAK_GUARD,ok,,"",2,30.051721,NaN,0.95,0.95,1.08685925,60,20,10,DC_SOURCE,0.07,0,10,3.3,60,37.569667215,47.2166679019222,32.1278510635,38.2762258980798,15.06539,15.0258605,14.949726,15.0258605,19.8305222142361,30.051721,3.60822483003176e-16,30.051721,30.051721,217.917826530067,229.190961912391,0,10.2033197250561,NaN,7.105427357601e-15,7.105427357601e-15,1.55431223447522e-15,2.22044604925031e-16,0,1.55431223447522e-15,0,0,0,1.11022302462516e-16,0,0,6.80011602582908e-16,0,0,1,3.19942853411785e-14,2,billEUR,19.8305202311841,,,
StoreNet,2020-09-16,FRONTIER_R1.500,frontier,IMPROVED_PEAK_GUARD,ok,,"",1.5,22.53879075,NaN,0.95,0.95,1.12294120833333,60,20,10,DC_SOURCE,0.07,0,10,3.3,60,37.569667215,47.2166679019222,32.1278510635,38.2762258980798,15.06539,15.0258605,14.949726,15.0258605,19.8305222142361,22.53879075,1.6826817716975e-16,22.53879075,22.53879075,217.917826530067,229.190961912386,0,10.2033197250588,NaN,7.105427357601e-15,7.105427357601e-15,1.55431223447522e-15,2.22044604925031e-16,2.22044604925031e-16,1.55431223447522e-15,0,0,0,1.11022302462516e-16,0,0,4.59701721133854e-16,0,0,1,0,2,billEUR,19.8305202311841,,,
StoreNet,2020-09-16,FRONTIER_R1.250,frontier,IMPROVED_PEAK_GUARD,ok,,"",1.25,18.782325625,NaN,0.95,0.95,0.676819666666667,60,20,10,DC_SOURCE,0.07,0,10,3.3,60,37.569667215,44.6945564594711,32.1278510635,35.326919161543,15.06539,15.0258605,14.949726,15.0258605,20.7780710899564,18.782325625,6.71203508325405,18.782325625,18.782325625,216.518068671167,216.501035614202,0,3.14431146460955,NaN,3.5527136788005e-15,3.5527136788005e-15,8.70414851306123e-14,8.70414851306123e-14,0,6.92779167366098e-14,0,0,0,6.66133814775094e-16,8.88178419700125e-16,0,3.88578058618805e-15,0,0,1,0,2,billEUR,20.7780690121495,,,
StoreNet,2020-09-16,FRONTIER_R1.000,frontier,IMPROVED_PEAK_GUARD,ok,,"",1,15.0258605,NaN,0.95,0.95,0.724274166666667,60,20,10,DC_SOURCE,0.07,0,10,3.3,60,37.569667215,36.2864835585192,32.1278510635,25.494686679393,15.06539,15.0258605,14.949726,15.0258605,23.9369560980387,15.0258605,13.341077525,15.0258605,15.0258605,212.856862121333,145.131992160094,0,3.14092537916336,NaN,3.5527136788005e-15,3.5527136788005e-15,9.88098491916389e-15,1.79890824458795e-15,0,9.88098491916389e-15,0,0,0,1.11022302462516e-16,8.88178419700125e-16,0,1.94289029309402e-16,0,0,1,2.01708529440041e-14,2,billEUR,23.9369537043433,,,
StoreNet,2020-09-16,FRONTIER_R0.900,frontier,IMPROVED_PEAK_GUARD,ok,,"",0.9,13.52327445,NaN,0.95,0.95,1.07839179166667,60,20,10,DC_SOURCE,0.07,0,10,3.3,60,37.569667215,32.847481514887,32.1278510635,21.473186390575,15.06539,15.0258605,14.949726,15.0258605,25.2289777213483,13.52327445,13.1332615,13.52327445,13.52327445,211.539119811074,119.520991651046,0,3.09758462868752,NaN,7.105427357601e-15,7.105427357601e-15,3.10862446895044e-15,9.99200722162641e-16,1.11022302462516e-15,3.10862446895044e-15,0,0,0,2.22044604925031e-16,0,0,0,0,3.5527136788005e-15,1,0,2,billEUR,25.2289751984508,,,
StoreNet,2020-09-16,FRONTIER_R0.800,frontier,IMPROVED_PEAK_GUARD,ok,,"",0.8,12.0206884,NaN,0.95,0.95,1.13531033333333,60,20,10,DC_SOURCE,0.07,0,10,3.3,60,37.569667215,29.2839161214339,32.1278510635,17.3060242088807,15.06539,15.0258605,14.949726,15.0258605,26.5677973806575,12.0206884,12.0206884,12.0206884,12.0206884,210.462604490503,98.1619052197309,0,3.02793100013446,NaN,3.5527136788005e-15,3.5527136788005e-15,1.02584607475364e-13,1.02584607475364e-13,2.1316282072803e-14,2.18713935851156e-14,0,0,0,1.11022302462516e-16,8.88178419700125e-16,0,0,0,1.77635683940025e-14,1,0,2,billEUR,26.5677947238781,,,
StoreNet,2020-09-16,FRONTIER_R0.700,frontier,IMPROVED_PEAK_GUARD,ok,,"",0.7,10.51810235,NaN,0.95,0.95,1.19174775,60,20,10,DC_SOURCE,0.07,0,10,3.3,60,37.569667215,25.6808617168834,32.1278510635,13.0926843664818,15.06539,15.0258605,14.949726,15.0258605,27.9214529300226,10.51810235,10.51810235,10.51810235,9.96185809625563,209.462562830013,78.673830513672,0,3.02796588816396,NaN,1.77635683940025e-15,1.77635683940025e-15,1.22124532708767e-15,3.33066907387547e-16,6.38378239159465e-16,1.22124532708767e-15,0,0,0,5.55111512312578e-16,8.88178419700125e-16,0,0,0,1.4210854715202e-14,1,0,2,billEUR,27.9214501378776,,,
StoreNet,2020-09-16,FRONTIER_R0.600,frontier,IMPROVED_PEAK_GUARD,ok,,"",0.6,9.0155163,NaN,0.95,0.95,1.574981125,60,20,10,DC_SOURCE,0.07,0,10,3.3,60,37.569667215,21.3983561510993,32.1278510635,8.08480790954434,15.06539,15.0258605,14.949726,15.0258605,29.5303760195515,9.0155163,9.0155163,9.0155163,3.76681425368421,209.174213437894,87.2411043210855,0,1.90496435524677,NaN,5.32907051820075e-15,5.32907051820075e-15,8.88178419700125e-16,4.9960036108132e-16,4.44089209850063e-16,8.88178419700125e-16,0,0,0,2.22044604925031e-16,0,0,0,0,1.06581410364015e-14,1,0,2,billEUR,29.5303730665142,,,
StoreNet,2020-09-16,FRONTIER_R0.500,frontier,IMPROVED_PEAK_GUARD,infeasible,StoreNet:OptimizationFailed,"Optimization failed during bill (exit flag -2).",0.5,7.51293025,NaN,0.95,0.95,0.109381458333333,60,20,10,DC_SOURCE,0.07,0,10,3.3,60,37.569667215,NaN,32.1278510635,NaN,15.06539,15.0258605,14.949726,15.0258605,NaN,NaN,NaN,NaN,NaN,NaN,NaN,NaN,NaN,NaN,NaN,NaN,NaN,NaN,NaN,NaN,NaN,NaN,NaN,NaN,NaN,NaN,NaN,NaN,NaN,NaN,NaN,NaN,,NaN,,,
StoreNet,2020-09-16,TARIFF_L0.050,tariff,VPP_BM_DEMAND_CHARGE,ok,,"",NaN,NaN,0.05,0.95,0.95,1.48580845833333,60,20,10,DC_SOURCE,0.07,0,10,3.3,60,37.569667215,47.2166679249563,32.1278510635,38.2762259250154,15.06539,15.0258605,14.949726,15.0258605,19.8305222055823,19.965919693497,8.32667268468867e-17,19.965919693497,19.965919693497,217.91782643497,229.190970314196,0,10.2033154338119,20.8288181902571,NaN,NaN,6.86950496486816e-15,2.22044604925031e-16,0,6.86950496486816e-15,0,0,0,1.11022302462516e-16,8.88178419700125e-16,0,4.21884749357559e-15,0,3.5527136788005e-15,1,0,2,billPlusDemandChargeEUR,20.8288161073755,,,
StoreNet,2020-09-16,TARIFF_L0.100,tariff,VPP_BM_DEMAND_CHARGE,ok,,"",NaN,NaN,0.1,0.95,0.95,1.2748435,60,20,10,DC_SOURCE,0.07,0,10,3.3,60,37.569667215,47.2166679457098,32.1278510635,38.2762259492841,15.06539,15.0258605,14.949726,15.0258605,19.8305221977853,19.9659196849289,1.94614289961148e-16,19.9659196849289,19.9659196849289,217.917826349289,229.190977884161,0,10.2033115674317,21.8271141662782,NaN,NaN,2.44249065417534e-14,1.99840144432528e-15,0,2.44249065417534e-14,0,0,0,1.11022302462516e-16,8.88178419700125e-16,0,3.05311331771918e-16,0,0,1,0,2,billPlusDemandChargeEUR,21.827111983567,,,
StoreNet,2020-09-16,TARIFF_L0.200,tariff,VPP_BM_DEMAND_CHARGE,ok,,"",NaN,NaN,0.2,0.95,0.95,0.885055625,60,20,10,DC_SOURCE,0.07,0,10,3.3,60,37.569667215,47.2166679816077,32.1278510635,38.2762259912624,15.06539,15.0258605,14.949726,15.0258605,19.8305221842985,19.9659196701083,1.22124532708767e-15,19.9659196701083,19.9659196701083,217.917826201083,229.19099097815,0,10.2033048796417,23.8237061183202,NaN,NaN,1.33226762955019e-14,2.22044604925031e-16,2.22044604925031e-16,1.33226762955019e-14,0,0,0,1.11022302462516e-16,8.88178419700125e-16,0,3.33066907387547e-16,0,0,1,0,2,billPlusDemandChargeEUR,23.8237037359498,,,
StoreNet,2020-09-16,TARIFF_L0.500,tariff,VPP_BM_DEMAND_CHARGE,ok,,"",NaN,NaN,0.5,0.95,0.95,1.42923383333333,60,20,10,DC_SOURCE,0.07,0,10,3.3,60,37.569667215,47.2166680587501,32.1278510635,38.2762260814712,15.06539,15.0258605,14.949726,15.0258605,19.8305221553164,19.9659196382598,2.77555756156289e-15,19.9659196382598,19.9659196382598,217.917825882598,229.191019116289,0,10.2032905080119,29.8134819744463,NaN,NaN,1.68753899743024e-14,2.22044604925031e-16,0,1.68753899743024e-14,0,0,0,1.11022302462516e-16,8.88178419700125e-16,0,3.33066907387547e-16,0,0,1,0,2,billPlusDemandChargeEUR,29.8134789930984,,,
StoreNet,2020-09-16,TARIFF_L1.000,tariff,VPP_BM_DEMAND_CHARGE,ok,,"",NaN,NaN,1,0.95,0.95,2.585594625,60,20,10,DC_SOURCE,0.07,0,10,3.3,60,37.569667215,24.7905796384925,32.1278510635,12.0516062891925,15.06539,15.0258605,14.949726,15.0258605,28.2559289441488,10.1531761312074,10.1531761312074,10.1531761312074,6.39817685620738,209.249066599519,74.5151108694482,0,3.0272462631579,38.4091050753562,NaN,NaN,1.33226762955019e-14,9.85322934354826e-16,6.66133814775094e-16,1.33226762955019e-14,0,0,0,6.88338275267597e-15,0,0,0,0,1.4210854715202e-14,1,9.39649434442013e-07,2,billPlusDemandChargeEUR,38.4091012344461,,,
StoreNet,2020-10-01,ANCHOR_VPP_BM,anchor,VPP_BM,ok,,"",NaN,NaN,NaN,0.95,0.95,2.10294733333333,60,20,10,DC_SOURCE,0.07,0,10,3.3,60,47.27723521,31.8213488449222,46.244208619,30.2983395495967,25.39131,25.3783045,25.3783045,16.63246,32.2329812695915,75.72607,12.5733649999997,75.72607,75.72607,323.719946276516,320.433873506284,0,30.8626472468579,NaN,NaN,NaN,3.14602145504308e-13,1.72084568816899e-15,2.77555756156289e-17,3.14602145504308e-13,0,0,0,3.99680288865056e-15,0,1.71418435002124e-13,9.99200722162641e-16,0,1.4210854715202e-14,1,1.54307775818208e-15,2,billEUR,32.2329780462937,/Users/guichenxiang/Desktop/電力專案/StoreNet/results/bahloul_vpp_improvement_v2_frontier/storenet_monthly_2020/cases/2020-10-01/ANCHOR_VPP_BM,9c4bda0879dd722dcfd72acc3fcff4fca4e3e8534cf95b8531bdf51b87f42a41,165b52a72707a279a48fe117b9295c26027b5709177e380ac6b76f768a8b8d05
StoreNet,2020-10-01,ANCHOR_VPP_BM_PEAK_LEX,anchor,VPP_BM_PEAK_LEX,ok,,"",NaN,NaN,NaN,0.95,0.95,1.48734608333333,60,20,10,DC_SOURCE,0.07,0,10,3.3,60,47.27723521,31.8213488449222,46.244208619,30.2983395495967,25.39131,25.3783045,25.3783045,16.63246,32.2329812695915,26.8698209626826,12.667962075,26.8698209626826,26.8698209626826,323.719936717292,320.434505928328,0,30.8622976820312,NaN,NaN,NaN,5.32907051820075e-15,5.55111512312578e-17,1.77635683940025e-15,5.32907051820075e-15,0,0,0,5.32907051820075e-15,8.88178419700125e-16,8.88178419700125e-16,3.38618022510673e-15,0,1.4210854715202e-14,1,1.54307775818208e-15,3,billEUR,32.2329780462937,/Users/guichenxiang/Desktop/電力專案/StoreNet/results/bahloul_vpp_improvement_v2_frontier/storenet_monthly_2020/cases/2020-10-01/ANCHOR_VPP_BM_PEAK_LEX,7d07d2f6bb4f9f3bd1e7de105733e78cb36cfac77d7bd5baf4039fef60f9a2b8,b56b66d330cab1505dd4ba1e82bea6724fe92c6a5821c9df23294814ffbc17f2
StoreNet,2020-10-01,ANCHOR_PS,anchor,PS,ok,,"",NaN,NaN,NaN,0.95,0.95,2.65223533333333,60,20,10,DC_SOURCE,0.07,0,10,3.3,60,47.27723521,6.29632964162186,46.244208619,4.20312951894245,25.39131,25.3783045,25.3783045,16.63246,44.3005046357335,12.958038929949,12.958038929949,12.958038929949,0.17567992994899,310.817245981267,116.985987091793,0,0.0302434482885148,NaN,NaN,NaN,8.88178419700125e-16,1.11022302462516e-16,4.44089209850063e-16,8.88178419700125e-16,0,0,0,2.22044604925031e-16,0,0,0,0,2.1316282072803e-14,1,0,3,systemPeakKW,12.9580376341452,/Users/guichenxiang/Desktop/電力專案/StoreNet/results/bahloul_vpp_improvement_v2_frontier/storenet_monthly_2020/cases/2020-10-01/ANCHOR_PS,b9100af07178cb528b9288daacf9527874d75fddd3753956365fde7b97a2135e,30bf81091cb3bad41f6c22909f160ecfa2ae4b8e0df5b097939697ced9cfd76f
StoreNet,2020-10-01,FRONTIER_R2.000,frontier,IMPROVED_PEAK_GUARD,ok,,"",2,50.756609,NaN,0.95,0.95,0.745117,60,20,10,DC_SOURCE,0.07,0,10,3.3,60,47.27723521,31.8213488449222,46.244208619,30.2983395495967,25.39131,25.3783045,25.3783045,16.63246,32.2329812695915,50.756609,13.969552075,50.756609,50.756609,323.719946276516,320.433873506281,0,30.8626472468596,NaN,7.105427357601e-15,7.105427357601e-15,2.61596300177303e-15,5.55111512312578e-17,8.88178419700125e-16,2.61596300177303e-15,0,0,0,1.11022302462516e-16,0,4.44089209850063e-16,2.88657986402541e-15,0,1.4210854715202e-14,1,0,2,billEUR,32.2329780462937,,,
StoreNet,2020-10-01,FRONTIER_R1.500,frontier,IMPROVED_PEAK_GUARD,ok,,"",1.5,38.06745675,NaN,0.95,0.95,1.40330920833333,60,20,10,DC_SOURCE,0.07,0,10,3.3,60,47.27723521,31.8213488449222,46.244208619,30.2983395495967,25.39131,25.3783045,25.3783045,16.63246,32.2329812695915,38.06745675,13.00221,38.06745675,38.06745675,323.719946276516,320.433873506278,0,30.8626472468609,NaN,7.105427357601e-15,7.105427357601e-15,1.50990331349021e-14,1.4432899320127e-15,4.44089209850063e-16,1.50990331349021e-14,0,0,0,2.22044604925031e-16,0,8.88178419700125e-16,5.60662627435704e-15,0,2.8421709430404e-14,1,0,2,billEUR,32.2329780462937,,,
StoreNet,2020-10-01,FRONTIER_R1.250,frontier,IMPROVED_PEAK_GUARD,ok,,"",1.25,31.722880625,NaN,0.95,0.95,1.539876875,60,20,10,DC_SOURCE,0.07,0,10,3.3,60,47.27723521,31.8213488449222,46.244208619,30.2983395495967,25.39131,25.3783045,25.3783045,16.63246,32.2329812695915,31.722880625,13.009822075,31.722880625,31.722880625,323.719946276516,320.433873506277,0,30.8626472468613,NaN,1.06581410364015e-14,1.06581410364015e-14,1.11022302462516e-15,5.55111512312578e-17,4.44089209850063e-16,1.11022302462516e-15,0,0,0,2.22044604925031e-16,0,8.88178419700125e-16,1.11022302462516e-15,0,2.8421709430404e-14,1,0,2,billEUR,32.2329780462937,,,
StoreNet,2020-10-01,FRONTIER_R1.000,frontier,IMPROVED_PEAK_GUARD,ok,,"",1,25.3783045,NaN,0.95,0.95,1.24310416666667,60,20,10,DC_SOURCE,0.07,0,10,3.3,60,47.27723521,29.5552613688285,46.244208619,27.981631061916,25.39131,25.3783045,25.3783045,16.63246,33.3043247757287,25.3783045,13.9703675158662,25.3783045,25.3783045,321.323449859426,292.094971282387,0,17.4017225338065,NaN,7.105427357601e-15,7.105427357601e-15,2.77555756156289e-15,1.16573417585641e-15,8.88178419700125e-16,2.77555756156289e-15,0,0,0,1.11022302462516e-16,8.88178419700125e-16,4.44089209850063e-16,1.60982338570648e-15,0,2.8421709430404e-14,1,0,2,billEUR,33.3043214452965,,,
StoreNet,2020-10-01,FRONTIER_R0.900,frontier,IMPROVED_PEAK_GUARD,ok,,"",0.9,22.84047405,NaN,0.95,0.95,0.60863075,60,20,10,DC_SOURCE,0.07,0,10,3.3,60,47.27723521,25.5171360985329,46.244208619,23.853300100863,25.39131,25.3783045,25.3783045,16.63246,35.2134387578408,22.84047405,16.6984501708793,22.84047405,22.8403664596897,317.69019531619,246.151545956044,0,0.0338127469781734,NaN,7.105427357601e-15,7.105427357601e-15,1.11022302462516e-15,8.32667268468867e-17,4.44089209850063e-16,1.11022302462516e-15,0,0,0,1.11022302462516e-16,8.88178419700125e-16,0,0,0,1.4210854715202e-14,1,0,2,billEUR,35.2134352364972,,,
StoreNet,2020-10-01,FRONTIER_R0.800,frontier,IMPROVED_PEAK_GUARD,ok,,"",0.8,20.3026436,NaN,0.95,0.95,0.657493916666667,60,20,10,DC_SOURCE,0.07,0,10,3.3,60,47.27723521,21.0034733646668,46.244208619,19.2388088791466,25.39131,25.3783045,25.3783045,16.63246,37.3473737051168,20.3026436,20.3026436,20.3026436,20.209616545,315.215811727406,197.932657409404,0,0.0338677452978827,NaN,7.105427357601e-15,7.105427357601e-15,8.88178419700125e-16,5.55111512312578e-17,4.44089209850063e-16,8.88178419700125e-16,0,0,0,1.11022302462516e-16,8.88178419700125e-16,0,0,0,2.1316282072803e-14,1,0,2,billEUR,37.3473699703797,,,
StoreNet,2020-10-01,FRONTIER_R0.700,frontier,IMPROVED_PEAK_GUARD,ok,,"",0.7,17.76481315,NaN,0.95,0.95,1.3124665,60,20,10,DC_SOURCE,0.07,0,10,3.3,60,47.27723521,16.4898106308009,46.244208619,14.6243176574303,25.39131,25.3783045,25.3783045,16.63246,39.4813086523927,17.76481315,17.76481315,17.76481315,17.1202664713166,312.741428138622,149.713768862768,0,0.0339227436162125,NaN,3.5527136788005e-15,3.5527136788005e-15,2.44304576568766e-13,2.44304576568766e-13,4.44089209850063e-16,1.36858840232845e-13,0,0,0,1.59872115546023e-14,8.88178419700125e-16,8.88178419700125e-16,0,0,0,1,0,2,billEUR,39.4813047042622,,,
StoreNet,2020-10-01,FRONTIER_R0.600,frontier,IMPROVED_PEAK_GUARD,ok,,"",0.6,15.2269827,NaN,0.95,0.95,1.70856341666667,60,20,10,DC_SOURCE,0.07,0,10,3.3,60,47.27723521,11.9032577980123,46.244208619,9.93530808078575,25.39131,25.3783045,25.3783045,16.63246,41.6497040231811,15.2269827,15.2269827,15.2269827,13.3595142,310.404424738562,104.217254988775,0,0.00706284061228401,NaN,5.32907051820075e-15,5.32907051820075e-15,2.66453525910038e-15,1.17961196366423e-16,2.77555756156289e-17,2.66453525910038e-15,0,0,0,2.22044604925031e-16,8.88178419700125e-16,4.44089209850063e-16,0,0,7.105427357601e-15,1,0,2,billEUR,41.6496998582111,,,
StoreNet,2020-10-01,FRONTIER_R0.500,frontier,IMPROVED_PEAK_GUARD,infeasible,StoreNet:OptimizationFailed,"Optimization failed during bill (exit flag -2).",0.5,12.68915225,NaN,0.95,0.95,0.107424,60,20,10,DC_SOURCE,0.07,0,10,3.3,60,47.27723521,NaN,46.244208619,NaN,25.39131,25.3783045,25.3783045,16.63246,NaN,NaN,NaN,NaN,NaN,NaN,NaN,NaN,NaN,NaN,NaN,NaN,NaN,NaN,NaN,NaN,NaN,NaN,NaN,NaN,NaN,NaN,NaN,NaN,NaN,NaN,NaN,NaN,,NaN,,,
StoreNet,2020-10-01,TARIFF_L0.050,tariff,VPP_BM_DEMAND_CHARGE,ok,,"",NaN,NaN,0.05,0.95,0.95,1.60335045833333,60,20,10,DC_SOURCE,0.07,0,10,3.3,60,47.27723521,31.8213485607493,46.244208619,30.2983392590758,25.39131,25.3783045,25.3783045,16.63246,32.2329814039406,26.8698227631579,12.6687841792754,26.8698227631579,26.8698227631581,323.719946969037,320.433804254157,0,30.8626818729217,33.5764725420985,NaN,NaN,3.81916720471054e-13,1.20129600711394e-15,4.44089209850063e-16,3.81916720471054e-13,0,0,0,3.5527136788005e-15,1.33226762955019e-15,8.88178419700125e-16,1.35669253609194e-13,0,2.8421709430404e-14,1,0,2,billPlusDemandChargeEUR,33.5764691844516,,,
StoreNet,2020-10-01,TARIFF_L0.100,tariff,VPP_BM_DEMAND_CHARGE,ok,,"",NaN,NaN,0.1,0.95,0.95,2.03672591666667,60,20,10,DC_SOURCE,0.07,0,10,3.3,60,47.27723521,31.8213482765766,46.244208619,30.2983389685552,25.39131,25.3783045,25.3783045,16.63246,32.2329815382896,26.8698227631579,12.6688170740319,26.8698227631579,26.8698227631581,323.719947661558,320.433735002039,0,30.8627164989812,34.9199638146054,NaN,NaN,5.62105917367717e-13,5.55111512312578e-17,4.44089209850063e-16,5.62105917367717e-13,0,0,0,1.11022302462516e-16,1.33226762955019e-15,8.88178419700125e-16,2.00950367457153e-13,0,0,1,0,2,billPlusDemandChargeEUR,34.9199603226095,,,
StoreNet,2020-10-01,TARIFF_L0.200,tariff,VPP_BM_DEMAND_CHARGE,ok,,"",NaN,NaN,0.2,0.95,0.95,1.869750125,60,20,10,DC_SOURCE,0.07,0,10,3.3,60,47.27723521,31.8213477082301,46.244208619,30.2983383875126,25.39131,25.3783045,25.3783045,16.63246,32.2329818069881,26.8698227631579,13.5538037400215,26.8698227631579,26.8698227631585,323.719949046602,320.433596497801,0,30.862785751098,37.6069463596197,NaN,NaN,9.08273456445841e-13,3.43475248243408e-16,4.44089209850063e-16,9.08273456445841e-13,0,0,0,5.32907051820075e-15,8.88178419700125e-16,8.88178419700125e-16,5.322409180053e-13,0,1.70530256582424e-13,1,0,2,billPlusDemandChargeEUR,37.6069425989253,,,
StoreNet,2020-10-01,TARIFF_L0.500,tariff,VPP_BM_DEMAND_CHARGE,ok,,"",NaN,NaN,0.5,0.95,0.95,1.621103375,60,20,10,DC_SOURCE,0.07,0,10,3.3,60,47.27723521,31.8213460031922,46.244208619,30.2983366443867,25.39131,25.3783045,25.3783045,16.63246,32.2329826130829,26.8698227631579,10.569702075,26.8698227631579,26.8698227631582,323.719953201729,320.433180985073,0,30.8629935074627,45.6678939946618,NaN,NaN,1.32738264824184e-12,5.55111512312578e-17,4.44089209850063e-16,1.32738264824184e-12,0,0,0,1.11022302462516e-16,1.33226762955019e-15,8.88178419700125e-16,2.4802382370126e-13,0,2.62900812231237e-13,1,0,2,billPlusDemandChargeEUR,45.6678894278726,,,
StoreNet,2020-10-01,TARIFF_L1.000,tariff,VPP_BM_DEMAND_CHARGE,ok,,"",NaN,NaN,1,0.95,0.95,2.87759191666667,60,20,10,DC_SOURCE,0.07,0,10,3.3,60,47.27723521,10.0657973837913,46.244208619,8.05680154372074,25.39131,25.3783045,25.3783045,16.63246,42.518404505103,14.3303917809803,14.3303917809803,14.3303917809803,8.80600753085541,309.64598644306,89.4281064313838,0,0.00745456975819902,56.8487962860833,NaN,NaN,3.24185123190546e-14,9.19403442267708e-17,4.44089209850063e-16,3.24185123190546e-14,0,0,0,4.44089209850063e-16,0,0,0,0,6.3948846218409e-14,1,0,2,billPlusDemandChargeEUR,56.8487906012041,,,
StoreNet,2020-10-02,ANCHOR_VPP_BM,anchor,VPP_BM,ok,,"",NaN,NaN,NaN,0.95,0.95,1.76070566666667,60,20,10,DC_SOURCE,0.07,1,10,3.3,60,51.23633312,35.3344061029845,47.9066062665,30.8398534457034,23.08254,23.006571,23.006571,13.955421,33.1322791031013,80.0874342105263,13.3916685534031,80.0874342105263,80.0874342105263,326.421877810072,322.55196515073,0,40.0432364246348,NaN,NaN,NaN,2.22044604925031e-15,2.22044604925031e-15,4.44089209850063e-16,1.66533453693773e-15,0,0,0,4.44089209850063e-16,0,4.44089209850063e-16,3.56659146660832e-15,0,0,1,0,2,billEUR,33.1322757898737,/Users/guichenxiang/Desktop/電力專案/StoreNet/results/bahloul_vpp_improvement_v2_frontier/storenet_monthly_2020/cases/2020-10-02/ANCHOR_VPP_BM,718a252d02a92a457413cb2c16f2467ed23acd9dd706c51ac73a8d865e19b899,0e4ae2bcb6d64d0e13564ee225d20421d32b67d2de9ab9067b6fea473a1fde45
StoreNet,2020-10-02,ANCHOR_VPP_BM_PEAK_LEX,anchor,VPP_BM_PEAK_LEX,ok,,"",NaN,NaN,NaN,0.95,0.95,2.642308,60,20,10,DC_SOURCE,0.07,1,10,3.3,60,51.23633312,35.3344061029844,47.9066062665,30.8398534457033,23.08254,23.006571,23.006571,13.955421,33.1322791031013,26.9012611137243,15.872963,26.9012611137243,26.9012611137243,326.421877810072,322.551965150718,0,40.043236424641,NaN,NaN,NaN,8.79851747015437e-14,1.99562588676372e-14,4.44089209850063e-16,8.79851747015437e-14,0,0,0,2.22044604925031e-16,8.88178419700125e-16,4.44089209850063e-16,4.02108901731424e-14,0,2.8421709430404e-14,1,1.40257281912809e-07,3,billEUR,33.1322757898737,/Users/guichenxiang/Desktop/電力專案/StoreNet/results/bahloul_vpp_improvement_v2_frontier/storenet_monthly_2020/cases/2020-10-02/ANCHOR_VPP_BM_PEAK_LEX,f8a158651b568c007a807242d2efb3659ba93d9e2e6049ebac7bff229ef04a21,d1ca4855091b02561c3afc7fdeee982b505a3a52b3ee952f8367a66de839b89e
StoreNet,2020-10-02,ANCHOR_PS,anchor,PS,ok,,"",NaN,NaN,NaN,0.95,0.95,2.1230585,60,20,10,DC_SOURCE,0.07,1,10,3.3,60,51.23633312,13.2429242910993,47.9066062665,7.21291325019894,23.08254,23.006571,23.006571,13.955421,44.451144315383,13.0498523682468,13.0498523682468,13.0498523682468,1.89784336824676,311.225569101429,92.3456627804446,0,0.268726340668021,NaN,NaN,NaN,1.11022302462516e-15,3.33066907387547e-16,2.22044604925031e-16,1.11022302462516e-15,0,0,0,2.22044604925031e-16,0,0,0,0,3.5527136788005e-15,1,9.16511876232912e-08,3,systemPeakKW,13.0498510632616,/Users/guichenxiang/Desktop/電力專案/StoreNet/results/bahloul_vpp_improvement_v2_frontier/storenet_monthly_2020/cases/2020-10-02/ANCHOR_PS,dfbdcbbd3b46d8979e13272627e2f59ee68fd819a5aeb7638c9a4a1726dd6038,d06c43642fdd3444d4ddc9cc592f5d1358a2ae96888c0fae9d8978d2b4e5c70b
StoreNet,2020-10-02,FRONTIER_R2.000,frontier,IMPROVED_PEAK_GUARD,ok,,"",2,46.013142,NaN,0.95,0.95,1.68701191666667,60,20,10,DC_SOURCE,0.07,1,10,3.3,60,51.23633312,35.3344008134173,47.9066062665,30.8398477884872,23.08254,23.006571,23.006571,13.955421,33.1322818132815,46.013142,15.992513,46.013142,46.013142,326.421891780073,322.550568150594,0,40.0439349247029,NaN,0,0,3.10862446895044e-15,5.55111512312578e-16,4.44089209850063e-16,3.10862446895044e-15,0,0,0,2.22044604925031e-16,0,0,8.23646706393788e-15,0,0,1,8.17987803108042e-08,2,billEUR,33.1322785000537,,,
StoreNet,2020-10-02,FRONTIER_R1.500,frontier,IMPROVED_PEAK_GUARD,ok,,"",1.5,34.5098565,NaN,0.95,0.95,1.70388104166667,60,20,10,DC_SOURCE,0.07,1,10,3.3,60,51.23633312,35.3344061029845,47.9066062665,30.8398534457033,23.08254,23.006571,23.006571,13.955421,33.1322791031013,34.5098565,15.3746495534045,34.5098565,34.5098565,326.421877810072,322.551965150727,0,40.0432364246363,NaN,1.4210854715202e-14,1.4210854715202e-14,6.21724893790088e-15,9.99200722162641e-16,4.44089209850063e-16,6.21724893790088e-15,0,0,0,2.22044604925031e-16,0,8.88178419700125e-16,2.22044604925031e-15,0,7.105427357601e-15,1,0,2,billEUR,33.1322757898737,,,
StoreNet,2020-10-02,FRONTIER_R1.250,frontier,IMPROVED_PEAK_GUARD,ok,,"",1.25,28.75821375,NaN,0.95,0.95,1.20382720833333,60,20,10,DC_SOURCE,0.07,1,10,3.3,60,51.23633312,35.3344061029845,47.9066062665,30.8398534457033,23.08254,23.006571,23.006571,13.955421,33.1322791031013,28.75821375,16.1501675,28.75821375,28.75821375,326.421877810072,322.55196515073,0,40.0432364246348,NaN,7.105427357601e-15,7.105427357601e-15,1.55431223447522e-15,5.55111512312578e-16,4.44089209850063e-16,1.55431223447522e-15,0,0,0,2.22044604925031e-16,8.88178419700125e-16,4.44089209850063e-16,8.88178419700125e-16,0,7.105427357601e-15,1,0,2,billEUR,33.1322757898737,,,
StoreNet,2020-10-02,FRONTIER_R1.000,frontier,IMPROVED_PEAK_GUARD,ok,,"",1,23.006571,NaN,0.95,0.95,0.894607166666667,60,20,10,DC_SOURCE,0.07,1,10,3.3,60,51.23633312,29.8743733499227,47.9066062665,25.0003236024548,23.08254,23.006571,23.006571,13.955421,35.9297996729211,23.006571,16.104926,23.006571,23.006571,320.164102855263,248.551346948658,0,4.89444545067101,NaN,3.5527136788005e-15,3.5527136788005e-15,1.55431223447522e-15,5.55111512312578e-16,0,1.55431223447522e-15,0,0,0,3.10862446895044e-15,8.88178419700125e-16,4.44089209850063e-16,0,3.13762088235478e-14,0,1,7.54298742084147e-08,2,billEUR,35.9297960799415,,,
StoreNet,2020-10-02,FRONTIER_R0.900,frontier,IMPROVED_PEAK_GUARD,ok,,"",0.9,20.7059139,NaN,0.95,0.95,0.503844791666667,60,20,10,DC_SOURCE,0.07,1,10,3.3,60,51.23633312,26.1417201220624,47.9066062665,21.0082340117165,23.08254,23.006571,23.006571,13.955421,37.8422743149621,20.7059139,18.8645170254393,20.7059139,19.1362394,317.807390633825,213.997716467496,0,0.000975316251911322,NaN,3.5527136788005e-15,3.5527136788005e-15,3.10862446895044e-15,2.22044604925031e-16,8.88178419700125e-16,3.10862446895044e-15,0,0,0,5.55111512312578e-16,8.88178419700125e-16,0,0,0,7.105427357601e-15,1,1.63360166531061e-14,2,billEUR,37.842270530735,,,
StoreNet,2020-10-02,FRONTIER_R0.800,frontier,IMPROVED_PEAK_GUARD,ok,,"",0.8,18.4052568,NaN,0.95,0.95,1.10290229166667,60,20,10,DC_SOURCE,0.07,1,10,3.3,60,51.23633312,22.3660640628066,47.9066062665,16.9701526973686,23.08254,23.006571,23.006571,13.955421,39.7767820309478,18.4052568,18.4052568,18.4052568,17.2916423,315.564250958494,170.285131850607,0,0.00102517469649211,NaN,3.19744231092045e-14,3.19744231092045e-14,7.38590475329578e-14,8.60422844084496e-15,4.44089209850063e-16,7.38590475329578e-14,0,0,0,4.15223411209809e-14,8.88178419700125e-16,0,0,0,7.105427357601e-15,1,0,2,billEUR,39.77677805327,,,
StoreNet,2020-10-02,FRONTIER_R0.700,frontier,IMPROVED_PEAK_GUARD,ok,,"",0.7,16.1045997,NaN,0.95,0.95,1.09172783333333,60,20,10,DC_SOURCE,0.07,1,10,3.3,60,51.23633312,18.5904080035507,47.9066062665,12.9320713830206,23.08254,23.006571,23.006571,13.955421,41.7112897469336,16.1045997,16.1045997,16.1045997,14.5349252,313.321111283163,126.572547233712,0,0.00107503314381964,NaN,7.105427357601e-15,7.105427357601e-15,8.88178419700125e-16,2.22044604925031e-16,4.44089209850063e-16,8.88178419700125e-16,0,0,0,1.11022302462516e-16,8.88178419700125e-16,0,0,0,3.5527136788005e-14,1,0,2,billEUR,41.711285575805,,,
StoreNet,2020-10-02,FRONTIER_R0.600,frontier,IMPROVED_PEAK_GUARD,ok,,"",0.6,13.8039426,NaN,0.95,0.95,1.64601920833333,60,20,10,DC_SOURCE,0.07,1,10,3.3,60,51.23633312,14.8050928167081,47.9066062665,8.88365958782138,23.08254,23.006571,23.006571,13.955421,43.6507464457062,13.8039426,13.8039426,13.8039426,6.5395281,311.103481828383,83.3420014817391,0,0.00112501913047073,NaN,3.5527136788005e-15,3.5527136788005e-15,8.88178419700125e-16,2.22044604925031e-16,4.44089209850063e-16,8.88178419700125e-16,0,0,0,1.11022302462516e-16,8.88178419700125e-16,0,0,0,2.1316282072803e-14,1,6.8205008099383e-16,2,billEUR,43.650742080632,,,
StoreNet,2020-10-02,FRONTIER_R0.500,frontier,IMPROVED_PEAK_GUARD,infeasible,StoreNet:OptimizationFailed,"Optimization failed during bill (exit flag -2).",0.5,11.5032855,NaN,0.95,0.95,0.152594791666667,60,20,10,DC_SOURCE,0.07,1,10,3.3,60,51.23633312,NaN,47.9066062665,NaN,23.08254,23.006571,23.006571,13.955421,NaN,NaN,NaN,NaN,NaN,NaN,NaN,NaN,NaN,NaN,NaN,NaN,NaN,NaN,NaN,NaN,NaN,NaN,NaN,NaN,NaN,NaN,NaN,NaN,NaN,NaN,NaN,NaN,,NaN,,,
StoreNet,2020-10-02,TARIFF_L0.050,tariff,VPP_BM_DEMAND_CHARGE,ok,,"",NaN,NaN,0.05,0.95,0.95,1.94623879166667,60,20,10,DC_SOURCE,0.07,1,10,3.3,60,51.23633312,35.3344058404629,47.9066062665,30.8398531649353,23.08254,23.006571,23.006571,13.955421,33.1322792376077,26.9012592631579,12.0379241,26.9012592631579,26.9012592631579,326.421878503404,322.551895817579,0,40.0432710912096,34.4773422007656,NaN,NaN,7.42655936747383e-13,2.1094237467878e-15,1.41553435639707e-15,7.42655936747383e-13,0,0,0,3.5527136788005e-15,8.88178419700125e-16,4.44089209850063e-16,2.83106871279415e-15,0,1.20792265079217e-13,1,0,2,billPlusDemandChargeEUR,34.4773387530316,,,
StoreNet,2020-10-02,TARIFF_L0.100,tariff,VPP_BM_DEMAND_CHARGE,ok,,"",NaN,NaN,0.1,0.95,0.95,2.341327875,60,20,10,DC_SOURCE,0.07,1,10,3.3,60,51.23633312,35.3344055779418,47.9066062665,30.8398528841678,23.08254,23.006571,23.006571,13.955421,33.1322793721139,26.9012592631579,15.5169205,26.9012592631579,26.9012592631585,326.421879196735,322.551826484442,0,40.0433057577791,35.8224052984297,NaN,NaN,7.82707232360735e-15,2.63677968348475e-15,4.44089209850063e-16,7.82707232360735e-15,0,0,0,1.11022302462516e-16,8.88178419700125e-16,1.97841742988203e-12,5.53578016759815e-13,0,2.1316282072803e-14,1,0,2,billPlusDemandChargeEUR,35.8224017161895,,,
StoreNet,2020-10-02,TARIFF_L0.200,tariff,VPP_BM_DEMAND_CHARGE,ok,,"",NaN,NaN,0.2,0.95,0.95,1.91103316666667,60,20,10,DC_SOURCE,0.07,1,10,3.3,60,51.23633312,35.3344050528992,47.9066062665,30.8398523226323,23.08254,23.006571,23.006571,13.955421,33.1322796411265,26.9012592631579,15.992513,26.9012592631579,26.9012592631594,326.421880583397,322.551687818156,0,40.0433750909219,38.5125314937581,NaN,NaN,6.93889390390723e-14,6.93889390390723e-14,4.44089209850063e-16,6.57252030578093e-14,0,0,0,6.57252030578093e-14,8.88178419700125e-16,4.66160443579611e-12,1.45374684512589e-12,0,3.5527136788005e-14,1,0,2,billPlusDemandChargeEUR,38.5125276425053,,,
StoreNet,2020-10-02,TARIFF_L0.500,tariff,VPP_BM_DEMAND_CHARGE,ok,,"",NaN,NaN,0.5,0.95,0.95,1.946203625,60,20,10,DC_SOURCE,0.07,1,10,3.3,60,51.23633312,35.3343981882041,47.9066062665,30.8398449808097,23.08254,23.006571,23.006571,13.955421,33.1322831583445,26.9012592631579,13.5188875,26.9012592631579,26.9012592631579,326.421898713387,322.549874819164,0,40.0442815904182,46.5829127899235,NaN,NaN,1.66533453693773e-14,5.55111512312578e-16,4.44089209850063e-16,1.66533453693773e-14,0,0,0,2.66453525910038e-15,8.88178419700125e-16,9.32587340685131e-15,5.13478148889135e-15,0,2.8421709430404e-14,1,5.81797058355443e-08,2,billPlusDemandChargeEUR,46.5829081316326,,,
StoreNet,2020-10-02,TARIFF_L1.000,tariff,VPP_BM_DEMAND_CHARGE,ok,,"",NaN,NaN,1,0.95,0.95,2.65524729166667,60,20,10,DC_SOURCE,0.07,1,10,3.3,60,51.23633312,14.5820081393714,47.9066062665,8.64506951157159,23.08254,23.006571,23.006571,13.955421,43.7650468541262,13.6738619605237,13.6738619605237,13.6738619605237,6.40944746052371,311.002024868379,81.3641818828812,0,0.0014219585395567,57.4389088146499,NaN,NaN,1.37667655053519e-14,3.33066907387547e-16,2.77555756156289e-17,1.37667655053519e-14,0,0,0,2.22044604925031e-16,0,0,0,0,2.8421709430404e-14,1,0,2,billPlusDemandChargeEUR,57.4389030707595,,,
StoreNet,2020-10-15,ANCHOR_VPP_BM,anchor,VPP_BM,ok,,"",NaN,NaN,NaN,0.95,0.95,1.49128945833333,60,20,10,DC_SOURCE,0.07,0,10,3.3,60,35.323193125,56.3296183240124,30.789465379,49.899184451722,15.72019,14.855774,13.051463,14.855774,15.4257732578337,45.3461080722706,4.9960036108132e-16,45.3461080722706,45.3461080722706,169.513991844327,163.187562703748,0,37.212108350236,NaN,NaN,NaN,1.55431223447522e-15,2.22044604925031e-16,2.77555756156289e-17,1.55431223447522e-15,0,0,0,2.22044604925031e-16,0,0,3.88578058618805e-16,0,8.88178419700125e-15,1,0,2,billEUR,15.4257717152565,/Users/guichenxiang/Desktop/電力專案/StoreNet/results/bahloul_vpp_improvement_v2_frontier/storenet_monthly_2020/cases/2020-10-15/ANCHOR_VPP_BM,fc7a2064d4cdb5804b46a882c4bb818a48bfd23ed63818000b1c2ff1d238cf28,08d1039cc10450f01e6066e1d1f9b0ca9092086eee6755b8b5826d83e806f887
StoreNet,2020-10-15,ANCHOR_VPP_BM_PEAK_LEX,anchor,VPP_BM_PEAK_LEX,ok,,"",NaN,NaN,NaN,0.95,0.95,1.23898116666667,60,20,10,DC_SOURCE,0.07,0,10,3.3,60,35.323193125,56.3296183240124,30.789465379,49.899184451722,15.72019,14.855774,13.051463,14.855774,15.4257732578337,15.6683052527836,4.66313121449957e-08,15.6683052527836,15.6683052527836,169.513991791546,163.190146398207,0,37.2107886712047,NaN,NaN,NaN,6.13398221105399e-15,5.99520433297585e-15,2.77555756156289e-17,6.13398221105399e-15,0,0,0,2.22044604925031e-16,0,0,4.86069517968701e-15,0,5.32907051820075e-15,1,2.43828405579534e-15,3,billEUR,15.4257717152565,/Users/guichenxiang/Desktop/電力專案/StoreNet/results/bahloul_vpp_improvement_v2_frontier/storenet_monthly_2020/cases/2020-10-15/ANCHOR_VPP_BM_PEAK_LEX,f3ad6b0f564ebc4a37c2dadc0d3ae908d47ea86d8a08c7bbb010efeaf273fe06,6a01b6d7843c27641091a23c611ec943c7d585f8c381b491516293e4cb5ce5cf
StoreNet,2020-10-15,ANCHOR_PS,anchor,PS,ok,,"",NaN,NaN,NaN,0.95,0.95,1.406926625,60,20,10,DC_SOURCE,0.07,0,10,3.3,60,35.323193125,40.6810167296051,30.789465379,31.9463369614748,15.72019,14.855774,13.051463,14.855774,20.953359020388,8.89464838946476,8.89464838946475,8.89464838946476,8.89464838946476,164.522913214699,67.5437115380885,0,35.8725030553736,NaN,NaN,NaN,8.88178419700125e-16,2.22044604925031e-16,2.77555756156289e-17,8.88178419700125e-16,0,0,0,2.22044604925031e-16,0,8.88178419700125e-16,0,0,1.06581410364015e-14,1,7.74949805285429e-08,3,systemPeakKW,8.8946475,/Users/guichenxiang/Desktop/電力專案/StoreNet/results/bahloul_vpp_improvement_v2_frontier/storenet_monthly_2020/cases/2020-10-15/ANCHOR_PS,8997031a343f2f8209231eceaf1190b97c3529d88112f7ebf6b1e4f9286ef121,abd7ce026f777bb988e6003a43a745998893faad124e5c12b0dc621b1bed99d7
StoreNet,2020-10-15,FRONTIER_R2.000,frontier,IMPROVED_PEAK_GUARD,ok,,"",2,29.711548,NaN,0.95,0.95,1.10448729166667,60,20,10,DC_SOURCE,0.07,0,10,3.3,60,35.323193125,56.3296183240124,30.789465379,49.899184451722,15.72019,14.855774,13.051463,14.855774,15.4257732578337,29.711548,2.4980018054066e-16,29.711548,29.711548,169.513991844327,163.18756270375,0,37.2121083502353,NaN,7.105427357601e-15,7.105427357601e-15,8.88178419700125e-16,4.44089209850063e-16,2.77555756156289e-17,8.88178419700125e-16,0,0,0,2.22044604925031e-16,0,0,1.27675647831893e-15,0,5.32907051820075e-15,1,0,2,billEUR,15.4257717152565,,,
StoreNet,2020-10-15,FRONTIER_R1.500,frontier,IMPROVED_PEAK_GUARD,ok,,"",1.5,22.283661,NaN,0.95,0.95,1.23192604166667,60,20,10,DC_SOURCE,0.07,0,10,3.3,60,35.323193125,56.3296183240124,30.789465379,49.8991844517219,15.72019,14.855774,13.051463,14.855774,15.4257732578337,22.283661,8.88178419700125e-16,22.283661,22.283661,169.513991844327,163.187562703745,0,37.212108350238,NaN,3.5527136788005e-15,3.5527136788005e-15,1.22124532708767e-15,2.22044604925031e-16,2.77555756156289e-17,1.22124532708767e-15,0,0,0,2.22044604925031e-16,0,0,1.72084568816899e-15,0,1.24344978758018e-14,1,0,2,billEUR,15.4257717152565,,,
StoreNet,2020-10-15,FRONTIER_R1.250,frontier,IMPROVED_PEAK_GUARD,ok,,"",1.25,18.5697175,NaN,0.95,0.95,0.578913083333333,60,20,10,DC_SOURCE,0.07,0,10,3.3,60,35.323193125,56.3296183240124,30.789465379,49.899184451722,15.72019,14.855774,13.051463,14.855774,15.4257732578337,18.5697175,3.24740234702858e-15,18.5697175,18.5697175,169.513991844327,163.187562703748,0,37.2121083502365,NaN,7.105427357601e-15,7.105427357601e-15,8.60422844084496e-15,4.88498130835069e-15,1.33226762955019e-15,8.60422844084496e-15,0,0,0,1.77635683940025e-15,0,0,8.32667268468867e-16,0,1.06581410364015e-14,1,2.61248856464641e-15,2,billEUR,15.4257717152565,,,
StoreNet,2020-10-15,FRONTIER_R1.000,frontier,IMPROVED_PEAK_GUARD,ok,,"",1,14.855774,NaN,0.95,0.95,1.554029875,60,20,10,DC_SOURCE,0.07,0,10,3.3,60,35.323193125,55.532690589653,30.789465379,48.9849096528277,15.72019,14.855774,13.051463,14.855774,15.7072735805082,14.8557740000001,1.44181,14.8557740000001,14.8557740000001,169.21554695365,158.420952197896,0,36.4238610528995,NaN,9.41469124882133e-14,9.41469124882133e-14,5.72875080706581e-14,9.10382880192628e-15,2.77555756156289e-17,5.72875080706581e-14,0,0,0,2.22044604925031e-16,0,0,8.32667268468867e-16,0,0,1,0,2,billEUR,15.707272009781,,,
StoreNet,2020-10-15,FRONTIER_R0.900,frontier,IMPROVED_PEAK_GUARD,ok,,"",0.9,13.3701966,NaN,0.95,0.95,1.63925341666667,60,20,10,DC_SOURCE,0.07,0,10,3.3,60,35.323193125,51.9216135431954,30.789465379,44.8421039778622,15.72019,14.855774,13.051463,14.855774,16.9828212995209,13.3701966,5.03309,13.3701966,13.3701966,167.903191268149,132.677425570089,0,36.4201797699554,NaN,5.32907051820075e-15,5.32907051820075e-15,3.5527136788005e-15,1.4432899320127e-15,2.77555756156289e-17,3.5527136788005e-15,0,0,0,1.22124532708767e-15,0,0,5.27355936696949e-15,0,0,1,0,2,billEUR,16.982819601239,,,
StoreNet,2020-10-15,FRONTIER_R0.800,frontier,IMPROVED_PEAK_GUARD,ok,,"",0.8,11.8846192,NaN,0.95,0.95,0.894243958333333,60,20,10,DC_SOURCE,0.07,0,10,3.3,60,35.323193125,48.2905713584566,30.789465379,40.676393311641,15.72019,14.855774,13.051463,14.855774,18.2654213428864,11.8846192,9.92825,11.8846192,11.8846192,166.627187770033,107.811295086685,0,36.4207923266577,NaN,1.77635683940025e-15,1.77635683940025e-15,4.88498130835069e-15,1.22124532708767e-15,2.77555756156289e-17,4.88498130835069e-15,0,0,0,1.88737914186277e-15,0,0,2.85882428840978e-15,0,1.06581410364015e-14,1,1.230992804468e-07,2,billEUR,18.2654195163445,,,
StoreNet,2020-10-15,FRONTIER_R0.700,frontier,IMPROVED_PEAK_GUARD,ok,,"",0.7,10.3990418,NaN,0.95,0.95,0.872608791666667,60,20,10,DC_SOURCE,0.07,0,10,3.3,60,35.323193125,44.5689712244263,30.789465379,36.4067900999516,15.72019,14.855774,13.051463,14.855774,19.5800093455702,10.3990418,10.2407315,10.3990418,10.3990418,165.516070660156,86.1600604244252,0,36.4202467077874,NaN,5.32907051820075e-15,5.32907051820075e-15,2.48689957516035e-14,1.55431223447522e-15,2.77555756156289e-17,2.48689957516035e-14,0,0,0,1.7430501486615e-14,0,0,1.79023462720806e-15,0,7.105427357601e-15,1,0,2,billEUR,19.5800073875695,,,
StoreNet,2020-10-15,FRONTIER_R0.600,frontier,IMPROVED_PEAK_GUARD,ok,,"",0.6,8.9134644,NaN,0.95,0.95,1.13986545833333,60,20,10,DC_SOURCE,0.07,0,10,3.3,60,35.323193125,40.7394922574236,30.789465379,32.0134229708223,15.72019,14.855774,13.051463,14.855774,20.9327035967658,8.9134644,8.9134644,8.9134644,8.9134644,164.52633134003,67.1903322200339,0,36.187467048875,NaN,3.5527136788005e-15,3.5527136788005e-15,8.88178419700125e-16,4.44089209850063e-16,5.55111512312578e-17,8.88178419700125e-16,0,0,0,3.33066907387547e-16,0,0,0,0,0,1,2.13616494934884e-14,2,billEUR,20.9327015034957,,,
StoreNet,2020-10-15,FRONTIER_R0.500,frontier,IMPROVED_PEAK_GUARD,infeasible,StoreNet:OptimizationFailed,"Optimization failed during bill (exit flag -2).",0.5,7.427887,NaN,0.95,0.95,0.107555833333333,60,20,10,DC_SOURCE,0.07,0,10,3.3,60,35.323193125,NaN,30.789465379,NaN,15.72019,14.855774,13.051463,14.855774,NaN,NaN,NaN,NaN,NaN,NaN,NaN,NaN,NaN,NaN,NaN,NaN,NaN,NaN,NaN,NaN,NaN,NaN,NaN,NaN,NaN,NaN,NaN,NaN,NaN,NaN,NaN,NaN,,NaN,,,
StoreNet,2020-10-15,TARIFF_L0.050,tariff,VPP_BM_DEMAND_CHARGE,ok,,"",NaN,NaN,0.05,0.95,0.95,1.29188308333333,60,20,10,DC_SOURCE,0.07,0,10,3.3,60,35.323193125,56.3258338434668,30.789465379,49.894842709001,15.72019,14.855774,13.051463,14.855774,15.4271100572056,15.1867562447315,6.38378239159465e-16,15.1867562447315,15.1867562447315,169.528681947315,164.131359681608,0,36.7300438592166,16.1864478694422,NaN,NaN,1.66533453693773e-14,1.66533453693773e-14,2.77555756156289e-17,1.57651669496772e-14,0,0,0,1.77635683940025e-15,0,0,2.34812169708221e-14,0,1.06581410364015e-14,1,0,2,billPlusDemandChargeEUR,16.1864462507976,,,
StoreNet,2020-10-15,TARIFF_L0.100,tariff,VPP_BM_DEMAND_CHARGE,ok,,"",NaN,NaN,0.1,0.95,0.95,1.25298479166667,60,20,10,DC_SOURCE,0.07,0,10,3.3,60,35.323193125,56.3258338648178,30.789465379,49.894842733496,15.72019,14.855774,13.051463,14.855774,15.4271100496638,15.1867562364437,1.62564406380739e-13,15.1867562364437,15.1867562364439,169.528681864437,164.131367607085,0,36.7300398980019,16.9457856733081,NaN,NaN,2.4580337765201e-13,2.4580337765201e-13,2.77555756156289e-17,1.69420033557799e-13,0,0,0,2.22044604925031e-16,0,0,1.60599170553195e-13,0,3.5527136788005e-15,1,0,2,billPlusDemandChargeEUR,16.9457839787297,,,
StoreNet,2020-10-15,TARIFF_L0.200,tariff,VPP_BM_DEMAND_CHARGE,ok,,"",NaN,NaN,0.2,0.95,0.95,1.366411125,60,20,10,DC_SOURCE,0.07,0,10,3.3,60,35.323193125,56.3258339017493,30.789465379,49.8948427758656,15.72019,14.855774,13.051463,14.855774,15.4271100366184,15.1867562221081,2.2065682614425e-15,15.1867562221081,15.1867562221081,169.528681721081,164.131381316024,0,36.7300330461684,18.46446128104,NaN,NaN,8.77076189453874e-15,2.22044604925031e-16,4.44089209850063e-16,8.77076189453874e-15,0,0,0,2.22044604925031e-16,0,0,1.09634523681734e-14,0,0,1,0,2,billPlusDemandChargeEUR,18.4644594345941,,,
StoreNet,2020-10-15,TARIFF_L0.500,tariff,VPP_BM_DEMAND_CHARGE,ok,,"",NaN,NaN,0.5,0.95,0.95,2.21466854166667,60,20,10,DC_SOURCE,0.07,0,10,3.3,60,35.323193125,56.3258339811126,30.789465379,49.8948428669152,15.72019,14.855774,13.051463,14.855774,15.4271100085847,15.1867561913019,1.33226762955019e-15,15.1867561913019,15.1867561913019,169.528681413019,164.131410775623,0,36.7300183220333,23.0204881042356,NaN,NaN,2.75335310107039e-14,4.44089209850063e-16,2.77555756156289e-17,2.75335310107039e-14,0,0,0,2.22044604925031e-16,0,0,1.27675647831893e-15,0,1.77635683940025e-14,1,0,2,billPlusDemandChargeEUR,23.020485802187,,,
StoreNet,2020-10-15,TARIFF_L1.000,tariff,VPP_BM_DEMAND_CHARGE,ok,,"",NaN,NaN,1,0.95,0.95,1.74003366666667,60,20,10,DC_SOURCE,0.07,0,10,3.3,60,35.323193125,41.1419787789929,30.789465379,32.4751753577702,15.72019,14.855774,13.051463,14.855774,20.7905325054498,9.05431021433963,9.05431021433962,9.05431021433963,9.05431021433963,164.616059259261,68.6232692066296,0,36.4192387827607,29.8448427197894,NaN,NaN,3.10862446895044e-15,4.44089209850063e-16,2.77555756156289e-17,3.10862446895044e-15,0,0,0,2.22044604925031e-16,0,0,0,0,0,1,0,2,billPlusDemandChargeEUR,29.8448397353055,,,
StoreNet,2020-10-16,ANCHOR_VPP_BM,anchor,VPP_BM,ok,,"",NaN,NaN,NaN,0.95,0.95,1.30326275,60,20,10,DC_SOURCE,0.07,0,10,3.3,60,35.190964195,57.8076171174241,30.86806789375,51.8988152924502,17.52302,17.5111735,17.5111735,13.885255,14.8479063532246,38.9394832770083,1.76247905159244e-15,38.9394832770083,38.9394832770083,163.163806079391,175.398481220483,0,35.1372874272767,NaN,NaN,NaN,8.74855743404623e-14,4.44089209850063e-16,5.55111512312578e-17,8.74855743404623e-14,0,0,0,8.74855743404623e-14,8.88178419700125e-16,4.44089209850063e-16,1.49880108324396e-15,0,0,1,0,2,billEUR,14.8479048684341,/Users/guichenxiang/Desktop/電力專案/StoreNet/results/bahloul_vpp_improvement_v2_frontier/storenet_monthly_2020/cases/2020-10-16/ANCHOR_VPP_BM,26c11e3b812b5cfbfe633f6d25724a64271ef4d7e8195b6287bc5b158c4f6b5a,a3520ee1ed297ce2014eb0211f5f2785438d796d26a5d36e1a8320a8204bf9ac
StoreNet,2020-10-16,ANCHOR_VPP_BM_PEAK_LEX,anchor,VPP_BM_PEAK_LEX,ok,,"",NaN,NaN,NaN,0.95,0.95,1.93938879166667,60,20,10,DC_SOURCE,0.07,0,10,3.3,60,35.190964195,57.8076171174241,30.86806789375,51.8988152924501,17.52302,17.5111735,17.5111735,13.885255,14.8479063532246,14.4246141977341,1.01329205330902e-05,14.4246141977341,14.4246141977341,163.163794610261,175.399300200279,0,35.1368465198174,NaN,NaN,NaN,1.22124532708767e-15,4.44089209850063e-16,5.55111512312578e-17,1.22124532708767e-15,0,0,0,2.22044604925031e-16,8.88178419700125e-16,4.44089209850063e-16,1.36002320516582e-15,0,3.5527136788005e-15,1,2.26856054483291e-15,3,billEUR,14.8479048684341,/Users/guichenxiang/Desktop/電力專案/StoreNet/results/bahloul_vpp_improvement_v2_frontier/storenet_monthly_2020/cases/2020-10-16/ANCHOR_VPP_BM_PEAK_LEX,8421504151986dd9121214a8bbf13aa1ecb6bd03a556ae8f2b7f0ba403a2e5e5,d7155ce672f9371be4e3cf145e26095c162687b0d9ff4a65f0eb109b238b04cb
StoreNet,2020-10-16,ANCHOR_PS,anchor,PS,ok,,"",NaN,NaN,NaN,0.95,0.95,2.42805704166667,60,20,10,DC_SOURCE,0.07,0,10,3.3,60,35.190964195,42.0071367616106,30.86806789375,33.8855680630109,17.52302,17.5111735,17.5111735,13.885255,20.4082477378769,8.3647385469563,8.3647385469563,8.3647385469563,8.3647385469563,158.490023618118,90.8422880513954,0,31.0124081571647,NaN,NaN,NaN,2.04697370165263e-15,4.44089209850063e-16,4.44089209850063e-16,2.04697370165263e-15,0,0,0,5.55111512312578e-16,0,4.44089209850063e-16,0,0,3.90798504668055e-14,1,0,3,systemPeakKW,8.36473771048253,/Users/guichenxiang/Desktop/電力專案/StoreNet/results/bahloul_vpp_improvement_v2_frontier/storenet_monthly_2020/cases/2020-10-16/ANCHOR_PS,d0e1c490169c7c8cda0ca28568d9ab22772d58e36b4376a2e957a3a5d4969e72,cc75f3215a7f7511ea9ee764e9db8a5d3ca9947e8e3541ac08d705fb76ad88c9
StoreNet,2020-10-16,FRONTIER_R2.000,frontier,IMPROVED_PEAK_GUARD,ok,,"",2,35.022347,NaN,0.95,0.95,0.725630416666667,60,20,10,DC_SOURCE,0.07,0,10,3.3,60,35.190964195,57.8075956315355,30.86806789375,51.8987907975858,17.52302,17.5111735,17.5111735,13.885255,14.8479139143159,35.022347,1.55431223447522e-15,35.022347,35.022347,163.163889168307,175.39114031475,0,35.1410368146133,NaN,1.4210854715202e-14,1.4210854715202e-14,3.89965837399586e-15,2.44249065417534e-15,4.44089209850063e-16,3.89965837399586e-15,0,0,0,2.22044604925031e-16,0,4.44089209850063e-16,2.72004641033163e-15,0,8.88178419700125e-15,1,5.0923593648986e-07,2,billEUR,14.8479124295247,,,
StoreNet,2020-10-16,FRONTIER_R1.500,frontier,IMPROVED_PEAK_GUARD,ok,,"",1.5,26.26676025,NaN,0.95,0.95,0.820453291666667,60,20,10,DC_SOURCE,0.07,0,10,3.3,60,35.190964195,57.8076171174241,30.86806789375,51.8988152924501,17.52302,17.5111735,17.5111735,13.885255,14.8479063532246,26.26676025,1.13797860024079e-14,26.26676025,26.26676025,163.163806079391,175.398481220472,0,35.1372874272822,NaN,3.5527136788005e-15,3.5527136788005e-15,2.66453525910038e-14,1.59872115546023e-14,5.55111512312578e-17,2.66453525910038e-14,0,0,0,2.22044604925031e-16,0,4.44089209850063e-16,1.47104550762833e-14,0,0,1,0,2,billEUR,14.8479048684341,,,
StoreNet,2020-10-16,FRONTIER_R1.250,frontier,IMPROVED_PEAK_GUARD,ok,,"",1.25,21.888966875,NaN,0.95,0.95,0.949793416666667,60,20,10,DC_SOURCE,0.07,0,10,3.3,60,35.190964195,57.8076171174241,30.86806789375,51.8988152924501,17.52302,17.5111735,17.5111735,13.885255,14.8479063532246,21.888966875,6.1478599988618e-14,21.888966875,21.8889668750001,163.163806079391,175.398481220473,0,35.1372874272817,NaN,7.105427357601e-15,7.105427357601e-15,7.39408534400354e-14,7.39408534400354e-14,1.66533453693773e-16,7.03881397612349e-14,0,0,0,5.55111512312578e-16,0,4.44089209850063e-16,6.66133814775094e-14,0,5.32907051820075e-15,1,0,2,billEUR,14.8479048684341,,,
StoreNet,2020-10-16,FRONTIER_R1.000,frontier,IMPROVED_PEAK_GUARD,ok,,"",1,17.5111735,NaN,0.95,0.95,0.936177833333333,60,20,10,DC_SOURCE,0.07,0,10,3.3,60,35.190964195,57.8076171174241,30.86806789375,51.8988152924501,17.52302,17.5111735,17.5111735,13.885255,14.8479063532246,17.5111735,1.0547118733939e-15,17.5111735,17.5111735,163.163806079391,175.398481220478,0,35.1372874272794,NaN,7.105427357601e-15,7.105427357601e-15,9.99200722162641e-16,4.44089209850063e-16,5.55111512312578e-17,9.99200722162641e-16,0,0,0,2.22044604925031e-16,0,4.44089209850063e-16,8.32667268468867e-16,0,0,1,0,2,billEUR,14.8479048684341,,,
StoreNet,2020-10-16,FRONTIER_R0.900,frontier,IMPROVED_PEAK_GUARD,ok,,"",0.9,15.76005615,NaN,0.95,0.95,1.53944795833333,60,20,10,DC_SOURCE,0.07,0,10,3.3,60,35.190964195,57.8076171174241,30.86806789375,51.8988152924501,17.52302,17.5111735,17.5111735,13.885255,14.8479063532246,15.76005615,3.60822483003176e-15,15.76005615,15.76005615,163.163806079391,175.398481220472,0,35.1372874272822,NaN,1.77635683940025e-15,1.77635683940025e-15,7.21644966006352e-15,7.21644966006352e-15,5.55111512312578e-17,7.105427357601e-15,0,0,0,1.11022302462516e-16,8.88178419700125e-16,4.44089209850063e-16,6.88338275267597e-15,0,3.5527136788005e-15,1,0,2,billEUR,14.8479048684341,,,
StoreNet,2020-10-16,FRONTIER_R0.800,frontier,IMPROVED_PEAK_GUARD,ok,,"",0.8,14.0089388,NaN,0.95,0.95,0.827540291666667,60,20,10,DC_SOURCE,0.07,0,10,3.3,60,35.190964195,56.8412762463188,30.86806789375,50.7971439111287,17.52302,17.5111735,17.5111735,13.885255,15.1879710231769,14.0089388,2.094782244,14.0089388,14.0089388,162.709768890087,165.652194841288,0,34.8545481293562,NaN,1.24344978758018e-14,1.24344978758018e-14,1.50990331349021e-14,1.50990331349021e-14,5.55111512312578e-17,1.37667655053519e-14,0,0,0,2.22044604925031e-16,8.88178419700125e-16,4.44089209850063e-16,1.23789867245705e-14,0,5.32907051820075e-15,1,0,2,billEUR,15.1879695043799,,,
StoreNet,2020-10-16,FRONTIER_R0.700,frontier,IMPROVED_PEAK_GUARD,ok,,"",0.7,12.25782145,NaN,0.95,0.95,1.25609791666667,60,20,10,DC_SOURCE,0.07,0,10,3.3,60,35.190964195,52.5108447811657,30.86806789375,45.8602602952299,17.52302,17.5111735,17.5111735,13.885255,16.711891609568,12.25782145,8.26874,12.25782145,12.25782145,161.267860209113,137.562380628673,0,34.8508159056634,NaN,7.105427357601e-15,7.105427357601e-15,1.33226762955019e-14,4.44089209850063e-16,5.55111512312578e-17,1.33226762955019e-14,0,0,0,2.22044604925031e-16,0,4.44089209850063e-16,1.52100554373646e-14,0,2.8421709430404e-14,1,5.86693667645218e-07,2,billEUR,16.7118899383789,,,
StoreNet,2020-10-16,FRONTIER_R0.600,frontier,IMPROVED_PEAK_GUARD,ok,,"",0.6,10.5067041,NaN,0.95,0.95,0.829592666666667,60,20,10,DC_SOURCE,0.07,0,10,3.3,60,35.190964195,48.1042487053493,30.86806789375,40.8365456507095,17.52302,17.5111735,17.5111735,13.885255,18.2626152568268,10.5067041,10.5067041,10.5067041,10.5067041,159.964111635705,112.161347184488,0,34.848328872756,NaN,7.105427357601e-15,7.105427357601e-15,8.88178419700125e-16,4.44089209850063e-16,4.44089209850063e-16,8.88178419700125e-16,0,0,0,2.22044604925031e-16,0,4.44089209850063e-16,2.77555756156289e-17,0,3.5527136788005e-15,1,1.94534790560395e-16,2,billEUR,18.2626134305654,,,
StoreNet,2020-10-16,FRONTIER_R0.500,frontier,IMPROVED_PEAK_GUARD,ok,,"",0.5,8.75558675,NaN,0.95,0.95,1.12921008333333,60,20,10,DC_SOURCE,0.07,0,10,3.3,60,35.190964195,43.247145831357,30.86806789375,35.2992333084393,17.52302,17.5111735,17.5111735,13.885255,19.9718765901277,8.75558675000001,8.75558675,8.75558675000001,8.75558675000001,158.730834088287,91.4654625337661,0,33.377052320617,NaN,3.5527136788005e-15,3.5527136788005e-15,8.88178419700125e-16,4.44089209850063e-16,4.44089209850063e-16,8.88178419700125e-16,0,0,0,2.22044604925031e-16,0,4.44089209850063e-16,4.9960036108132e-16,0,7.105427357601e-15,1,0,2,billEUR,19.9718745929403,,,
StoreNet,2020-10-16,TARIFF_L0.050,tariff,VPP_BM_DEMAND_CHARGE,ok,,"",NaN,NaN,0.05,0.95,0.95,0.93963675,60,20,10,DC_SOURCE,0.07,0,10,3.3,60,35.190964195,57.8076171429027,30.86806789375,51.8988153214969,17.52302,17.5111735,17.5111735,13.885255,14.8479063442584,14.4246163480862,7.21644966006352e-16,14.4246163480862,14.4246163480862,163.163805980862,175.398489925547,0,35.1372829811418,15.5691371616627,NaN,NaN,1.22124532708767e-14,4.44089209850063e-16,5.55111512312578e-17,1.22124532708767e-14,0,0,0,2.22044604925031e-16,8.88178419700125e-16,4.44089209850063e-16,1.49880108324396e-15,0,1.77635683940025e-15,1,0,2,billPlusDemandChargeEUR,15.5691356047492,,,
StoreNet,2020-10-16,TARIFF_L0.100,tariff,VPP_BM_DEMAND_CHARGE,ok,,"",NaN,NaN,0.1,0.95,0.95,0.925488,60,20,10,DC_SOURCE,0.07,0,10,3.3,60,35.190964195,57.8076171658587,30.86806789375,51.8988153476677,17.52302,17.5111735,17.5111735,13.885255,14.84790633618,14.4246163392088,5.38458166943201e-15,14.4246163392088,14.4246163392088,163.163805892088,175.398497768724,0,35.1372789752183,16.2903679701009,NaN,NaN,3.59712259978551e-14,7.7715611723761e-16,5.55111512312578e-17,3.59712259978551e-14,0,0,0,2.22044604925031e-16,8.88178419700125e-16,4.44089209850063e-16,2.27595720048157e-15,0,1.77635683940025e-14,1,0,2,billPlusDemandChargeEUR,16.2903663410642,,,
StoreNet,2020-10-16,TARIFF_L0.200,tariff,VPP_BM_DEMAND_CHARGE,ok,,"",NaN,NaN,0.2,0.95,0.95,0.940406208333333,60,20,10,DC_SOURCE,0.07,0,10,3.3,60,35.190964195,57.807617205567,30.86806789375,51.8988153929369,17.52302,17.5111735,17.5111735,13.885255,14.8479063222063,14.4246163238533,5.55111512312578e-17,14.4246163238533,14.4246163238539,163.163805738532,175.398511335315,0,35.1372720460459,17.7328295869769,NaN,NaN,1.04416475465996e-12,1.50546242139171e-13,5.55111512312578e-17,1.04416475465996e-12,0,0,0,2.22044604925031e-16,8.88178419700125e-16,4.44089209850063e-16,5.74132408281969e-13,0,0,1,0,2,billPlusDemandChargeEUR,17.7328278136943,,,
StoreNet,2020-10-16,TARIFF_L0.500,tariff,VPP_BM_DEMAND_CHARGE,ok,,"",NaN,NaN,0.5,0.95,0.95,1.236671375,60,20,10,DC_SOURCE,0.07,0,10,3.3,60,35.190964195,57.8076172908956,30.86806789375,51.8988154902153,17.52302,17.5111735,17.5111735,13.885255,14.8479062921783,14.4246162908553,1.54876111935209e-14,14.4246162908553,14.4246162908553,163.163805408553,175.398540489039,0,35.1372571557022,22.0602144376059,NaN,NaN,1.89848137210902e-14,1.89848137210902e-14,5.55111512312578e-17,1.86517468137026e-14,0,0,0,8.88178419700125e-15,8.88178419700125e-16,4.44089209850063e-16,1.88737914186277e-14,0,1.77635683940025e-14,1,0,2,billPlusDemandChargeEUR,22.0602122315847,,,
StoreNet,2020-10-16,TARIFF_L1.000,tariff,VPP_BM_DEMAND_CHARGE,ok,,"",NaN,NaN,1,0.95,0.95,1.218416875,60,20,10,DC_SOURCE,0.07,0,10,3.3,60,35.190964195,45.060338206787,30.86806789375,37.3663529021255,17.52302,17.5111735,17.5111735,13.885255,19.3337967105037,9.3388975,9.3388975,9.3388975,9.3388975,159.158113507751,96.9650617499141,0,34.600347700043,28.6726942105037,NaN,NaN,1.33226762955019e-15,8.88178419700125e-16,4.44089209850063e-16,1.33226762955019e-15,0,0,0,1.11022302462516e-16,0,4.44089209850063e-16,4.9960036108132e-16,0,1.4210854715202e-14,1,0,2,billPlusDemandChargeEUR,28.6726913432345,,,
StoreNet,2020-11-01,ANCHOR_VPP_BM,anchor,VPP_BM,ok,,"",NaN,NaN,NaN,0.95,0.95,2.228967375,60,20,10,DC_SOURCE,0.07,0,10,3.3,60,52.0760697,27.3432258694197,51.55917673175,26.6148244863019,25.80923,25.7987325,25.7987325,14.4339745,37.8367923380125,78.9344292105263,14.84213,78.9344292105263,78.9344292105263,356.938494607836,319.999899915287,0,33.2980944597615,NaN,NaN,NaN,3.99680288865056e-15,1.05818132034585e-16,0,3.99680288865056e-15,0,0,0,3.5527136788005e-15,0,4.44089209850063e-16,2.88657986402541e-15,0,7.105427357601e-15,1,0,2,billEUR,37.8367885543337,/Users/guichenxiang/Desktop/電力專案/StoreNet/results/bahloul_vpp_improvement_v2_frontier/storenet_monthly_2020/cases/2020-11-01/ANCHOR_VPP_BM,f8917333c4aa25c3775c02f202e96e7d9b6a4fbe34e78b610d87244e130b7f17,41543670039113503e4bb4041ab1b9c1f3dddaa683434a9e1811fde06d679af1
StoreNet,2020-11-01,ANCHOR_VPP_BM_PEAK_LEX,anchor,VPP_BM_PEAK_LEX,ok,,"",NaN,NaN,NaN,0.95,0.95,2.41056508333333,60,20,10,DC_SOURCE,0.07,0,10,3.3,60,52.0760697,27.3432258694198,51.55917673175,26.6148244863019,25.80923,25.7987325,25.7987325,14.4339745,37.8367923380125,27.678478263389,14.84213,27.678478263389,27.678478263389,356.938494607836,319.999899915288,0,33.2980944597616,NaN,NaN,NaN,1.55431223447522e-15,1.38777878078145e-17,8.88178419700125e-16,1.55431223447522e-15,0,0,0,1.11022302462516e-16,8.88178419700125e-16,4.44089209850063e-16,3.66373598126302e-15,0,3.5527136788005e-15,1,2.48690035297506e-15,3,billEUR,37.8367885543337,/Users/guichenxiang/Desktop/電力專案/StoreNet/results/bahloul_vpp_improvement_v2_frontier/storenet_monthly_2020/cases/2020-11-01/ANCHOR_VPP_BM_PEAK_LEX,61a4dabf7c35c1c2d2d91a449ed5e5c510208ea07c002d4190bf952b0fd43b9c,397e0e3386a165c9fc3419a6d88f9fa5c3132980501c38838f6a464f1f2d7b22
StoreNet,2020-11-01,ANCHOR_PS,anchor,PS,ok,,"",NaN,NaN,NaN,0.95,0.95,2.19607029166667,60,20,10,DC_SOURCE,0.07,0,10,3.3,60,52.0760697,6.29854532804554,51.55917673175,5.35916603409915,25.80923,25.7987325,25.7987325,14.4339745,48.7960348448809,14.2801447708911,14.2801447708911,14.2801447708911,0.462180770891138,342.261284341755,80.5910599162191,0,0.00113501074594607,NaN,NaN,NaN,1.56988137767211e-14,1.38777878078145e-17,2.22044604925031e-16,1.56988137767211e-14,0,0,0,4.44089209850063e-16,0,0,0,0,2.8421709430404e-14,1,0,3,systemPeakKW,14.2801433428768,/Users/guichenxiang/Desktop/電力專案/StoreNet/results/bahloul_vpp_improvement_v2_frontier/storenet_monthly_2020/cases/2020-11-01/ANCHOR_PS,e3b213618a898f13a7ce1fa61bb17ff0063244ba6e80c14bca3384a85a61edec,4d4818b17d384d58523e1db5c8d0d10a1dd1c5ee4a3612b77091ce6a521e9146
StoreNet,2020-11-01,FRONTIER_R2.000,frontier,IMPROVED_PEAK_GUARD,ok,,"",2,51.597465,NaN,0.95,0.95,0.85926,60,20,10,DC_SOURCE,0.07,0,10,3.3,60,52.0760697,27.3432258694197,51.55917673175,26.6148244863019,25.80923,25.7987325,25.7987325,14.4339745,37.8367923380125,51.597465,14.84213,51.597465,51.597465,356.938494607836,319.999899915287,0,33.2980944597615,NaN,2.1316282072803e-14,2.1316282072803e-14,1.02140518265514e-14,2.15105711021124e-15,3.44169137633799e-15,1.02140518265514e-14,0,0,0,1.11022302462516e-16,0,4.44089209850063e-16,3.85802501057242e-15,0,0,1,5.32907218494656e-16,2,billEUR,37.8367885543337,,,
StoreNet,2020-11-01,FRONTIER_R1.500,frontier,IMPROVED_PEAK_GUARD,ok,,"",1.5,38.69809875,NaN,0.95,0.95,1.13681154166667,60,20,10,DC_SOURCE,0.07,0,10,3.3,60,52.0760697,27.3432258694197,51.55917673175,26.6148244863018,25.80923,25.7987325,25.7987325,14.4339745,37.8367923380126,38.69809875,14.84213,38.69809875,38.69809875,356.938494607836,319.999899915287,0,33.2980944597611,NaN,7.105427357601e-15,7.105427357601e-15,4.10782519111308e-15,1.05818132034585e-16,0,4.10782519111308e-15,0,0,0,4.44089209850063e-16,8.88178419700125e-16,8.88178419700125e-16,1.4432899320127e-15,0,2.8421709430404e-14,1,0,2,billEUR,37.8367885543337,,,
StoreNet,2020-11-01,FRONTIER_R1.250,frontier,IMPROVED_PEAK_GUARD,ok,,"",1.25,32.248415625,NaN,0.95,0.95,0.801413791666667,60,20,10,DC_SOURCE,0.07,0,10,3.3,60,52.0760697,27.3432258694198,51.55917673175,26.6148244863019,25.80923,25.7987325,25.7987325,14.4339745,37.8367923380125,32.248415625,14.84213,32.248415625,32.248415625,356.938494607836,319.999899915288,0,33.2980944597616,NaN,7.105427357601e-15,7.105427357601e-15,5.21804821573824e-15,1.38777878078145e-17,0,5.21804821573824e-15,0,0,0,1.11022302462516e-16,0,8.88178419700125e-16,2.1094237467878e-15,0,0,1,1.9539931344804e-15,2,billEUR,37.8367885543337,,,
StoreNet,2020-11-01,FRONTIER_R1.000,frontier,IMPROVED_PEAK_GUARD,ok,,"",1,25.7987325,NaN,0.95,0.95,1.51046366666667,60,20,10,DC_SOURCE,0.07,0,10,3.3,60,52.0760697,24.7504698058062,51.55917673175,23.9960754285674,25.80923,25.7987325,25.7987325,14.4339745,39.1869977928509,25.7987325,15.177,25.7987325,25.7987325,353.918208783979,284.284679343766,0,16.3333646882887,NaN,3.5527136788005e-15,3.5527136788005e-15,4.44089209850063e-15,1.80411241501588e-16,9.71445146547012e-16,4.44089209850063e-15,0,0,0,1.11022302462516e-16,8.88178419700125e-16,0,8.88178419700125e-16,0,7.105427357601e-15,1,5.99857357688325e-16,2,billEUR,39.1869938741515,,,
StoreNet,2020-11-01,FRONTIER_R0.900,frontier,IMPROVED_PEAK_GUARD,ok,,"",0.9,23.21885925,NaN,0.95,0.95,0.711725916666667,60,20,10,DC_SOURCE,0.07,0,10,3.3,60,52.0760697,21.0095903873057,51.55917673175,20.2176928071637,25.80923,25.7987325,25.7987325,14.4339745,41.1351007662222,23.21885925,18.1813194300075,23.21885925,23.21885925,350.262740459908,235.393754884195,0,0.00106018290264686,NaN,3.5527136788005e-15,3.5527136788005e-15,8.88178419700125e-16,1.38777878078145e-17,2.22044604925031e-16,8.88178419700125e-16,0,0,0,2.22044604925031e-16,8.88178419700125e-16,0,0,0,0,1,0,2,billEUR,41.1350966527125,,,
StoreNet,2020-11-01,FRONTIER_R0.800,frontier,IMPROVED_PEAK_GUARD,ok,,"",0.8,20.638986,NaN,0.95,0.95,0.817998291666667,60,20,10,DC_SOURCE,0.07,0,10,3.3,60,52.0760697,16.8439790965766,51.55917673175,16.0103202758344,25.80923,25.7987325,25.7987325,14.4339745,43.3043874054133,20.638986,20.638986,20.638986,20.4219025,347.747365159347,186.376051315294,0,0.00111609235287474,NaN,3.5527136788005e-15,3.5527136788005e-15,3.99680288865056e-15,1.05818132034585e-16,1.11022302462516e-16,3.99680288865056e-15,0,0,0,3.99680288865056e-15,8.88178419700125e-16,0,0,0,2.1316282072803e-14,1,0,2,billEUR,43.304383074975,,,
StoreNet,2020-11-01,FRONTIER_R0.700,frontier,IMPROVED_PEAK_GUARD,ok,,"",0.7,18.05911275,NaN,0.95,0.95,0.525884625,60,20,10,DC_SOURCE,0.07,0,10,3.3,60,52.0760697,12.6783678058476,51.55917673175,11.8029477445052,25.80923,25.7987325,25.7987325,14.4339745,45.4736740446045,18.05911275,18.05911275,18.05911275,13.00514525,345.231989858786,137.358347746416,0,0.00117200179209521,NaN,3.5527136788005e-15,3.5527136788005e-15,1.40238697847388e-15,1.38777878078145e-17,0,1.40238697847388e-15,0,0,0,1.11022302462516e-16,0,0,0,0,1.4210854715202e-14,1,0,2,billEUR,45.4736694972375,,,
StoreNet,2020-11-01,FRONTIER_R0.600,frontier,IMPROVED_PEAK_GUARD,ok,,"",0.6,15.4792395,NaN,0.95,0.95,0.799561916666667,60,20,10,DC_SOURCE,0.07,0,10,3.3,60,52.0760697,8.51275651511856,51.55917673175,7.59557521317606,25.80923,25.7987325,25.7987325,14.4339745,47.6429606837956,15.4792395,15.4792395,15.4792395,8.131762,342.716614558225,88.3406441775403,0,0.00122791122984167,NaN,5.32907051820075e-15,5.32907051820075e-15,1.30562227695918e-13,1.38777878078145e-17,7.88258347483861e-15,1.30562227695918e-13,0,0,0,2.22044604925031e-16,1.03916875104915e-13,0,0,0,0,1,7.94669576463717e-14,2,billEUR,47.6429559195,,,
StoreNet,2020-11-01,FRONTIER_R0.500,frontier,IMPROVED_PEAK_GUARD,infeasible,StoreNet:OptimizationFailed,"Optimization failed during bill (exit flag -2).",0.5,12.89936625,NaN,0.95,0.95,0.100748083333333,60,20,10,DC_SOURCE,0.07,0,10,3.3,60,52.0760697,NaN,51.55917673175,NaN,25.80923,25.7987325,25.7987325,14.4339745,NaN,NaN,NaN,NaN,NaN,NaN,NaN,NaN,NaN,NaN,NaN,NaN,NaN,NaN,NaN,NaN,NaN,NaN,NaN,NaN,NaN,NaN,NaN,NaN,NaN,NaN,NaN,NaN,,NaN,,,
StoreNet,2020-11-01,TARIFF_L0.050,tariff,VPP_BM_DEMAND_CHARGE,ok,,"",NaN,NaN,0.05,0.95,0.95,1.74231633333333,60,20,10,DC_SOURCE,0.07,0,10,3.3,60,52.0760697,27.3432250401847,51.55917673175,26.6148236487536,25.80923,25.7987325,25.7987325,14.4339745,37.8367927698455,27.678474894346,14.84213,27.678474894346,27.678474894346,356.938493641865,319.999888492573,0,33.2980890339722,39.2207165145628,NaN,NaN,7.7715611723761e-15,1.38777878078145e-17,1.60982338570648e-15,7.7715611723761e-15,0,0,0,4.44089209850063e-16,8.88178419700125e-16,4.44089209850063e-16,2.22044604925031e-15,0,0,1,1.24345022087372e-15,2,billPlusDemandChargeEUR,39.2207125924916,,,
StoreNet,2020-11-01,TARIFF_L0.100,tariff,VPP_BM_DEMAND_CHARGE,ok,,"",NaN,NaN,0.1,0.95,0.95,1.27918925,60,20,10,DC_SOURCE,0.07,0,10,3.3,60,52.0760697,27.3432240768322,51.55917673175,26.6148226757433,25.80923,25.7987325,25.7987325,14.4339745,37.8367932715217,27.6784741959153,14.84213,27.6784741959153,27.6784741959153,356.938492519662,319.999875222391,0,33.2980827306355,40.6046406911132,NaN,NaN,2.60902410786912e-15,1.05818132034585e-16,0,2.60902410786912e-15,0,0,0,1.11022302462516e-16,8.88178419700125e-16,8.88178419700125e-16,1.38777878078145e-16,0,5.6843418860808e-14,1,0,2,billPlusDemandChargeEUR,40.6046366306495,,,
StoreNet,2020-11-01,TARIFF_L0.200,tariff,VPP_BM_DEMAND_CHARGE,ok,,"",NaN,NaN,0.2,0.95,0.95,1.49881270833333,60,20,10,DC_SOURCE,0.07,0,10,3.3,60,52.0760697,27.3432215925142,51.55917673175,26.6148201665194,25.80923,25.7987325,25.7987325,14.4339745,37.8367945652568,27.6784723947845,14.84213,27.6784723947845,27.6784723947845,356.938489625695,319.999841000904,0,33.2980664754296,43.3724890442137,NaN,NaN,1.04360964314765e-14,4.85722573273506e-17,3.33066907387547e-16,1.04360964314765e-14,0,0,0,1.11022302462516e-16,8.88178419700125e-16,4.44089209850063e-16,8.41340885848751e-17,0,7.105427357601e-15,1,8.88178861011487e-16,2,billPlusDemandChargeEUR,43.3724847069653,,,
StoreNet,2020-11-01,TARIFF_L0.500,tariff,VPP_BM_DEMAND_CHARGE,ok,,"",NaN,NaN,0.5,0.95,0.95,1.43510929166667,60,20,10,DC_SOURCE,0.07,0,10,3.3,60,52.0760697,27.3432004826127,51.55917673175,26.6147988449861,25.80923,25.7987325,25.7987325,14.4339745,37.8368055584639,27.6784570901034,14.84213,27.6784570901034,27.6784570901034,356.938465034899,319.999550211963,0,33.2979283506827,51.6760341035155,NaN,NaN,3.5527136788005e-15,1.05818132034585e-16,0,3.5527136788005e-15,0,0,0,4.44089209850063e-16,8.88178419700125e-16,4.44089209850063e-16,1.11022302462516e-15,0,2.1316282072803e-14,1,0,2,billPlusDemandChargeEUR,51.6760289359126,,,
StoreNet,2020-11-01,TARIFF_L1.000,tariff,VPP_BM_DEMAND_CHARGE,ok,,"",NaN,NaN,1,0.95,0.95,2.83130779166667,60,20,10,DC_SOURCE,0.07,0,10,3.3,60,52.0760697,7.21567658067747,51.55917673175,6.28549174493421,25.80923,25.7987325,25.7987325,14.4339745,48.3184289345198,14.6759249906661,14.6759249906661,14.6759249906661,4.32501899066609,341.933389331989,73.0770264636922,0,0.00154892948148403,62.9943539251859,NaN,NaN,2.30926389122033e-14,1.38777878078145e-17,6.66133814775094e-16,2.30926389122033e-14,0,0,0,4.44089209850063e-16,0,4.44089209850063e-16,0,0,4.2632564145606e-14,1,0,2,billPlusDemandChargeEUR,62.9943476257511,,,
StoreNet,2020-11-02,ANCHOR_VPP_BM,anchor,VPP_BM,ok,,"",NaN,NaN,NaN,0.95,0.95,1.07448066666667,60,20,10,DC_SOURCE,0.07,1,10,3.3,60,41.529933995,44.7321574657062,37.200360588,38.2997955875815,18.23856,18.2003795,18.2003795,14.5457255,22.9526985249528,69.8769425761773,9.99200722162641e-16,69.8769425761773,69.8769425761773,252.227456318162,261.318548046621,0,34.731183229835,NaN,NaN,NaN,4.82947015711943e-15,4.56492482703297e-15,4.38538094726937e-15,4.82947015711943e-15,0,0,0,4.44089209850063e-16,0,4.44089209850063e-16,1.22124532708767e-15,0,3.5527136788005e-15,1,0,2,billEUR,22.9526962296831,/Users/guichenxiang/Desktop/電力專案/StoreNet/results/bahloul_vpp_improvement_v2_frontier/storenet_monthly_2020/cases/2020-11-02/ANCHOR_VPP_BM,1d6075b9ba8b9a3d245f5c201a51ca995b727df7d37a2a4d4c9c49cedf068da9,abe2b1b63bdcea97c9ec1770b1578746908d254d26dff0f6a02cbc88ccc65884
StoreNet,2020-11-02,ANCHOR_VPP_BM_PEAK_LEX,anchor,VPP_BM_PEAK_LEX,ok,,"",NaN,NaN,NaN,0.95,0.95,2.75504179166667,60,20,10,DC_SOURCE,0.07,1,10,3.3,60,41.529933995,44.7321574657062,37.200360588,38.2997955875815,18.23856,18.2003795,18.2003795,14.5457255,22.9526985249528,22.6266856267487,1.6206759892945e-05,22.6266856267487,22.6266856267487,252.227437974247,261.319761648866,0,34.730512423587,NaN,NaN,NaN,5.99520433297585e-15,2.22044604925031e-16,2.22044604925031e-16,5.99520433297585e-15,0,0,0,4.44089209850063e-16,8.88178419700125e-16,4.44089209850063e-16,4.88498130835069e-15,0,1.06581410364015e-14,1,1.5226706526708e-15,3,billEUR,22.9526962296831,/Users/guichenxiang/Desktop/電力專案/StoreNet/results/bahloul_vpp_improvement_v2_frontier/storenet_monthly_2020/cases/2020-11-02/ANCHOR_VPP_BM_PEAK_LEX,21577743500073627fd29c5d60e3bddf9c6c62f78e030c991aed4194ebe558ad,47673e365e9bc45c3c2a0e20a50b78ec1c0f20259cfcfcc2aeeadeaadbc4d56b
StoreNet,2020-11-02,ANCHOR_PS,anchor,PS,ok,,"",NaN,NaN,NaN,0.95,0.95,3.062667875,60,20,10,DC_SOURCE,0.07,1,10,3.3,60,41.529933995,19.2856805577302,37.200360588,9.8917240073713,18.23856,18.2003795,18.2003795,14.5457255,33.5206035888881,10.5368672121707,10.5368672121707,10.5368672121707,6.29908198530262,239.918409603768,86.6817126339421,0,4.42690983800272,NaN,NaN,NaN,3.99680288865056e-15,1.33226762955019e-15,2.22044604925031e-16,3.99680288865056e-15,0,0,0,4.44089209850063e-16,0,4.44089209850063e-16,0,0,4.9737991503207e-14,1,0,3,systemPeakKW,10.5368661584841,/Users/guichenxiang/Desktop/電力專案/StoreNet/results/bahloul_vpp_improvement_v2_frontier/storenet_monthly_2020/cases/2020-11-02/ANCHOR_PS,8cdef2c899e818bed212f815580b2ffab368adb280be1f23004f45de227414c2,ba73cdd0abd52034a72e1a074531d543b6a26b63299fca85ded10c4670773c1c
StoreNet,2020-11-02,FRONTIER_R2.000,frontier,IMPROVED_PEAK_GUARD,ok,,"",2,36.400759,NaN,0.95,0.95,1.00628191666667,60,20,10,DC_SOURCE,0.07,1,10,3.3,60,41.529933995,44.7321574657062,37.200360588,38.2997955875816,18.23856,18.2003795,18.2003795,14.5457255,22.9526985249527,36.400759,2.1094237467878e-15,36.400759,36.400759,252.227456318162,261.318548046624,0,34.7311832298329,NaN,0,0,1.77635683940025e-15,2.22044604925031e-16,4.44089209850063e-16,1.77635683940025e-15,0,0,0,2.22044604925031e-16,0,4.44089209850063e-16,8.60422844084496e-16,0,1.06581410364015e-14,1,0,2,billEUR,22.9526962296831,,,
StoreNet,2020-11-02,FRONTIER_R1.500,frontier,IMPROVED_PEAK_GUARD,ok,,"",1.5,27.30056925,NaN,0.95,0.95,1.2979605,60,20,10,DC_SOURCE,0.07,1,10,3.3,60,41.529933995,44.7321574657062,37.200360588,38.2997955875815,18.23856,18.2003795,18.2003795,14.5457255,22.9526985249528,27.30056925,1.64798730217797e-15,27.30056925,27.30056925,252.227456318162,261.318548046611,0,34.7311832298401,NaN,3.5527136788005e-15,3.5527136788005e-15,1.86517468137026e-14,2.22044604925031e-16,4.44089209850063e-16,1.86517468137026e-14,0,0,0,1.11022302462516e-16,0,4.44089209850063e-16,1.11022302462516e-15,0,1.4210854715202e-14,1,0,2,billEUR,22.9526962296831,,,
StoreNet,2020-11-02,FRONTIER_R1.250,frontier,IMPROVED_PEAK_GUARD,ok,,"",1.25,22.750474375,NaN,0.95,0.95,1.43664825,60,20,10,DC_SOURCE,0.07,1,10,3.3,60,41.529933995,44.7321574657062,37.200360588,38.2997955875815,18.23856,18.2003795,18.2003795,14.5457255,22.9526985249528,22.750474375,4.44089209850063e-16,22.750474375,22.750474375,252.227456318162,261.318548046614,0,34.7311832298384,NaN,1.06581410364015e-14,1.06581410364015e-14,2.65586164172049e-15,2.22044604925031e-16,4.44089209850063e-16,2.65586164172049e-15,0,0,0,3.5527136788005e-15,8.88178419700125e-16,4.44089209850063e-16,1.88737914186277e-15,0,1.4210854715202e-14,1,3.91545700503444e-15,2,billEUR,22.9526962296831,,,
StoreNet,2020-11-02,FRONTIER_R1.000,frontier,IMPROVED_PEAK_GUARD,ok,,"",1,18.2003795,NaN,0.95,0.95,1.27201758333333,60,20,10,DC_SOURCE,0.07,1,10,3.3,60,41.529933995,36.4864708617716,37.200360588,29.0944326558221,18.23856,18.2003795,18.2003795,14.5457255,26.3771267290014,18.2003795,15.105554,18.2003795,18.2003795,246.378638456193,199.019500880743,0,5.04279905962849,NaN,7.105427357601e-15,7.105427357601e-15,6.74460487459783e-15,1.22124532708767e-15,6.66133814775094e-16,6.74460487459783e-15,0,0,0,4.44089209850063e-16,8.88178419700125e-16,4.44089209850063e-16,2.22044604925031e-16,0,0,1,1.44236752668319e-14,2,billEUR,26.3771240912889,,,
StoreNet,2020-11-02,FRONTIER_R0.900,frontier,IMPROVED_PEAK_GUARD,ok,,"",0.9,16.38034155,NaN,0.95,0.95,0.847494541666667,60,20,10,DC_SOURCE,0.07,1,10,3.3,60,41.529933995,32.8014684645136,37.200360588,24.9805503194529,18.23856,18.2003795,18.2003795,14.5457255,27.9075057922967,16.38034155,16.38034155,16.38034155,16.38034155,244.604102243798,164.438700945231,0,5.04283850238428,NaN,7.105427357601e-15,7.105427357601e-15,6.21724893790088e-15,3.5527136788005e-15,2.22044604925031e-16,6.21724893790088e-15,0,0,0,2.22044604925031e-16,8.88178419700125e-16,4.44089209850063e-16,3.33066907387547e-15,0,3.5527136788005e-15,1,8.64203781318798e-16,2,billEUR,27.9075030015464,,,
StoreNet,2020-11-02,FRONTIER_R0.800,frontier,IMPROVED_PEAK_GUARD,ok,,"",0.8,14.5603036,NaN,0.95,0.95,0.653023916666667,60,20,10,DC_SOURCE,0.07,1,10,3.3,60,41.529933995,29.1164660672557,37.200360588,20.8666679830836,18.23856,18.2003795,18.2003795,14.5457255,29.4378848555921,14.5603036,14.5603036,14.5603036,14.5603036,242.829566031403,129.857901009723,0,5.04287794513874,NaN,3.5527136788005e-15,3.5527136788005e-15,1.02973185533983e-14,2.22044604925031e-16,2.22044604925031e-16,1.02973185533983e-14,0,0,0,2.22044604925031e-16,0,0,2.22044604925031e-16,0,7.105427357601e-15,1,8.75471086762016e-16,2,billEUR,29.4378819118039,,,
StoreNet,2020-11-02,FRONTIER_R0.700,frontier,IMPROVED_PEAK_GUARD,ok,,"",0.7,12.74026565,NaN,0.95,0.95,2.3680615,60,20,10,DC_SOURCE,0.07,1,10,3.3,60,41.529933995,24.9705855387054,37.200360588,16.2382680971591,18.23856,18.2003795,18.2003795,14.5457255,31.1596663026107,12.74026565,12.74026565,12.74026565,12.74026565,241.083071154952,96.6109951573184,0,4.70978547884081,NaN,3.5527136788005e-15,3.5527136788005e-15,1.33226762955019e-15,2.22044604925031e-16,1.11022302462516e-16,1.33226762955019e-15,0,0,0,4.44089209850063e-16,8.88178419700125e-16,0,1.94289029309402e-16,0,7.105427357601e-15,1,0,2,billEUR,31.1596631866443,,,
StoreNet,2020-11-02,FRONTIER_R0.600,frontier,IMPROVED_PEAK_GUARD,ok,,"",0.6,10.9202277,NaN,0.95,0.95,1.72237183333333,60,20,10,DC_SOURCE,0.07,1,10,3.3,60,41.529933995,20.4645084431967,37.200360588,11.2077500754272,18.23856,18.2003795,18.2003795,14.5457255,33.0310371461392,10.9202277000001,10.9202277,10.9202277000001,7.74669104000012,239.837312285254,78.0707831578949,0,4.4269005,NaN,1.19015908239817e-13,1.19015908239817e-13,1.12798659301916e-13,1.33226762955019e-15,1.22124532708767e-15,1.12798659301916e-13,0,0,0,1.56874513379535e-13,0,4.44089209850063e-16,0,0,5.6843418860808e-14,1,0,2,billEUR,33.0310338430358,,,
StoreNet,2020-11-02,FRONTIER_R0.500,frontier,IMPROVED_PEAK_GUARD,infeasible,StoreNet:OptimizationFailed,"Optimization failed during bill (exit flag -2).",0.5,9.10018975,NaN,0.95,0.95,0.104946333333333,60,20,10,DC_SOURCE,0.07,1,10,3.3,60,41.529933995,NaN,37.200360588,NaN,18.23856,18.2003795,18.2003795,14.5457255,NaN,NaN,NaN,NaN,NaN,NaN,NaN,NaN,NaN,NaN,NaN,NaN,NaN,NaN,NaN,NaN,NaN,NaN,NaN,NaN,NaN,NaN,NaN,NaN,NaN,NaN,NaN,NaN,,NaN,,,
StoreNet,2020-11-02,TARIFF_L0.050,tariff,VPP_BM_DEMAND_CHARGE,ok,,"",NaN,NaN,0.05,0.95,0.95,1.85358654166667,60,20,10,DC_SOURCE,0.07,1,10,3.3,60,41.529933995,44.7321574953336,37.200360588,38.2997956206571,18.23856,18.2003795,18.2003795,14.5457255,22.9526985126485,22.6266890682951,3.47638584585752e-15,22.6266890682951,22.6266890682951,252.227456182951,261.318559138338,0,34.7311774334974,24.0840329660633,NaN,NaN,2.73669975570101e-14,2.22044604925031e-16,7.35522753814166e-16,2.73669975570101e-14,0,0,0,3.5527136788005e-15,8.88178419700125e-16,4.44089209850063e-16,1.49880108324396e-15,0,1.4210854715202e-14,1,0,2,billPlusDemandChargeEUR,24.0840305576602,,,
StoreNet,2020-11-02,TARIFF_L0.100,tariff,VPP_BM_DEMAND_CHARGE,ok,,"",NaN,NaN,0.1,0.95,0.95,1.62301416666667,60,20,10,DC_SOURCE,0.07,1,10,3.3,60,41.529933995,44.7321575220275,37.200360588,38.2997956504578,18.23856,18.2003795,18.2003795,14.5457255,22.9526985015626,22.6266890561127,3.38618022510673e-15,22.6266890561127,22.6266890561127,252.227456061127,261.318569131853,0,34.7311722110613,25.2153674071738,NaN,NaN,1.99840144432528e-14,2.22044604925031e-16,6.66133814775094e-16,1.99840144432528e-14,0,0,0,4.44089209850063e-16,8.88178419700125e-16,4.44089209850063e-16,1.87072579649339e-14,0,2.48689957516035e-14,1,0,2,billPlusDemandChargeEUR,25.2153648856373,,,
StoreNet,2020-11-02,TARIFF_L0.200,tariff,VPP_BM_DEMAND_CHARGE,ok,,"",NaN,NaN,0.2,0.95,0.95,1.797074625,60,20,10,DC_SOURCE,0.07,1,10,3.3,60,41.529933995,44.7321575682009,37.200360588,38.2997957020051,18.23856,18.2003795,18.2003795,14.5457255,22.9526984823868,22.6266890350404,6.36157793110215e-14,22.6266890350404,22.6266890350405,252.227455850404,261.318586417965,0,34.7311631776411,27.4780362893949,NaN,NaN,1.0458300891969e-13,2.22044604925031e-16,1.11022302462516e-16,1.0458300891969e-13,0,0,0,5.32907051820075e-15,8.88178419700125e-16,4.44089209850063e-16,1.09245945623115e-13,0,1.06581410364015e-14,1,0,2,billPlusDemandChargeEUR,27.4780335415915,,,
StoreNet,2020-11-02,TARIFF_L0.500,tariff,VPP_BM_DEMAND_CHARGE,ok,,"",NaN,NaN,0.5,0.95,0.95,1.69943008333333,60,20,10,DC_SOURCE,0.07,1,10,3.3,60,41.529933995,44.7321576674244,37.200360588,38.2997958127768,18.23856,18.2003795,18.2003795,14.5457255,22.9526984411793,22.6266889897576,2.05391259555654e-15,22.6266889897576,22.6266889897576,252.227455397575,261.318623564686,0,34.7311437654146,34.2660429360581,NaN,NaN,1.4210854715202e-14,1.0547118733939e-14,4.44089209850063e-16,1.4210854715202e-14,0,0,0,4.44089209850063e-16,8.88178419700125e-16,4.44089209850063e-16,9.2148511043888e-15,0,6.3948846218409e-14,1,0,2,billPlusDemandChargeEUR,34.2660395094541,,,
StoreNet,2020-11-02,TARIFF_L1.000,tariff,VPP_BM_DEMAND_CHARGE,ok,,"",NaN,NaN,1,0.95,0.95,1.762738125,60,20,10,DC_SOURCE,0.07,1,10,3.3,60,41.529933995,21.8943582442183,37.200360588,12.8040133083795,18.23856,18.2003795,18.2003795,14.5457255,32.4372214675473,11.41484,11.41484,11.41484,8.5777796,239.927647977048,74.0908837952095,0,4.71011260239519,43.8520614675473,NaN,NaN,2.76889622341514e-13,3.59087759527199e-16,2.22044604925031e-16,2.76889622341514e-13,0,0,0,2.19602114270856e-13,0,0,0,0,3.5527136788005e-14,1,0,2,billPlusDemandChargeEUR,43.8520570823416,,,
StoreNet,2020-11-15,ANCHOR_VPP_BM,anchor,VPP_BM,ok,,"",NaN,NaN,NaN,0.95,0.95,2.12799120833333,60,20,10,DC_SOURCE,0.07,0,10,3.3,60,50.7856081468421,36.1258029635365,47.6364833718421,31.9032449127956,25.4903844736842,25.2639187236842,25.2639187236842,11.8111594473684,32.4388994138802,75.8006984210526,15.1574842105263,75.8006984210526,75.8006984210526,309.103346630554,321.464967523516,0,36.9677982382419,NaN,NaN,NaN,6.88338275267597e-15,6.88338275267597e-15,6.66133814775094e-16,4.21884749357559e-15,0,0,0,2.22044604925031e-16,0,3.10862446895044e-15,4.55191440096314e-15,0,2.8421709430404e-14,1,0,2,billEUR,32.4388961699905,/Users/guichenxiang/Desktop/電力專案/StoreNet/results/bahloul_vpp_improvement_v2_frontier/storenet_monthly_2020/cases/2020-11-15/ANCHOR_VPP_BM,5f95f56e93f0ed126c4fe6c91859d0d41ae083c22162a1ac28941e57ccbbd55e,6a50faa95da1764ba6a7111f425510b2f4621493ef7a8637a6d96738248245db
StoreNet,2020-11-15,ANCHOR_VPP_BM_PEAK_LEX,anchor,VPP_BM_PEAK_LEX,ok,,"",NaN,NaN,NaN,0.95,0.95,2.21092054166667,60,20,10,DC_SOURCE,0.07,0,10,3.3,60,50.7856081468421,36.1258029635365,47.6364833718421,31.9032449127956,25.4903844736842,25.2639187236842,25.2639187236842,11.8111594473684,32.4388994138802,24.6271184729025,15.1574842105263,24.6271184729025,24.6271184729025,309.103335728411,321.46568879077,0,36.9673995651329,NaN,NaN,NaN,1.55431223447522e-15,5.55111512312578e-16,8.88178419700125e-16,1.55431223447522e-15,0,0,0,4.44089209850063e-16,8.88178419700125e-16,4.44089209850063e-16,1.55431223447522e-15,0,2.8421709430404e-14,1,0,3,billEUR,32.4388961699905,/Users/guichenxiang/Desktop/電力專案/StoreNet/results/bahloul_vpp_improvement_v2_frontier/storenet_monthly_2020/cases/2020-11-15/ANCHOR_VPP_BM_PEAK_LEX,23c84611fafa2324a2962e82d0c2084e47d5c2a2539f1f55df0f4308b956d7e8,b1db3edc4f7db76f4d507f3ff212763e8eff398a8a6c8a57557a15f21380e93d
StoreNet,2020-11-15,ANCHOR_PS,anchor,PS,ok,,"",NaN,NaN,NaN,0.95,0.95,2.48428083333333,60,20,10,DC_SOURCE,0.07,0,10,3.3,60,50.7856081468421,16.8546222320088,47.6364833718421,11.3580962392718,25.4903844736842,25.2639187236842,25.2639187236842,11.8111594473684,42.2258857454636,12.5209369532528,12.5209369532528,12.5209369532528,3.34941979535808,295.276631431217,108.312234801212,0,2.00446295611999,NaN,NaN,NaN,2.8199664825479e-14,1.4432899320127e-15,6.66133814775094e-16,2.8199664825479e-14,0,0,0,1.11022302462516e-16,0,4.44089209850063e-16,0,0,2.48689957516035e-14,1,2.58815539071055e-09,3,systemPeakKW,12.5209357011592,/Users/guichenxiang/Desktop/電力專案/StoreNet/results/bahloul_vpp_improvement_v2_frontier/storenet_monthly_2020/cases/2020-11-15/ANCHOR_PS,d79a31e24c50a7c415b870f35559c884bb3b58df497c74068354f36a9babe786,1475cc915548b2f1ad5adfb27a2390ee36de896bad814ae2f022992cf4efe4ae
StoreNet,2020-11-15,FRONTIER_R2.000,frontier,IMPROVED_PEAK_GUARD,ok,,"",2,50.5278374473684,NaN,0.95,0.95,1.50901520833333,60,20,10,DC_SOURCE,0.07,0,10,3.3,60,50.7856081468421,36.1258029635365,47.6364833718421,31.9032449127956,25.4903844736842,25.2639187236842,25.2639187236842,11.8111594473684,32.4388994138802,50.5278374473684,12.668375825,50.5278374473684,50.5278374473684,309.103346630554,321.464967523513,0,36.9677982382435,NaN,0,0,2.55351295663786e-15,1.55431223447522e-15,2.22044604925031e-16,2.55351295663786e-15,0,0,0,2.22044604925031e-16,0,4.44089209850063e-16,3.77475828372553e-15,0,2.8421709430404e-14,1,0,2,billEUR,32.4388961699905,,,
StoreNet,2020-11-15,FRONTIER_R1.500,frontier,IMPROVED_PEAK_GUARD,ok,,"",1.5,37.8958780855263,NaN,0.95,0.95,1.46536808333333,60,20,10,DC_SOURCE,0.07,0,10,3.3,60,50.7856081468421,36.1258029635366,47.6364833718421,31.9032449127956,25.4903844736842,25.2639187236842,25.2639187236842,11.8111594473684,32.4388994138802,37.8958780855263,15.1574842105263,37.8958780855263,37.8958780855263,309.103346630554,321.464967523522,0,36.9677982382391,NaN,1.4210854715202e-14,1.4210854715202e-14,3.10862446895044e-15,2.22044604925031e-16,6.66133814775094e-16,3.10862446895044e-15,0,0,0,4.44089209850063e-16,0,4.44089209850063e-16,4.44089209850063e-16,0,2.1316282072803e-14,1,0,2,billEUR,32.4388961699905,,,
StoreNet,2020-11-15,FRONTIER_R1.250,frontier,IMPROVED_PEAK_GUARD,ok,,"",1.25,31.5798984046053,NaN,0.95,0.95,1.1994175,60,20,10,DC_SOURCE,0.07,0,10,3.3,60,50.7856081468421,36.1258029635365,47.6364833718421,31.9032449127956,25.4903844736842,25.2639187236842,25.2639187236842,11.8111594473684,32.4388994138802,31.5798984046053,15.1574842105263,31.5798984046053,31.5798984046053,309.103346630554,321.464967523514,0,36.967798238243,NaN,7.105427357601e-15,7.105427357601e-15,1.33226762955019e-15,2.22044604925031e-16,4.44089209850063e-16,1.33226762955019e-15,0,0,0,4.44089209850063e-16,0,4.44089209850063e-16,5.55111512312578e-16,0,2.1316282072803e-14,1,0,2,billEUR,32.4388961699905,,,
StoreNet,2020-11-15,FRONTIER_R1.000,frontier,IMPROVED_PEAK_GUARD,ok,,"",1,25.2639187236842,NaN,0.95,0.95,1.015381625,60,20,10,DC_SOURCE,0.07,0,10,3.3,60,50.7856081468421,36.1258029635365,47.6364833718421,31.9032449127956,25.4903844736842,25.2639187236842,25.2639187236842,11.8111594473684,32.4388994138802,25.2639187236842,15.1574842105263,25.2639187236842,25.2639187236842,309.103346630554,321.464967523517,0,36.9677982382415,NaN,3.5527136788005e-15,3.5527136788005e-15,1.77635683940025e-15,2.22044604925031e-16,8.88178419700125e-16,1.77635683940025e-15,0,0,0,4.44089209850063e-16,8.88178419700125e-16,4.44089209850063e-16,1.11022302462516e-15,0,1.4210854715202e-14,1,3.00604488283173e-15,2,billEUR,32.4388961699905,,,
StoreNet,2020-11-15,FRONTIER_R0.900,frontier,IMPROVED_PEAK_GUARD,ok,,"",0.9,22.7375268513158,NaN,0.95,0.95,1.27772795833333,60,20,10,DC_SOURCE,0.07,0,10,3.3,60,50.7856081468421,33.4532400645833,47.6364833718421,29.0540057891902,25.4903844736842,25.2639187236842,25.2639187236842,11.8111594473684,33.7961767352205,22.7375268513158,15.1574842105263,22.7375268513158,22.7375268513158,306.067242692875,285.562617735776,0,19.914250302737,NaN,1.4210854715202e-14,1.4210854715202e-14,3.99680288865056e-15,3.33066907387547e-16,2.22044604925031e-16,3.99680288865056e-15,0,0,0,4.44089209850063e-16,8.88178419700125e-16,4.44089209850063e-16,4.57966997657877e-16,0,2.1316282072803e-14,1,0,2,billEUR,33.7961733556031,,,
StoreNet,2020-11-15,FRONTIER_R0.800,frontier,IMPROVED_PEAK_GUARD,ok,,"",0.8,20.2111349789474,NaN,0.95,0.95,0.896009083333333,60,20,10,DC_SOURCE,0.07,0,10,3.3,60,50.7856081468421,29.6572381579082,47.6364833718421,25.007060009162,25.4903844736842,25.2639187236842,25.2639187236842,11.8111594473684,35.7239993887911,20.2111349789474,15.7460905263158,20.2111349789474,20.2111349789474,302.591155193036,247.365701406919,0,1.90572129654038,NaN,7.105427357601e-15,7.105427357601e-15,8.88178419700125e-16,2.22044604925031e-16,2.22044604925031e-16,8.88178419700125e-16,0,0,0,1.33226762955019e-15,8.88178419700125e-16,4.44089209850063e-16,5.68989300120393e-16,0,0,1,9.14584381663543e-14,2,billEUR,35.7239958163915,,,
StoreNet,2020-11-15,FRONTIER_R0.700,frontier,IMPROVED_PEAK_GUARD,ok,,"",0.7,17.6847431065789,NaN,0.95,0.95,0.673813041666667,60,20,10,DC_SOURCE,0.07,0,10,3.3,60,50.7856081468421,25.4743271013538,47.6364833718421,20.5476275155191,25.4903844736842,25.2639187236842,25.2639187236842,11.8111594473684,37.8483162071038,17.684743106579,17.684743106579,17.684743106579,17.684743106579,300.127924212486,199.364146331039,0,1.9057760469805,NaN,7.105427357601e-15,7.105427357601e-15,7.105427357601e-15,2.22044604925031e-16,2.44249065417534e-15,7.105427357601e-15,0,0,0,2.33146835171283e-15,8.88178419700125e-16,0,2.77555756156289e-17,0,2.8421709430404e-14,1,0,2,billEUR,37.8483124222725,,,
StoreNet,2020-11-15,FRONTIER_R0.600,frontier,IMPROVED_PEAK_GUARD,ok,,"",0.6,15.1583512342105,NaN,0.95,0.95,2.07055404166667,60,20,10,DC_SOURCE,0.07,0,10,3.3,60,50.7856081468421,21.2914160447995,47.6364833718421,16.0881950218765,25.4903844736842,25.2639187236842,25.2639187236842,11.8111594473684,39.9726330254164,15.1583512342105,15.1583512342105,15.1583512342105,14.8143098592105,297.664693231935,151.362591255211,0,1.90583079739463,NaN,3.5527136788005e-15,3.5527136788005e-15,2.66453525910038e-15,2.22044604925031e-16,4.44089209850063e-16,2.66453525910038e-15,0,0,0,1.11022302462516e-16,8.88178419700125e-16,4.44089209850063e-16,0,0,0,1,0,2,billEUR,39.9726290281535,,,
StoreNet,2020-11-15,FRONTIER_R0.500,frontier,IMPROVED_PEAK_GUARD,ok,,"",0.5,12.6319593618421,NaN,0.95,0.95,1.58783458333333,60,20,10,DC_SOURCE,0.07,0,10,3.3,60,50.7856081468421,17.0768912587053,47.6364833718421,11.5950588967558,25.4903844736842,25.2639187236842,25.2639187236842,11.8111594473684,42.1130050685337,12.6319593618421,12.6319593618421,12.6319593618421,3.46044220394737,295.28422114213,106.55167880469,0,1.94864019228492,NaN,3.5527136788005e-15,3.5527136788005e-15,8.88178419700125e-16,3.33066907387547e-16,5.55111512312578e-17,8.88178419700125e-16,0,0,0,1.11022302462516e-16,0,0,0,0,0,1,0,2,billEUR,42.1130008572336,,,
StoreNet,2020-11-15,TARIFF_L0.050,tariff,VPP_BM_DEMAND_CHARGE,ok,,"",NaN,NaN,0.05,0.95,0.95,2.123841625,60,20,10,DC_SOURCE,0.07,0,10,3.3,60,50.7856081468421,36.1258027210749,47.6364833718421,31.9032446543054,25.4903844736842,25.2639187236842,25.2639187236842,11.8111594473684,32.4388995370158,24.6271205263158,15.1574842105263,24.6271205263158,24.6271205263158,309.103347265274,321.464904051557,0,36.9678299742201,33.6702555633316,NaN,NaN,1.03028696685215e-12,1.19197186843056e-15,3.48832074337224e-13,1.03028696685215e-12,0,0,0,2.22044604925031e-16,8.88178419700125e-16,1.33226762955019e-15,8.88178419700125e-16,0,4.9737991503207e-14,1,0,2,billPlusDemandChargeEUR,33.6702521963063,,,
StoreNet,2020-11-15,TARIFF_L0.100,tariff,VPP_BM_DEMAND_CHARGE,ok,,"",NaN,NaN,0.1,0.95,0.95,1.18987466666667,60,20,10,DC_SOURCE,0.07,0,10,3.3,60,50.7856081468421,36.1258024786133,47.6364833718421,31.9032443958154,25.4903844736842,25.2639187236842,25.2639187236842,11.8111594473684,32.4388996601514,24.6271205263158,15.1574842105263,24.6271205263158,24.6271205263158,309.103347899994,321.464840579599,0,36.9678617102007,34.901611712783,NaN,NaN,1.04360964314765e-14,2.22044604925031e-16,2.22044604925031e-16,1.04360964314765e-14,0,0,0,2.22044604925031e-16,8.88178419700125e-16,2.66453525910038e-15,6.24500451351651e-16,0,2.8421709430404e-14,1,0,2,billPlusDemandChargeEUR,34.9016082226221,,,
StoreNet,2020-11-15,TARIFF_L0.200,tariff,VPP_BM_DEMAND_CHARGE,ok,,"",NaN,NaN,0.2,0.95,0.95,2.00554383333333,60,20,10,DC_SOURCE,0.07,0,10,3.3,60,50.7856081468421,36.1258019936901,47.6364833718421,31.9032438788351,25.4903844736842,25.2639187236842,25.2639187236842,11.8111594473684,32.4388999064226,24.6271205263158,15.1574842105263,24.6271205263158,24.6271205263158,309.103349169433,321.464713635675,0,36.9679251821627,37.3643240116857,NaN,NaN,2.8510527272374e-13,2.22044604925031e-16,4.44089209850063e-16,2.8510527272374e-13,0,0,0,2.22044604925031e-16,8.88178419700125e-16,4.44089209850063e-16,5.55111512312578e-16,0,2.8421709430404e-14,1,0,2,billPlusDemandChargeEUR,37.3643202752537,,,
StoreNet,2020-11-15,TARIFF_L0.500,tariff,VPP_BM_DEMAND_CHARGE,ok,,"",NaN,NaN,0.5,0.95,0.95,1.55135708333333,60,20,10,DC_SOURCE,0.07,0,10,3.3,60,50.7856081468421,36.1258005389205,47.6364833718421,31.9032423278944,25.4903844736842,25.2639187236842,25.2639187236842,11.8111594473684,32.4389006452362,24.6271205263158,13.706743425,24.6271205263158,24.6271205263175,309.10335297775,321.464332803908,0,36.9681155980459,44.7524609083941,NaN,NaN,2.8110846983509e-13,6.3504757008559e-14,5.48172618408671e-16,2.8110846983509e-13,0,0,0,5.32907051820075e-15,8.88178419700125e-16,4.44089209850063e-16,1.71795910830497e-12,0,0,1,8.66449941704304e-15,2,billPlusDemandChargeEUR,44.7524564331484,,,
StoreNet,2020-11-15,TARIFF_L1.000,tariff,VPP_BM_DEMAND_CHARGE,ok,,"",NaN,NaN,1,0.95,0.95,2.92177566666667,60,20,10,DC_SOURCE,0.07,0,10,3.3,60,50.7856081468421,17.2595146908443,47.6364833718421,11.7897550919104,25.4903844736842,25.2639187236842,25.2639187236842,11.8111594473684,42.0202586479033,12.7233648513047,12.7233648513047,12.7233648513032,3.55184769340994,295.291443995297,105.011601310092,0,1.94895513233502,54.743623499208,NaN,NaN,5.06261699229071e-12,3.33066907387547e-16,5.55111512312578e-17,5.06261699229071e-12,0,0,0,1.66977542903624e-12,0,4.44089209850063e-16,0,0,1.17950094136177e-12,1,0,2,billPlusDemandChargeEUR,54.743618024845,,,
StoreNet,2020-11-16,ANCHOR_VPP_BM,anchor,VPP_BM,ok,,"",NaN,NaN,NaN,0.95,0.95,1.718233,60,20,10,DC_SOURCE,0.07,0,10,3.3,60,47.4608504468421,29.5588662957345,47.2084916728421,29.1823145883855,24.038322930622,24.038322930622,24.038322930622,18.2878583421053,33.4319611204415,81.8506094736842,13.3478825789474,81.8506094736842,81.8506094736842,322.491975445525,319.999911566811,0,28.7677414942352,NaN,NaN,NaN,3.99680288865056e-15,1.1652462848788e-16,0,3.99680288865056e-15,0,0,0,8.88178419700125e-16,0,4.44089209850063e-16,2.22044604925031e-15,0,0,1,3.5527146606064e-16,2,billEUR,33.4319577772458,/Users/guichenxiang/Desktop/電力專案/StoreNet/results/bahloul_vpp_improvement_v2_frontier/storenet_monthly_2020/cases/2020-11-16/ANCHOR_VPP_BM,adf070ce977aa858fb490f6c9c517b9606a81fc11b64862e544fd413012c9166,10f8aa093105e18f883deedfb440ab47f957e75b9a4afe5b72d8d2a744469cfb
StoreNet,2020-11-16,ANCHOR_VPP_BM_PEAK_LEX,anchor,VPP_BM_PEAK_LEX,ok,,"",NaN,NaN,NaN,0.95,0.95,2.442387,60,20,10,DC_SOURCE,0.07,0,10,3.3,60,47.4608504468421,29.5588662957344,47.2084916728421,29.1823145883854,24.038322930622,24.038322930622,24.038322930622,18.2878583421053,33.4319611204416,26.352163059785,13.3609915789474,26.352163059785,26.352163059785,322.491975445525,319.99991156681,0,28.7677414942349,NaN,NaN,NaN,4.55191440096314e-15,1.38777878078145e-17,6.66133814775094e-16,4.55191440096314e-15,0,0,0,1.11022302462516e-16,1.33226762955019e-15,1.33226762955019e-15,2.94209101525666e-15,0,1.06581410364015e-14,1,2.12533989332717e-16,3,billEUR,33.4319577772458,/Users/guichenxiang/Desktop/電力專案/StoreNet/results/bahloul_vpp_improvement_v2_frontier/storenet_monthly_2020/cases/2020-11-16/ANCHOR_VPP_BM_PEAK_LEX,f9fdc00aab6936147fcadcff14b8cefa44437bc7ec61027032ae4a0759f18081,3db47a69d08a60fceb6dbd484cd6bf5042622344187f1d4fd7296a93c0578a8f
StoreNet,2020-11-16,ANCHOR_PS,anchor,PS,ok,,"",NaN,NaN,NaN,0.95,0.95,4.84408029166667,60,20,10,DC_SOURCE,0.07,0,10,3.3,60,47.4608504468421,6.49622579472478,47.2084916728421,5.99638991802824,24.038322930622,24.038322930622,24.038322930622,18.2878583421053,44.3776864377186,13.1626407969887,13.1626407969887,13.1626407969887,3.51332658646234,308.88640895516,94.4296733662511,0,0.00103223860620382,NaN,NaN,NaN,4.30766533554561e-14,1.50785417138422e-16,0,4.30766533554561e-14,0,0,0,3.85247389544929e-14,8.88178419700125e-16,0,0,0,5.32907051820075e-15,1,0,3,systemPeakKW,13.1626394807247,/Users/guichenxiang/Desktop/電力專案/StoreNet/results/bahloul_vpp_improvement_v2_frontier/storenet_monthly_2020/cases/2020-11-16/ANCHOR_PS,7a46f5f664ab95e83c78514e7d3e0377aa5adccc8ed45433c61466edca062010,166fe2308059db8865ed2ede715652ffd24feac2768fb8bc1defa59232ba7378
StoreNet,2020-11-16,FRONTIER_R2.000,frontier,IMPROVED_PEAK_GUARD,ok,,"",2,48.076645861244,NaN,0.95,0.95,1.2686495,60,20,10,DC_SOURCE,0.07,0,10,3.3,60,47.4608504468421,29.5588662957345,47.2084916728421,29.1823145883855,24.038322930622,24.038322930622,24.038322930622,18.2878583421053,33.4319611204416,48.076645861244,13.3609915789474,48.076645861244,48.076645861244,322.491975445525,319.999911566811,0,28.767741494235,NaN,1.4210854715202e-14,1.4210854715202e-14,1.77635683940025e-15,1.1652462848788e-16,0,1.77635683940025e-15,0,0,0,0,0,4.44089209850063e-16,1.11022302462516e-16,0,0,1,0,2,billEUR,33.4319577772458,,,
StoreNet,2020-11-16,FRONTIER_R1.500,frontier,IMPROVED_PEAK_GUARD,ok,,"",1.5,36.057484395933,NaN,0.95,0.95,1.193883,60,20,10,DC_SOURCE,0.07,0,10,3.3,60,47.4608504468421,29.5588662957344,47.2084916728421,29.1823145883855,24.038322930622,24.038322930622,24.038322930622,18.2878583421053,33.4319611204416,36.057484395933,13.3609915789474,36.057484395933,36.057484395933,322.491975445525,319.999911566811,0,28.767741494235,NaN,1.4210854715202e-14,1.4210854715202e-14,4.21884749357559e-15,1.38777878078145e-17,4.44089209850063e-16,4.21884749357559e-15,0,0,0,8.88178419700125e-16,0,4.44089209850063e-16,3.33066907387547e-15,0,7.105427357601e-15,1,0,2,billEUR,33.4319577772458,,,
StoreNet,2020-11-16,FRONTIER_R1.250,frontier,IMPROVED_PEAK_GUARD,ok,,"",1.25,30.0479036632775,NaN,0.95,0.95,1.05152691666667,60,20,10,DC_SOURCE,0.07,0,10,3.3,60,47.4608504468421,29.5588662957344,47.2084916728421,29.1823145883854,24.038322930622,24.038322930622,24.038322930622,18.2878583421053,33.4319611204416,30.0479036632775,13.3609915789474,30.0479036632775,30.0479036632775,322.491975445525,319.99991156681,0,28.7677414942348,NaN,1.06581410364015e-14,1.06581410364015e-14,5.32907051820075e-15,1.38777878078145e-17,3.77475828372553e-15,5.32907051820075e-15,0,0,0,1.11022302462516e-16,8.88178419700125e-16,4.44089209850063e-16,2.55351295663786e-15,0,2.1316282072803e-14,1,0,2,billEUR,33.4319577772458,,,
StoreNet,2020-11-16,FRONTIER_R1.000,frontier,IMPROVED_PEAK_GUARD,ok,,"",1,24.038322930622,NaN,0.95,0.95,1.16914395833333,60,20,10,DC_SOURCE,0.07,0,10,3.3,60,47.4608504468421,26.0570095354889,47.2084916728421,25.6617382239453,24.038322930622,24.038322930622,24.038322930622,18.2878583421053,35.0939721202843,24.038322930622,14.5878865789474,24.038322930622,24.038322930622,318.774209201927,276.036906352329,0,7.88531401735623,NaN,1.06581410364015e-14,1.06581410364015e-14,1.55431223447522e-15,2.35922392732846e-16,5.55111512312578e-17,1.55431223447522e-15,0,0,0,1.11022302462516e-16,8.88178419700125e-16,0,6.66133814775094e-16,0,0,1,1.02963439947146e-15,2,billEUR,35.0939686108875,,,
StoreNet,2020-11-16,FRONTIER_R0.900,frontier,IMPROVED_PEAK_GUARD,ok,,"",0.9,21.6344906375598,NaN,0.95,0.95,1.26810883333333,60,20,10,DC_SOURCE,0.07,0,10,3.3,60,47.4608504468421,22.0232772147678,47.2084916728421,21.6064430930807,24.038322930622,24.038322930622,24.038322930622,18.2878583421053,37.0084157844477,21.6344906375598,17.5288974210526,21.6344906375598,21.6322206375598,315.879886700096,230.416762963534,0,0.00095382505107805,NaN,2.1316282072803e-14,2.1316282072803e-14,2.66453525910038e-15,1.1652462848788e-16,0,2.66453525910038e-15,0,0,0,1.33226762955019e-15,8.88178419700125e-16,0,0,0,0,1,7.40094836804092e-16,2,billEUR,37.0084120836065,,,
StoreNet,2020-11-16,FRONTIER_R0.800,frontier,IMPROVED_PEAK_GUARD,ok,,"",0.8,19.2306583444976,NaN,0.95,0.95,0.837657958333333,60,20,10,DC_SOURCE,0.07,0,10,3.3,60,47.4608504468421,17.7644719194713,47.2084916728421,17.3248718324899,24.038322930622,24.038322930622,24.038322930622,18.2878583421053,39.0296809964706,19.2306583444976,18.4202405789474,19.2306583444976,19.2299533433932,313.536164793749,184.742491456432,0,0.0016827945114343,NaN,3.5527136788005e-15,3.5527136788005e-15,2.4980018054066e-15,1.1652462848788e-16,0,2.4980018054066e-15,0,0,0,1.77635683940025e-15,8.88178419700125e-16,0,0,0,0,1,6.72891807962248e-08,2,billEUR,39.0296770935029,,,
StoreNet,2020-11-16,FRONTIER_R0.700,frontier,IMPROVED_PEAK_GUARD,ok,,"",0.7,16.8268260514354,NaN,0.95,0.95,1.672584625,60,20,10,DC_SOURCE,0.07,0,10,3.3,60,47.4608504468421,13.4473644489882,47.2084916728421,12.9846867352944,24.038322930622,24.038322930622,24.038322930622,18.2878583421053,41.078616916666,16.8268260514354,16.8268260514354,16.8268260514354,16.5429275514354,311.335075403756,141.846447525286,0,0.00105872712986244,NaN,3.5527136788005e-15,3.5527136788005e-15,2.4308040960214e-15,1.1652462848788e-16,0,2.4308040960214e-15,0,0,0,4.44089209850063e-16,8.88178419700125e-16,0,0,0,0,1,1.04192168092017e-14,2,billEUR,41.0786128088047,,,
StoreNet,2020-11-16,FRONTIER_R0.600,frontier,IMPROVED_PEAK_GUARD,ok,,"",0.6,14.4229937583732,NaN,0.95,0.95,1.36686829166667,60,20,10,DC_SOURCE,0.07,0,10,3.3,60,47.4608504468421,9.07483928866977,47.2084916728421,8.58878770621549,24.038322930622,24.038322930622,24.038322930622,18.2878583421053,43.1538545437553,14.4229937583732,14.4229937583732,14.4229937583732,12.6946327583731,309.269561822494,101.592421202012,0,0.00111221263045178,NaN,3.5527136788005e-15,3.5527136788005e-15,5.80958892104633e-14,5.80958892104633e-14,2.66453525910038e-15,1.55431223447522e-14,0,0,0,1.4432899320127e-15,8.88178419700125e-16,0,0,0,0,1,1.98631093312178e-14,2,billEUR,43.1538502283703,,,
StoreNet,2020-11-16,FRONTIER_R0.500,frontier,IMPROVED_PEAK_GUARD,infeasible,StoreNet:OptimizationFailed,"Optimization failed during bill (exit flag -2).",0.5,12.019161465311,NaN,0.95,0.95,0.0974332916666667,60,20,10,DC_SOURCE,0.07,0,10,3.3,60,47.4608504468421,NaN,47.2084916728421,NaN,24.038322930622,24.038322930622,24.038322930622,18.2878583421053,NaN,NaN,NaN,NaN,NaN,NaN,NaN,NaN,NaN,NaN,NaN,NaN,NaN,NaN,NaN,NaN,NaN,NaN,NaN,NaN,NaN,NaN,NaN,NaN,NaN,NaN,NaN,NaN,,NaN,,,
StoreNet,2020-11-16,TARIFF_L0.050,tariff,VPP_BM_DEMAND_CHARGE,ok,,"",NaN,NaN,0.05,0.95,0.95,1.659204875,60,20,10,DC_SOURCE,0.07,0,10,3.3,60,47.4608504468421,29.5588654703188,47.2084916728421,29.1823137585574,24.038322930622,24.038322930622,24.038322930622,18.2878583421053,33.4319615121909,26.3521598791778,13.3609915789474,26.3521598791778,26.3521598791778,322.491974569218,319.999901204378,0,28.7677365720798,34.7495695061498,NaN,NaN,3.24185123190546e-14,5.82867087928207e-16,1.55431223447522e-14,3.24185123190546e-14,0,0,0,1.77635683940025e-15,8.88178419700125e-16,4.44089209850063e-16,1.33226762955019e-15,0,7.105427357601e-15,1,0,2,billPlusDemandChargeEUR,34.7495660311932,,,
StoreNet,2020-11-16,TARIFF_L0.100,tariff,VPP_BM_DEMAND_CHARGE,ok,,"",NaN,NaN,0.1,0.95,0.95,2.23617479166667,60,20,10,DC_SOURCE,0.07,0,10,3.3,60,47.4608504468421,29.5588645114034,47.2084916728421,29.1823127945161,24.038322930622,24.038322930622,24.038322930622,18.2878583421053,33.4319619673002,26.3521592455771,12.9732884210526,26.3521592455771,26.3521592455771,322.49197355118,319.999889165965,0,28.7677308538332,36.067177891858,NaN,NaN,3.27515792264421e-14,1.1652462848788e-16,5.55111512312578e-17,3.27515792264421e-14,0,0,0,1.77635683940025e-15,8.88178419700125e-16,0,9.71445146547012e-15,0,7.105427357601e-15,1,0,2,billPlusDemandChargeEUR,36.0671742851405,,,
StoreNet,2020-11-16,TARIFF_L0.200,tariff,VPP_BM_DEMAND_CHARGE,ok,,"",NaN,NaN,0.2,0.95,0.95,1.58878633333333,60,20,10,DC_SOURCE,0.07,0,10,3.3,60,47.4608504468421,29.5588620385276,47.2084916728421,29.1823103084212,24.038322930622,24.038322930622,24.038322930622,18.2878583421053,33.4319631409481,26.3521576116311,13.3609915789474,26.3521576116311,26.3521576116311,322.491970925837,319.999858120991,0,28.7677161074706,38.7023946632743,NaN,NaN,3.46389583683049e-14,5.03069808033274e-17,1.11022302462516e-16,3.46389583683049e-14,0,0,0,1.11022302462516e-16,8.88178419700125e-16,4.44089209850063e-16,8.88178419700125e-16,0,0,1,0,2,billPlusDemandChargeEUR,38.7023907930353,,,
StoreNet,2020-11-16,TARIFF_L0.500,tariff,VPP_BM_DEMAND_CHARGE,ok,,"",NaN,NaN,0.5,0.95,0.95,1.7567805,60,20,10,DC_SOURCE,0.07,0,10,3.3,60,47.4608504468421,29.5588410258551,47.2084916728421,29.1822891834229,24.038322930622,24.038322930622,24.038322930622,18.2878583421053,33.4319731137412,26.3521437275646,12.3014528516746,26.3521437275646,26.3521437275646,322.491948617613,319.999594323728,0,28.7675908037706,46.6080449775235,NaN,NaN,2.35393302072673e-14,1.30798150088651e-15,0,2.35393302072673e-14,0,0,0,1.11022302462516e-16,8.88178419700125e-16,0,8.88178419700125e-16,0,7.105427357601e-15,1,0,2,billPlusDemandChargeEUR,46.6080403167195,,,
StoreNet,2020-11-16,TARIFF_L1.000,tariff,VPP_BM_DEMAND_CHARGE,ok,,"",NaN,NaN,1,0.95,0.95,3.92111754166667,60,20,10,DC_SOURCE,0.07,0,10,3.3,60,47.4608504468421,7.30388307664805,47.2084916728421,6.8083646308682,24.038322930622,24.038322930622,24.038322930622,18.2878583421053,43.994365423022,13.4664343291736,13.4664343291736,13.4664343291736,4.16019135548942,308.523451859562,87.0520786938478,0,0.00143180479557085,57.4607997521956,NaN,NaN,2.57571741713036e-14,1.38777878078145e-16,2.22044604925031e-16,2.57571741713036e-14,0,0,0,1.11022302462516e-16,8.88178419700125e-16,0,0,0,0,1,0,2,billPlusDemandChargeEUR,57.4607940061162,,,
StoreNet,2020-12-01,ANCHOR_VPP_BM,anchor,VPP_BM,ok,,"",NaN,NaN,NaN,0.95,0.95,1.106077125,60,20,10,DC_SOURCE,0.07,0,10,3.3,60,53.44760642,34.6483081112993,49.985646892,30.1221105631544,29.02741,29.0186035,29.0186035,16.0312505,34.9289150694838,69.8011815789474,12.71344,69.8011815789474,69.8011815789474,339.832302940909,320.318663066948,0,51.828910466526,NaN,NaN,NaN,7.37188088351104e-14,2.35922392732846e-16,4.44089209850063e-16,7.37188088351104e-14,0,0,0,4.44089209850063e-14,0,4.44089209850063e-16,4.27435864480685e-14,0,0,1,8.13701548302771e-16,2,billEUR,34.9289115765926,/Users/guichenxiang/Desktop/電力專案/StoreNet/results/bahloul_vpp_improvement_v2_frontier/storenet_monthly_2020/cases/2020-12-01/ANCHOR_VPP_BM,7275eeb362224b6ee048ef8960f38d653643832326e66b24ee635873e30d84e5,9eb3ccbd53dd90846d6a653e606c8c211365170ceb3e0d98af346950ebd49298
StoreNet,2020-12-01,ANCHOR_VPP_BM_PEAK_LEX,anchor,VPP_BM_PEAK_LEX,ok,,"",NaN,NaN,NaN,0.95,0.95,1.80070875,60,20,10,DC_SOURCE,0.07,0,10,3.3,60,53.44760642,34.6483081112993,49.985646892,30.1221105631544,29.02741,29.0186035,29.0186035,16.0312505,34.9289150694838,27.3499431353685,13.4714894965338,27.3499431353685,27.3499431353685,339.832291643883,320.319410459022,0,51.8284973531895,NaN,NaN,NaN,6.57807142090405e-15,1.11022302462516e-16,7.7715611723761e-16,6.57807142090405e-15,0,0,0,3.5527136788005e-15,8.88178419700125e-16,8.88178419700125e-16,5.55111512312578e-15,0,1.4210854715202e-14,1,8.13701548302771e-16,3,billEUR,34.9289115765926,/Users/guichenxiang/Desktop/電力專案/StoreNet/results/bahloul_vpp_improvement_v2_frontier/storenet_monthly_2020/cases/2020-12-01/ANCHOR_VPP_BM_PEAK_LEX,167e5999b20306c8292daeb12b44630aee35f67f16583128bdeb675c4a45c6ac,db25d7b8f9ff64a102029fc0dc0749735eedd1e16dfd2b45f49ee138744690dd
StoreNet,2020-12-01,ANCHOR_PS,anchor,PS,ok,,"",NaN,NaN,NaN,0.95,0.95,3.45175233333333,60,20,10,DC_SOURCE,0.07,0,10,3.3,60,53.44760642,13.5931673172939,49.985646892,7.60871025231852,29.02741,29.0186035,29.0186035,16.0312505,46.1823838522407,13.6537696814836,13.6537696814836,13.6537696814836,2.12699408720807,324.454999086916,104.486612116469,0,2.05894853746318,NaN,NaN,NaN,1.35564074585809e-15,2.35922392732846e-16,2.22044604925031e-16,1.35564074585809e-15,0,0,0,2.22044604925031e-16,0,0,0,0,1.4210854715202e-14,1,1.45055531384893e-08,3,systemPeakKW,13.6537683161068,/Users/guichenxiang/Desktop/電力專案/StoreNet/results/bahloul_vpp_improvement_v2_frontier/storenet_monthly_2020/cases/2020-12-01/ANCHOR_PS,36411cc7533f1bab67b42f841eba3b40b9e2c987077e4cb6d4cef8de4f01a519,9de6633b2e3ff42425838437dfb58f2dc597f4f003e585ecb8a3117cd5ad4c85
StoreNet,2020-12-01,FRONTIER_R2.000,frontier,IMPROVED_PEAK_GUARD,ok,,"",2,58.037207,NaN,0.95,0.95,1.72873016666667,60,20,10,DC_SOURCE,0.07,0,10,3.3,60,53.44760642,34.6483081112993,49.985646892,30.1221105631544,29.02741,29.0186035,29.0186035,16.0312505,34.9289150694838,58.037207,12.71344,58.037207,58.037207,339.832302940909,320.318663066942,0,51.8289104665288,NaN,0,0,2.66453525910038e-15,2.55351295663786e-15,2.22044604925031e-16,2.66453525910038e-15,0,0,0,4.44089209850063e-16,0,8.88178419700125e-16,1.66533453693773e-15,0,2.8421709430404e-14,1,0,2,billEUR,34.9289115765926,,,
StoreNet,2020-12-01,FRONTIER_R1.500,frontier,IMPROVED_PEAK_GUARD,ok,,"",1.5,43.52790525,NaN,0.95,0.95,1.56615541666667,60,20,10,DC_SOURCE,0.07,0,10,3.3,60,53.44760642,34.6483081112993,49.985646892,30.1221105631544,29.02741,29.0186035,29.0186035,16.0312505,34.9289150694838,43.52790525,13.618424031128,43.52790525,43.52790525,339.83230294091,320.318663066942,0,51.828910466529,NaN,7.105427357601e-15,7.105427357601e-15,3.01980662698043e-14,1.11022302462516e-15,0,3.01980662698043e-14,0,0,0,1.77635683940025e-15,0,4.44089209850063e-16,1.99840144432528e-15,0,2.8421709430404e-14,1,0,2,billEUR,34.9289115765926,,,
StoreNet,2020-12-01,FRONTIER_R1.250,frontier,IMPROVED_PEAK_GUARD,ok,,"",1.25,36.273254375,NaN,0.95,0.95,1.69873920833333,60,20,10,DC_SOURCE,0.07,0,10,3.3,60,53.44760642,34.6483081112993,49.985646892,30.1221105631544,29.02741,29.0186035,29.0186035,16.0312505,34.9289150694838,36.273254375,13.81257,36.273254375,36.273254375,339.832302940909,320.318663066948,0,51.8289104665261,NaN,7.105427357601e-15,7.105427357601e-15,7.99360577730113e-15,6.66133814775094e-16,6.38378239159465e-16,7.99360577730113e-15,0,0,0,4.44089209850063e-16,0,4.44089209850063e-16,2.19269047363468e-15,0,7.105427357601e-15,1,0,2,billEUR,34.9289115765926,,,
StoreNet,2020-12-01,FRONTIER_R1.000,frontier,IMPROVED_PEAK_GUARD,ok,,"",1,29.0186035,NaN,0.95,0.95,1.641867125,60,20,10,DC_SOURCE,0.07,0,10,3.3,60,53.44760642,34.6483081112993,49.985646892,30.1221105631544,29.02741,29.0186035,29.0186035,16.0312505,34.9289150694838,29.0186035,13.2190244699999,29.0186035,29.0186035,339.83230294091,320.318663066938,0,51.8289104665309,NaN,7.105427357601e-15,7.105427357601e-15,7.98250354705488e-14,7.98250354705488e-14,7.58282325818982e-14,2.66453525910038e-15,0,0,0,7.99360577730113e-14,8.88178419700125e-16,9.28146448586631e-14,2.38697950294409e-15,0,2.8421709430404e-14,1,0,2,billEUR,34.9289115765926,,,
StoreNet,2020-12-01,FRONTIER_R0.900,frontier,IMPROVED_PEAK_GUARD,ok,,"",0.9,26.11674315,NaN,0.95,0.95,1.244640625,60,20,10,DC_SOURCE,0.07,0,10,3.3,60,53.44760642,32.990988896515,49.985646892,28.3500069571836,29.02741,29.0186035,29.0186035,16.0312505,35.8147125205248,26.11674315,14.11087,26.11674315,26.11674315,337.85085590219,296.887777257296,0,40.6992842251018,NaN,7.105427357601e-15,7.105427357601e-15,2.66453525910038e-15,1.11022302462516e-16,2.22044604925031e-16,2.66453525910038e-15,0,0,0,4.44089209850063e-16,8.88178419700125e-16,4.44089209850063e-16,1.77635683940025e-15,0,7.105427357601e-15,1,0,2,billEUR,35.8147089390539,,,
StoreNet,2020-12-01,FRONTIER_R0.800,frontier,IMPROVED_PEAK_GUARD,ok,,"",0.8,23.2148828,NaN,0.95,0.95,0.98892925,60,20,10,DC_SOURCE,0.07,0,10,3.3,60,53.44760642,29.0911343103429,49.985646892,24.1800520605848,29.02741,29.0186035,29.0186035,16.0312505,37.8990914506943,23.2148828,16.301451,23.2148828,23.2148828,333.188292859249,241.752323165095,0,14.5100482874526,NaN,1.06581410364015e-14,1.06581410364015e-14,2.88657986402541e-15,2.22044604925031e-16,4.44089209850063e-16,2.88657986402541e-15,0,0,0,1.77635683940025e-15,8.88178419700125e-16,4.44089209850063e-16,1.11022302462516e-15,0,7.105427357601e-15,1,0,2,billEUR,37.8990876607855,,,
StoreNet,2020-12-01,FRONTIER_R0.700,frontier,IMPROVED_PEAK_GUARD,ok,,"",0.7,20.31302245,NaN,0.95,0.95,0.673144541666667,60,20,10,DC_SOURCE,0.07,0,10,3.3,60,53.44760642,24.7344796897434,49.985646892,19.5216595829845,29.02741,29.0186035,29.0186035,16.0312505,40.2276190653911,20.31302245,18.639759,20.31302245,20.31302245,329.78422819016,198.115325908966,0,2.19276882051719,NaN,7.105427357601e-15,7.105427357601e-15,2.22044604925031e-14,2.22044604925031e-14,2.22044604925031e-16,1.33226762955019e-15,0,0,0,4.44089209850063e-16,8.88178419700125e-16,4.44089209850063e-16,0,0,0,1,0,2,billEUR,40.2276150426296,,,
StoreNet,2020-12-01,FRONTIER_R0.600,frontier,IMPROVED_PEAK_GUARD,ok,,"",0.6,17.4111621,NaN,0.95,0.95,1.70176279166667,60,20,10,DC_SOURCE,0.07,0,10,3.3,60,53.44760642,20.1692059895026,49.985646892,14.6401992618398,29.02741,29.0186035,29.0186035,16.0312505,42.6676485846916,17.4111621,17.4111621,17.4111621,17.150037745,326.954915606657,142.979853484247,0,2.19283170787657,NaN,7.105427357601e-15,7.105427357601e-15,4.38955394786374e-13,4.77395900588817e-15,4.10116385296533e-13,4.38955394786374e-13,0,0,0,1.23234755733392e-14,8.88178419700125e-16,4.44089209850063e-16,0,0,2.1316282072803e-14,1,0,2,billEUR,42.6676443179271,,,
StoreNet,2020-12-01,FRONTIER_R0.500,frontier,IMPROVED_PEAK_GUARD,ok,,"",0.5,14.50930175,NaN,0.95,0.95,0.923502708333333,60,20,10,DC_SOURCE,0.07,0,10,3.3,60,53.44760642,15.4638595690565,49.985646892,9.60896491384514,29.02741,29.0186035,29.0186035,16.0312505,45.1825436201892,14.50930175,14.50930175,14.50930175,6.42469168868421,324.297667136285,91.3076029715569,0,2.13761231422157,NaN,1.77635683940025e-15,1.77635683940025e-15,4.44089209850063e-16,2.35922392732846e-16,2.22044604925031e-16,4.44089209850063e-16,0,0,0,4.44089209850063e-16,0,4.44089209850063e-16,0,0,2.1316282072803e-14,1,0,2,billEUR,45.1825391019353,,,
StoreNet,2020-12-01,TARIFF_L0.050,tariff,VPP_BM_DEMAND_CHARGE,ok,,"",NaN,NaN,0.05,0.95,0.95,1.59276295833333,60,20,10,DC_SOURCE,0.07,0,10,3.3,60,53.44760642,34.6483078554416,49.985646892,30.1221102895762,29.02741,29.0186035,29.0186035,16.0312505,34.9289152062336,27.3499452631579,13.81257,27.3499452631579,27.3499452631579,339.832303645805,320.318592577394,0,51.8289457113024,36.2964124693915,NaN,NaN,4.91190421669785e-13,1.11022302462516e-16,4.44089209850063e-16,4.91190421669785e-13,0,0,0,2.22044604925031e-16,8.88178419700125e-16,4.44089209850063e-16,8.32667268468867e-16,0,9.9475983006414e-14,1,0,2,billPlusDemandChargeEUR,36.2964088397505,,,
StoreNet,2020-12-01,TARIFF_L0.100,tariff,VPP_BM_DEMAND_CHARGE,ok,,"",NaN,NaN,0.1,0.95,0.95,2.67454054166667,60,20,10,DC_SOURCE,0.07,0,10,3.3,60,53.44760642,34.6483075995845,49.985646892,30.1221100159987,29.02741,29.0186035,29.0186035,16.0312505,34.9289153429831,27.3499452631579,13.81257,27.3499452631579,27.3499452631586,339.8323043507,320.318522087844,0,51.8289809560783,37.6639098692989,NaN,NaN,6.22391027604863e-13,2.86229373536173e-16,1.11022302462516e-15,6.22391027604863e-13,0,0,0,2.22044604925031e-16,8.88178419700125e-16,4.44089209850063e-16,6.69575506151432e-13,0,0,1,0,2,billPlusDemandChargeEUR,37.6639061029084,,,
StoreNet,2020-12-01,TARIFF_L0.200,tariff,VPP_BM_DEMAND_CHARGE,ok,,"",NaN,NaN,0.2,0.95,0.95,1.80518958333333,60,20,10,DC_SOURCE,0.07,0,10,3.3,60,53.44760642,34.6483070878692,49.985646892,30.1221094688425,29.02741,29.0186035,29.0186035,16.0312505,34.9289156164827,27.3499452631579,13.2364339805693,27.3499452631579,27.3499452631579,339.832305760491,320.318381108752,0,51.8290514456242,40.3989046691143,NaN,NaN,3.10862446895044e-15,1.11022302462516e-16,4.44089209850063e-16,3.10862446895044e-15,0,0,0,2.22044604925031e-16,8.88178419700125e-16,4.44089209850063e-16,8.88178419700125e-16,0,1.4210854715202e-14,1,0,2,billPlusDemandChargeEUR,40.3989006292242,,,
StoreNet,2020-12-01,TARIFF_L0.500,tariff,VPP_BM_DEMAND_CHARGE,ok,,"",NaN,NaN,0.5,0.95,0.95,1.49750754166667,60,20,10,DC_SOURCE,0.07,0,10,3.3,60,53.44760642,34.6483055527242,49.985646892,30.1221078273748,29.02741,29.0186035,29.0186035,16.0312505,34.9289164369809,27.3499452631579,12.7061880435607,27.3499452631579,27.3499452631579,339.832309989864,320.317958171452,0,51.8292629142751,48.6038890685599,NaN,NaN,7.35841942933746e-13,1.11022302462516e-16,1.37667655053519e-14,7.35841942933746e-13,0,0,0,2.22044604925031e-16,8.88178419700125e-16,4.44089209850063e-16,1.46549439250521e-14,0,0,1,0,2,billPlusDemandChargeEUR,48.6038842081716,,,
StoreNet,2020-12-01,TARIFF_L1.000,tariff,VPP_BM_DEMAND_CHARGE,ok,,"",NaN,NaN,1,0.95,0.95,3.18060270833333,60,20,10,DC_SOURCE,0.07,0,10,3.3,60,53.44760642,15.212503027644,49.985646892,9.34019965157827,29.02741,29.0186035,29.0186035,16.0312505,45.3168876751543,14.3725532086447,14.3725532086447,14.3725532086446,6.44617119364466,324.19152258788,89.2636618375271,0,2.11936312736782,59.6894408837989,NaN,NaN,1.59872115546023e-14,2.35922392732846e-16,4.44089209850063e-16,1.59872115546023e-14,0,0,0,1.59872115546023e-14,0,4.44089209850063e-16,0,0,0,1,1.99319518572036e-13,2,billPlusDemandChargeEUR,59.6894349148554,,,
StoreNet,2020-12-02,ANCHOR_VPP_BM,anchor,VPP_BM,ok,,"",NaN,NaN,NaN,0.95,0.95,1.27787508333333,60,20,10,DC_SOURCE,0.07,1,10,3.3,60,43.548129165,39.1381625709759,41.052546439,35.4383738042503,24.00092,23.9856345,23.9856345,15.8949445,26.5041915757837,75.8724942105263,3.0970238758421e-05,75.8724942105263,75.8724942105263,291.254817426914,304.879063417682,0,45.1190656233992,NaN,NaN,NaN,4.66293670342566e-15,1.11022302462516e-16,4.44089209850063e-16,4.66293670342566e-15,0,0,0,1.11022302462516e-16,0,4.44089209850063e-16,2.52575738102223e-15,0,0,1,0,2,billEUR,26.5041889253649,/Users/guichenxiang/Desktop/電力專案/StoreNet/results/bahloul_vpp_improvement_v2_frontier/storenet_monthly_2020/cases/2020-12-02/ANCHOR_VPP_BM,806c3cef4d832761eac8ebbf0b7bb3a3c924f6d8bbea34088d78290d42e6375d,7bb9e54df424499daf15c851316c4b26c20211b3a2389ea24e26567c338f35f9
StoreNet,2020-12-02,ANCHOR_VPP_BM_PEAK_LEX,anchor,VPP_BM_PEAK_LEX,ok,,"",NaN,NaN,NaN,0.95,0.95,1.816548875,60,20,10,DC_SOURCE,0.07,1,10,3.3,60,43.548129165,39.1381625709758,41.052546439,35.4383738042502,24.00092,23.9856345,23.9856345,15.8949445,26.5041915757838,26.4744216431094,3.09702390107192e-05,26.4744216431094,26.4744216431094,291.254817426914,304.879063417682,0,45.1190656233989,NaN,NaN,NaN,1.55431223447522e-15,8.88178419700125e-16,4.44089209850063e-16,1.55431223447522e-15,0,0,0,1.11022302462516e-16,8.88178419700125e-16,4.44089209850063e-16,2.90045765183322e-15,0,1.4210854715202e-14,1,0,3,billEUR,26.5041889253649,/Users/guichenxiang/Desktop/電力專案/StoreNet/results/bahloul_vpp_improvement_v2_frontier/storenet_monthly_2020/cases/2020-12-02/ANCHOR_VPP_BM_PEAK_LEX,2d0ba7556e2d02000b18495d3c9aa65aec7f83d5f5ede56a3280470bc6a82f10,3d84d5bade4a1f2543d8c6cd7f3bbc6c1edc64dfa095d4dea919945e05c0dc9f
StoreNet,2020-12-02,ANCHOR_PS,anchor,PS,ok,,"",NaN,NaN,NaN,0.95,0.95,1.9494915,60,20,10,DC_SOURCE,0.07,1,10,3.3,60,43.548129165,10.7806792939063,41.052546439,5.35704020466191,24.00092,23.9856345,23.9856345,15.8949445,38.8533450212253,12.0750356373561,12.0750356373561,12.0750356373561,3.96809390051401,276.431817290463,96.3940177648223,0,0.136699333194281,NaN,NaN,NaN,1.35447209004269e-14,1.11022302462516e-16,2.22044604925031e-16,1.35447209004269e-14,0,0,0,1.33226762955019e-15,0,4.44089209850063e-16,0,0,7.105427357601e-15,1,0,3,systemPeakKW,12.0750344298527,/Users/guichenxiang/Desktop/電力專案/StoreNet/results/bahloul_vpp_improvement_v2_frontier/storenet_monthly_2020/cases/2020-12-02/ANCHOR_PS,2a4bdf91aeecc2a51aaabede776d3554ebc872e21a056d0af6966dd0d1364340,6cec011be694746b11f5db21668ab94790d8a03b85806cc8317acb877d21e66b
StoreNet,2020-12-02,FRONTIER_R2.000,frontier,IMPROVED_PEAK_GUARD,ok,,"",2,47.971269,NaN,0.95,0.95,0.952576833333333,60,20,10,DC_SOURCE,0.07,1,10,3.3,60,43.548129165,39.1381625709758,41.052546439,35.4383738042502,24.00092,23.9856345,23.9856345,15.8949445,26.5041915757838,47.971269,3.09702391323441e-05,47.971269,47.971269,291.254817426914,304.879063417682,0,45.1190656233988,NaN,7.105427357601e-15,7.105427357601e-15,5.77315972805081e-15,2.4980018054066e-16,4.44089209850063e-16,5.77315972805081e-15,0,0,0,1.11022302462516e-16,0,4.44089209850063e-16,5.43315392675936e-15,0,2.48689957516035e-14,1,0,2,billEUR,26.5041889253649,,,
StoreNet,2020-12-02,FRONTIER_R1.500,frontier,IMPROVED_PEAK_GUARD,ok,,"",1.5,35.97845175,NaN,0.95,0.95,0.921336375,60,20,10,DC_SOURCE,0.07,1,10,3.3,60,43.548129165,39.1381625709758,41.052546439,35.4383738042502,24.00092,23.9856345,23.9856345,15.8949445,26.5041915757838,35.97845175,3.09702392327083e-05,35.97845175,35.97845175,291.254817426914,304.879063417681,0,45.1190656233987,NaN,1.4210854715202e-14,1.4210854715202e-14,4.44089209850063e-15,2.90045765183322e-15,7.7715611723761e-16,4.44089209850063e-15,0,0,0,1.11022302462516e-16,0,4.44089209850063e-16,1.55431223447522e-15,0,2.8421709430404e-14,1,0,2,billEUR,26.5041889253649,,,
StoreNet,2020-12-02,FRONTIER_R1.250,frontier,IMPROVED_PEAK_GUARD,ok,,"",1.25,29.982043125,NaN,0.95,0.95,1.06271883333333,60,20,10,DC_SOURCE,0.07,1,10,3.3,60,43.548129165,39.1381625709758,41.052546439,35.4383738042502,24.00092,23.9856345,23.9856345,15.8949445,26.5041915757838,29.982043125,3.09702392469191e-05,29.982043125,29.982043125,291.254817426914,304.879063417681,0,45.1190656233987,NaN,3.5527136788005e-15,3.5527136788005e-15,2.66453525910038e-15,1.11022302462516e-16,4.44089209850063e-16,2.66453525910038e-15,0,0,0,3.33066907387547e-16,0,4.44089209850063e-16,8.88178419700125e-16,0,3.19744231092045e-14,1,0,2,billEUR,26.5041889253649,,,
StoreNet,2020-12-02,FRONTIER_R1.000,frontier,IMPROVED_PEAK_GUARD,ok,,"",1,23.9856345,NaN,0.95,0.95,0.931635125,60,20,10,DC_SOURCE,0.07,1,10,3.3,60,43.548129165,35.0331111640644,41.052546439,31.0837764795076,24.00092,23.9856345,23.9856345,15.8949445,28.2918646647552,23.9856345,10.25013,23.9856345,23.9856345,287.25595660987,257.592083163235,0,22.6577500025364,NaN,3.5527136788005e-15,3.5527136788005e-15,7.54951656745106e-15,1.11022302462516e-16,2.22044604925031e-15,7.54951656745106e-15,0,0,0,8.88178419700125e-16,8.88178419700125e-16,4.44089209850063e-16,4.21884749357559e-15,0,1.06581410364015e-14,1,0,2,billEUR,28.291861835569,,,
StoreNet,2020-12-02,FRONTIER_R0.900,frontier,IMPROVED_PEAK_GUARD,ok,,"",0.9,21.58707105,NaN,0.95,0.95,0.680568583333333,60,20,10,DC_SOURCE,0.07,1,10,3.3,60,43.548129165,30.9168113651374,41.052546439,26.7172469734294,24.00092,23.9856345,23.9856345,15.8949445,30.0844362180106,21.58707105,12.65047,21.58707105,21.58707105,283.761396077374,227.053449337599,0,0.774679556200601,NaN,7.105427357601e-15,7.105427357601e-15,8.88178419700125e-16,1.11022302462516e-16,4.44089209850063e-16,8.88178419700125e-16,0,0,0,1.11022302462516e-16,8.88178419700125e-16,0,1.38777878078145e-17,0,3.5527136788005e-15,1,0,2,billEUR,30.0844332095672,,,
StoreNet,2020-12-02,FRONTIER_R0.800,frontier,IMPROVED_PEAK_GUARD,ok,,"",0.8,19.1885076,NaN,0.95,0.95,0.847084083333333,60,20,10,DC_SOURCE,0.07,1,10,3.3,60,43.548129165,26.2855394430438,41.052546439,21.8044402085373,24.00092,23.9856345,23.9856345,15.8949445,32.1012684966262,19.1885076,18.6013275,19.1885076,19.1213536388588,281.422797753228,181.480639827186,0,0.774731536407304,NaN,7.105427357601e-15,7.105427357601e-15,9.76996261670138e-15,8.71525074330748e-15,8.88178419700125e-16,9.76996261670138e-15,0,0,0,4.44089209850063e-16,8.88178419700125e-16,0,0,0,0,1,0,2,billEUR,32.1012652864997,,,
StoreNet,2020-12-02,FRONTIER_R0.700,frontier,IMPROVED_PEAK_GUARD,ok,,"",0.7,16.78994415,NaN,0.95,0.95,0.918763333333333,60,20,10,DC_SOURCE,0.07,1,10,3.3,60,43.548129165,21.6542675209502,41.052546439,16.891633443645,24.00092,23.9856345,23.9856345,15.8949445,34.118100775242,16.78994415,16.78994415,16.78994415,16.6457032513158,279.084199429082,135.907830316763,0,0.77478351661841,NaN,7.105427357601e-15,7.105427357601e-15,1.22124532708767e-14,1.22124532708767e-14,2.22044604925031e-16,8.03523914072457e-15,0,0,0,2.22044604925031e-15,8.88178419700125e-16,0,0,0,7.105427357601e-15,1,0,2,billEUR,34.1180973634322,,,
StoreNet,2020-12-02,FRONTIER_R0.600,frontier,IMPROVED_PEAK_GUARD,ok,,"",0.6,14.3913807,NaN,0.95,0.95,1.19401920833333,60,20,10,DC_SOURCE,0.07,1,10,3.3,60,43.548129165,16.6296952384399,41.052546439,11.5616176044871,24.00092,23.9856345,23.9856345,15.8949445,36.3062080028184,14.3913807,14.3913807,14.3913807,12.9395107228948,276.830177793394,93.0035658056425,0,0.341808332178772,NaN,1.4210854715202e-14,1.4210854715202e-14,2.66453525910038e-15,1.11022302462516e-16,4.44089209850063e-16,2.66453525910038e-15,0,0,0,8.88178419700125e-16,8.88178419700125e-16,0,0,0,7.105427357601e-15,1,0,2,billEUR,36.3062043721979,,,
StoreNet,2020-12-02,FRONTIER_R0.500,frontier,IMPROVED_PEAK_GUARD,infeasible,StoreNet:OptimizationFailed,"Optimization failed during bill (exit flag -2).",0.5,11.99281725,NaN,0.95,0.95,0.112344,60,20,10,DC_SOURCE,0.07,1,10,3.3,60,43.548129165,NaN,41.052546439,NaN,24.00092,23.9856345,23.9856345,15.8949445,NaN,NaN,NaN,NaN,NaN,NaN,NaN,NaN,NaN,NaN,NaN,NaN,NaN,NaN,NaN,NaN,NaN,NaN,NaN,NaN,NaN,NaN,NaN,NaN,NaN,NaN,NaN,NaN,,NaN,,,
StoreNet,2020-12-02,TARIFF_L0.050,tariff,VPP_BM_DEMAND_CHARGE,ok,,"",NaN,NaN,0.05,0.95,0.95,1.83701291666667,60,20,10,DC_SOURCE,0.07,1,10,3.3,60,43.548129165,39.1381617889117,41.052546439,35.4383729746444,24.00092,23.9856345,23.9856345,15.8949445,26.5041919163581,26.4744185215219,3.49498619409694e-05,26.4744185215219,26.4744185215219,291.25481666508,304.879054408915,0,45.1190613442345,27.8279128424342,NaN,NaN,1.95399252334028e-14,1.11022302462516e-16,3.77475828372553e-15,1.95399252334028e-14,0,0,0,1.77635683940025e-15,1.33226762955019e-15,4.44089209850063e-16,3.15025783237388e-15,0,1.4210854715202e-14,1,0,2,billPlusDemandChargeEUR,27.8279100596432,,,
StoreNet,2020-12-02,TARIFF_L0.100,tariff,VPP_BM_DEMAND_CHARGE,ok,,"",NaN,NaN,0.1,0.95,0.95,1.68364120833333,60,20,10,DC_SOURCE,0.07,1,10,3.3,60,43.548129165,39.1381608803593,41.052546439,35.4383720108612,24.00092,23.9856345,23.9856345,15.8949445,26.5041923120156,26.4744179706896,3.95731343809658e-05,26.4744179706896,26.4744179706896,291.254815780031,304.879043943103,0,45.1190563729738,29.1516341090846,NaN,NaN,1.13797860024079e-14,6.66133814775094e-16,2.63677968348475e-15,1.13797860024079e-14,0,0,0,1.77635683940025e-15,1.33226762955019e-15,8.88178419700125e-15,4.66293670342566e-15,0,1.77635683940025e-14,1,0,2,billPlusDemandChargeEUR,29.1516311939214,,,
StoreNet,2020-12-02,TARIFF_L0.200,tariff,VPP_BM_DEMAND_CHARGE,ok,,"",NaN,NaN,0.2,0.95,0.95,1.35287529166667,60,20,10,DC_SOURCE,0.07,1,10,3.3,60,43.548129165,39.1381585373611,41.052546439,35.4383695254322,24.00092,23.9856345,23.9856345,15.8949445,26.5041933323475,26.4744165501893,5.14957488757517e-05,26.4744165501893,26.4744165501893,291.254813497642,304.879016953596,0,45.1190435529582,31.7990766423854,NaN,NaN,9.76996261670138e-15,2.22044604925031e-16,8.60422844084496e-16,9.76996261670138e-15,0,0,0,1.11022302462516e-16,1.33226762955019e-15,4.44089209850063e-16,3.10862446895044e-15,0,2.48689957516035e-14,1,0,2,billPlusDemandChargeEUR,31.799073462478,,,
StoreNet,2020-12-02,TARIFF_L0.500,tariff,VPP_BM_DEMAND_CHARGE,ok,,"",NaN,NaN,0.5,0.95,0.95,1.911382875,60,20,10,DC_SOURCE,0.07,1,10,3.3,60,43.548129165,39.138138628292,41.052546439,35.4383484060915,24.00092,23.9856345,23.9856345,15.8949445,26.5042020023747,26.4744044798262,0.000152805323905769,26.4744044798262,26.4744044798262,291.254794103586,304.878787616697,0,45.1189346179313,39.7414042422878,NaN,NaN,1.55431223447522e-14,3.33066907387547e-16,4.44089209850063e-16,1.55431223447522e-14,0,0,0,1.77635683940025e-15,8.88178419700125e-16,3.99680288865056e-15,2.22044604925031e-15,0,0,1,0,2,billPlusDemandChargeEUR,39.7414002681477,,,
StoreNet,2020-12-02,TARIFF_L1.000,tariff,VPP_BM_DEMAND_CHARGE,ok,,"",NaN,NaN,1,0.95,0.95,2.53732583333333,60,20,10,DC_SOURCE,0.07,1,10,3.3,60,43.548129165,14.2224085448073,41.052546439,9.00799204493084,24.00092,23.9856345,23.9856345,15.8949445,37.3545363215333,13.3039274733285,13.3039274733285,13.3039274733285,8.46609447332852,275.882980952652,74.5357101847422,0,0.340872605263157,50.6584637948619,NaN,NaN,3.70814490224802e-14,1.51788304147971e-16,1.60982338570648e-15,3.70814490224802e-14,0,0,0,8.88178419700125e-16,8.88178419700125e-16,0,0,0,6.3948846218409e-14,1,0,2,billPlusDemandChargeEUR,50.6584587290159,,,
StoreNet,2020-12-15,ANCHOR_VPP_BM,anchor,VPP_BM,quality_rejected,StoreNet:QualityRejected,"Day 2020-12-15 fails release_literal: physical_incomplete:H14",NaN,NaN,NaN,NaN,NaN,0,60,NaN,NaN,DC_SOURCE,0.07,NaN,NaN,NaN,NaN,NaN,NaN,NaN,NaN,NaN,NaN,NaN,NaN,NaN,NaN,NaN,NaN,NaN,NaN,NaN,NaN,NaN,NaN,NaN,NaN,NaN,NaN,NaN,NaN,NaN,NaN,NaN,NaN,NaN,NaN,NaN,NaN,NaN,NaN,NaN,NaN,,NaN,,,
StoreNet,2020-12-15,ANCHOR_VPP_BM_PEAK_LEX,anchor,VPP_BM_PEAK_LEX,quality_rejected,StoreNet:QualityRejected,"Day 2020-12-15 fails release_literal: physical_incomplete:H14",NaN,NaN,NaN,NaN,NaN,0,60,NaN,NaN,DC_SOURCE,0.07,NaN,NaN,NaN,NaN,NaN,NaN,NaN,NaN,NaN,NaN,NaN,NaN,NaN,NaN,NaN,NaN,NaN,NaN,NaN,NaN,NaN,NaN,NaN,NaN,NaN,NaN,NaN,NaN,NaN,NaN,NaN,NaN,NaN,NaN,NaN,NaN,NaN,NaN,NaN,NaN,,NaN,,,
StoreNet,2020-12-15,ANCHOR_PS,anchor,PS,quality_rejected,StoreNet:QualityRejected,"Day 2020-12-15 fails release_literal: physical_incomplete:H14",NaN,NaN,NaN,NaN,NaN,0,60,NaN,NaN,DC_SOURCE,0.07,NaN,NaN,NaN,NaN,NaN,NaN,NaN,NaN,NaN,NaN,NaN,NaN,NaN,NaN,NaN,NaN,NaN,NaN,NaN,NaN,NaN,NaN,NaN,NaN,NaN,NaN,NaN,NaN,NaN,NaN,NaN,NaN,NaN,NaN,NaN,NaN,NaN,NaN,NaN,NaN,,NaN,,,
StoreNet,2020-12-15,FRONTIER_R2.000,frontier,IMPROVED_PEAK_GUARD,quality_rejected,StoreNet:QualityRejected,"Day 2020-12-15 fails release_literal: physical_incomplete:H14",2,NaN,NaN,NaN,NaN,0,60,NaN,NaN,DC_SOURCE,0.07,NaN,NaN,NaN,NaN,NaN,NaN,NaN,NaN,NaN,NaN,NaN,NaN,NaN,NaN,NaN,NaN,NaN,NaN,NaN,NaN,NaN,NaN,NaN,NaN,NaN,NaN,NaN,NaN,NaN,NaN,NaN,NaN,NaN,NaN,NaN,NaN,NaN,NaN,NaN,NaN,,NaN,,,
StoreNet,2020-12-15,FRONTIER_R1.500,frontier,IMPROVED_PEAK_GUARD,quality_rejected,StoreNet:QualityRejected,"Day 2020-12-15 fails release_literal: physical_incomplete:H14",1.5,NaN,NaN,NaN,NaN,0,60,NaN,NaN,DC_SOURCE,0.07,NaN,NaN,NaN,NaN,NaN,NaN,NaN,NaN,NaN,NaN,NaN,NaN,NaN,NaN,NaN,NaN,NaN,NaN,NaN,NaN,NaN,NaN,NaN,NaN,NaN,NaN,NaN,NaN,NaN,NaN,NaN,NaN,NaN,NaN,NaN,NaN,NaN,NaN,NaN,NaN,,NaN,,,
StoreNet,2020-12-15,FRONTIER_R1.250,frontier,IMPROVED_PEAK_GUARD,quality_rejected,StoreNet:QualityRejected,"Day 2020-12-15 fails release_literal: physical_incomplete:H14",1.25,NaN,NaN,NaN,NaN,0,60,NaN,NaN,DC_SOURCE,0.07,NaN,NaN,NaN,NaN,NaN,NaN,NaN,NaN,NaN,NaN,NaN,NaN,NaN,NaN,NaN,NaN,NaN,NaN,NaN,NaN,NaN,NaN,NaN,NaN,NaN,NaN,NaN,NaN,NaN,NaN,NaN,NaN,NaN,NaN,NaN,NaN,NaN,NaN,NaN,NaN,,NaN,,,
StoreNet,2020-12-15,FRONTIER_R1.000,frontier,IMPROVED_PEAK_GUARD,quality_rejected,StoreNet:QualityRejected,"Day 2020-12-15 fails release_literal: physical_incomplete:H14",1,NaN,NaN,NaN,NaN,0,60,NaN,NaN,DC_SOURCE,0.07,NaN,NaN,NaN,NaN,NaN,NaN,NaN,NaN,NaN,NaN,NaN,NaN,NaN,NaN,NaN,NaN,NaN,NaN,NaN,NaN,NaN,NaN,NaN,NaN,NaN,NaN,NaN,NaN,NaN,NaN,NaN,NaN,NaN,NaN,NaN,NaN,NaN,NaN,NaN,NaN,,NaN,,,
StoreNet,2020-12-15,FRONTIER_R0.900,frontier,IMPROVED_PEAK_GUARD,quality_rejected,StoreNet:QualityRejected,"Day 2020-12-15 fails release_literal: physical_incomplete:H14",0.9,NaN,NaN,NaN,NaN,0,60,NaN,NaN,DC_SOURCE,0.07,NaN,NaN,NaN,NaN,NaN,NaN,NaN,NaN,NaN,NaN,NaN,NaN,NaN,NaN,NaN,NaN,NaN,NaN,NaN,NaN,NaN,NaN,NaN,NaN,NaN,NaN,NaN,NaN,NaN,NaN,NaN,NaN,NaN,NaN,NaN,NaN,NaN,NaN,NaN,NaN,,NaN,,,
StoreNet,2020-12-15,FRONTIER_R0.800,frontier,IMPROVED_PEAK_GUARD,quality_rejected,StoreNet:QualityRejected,"Day 2020-12-15 fails release_literal: physical_incomplete:H14",0.8,NaN,NaN,NaN,NaN,0,60,NaN,NaN,DC_SOURCE,0.07,NaN,NaN,NaN,NaN,NaN,NaN,NaN,NaN,NaN,NaN,NaN,NaN,NaN,NaN,NaN,NaN,NaN,NaN,NaN,NaN,NaN,NaN,NaN,NaN,NaN,NaN,NaN,NaN,NaN,NaN,NaN,NaN,NaN,NaN,NaN,NaN,NaN,NaN,NaN,NaN,,NaN,,,
StoreNet,2020-12-15,FRONTIER_R0.700,frontier,IMPROVED_PEAK_GUARD,quality_rejected,StoreNet:QualityRejected,"Day 2020-12-15 fails release_literal: physical_incomplete:H14",0.7,NaN,NaN,NaN,NaN,0,60,NaN,NaN,DC_SOURCE,0.07,NaN,NaN,NaN,NaN,NaN,NaN,NaN,NaN,NaN,NaN,NaN,NaN,NaN,NaN,NaN,NaN,NaN,NaN,NaN,NaN,NaN,NaN,NaN,NaN,NaN,NaN,NaN,NaN,NaN,NaN,NaN,NaN,NaN,NaN,NaN,NaN,NaN,NaN,NaN,NaN,,NaN,,,
StoreNet,2020-12-15,FRONTIER_R0.600,frontier,IMPROVED_PEAK_GUARD,quality_rejected,StoreNet:QualityRejected,"Day 2020-12-15 fails release_literal: physical_incomplete:H14",0.6,NaN,NaN,NaN,NaN,0,60,NaN,NaN,DC_SOURCE,0.07,NaN,NaN,NaN,NaN,NaN,NaN,NaN,NaN,NaN,NaN,NaN,NaN,NaN,NaN,NaN,NaN,NaN,NaN,NaN,NaN,NaN,NaN,NaN,NaN,NaN,NaN,NaN,NaN,NaN,NaN,NaN,NaN,NaN,NaN,NaN,NaN,NaN,NaN,NaN,NaN,,NaN,,,
StoreNet,2020-12-15,FRONTIER_R0.500,frontier,IMPROVED_PEAK_GUARD,quality_rejected,StoreNet:QualityRejected,"Day 2020-12-15 fails release_literal: physical_incomplete:H14",0.5,NaN,NaN,NaN,NaN,0,60,NaN,NaN,DC_SOURCE,0.07,NaN,NaN,NaN,NaN,NaN,NaN,NaN,NaN,NaN,NaN,NaN,NaN,NaN,NaN,NaN,NaN,NaN,NaN,NaN,NaN,NaN,NaN,NaN,NaN,NaN,NaN,NaN,NaN,NaN,NaN,NaN,NaN,NaN,NaN,NaN,NaN,NaN,NaN,NaN,NaN,,NaN,,,
StoreNet,2020-12-15,TARIFF_L0.050,tariff,VPP_BM_DEMAND_CHARGE,quality_rejected,StoreNet:QualityRejected,"Day 2020-12-15 fails release_literal: physical_incomplete:H14",NaN,NaN,0.05,NaN,NaN,0,60,NaN,NaN,DC_SOURCE,0.07,NaN,NaN,NaN,NaN,NaN,NaN,NaN,NaN,NaN,NaN,NaN,NaN,NaN,NaN,NaN,NaN,NaN,NaN,NaN,NaN,NaN,NaN,NaN,NaN,NaN,NaN,NaN,NaN,NaN,NaN,NaN,NaN,NaN,NaN,NaN,NaN,NaN,NaN,NaN,NaN,,NaN,,,
StoreNet,2020-12-15,TARIFF_L0.100,tariff,VPP_BM_DEMAND_CHARGE,quality_rejected,StoreNet:QualityRejected,"Day 2020-12-15 fails release_literal: physical_incomplete:H14",NaN,NaN,0.1,NaN,NaN,0,60,NaN,NaN,DC_SOURCE,0.07,NaN,NaN,NaN,NaN,NaN,NaN,NaN,NaN,NaN,NaN,NaN,NaN,NaN,NaN,NaN,NaN,NaN,NaN,NaN,NaN,NaN,NaN,NaN,NaN,NaN,NaN,NaN,NaN,NaN,NaN,NaN,NaN,NaN,NaN,NaN,NaN,NaN,NaN,NaN,NaN,,NaN,,,
StoreNet,2020-12-15,TARIFF_L0.200,tariff,VPP_BM_DEMAND_CHARGE,quality_rejected,StoreNet:QualityRejected,"Day 2020-12-15 fails release_literal: physical_incomplete:H14",NaN,NaN,0.2,NaN,NaN,0,60,NaN,NaN,DC_SOURCE,0.07,NaN,NaN,NaN,NaN,NaN,NaN,NaN,NaN,NaN,NaN,NaN,NaN,NaN,NaN,NaN,NaN,NaN,NaN,NaN,NaN,NaN,NaN,NaN,NaN,NaN,NaN,NaN,NaN,NaN,NaN,NaN,NaN,NaN,NaN,NaN,NaN,NaN,NaN,NaN,NaN,,NaN,,,
StoreNet,2020-12-15,TARIFF_L0.500,tariff,VPP_BM_DEMAND_CHARGE,quality_rejected,StoreNet:QualityRejected,"Day 2020-12-15 fails release_literal: physical_incomplete:H14",NaN,NaN,0.5,NaN,NaN,0,60,NaN,NaN,DC_SOURCE,0.07,NaN,NaN,NaN,NaN,NaN,NaN,NaN,NaN,NaN,NaN,NaN,NaN,NaN,NaN,NaN,NaN,NaN,NaN,NaN,NaN,NaN,NaN,NaN,NaN,NaN,NaN,NaN,NaN,NaN,NaN,NaN,NaN,NaN,NaN,NaN,NaN,NaN,NaN,NaN,NaN,,NaN,,,
StoreNet,2020-12-15,TARIFF_L1.000,tariff,VPP_BM_DEMAND_CHARGE,quality_rejected,StoreNet:QualityRejected,"Day 2020-12-15 fails release_literal: physical_incomplete:H14",NaN,NaN,1,NaN,NaN,0,60,NaN,NaN,DC_SOURCE,0.07,NaN,NaN,NaN,NaN,NaN,NaN,NaN,NaN,NaN,NaN,NaN,NaN,NaN,NaN,NaN,NaN,NaN,NaN,NaN,NaN,NaN,NaN,NaN,NaN,NaN,NaN,NaN,NaN,NaN,NaN,NaN,NaN,NaN,NaN,NaN,NaN,NaN,NaN,NaN,NaN,,NaN,,,
StoreNet,2020-12-16,ANCHOR_VPP_BM,anchor,VPP_BM,quality_rejected,StoreNet:QualityRejected,"Day 2020-12-16 fails release_literal: physical_incomplete:H14",NaN,NaN,NaN,NaN,NaN,0,60,NaN,NaN,DC_SOURCE,0.07,NaN,NaN,NaN,NaN,NaN,NaN,NaN,NaN,NaN,NaN,NaN,NaN,NaN,NaN,NaN,NaN,NaN,NaN,NaN,NaN,NaN,NaN,NaN,NaN,NaN,NaN,NaN,NaN,NaN,NaN,NaN,NaN,NaN,NaN,NaN,NaN,NaN,NaN,NaN,NaN,,NaN,,,
StoreNet,2020-12-16,ANCHOR_VPP_BM_PEAK_LEX,anchor,VPP_BM_PEAK_LEX,quality_rejected,StoreNet:QualityRejected,"Day 2020-12-16 fails release_literal: physical_incomplete:H14",NaN,NaN,NaN,NaN,NaN,0,60,NaN,NaN,DC_SOURCE,0.07,NaN,NaN,NaN,NaN,NaN,NaN,NaN,NaN,NaN,NaN,NaN,NaN,NaN,NaN,NaN,NaN,NaN,NaN,NaN,NaN,NaN,NaN,NaN,NaN,NaN,NaN,NaN,NaN,NaN,NaN,NaN,NaN,NaN,NaN,NaN,NaN,NaN,NaN,NaN,NaN,,NaN,,,
StoreNet,2020-12-16,ANCHOR_PS,anchor,PS,quality_rejected,StoreNet:QualityRejected,"Day 2020-12-16 fails release_literal: physical_incomplete:H14",NaN,NaN,NaN,NaN,NaN,0,60,NaN,NaN,DC_SOURCE,0.07,NaN,NaN,NaN,NaN,NaN,NaN,NaN,NaN,NaN,NaN,NaN,NaN,NaN,NaN,NaN,NaN,NaN,NaN,NaN,NaN,NaN,NaN,NaN,NaN,NaN,NaN,NaN,NaN,NaN,NaN,NaN,NaN,NaN,NaN,NaN,NaN,NaN,NaN,NaN,NaN,,NaN,,,
StoreNet,2020-12-16,FRONTIER_R2.000,frontier,IMPROVED_PEAK_GUARD,quality_rejected,StoreNet:QualityRejected,"Day 2020-12-16 fails release_literal: physical_incomplete:H14",2,NaN,NaN,NaN,NaN,0,60,NaN,NaN,DC_SOURCE,0.07,NaN,NaN,NaN,NaN,NaN,NaN,NaN,NaN,NaN,NaN,NaN,NaN,NaN,NaN,NaN,NaN,NaN,NaN,NaN,NaN,NaN,NaN,NaN,NaN,NaN,NaN,NaN,NaN,NaN,NaN,NaN,NaN,NaN,NaN,NaN,NaN,NaN,NaN,NaN,NaN,,NaN,,,
StoreNet,2020-12-16,FRONTIER_R1.500,frontier,IMPROVED_PEAK_GUARD,quality_rejected,StoreNet:QualityRejected,"Day 2020-12-16 fails release_literal: physical_incomplete:H14",1.5,NaN,NaN,NaN,NaN,0,60,NaN,NaN,DC_SOURCE,0.07,NaN,NaN,NaN,NaN,NaN,NaN,NaN,NaN,NaN,NaN,NaN,NaN,NaN,NaN,NaN,NaN,NaN,NaN,NaN,NaN,NaN,NaN,NaN,NaN,NaN,NaN,NaN,NaN,NaN,NaN,NaN,NaN,NaN,NaN,NaN,NaN,NaN,NaN,NaN,NaN,,NaN,,,
StoreNet,2020-12-16,FRONTIER_R1.250,frontier,IMPROVED_PEAK_GUARD,quality_rejected,StoreNet:QualityRejected,"Day 2020-12-16 fails release_literal: physical_incomplete:H14",1.25,NaN,NaN,NaN,NaN,0,60,NaN,NaN,DC_SOURCE,0.07,NaN,NaN,NaN,NaN,NaN,NaN,NaN,NaN,NaN,NaN,NaN,NaN,NaN,NaN,NaN,NaN,NaN,NaN,NaN,NaN,NaN,NaN,NaN,NaN,NaN,NaN,NaN,NaN,NaN,NaN,NaN,NaN,NaN,NaN,NaN,NaN,NaN,NaN,NaN,NaN,,NaN,,,
StoreNet,2020-12-16,FRONTIER_R1.000,frontier,IMPROVED_PEAK_GUARD,quality_rejected,StoreNet:QualityRejected,"Day 2020-12-16 fails release_literal: physical_incomplete:H14",1,NaN,NaN,NaN,NaN,0,60,NaN,NaN,DC_SOURCE,0.07,NaN,NaN,NaN,NaN,NaN,NaN,NaN,NaN,NaN,NaN,NaN,NaN,NaN,NaN,NaN,NaN,NaN,NaN,NaN,NaN,NaN,NaN,NaN,NaN,NaN,NaN,NaN,NaN,NaN,NaN,NaN,NaN,NaN,NaN,NaN,NaN,NaN,NaN,NaN,NaN,,NaN,,,
StoreNet,2020-12-16,FRONTIER_R0.900,frontier,IMPROVED_PEAK_GUARD,quality_rejected,StoreNet:QualityRejected,"Day 2020-12-16 fails release_literal: physical_incomplete:H14",0.9,NaN,NaN,NaN,NaN,0,60,NaN,NaN,DC_SOURCE,0.07,NaN,NaN,NaN,NaN,NaN,NaN,NaN,NaN,NaN,NaN,NaN,NaN,NaN,NaN,NaN,NaN,NaN,NaN,NaN,NaN,NaN,NaN,NaN,NaN,NaN,NaN,NaN,NaN,NaN,NaN,NaN,NaN,NaN,NaN,NaN,NaN,NaN,NaN,NaN,NaN,,NaN,,,
StoreNet,2020-12-16,FRONTIER_R0.800,frontier,IMPROVED_PEAK_GUARD,quality_rejected,StoreNet:QualityRejected,"Day 2020-12-16 fails release_literal: physical_incomplete:H14",0.8,NaN,NaN,NaN,NaN,0,60,NaN,NaN,DC_SOURCE,0.07,NaN,NaN,NaN,NaN,NaN,NaN,NaN,NaN,NaN,NaN,NaN,NaN,NaN,NaN,NaN,NaN,NaN,NaN,NaN,NaN,NaN,NaN,NaN,NaN,NaN,NaN,NaN,NaN,NaN,NaN,NaN,NaN,NaN,NaN,NaN,NaN,NaN,NaN,NaN,NaN,,NaN,,,
StoreNet,2020-12-16,FRONTIER_R0.700,frontier,IMPROVED_PEAK_GUARD,quality_rejected,StoreNet:QualityRejected,"Day 2020-12-16 fails release_literal: physical_incomplete:H14",0.7,NaN,NaN,NaN,NaN,0,60,NaN,NaN,DC_SOURCE,0.07,NaN,NaN,NaN,NaN,NaN,NaN,NaN,NaN,NaN,NaN,NaN,NaN,NaN,NaN,NaN,NaN,NaN,NaN,NaN,NaN,NaN,NaN,NaN,NaN,NaN,NaN,NaN,NaN,NaN,NaN,NaN,NaN,NaN,NaN,NaN,NaN,NaN,NaN,NaN,NaN,,NaN,,,
StoreNet,2020-12-16,FRONTIER_R0.600,frontier,IMPROVED_PEAK_GUARD,quality_rejected,StoreNet:QualityRejected,"Day 2020-12-16 fails release_literal: physical_incomplete:H14",0.6,NaN,NaN,NaN,NaN,0,60,NaN,NaN,DC_SOURCE,0.07,NaN,NaN,NaN,NaN,NaN,NaN,NaN,NaN,NaN,NaN,NaN,NaN,NaN,NaN,NaN,NaN,NaN,NaN,NaN,NaN,NaN,NaN,NaN,NaN,NaN,NaN,NaN,NaN,NaN,NaN,NaN,NaN,NaN,NaN,NaN,NaN,NaN,NaN,NaN,NaN,,NaN,,,
StoreNet,2020-12-16,FRONTIER_R0.500,frontier,IMPROVED_PEAK_GUARD,quality_rejected,StoreNet:QualityRejected,"Day 2020-12-16 fails release_literal: physical_incomplete:H14",0.5,NaN,NaN,NaN,NaN,0,60,NaN,NaN,DC_SOURCE,0.07,NaN,NaN,NaN,NaN,NaN,NaN,NaN,NaN,NaN,NaN,NaN,NaN,NaN,NaN,NaN,NaN,NaN,NaN,NaN,NaN,NaN,NaN,NaN,NaN,NaN,NaN,NaN,NaN,NaN,NaN,NaN,NaN,NaN,NaN,NaN,NaN,NaN,NaN,NaN,NaN,,NaN,,,
StoreNet,2020-12-16,TARIFF_L0.050,tariff,VPP_BM_DEMAND_CHARGE,quality_rejected,StoreNet:QualityRejected,"Day 2020-12-16 fails release_literal: physical_incomplete:H14",NaN,NaN,0.05,NaN,NaN,0,60,NaN,NaN,DC_SOURCE,0.07,NaN,NaN,NaN,NaN,NaN,NaN,NaN,NaN,NaN,NaN,NaN,NaN,NaN,NaN,NaN,NaN,NaN,NaN,NaN,NaN,NaN,NaN,NaN,NaN,NaN,NaN,NaN,NaN,NaN,NaN,NaN,NaN,NaN,NaN,NaN,NaN,NaN,NaN,NaN,NaN,,NaN,,,
StoreNet,2020-12-16,TARIFF_L0.100,tariff,VPP_BM_DEMAND_CHARGE,quality_rejected,StoreNet:QualityRejected,"Day 2020-12-16 fails release_literal: physical_incomplete:H14",NaN,NaN,0.1,NaN,NaN,0,60,NaN,NaN,DC_SOURCE,0.07,NaN,NaN,NaN,NaN,NaN,NaN,NaN,NaN,NaN,NaN,NaN,NaN,NaN,NaN,NaN,NaN,NaN,NaN,NaN,NaN,NaN,NaN,NaN,NaN,NaN,NaN,NaN,NaN,NaN,NaN,NaN,NaN,NaN,NaN,NaN,NaN,NaN,NaN,NaN,NaN,,NaN,,,
StoreNet,2020-12-16,TARIFF_L0.200,tariff,VPP_BM_DEMAND_CHARGE,quality_rejected,StoreNet:QualityRejected,"Day 2020-12-16 fails release_literal: physical_incomplete:H14",NaN,NaN,0.2,NaN,NaN,0,60,NaN,NaN,DC_SOURCE,0.07,NaN,NaN,NaN,NaN,NaN,NaN,NaN,NaN,NaN,NaN,NaN,NaN,NaN,NaN,NaN,NaN,NaN,NaN,NaN,NaN,NaN,NaN,NaN,NaN,NaN,NaN,NaN,NaN,NaN,NaN,NaN,NaN,NaN,NaN,NaN,NaN,NaN,NaN,NaN,NaN,,NaN,,,
StoreNet,2020-12-16,TARIFF_L0.500,tariff,VPP_BM_DEMAND_CHARGE,quality_rejected,StoreNet:QualityRejected,"Day 2020-12-16 fails release_literal: physical_incomplete:H14",NaN,NaN,0.5,NaN,NaN,0,60,NaN,NaN,DC_SOURCE,0.07,NaN,NaN,NaN,NaN,NaN,NaN,NaN,NaN,NaN,NaN,NaN,NaN,NaN,NaN,NaN,NaN,NaN,NaN,NaN,NaN,NaN,NaN,NaN,NaN,NaN,NaN,NaN,NaN,NaN,NaN,NaN,NaN,NaN,NaN,NaN,NaN,NaN,NaN,NaN,NaN,,NaN,,,
StoreNet,2020-12-16,TARIFF_L1.000,tariff,VPP_BM_DEMAND_CHARGE,quality_rejected,StoreNet:QualityRejected,"Day 2020-12-16 fails release_literal: physical_incomplete:H14",NaN,NaN,1,NaN,NaN,0,60,NaN,NaN,DC_SOURCE,0.07,NaN,NaN,NaN,NaN,NaN,NaN,NaN,NaN,NaN,NaN,NaN,NaN,NaN,NaN,NaN,NaN,NaN,NaN,NaN,NaN,NaN,NaN,NaN,NaN,NaN,NaN,NaN,NaN,NaN,NaN,NaN,NaN,NaN,NaN,NaN,NaN,NaN,NaN,NaN,NaN,,NaN,,,
