Day,CaseId,IntervalEnd,IntervalIndex,AggregateLoadKW,PvAvailableACKW,BatteryNetDischargeKW,AggregateImportKW,CapKW
2020-08-24,ANCHOR_SH_BM,2020-08-24 00:30:00,1,6.75743,0.004807,3.46944695195361e-16,6.752623,NaN
2020-08-24,ANCHOR_SH_BM,2020-08-24 01:00:00,2,6.37418,0.004427,0,6.369753,NaN
2020-08-24,ANCHOR_SH_BM,2020-08-24 01:30:00,3,4.10152,0.003553,0,4.097967,NaN
2020-08-24,ANCHOR_SH_BM,2020-08-24 02:00:00,4,4.11671,0.003135,-1.89906570001672e-16,4.113575,NaN
2020-08-24,ANCHOR_SH_BM,2020-08-24 02:30:00,5,4.44797,0.004693,0,4.443277,NaN
2020-08-24,ANCHOR_SH_BM,2020-08-24 03:00:00,6,4.4792,0.004351,-0.00057,4.475419,NaN
2020-08-24,ANCHOR_SH_BM,2020-08-24 03:30:00,7,4.24431,0.003154,-5.84327907697451e-17,4.241156,NaN
2020-08-24,ANCHOR_SH_BM,2020-08-24 04:00:00,8,3.74379,0.003192,6.75629143275177e-17,3.740598,NaN
2020-08-24,ANCHOR_SH_BM,2020-08-24 04:30:00,9,4.02711,0.003629,0,4.023481,NaN
2020-08-24,ANCHOR_SH_BM,2020-08-24 05:00:00,10,5.83211,0.006441,0,5.825669,NaN
2020-08-24,ANCHOR_SH_BM,2020-08-24 05:30:00,11,7.76492,0.003591,0,7.761329,NaN
2020-08-24,ANCHOR_SH_BM,2020-08-24 06:00:00,12,10.10506,0.001064,7.30409884621813e-18,10.103996,NaN
2020-08-24,ANCHOR_SH_BM,2020-08-24 06:30:00,13,10.5033,0,0,10.5033,NaN
2020-08-24,ANCHOR_SH_BM,2020-08-24 07:00:00,14,10.14938,0,0,10.14938,NaN
2020-08-24,ANCHOR_SH_BM,2020-08-24 07:30:00,15,10.0849,0.07619,-0.042047,10.050757,NaN
2020-08-24,ANCHOR_SH_BM,2020-08-24 08:00:00,16,10.6098,0.388588,-19.5052090526316,30.7406178448754,NaN
2020-08-24,ANCHOR_SH_BM,2020-08-24 08:30:00,17,7.82226,1.249174,-30.4012201052632,38.5416826765928,NaN
2020-08-24,ANCHOR_SH_BM,2020-08-24 09:00:00,18,10.41748,1.460131,-38.1061758947368,49.126258099723,NaN
2020-08-24,ANCHOR_SH_BM,2020-08-24 09:30:00,19,8.14186,2.009022,-45.3766405296112,54.0518698919668,NaN
2020-08-24,ANCHOR_SH_BM,2020-08-24 10:00:00,20,5.45138,3.660673,-50.7958411052631,55.6817390581717,NaN
2020-08-24,ANCHOR_SH_BM,2020-08-24 10:30:00,21,6.84392,5.845578,1.84725757894737,5.80091530366644e-16,NaN
2020-08-24,ANCHOR_SH_BM,2020-08-24 11:00:00,22,9.1955,4.427418,5.54654605263158,3.95516952522712e-16,NaN
2020-08-24,ANCHOR_SH_BM,2020-08-24 11:30:00,23,14.25528,3.627746,11.2007278421053,0.54914,NaN
2020-08-24,ANCHOR_SH_BM,2020-08-24 12:00:00,24,10.01139,4.309922,6.99850226315789,3.42781358853017e-16,NaN
2020-08-24,ANCHOR_SH_BM,2020-08-24 12:30:00,25,10.05596,5.069561,6.45013773684211,1.0547118733939e-16,NaN
2020-08-24,ANCHOR_SH_BM,2020-08-24 13:00:00,26,9.40188,4.902171,5.32945747368421,4.74620343027254e-16,NaN
2020-08-24,ANCHOR_SH_BM,2020-08-24 13:30:00,27,10.58522,6.809847,4.66867605263158,2.63677968348475e-16,NaN
2020-08-24,ANCHOR_SH_BM,2020-08-24 14:00:00,28,10.44682,6.453787,5.07208936842105,5.53723733531797e-16,NaN
2020-08-24,ANCHOR_SH_BM,2020-08-24 14:30:00,29,14.32608,4.7234,8.98561805263158,1.668473,NaN
2020-08-24,ANCHOR_SH_BM,2020-08-24 15:00:00,30,8.92004,4.525458,5.14971268421052,3.29597460435593e-16,NaN
2020-08-24,ANCHOR_SH_BM,2020-08-24 15:30:00,31,7.60056,3.510117,4.09067468421053,0.348539999999999,NaN
2020-08-24,ANCHOR_SH_BM,2020-08-24 16:00:00,32,10.59344,3.117691,4.87210205263158,2.9131,NaN
2020-08-24,ANCHOR_SH_BM,2020-08-24 16:30:00,33,12.01244,2.07157,8.27138515789474,2.11046,NaN
2020-08-24,ANCHOR_SH_BM,2020-08-24 17:00:00,34,9.71752,1.523382,7.74510815789474,0.8518,NaN
2020-08-24,ANCHOR_SH_BM,2020-08-24 17:30:00,35,10.7835,1.246723,9.16093231578948,0.84124,NaN
2020-08-24,ANCHOR_SH_BM,2020-08-24 18:00:00,36,18.87078,1.0011955,13.5062456842105,5.04198,NaN
2020-08-24,ANCHOR_SH_BM,2020-08-24 18:30:00,37,18.22888,0.725876,7.88736889473684,10.0112,NaN
2020-08-24,ANCHOR_SH_BM,2020-08-24 19:00:00,38,12.09404,0.84094,9.6509035263158,2.09474,NaN
2020-08-24,ANCHOR_SH_BM,2020-08-24 19:30:00,39,16.00942,0.335198,12.8522130526316,3.466101,NaN
2020-08-24,ANCHOR_SH_BM,2020-08-24 20:00:00,40,13.29302,0.088711,9.32944105263158,4.34134,NaN
2020-08-24,ANCHOR_SH_BM,2020-08-24 20:30:00,41,12.19997,0.013357,8.84899263157895,3.78007,NaN
2020-08-24,ANCHOR_SH_BM,2020-08-24 21:00:00,42,15.5166,0.011191,8.86234631578948,7.08618,NaN
2020-08-24,ANCHOR_SH_BM,2020-08-24 21:30:00,43,14.87162,0.00893,7.40239947368421,7.8304105,NaN
2020-08-24,ANCHOR_SH_BM,2020-08-24 22:00:00,44,16.79454,0.003154,9.22108,8.03136,NaN
2020-08-24,ANCHOR_SH_BM,2020-08-24 22:30:00,45,12.835,0.009633,0.235747368421053,12.601407,NaN
2020-08-24,ANCHOR_SH_BM,2020-08-24 23:00:00,46,9.01564,0.006023,0.2212,8.799477,NaN
2020-08-24,ANCHOR_SH_BM,2020-08-24 23:30:00,47,10.04552,0.003629,0.362884210526316,9.697151,NaN
2020-08-24,ANCHOR_SH_BM,2020-08-25 00:00:00,48,11.0438,0.004237,0.457954003295429,10.6045066968693,NaN
2020-08-24,ANCHOR_VPP_BM,2020-08-24 00:30:00,1,6.75743,0.004807,-0.00480699999999965,6.75743,NaN
2020-08-24,ANCHOR_VPP_BM,2020-08-24 01:00:00,2,6.37418,0.004427,-0.004427,6.37418,NaN
2020-08-24,ANCHOR_VPP_BM,2020-08-24 01:30:00,3,4.10152,0.003553,-0.003553,4.10152,NaN
2020-08-24,ANCHOR_VPP_BM,2020-08-24 02:00:00,4,4.11671,0.003135,-0.003135,4.11671,NaN
2020-08-24,ANCHOR_VPP_BM,2020-08-24 02:30:00,5,4.44797,0.004693,-0.004693,4.44797,NaN
2020-08-24,ANCHOR_VPP_BM,2020-08-24 03:00:00,6,4.4792,0.004351,-0.004351,4.4792,NaN
2020-08-24,ANCHOR_VPP_BM,2020-08-24 03:30:00,7,4.24431,0.003154,-0.003154,4.24431,NaN
2020-08-24,ANCHOR_VPP_BM,2020-08-24 04:00:00,8,3.74379,0.003192,-0.003192,3.74379,NaN
2020-08-24,ANCHOR_VPP_BM,2020-08-24 04:30:00,9,4.02711,0.003629,-0.003629,4.02711,NaN
2020-08-24,ANCHOR_VPP_BM,2020-08-24 05:00:00,10,5.83211,0.006441,-0.006441,5.83211,NaN
2020-08-24,ANCHOR_VPP_BM,2020-08-24 05:30:00,11,7.76492,0.003591,-0.003591,7.76492,NaN
2020-08-24,ANCHOR_VPP_BM,2020-08-24 06:00:00,12,10.10506,0.001064,-0.001064,10.10506,NaN
2020-08-24,ANCHOR_VPP_BM,2020-08-24 06:30:00,13,10.5033,0,0,10.5033,NaN
2020-08-24,ANCHOR_VPP_BM,2020-08-24 07:00:00,14,10.14938,0,0,10.14938,NaN
2020-08-24,ANCHOR_VPP_BM,2020-08-24 07:30:00,15,10.0849,0.07619,-0.07619,10.0849,NaN
2020-08-24,ANCHOR_VPP_BM,2020-08-24 08:00:00,16,10.6098,0.388588,-23.5452983782028,34.9852846086345,NaN
2020-08-24,ANCHOR_VPP_BM,2020-08-24 08:30:00,17,7.82226,1.249174,-34.238438565931,42.5478016483484,NaN
2020-08-24,ANCHOR_VPP_BM,2020-08-24 09:00:00,18,10.41748,1.460131,-54.3520878998302,66.0932241050844,NaN
2020-08-24,ANCHOR_VPP_BM,2020-08-24 09:30:00,19,8.14186,2.009022,-66,75.5007842105263,NaN
2020-08-24,ANCHOR_VPP_BM,2020-08-24 10:00:00,20,5.45138,3.660673,-66,71.0717242105263,NaN
2020-08-24,ANCHOR_VPP_BM,2020-08-24 10:30:00,21,6.84392,5.845578,1.35809202506185,-2.22044604925031e-16,NaN
2020-08-24,ANCHOR_VPP_BM,2020-08-24 11:00:00,22,9.1955,4.427418,5.225754,0,NaN
2020-08-24,ANCHOR_VPP_BM,2020-08-24 11:30:00,23,14.25528,3.627746,11.3222635200905,-4.16333634234434e-16,NaN
2020-08-24,ANCHOR_VPP_BM,2020-08-24 12:00:00,24,10.01139,4.309922,6.1805744631579,-3.33066907387547e-16,NaN
2020-08-24,ANCHOR_VPP_BM,2020-08-24 12:30:00,25,10.05596,5.069561,5.47141349473684,5.55111512312578e-17,NaN
2020-08-24,ANCHOR_VPP_BM,2020-08-24 13:00:00,26,9.40188,4.902171,5.01152367855122,-3.88578058618805e-16,NaN
2020-08-24,ANCHOR_VPP_BM,2020-08-24 13:30:00,27,10.58522,6.809847,4.28612234295416,-1.22124532708767e-15,NaN
2020-08-24,ANCHOR_VPP_BM,2020-08-24 14:00:00,28,10.44682,6.453787,4.47661809847199,0,NaN
2020-08-24,ANCHOR_VPP_BM,2020-08-24 14:30:00,29,14.32608,4.7234,10.3495111601585,1.11022302462516e-16,NaN
2020-08-24,ANCHOR_VPP_BM,2020-08-24 15:00:00,30,8.92004,4.525458,4.80138524052066,-2.77555756156289e-16,NaN
2020-08-24,ANCHOR_VPP_BM,2020-08-24 15:30:00,31,7.60056,3.510117,4.44367582342954,5.55111512312578e-17,NaN
2020-08-24,ANCHOR_VPP_BM,2020-08-24 16:00:00,32,10.59344,3.117691,7.96624855789474,1.11022302462516e-16,NaN
2020-08-24,ANCHOR_VPP_BM,2020-08-24 16:30:00,33,12.01244,2.07157,10.7551152235427,5.27355936696949e-16,NaN
2020-08-24,ANCHOR_VPP_BM,2020-08-24 17:00:00,34,9.71752,1.523382,8.71973213355971,9.71445146547012e-17,NaN
2020-08-24,ANCHOR_VPP_BM,2020-08-24 17:30:00,35,10.7835,1.246723,10.2074954272779,4.44089209850063e-16,NaN
2020-08-24,ANCHOR_VPP_BM,2020-08-24 18:00:00,36,18.87078,1.0011955,19.0847377306169,4.44089209850063e-16,NaN
2020-08-24,ANCHOR_VPP_BM,2020-08-24 18:30:00,37,18.22888,0.725876,18.7378136664403,-5.55111512312578e-16,NaN
2020-08-24,ANCHOR_VPP_BM,2020-08-24 19:00:00,38,12.09404,0.84094,12.0353960384833,0,NaN
2020-08-24,ANCHOR_VPP_BM,2020-08-24 19:30:00,39,16.00942,0.335198,16.6649579286927,-5.55111512312578e-17,NaN
2020-08-24,ANCHOR_VPP_BM,2020-08-24 20:00:00,40,13.29302,0.088711,14.0078007583475,-1.11022302462516e-16,NaN
2020-08-24,ANCHOR_VPP_BM,2020-08-24 20:30:00,41,12.19997,0.013357,13.0344998189021,-1.11022302462516e-16,NaN
2020-08-24,ANCHOR_VPP_BM,2020-08-24 21:00:00,42,15.5166,0.011191,16.4749396378042,6.10622663543836e-16,NaN
2020-08-24,ANCHOR_VPP_BM,2020-08-24 21:30:00,43,14.87162,0.00893,15.7225302773062,6.7168492989822e-15,NaN
2020-08-24,ANCHOR_VPP_BM,2020-08-24 22:00:00,44,16.79454,0.003154,17.9198507979627,-1.11022302462516e-16,NaN
2020-08-24,ANCHOR_VPP_BM,2020-08-24 22:30:00,45,12.835,0.009633,1.1686558153949e-16,12.825367,NaN
2020-08-24,ANCHOR_VPP_BM,2020-08-24 23:00:00,46,9.01564,0.006023,4.09029535388215e-16,9.009617,NaN
2020-08-24,ANCHOR_VPP_BM,2020-08-24 23:30:00,47,10.04552,0.003629,2.92163953848726e-17,10.041891,NaN
2020-08-24,ANCHOR_VPP_BM,2020-08-25 00:00:00,48,11.0438,0.004237,-1.1686558153949e-16,11.039563,NaN
2020-08-24,ANCHOR_VPP_BM_PEAK_LEX,2020-08-24 00:30:00,1,6.75743,0.004807,-11.964454376628,19.3465325017137,NaN
2020-08-24,ANCHOR_VPP_BM_PEAK_LEX,2020-08-24 01:00:00,2,6.37418,0.004427,-12.328161876628,19.3465325017137,NaN
2020-08-24,ANCHOR_VPP_BM_PEAK_LEX,2020-08-24 01:30:00,3,4.10152,0.003553,-14.486314876628,19.3465325017137,NaN
2020-08-24,ANCHOR_VPP_BM_PEAK_LEX,2020-08-24 02:00:00,4,4.11671,0.003135,-14.471466376628,19.3465325017137,NaN
2020-08-24,ANCHOR_VPP_BM_PEAK_LEX,2020-08-24 02:30:00,5,4.44797,0.004693,-14.158327376628,19.3465325017137,NaN
2020-08-24,ANCHOR_VPP_BM_PEAK_LEX,2020-08-24 03:00:00,6,4.4792,0.004351,-14.128316876628,19.3465325017137,NaN
2020-08-24,ANCHOR_VPP_BM_PEAK_LEX,2020-08-24 03:30:00,7,4.24431,0.003154,-14.350265376628,19.3465325017137,NaN
2020-08-24,ANCHOR_VPP_BM_PEAK_LEX,2020-08-24 04:00:00,8,3.74379,0.003192,-14.825797376628,19.3465325017137,NaN
2020-08-24,ANCHOR_VPP_BM_PEAK_LEX,2020-08-24 04:30:00,9,4.02711,0.003629,-14.557080376628,19.3465325017137,NaN
2020-08-24,ANCHOR_VPP_BM_PEAK_LEX,2020-08-24 05:00:00,10,5.83211,0.006441,-12.845142376628,19.3465325017137,NaN
2020-08-24,ANCHOR_VPP_BM_PEAK_LEX,2020-08-24 05:30:00,11,7.76492,0.003591,-11.006122876628,19.3465325017137,NaN
2020-08-24,ANCHOR_VPP_BM_PEAK_LEX,2020-08-24 06:00:00,12,10.10506,0.001064,-8.78046287662804,19.3465325017137,NaN
2020-08-24,ANCHOR_VPP_BM_PEAK_LEX,2020-08-24 06:30:00,13,10.5033,0,-8.40107087662804,19.3465325017137,NaN
2020-08-24,ANCHOR_VPP_BM_PEAK_LEX,2020-08-24 07:00:00,14,10.14938,0,-8.73729487662804,19.3465325017137,NaN
2020-08-24,ANCHOR_VPP_BM_PEAK_LEX,2020-08-24 07:30:00,15,10.0849,0.07619,-8.87474087662804,19.3465325017137,NaN
2020-08-24,ANCHOR_VPP_BM_PEAK_LEX,2020-08-24 08:00:00,16,10.6098,0.388588,-8.68848387662804,19.3465325017137,NaN
2020-08-24,ANCHOR_VPP_BM_PEAK_LEX,2020-08-24 08:30:00,17,7.82226,1.249174,-12.197232876628,19.3465325017137,NaN
2020-08-24,ANCHOR_VPP_BM_PEAK_LEX,2020-08-24 09:00:00,18,10.41748,1.460131,-9.94273087662804,19.3465325017137,NaN
2020-08-24,ANCHOR_VPP_BM_PEAK_LEX,2020-08-24 09:30:00,19,8.14186,2.009022,-12.653460876628,19.3465325017137,NaN
2020-08-24,ANCHOR_VPP_BM_PEAK_LEX,2020-08-24 10:00:00,20,5.45138,3.660673,-16.861067876628,19.3465325017137,NaN
2020-08-24,ANCHOR_VPP_BM_PEAK_LEX,2020-08-24 10:30:00,21,6.84392,5.845578,1.35806740488466,-3.52365706057789e-17,NaN
2020-08-24,ANCHOR_VPP_BM_PEAK_LEX,2020-08-24 11:00:00,22,9.1955,4.427418,5.29924602150536,1.7430501486615e-14,NaN
2020-08-24,ANCHOR_VPP_BM_PEAK_LEX,2020-08-24 11:30:00,23,14.25528,3.627746,11.3058051684211,-3.05311331771918e-16,NaN
2020-08-24,ANCHOR_VPP_BM_PEAK_LEX,2020-08-24 12:00:00,24,10.01139,4.309922,6.18057446315791,-1.36002320516582e-14,NaN
2020-08-24,ANCHOR_VPP_BM_PEAK_LEX,2020-08-24 12:30:00,25,10.05596,5.069561,5.47141349473684,6.0507154842071e-15,NaN
2020-08-24,ANCHOR_VPP_BM_PEAK_LEX,2020-08-24 13:00:00,26,9.40188,4.902171,5.00551643463497,9.43689570931383e-16,NaN
2020-08-24,ANCHOR_VPP_BM_PEAK_LEX,2020-08-24 13:30:00,27,10.58522,6.809847,4.28612234295416,-3.33066907387547e-16,NaN
2020-08-24,ANCHOR_VPP_BM_PEAK_LEX,2020-08-24 14:00:00,28,10.44682,6.453787,4.47661809847199,-7.7715611723761e-16,NaN
2020-08-24,ANCHOR_VPP_BM_PEAK_LEX,2020-08-24 14:30:00,29,14.32608,4.7234,10.3495111601585,-6.10622663543836e-16,NaN
2020-08-24,ANCHOR_VPP_BM_PEAK_LEX,2020-08-24 15:00:00,30,8.92004,4.525458,4.76692284210526,1.66533453693773e-16,NaN
2020-08-24,ANCHOR_VPP_BM_PEAK_LEX,2020-08-24 15:30:00,31,7.60056,3.510117,4.44367582342954,0,NaN
2020-08-24,ANCHOR_VPP_BM_PEAK_LEX,2020-08-24 16:00:00,32,10.59344,3.117691,8.0537147368421,4.71844785465692e-16,NaN
2020-08-24,ANCHOR_VPP_BM_PEAK_LEX,2020-08-24 16:30:00,33,12.01244,2.07157,10.5879027730617,1.66533453693773e-16,NaN
2020-08-24,ANCHOR_VPP_BM_PEAK_LEX,2020-08-24 17:00:00,34,9.71752,1.523382,8.79209953593662,5.41233724504764e-16,NaN
2020-08-24,ANCHOR_VPP_BM_PEAK_LEX,2020-08-24 17:30:00,35,10.7835,1.246723,10.2042291726089,1.11022302462516e-14,NaN
2020-08-24,ANCHOR_VPP_BM_PEAK_LEX,2020-08-24 18:00:00,36,18.87078,1.0011955,19.0847377306169,-2.77555756156289e-16,NaN
2020-08-24,ANCHOR_VPP_BM_PEAK_LEX,2020-08-24 18:30:00,37,18.22888,0.725876,18.7358350932654,0,NaN
2020-08-24,ANCHOR_VPP_BM_PEAK_LEX,2020-08-24 19:00:00,38,12.09404,0.84094,12.0353960384833,6.66133814775094e-16,NaN
2020-08-24,ANCHOR_VPP_BM_PEAK_LEX,2020-08-24 19:30:00,39,16.00942,0.335198,16.7977558913413,-1.83186799063151e-14,NaN
2020-08-24,ANCHOR_VPP_BM_PEAK_LEX,2020-08-24 20:00:00,40,13.29302,0.088711,14.0078007583475,-5.55111512312578e-17,NaN
2020-08-24,ANCHOR_VPP_BM_PEAK_LEX,2020-08-24 20:30:00,41,12.19997,0.013357,13.0344998189021,0,NaN
2020-08-24,ANCHOR_VPP_BM_PEAK_LEX,2020-08-24 21:00:00,42,15.5166,0.011191,16.3426804414261,0,NaN
2020-08-24,ANCHOR_VPP_BM_PEAK_LEX,2020-08-24 21:30:00,43,14.87162,0.00893,15.8278343157895,-2.60902410786912e-15,NaN
2020-08-24,ANCHOR_VPP_BM_PEAK_LEX,2020-08-24 22:00:00,44,16.79454,0.003154,17.8100364714792,2.75574481354846e-05,NaN
2020-08-24,ANCHOR_VPP_BM_PEAK_LEX,2020-08-24 22:30:00,45,12.835,0.009633,0,12.825367,NaN
2020-08-24,ANCHOR_VPP_BM_PEAK_LEX,2020-08-24 23:00:00,46,9.01564,0.006023,-2.62947558463853e-16,9.009617,NaN
2020-08-24,ANCHOR_VPP_BM_PEAK_LEX,2020-08-24 23:30:00,47,10.04552,0.003629,-4.67462326157961e-16,10.041891,NaN
2020-08-24,ANCHOR_VPP_BM_PEAK_LEX,2020-08-25 00:00:00,48,11.0438,0.004237,-2.92163953848725e-16,11.039563,NaN
2020-08-24,ANCHOR_PS,2020-08-24 00:30:00,1,6.75743,0.004807,-1.65857865400286,8.49824226737143,NaN
2020-08-24,ANCHOR_PS,2020-08-24 01:00:00,2,6.37418,0.004427,-2.02228615400286,8.49824226737143,NaN
2020-08-24,ANCHOR_PS,2020-08-24 01:30:00,3,4.10152,0.003553,-4.18043915400286,8.49824226737143,NaN
2020-08-24,ANCHOR_PS,2020-08-24 02:00:00,4,4.11671,0.003135,-4.16559065400286,8.49824226737143,NaN
2020-08-24,ANCHOR_PS,2020-08-24 02:30:00,5,4.44797,0.004693,-3.85245165400286,8.49824226737143,NaN
2020-08-24,ANCHOR_PS,2020-08-24 03:00:00,6,4.4792,0.004351,-3.82244115400286,8.49824226737144,NaN
2020-08-24,ANCHOR_PS,2020-08-24 03:30:00,7,4.24431,0.003154,-4.04438965400286,8.49824226737144,NaN
2020-08-24,ANCHOR_PS,2020-08-24 04:00:00,8,3.74379,0.003192,-4.51992165400286,8.49824226737143,NaN
2020-08-24,ANCHOR_PS,2020-08-24 04:30:00,9,4.02711,0.003629,-4.25120465400286,8.49824226737143,NaN
2020-08-24,ANCHOR_PS,2020-08-24 05:00:00,10,5.83211,0.006441,-2.53926665400286,8.49824226737144,NaN
2020-08-24,ANCHOR_PS,2020-08-24 05:30:00,11,7.76492,0.003591,-0.700247154002864,8.49824226737143,NaN
2020-08-24,ANCHOR_PS,2020-08-24 06:00:00,12,10.10506,0.001064,1.6902670869774,8.4982422673713,NaN
2020-08-24,ANCHOR_PS,2020-08-24 06:30:00,13,10.5033,0,2.11058708697744,8.49824226737143,NaN
2020-08-24,ANCHOR_PS,2020-08-24 07:00:00,14,10.14938,0,1.73803971855638,8.49824226737143,NaN
2020-08-24,ANCHOR_PS,2020-08-24 07:30:00,15,10.0849,0.07619,1.58996603434586,8.49824226737143,NaN
2020-08-24,ANCHOR_PS,2020-08-24 08:00:00,16,10.6098,0.388588,1.81650577118796,8.49824226737143,NaN
2020-08-24,ANCHOR_PS,2020-08-24 08:30:00,17,7.82226,1.249174,-1.88403550400286,8.49824226737143,NaN
2020-08-24,ANCHOR_PS,2020-08-24 09:00:00,18,10.41748,1.460131,0.493225886977436,8.49824226737144,NaN
2020-08-24,ANCHOR_PS,2020-08-24 09:30:00,19,8.14186,2.009022,-2.33483615400286,8.49824226737144,NaN
2020-08-24,ANCHOR_PS,2020-08-24 10:00:00,20,5.45138,3.660673,-6.54147515400286,8.49824226737143,NaN
2020-08-24,ANCHOR_PS,2020-08-24 10:30:00,21,6.84392,5.845578,-7.39529647829571,8.4982289245218,NaN
2020-08-24,ANCHOR_PS,2020-08-24 11:00:00,22,9.1955,4.427418,-3.70785507658493,8.49824226737143,NaN
2020-08-24,ANCHOR_PS,2020-08-24 11:30:00,23,14.25528,3.627746,2.33698027645112,8.49824226737143,NaN
2020-08-24,ANCHOR_PS,2020-08-24 12:00:00,24,10.01139,4.309922,-2.76035585737143,8.49824226737144,NaN
2020-08-24,ANCHOR_PS,2020-08-24 12:30:00,25,10.05596,5.069561,-3.45490888821274,8.49824226737143,NaN
2020-08-24,ANCHOR_PS,2020-08-24 13:00:00,26,9.40188,4.902171,-3.96638072737144,8.49824226737143,NaN
2020-08-24,ANCHOR_PS,2020-08-24 13:30:00,27,10.58522,6.809847,-4.6714350899862,8.49824226737138,NaN
2020-08-24,ANCHOR_PS,2020-08-24 14:00:00,28,10.44682,6.453787,-4.45773120737144,8.49824226737144,NaN
2020-08-24,ANCHOR_PS,2020-08-24 14:30:00,29,14.32608,4.7234,1.30969173960901,8.49824226737143,NaN
2020-08-24,ANCHOR_PS,2020-08-24 15:00:00,30,8.92004,4.525458,-4.10366026737144,8.49824226737144,NaN
2020-08-24,ANCHOR_PS,2020-08-24 15:30:00,31,7.60056,3.510117,-4.34694415400286,8.49824226737143,NaN
2020-08-24,ANCHOR_PS,2020-08-24 16:00:00,32,10.59344,3.117691,-0.996301227371436,8.49824226737144,NaN
2020-08-24,ANCHOR_PS,2020-08-24 16:30:00,33,12.01244,2.07157,1.55105310803007,8.49824226737143,NaN
2020-08-24,ANCHOR_PS,2020-08-24 17:00:00,34,9.71752,1.523382,-0.289860964213538,8.49824226737144,NaN
2020-08-24,ANCHOR_PS,2020-08-24 17:30:00,35,10.7835,1.246723,1.10319317118796,8.49824226737143,NaN
2020-08-24,ANCHOR_PS,2020-08-24 18:00:00,36,18.87078,1.0011955,9.86873333960902,8.49824226737143,NaN
2020-08-24,ANCHOR_PS,2020-08-24 18:30:00,37,18.22888,0.725876,9.48018442381954,8.49824226737143,NaN
2020-08-24,ANCHOR_PS,2020-08-24 19:00:00,38,12.09404,0.84094,2.92694677773465,8.49824226737144,NaN
2020-08-24,ANCHOR_PS,2020-08-24 19:30:00,39,16.00942,0.335198,7.5858376962406,8.49824226737143,NaN
2020-08-24,ANCHOR_PS,2020-08-24 20:00:00,40,13.29302,0.088711,4.95375445539849,8.49824226737144,NaN
2020-08-24,ANCHOR_PS,2020-08-24 20:30:00,41,12.19997,0.013357,3.89056620557845,8.49824226737144,NaN
2020-08-24,ANCHOR_PS,2020-08-24 21:00:00,42,15.5166,0.011191,7.37596498171428,8.49824226737143,NaN
2020-08-24,ANCHOR_PS,2020-08-24 21:30:00,43,14.87162,0.00893,6.69941866592481,8.49824226737143,NaN
2020-08-24,ANCHOR_PS,2020-08-24 22:00:00,44,16.79454,0.003154,8.75385232785775,8.49824226737143,NaN
2020-08-24,ANCHOR_PS,2020-08-24 22:30:00,45,12.835,0.009633,4.55486813960902,8.49824226737143,NaN
2020-08-24,ANCHOR_PS,2020-08-24 23:00:00,46,9.01564,0.006023,0.538289192240593,8.49824226737144,NaN
2020-08-24,ANCHOR_PS,2020-08-24 23:30:00,47,10.04552,0.003629,1.62489340276691,8.49824226737143,NaN
2020-08-24,ANCHOR_PS,2020-08-25 00:00:00,48,11.0438,0.004237,2.67507445539849,8.49824226737143,NaN
2020-08-24,ANCHOR_PSDT,2020-08-24 00:30:00,1,6.75743,0.004807,-0.00480699999999965,6.75743,NaN
2020-08-24,ANCHOR_PSDT,2020-08-24 01:00:00,2,6.37418,0.004427,-0.004427,6.37418,NaN
2020-08-24,ANCHOR_PSDT,2020-08-24 01:30:00,3,4.10152,0.003553,-0.003553,4.10152,NaN
2020-08-24,ANCHOR_PSDT,2020-08-24 02:00:00,4,4.11671,0.003135,-0.003135,4.11671,NaN
2020-08-24,ANCHOR_PSDT,2020-08-24 02:30:00,5,4.44797,0.004693,-0.004693,4.44797,NaN
2020-08-24,ANCHOR_PSDT,2020-08-24 03:00:00,6,4.4792,0.004351,-0.004351,4.4792,NaN
2020-08-24,ANCHOR_PSDT,2020-08-24 03:30:00,7,4.24431,0.003154,-0.003154,4.24431,NaN
2020-08-24,ANCHOR_PSDT,2020-08-24 04:00:00,8,3.74379,0.003192,-0.003192,3.74379,NaN
2020-08-24,ANCHOR_PSDT,2020-08-24 04:30:00,9,4.02711,0.003629,-0.003629,4.02711,NaN
2020-08-24,ANCHOR_PSDT,2020-08-24 05:00:00,10,5.83211,0.006441,-0.006441,5.83211,NaN
2020-08-24,ANCHOR_PSDT,2020-08-24 05:30:00,11,7.76492,0.003591,-0.003591,7.76492,NaN
2020-08-24,ANCHOR_PSDT,2020-08-24 06:00:00,12,10.10506,0.001064,-0.001064,10.10506,NaN
2020-08-24,ANCHOR_PSDT,2020-08-24 06:30:00,13,10.5033,0,0,10.5033,NaN
2020-08-24,ANCHOR_PSDT,2020-08-24 07:00:00,14,10.14938,0,0,10.14938,NaN
2020-08-24,ANCHOR_PSDT,2020-08-24 07:30:00,15,10.0849,0.07619,-0.07619,10.0849,NaN
2020-08-24,ANCHOR_PSDT,2020-08-24 08:00:00,16,10.6098,0.388588,-23.4705808617941,34.9066345913622,NaN
2020-08-24,ANCHOR_PSDT,2020-08-24 08:30:00,17,7.82226,1.249174,-35.2301499821697,43.5917084022839,NaN
2020-08-24,ANCHOR_PSDT,2020-08-24 09:00:00,18,10.41748,1.460131,-53.435094,65.127967368421,NaN
2020-08-24,ANCHOR_PSDT,2020-08-24 09:30:00,19,8.14186,2.009022,-66,75.5007842105263,NaN
2020-08-24,ANCHOR_PSDT,2020-08-24 10:00:00,20,5.45138,3.660673,-66,71.0717242105263,NaN
2020-08-24,ANCHOR_PSDT,2020-08-24 10:30:00,21,6.84392,5.845578,1.35809202506174,-3.33066907387547e-16,NaN
2020-08-24,ANCHOR_PSDT,2020-08-24 11:00:00,22,9.1955,4.427418,5.30716588568195,1.11022302462516e-16,NaN
2020-08-24,ANCHOR_PSDT,2020-08-24 11:30:00,23,14.25528,3.627746,11.3222635200905,-2.77555756156289e-17,NaN
2020-08-24,ANCHOR_PSDT,2020-08-24 12:00:00,24,10.01139,4.309922,6.30855013016412,-4.44089209850063e-16,NaN
2020-08-24,ANCHOR_PSDT,2020-08-24 12:30:00,25,10.05596,5.069561,5.51362249009621,5.55111512312578e-17,NaN
2020-08-24,ANCHOR_PSDT,2020-08-24 13:00:00,26,9.40188,4.902171,5.04487014148274,2.77555756156289e-16,NaN
2020-08-24,ANCHOR_PSDT,2020-08-24 13:30:00,27,10.58522,6.809847,4.28612234295416,-1.73472347597681e-16,NaN
2020-08-24,ANCHOR_PSDT,2020-08-24 14:00:00,28,10.44682,6.453787,4.47661809847199,0,NaN
2020-08-24,ANCHOR_PSDT,2020-08-24 14:30:00,29,14.32608,4.7234,10.3495111601585,-4.44089209850063e-16,NaN
2020-08-24,ANCHOR_PSDT,2020-08-24 15:00:00,30,8.92004,4.525458,4.80138524052066,-3.88578058618805e-16,NaN
2020-08-24,ANCHOR_PSDT,2020-08-24 15:30:00,31,7.60056,3.510117,4.44367582342954,-3.88578058618805e-16,NaN
2020-08-24,ANCHOR_PSDT,2020-08-24 16:00:00,32,10.59344,3.117691,7.96624855789474,1.11022302462516e-16,NaN
2020-08-24,ANCHOR_PSDT,2020-08-24 16:30:00,33,12.01244,2.07157,10.695662568738,-6.66133814775094e-16,NaN
2020-08-24,ANCHOR_PSDT,2020-08-24 17:00:00,34,9.71752,1.523382,8.71973213355971,-1.38777878078145e-17,NaN
2020-08-24,ANCHOR_PSDT,2020-08-24 17:30:00,35,10.7835,1.246723,10.2074954272779,2.22044604925031e-16,NaN
2020-08-24,ANCHOR_PSDT,2020-08-24 18:00:00,36,18.87078,1.0011955,18.9382571302999,1.77635683940025e-15,NaN
2020-08-24,ANCHOR_PSDT,2020-08-24 18:30:00,37,18.22888,0.725876,18.7206597849462,-1.11022302462516e-16,NaN
2020-08-24,ANCHOR_PSDT,2020-08-24 19:00:00,38,12.09404,0.84094,12.0353960384833,-4.44089209850063e-16,NaN
2020-08-24,ANCHOR_PSDT,2020-08-24 19:30:00,39,16.00942,0.335198,16.7977558913413,-5.55111512312578e-17,NaN
2020-08-24,ANCHOR_PSDT,2020-08-24 20:00:00,40,13.29302,0.088711,14.0361993265422,-3.33066907387547e-16,NaN
2020-08-24,ANCHOR_PSDT,2020-08-24 20:30:00,41,12.19997,0.013357,13.0344998189021,-1.11022302462516e-16,NaN
2020-08-24,ANCHOR_PSDT,2020-08-24 21:00:00,42,15.5166,0.011191,16.3920583701188,0,NaN
2020-08-24,ANCHOR_PSDT,2020-08-24 21:30:00,43,14.87162,0.00893,15.7225302773062,5.55111512312578e-17,NaN
2020-08-24,ANCHOR_PSDT,2020-08-24 22:00:00,44,16.79454,0.003154,17.7796796604414,-7.54951656745106e-15,NaN
2020-08-24,ANCHOR_PSDT,2020-08-24 22:30:00,45,12.835,0.009633,5.25895116927706e-16,12.825367,NaN
2020-08-24,ANCHOR_PSDT,2020-08-24 23:00:00,46,9.01564,0.006023,1.1686558153949e-16,9.009617,NaN
2020-08-24,ANCHOR_PSDT,2020-08-24 23:30:00,47,10.04552,0.003629,0,10.041891,NaN
2020-08-24,ANCHOR_PSDT,2020-08-25 00:00:00,48,11.0438,0.004237,4.09029535388216e-16,11.039563,NaN
2020-08-24,ANCHOR_LL,2020-08-24 00:30:00,1,6.75743,0.004807,-1.6585787022465,8.49824231815421,NaN
2020-08-24,ANCHOR_LL,2020-08-24 01:00:00,2,6.37418,0.004427,-2.02228620224649,8.4982423181542,NaN
2020-08-24,ANCHOR_LL,2020-08-24 01:30:00,3,4.10152,0.003553,-4.18043920224653,8.49824231815424,NaN
2020-08-24,ANCHOR_LL,2020-08-24 02:00:00,4,4.11671,0.003135,-4.16559070224649,8.4982423181542,NaN
2020-08-24,ANCHOR_LL,2020-08-24 02:30:00,5,4.44797,0.004693,-3.85245170224649,8.4982423181542,NaN
2020-08-24,ANCHOR_LL,2020-08-24 03:00:00,6,4.4792,0.004351,-3.82244120224649,8.49824231815421,NaN
2020-08-24,ANCHOR_LL,2020-08-24 03:30:00,7,4.24431,0.003154,-4.04438970224649,8.4982423181542,NaN
2020-08-24,ANCHOR_LL,2020-08-24 04:00:00,8,3.74379,0.003192,-4.5199217022465,8.49824231815421,NaN
2020-08-24,ANCHOR_LL,2020-08-24 04:30:00,9,4.02711,0.003629,-4.2512047022465,8.49824231815421,NaN
2020-08-24,ANCHOR_LL,2020-08-24 05:00:00,10,5.83211,0.006441,-2.53926670224651,8.49824231815422,NaN
2020-08-24,ANCHOR_LL,2020-08-24 05:30:00,11,7.76492,0.003591,-0.700247202246508,8.49824231815422,NaN
2020-08-24,ANCHOR_LL,2020-08-24 06:00:00,12,10.10506,0.001064,1.6902670335219,8.4982423181542,NaN
2020-08-24,ANCHOR_LL,2020-08-24 06:30:00,13,10.5033,0,2.11058703352189,8.4982423181542,NaN
2020-08-24,ANCHOR_LL,2020-08-24 07:00:00,14,10.14938,0,1.73803966510084,8.4982423181542,NaN
2020-08-24,ANCHOR_LL,2020-08-24 07:30:00,15,10.0849,0.07619,1.58996598089031,8.4982423181542,NaN
2020-08-24,ANCHOR_LL,2020-08-24 08:00:00,16,10.6098,0.388588,1.81650571773242,8.4982423181542,NaN
2020-08-24,ANCHOR_LL,2020-08-24 08:30:00,17,7.82226,1.249174,-1.88403555224649,8.4982423181542,NaN
2020-08-24,ANCHOR_LL,2020-08-24 09:00:00,18,10.41748,1.460131,0.493225833521889,8.4982423181542,NaN
2020-08-24,ANCHOR_LL,2020-08-24 09:30:00,19,8.14186,2.009022,-2.33483620224649,8.4982423181542,NaN
2020-08-24,ANCHOR_LL,2020-08-24 10:00:00,20,5.45138,3.660673,-6.54147520224649,8.4982423181542,NaN
2020-08-24,ANCHOR_LL,2020-08-24 10:30:00,21,6.84392,5.845578,-7.39530910724649,8.4982422181542,NaN
2020-08-24,ANCHOR_LL,2020-08-24 11:00:00,22,9.1955,4.427418,-3.72151154208474,8.4982422181542,NaN
2020-08-24,ANCHOR_LL,2020-08-24 11:30:00,23,14.25528,3.627746,2.33698032825873,8.49824221815421,NaN
2020-08-24,ANCHOR_LL,2020-08-24 12:00:00,24,10.01139,4.309922,-2.7603558081542,8.49824221815421,NaN
2020-08-24,ANCHOR_LL,2020-08-24 12:30:00,25,10.05596,5.069561,-3.4689584181542,8.4982422181542,NaN
2020-08-24,ANCHOR_LL,2020-08-24 13:00:00,26,9.40188,4.902171,-3.9663806781542,8.4982422181542,NaN
2020-08-24,ANCHOR_LL,2020-08-24 13:30:00,27,10.58522,6.809847,-4.65734109663676,8.4982422181542,NaN
2020-08-24,ANCHOR_LL,2020-08-24 14:00:00,28,10.44682,6.453787,-4.4577311581542,8.49824221815421,NaN
2020-08-24,ANCHOR_LL,2020-08-24 14:30:00,29,14.32608,4.7234,1.30969179141662,8.49824221815421,NaN
2020-08-24,ANCHOR_LL,2020-08-24 15:00:00,30,8.92004,4.525458,-4.0899900625314,8.4982422181542,NaN
2020-08-24,ANCHOR_LL,2020-08-24 15:30:00,31,7.60056,3.510117,-4.34694410724649,8.4982422181542,NaN
2020-08-24,ANCHOR_LL,2020-08-24 16:00:00,32,10.59344,3.117691,-0.996301178154206,8.49824221815421,NaN
2020-08-24,ANCHOR_LL,2020-08-24 16:30:00,33,12.01244,2.07157,1.57538453010277,8.4982422181542,NaN
2020-08-24,ANCHOR_LL,2020-08-24 17:00:00,34,9.71752,1.523382,-0.289860914996305,8.4982422181542,NaN
2020-08-24,ANCHOR_LL,2020-08-24 17:30:00,35,10.7835,1.246723,1.10319322299558,8.4982422181542,NaN
2020-08-24,ANCHOR_LL,2020-08-24 18:00:00,36,18.87078,1.0011955,9.86873339141663,8.4982422181542,NaN
2020-08-24,ANCHOR_LL,2020-08-24 18:30:00,37,18.22888,0.725876,9.48018447562716,8.4982422181542,NaN
2020-08-24,ANCHOR_LL,2020-08-24 19:00:00,38,12.09404,0.84094,2.92264850859739,8.49824221815421,NaN
2020-08-24,ANCHOR_LL,2020-08-24 19:30:00,39,16.00942,0.335198,7.55522229667979,8.4982422181542,NaN
2020-08-24,ANCHOR_LL,2020-08-24 20:00:00,40,13.29302,0.088711,4.9537545072061,8.49824221815421,NaN
2020-08-24,ANCHOR_LL,2020-08-24 20:30:00,41,12.19997,0.013357,3.88249555983768,8.4982422181542,NaN
2020-08-24,ANCHOR_LL,2020-08-24 21:00:00,42,15.5166,0.011191,7.3759650335219,8.4982422181542,NaN
2020-08-24,ANCHOR_LL,2020-08-24 21:30:00,43,14.87162,0.00893,6.69941871773242,8.4982422181542,NaN
2020-08-24,ANCHOR_LL,2020-08-24 22:00:00,44,16.79454,0.003154,8.72962503352189,8.4982422181542,NaN
2020-08-24,ANCHOR_LL,2020-08-24 22:30:00,45,12.835,0.009633,4.59496003604505,8.4982423181542,NaN
2020-08-24,ANCHOR_LL,2020-08-24 23:00:00,46,9.01564,0.006023,0.541032304460942,8.4982423181542,NaN
2020-08-24,ANCHOR_LL,2020-08-24 23:30:00,47,10.04552,0.003629,1.62489334931136,8.4982423181542,NaN
2020-08-24,ANCHOR_LL,2020-08-25 00:00:00,48,11.0438,0.004237,2.67507440194294,8.49824231815421,NaN
2020-08-24,FRONTIER_R3.000,2020-08-24 00:30:00,1,6.75743,0.004807,-0.00480699999999965,6.75743,53.8084875
2020-08-24,FRONTIER_R3.000,2020-08-24 01:00:00,2,6.37418,0.004427,-0.004427,6.37418,53.8084875
2020-08-24,FRONTIER_R3.000,2020-08-24 01:30:00,3,4.10152,0.003553,-0.003553,4.10152,53.8084875
2020-08-24,FRONTIER_R3.000,2020-08-24 02:00:00,4,4.11671,0.003135,-0.003135,4.11671,53.8084875
2020-08-24,FRONTIER_R3.000,2020-08-24 02:30:00,5,4.44797,0.004693,-0.004693,4.44797,53.8084875
2020-08-24,FRONTIER_R3.000,2020-08-24 03:00:00,6,4.4792,0.004351,-0.004351,4.4792,53.8084875
2020-08-24,FRONTIER_R3.000,2020-08-24 03:30:00,7,4.24431,0.003154,-0.003154,4.24431,53.8084875
2020-08-24,FRONTIER_R3.000,2020-08-24 04:00:00,8,3.74379,0.003192,-0.003192,3.74379,53.8084875
2020-08-24,FRONTIER_R3.000,2020-08-24 04:30:00,9,4.02711,0.003629,-0.003629,4.02711,53.8084875
2020-08-24,FRONTIER_R3.000,2020-08-24 05:00:00,10,5.83211,0.006441,-0.006441,5.83211,53.8084875
2020-08-24,FRONTIER_R3.000,2020-08-24 05:30:00,11,7.76492,0.003591,-0.003591,7.76492,53.8084875
2020-08-24,FRONTIER_R3.000,2020-08-24 06:00:00,12,10.10506,0.001064,-0.001064,10.10506,53.8084875
2020-08-24,FRONTIER_R3.000,2020-08-24 06:30:00,13,10.5033,0,0,10.5033,53.8084875
2020-08-24,FRONTIER_R3.000,2020-08-24 07:00:00,14,10.14938,0,0,10.14938,53.8084875
2020-08-24,FRONTIER_R3.000,2020-08-24 07:30:00,15,10.0849,0.07619,-20.1747522189643,31.2412812831203,53.8084875
2020-08-24,FRONTIER_R3.000,2020-08-24 08:00:00,16,10.6098,0.388588,-41.427341125,53.8084875,53.8084875
2020-08-24,FRONTIER_R3.000,2020-08-24 08:30:00,17,7.82226,1.249174,-44.936090125,53.8084875,53.8084875
2020-08-24,FRONTIER_R3.000,2020-08-24 09:00:00,18,10.41748,1.460131,-42.681588125,53.8084875,53.8084875
2020-08-24,FRONTIER_R3.000,2020-08-24 09:30:00,19,8.14186,2.009022,-45.392318125,53.8084875,53.8084875
2020-08-24,FRONTIER_R3.000,2020-08-24 10:00:00,20,5.45138,3.660673,-49.599925125,53.8084875,53.8084875
2020-08-24,FRONTIER_R3.000,2020-08-24 10:30:00,21,6.84392,5.845578,1.3580920250622,-4.44089209850063e-16,53.8084875
2020-08-24,FRONTIER_R3.000,2020-08-24 11:00:00,22,9.1955,4.427418,5.30379701188455,5.55111512312578e-17,53.8084875
2020-08-24,FRONTIER_R3.000,2020-08-24 11:30:00,23,14.25528,3.627746,11.6538328631579,-6.66133814775094e-16,53.8084875
2020-08-24,FRONTIER_R3.000,2020-08-24 12:00:00,24,10.01139,4.309922,6.1805744631579,2.22044604925031e-16,53.8084875
2020-08-24,FRONTIER_R3.000,2020-08-24 12:30:00,25,10.05596,5.069561,5.51790409734013,2.83106871279415e-15,53.8084875
2020-08-24,FRONTIER_R3.000,2020-08-24 13:00:00,26,9.40188,4.902171,5.04487014148274,8.32667268468867e-16,53.8084875
2020-08-24,FRONTIER_R3.000,2020-08-24 13:30:00,27,10.58522,6.809847,4.28612234295416,-3.33066907387547e-16,53.8084875
2020-08-24,FRONTIER_R3.000,2020-08-24 14:00:00,28,10.44682,6.453787,4.47661809847199,2.22044604925031e-16,53.8084875
2020-08-24,FRONTIER_R3.000,2020-08-24 14:30:00,29,14.32608,4.7234,10.3495111601585,3.88578058618805e-16,53.8084875
2020-08-24,FRONTIER_R3.000,2020-08-24 15:00:00,30,8.92004,4.525458,4.80138524052066,5.55111512312578e-17,53.8084875
2020-08-24,FRONTIER_R3.000,2020-08-24 15:30:00,31,7.60056,3.510117,4.48324186757216,-6.10622663543836e-16,53.8084875
2020-08-24,FRONTIER_R3.000,2020-08-24 16:00:00,32,10.59344,3.117691,7.98799634408602,1.11022302462516e-16,53.8084875
2020-08-24,FRONTIER_R3.000,2020-08-24 16:30:00,33,12.01244,2.07157,10.7125225806452,4.38538094726937e-15,53.8084875
2020-08-24,FRONTIER_R3.000,2020-08-24 17:00:00,34,9.71752,1.523382,8.80418350560272,-1.2490009027033e-16,53.8084875
2020-08-24,FRONTIER_R3.000,2020-08-24 17:30:00,35,10.7835,1.246723,10.2074954272779,3.5527136788005e-15,53.8084875
2020-08-24,FRONTIER_R3.000,2020-08-24 18:00:00,36,18.87078,1.0011955,18.9734539728353,1.11022302462516e-15,53.8084875
2020-08-24,FRONTIER_R3.000,2020-08-24 18:30:00,37,18.22888,0.725876,18.5374744991511,-2.33146835171283e-15,53.8084875
2020-08-24,FRONTIER_R3.000,2020-08-24 19:00:00,38,12.09404,0.84094,12.0353960384833,-4.44089209850063e-16,53.8084875
2020-08-24,FRONTIER_R3.000,2020-08-24 19:30:00,39,16.00942,0.335198,16.6095347255235,-1.77635683940025e-15,53.8084875
2020-08-24,FRONTIER_R3.000,2020-08-24 20:00:00,40,13.29302,0.088711,14.0078007583475,-7.7715611723761e-16,53.8084875
2020-08-24,FRONTIER_R3.000,2020-08-24 20:30:00,41,12.19997,0.013357,12.8932685795133,-2.60902410786912e-15,53.8084875
2020-08-24,FRONTIER_R3.000,2020-08-24 21:00:00,42,15.5166,0.011191,16.3748733106961,-3.33066907387547e-16,53.8084875
2020-08-24,FRONTIER_R3.000,2020-08-24 21:30:00,43,14.87162,0.00893,15.7686399943407,-1.66533453693773e-16,53.8084875
2020-08-24,FRONTIER_R3.000,2020-08-24 22:00:00,44,16.79454,0.003154,17.8894627956989,0,53.8084875
2020-08-24,FRONTIER_R3.000,2020-08-24 22:30:00,45,12.835,0.009633,4.67462326157961e-16,12.825367,53.8084875
2020-08-24,FRONTIER_R3.000,2020-08-24 23:00:00,46,9.01564,0.006023,-8.76491861546177e-17,9.009617,53.8084875
2020-08-24,FRONTIER_R3.000,2020-08-24 23:30:00,47,10.04552,0.003629,-2.04514767694108e-16,10.041891,53.8084875
2020-08-24,FRONTIER_R3.000,2020-08-25 00:00:00,48,11.0438,0.004237,1.75298372309235e-16,11.039563,53.8084875
2020-08-24,FRONTIER_R2.500,2020-08-24 00:30:00,1,6.75743,0.004807,-0.00480699999999965,6.75743,44.84040625
2020-08-24,FRONTIER_R2.500,2020-08-24 01:00:00,2,6.37418,0.004427,-0.004427,6.37418,44.84040625
2020-08-24,FRONTIER_R2.500,2020-08-24 01:30:00,3,4.10152,0.003553,-0.003553,4.10152,44.84040625
2020-08-24,FRONTIER_R2.500,2020-08-24 02:00:00,4,4.11671,0.003135,-0.003135,4.11671,44.84040625
2020-08-24,FRONTIER_R2.500,2020-08-24 02:30:00,5,4.44797,0.004693,-0.004693,4.44797,44.84040625
2020-08-24,FRONTIER_R2.500,2020-08-24 03:00:00,6,4.4792,0.004351,-0.004351,4.4792,44.84040625
2020-08-24,FRONTIER_R2.500,2020-08-24 03:30:00,7,4.24431,0.003154,-0.003154,4.24431,44.84040625
2020-08-24,FRONTIER_R2.500,2020-08-24 04:00:00,8,3.74379,0.003192,-0.003192,3.74379,44.84040625
2020-08-24,FRONTIER_R2.500,2020-08-24 04:30:00,9,4.02711,0.003629,-0.003629,4.02711,44.84040625
2020-08-24,FRONTIER_R2.500,2020-08-24 05:00:00,10,5.83211,0.006441,-0.006441,5.83211,44.84040625
2020-08-24,FRONTIER_R2.500,2020-08-24 05:30:00,11,7.76492,0.003591,-0.003591,7.76492,44.84040625
2020-08-24,FRONTIER_R2.500,2020-08-24 06:00:00,12,10.10506,0.001064,-0.001064,10.10506,44.84040625
2020-08-24,FRONTIER_R2.500,2020-08-24 06:30:00,13,10.5033,0,0,10.5033,44.84040625
2020-08-24,FRONTIER_R2.500,2020-08-24 07:00:00,14,10.14938,0,-29.6792172189642,41.3906612831202,44.84040625
2020-08-24,FRONTIER_R2.500,2020-08-24 07:30:00,15,10.0849,0.07619,-33.0939209375,44.84040625,44.84040625
2020-08-24,FRONTIER_R2.500,2020-08-24 08:00:00,16,10.6098,0.388588,-32.9076639375,44.84040625,44.84040625
2020-08-24,FRONTIER_R2.500,2020-08-24 08:30:00,17,7.82226,1.249174,-36.4164129375,44.84040625,44.84040625
2020-08-24,FRONTIER_R2.500,2020-08-24 09:00:00,18,10.41748,1.460131,-34.1619109375,44.84040625,44.84040625
2020-08-24,FRONTIER_R2.500,2020-08-24 09:30:00,19,8.14186,2.009022,-36.8726409375,44.84040625,44.84040625
2020-08-24,FRONTIER_R2.500,2020-08-24 10:00:00,20,5.45138,3.660673,-41.0802479375,44.84040625,44.84040625
2020-08-24,FRONTIER_R2.500,2020-08-24 10:30:00,21,6.84392,5.845578,1.35809202506213,2.04372109513518e-15,44.84040625
2020-08-24,FRONTIER_R2.500,2020-08-24 11:00:00,22,9.1955,4.427418,5.30379701188455,6.66133814775094e-16,44.84040625
2020-08-24,FRONTIER_R2.500,2020-08-24 11:30:00,23,14.25528,3.627746,11.3651841765704,1.1518563880486e-14,44.84040625
2020-08-24,FRONTIER_R2.500,2020-08-24 12:00:00,24,10.01139,4.309922,6.30855013016412,-6.66133814775094e-16,44.84040625
2020-08-24,FRONTIER_R2.500,2020-08-24 12:30:00,25,10.05596,5.069561,5.47141349473684,-5.55111512312578e-17,44.84040625
2020-08-24,FRONTIER_R2.500,2020-08-24 13:00:00,26,9.40188,4.902171,4.99022814940577,1.88737914186277e-15,44.84040625
2020-08-24,FRONTIER_R2.500,2020-08-24 13:30:00,27,10.58522,6.809847,4.28612234295416,-5.55111512312578e-16,44.84040625
2020-08-24,FRONTIER_R2.500,2020-08-24 14:00:00,28,10.44682,6.453787,4.47661809847199,2.77555756156289e-16,44.84040625
2020-08-24,FRONTIER_R2.500,2020-08-24 14:30:00,29,14.32608,4.7234,10.3495111601585,-1.88737914186277e-15,44.84040625
2020-08-24,FRONTIER_R2.500,2020-08-24 15:00:00,30,8.92004,4.525458,4.80634812009055,2.77555756156289e-17,44.84040625
2020-08-24,FRONTIER_R2.500,2020-08-24 15:30:00,31,7.60056,3.510117,4.44367582342954,2.77555756156289e-16,44.84040625
2020-08-24,FRONTIER_R2.500,2020-08-24 16:00:00,32,10.59344,3.117691,7.96624855789474,-1.2490009027033e-16,44.84040625
2020-08-24,FRONTIER_R2.500,2020-08-24 16:30:00,33,12.01244,2.07157,10.7551152235427,-3.49720252756924e-15,44.84040625
2020-08-24,FRONTIER_R2.500,2020-08-24 17:00:00,34,9.71752,1.523382,8.95540434634974,1.65145674912992e-15,44.84040625
2020-08-24,FRONTIER_R2.500,2020-08-24 17:30:00,35,10.7835,1.246723,10.2074954272779,1.11022302462516e-16,44.84040625
2020-08-24,FRONTIER_R2.500,2020-08-24 18:00:00,36,18.87078,1.0011955,19.0847377306169,6.66133814775094e-16,44.84040625
2020-08-24,FRONTIER_R2.500,2020-08-24 18:30:00,37,18.22888,0.725876,18.629067934352,-2.1094237467878e-15,44.84040625
2020-08-24,FRONTIER_R2.500,2020-08-24 19:00:00,38,12.09404,0.84094,11.9207624221845,-6.93889390390723e-18,44.84040625
2020-08-24,FRONTIER_R2.500,2020-08-24 19:30:00,39,16.00942,0.335198,16.6649579286927,-2.94209101525666e-15,44.84040625
2020-08-24,FRONTIER_R2.500,2020-08-24 20:00:00,40,13.29302,0.088711,14.0078007583475,1.01030295240889e-14,44.84040625
2020-08-24,FRONTIER_R2.500,2020-08-24 20:30:00,41,12.19997,0.013357,12.9470596378042,1.11022302462516e-16,44.84040625
2020-08-24,FRONTIER_R2.500,2020-08-24 21:00:00,42,15.5166,0.011191,16.3920583701188,0,44.84040625
2020-08-24,FRONTIER_R2.500,2020-08-24 21:30:00,43,14.87162,0.00893,15.7942479909451,2.05391259555654e-15,44.84040625
2020-08-24,FRONTIER_R2.500,2020-08-24 22:00:00,44,16.79454,0.003154,17.7735549829089,-5.55111512312578e-17,44.84040625
2020-08-24,FRONTIER_R2.500,2020-08-24 22:30:00,45,12.835,0.009633,4.67462326157961e-16,12.825367,44.84040625
2020-08-24,FRONTIER_R2.500,2020-08-24 23:00:00,46,9.01564,0.006023,-8.76491861546177e-17,9.009617,44.84040625
2020-08-24,FRONTIER_R2.500,2020-08-24 23:30:00,47,10.04552,0.003629,-2.04514767694108e-16,10.041891,44.84040625
2020-08-24,FRONTIER_R2.500,2020-08-25 00:00:00,48,11.0438,0.004237,1.75298372309235e-16,11.039563,44.84040625
2020-08-24,FRONTIER_R2.000,2020-08-24 00:30:00,1,6.75743,0.004807,-0.00480699999999965,6.75743,35.872325
2020-08-24,FRONTIER_R2.000,2020-08-24 01:00:00,2,6.37418,0.004427,-0.004427,6.37418,35.872325
2020-08-24,FRONTIER_R2.000,2020-08-24 01:30:00,3,4.10152,0.003553,-0.00355299999999999,4.10152,35.872325
2020-08-24,FRONTIER_R2.000,2020-08-24 02:00:00,4,4.11671,0.003135,-0.003135,4.11671,35.872325
2020-08-24,FRONTIER_R2.000,2020-08-24 02:30:00,5,4.44797,0.004693,-0.004693,4.44797,35.872325
2020-08-24,FRONTIER_R2.000,2020-08-24 03:00:00,6,4.4792,0.004351,-0.004351,4.4792,35.872325
2020-08-24,FRONTIER_R2.000,2020-08-24 03:30:00,7,4.24431,0.003154,-0.00315399999999999,4.24431,35.872325
2020-08-24,FRONTIER_R2.000,2020-08-24 04:00:00,8,3.74379,0.003192,-0.003192,3.74379,35.872325
2020-08-24,FRONTIER_R2.000,2020-08-24 04:30:00,9,4.02711,0.003629,-0.00362899999999999,4.02711,35.872325
2020-08-24,FRONTIER_R2.000,2020-08-24 05:00:00,10,5.83211,0.006441,-0.006441,5.83211,35.872325
2020-08-24,FRONTIER_R2.000,2020-08-24 05:30:00,11,7.76492,0.003591,-9.403591,17.6596568421053,35.872325
2020-08-24,FRONTIER_R2.000,2020-08-24 06:00:00,12,10.10506,0.001064,-22.8609728439641,34.1681219410148,35.872325
2020-08-24,FRONTIER_R2.000,2020-08-24 06:30:00,13,10.5033,0,-24.10057375,35.872325,35.872325
2020-08-24,FRONTIER_R2.000,2020-08-24 07:00:00,14,10.14938,0,-24.43679775,35.872325,35.872325
2020-08-24,FRONTIER_R2.000,2020-08-24 07:30:00,15,10.0849,0.07619,-24.57424375,35.872325,35.872325
2020-08-24,FRONTIER_R2.000,2020-08-24 08:00:00,16,10.6098,0.388588,-24.38798675,35.872325,35.872325
2020-08-24,FRONTIER_R2.000,2020-08-24 08:30:00,17,7.82226,1.249174,-27.89673575,35.872325,35.872325
2020-08-24,FRONTIER_R2.000,2020-08-24 09:00:00,18,10.41748,1.460131,-25.64223375,35.872325,35.872325
2020-08-24,FRONTIER_R2.000,2020-08-24 09:30:00,19,8.14186,2.009022,-28.35296375,35.872325,35.872325
2020-08-24,FRONTIER_R2.000,2020-08-24 10:00:00,20,5.45138,3.660673,-32.56057075,35.872325,35.872325
2020-08-24,FRONTIER_R2.000,2020-08-24 10:30:00,21,6.84392,5.845578,1.35809202506204,1.38777878078145e-16,35.872325
2020-08-24,FRONTIER_R2.000,2020-08-24 11:00:00,22,9.1955,4.427418,5.24441387662705,-1.66533453693773e-16,35.872325
2020-08-24,FRONTIER_R2.000,2020-08-24 11:30:00,23,14.25528,3.627746,11.4199337436333,0,35.872325
2020-08-24,FRONTIER_R2.000,2020-08-24 12:00:00,24,10.01139,4.309922,6.19524441426146,-4.9960036108132e-16,35.872325
2020-08-24,FRONTIER_R2.000,2020-08-24 12:30:00,25,10.05596,5.069561,5.58790409734013,0,35.872325
2020-08-24,FRONTIER_R2.000,2020-08-24 13:00:00,26,9.40188,4.902171,4.95748225240521,-4.44089209850063e-16,35.872325
2020-08-24,FRONTIER_R2.000,2020-08-24 13:30:00,27,10.58522,6.809847,4.28612234295416,-7.7715611723761e-16,35.872325
2020-08-24,FRONTIER_R2.000,2020-08-24 14:00:00,28,10.44682,6.453787,4.47661809847199,-1.11022302462516e-16,35.872325
2020-08-24,FRONTIER_R2.000,2020-08-24 14:30:00,29,14.32608,4.7234,10.3495111601585,-2.22044604925031e-16,35.872325
2020-08-24,FRONTIER_R2.000,2020-08-24 15:00:00,30,8.92004,4.525458,4.80138524052066,-5.55111512312578e-17,35.872325
2020-08-24,FRONTIER_R2.000,2020-08-24 15:30:00,31,7.60056,3.510117,4.44367582342954,1.66533453693773e-16,35.872325
2020-08-24,FRONTIER_R2.000,2020-08-24 16:00:00,32,10.59344,3.117691,8.28452062252405,2.77555756156289e-17,35.872325
2020-08-24,FRONTIER_R2.000,2020-08-24 16:30:00,33,12.01244,2.07157,10.5879027730617,-5.55111512312578e-17,35.872325
2020-08-24,FRONTIER_R2.000,2020-08-24 17:00:00,34,9.71752,1.523382,8.81554854555744,-4.57966997657877e-16,35.872325
2020-08-24,FRONTIER_R2.000,2020-08-24 17:30:00,35,10.7835,1.246723,10.2192771561969,2.44249065417534e-14,35.872325
2020-08-24,FRONTIER_R2.000,2020-08-24 18:00:00,36,18.87078,1.0011955,19.0286775155631,-6.66133814775094e-16,35.872325
2020-08-24,FRONTIER_R2.000,2020-08-24 18:30:00,37,18.22888,0.725876,18.629067934352,4.44089209850063e-16,35.872325
2020-08-24,FRONTIER_R2.000,2020-08-24 19:00:00,38,12.09404,0.84094,11.9207624221845,1.11022302462516e-16,35.872325
2020-08-24,FRONTIER_R2.000,2020-08-24 19:30:00,39,16.00942,0.335198,16.6649579286927,-6.10622663543836e-16,35.872325
2020-08-24,FRONTIER_R2.000,2020-08-24 20:00:00,40,13.29302,0.088711,14.0078007583475,-1.11022302462516e-16,35.872325
2020-08-24,FRONTIER_R2.000,2020-08-24 20:30:00,41,12.19997,0.013357,12.9427246293152,-4.44089209850063e-16,35.872325
2020-08-24,FRONTIER_R2.000,2020-08-24 21:00:00,42,15.5166,0.011191,16.3625117940011,-5.55111512312578e-17,35.872325
2020-08-24,FRONTIER_R2.000,2020-08-24 21:30:00,43,14.87162,0.00893,15.8581642105263,-1.66533453693773e-16,35.872325
2020-08-24,FRONTIER_R2.000,2020-08-24 22:00:00,44,16.79454,0.003154,17.8157524787776,1.66533453693773e-16,35.872325
2020-08-24,FRONTIER_R2.000,2020-08-24 22:30:00,45,12.835,0.009633,0,12.825367,35.872325
2020-08-24,FRONTIER_R2.000,2020-08-24 23:00:00,46,9.01564,0.006023,-1.46081976924363e-16,9.009617,35.872325
2020-08-24,FRONTIER_R2.000,2020-08-24 23:30:00,47,10.04552,0.003629,1.1686558153949e-16,10.041891,35.872325
2020-08-24,FRONTIER_R2.000,2020-08-25 00:00:00,48,11.0438,0.004237,-2.92163953848725e-16,11.039563,35.872325
2020-08-24,FRONTIER_R1.750,2020-08-24 00:30:00,1,6.75743,0.004807,-0.00480699999999965,6.75743,31.388284375
2020-08-24,FRONTIER_R1.750,2020-08-24 01:00:00,2,6.37418,0.004427,-0.004427,6.37418,31.388284375
2020-08-24,FRONTIER_R1.750,2020-08-24 01:30:00,3,4.10152,0.003553,-0.003553,4.10152,31.388284375
2020-08-24,FRONTIER_R1.750,2020-08-24 02:00:00,4,4.11671,0.003135,-0.003135,4.11671,31.388284375
2020-08-24,FRONTIER_R1.750,2020-08-24 02:30:00,5,4.44797,0.004693,-0.004693,4.44797,31.388284375
2020-08-24,FRONTIER_R1.750,2020-08-24 03:00:00,6,4.4792,0.004351,-0.004351,4.4792,31.388284375
2020-08-24,FRONTIER_R1.750,2020-08-24 03:30:00,7,4.24431,0.003154,-0.003154,4.24431,31.388284375
2020-08-24,FRONTIER_R1.750,2020-08-24 04:00:00,8,3.74379,0.003192,-0.003192,3.74379,31.388284375
2020-08-24,FRONTIER_R1.750,2020-08-24 04:30:00,9,4.02711,0.003629,-0.928227766270514,5.00037185923212,31.388284375
2020-08-24,FRONTIER_R1.750,2020-08-24 05:00:00,10,5.83211,0.006441,-22.7592005151938,29.7823831738882,31.388284375
2020-08-24,FRONTIER_R1.750,2020-08-24 05:30:00,11,7.76492,0.003591,-22.44578715625,31.388284375,31.388284375
2020-08-24,FRONTIER_R1.750,2020-08-24 06:00:00,12,10.10506,0.001064,-20.22012715625,31.388284375,31.388284375
2020-08-24,FRONTIER_R1.750,2020-08-24 06:30:00,13,10.5033,0,-19.84073515625,31.388284375,31.388284375
2020-08-24,FRONTIER_R1.750,2020-08-24 07:00:00,14,10.14938,0,-20.1769591562502,31.3882843750002,31.388284375
2020-08-24,FRONTIER_R1.750,2020-08-24 07:30:00,15,10.0849,0.07619,-20.31440515625,31.388284375,31.388284375
2020-08-24,FRONTIER_R1.750,2020-08-24 08:00:00,16,10.6098,0.388588,-20.12814815625,31.388284375,31.388284375
2020-08-24,FRONTIER_R1.750,2020-08-24 08:30:00,17,7.82226,1.249174,-23.63689715625,31.388284375,31.388284375
2020-08-24,FRONTIER_R1.750,2020-08-24 09:00:00,18,10.41748,1.460131,-21.38239515625,31.388284375,31.388284375
2020-08-24,FRONTIER_R1.750,2020-08-24 09:30:00,19,8.14186,2.009022,-24.09312515625,31.388284375,31.388284375
2020-08-24,FRONTIER_R1.750,2020-08-24 10:00:00,20,5.45138,3.660673,-28.30073215625,31.388284375,31.388284375
2020-08-24,FRONTIER_R1.750,2020-08-24 10:30:00,21,6.84392,5.845578,1.35809202506226,-4.44089209850063e-16,31.388284375
2020-08-24,FRONTIER_R1.750,2020-08-24 11:00:00,22,9.1955,4.427418,5.30379701188456,-8.71525074330748e-15,31.388284375
2020-08-24,FRONTIER_R1.750,2020-08-24 11:30:00,23,14.25528,3.627746,11.5527635766837,-6.21724893790088e-15,31.388284375
2020-08-24,FRONTIER_R1.750,2020-08-24 12:00:00,24,10.01139,4.309922,6.1805744631579,-2.22044604925031e-16,31.388284375
2020-08-24,FRONTIER_R1.750,2020-08-24 12:30:00,25,10.05596,5.069561,5.59167546123373,-8.32667268468867e-16,31.388284375
2020-08-24,FRONTIER_R1.750,2020-08-24 13:00:00,26,9.40188,4.902171,5.04487014148274,6.66133814775094e-16,31.388284375
2020-08-24,FRONTIER_R1.750,2020-08-24 13:30:00,27,10.58522,6.809847,4.28612234295416,-5.55111512312578e-16,31.388284375
2020-08-24,FRONTIER_R1.750,2020-08-24 14:00:00,28,10.44682,6.453787,4.47661809847199,2.22044604925031e-16,31.388284375
2020-08-24,FRONTIER_R1.750,2020-08-24 14:30:00,29,14.32608,4.7234,10.3495111601585,-9.43689570931383e-16,31.388284375
2020-08-24,FRONTIER_R1.750,2020-08-24 15:00:00,30,8.92004,4.525458,4.78746288624788,2.77555756156289e-17,31.388284375
2020-08-24,FRONTIER_R1.750,2020-08-24 15:30:00,31,7.60056,3.510117,4.44536818336163,-2.77555756156289e-16,31.388284375
2020-08-24,FRONTIER_R1.750,2020-08-24 16:00:00,32,10.59344,3.117691,8.0537147368421,4.10782519111308e-15,31.388284375
2020-08-24,FRONTIER_R1.750,2020-08-24 16:30:00,33,12.01244,2.07157,10.6391457838144,-4.44089209850063e-16,31.388284375
2020-08-24,FRONTIER_R1.750,2020-08-24 17:00:00,34,9.71752,1.523382,8.84467010956423,-7.91033905045424e-16,31.388284375
2020-08-24,FRONTIER_R1.750,2020-08-24 17:30:00,35,10.7835,1.246723,10.1408437011885,4.32986979603811e-15,31.388284375
2020-08-24,FRONTIER_R1.750,2020-08-24 18:00:00,36,18.87078,1.0011955,18.9734539728353,-2.22044604925031e-16,31.388284375
2020-08-24,FRONTIER_R1.750,2020-08-24 18:30:00,37,18.22888,0.725876,18.629067934352,3.33066907387547e-16,31.388284375
2020-08-24,FRONTIER_R1.750,2020-08-24 19:00:00,38,12.09404,0.84094,12.0353960384833,3.95516952522712e-16,31.388284375
2020-08-24,FRONTIER_R1.750,2020-08-24 19:30:00,39,16.00942,0.335198,16.6649579286927,1.66533453693773e-16,31.388284375
2020-08-24,FRONTIER_R1.750,2020-08-24 20:00:00,40,13.29302,0.088711,13.957058483305,0,31.388284375
2020-08-24,FRONTIER_R1.750,2020-08-24 20:30:00,41,12.19997,0.013357,12.9006774476514,3.44169137633799e-15,31.388284375
2020-08-24,FRONTIER_R1.750,2020-08-24 21:00:00,42,15.5166,0.011191,16.5624241878891,4.44089209850063e-16,31.388284375
2020-08-24,FRONTIER_R1.750,2020-08-24 21:30:00,43,14.87162,0.00893,15.6697185059423,2.83106871279415e-15,31.388284375
2020-08-24,FRONTIER_R1.750,2020-08-24 22:00:00,44,16.79454,0.003154,17.8100676627052,5.55111512312578e-17,31.388284375
2020-08-24,FRONTIER_R1.750,2020-08-24 22:30:00,45,12.835,0.009633,4.67462326157961e-16,12.825367,31.388284375
2020-08-24,FRONTIER_R1.750,2020-08-24 23:00:00,46,9.01564,0.006023,-8.76491861546177e-17,9.009617,31.388284375
2020-08-24,FRONTIER_R1.750,2020-08-24 23:30:00,47,10.04552,0.003629,-2.04514767694108e-16,10.041891,31.388284375
2020-08-24,FRONTIER_R1.750,2020-08-25 00:00:00,48,11.0438,0.004237,1.75298372309235e-16,11.039563,31.388284375
2020-08-24,FRONTIER_R1.500,2020-08-24 00:30:00,1,6.75743,0.004807,-0.00480699999999965,6.75743,26.90424375
2020-08-24,FRONTIER_R1.500,2020-08-24 01:00:00,2,6.37418,0.004427,-0.004427,6.37418,26.90424375
2020-08-24,FRONTIER_R1.500,2020-08-24 01:30:00,3,4.10152,0.003553,-0.003553,4.10152,26.90424375
2020-08-24,FRONTIER_R1.500,2020-08-24 02:00:00,4,4.11671,0.003135,-0.003135,4.11671,26.90424375
2020-08-24,FRONTIER_R1.500,2020-08-24 02:30:00,5,4.44797,0.004693,-0.004693,4.44797,26.90424375
2020-08-24,FRONTIER_R1.500,2020-08-24 03:00:00,6,4.4792,0.004351,-0.004351,4.4792,26.90424375
2020-08-24,FRONTIER_R1.500,2020-08-24 03:30:00,7,4.24431,0.003154,-2.52466303146429,6.8985300331203,26.90424375
2020-08-24,FRONTIER_R1.500,2020-08-24 04:00:00,8,3.74379,0.003192,-22.0056230625,26.90424375,26.90424375
2020-08-24,FRONTIER_R1.500,2020-08-24 04:30:00,9,4.02711,0.003629,-21.7369060625,26.90424375,26.90424375
2020-08-24,FRONTIER_R1.500,2020-08-24 05:00:00,10,5.83211,0.006441,-20.0249680625,26.90424375,26.90424375
2020-08-24,FRONTIER_R1.500,2020-08-24 05:30:00,11,7.76492,0.003591,-18.1859485625,26.90424375,26.90424375
2020-08-24,FRONTIER_R1.500,2020-08-24 06:00:00,12,10.10506,0.001064,-15.9602885625,26.90424375,26.90424375
2020-08-24,FRONTIER_R1.500,2020-08-24 06:30:00,13,10.5033,0,-15.5808965625,26.90424375,26.90424375
2020-08-24,FRONTIER_R1.500,2020-08-24 07:00:00,14,10.14938,0,-15.9171205625,26.90424375,26.90424375
2020-08-24,FRONTIER_R1.500,2020-08-24 07:30:00,15,10.0849,0.07619,-16.0545665625,26.90424375,26.90424375
2020-08-24,FRONTIER_R1.500,2020-08-24 08:00:00,16,10.6098,0.388588,-15.8683095625,26.90424375,26.90424375
2020-08-24,FRONTIER_R1.500,2020-08-24 08:30:00,17,7.82226,1.249174,-19.3770585625,26.90424375,26.90424375
2020-08-24,FRONTIER_R1.500,2020-08-24 09:00:00,18,10.41748,1.460131,-17.1225565625,26.90424375,26.90424375
2020-08-24,FRONTIER_R1.500,2020-08-24 09:30:00,19,8.14186,2.009022,-19.8332865625,26.90424375,26.90424375
2020-08-24,FRONTIER_R1.500,2020-08-24 10:00:00,20,5.45138,3.660673,-24.0408935625,26.90424375,26.90424375
2020-08-24,FRONTIER_R1.500,2020-08-24 10:30:00,21,6.84392,5.845578,1.35809202506225,1.421172207694e-15,26.90424375
2020-08-24,FRONTIER_R1.500,2020-08-24 11:00:00,22,9.1955,4.427418,5.30379701188455,-4.44089209850063e-16,26.90424375
2020-08-24,FRONTIER_R1.500,2020-08-24 11:30:00,23,14.25528,3.627746,11.5527635766836,-4.71844785465692e-16,26.90424375
2020-08-24,FRONTIER_R1.500,2020-08-24 12:00:00,24,10.01139,4.309922,6.30855013016412,-1.77635683940025e-15,26.90424375
2020-08-24,FRONTIER_R1.500,2020-08-24 12:30:00,25,10.05596,5.069561,5.69140585172609,-8.32667268468867e-16,26.90424375
2020-08-24,FRONTIER_R1.500,2020-08-24 13:00:00,26,9.40188,4.902171,5.06194586304471,-6.66133814775094e-16,26.90424375
2020-08-24,FRONTIER_R1.500,2020-08-24 13:30:00,27,10.58522,6.809847,4.28612234295416,-5.55111512312578e-16,26.90424375
2020-08-24,FRONTIER_R1.500,2020-08-24 14:00:00,28,10.44682,6.453787,4.47661809847199,0,26.90424375
2020-08-24,FRONTIER_R1.500,2020-08-24 14:30:00,29,14.32608,4.7234,10.3495111601585,1.66533453693773e-16,26.90424375
2020-08-24,FRONTIER_R1.500,2020-08-24 15:00:00,30,8.92004,4.525458,4.80138524052066,1.66533453693773e-16,26.90424375
2020-08-24,FRONTIER_R1.500,2020-08-24 15:30:00,31,7.60056,3.510117,4.44367582342954,-8.32667268468867e-17,26.90424375
2020-08-24,FRONTIER_R1.500,2020-08-24 16:00:00,32,10.59344,3.117691,7.96624855789474,-2.77555756156289e-17,26.90424375
2020-08-24,FRONTIER_R1.500,2020-08-24 16:30:00,33,12.01244,2.07157,10.6381980804754,-2.22044604925031e-16,26.90424375
2020-08-24,FRONTIER_R1.500,2020-08-24 17:00:00,34,9.71752,1.523382,8.84485429473684,4.30211422042248e-16,26.90424375
2020-08-24,FRONTIER_R1.500,2020-08-24 17:30:00,35,10.7835,1.246723,10.2074954272779,1.11022302462516e-16,26.90424375
2020-08-24,FRONTIER_R1.500,2020-08-24 18:00:00,36,18.87078,1.0011955,18.9734539728353,2.22044604925031e-16,26.90424375
2020-08-24,FRONTIER_R1.500,2020-08-24 18:30:00,37,18.22888,0.725876,18.5374744991511,1.11022302462516e-16,26.90424375
2020-08-24,FRONTIER_R1.500,2020-08-24 19:00:00,38,12.09404,0.84094,11.9644499950198,0,26.90424375
2020-08-24,FRONTIER_R1.500,2020-08-24 19:30:00,39,16.00942,0.335198,16.6095347255235,5.55111512312578e-17,26.90424375
2020-08-24,FRONTIER_R1.500,2020-08-24 20:00:00,40,13.29302,0.088711,14.0078007583475,-1.11022302462516e-16,26.90424375
2020-08-24,FRONTIER_R1.500,2020-08-24 20:30:00,41,12.19997,0.013357,12.9470596378042,1.11022302462516e-16,26.90424375
2020-08-24,FRONTIER_R1.500,2020-08-24 21:00:00,42,15.5166,0.011191,16.3920583701188,0,26.90424375
2020-08-24,FRONTIER_R1.500,2020-08-24 21:30:00,43,14.87162,0.00893,15.6670341822298,0,26.90424375
2020-08-24,FRONTIER_R1.500,2020-08-24 22:00:00,44,16.79454,0.003154,17.8685222184494,-5.38458166943201e-15,26.90424375
2020-08-24,FRONTIER_R1.500,2020-08-24 22:30:00,45,12.835,0.009633,4.67462326157961e-16,12.825367,26.90424375
2020-08-24,FRONTIER_R1.500,2020-08-24 23:00:00,46,9.01564,0.006023,-8.76491861546177e-17,9.009617,26.90424375
2020-08-24,FRONTIER_R1.500,2020-08-24 23:30:00,47,10.04552,0.003629,-2.04514767694108e-16,10.041891,26.90424375
2020-08-24,FRONTIER_R1.500,2020-08-25 00:00:00,48,11.0438,0.004237,1.75298372309235e-16,11.039563,26.90424375
2020-08-24,FRONTIER_R1.250,2020-08-24 00:30:00,1,6.75743,0.004807,-0.00480699999999965,6.75743,22.420203125
2020-08-24,FRONTIER_R1.250,2020-08-24 01:00:00,2,6.37418,0.004427,-0.004427,6.37418,22.420203125
2020-08-24,FRONTIER_R1.250,2020-08-24 01:30:00,3,4.10152,0.003553,-0.003553,4.10152,22.420203125
2020-08-24,FRONTIER_R1.250,2020-08-24 02:00:00,4,4.11671,0.003135,-6.51787284396422,10.9743287831202,22.420203125
2020-08-24,FRONTIER_R1.250,2020-08-24 02:30:00,5,4.44797,0.004693,-17.07831446875,22.420203125,22.420203125
2020-08-24,FRONTIER_R1.250,2020-08-24 03:00:00,6,4.4792,0.004351,-17.04830396875,22.420203125,22.420203125
2020-08-24,FRONTIER_R1.250,2020-08-24 03:30:00,7,4.24431,0.003154,-17.27025246875,22.420203125,22.420203125
2020-08-24,FRONTIER_R1.250,2020-08-24 04:00:00,8,3.74379,0.003192,-17.74578446875,22.420203125,22.420203125
2020-08-24,FRONTIER_R1.250,2020-08-24 04:30:00,9,4.02711,0.003629,-17.47706746875,22.420203125,22.420203125
2020-08-24,FRONTIER_R1.250,2020-08-24 05:00:00,10,5.83211,0.006441,-15.76512946875,22.420203125,22.420203125
2020-08-24,FRONTIER_R1.250,2020-08-24 05:30:00,11,7.76492,0.003591,-13.92610996875,22.420203125,22.420203125
2020-08-24,FRONTIER_R1.250,2020-08-24 06:00:00,12,10.10506,0.001064,-11.70044996875,22.420203125,22.420203125
2020-08-24,FRONTIER_R1.250,2020-08-24 06:30:00,13,10.5033,0,-11.32105796875,22.420203125,22.420203125
2020-08-24,FRONTIER_R1.250,2020-08-24 07:00:00,14,10.14938,0,-11.65728196875,22.420203125,22.420203125
2020-08-24,FRONTIER_R1.250,2020-08-24 07:30:00,15,10.0849,0.07619,-11.79472796875,22.420203125,22.420203125
2020-08-24,FRONTIER_R1.250,2020-08-24 08:00:00,16,10.6098,0.388588,-11.60847096875,22.420203125,22.420203125
2020-08-24,FRONTIER_R1.250,2020-08-24 08:30:00,17,7.82226,1.249174,-15.11721996875,22.420203125,22.420203125
2020-08-24,FRONTIER_R1.250,2020-08-24 09:00:00,18,10.41748,1.460131,-12.86271796875,22.420203125,22.420203125
2020-08-24,FRONTIER_R1.250,2020-08-24 09:30:00,19,8.14186,2.009022,-15.57344796875,22.420203125,22.420203125
2020-08-24,FRONTIER_R1.250,2020-08-24 10:00:00,20,5.45138,3.660673,-19.78105496875,22.420203125,22.420203125
2020-08-24,FRONTIER_R1.250,2020-08-24 10:30:00,21,6.84392,5.845578,1.35809202506215,-1.33226762955019e-15,22.420203125
2020-08-24,FRONTIER_R1.250,2020-08-24 11:00:00,22,9.1955,4.427418,5.35862915676288,-1.11022302462516e-16,22.420203125
2020-08-24,FRONTIER_R1.250,2020-08-24 11:30:00,23,14.25528,3.627746,11.5527635766836,-4.9960036108132e-16,22.420203125
2020-08-24,FRONTIER_R1.250,2020-08-24 12:00:00,24,10.01139,4.309922,6.2239828409734,-4.9960036108132e-16,22.420203125
2020-08-24,FRONTIER_R1.250,2020-08-24 12:30:00,25,10.05596,5.069561,5.56538208262592,-7.7715611723761e-16,22.420203125
2020-08-24,FRONTIER_R1.250,2020-08-24 13:00:00,26,9.40188,4.902171,4.92357534736842,-1.66533453693773e-16,22.420203125
2020-08-24,FRONTIER_R1.250,2020-08-24 13:30:00,27,10.58522,6.809847,4.28612234295416,-5.55111512312578e-16,22.420203125
2020-08-24,FRONTIER_R1.250,2020-08-24 14:00:00,28,10.44682,6.453787,4.48230291454443,2.22044604925031e-16,22.420203125
2020-08-24,FRONTIER_R1.250,2020-08-24 14:30:00,29,14.32608,4.7234,10.3495111601584,1.7430501486615e-14,22.420203125
2020-08-24,FRONTIER_R1.250,2020-08-24 15:00:00,30,8.92004,4.525458,4.83786764006791,1.11022302462516e-16,22.420203125
2020-08-24,FRONTIER_R1.250,2020-08-24 15:30:00,31,7.60056,3.510117,4.44367582342954,5.55111512312578e-17,22.420203125
2020-08-24,FRONTIER_R1.250,2020-08-24 16:00:00,32,10.59344,3.117691,7.96624855789473,3.5527136788005e-15,22.420203125
2020-08-24,FRONTIER_R1.250,2020-08-24 16:30:00,33,12.01244,2.07157,10.6202995479343,4.44089209850063e-16,22.420203125
2020-08-24,FRONTIER_R1.250,2020-08-24 17:00:00,34,9.71752,1.523382,8.88303694397283,5.41233724504764e-16,22.420203125
2020-08-24,FRONTIER_R1.250,2020-08-24 17:30:00,35,10.7835,1.246723,10.2074954272779,1.11022302462516e-16,22.420203125
2020-08-24,FRONTIER_R1.250,2020-08-24 18:00:00,36,18.87078,1.0011955,18.9173937577816,-2.22044604925031e-16,22.420203125
2020-08-24,FRONTIER_R1.250,2020-08-24 18:30:00,37,18.22888,0.725876,18.6537741812111,1.11022302462516e-16,22.420203125
2020-08-24,FRONTIER_R1.250,2020-08-24 19:00:00,38,12.09404,0.84094,12.0581097906055,0,22.420203125
2020-08-24,FRONTIER_R1.250,2020-08-24 19:30:00,39,16.00942,0.335198,16.6649579286927,-4.44089209850063e-16,22.420203125
2020-08-24,FRONTIER_R1.250,2020-08-24 20:00:00,40,13.29302,0.088711,14.0078007583475,-2.77555756156289e-17,22.420203125
2020-08-24,FRONTIER_R1.250,2020-08-24 20:30:00,41,12.19997,0.013357,12.9198804640634,1.11022302462516e-16,22.420203125
2020-08-24,FRONTIER_R1.250,2020-08-24 21:00:00,42,15.5166,0.011191,16.4749396378042,-3.33066907387547e-16,22.420203125
2020-08-24,FRONTIER_R1.250,2020-08-24 21:30:00,43,14.87162,0.00893,15.7225302773062,-5.55111512312578e-17,22.420203125
2020-08-24,FRONTIER_R1.250,2020-08-24 22:00:00,44,16.79454,0.003154,17.7796796604414,0,22.420203125
2020-08-24,FRONTIER_R1.250,2020-08-24 22:30:00,45,12.835,0.009633,4.67462326157961e-16,12.825367,22.420203125
2020-08-24,FRONTIER_R1.250,2020-08-24 23:00:00,46,9.01564,0.006023,-8.76491861546177e-17,9.009617,22.420203125
2020-08-24,FRONTIER_R1.250,2020-08-24 23:30:00,47,10.04552,0.003629,-2.04514767694108e-16,10.041891,22.420203125
2020-08-24,FRONTIER_R1.250,2020-08-25 00:00:00,48,11.0438,0.004237,1.75298372309235e-16,11.039563,22.420203125
2020-08-24,FRONTIER_R1.100,2020-08-24 00:30:00,1,6.75743,0.004807,-12.3285383125,19.72977875,19.72977875
2020-08-24,FRONTIER_R1.100,2020-08-24 01:00:00,2,6.37418,0.004427,-5.41062290758332,12.0649125342982,19.72977875
2020-08-24,FRONTIER_R1.100,2020-08-24 01:30:00,3,4.10152,0.003553,-14.8503988125,19.72977875,19.72977875
2020-08-24,FRONTIER_R1.100,2020-08-24 02:00:00,4,4.11671,0.003135,-14.8355503125,19.72977875,19.72977875
2020-08-24,FRONTIER_R1.100,2020-08-24 02:30:00,5,4.44797,0.004693,-14.5224113125,19.72977875,19.72977875
2020-08-24,FRONTIER_R1.100,2020-08-24 03:00:00,6,4.4792,0.004351,-14.4924008125,19.72977875,19.72977875
2020-08-24,FRONTIER_R1.100,2020-08-24 03:30:00,7,4.24431,0.003154,-14.7143493125,19.72977875,19.72977875
2020-08-24,FRONTIER_R1.100,2020-08-24 04:00:00,8,3.74379,0.003192,-15.1898813125,19.72977875,19.72977875
2020-08-24,FRONTIER_R1.100,2020-08-24 04:30:00,9,4.02711,0.003629,-14.9211643125,19.72977875,19.72977875
2020-08-24,FRONTIER_R1.100,2020-08-24 05:00:00,10,5.83211,0.006441,-13.2092263125,19.72977875,19.72977875
2020-08-24,FRONTIER_R1.100,2020-08-24 05:30:00,11,7.76492,0.003591,-11.3702068125,19.72977875,19.72977875
2020-08-24,FRONTIER_R1.100,2020-08-24 06:00:00,12,10.10506,0.001064,-9.14454681250001,19.72977875,19.72977875
2020-08-24,FRONTIER_R1.100,2020-08-24 06:30:00,13,10.5033,0,-8.7651548125,19.72977875,19.72977875
2020-08-24,FRONTIER_R1.100,2020-08-24 07:00:00,14,10.14938,0,-9.10137881250001,19.72977875,19.72977875
2020-08-24,FRONTIER_R1.100,2020-08-24 07:30:00,15,10.0849,0.07619,-9.2388248125,19.72977875,19.72977875
2020-08-24,FRONTIER_R1.100,2020-08-24 08:00:00,16,10.6098,0.388588,-9.0525678125,19.72977875,19.72977875
2020-08-24,FRONTIER_R1.100,2020-08-24 08:30:00,17,7.82226,1.249174,-12.5613168125,19.72977875,19.72977875
2020-08-24,FRONTIER_R1.100,2020-08-24 09:00:00,18,10.41748,1.460131,-10.3068148125,19.72977875,19.72977875
2020-08-24,FRONTIER_R1.100,2020-08-24 09:30:00,19,8.14186,2.009022,-13.0175448125,19.72977875,19.72977875
2020-08-24,FRONTIER_R1.100,2020-08-24 10:00:00,20,5.45138,3.660673,-17.2251518125,19.72977875,19.72977875
2020-08-24,FRONTIER_R1.100,2020-08-24 10:30:00,21,6.84392,5.845578,1.35809202618133,-4.44089209850063e-16,19.72977875
2020-08-24,FRONTIER_R1.100,2020-08-24 11:00:00,22,9.1955,4.427418,5.35862915676288,-2.55351295663786e-15,19.72977875
2020-08-24,FRONTIER_R1.100,2020-08-24 11:30:00,23,14.25528,3.627746,11.4854192689304,1.94289029309402e-16,19.72977875
2020-08-24,FRONTIER_R1.100,2020-08-24 12:00:00,24,10.01139,4.309922,6.30855013016412,6.66133814775094e-16,19.72977875
2020-08-24,FRONTIER_R1.100,2020-08-24 12:30:00,25,10.05596,5.069561,5.59167546123373,-1.66533453693773e-16,19.72977875
2020-08-24,FRONTIER_R1.100,2020-08-24 13:00:00,26,9.40188,4.902171,5.01152367855122,-4.44089209850063e-16,19.72977875
2020-08-24,FRONTIER_R1.100,2020-08-24 13:30:00,27,10.58522,6.809847,4.28612234295416,-5.55111512312578e-16,19.72977875
2020-08-24,FRONTIER_R1.100,2020-08-24 14:00:00,28,10.44682,6.453787,4.47661809847199,1.11022302462516e-16,19.72977875
2020-08-24,FRONTIER_R1.100,2020-08-24 14:30:00,29,14.32608,4.7234,10.4800558121109,-1.99840144432528e-15,19.72977875
2020-08-24,FRONTIER_R1.100,2020-08-24 15:00:00,30,8.92004,4.525458,4.80601546123373,1.11022302462516e-16,19.72977875
2020-08-24,FRONTIER_R1.100,2020-08-24 15:30:00,31,7.60056,3.510117,4.48324186757216,1.4432899320127e-15,19.72977875
2020-08-24,FRONTIER_R1.100,2020-08-24 16:00:00,32,10.59344,3.117691,7.96624855789474,1.36002320516582e-15,19.72977875
2020-08-24,FRONTIER_R1.100,2020-08-24 16:30:00,33,12.01244,2.07157,10.5879027730617,1.11022302462516e-15,19.72977875
2020-08-24,FRONTIER_R1.100,2020-08-24 17:00:00,34,9.71752,1.523382,8.95540434634975,9.71445146547012e-17,19.72977875
2020-08-24,FRONTIER_R1.100,2020-08-24 17:30:00,35,10.7835,1.246723,10.2074954272779,-7.7715611723761e-16,19.72977875
2020-08-24,FRONTIER_R1.100,2020-08-24 18:00:00,36,18.87078,1.0011955,18.9734539728353,2.22044604925031e-16,19.72977875
2020-08-24,FRONTIER_R1.100,2020-08-24 18:30:00,37,18.22888,0.725876,18.6569918732315,1.11022302462516e-16,19.72977875
2020-08-24,FRONTIER_R1.100,2020-08-24 19:00:00,38,12.09404,0.84094,11.9208701754386,7.7715611723761e-16,19.72977875
2020-08-24,FRONTIER_R1.100,2020-08-24 19:30:00,39,16.00942,0.335198,16.5411763780419,1.21430643318376e-17,19.72977875
2020-08-24,FRONTIER_R1.100,2020-08-24 20:00:00,40,13.29302,0.088711,14.0078007583475,-3.33066907387547e-16,19.72977875
2020-08-24,FRONTIER_R1.100,2020-08-24 20:30:00,41,12.19997,0.013357,13.0073206451613,-1.11022302462516e-15,19.72977875
2020-08-24,FRONTIER_R1.100,2020-08-24 21:00:00,42,15.5166,0.011191,16.3920583701188,0,19.72977875
2020-08-24,FRONTIER_R1.100,2020-08-24 21:30:00,43,14.87162,0.00893,15.6670341822298,4.32986979603811e-15,19.72977875
2020-08-24,FRONTIER_R1.100,2020-08-24 22:00:00,44,16.79454,0.003154,17.7283510809281,0,19.72977875
2020-08-24,FRONTIER_R1.100,2020-08-24 22:30:00,45,12.835,0.009633,4.67462326157961e-16,12.825367,19.72977875
2020-08-24,FRONTIER_R1.100,2020-08-24 23:00:00,46,9.01564,0.006023,-8.76491861546177e-17,9.009617,19.72977875
2020-08-24,FRONTIER_R1.100,2020-08-24 23:30:00,47,10.04552,0.003629,-2.04514767694108e-16,10.041891,19.72977875
2020-08-24,FRONTIER_R1.100,2020-08-25 00:00:00,48,11.0438,0.004237,1.75298372309235e-16,11.039563,19.72977875
2020-08-24,FRONTIER_R1.000,2020-08-24 00:30:00,1,6.75743,0.004807,-10.624602875,17.9361625,17.9361625
2020-08-24,FRONTIER_R1.000,2020-08-24 01:00:00,2,6.37418,0.004427,-10.988310375,17.9361625,17.9361625
2020-08-24,FRONTIER_R1.000,2020-08-24 01:30:00,3,4.10152,0.003553,-13.146463375,17.9361625,17.9361625
2020-08-24,FRONTIER_R1.000,2020-08-24 02:00:00,4,4.11671,0.003135,-13.131614875,17.9361625,17.9361625
2020-08-24,FRONTIER_R1.000,2020-08-24 02:30:00,5,4.44797,0.004693,-12.818475875,17.9361625,17.9361625
2020-08-24,FRONTIER_R1.000,2020-08-24 03:00:00,6,4.4792,0.004351,-12.788465375,17.9361625,17.9361625
2020-08-24,FRONTIER_R1.000,2020-08-24 03:30:00,7,4.24431,0.003154,-13.010413875,17.9361625,17.9361625
2020-08-24,FRONTIER_R1.000,2020-08-24 04:00:00,8,3.74379,0.003192,-13.485945875,17.9361625,17.9361625
2020-08-24,FRONTIER_R1.000,2020-08-24 04:30:00,9,4.02711,0.003629,-13.217228875,17.9361625,17.9361625
2020-08-24,FRONTIER_R1.000,2020-08-24 05:00:00,10,5.83211,0.006441,-11.505290875,17.9361625,17.9361625
2020-08-24,FRONTIER_R1.000,2020-08-24 05:30:00,11,7.76492,0.003591,-9.666271375,17.9361625,17.9361625
2020-08-24,FRONTIER_R1.000,2020-08-24 06:00:00,12,10.10506,0.001064,-7.440611375,17.9361625,17.9361625
2020-08-24,FRONTIER_R1.000,2020-08-24 06:30:00,13,10.5033,0,-7.061219375,17.9361625,17.9361625
2020-08-24,FRONTIER_R1.000,2020-08-24 07:00:00,14,10.14938,0,-7.397443375,17.9361625,17.9361625
2020-08-24,FRONTIER_R1.000,2020-08-24 07:30:00,15,10.0849,0.07619,-7.534889375,17.9361625,17.9361625
2020-08-24,FRONTIER_R1.000,2020-08-24 08:00:00,16,10.6098,0.388588,-7.34863237500002,17.9361625,17.9361625
2020-08-24,FRONTIER_R1.000,2020-08-24 08:30:00,17,7.82226,1.249174,-10.857381375,17.9361625,17.9361625
2020-08-24,FRONTIER_R1.000,2020-08-24 09:00:00,18,10.41748,1.460131,-8.602879375,17.9361625,17.9361625
2020-08-24,FRONTIER_R1.000,2020-08-24 09:30:00,19,8.14186,2.009022,-11.313609375,17.9361625,17.9361625
2020-08-24,FRONTIER_R1.000,2020-08-24 10:00:00,20,5.45138,3.660673,-15.521216375,17.9361625,17.9361625
2020-08-24,FRONTIER_R1.000,2020-08-24 10:30:00,21,6.84392,5.845578,1.35807519334343,1.11022302462516e-16,17.9361625
2020-08-24,FRONTIER_R1.000,2020-08-24 11:00:00,22,9.1955,4.427418,5.27065020939445,2.1094237467878e-15,17.9361625
2020-08-24,FRONTIER_R1.000,2020-08-24 11:30:00,23,14.25528,3.627746,11.3408610913839,-3.05311331771918e-16,17.9361625
2020-08-24,FRONTIER_R1.000,2020-08-24 12:00:00,24,10.01139,4.309922,6.1805744631579,-2.77555756156289e-16,17.9361625
2020-08-24,FRONTIER_R1.000,2020-08-24 12:30:00,25,10.05596,5.069561,5.51790409734012,1.66533453693773e-16,17.9361625
2020-08-24,FRONTIER_R1.000,2020-08-24 13:00:00,26,9.40188,4.902171,4.93980596491228,-1.66533453693773e-16,17.9361625
2020-08-24,FRONTIER_R1.000,2020-08-24 13:30:00,27,10.58522,6.809847,4.28612234295416,-5.55111512312578e-16,17.9361625
2020-08-24,FRONTIER_R1.000,2020-08-24 14:00:00,28,10.44682,6.453787,4.47661809847199,0,17.9361625
2020-08-24,FRONTIER_R1.000,2020-08-24 14:30:00,29,14.32608,4.7234,10.2906753052632,-3.81639164714898e-16,17.9361625
2020-08-24,FRONTIER_R1.000,2020-08-24 15:00:00,30,8.92004,4.525458,4.76693430673458,-4.16333634234434e-15,17.9361625
2020-08-24,FRONTIER_R1.000,2020-08-24 15:30:00,31,7.60056,3.510117,4.44367582342954,-5.55111512312578e-17,17.9361625
2020-08-24,FRONTIER_R1.000,2020-08-24 16:00:00,32,10.59344,3.117691,7.96624855789474,8.32667268468867e-17,17.9361625
2020-08-24,FRONTIER_R1.000,2020-08-24 16:30:00,33,12.01244,2.07157,10.5044613263158,2.77555756156289e-17,17.9361625
2020-08-24,FRONTIER_R1.000,2020-08-24 17:00:00,34,9.71752,1.523382,8.69289681946803,4.16333634234434e-17,17.9361625
2020-08-24,FRONTIER_R1.000,2020-08-24 17:30:00,35,10.7835,1.246723,10.1101435314092,0,17.9361625
2020-08-24,FRONTIER_R1.000,2020-08-24 18:00:00,36,18.87078,1.0011955,18.9173937577816,2.22044604925031e-16,17.9361625
2020-08-24,FRONTIER_R1.000,2020-08-24 18:30:00,37,18.22888,0.725876,18.5095204527448,1.11022302462516e-16,17.9361625
2020-08-24,FRONTIER_R1.000,2020-08-24 19:00:00,38,12.09404,0.84094,11.9394651972835,-1.11022302462516e-16,17.9361625
2020-08-24,FRONTIER_R1.000,2020-08-24 19:30:00,39,16.00942,0.335198,15.0642410526316,1.36526696,17.9361625
2020-08-24,FRONTIER_R1.000,2020-08-24 20:00:00,40,13.29302,0.088711,12.6867010396643,1.15194301231888,17.9361625
2020-08-24,FRONTIER_R1.000,2020-08-24 20:30:00,41,12.19997,0.013357,10.0846978947368,2.60615,17.9361625
2020-08-24,FRONTIER_R1.000,2020-08-24 21:00:00,42,15.5166,0.011191,11.85502,4.24314,17.9361625
2020-08-24,FRONTIER_R1.000,2020-08-24 21:30:00,43,14.87162,0.00893,8.17097894736842,7.10026,17.9361625
2020-08-24,FRONTIER_R1.000,2020-08-24 22:00:00,44,16.79454,0.003154,10.0873005263158,7.2084505,17.9361625
2020-08-24,FRONTIER_R1.000,2020-08-24 22:30:00,45,12.835,0.009633,6.71977093852068e-16,12.825367,17.9361625
2020-08-24,FRONTIER_R1.000,2020-08-24 23:00:00,46,9.01564,0.006023,-2.62947558463853e-16,9.009617,17.9361625
2020-08-24,FRONTIER_R1.000,2020-08-24 23:30:00,47,10.04552,0.003629,-8.76491861546177e-17,10.041891,17.9361625
2020-08-24,FRONTIER_R1.000,2020-08-25 00:00:00,48,11.0438,0.004237,-2.3373116307898e-16,11.039563,17.9361625
2020-08-24,FRONTIER_R0.950,2020-08-24 00:30:00,1,6.75743,0.004807,-9.77263515625001,17.039354375,17.039354375
2020-08-24,FRONTIER_R0.950,2020-08-24 01:00:00,2,6.37418,0.004427,-10.13634265625,17.039354375,17.039354375
2020-08-24,FRONTIER_R0.950,2020-08-24 01:30:00,3,4.10152,0.003553,-12.29449565625,17.039354375,17.039354375
2020-08-24,FRONTIER_R0.950,2020-08-24 02:00:00,4,4.11671,0.003135,-12.27964715625,17.039354375,17.039354375
2020-08-24,FRONTIER_R0.950,2020-08-24 02:30:00,5,4.44797,0.004693,-11.96650815625,17.039354375,17.039354375
2020-08-24,FRONTIER_R0.950,2020-08-24 03:00:00,6,4.4792,0.004351,-11.93649765625,17.039354375,17.039354375
2020-08-24,FRONTIER_R0.950,2020-08-24 03:30:00,7,4.24431,0.003154,-12.15844615625,17.039354375,17.039354375
2020-08-24,FRONTIER_R0.950,2020-08-24 04:00:00,8,3.74379,0.003192,-12.63397815625,17.039354375,17.039354375
2020-08-24,FRONTIER_R0.950,2020-08-24 04:30:00,9,4.02711,0.003629,-12.36526115625,17.039354375,17.039354375
2020-08-24,FRONTIER_R0.950,2020-08-24 05:00:00,10,5.83211,0.006441,-10.65332315625,17.039354375,17.039354375
2020-08-24,FRONTIER_R0.950,2020-08-24 05:30:00,11,7.76492,0.003591,-8.81430365625,17.039354375,17.039354375
2020-08-24,FRONTIER_R0.950,2020-08-24 06:00:00,12,10.10506,0.001064,-6.58864365625,17.039354375,17.039354375
2020-08-24,FRONTIER_R0.950,2020-08-24 06:30:00,13,10.5033,0,-6.20925165625,17.039354375,17.039354375
2020-08-24,FRONTIER_R0.950,2020-08-24 07:00:00,14,10.14938,0,-6.54547565625,17.039354375,17.039354375
2020-08-24,FRONTIER_R0.950,2020-08-24 07:30:00,15,10.0849,0.07619,-6.68210275625,17.039354375,17.039354375
2020-08-24,FRONTIER_R0.950,2020-08-24 08:00:00,16,10.6098,0.388588,-6.49543265625,17.039354375,17.039354375
2020-08-24,FRONTIER_R0.950,2020-08-24 08:30:00,17,7.82226,1.249174,-9.99809200625,17.039354375,17.039354375
2020-08-24,FRONTIER_R0.950,2020-08-24 09:00:00,18,10.41748,1.460131,-7.74754965625,17.039354375,17.039354375
2020-08-24,FRONTIER_R0.950,2020-08-24 09:30:00,19,8.14186,2.009022,-10.45968665625,17.039354375,17.039354375
2020-08-24,FRONTIER_R0.950,2020-08-24 10:00:00,20,5.45138,3.660673,-14.66751465625,17.039354375,17.039354375
2020-08-24,FRONTIER_R0.950,2020-08-24 10:30:00,21,6.84392,5.845578,1.31631627164686,2.55351295663786e-15,17.039354375
2020-08-24,FRONTIER_R0.950,2020-08-24 11:00:00,22,9.1955,4.427418,5.20508581035438,-1.66533453693773e-16,17.039354375
2020-08-24,FRONTIER_R0.950,2020-08-24 11:30:00,23,14.25528,3.627746,11.3057636949632,-1.94289029309402e-16,17.039354375
2020-08-24,FRONTIER_R0.950,2020-08-24 12:00:00,24,10.01139,4.309922,6.15551992416525,-1.66533453693773e-16,17.039354375
2020-08-24,FRONTIER_R0.950,2020-08-24 12:30:00,25,10.05596,5.069561,5.45215993309795,-1.66533453693773e-16,17.039354375
2020-08-24,FRONTIER_R0.950,2020-08-24 13:00:00,26,9.40188,4.902171,4.95218402192982,-2.22044604925031e-16,17.039354375
2020-08-24,FRONTIER_R0.950,2020-08-24 13:30:00,27,10.58522,6.809847,4.23313230503678,1.11022302462516e-16,17.039354375
2020-08-24,FRONTIER_R0.950,2020-08-24 14:00:00,28,10.44682,6.453787,4.45350765591398,3.88578058618805e-16,17.039354375
2020-08-24,FRONTIER_R0.950,2020-08-24 14:30:00,29,14.32608,4.7234,10.2839659117148,-1.66533453693773e-16,17.039354375
2020-08-24,FRONTIER_R0.950,2020-08-24 15:00:00,30,8.92004,4.525458,4.76677052631579,0.000144700000000497,17.039354375
2020-08-24,FRONTIER_R0.950,2020-08-24 15:30:00,31,7.60056,3.510117,4.4200744040747,-2.22044604925031e-16,17.039354375
2020-08-24,FRONTIER_R0.950,2020-08-24 16:00:00,32,10.59344,3.117691,7.95462454906621,8.32667268468867e-17,17.039354375
2020-08-24,FRONTIER_R0.950,2020-08-24 16:30:00,33,12.01244,2.07157,10.5044613263158,1.30451205393456e-15,17.039354375
2020-08-24,FRONTIER_R0.950,2020-08-24 17:00:00,34,9.71752,1.523382,8.59550842105263,0.0501256500000001,17.039354375
2020-08-24,FRONTIER_R0.950,2020-08-24 17:30:00,35,10.7835,1.246723,10.0487113473684,-6.03683769639929e-15,17.039354375
2020-08-24,FRONTIER_R0.950,2020-08-24 18:00:00,36,18.87078,1.0011955,17.45455,1.29242246,17.039354375
2020-08-24,FRONTIER_R0.950,2020-08-24 18:30:00,37,18.22888,0.725876,15.7277821052632,2.56328603,17.039354375
2020-08-24,FRONTIER_R0.950,2020-08-24 19:00:00,38,12.09404,0.84094,8.78445721052632,2.92039632,17.039354375
2020-08-24,FRONTIER_R0.950,2020-08-24 19:30:00,39,16.00942,0.335198,12.5339604210526,3.768441,17.039354375
2020-08-24,FRONTIER_R0.950,2020-08-24 20:00:00,40,13.29302,0.088711,8.83929368421052,4.80698,17.039354375
2020-08-24,FRONTIER_R0.950,2020-08-24 20:30:00,41,12.19997,0.013357,10.0846978947368,2.60615,17.039354375
2020-08-24,FRONTIER_R0.950,2020-08-24 21:00:00,42,15.5166,0.011191,10.710277112639,5.33064574299293,17.039354375
2020-08-24,FRONTIER_R0.950,2020-08-24 21:30:00,43,14.87162,0.00893,7.47792631578947,7.75866,17.039354375
2020-08-24,FRONTIER_R0.950,2020-08-24 22:00:00,44,16.79454,0.003154,9.14445722776556,8.10415163362272,17.039354375
2020-08-24,FRONTIER_R0.950,2020-08-24 22:30:00,45,12.835,0.009633,2.3373116307898e-16,12.825367,17.039354375
2020-08-24,FRONTIER_R0.950,2020-08-24 23:00:00,46,9.01564,0.006023,1.75298372309235e-16,9.009617,17.039354375
2020-08-24,FRONTIER_R0.950,2020-08-24 23:30:00,47,10.04552,0.003629,-3.79813140003343e-16,10.041891,17.039354375
2020-08-24,FRONTIER_R0.950,2020-08-25 00:00:00,48,11.0438,0.004237,1.1686558153949e-16,11.039563,17.039354375
2020-08-24,FRONTIER_R0.900,2020-08-24 00:30:00,1,6.75743,0.004807,-8.9206674375,16.14254625,16.14254625
2020-08-24,FRONTIER_R0.900,2020-08-24 01:00:00,2,6.37418,0.004427,-9.2843749375,16.14254625,16.14254625
2020-08-24,FRONTIER_R0.900,2020-08-24 01:30:00,3,4.10152,0.003553,-11.4425279375,16.14254625,16.14254625
2020-08-24,FRONTIER_R0.900,2020-08-24 02:00:00,4,4.11671,0.003135,-11.4276794375,16.14254625,16.14254625
2020-08-24,FRONTIER_R0.900,2020-08-24 02:30:00,5,4.44797,0.004693,-11.1145404375,16.14254625,16.14254625
2020-08-24,FRONTIER_R0.900,2020-08-24 03:00:00,6,4.4792,0.004351,-11.0845299375,16.14254625,16.14254625
2020-08-24,FRONTIER_R0.900,2020-08-24 03:30:00,7,4.24431,0.003154,-11.3064784375,16.14254625,16.14254625
2020-08-24,FRONTIER_R0.900,2020-08-24 04:00:00,8,3.74379,0.003192,-11.7820104375,16.14254625,16.14254625
2020-08-24,FRONTIER_R0.900,2020-08-24 04:30:00,9,4.02711,0.003629,-11.5132934375,16.14254625,16.14254625
2020-08-24,FRONTIER_R0.900,2020-08-24 05:00:00,10,5.83211,0.006441,-9.8013554375,16.14254625,16.14254625
2020-08-24,FRONTIER_R0.900,2020-08-24 05:30:00,11,7.76492,0.003591,-7.9623359375,16.14254625,16.14254625
2020-08-24,FRONTIER_R0.900,2020-08-24 06:00:00,12,10.10506,0.001064,-5.7366759375,16.14254625,16.14254625
2020-08-24,FRONTIER_R0.900,2020-08-24 06:30:00,13,10.5033,0,-5.3572839375,16.14254625,16.14254625
2020-08-24,FRONTIER_R0.900,2020-08-24 07:00:00,14,10.14938,0,-5.6935079375,16.14254625,16.14254625
2020-08-24,FRONTIER_R0.900,2020-08-24 07:30:00,15,10.0849,0.07619,-5.8301350375,16.14254625,16.14254625
2020-08-24,FRONTIER_R0.900,2020-08-24 08:00:00,16,10.6098,0.388588,-5.64346493750001,16.14254625,16.14254625
2020-08-24,FRONTIER_R0.900,2020-08-24 08:30:00,17,7.82226,1.249174,-9.1461242875,16.14254625,16.14254625
2020-08-24,FRONTIER_R0.900,2020-08-24 09:00:00,18,10.41748,1.460131,-6.8955819375,16.14254625,16.14254625
2020-08-24,FRONTIER_R0.900,2020-08-24 09:30:00,19,8.14186,2.009022,-9.6077189375,16.14254625,16.14254625
2020-08-24,FRONTIER_R0.900,2020-08-24 10:00:00,20,5.45138,3.660673,-13.8155469375,16.14254625,16.14254625
2020-08-24,FRONTIER_R0.900,2020-08-24 10:30:00,21,6.84392,5.845578,1.28912042105263,5.55111512312578e-17,16.14254625
2020-08-24,FRONTIER_R0.900,2020-08-24 11:00:00,22,9.1955,4.427418,4.39658629816831,0.747423505861365,16.14254625
2020-08-24,FRONTIER_R0.900,2020-08-24 11:30:00,23,14.25528,3.627746,11.2892208539898,-7.85482789922298e-15,16.14254625
2020-08-24,FRONTIER_R0.900,2020-08-24 12:00:00,24,10.01139,4.309922,6.15117221618562,6.38378239159465e-16,16.14254625
2020-08-24,FRONTIER_R0.900,2020-08-24 12:30:00,25,10.05596,5.069561,5.42267319224377,-6.10622663543836e-16,16.14254625
2020-08-24,FRONTIER_R0.900,2020-08-24 13:00:00,26,9.40188,4.902171,4.89130206112054,-8.88178419700125e-16,16.14254625
2020-08-24,FRONTIER_R0.900,2020-08-24 13:30:00,27,10.58522,6.809847,4.21579419999987,1.27342580924505e-13,16.14254625
2020-08-24,FRONTIER_R0.900,2020-08-24 14:00:00,28,10.44682,6.453787,4.24939702659875,0.165362674736847,16.14254625
2020-08-24,FRONTIER_R0.900,2020-08-24 14:30:00,29,14.32608,4.7234,9.27563505263158,0.930596119999999,16.14254625
2020-08-24,FRONTIER_R0.900,2020-08-24 15:00:00,30,8.92004,4.525458,4.73553082105263,3.73312492030209e-15,16.14254625
2020-08-24,FRONTIER_R0.900,2020-08-24 15:30:00,31,7.60056,3.510117,3.82166836842105,0.54600435,16.14254625
2020-08-24,FRONTIER_R0.900,2020-08-24 16:00:00,32,10.59344,3.117691,7.68357947368421,0.24577463,16.14254625
2020-08-24,FRONTIER_R0.900,2020-08-24 16:30:00,33,12.01244,2.07157,8.41983215789474,1.97287309,16.14254625
2020-08-24,FRONTIER_R0.900,2020-08-24 17:00:00,34,9.71752,1.523382,7.46694963157895,1.11856004,16.14254625
2020-08-24,FRONTIER_R0.900,2020-08-24 17:30:00,35,10.7835,1.246723,8.72011273407217,1.26216868263144,16.14254625
2020-08-24,FRONTIER_R0.900,2020-08-24 18:00:00,36,18.87078,1.0011955,15.556541631579,3.09482439,16.14254625
2020-08-24,FRONTIER_R0.900,2020-08-24 18:30:00,37,18.22888,0.725876,11.1697377894737,6.89316657,16.14254625
2020-08-24,FRONTIER_R0.900,2020-08-24 19:00:00,38,12.09404,0.84094,8.78445721052632,2.92039632,16.14254625
2020-08-24,FRONTIER_R0.900,2020-08-24 19:30:00,39,16.00942,0.335198,11.8317372631579,4.435553,16.14254625
2020-08-24,FRONTIER_R0.900,2020-08-24 20:00:00,40,13.29302,0.088711,9.05402078947369,4.6348711525,16.14254625
2020-08-24,FRONTIER_R0.900,2020-08-24 20:30:00,41,12.19997,0.013357,9.1058439807791,3.53606121825985,16.14254625
2020-08-24,FRONTIER_R0.900,2020-08-24 21:00:00,42,15.5166,0.011191,9.48777789473684,6.49202,16.14254625
2020-08-24,FRONTIER_R0.900,2020-08-24 21:30:00,43,14.87162,0.00893,6.60815789473684,8.58494,16.14254625
2020-08-24,FRONTIER_R0.900,2020-08-24 22:00:00,44,16.79454,0.003154,9.7389847368421,7.5393505,16.14254625
2020-08-24,FRONTIER_R0.900,2020-08-24 22:30:00,45,12.835,0.009633,-2.15105711021124e-16,12.825367,16.14254625
2020-08-24,FRONTIER_R0.900,2020-08-24 23:00:00,46,9.01564,0.006023,2.92163953848725e-17,9.009617,16.14254625
2020-08-24,FRONTIER_R0.900,2020-08-24 23:30:00,47,10.04552,0.003629,1.75298372309235e-16,10.041891,16.14254625
2020-08-24,FRONTIER_R0.900,2020-08-25 00:00:00,48,11.0438,0.004237,-1.75298372309235e-16,11.039563,16.14254625
2020-08-24,FRONTIER_R0.850,2020-08-24 00:30:00,1,6.75743,0.004807,-8.06869971875,15.245738125,15.245738125
2020-08-24,FRONTIER_R0.850,2020-08-24 01:00:00,2,6.37418,0.004427,-8.43240721875,15.245738125,15.245738125
2020-08-24,FRONTIER_R0.850,2020-08-24 01:30:00,3,4.10152,0.003553,-10.59056021875,15.245738125,15.245738125
2020-08-24,FRONTIER_R0.850,2020-08-24 02:00:00,4,4.11671,0.003135,-10.57571171875,15.245738125,15.245738125
2020-08-24,FRONTIER_R0.850,2020-08-24 02:30:00,5,4.44797,0.004693,-10.26257271875,15.245738125,15.245738125
2020-08-24,FRONTIER_R0.850,2020-08-24 03:00:00,6,4.4792,0.004351,-10.2325622187502,15.2457381250002,15.245738125
2020-08-24,FRONTIER_R0.850,2020-08-24 03:30:00,7,4.24431,0.003154,-10.45451071875,15.245738125,15.245738125
2020-08-24,FRONTIER_R0.850,2020-08-24 04:00:00,8,3.74379,0.003192,-10.93004271875,15.245738125,15.245738125
2020-08-24,FRONTIER_R0.850,2020-08-24 04:30:00,9,4.02711,0.003629,-10.66132571875,15.245738125,15.245738125
2020-08-24,FRONTIER_R0.850,2020-08-24 05:00:00,10,5.83211,0.006441,-8.94938771875,15.245738125,15.245738125
2020-08-24,FRONTIER_R0.850,2020-08-24 05:30:00,11,7.76492,0.003591,-7.11036821875,15.245738125,15.245738125
2020-08-24,FRONTIER_R0.850,2020-08-24 06:00:00,12,10.10506,0.001064,-4.88470821875,15.245738125,15.245738125
2020-08-24,FRONTIER_R0.850,2020-08-24 06:30:00,13,10.5033,0,-4.50531621875,15.245738125,15.245738125
2020-08-24,FRONTIER_R0.850,2020-08-24 07:00:00,14,10.14938,0,-4.84154021875,15.245738125,15.245738125
2020-08-24,FRONTIER_R0.850,2020-08-24 07:30:00,15,10.0849,0.07619,-4.97816731874995,15.245738125,15.245738125
2020-08-24,FRONTIER_R0.850,2020-08-24 08:00:00,16,10.6098,0.388588,-4.79149721875,15.245738125,15.245738125
2020-08-24,FRONTIER_R0.850,2020-08-24 08:30:00,17,7.82226,1.249174,-8.29415656875,15.245738125,15.245738125
2020-08-24,FRONTIER_R0.850,2020-08-24 09:00:00,18,10.41748,1.460131,-6.04361421875,15.245738125,15.245738125
2020-08-24,FRONTIER_R0.850,2020-08-24 09:30:00,19,8.14186,2.009022,-8.75575121875,15.245738125,15.245738125
2020-08-24,FRONTIER_R0.850,2020-08-24 10:00:00,20,5.45138,3.660673,-12.9635792187499,15.2457381249999,15.245738125
2020-08-24,FRONTIER_R0.850,2020-08-24 10:30:00,21,6.84392,5.845578,1.32946089685909,-4.44089209850063e-15,15.245738125
2020-08-24,FRONTIER_R0.850,2020-08-24 11:00:00,22,9.1955,4.427418,5.18332402105263,-1.11022302462516e-16,15.245738125
2020-08-24,FRONTIER_R0.850,2020-08-24 11:30:00,23,14.25528,3.627746,11.2892208539898,1.2490009027033e-15,15.245738125
2020-08-24,FRONTIER_R0.850,2020-08-24 12:00:00,24,10.01139,4.309922,6.15117221618563,-2.77555756156289e-17,15.245738125
2020-08-24,FRONTIER_R0.850,2020-08-24 12:30:00,25,10.05596,5.069561,5.43050507368421,-2.22044604925031e-16,15.245738125
2020-08-24,FRONTIER_R0.850,2020-08-24 13:00:00,26,9.40188,4.902171,4.89130206112054,0,15.245738125
2020-08-24,FRONTIER_R0.850,2020-08-24 13:30:00,27,10.58522,6.809847,4.12691687701546,0.0862666638493078,15.245738125
2020-08-24,FRONTIER_R0.850,2020-08-24 14:00:00,28,10.44682,6.453787,4.40811048421053,0,15.245738125
2020-08-24,FRONTIER_R0.850,2020-08-24 14:30:00,29,14.32608,4.7234,9.07024124335031,1.12161236263158,15.245738125
2020-08-24,FRONTIER_R0.850,2020-08-24 15:00:00,30,8.92004,4.525458,4.74135554612337,-5.68989300120393e-16,15.245738125
2020-08-24,FRONTIER_R0.850,2020-08-24 15:30:00,31,7.60056,3.510117,4.12691047368421,0.25602435,15.245738125
2020-08-24,FRONTIER_R0.850,2020-08-24 16:00:00,32,10.59344,3.117691,7.68357947368421,0.24577463,15.245738125
2020-08-24,FRONTIER_R0.850,2020-08-24 16:30:00,33,12.01244,2.07157,8.41983215789474,1.97287309,15.245738125
2020-08-24,FRONTIER_R0.850,2020-08-24 17:00:00,34,9.71752,1.523382,5.65385489473684,2.84100004,15.245738125
2020-08-24,FRONTIER_R0.850,2020-08-24 17:30:00,35,10.7835,1.246723,8.43790012631579,1.53027066,15.245738125
2020-08-24,FRONTIER_R0.850,2020-08-24 18:00:00,36,18.87078,1.0011955,14.9220400526316,3.69760088999999,15.245738125
2020-08-24,FRONTIER_R0.850,2020-08-24 18:30:00,37,18.22888,0.725876,10.5808756842105,7.45258557,15.245738125
2020-08-24,FRONTIER_R0.850,2020-08-24 19:00:00,38,12.09404,0.84094,6.45171781982965,5.13396642116183,15.245738125
2020-08-24,FRONTIER_R0.850,2020-08-24 19:30:00,39,16.00942,0.335198,10.9317141052632,5.290575,15.245738125
2020-08-24,FRONTIER_R0.850,2020-08-24 20:00:00,40,13.29302,0.088711,5.1714852631579,8.291398,15.245738125
2020-08-24,FRONTIER_R0.850,2020-08-24 20:30:00,41,12.19997,0.013357,6.19251263157895,6.303726,15.245738125
2020-08-24,FRONTIER_R0.850,2020-08-24 21:00:00,42,15.5166,0.011191,8.66190421052632,7.2766,15.245738125
2020-08-24,FRONTIER_R0.850,2020-08-24 21:30:00,43,14.87162,0.00893,5.28958947368421,9.83758,15.245738125
2020-08-24,FRONTIER_R0.850,2020-08-24 22:00:00,44,16.79454,0.003154,7.18095368421053,9.96948,15.245738125
2020-08-24,FRONTIER_R0.850,2020-08-24 22:30:00,45,12.835,0.009633,-2.15105711021124e-16,12.825367,15.245738125
2020-08-24,FRONTIER_R0.850,2020-08-24 23:00:00,46,9.01564,0.006023,-2.92163953848726e-17,9.009617,15.245738125
2020-08-24,FRONTIER_R0.850,2020-08-24 23:30:00,47,10.04552,0.003629,2.3373116307898e-16,10.041891,15.245738125
2020-08-24,FRONTIER_R0.850,2020-08-25 00:00:00,48,11.0438,0.004237,-5.84327907697451e-17,11.039563,15.245738125
2020-08-24,FRONTIER_R0.800,2020-08-24 00:30:00,1,6.75743,0.004807,-7.21673200000001,14.34893,14.34893
2020-08-24,FRONTIER_R0.800,2020-08-24 01:00:00,2,6.37418,0.004427,-7.5804395,14.34893,14.34893
2020-08-24,FRONTIER_R0.800,2020-08-24 01:30:00,3,4.10152,0.003553,-9.73859250000001,14.34893,14.34893
2020-08-24,FRONTIER_R0.800,2020-08-24 02:00:00,4,4.11671,0.003135,-9.723744,14.34893,14.34893
2020-08-24,FRONTIER_R0.800,2020-08-24 02:30:00,5,4.44797,0.004693,-9.410605,14.34893,14.34893
2020-08-24,FRONTIER_R0.800,2020-08-24 03:00:00,6,4.4792,0.004351,-9.38059450000001,14.34893,14.34893
2020-08-24,FRONTIER_R0.800,2020-08-24 03:30:00,7,4.24431,0.003154,-9.60254299999999,14.34893,14.34893
2020-08-24,FRONTIER_R0.800,2020-08-24 04:00:00,8,3.74379,0.003192,-10.078075,14.34893,14.34893
2020-08-24,FRONTIER_R0.800,2020-08-24 04:30:00,9,4.02711,0.003629,-9.809358,14.34893,14.34893
2020-08-24,FRONTIER_R0.800,2020-08-24 05:00:00,10,5.83211,0.006441,-8.09742,14.34893,14.34893
2020-08-24,FRONTIER_R0.800,2020-08-24 05:30:00,11,7.76492,0.003591,-6.2584005,14.34893,14.34893
2020-08-24,FRONTIER_R0.800,2020-08-24 06:00:00,12,10.10506,0.001064,-4.0327405,14.34893,14.34893
2020-08-24,FRONTIER_R0.800,2020-08-24 06:30:00,13,10.5033,0,-3.6533485,14.34893,14.34893
2020-08-24,FRONTIER_R0.800,2020-08-24 07:00:00,14,10.14938,0,-3.9895725,14.34893,14.34893
2020-08-24,FRONTIER_R0.800,2020-08-24 07:30:00,15,10.0849,0.07619,-4.1261996,14.34893,14.34893
2020-08-24,FRONTIER_R0.800,2020-08-24 08:00:00,16,10.6098,0.388588,-3.9395295,14.34893,14.34893
2020-08-24,FRONTIER_R0.800,2020-08-24 08:30:00,17,7.82226,1.249174,-7.44218885,14.34893,14.34893
2020-08-24,FRONTIER_R0.800,2020-08-24 09:00:00,18,10.41748,1.460131,-5.1916465,14.34893,14.34893
2020-08-24,FRONTIER_R0.800,2020-08-24 09:30:00,19,8.14186,2.009022,-7.9037835,14.34893,14.34893
2020-08-24,FRONTIER_R0.800,2020-08-24 10:00:00,20,5.45138,3.660673,-12.1116115,14.34893,14.34893
2020-08-24,FRONTIER_R0.800,2020-08-24 10:30:00,21,6.84392,5.845578,1.29651547934352,-2.16493489801906e-15,14.34893
2020-08-24,FRONTIER_R0.800,2020-08-24 11:00:00,22,9.1955,4.427418,5.174688,1.5709655798446e-14,14.34893
2020-08-24,FRONTIER_R0.800,2020-08-24 11:30:00,23,14.25528,3.627746,11.2842569603848,-1.15463194561016e-14,14.34893
2020-08-24,FRONTIER_R0.800,2020-08-24 12:00:00,24,10.01139,4.309922,6.15117221618563,2.77555756156289e-17,14.34893
2020-08-24,FRONTIER_R0.800,2020-08-24 12:30:00,25,10.05596,5.069561,5.42836630854556,0,14.34893
2020-08-24,FRONTIER_R0.800,2020-08-24 13:00:00,26,9.40188,4.902171,4.89126145263156,1.94289029309402e-16,14.34893
2020-08-24,FRONTIER_R0.800,2020-08-24 13:30:00,27,10.58522,6.809847,4.21788069213356,-1.83186799063151e-15,14.34893
2020-08-24,FRONTIER_R0.800,2020-08-24 14:00:00,28,10.44682,6.453787,4.3420233474816,0.0665267226315835,14.34893
2020-08-24,FRONTIER_R0.800,2020-08-24 14:30:00,29,14.32608,4.7234,10.1151804329457,0.176706154597326,14.34893
2020-08-24,FRONTIER_R0.800,2020-08-24 15:00:00,30,8.92004,4.525458,4.73568220147141,9.71445146547012e-17,14.34893
2020-08-24,FRONTIER_R0.800,2020-08-24 15:30:00,31,7.60056,3.510117,3.62042626315789,0.73718435,14.34893
2020-08-24,FRONTIER_R0.800,2020-08-24 16:00:00,32,10.59344,3.117691,7.68357947368422,0.24577463,14.34893
2020-08-24,FRONTIER_R0.800,2020-08-24 16:30:00,33,12.01244,2.07157,8.2294742631579,2.15371309,14.34893
2020-08-24,FRONTIER_R0.800,2020-08-24 17:00:00,34,9.71752,1.523382,7.26587594736842,1.30958004,14.34893
2020-08-24,FRONTIER_R0.800,2020-08-24 17:30:00,35,10.7835,1.246723,6.37991315789474,3.48535828,14.34893
2020-08-24,FRONTIER_R0.800,2020-08-24 18:00:00,36,18.87078,1.0011955,12.6691768947368,5.83782089,14.34893
2020-08-24,FRONTIER_R0.800,2020-08-24 18:30:00,37,18.22888,0.725876,11.1446230526316,6.91702557,14.34893
2020-08-24,FRONTIER_R0.800,2020-08-24 19:00:00,38,12.09404,0.84094,7.85454563157895,3.80128,14.34893
2020-08-24,FRONTIER_R0.800,2020-08-24 19:30:00,39,16.00942,0.335198,9.17367410526316,6.960713,14.34893
2020-08-24,FRONTIER_R0.800,2020-08-24 20:00:00,40,13.29302,0.088711,4.49878,8.930468,14.34893
2020-08-24,FRONTIER_R0.800,2020-08-24 20:30:00,41,12.19997,0.013357,2.81760736842105,9.509886,14.34893
2020-08-24,FRONTIER_R0.800,2020-08-24 21:00:00,42,15.5166,0.011191,4.71429959571875,11.0268243840672,14.34893
2020-08-24,FRONTIER_R0.800,2020-08-24 21:30:00,43,14.87162,0.00893,1.36653684210526,13.56448,14.34893
2020-08-24,FRONTIER_R0.800,2020-08-24 22:00:00,44,16.79454,0.003154,4.23158526315789,12.77138,14.34893
2020-08-24,FRONTIER_R0.800,2020-08-24 22:30:00,45,12.835,0.009633,3.79813140003343e-16,12.825367,14.34893
2020-08-24,FRONTIER_R0.800,2020-08-24 23:00:00,46,9.01564,0.006023,-2.3373116307898e-16,9.009617,14.34893
2020-08-24,FRONTIER_R0.800,2020-08-24 23:30:00,47,10.04552,0.003629,-6.13544303082323e-16,10.041891,14.34893
2020-08-24,FRONTIER_R0.800,2020-08-25 00:00:00,48,11.0438,0.004237,-5.84327907697451e-17,11.039563,14.34893
2020-08-24,FRONTIER_R0.750,2020-08-24 00:30:00,1,6.75743,0.004807,-6.36476428125,13.452121875,13.452121875
2020-08-24,FRONTIER_R0.750,2020-08-24 01:00:00,2,6.37418,0.004427,-6.72847178125,13.452121875,13.452121875
2020-08-24,FRONTIER_R0.750,2020-08-24 01:30:00,3,4.10152,0.003553,-8.88662478125,13.452121875,13.452121875
2020-08-24,FRONTIER_R0.750,2020-08-24 02:00:00,4,4.11671,0.003135,-8.87177628125,13.452121875,13.452121875
2020-08-24,FRONTIER_R0.750,2020-08-24 02:30:00,5,4.44797,0.004693,-8.55863728125,13.452121875,13.452121875
2020-08-24,FRONTIER_R0.750,2020-08-24 03:00:00,6,4.4792,0.004351,-8.52862678125,13.452121875,13.452121875
2020-08-24,FRONTIER_R0.750,2020-08-24 03:30:00,7,4.24431,0.003154,-8.75057528125,13.452121875,13.452121875
2020-08-24,FRONTIER_R0.750,2020-08-24 04:00:00,8,3.74379,0.003192,-9.22610728125,13.452121875,13.452121875
2020-08-24,FRONTIER_R0.750,2020-08-24 04:30:00,9,4.02711,0.003629,-8.95739028125,13.452121875,13.452121875
2020-08-24,FRONTIER_R0.750,2020-08-24 05:00:00,10,5.83211,0.006441,-7.24545228125,13.452121875,13.452121875
2020-08-24,FRONTIER_R0.750,2020-08-24 05:30:00,11,7.76492,0.003591,-5.40643278125,13.452121875,13.452121875
2020-08-24,FRONTIER_R0.750,2020-08-24 06:00:00,12,10.10506,0.001064,-3.18077278125,13.452121875,13.452121875
2020-08-24,FRONTIER_R0.750,2020-08-24 06:30:00,13,10.5033,0,-2.80138078125,13.452121875,13.452121875
2020-08-24,FRONTIER_R0.750,2020-08-24 07:00:00,14,10.14938,0,-3.13760478125,13.452121875,13.452121875
2020-08-24,FRONTIER_R0.750,2020-08-24 07:30:00,15,10.0849,0.07619,-3.27423188125,13.452121875,13.452121875
2020-08-24,FRONTIER_R0.750,2020-08-24 08:00:00,16,10.6098,0.388588,-3.08756178125,13.452121875,13.452121875
2020-08-24,FRONTIER_R0.750,2020-08-24 08:30:00,17,7.82226,1.249174,-6.59022113125,13.452121875,13.452121875
2020-08-24,FRONTIER_R0.750,2020-08-24 09:00:00,18,10.41748,1.460131,-4.33967878125,13.452121875,13.452121875
2020-08-24,FRONTIER_R0.750,2020-08-24 09:30:00,19,8.14186,2.009022,-7.05181578125,13.452121875,13.452121875
2020-08-24,FRONTIER_R0.750,2020-08-24 10:00:00,20,5.45138,3.660673,-11.25964378125,13.452121875,13.452121875
2020-08-24,FRONTIER_R0.750,2020-08-24 10:30:00,21,6.84392,5.845578,1.28962515676288,0,13.452121875
2020-08-24,FRONTIER_R0.750,2020-08-24 11:00:00,22,9.1955,4.427418,5.17569748160724,2.77555756156289e-17,13.452121875
2020-08-24,FRONTIER_R0.750,2020-08-24 11:30:00,23,14.25528,3.627746,11.2892208539898,-7.57727214306669e-15,13.452121875
2020-08-24,FRONTIER_R0.750,2020-08-24 12:00:00,24,10.01139,4.309922,6.14392377249576,2.77555756156289e-17,13.452121875
2020-08-24,FRONTIER_R0.750,2020-08-24 12:30:00,25,10.05596,5.069561,5.4272206893039,-5.55111512312578e-17,13.452121875
2020-08-24,FRONTIER_R0.750,2020-08-24 13:00:00,26,9.40188,4.902171,4.88781185172609,8.32667268468867e-17,13.452121875
2020-08-24,FRONTIER_R0.750,2020-08-24 13:30:00,27,10.58522,6.809847,4.21788069213356,-5.55111512312578e-17,13.452121875
2020-08-24,FRONTIER_R0.750,2020-08-24 14:00:00,28,10.44682,6.453787,4.41704886700623,5.55111512312578e-17,13.452121875
2020-08-24,FRONTIER_R0.750,2020-08-24 14:30:00,29,14.32608,4.7234,10.2557367207634,0.0449078529795443,13.452121875
2020-08-24,FRONTIER_R0.750,2020-08-24 15:00:00,30,8.92004,4.525458,4.73999776457272,-6.93889390390723e-17,13.452121875
2020-08-24,FRONTIER_R0.750,2020-08-24 15:30:00,31,7.60056,3.510117,3.36512100000001,0.97972435,13.452121875
2020-08-24,FRONTIER_R0.750,2020-08-24 16:00:00,32,10.59344,3.117691,4.34934789473685,3.41329463,13.452121875
2020-08-24,FRONTIER_R0.750,2020-08-24 16:30:00,33,12.01244,2.07157,9.58046373684211,0.870273089999999,13.452121875
2020-08-24,FRONTIER_R0.750,2020-08-24 17:00:00,34,9.71752,1.523382,7.03107594736842,1.53264004,13.452121875
2020-08-24,FRONTIER_R0.750,2020-08-24 17:30:00,35,10.7835,1.246723,7.68166052631579,2.24869828,13.452121875
2020-08-24,FRONTIER_R0.750,2020-08-24 18:00:00,36,18.87078,1.0011955,10.8912400526316,7.52686089,13.452121875
2020-08-24,FRONTIER_R0.750,2020-08-24 18:30:00,37,18.22888,0.725876,8.27407568421053,9.64404557,13.452121875
2020-08-24,FRONTIER_R0.750,2020-08-24 19:00:00,38,12.09404,0.84094,2.74731089473684,8.653153,13.452121875
2020-08-24,FRONTIER_R0.750,2020-08-24 19:30:00,39,16.00942,0.335198,7.14847410526316,8.884653,13.452121875
2020-08-24,FRONTIER_R0.750,2020-08-24 20:00:00,40,13.29302,0.088711,2.04576947368421,11.260828,13.452121875
2020-08-24,FRONTIER_R0.750,2020-08-24 20:30:00,41,12.19997,0.013357,2.67318631578947,9.647086,13.452121875
2020-08-24,FRONTIER_R0.750,2020-08-24 21:00:00,42,15.5166,0.011191,2.89786003476864,12.7524419669698,13.452121875
2020-08-24,FRONTIER_R0.750,2020-08-24 21:30:00,43,14.87162,0.00893,1.48643579513299,13.452121875,13.452121875
2020-08-24,FRONTIER_R0.750,2020-08-24 22:00:00,44,16.79454,0.003154,4.23158526315789,12.77138,13.452121875
2020-08-24,FRONTIER_R0.750,2020-08-24 22:30:00,45,12.835,0.009633,1.46081976924363e-16,12.825367,13.452121875
2020-08-24,FRONTIER_R0.750,2020-08-24 23:00:00,46,9.01564,0.006023,-2.3373116307898e-16,9.009617,13.452121875
2020-08-24,FRONTIER_R0.750,2020-08-24 23:30:00,47,10.04552,0.003629,-1.75298372309235e-16,10.041891,13.452121875
2020-08-24,FRONTIER_R0.750,2020-08-25 00:00:00,48,11.0438,0.004237,3.06772151541162e-16,11.039563,13.452121875
2020-08-24,FRONTIER_R0.700,2020-08-24 00:30:00,1,6.75743,0.004807,-5.51279656249998,12.55531375,12.55531375
2020-08-24,FRONTIER_R0.700,2020-08-24 01:00:00,2,6.37418,0.004427,-5.8765040625,12.55531375,12.55531375
2020-08-24,FRONTIER_R0.700,2020-08-24 01:30:00,3,4.10152,0.003553,-8.0346570625,12.55531375,12.55531375
2020-08-24,FRONTIER_R0.700,2020-08-24 02:00:00,4,4.11671,0.003135,-8.0198085625,12.55531375,12.55531375
2020-08-24,FRONTIER_R0.700,2020-08-24 02:30:00,5,4.44797,0.004693,-7.7066695625,12.55531375,12.55531375
2020-08-24,FRONTIER_R0.700,2020-08-24 03:00:00,6,4.4792,0.004351,-7.6766590625,12.55531375,12.55531375
2020-08-24,FRONTIER_R0.700,2020-08-24 03:30:00,7,4.24431,0.003154,-7.89860756249999,12.55531375,12.55531375
2020-08-24,FRONTIER_R0.700,2020-08-24 04:00:00,8,3.74379,0.003192,-8.3741395625,12.55531375,12.55531375
2020-08-24,FRONTIER_R0.700,2020-08-24 04:30:00,9,4.02711,0.003629,-8.1054225625,12.55531375,12.55531375
2020-08-24,FRONTIER_R0.700,2020-08-24 05:00:00,10,5.83211,0.006441,-6.3934845625,12.55531375,12.55531375
2020-08-24,FRONTIER_R0.700,2020-08-24 05:30:00,11,7.76492,0.003591,-4.5544650625,12.55531375,12.55531375
2020-08-24,FRONTIER_R0.700,2020-08-24 06:00:00,12,10.10506,0.001064,-2.3288050625,12.55531375,12.55531375
2020-08-24,FRONTIER_R0.700,2020-08-24 06:30:00,13,10.5033,0,-1.9494130625,12.55531375,12.55531375
2020-08-24,FRONTIER_R0.700,2020-08-24 07:00:00,14,10.14938,0,-2.2856370625,12.55531375,12.55531375
2020-08-24,FRONTIER_R0.700,2020-08-24 07:30:00,15,10.0849,0.07619,-2.4222641625,12.55531375,12.55531375
2020-08-24,FRONTIER_R0.700,2020-08-24 08:00:00,16,10.6098,0.388588,-2.23559406249998,12.55531375,12.55531375
2020-08-24,FRONTIER_R0.700,2020-08-24 08:30:00,17,7.82226,1.249174,-5.7382534125,12.55531375,12.55531375
2020-08-24,FRONTIER_R0.700,2020-08-24 09:00:00,18,10.41748,1.460131,-3.4877110625,12.55531375,12.55531375
2020-08-24,FRONTIER_R0.700,2020-08-24 09:30:00,19,8.14186,2.009022,-6.1998480625,12.55531375,12.55531375
2020-08-24,FRONTIER_R0.700,2020-08-24 10:00:00,20,5.45138,3.660673,-10.4076760625,12.55531375,12.55531375
2020-08-24,FRONTIER_R0.700,2020-08-24 10:30:00,21,6.84392,5.845578,1.30242121788358,0,12.55531375
2020-08-24,FRONTIER_R0.700,2020-08-24 11:00:00,22,9.1955,4.427418,5.17569748160724,-3.60822483003176e-16,12.55531375
2020-08-24,FRONTIER_R0.700,2020-08-24 11:30:00,23,14.25528,3.627746,11.3164249779997,0.0027849187497927,12.55531375
2020-08-24,FRONTIER_R0.700,2020-08-24 12:00:00,24,10.01139,4.309922,6.14912309337861,2.77555756156289e-17,12.55531375
2020-08-24,FRONTIER_R0.700,2020-08-24 12:30:00,25,10.05596,5.069561,5.42722068930391,5.55111512312578e-17,12.55531375
2020-08-24,FRONTIER_R0.700,2020-08-24 13:00:00,26,9.40188,4.902171,4.72215210526316,0.16065388,12.55531375
2020-08-24,FRONTIER_R0.700,2020-08-24 13:30:00,27,10.58522,6.809847,4.20425754736841,1.73194791841524e-14,12.55531375
2020-08-24,FRONTIER_R0.700,2020-08-24 14:00:00,28,10.44682,6.453787,4.41567901980758,0,12.55531375
2020-08-24,FRONTIER_R0.700,2020-08-24 14:30:00,29,14.32608,4.7234,8.9272140000001,1.26159612,12.55531375
2020-08-24,FRONTIER_R0.700,2020-08-24 15:00:00,30,8.92004,4.525458,4.73999776457253,-1.74485426107651e-13,12.55531375
2020-08-24,FRONTIER_R0.700,2020-08-24 15:30:00,31,7.60056,3.510117,3.82663810526317,0.5444086,12.55531375
2020-08-24,FRONTIER_R0.700,2020-08-24 16:00:00,32,10.59344,3.117691,3.14868857894736,4.55486737263157,12.55531375
2020-08-24,FRONTIER_R0.700,2020-08-24 16:30:00,33,12.01244,2.07157,6.53297531578947,3.76538709,12.55531375
2020-08-24,FRONTIER_R0.700,2020-08-24 17:00:00,34,9.71752,1.523382,6.32865489473684,2.19994004,12.55531375
2020-08-24,FRONTIER_R0.700,2020-08-24 17:30:00,35,10.7835,1.246723,7.32892368421053,2.58379828,12.55531375
2020-08-24,FRONTIER_R0.700,2020-08-24 18:00:00,36,18.87078,1.0011955,6.80656636842105,11.40730089,12.55531375
2020-08-24,FRONTIER_R0.700,2020-08-24 18:30:00,37,18.22888,0.725876,5.97360759999999,11.82949025,12.55531375
2020-08-24,FRONTIER_R0.700,2020-08-24 19:00:00,38,12.09404,0.84094,2.74731089473684,8.653153,12.55531375
2020-08-24,FRONTIER_R0.700,2020-08-24 19:30:00,39,16.00942,0.335198,3.31177559755241,12.5295165823252,12.55531375
2020-08-24,FRONTIER_R0.700,2020-08-24 20:00:00,40,13.29302,0.088711,0.931367368421053,12.31951,12.55531375
2020-08-24,FRONTIER_R0.700,2020-08-24 20:30:00,41,12.19997,0.013357,0.959674210526227,11.2749225,12.55531375
2020-08-24,FRONTIER_R0.700,2020-08-24 21:00:00,42,15.5166,0.011191,3.10536342105282,12.5553137499998,12.55531375
2020-08-24,FRONTIER_R0.700,2020-08-24 21:30:00,43,14.87162,0.00893,2.72331463157901,12.2755410999999,12.55531375
2020-08-24,FRONTIER_R0.700,2020-08-24 22:00:00,44,16.79454,0.003154,4.81910105263158,12.21324,12.55531375
2020-08-24,FRONTIER_R0.700,2020-08-24 22:30:00,45,12.835,0.009633,0.28426657894737,12.55531375,12.55531375
2020-08-24,FRONTIER_R0.700,2020-08-24 23:00:00,46,9.01564,0.006023,2.92163953848725e-16,9.009617,12.55531375
2020-08-24,FRONTIER_R0.700,2020-08-24 23:30:00,47,10.04552,0.003629,-1.46081976924363e-16,10.041891,12.55531375
2020-08-24,FRONTIER_R0.700,2020-08-25 00:00:00,48,11.0438,0.004237,4.82070523850397e-16,11.039563,12.55531375
2020-08-24,FRONTIER_R0.650,2020-08-24 00:30:00,1,6.75743,0.004807,-4.66082884375001,11.658505625,11.658505625
2020-08-24,FRONTIER_R0.650,2020-08-24 01:00:00,2,6.37418,0.004427,-5.02453634375,11.658505625,11.658505625
2020-08-24,FRONTIER_R0.650,2020-08-24 01:30:00,3,4.10152,0.003553,-7.18268934375,11.658505625,11.658505625
2020-08-24,FRONTIER_R0.650,2020-08-24 02:00:00,4,4.11671,0.003135,-7.16784084375,11.658505625,11.658505625
2020-08-24,FRONTIER_R0.650,2020-08-24 02:30:00,5,4.44797,0.004693,-6.85470184375,11.658505625,11.658505625
2020-08-24,FRONTIER_R0.650,2020-08-24 03:00:00,6,4.4792,0.004351,-6.82469134375,11.658505625,11.658505625
2020-08-24,FRONTIER_R0.650,2020-08-24 03:30:00,7,4.24431,0.003154,-7.04663984375,11.658505625,11.658505625
2020-08-24,FRONTIER_R0.650,2020-08-24 04:00:00,8,3.74379,0.003192,-7.52217184375,11.658505625,11.658505625
2020-08-24,FRONTIER_R0.650,2020-08-24 04:30:00,9,4.02711,0.003629,-7.25345484375,11.658505625,11.658505625
2020-08-24,FRONTIER_R0.650,2020-08-24 05:00:00,10,5.83211,0.006441,-5.54151684375,11.658505625,11.658505625
2020-08-24,FRONTIER_R0.650,2020-08-24 05:30:00,11,7.76492,0.003591,-3.70249734375,11.658505625,11.658505625
2020-08-24,FRONTIER_R0.650,2020-08-24 06:00:00,12,10.10506,0.001064,-1.47683734375,11.658505625,11.658505625
2020-08-24,FRONTIER_R0.650,2020-08-24 06:30:00,13,10.5033,0,-1.09744534375,11.658505625,11.658505625
2020-08-24,FRONTIER_R0.650,2020-08-24 07:00:00,14,10.14938,0,-1.43366934375,11.658505625,11.658505625
2020-08-24,FRONTIER_R0.650,2020-08-24 07:30:00,15,10.0849,0.07619,-1.57029644375,11.658505625,11.658505625
2020-08-24,FRONTIER_R0.650,2020-08-24 08:00:00,16,10.6098,0.388588,-1.38362634375,11.658505625,11.658505625
2020-08-24,FRONTIER_R0.650,2020-08-24 08:30:00,17,7.82226,1.249174,-4.88628569375,11.658505625,11.658505625
2020-08-24,FRONTIER_R0.650,2020-08-24 09:00:00,18,10.41748,1.460131,-2.63574334375001,11.658505625,11.658505625
2020-08-24,FRONTIER_R0.650,2020-08-24 09:30:00,19,8.14186,2.009022,-5.34788034375,11.658505625,11.658505625
2020-08-24,FRONTIER_R0.650,2020-08-24 10:00:00,20,5.45138,3.660673,-9.55570834375001,11.658505625,11.658505625
2020-08-24,FRONTIER_R0.650,2020-08-24 10:30:00,21,6.84392,5.845578,1.31587229612336,8.54871728961371e-15,11.658505625
2020-08-24,FRONTIER_R0.650,2020-08-24 11:00:00,22,9.1955,4.427418,5.174688,1.60982338570648e-15,11.658505625
2020-08-24,FRONTIER_R0.650,2020-08-24 11:30:00,23,14.25528,3.627746,11.2892208539898,-2.4980018054066e-16,11.658505625
2020-08-24,FRONTIER_R0.650,2020-08-24 12:00:00,24,10.01139,4.309922,6.15015401584607,2.77555756156289e-17,11.658505625
2020-08-24,FRONTIER_R0.650,2020-08-24 12:30:00,25,10.05596,5.069561,5.43050507368421,5.55111512312578e-17,11.658505625
2020-08-24,FRONTIER_R0.650,2020-08-24 13:00:00,26,9.40188,4.902171,4.88930287990945,1.83186799063151e-15,11.658505625
2020-08-24,FRONTIER_R0.650,2020-08-24 13:30:00,27,10.58522,6.809847,4.2108554516129,4.44089209850063e-16,11.658505625
2020-08-24,FRONTIER_R0.650,2020-08-24 14:00:00,28,10.44682,6.453787,4.40811048421053,0,11.658505625
2020-08-24,FRONTIER_R0.650,2020-08-24 14:30:00,29,14.32608,4.7234,8.23816212436334,1.91731794328946,11.658505625
2020-08-24,FRONTIER_R0.650,2020-08-24 15:00:00,30,8.92004,4.525458,2.84908764742502,1.79643339842105,11.658505625
2020-08-24,FRONTIER_R0.650,2020-08-24 15:30:00,31,7.60056,3.510117,1.37363075129098,2.87166670235202,11.658505625
2020-08-24,FRONTIER_R0.650,2020-08-24 16:00:00,32,10.59344,3.117691,5.14030881581432,2.66188175497639,11.658505625
2020-08-24,FRONTIER_R0.650,2020-08-24 16:30:00,33,12.01244,2.07157,0.94301952631579,9.07584509,11.658505625
2020-08-24,FRONTIER_R0.650,2020-08-24 17:00:00,34,9.71752,1.523382,0.566132789473684,7.67433604,11.658505625
2020-08-24,FRONTIER_R0.650,2020-08-24 17:30:00,35,10.7835,1.246723,0.113382631578944,9.43856228,11.658505625
2020-08-24,FRONTIER_R0.650,2020-08-24 18:00:00,36,18.87078,1.0011955,6.54214033157894,11.658505625,11.658505625
2020-08-24,FRONTIER_R0.650,2020-08-24 18:30:00,37,18.22888,0.725876,6.15359141578947,11.658505625,11.658505625
2020-08-24,FRONTIER_R0.650,2020-08-24 19:00:00,38,12.09404,0.84094,2.5430582631579,8.847193,11.658505625
2020-08-24,FRONTIER_R0.650,2020-08-24 19:30:00,39,16.00942,0.335198,4.2286292368421,11.658505625,11.658505625
2020-08-24,FRONTIER_R0.650,2020-08-24 20:00:00,40,13.29302,0.088711,1.63386555178268,11.658505625,11.658505625
2020-08-24,FRONTIER_R0.650,2020-08-24 20:30:00,41,12.19997,0.013357,0.921838947368421,11.310866,11.658505625
2020-08-24,FRONTIER_R0.650,2020-08-24 21:00:00,42,15.5166,0.011191,4.04937197368421,11.658505625,11.658505625
2020-08-24,FRONTIER_R0.650,2020-08-24 21:30:00,43,14.87162,0.00893,3.37282565789474,11.658505625,11.658505625
2020-08-24,FRONTIER_R0.650,2020-08-24 22:00:00,44,16.79454,0.003154,5.40303197368421,11.658505625,11.658505625
2020-08-24,FRONTIER_R0.650,2020-08-24 22:30:00,45,12.835,0.009633,1.22827513157895,11.658505625,11.658505625
2020-08-24,FRONTIER_R0.650,2020-08-24 23:00:00,46,9.01564,0.006023,-2.4980018054066e-16,9.009617,11.658505625
2020-08-24,FRONTIER_R0.650,2020-08-24 23:30:00,47,10.04552,0.003629,2.92163953848725e-16,10.041891,11.658505625
2020-08-24,FRONTIER_R0.650,2020-08-25 00:00:00,48,11.0438,0.004237,-5.84327907697451e-17,11.039563,11.658505625
2020-08-24,FRONTIER_R0.600,2020-08-24 00:30:00,1,6.75743,0.004807,-3.80886112499999,10.7616975,10.7616975
2020-08-24,FRONTIER_R0.600,2020-08-24 01:00:00,2,6.37418,0.004427,-4.172568625,10.7616975,10.7616975
2020-08-24,FRONTIER_R0.600,2020-08-24 01:30:00,3,4.10152,0.003553,-6.330721625,10.7616975,10.7616975
2020-08-24,FRONTIER_R0.600,2020-08-24 02:00:00,4,4.11671,0.003135,-6.315873125,10.7616975,10.7616975
2020-08-24,FRONTIER_R0.600,2020-08-24 02:30:00,5,4.44797,0.004693,-6.002734125,10.7616975,10.7616975
2020-08-24,FRONTIER_R0.600,2020-08-24 03:00:00,6,4.4792,0.004351,-5.972723625,10.7616975,10.7616975
2020-08-24,FRONTIER_R0.600,2020-08-24 03:30:00,7,4.24431,0.003154,-6.194672125,10.7616975,10.7616975
2020-08-24,FRONTIER_R0.600,2020-08-24 04:00:00,8,3.74379,0.003192,-6.670204125,10.7616975,10.7616975
2020-08-24,FRONTIER_R0.600,2020-08-24 04:30:00,9,4.02711,0.003629,-6.401487125,10.7616975,10.7616975
2020-08-24,FRONTIER_R0.600,2020-08-24 05:00:00,10,5.83211,0.006441,-4.689549125,10.7616975,10.7616975
2020-08-24,FRONTIER_R0.600,2020-08-24 05:30:00,11,7.76492,0.003591,-2.850529625,10.7616975,10.7616975
2020-08-24,FRONTIER_R0.600,2020-08-24 06:00:00,12,10.10506,0.001064,-0.624869625000001,10.7616975,10.7616975
2020-08-24,FRONTIER_R0.600,2020-08-24 06:30:00,13,10.5033,0,-0.245477624999999,10.7616975,10.7616975
2020-08-24,FRONTIER_R0.600,2020-08-24 07:00:00,14,10.14938,0,-0.581701624999998,10.7616975,10.7616975
2020-08-24,FRONTIER_R0.600,2020-08-24 07:30:00,15,10.0849,0.07619,-0.718328724999999,10.7616975,10.7616975
2020-08-24,FRONTIER_R0.600,2020-08-24 08:00:00,16,10.6098,0.388588,-0.531658624999999,10.7616975,10.7616975
2020-08-24,FRONTIER_R0.600,2020-08-24 08:30:00,17,7.82226,1.249174,-4.034317975,10.7616975,10.7616975
2020-08-24,FRONTIER_R0.600,2020-08-24 09:00:00,18,10.41748,1.460131,-1.783775625,10.7616975,10.7616975
2020-08-24,FRONTIER_R0.600,2020-08-24 09:30:00,19,8.14186,2.009022,-4.495912625,10.7616975,10.7616975
2020-08-24,FRONTIER_R0.600,2020-08-24 10:00:00,20,5.45138,3.660673,-8.703740625,10.7616975,10.7616975
2020-08-24,FRONTIER_R0.600,2020-08-24 10:30:00,21,6.84392,5.845578,1.28951074816072,-5.55111512312578e-17,10.7616975
2020-08-24,FRONTIER_R0.600,2020-08-24 11:00:00,22,9.1955,4.427418,5.1748019524618,-5.55111512312578e-17,10.7616975
2020-08-24,FRONTIER_R0.600,2020-08-24 11:30:00,23,14.25528,3.627746,11.3060884026599,-2.77555756156289e-17,10.7616975
2020-08-24,FRONTIER_R0.600,2020-08-24 12:00:00,24,10.01139,4.309922,6.1477196631579,2.77555756156289e-17,10.7616975
2020-08-24,FRONTIER_R0.600,2020-08-24 12:30:00,25,10.05596,5.069561,5.4272206893039,5.55111512312578e-17,10.7616975
2020-08-24,FRONTIER_R0.600,2020-08-24 13:00:00,26,9.40188,4.902171,4.89126145263158,-6.38378239159465e-16,10.7616975
2020-08-24,FRONTIER_R0.600,2020-08-24 13:30:00,27,10.58522,6.809847,3.62903166779853,0.56008601368421,10.7616975
2020-08-24,FRONTIER_R0.600,2020-08-24 14:00:00,28,10.44682,6.453787,1.76209984245782,2.52126554019844,10.7616975
2020-08-24,FRONTIER_R0.600,2020-08-24 14:30:00,29,14.32608,4.7234,-1.07857197736276,10.7616975,10.7616975
2020-08-24,FRONTIER_R0.600,2020-08-24 15:00:00,30,8.92004,4.525458,-0.265752578947369,4.75121923,10.7616975
2020-08-24,FRONTIER_R0.600,2020-08-24 15:30:00,31,7.60056,3.510117,-1.17621584210526,5.29399435,10.7616975
2020-08-24,FRONTIER_R0.600,2020-08-24 16:00:00,32,10.59344,3.117691,-1.13805,8.62632263,10.7616975
2020-08-24,FRONTIER_R0.600,2020-08-24 16:30:00,33,12.01244,2.07157,0.94301952631579,9.07584509,10.7616975
2020-08-24,FRONTIER_R0.600,2020-08-24 17:00:00,34,9.71752,1.523382,0.0744475263157894,8.14143704,10.7616975
2020-08-24,FRONTIER_R0.600,2020-08-24 17:30:00,35,10.7835,1.246723,0.113382631578825,9.43856228000011,10.7616975
2020-08-24,FRONTIER_R0.600,2020-08-24 18:00:00,36,18.87078,1.0011955,7.48614888421053,10.7616975,10.7616975
2020-08-24,FRONTIER_R0.600,2020-08-24 18:30:00,37,18.22888,0.725876,7.09759996842105,10.7616975,10.7616975
2020-08-24,FRONTIER_R0.600,2020-08-24 19:00:00,38,12.09404,0.84094,2.33376247368421,9.046024,10.7616975
2020-08-24,FRONTIER_R0.600,2020-08-24 19:30:00,39,16.00942,0.335198,5.17263778947368,10.7616975,10.7616975
2020-08-24,FRONTIER_R0.600,2020-08-24 20:00:00,40,13.29302,0.088711,2.5713716,10.7616975,10.7616975
2020-08-24,FRONTIER_R0.600,2020-08-24 20:30:00,41,12.19997,0.013357,1.52327577072849,10.7395010178079,10.7616975
2020-08-24,FRONTIER_R0.600,2020-08-24 21:00:00,42,15.5166,0.011191,4.99338052631579,10.7616975,10.7616975
2020-08-24,FRONTIER_R0.600,2020-08-24 21:30:00,43,14.87162,0.00893,4.33221252221279,10.7616975,10.7616975
2020-08-24,FRONTIER_R0.600,2020-08-24 22:00:00,44,16.79454,0.003154,6.34704052631579,10.7616975,10.7616975
2020-08-24,FRONTIER_R0.600,2020-08-24 22:30:00,45,12.835,0.009633,2.17228368421053,10.7616975,10.7616975
2020-08-24,FRONTIER_R0.600,2020-08-24 23:00:00,46,9.01564,0.006023,-0.288860999999999,9.31336421052632,10.7616975
2020-08-24,FRONTIER_R0.600,2020-08-24 23:30:00,47,10.04552,0.003629,-0.003629,10.04552,10.7616975
2020-08-24,FRONTIER_R0.600,2020-08-25 00:00:00,48,11.0438,0.004237,0.292489999999999,10.7616975,10.7616975
2020-08-24,FRONTIER_R0.550,2020-08-24 00:30:00,1,6.75743,0.004807,-2.95689340625001,9.86488937500001,9.864889375
2020-08-24,FRONTIER_R0.550,2020-08-24 01:00:00,2,6.37418,0.004427,-3.32060090625,9.864889375,9.864889375
2020-08-24,FRONTIER_R0.550,2020-08-24 01:30:00,3,4.10152,0.003553,-5.47875390625,9.864889375,9.864889375
2020-08-24,FRONTIER_R0.550,2020-08-24 02:00:00,4,4.11671,0.003135,-5.46390540625,9.864889375,9.864889375
2020-08-24,FRONTIER_R0.550,2020-08-24 02:30:00,5,4.44797,0.004693,-5.15076640625,9.864889375,9.864889375
2020-08-24,FRONTIER_R0.550,2020-08-24 03:00:00,6,4.4792,0.004351,-5.12075590625,9.86488937500001,9.864889375
2020-08-24,FRONTIER_R0.550,2020-08-24 03:30:00,7,4.24431,0.003154,-5.34270440625,9.864889375,9.864889375
2020-08-24,FRONTIER_R0.550,2020-08-24 04:00:00,8,3.74379,0.003192,-5.81823640625,9.864889375,9.864889375
2020-08-24,FRONTIER_R0.550,2020-08-24 04:30:00,9,4.02711,0.003629,-5.54951940625,9.864889375,9.864889375
2020-08-24,FRONTIER_R0.550,2020-08-24 05:00:00,10,5.83211,0.006441,-3.83758140625,9.864889375,9.864889375
2020-08-24,FRONTIER_R0.550,2020-08-24 05:30:00,11,7.76492,0.003591,-1.99856190625,9.864889375,9.864889375
2020-08-24,FRONTIER_R0.550,2020-08-24 06:00:00,12,10.10506,0.001064,0.251691184210523,9.86488937500001,9.864889375
2020-08-24,FRONTIER_R0.550,2020-08-24 06:30:00,13,10.5033,0,0.672011184210526,9.864889375,9.864889375
2020-08-24,FRONTIER_R0.550,2020-08-24 07:00:00,14,10.14938,0,0.299463815789473,9.864889375,9.864889375
2020-08-24,FRONTIER_R0.550,2020-08-24 07:30:00,15,10.0849,0.07619,0.151390131578945,9.864889375,9.864889375
2020-08-24,FRONTIER_R0.550,2020-08-24 08:00:00,16,10.6098,0.388588,0.377929868421052,9.864889375,9.864889375
2020-08-24,FRONTIER_R0.550,2020-08-24 08:30:00,17,7.82226,1.249174,-3.18235025625,9.864889375,9.864889375
2020-08-24,FRONTIER_R0.550,2020-08-24 09:00:00,18,10.41748,1.460131,-0.900500615000004,9.86488937500001,9.864889375
2020-08-24,FRONTIER_R0.550,2020-08-24 09:30:00,19,8.14186,2.009022,-3.64394490625,9.864889375,9.864889375
2020-08-24,FRONTIER_R0.550,2020-08-24 10:00:00,20,5.45138,3.660673,-7.85177290625,9.864889375,9.864889375
2020-08-24,FRONTIER_R0.550,2020-08-24 10:30:00,21,6.84392,5.845578,1.29139321520083,-5.55111512312578e-17,9.864889375
2020-08-24,FRONTIER_R0.550,2020-08-24 11:00:00,22,9.1955,4.427418,4.11724184210526,1.00457385,9.864889375
2020-08-24,FRONTIER_R0.550,2020-08-24 11:30:00,23,14.25528,3.627746,9.06968758381236,2.10217032537826,9.864889375
2020-08-24,FRONTIER_R0.550,2020-08-24 12:00:00,24,10.01139,4.309922,4.88309766728082,1.20139089608322,9.864889375
2020-08-24,FRONTIER_R0.550,2020-08-24 12:30:00,25,10.05596,5.069561,-0.829192105263159,5.94671232,9.864889375
2020-08-24,FRONTIER_R0.550,2020-08-24 13:00:00,26,9.40188,4.902171,-0.326603684210526,4.95697188,9.864889375
2020-08-24,FRONTIER_R0.550,2020-08-24 13:30:00,27,10.58522,6.809847,-3.709265,7.51784642,9.864889375
2020-08-24,FRONTIER_R0.550,2020-08-24 14:00:00,28,10.44682,6.453787,0.196345315789426,4.00845598684215,9.864889375
2020-08-24,FRONTIER_R0.550,2020-08-24 14:30:00,29,14.32608,4.7234,-0.134959976046031,9.864889375,9.864889375
2020-08-24,FRONTIER_R0.550,2020-08-24 15:00:00,30,8.92004,4.525458,-1.491121,5.91531923,9.864889375
2020-08-24,FRONTIER_R0.550,2020-08-24 15:30:00,31,7.60056,3.510117,-1.388739,5.49589135,9.864889375
2020-08-24,FRONTIER_R0.550,2020-08-24 16:00:00,32,10.59344,3.117691,-1.13805,8.62632263,9.864889375
2020-08-24,FRONTIER_R0.550,2020-08-24 16:30:00,33,12.01244,2.07157,0.112446594736841,9.864889375,9.864889375
2020-08-24,FRONTIER_R0.550,2020-08-24 17:00:00,34,9.71752,1.523382,0.0744475263157894,8.14143704,9.864889375
2020-08-24,FRONTIER_R0.550,2020-08-24 17:30:00,35,10.7835,1.246723,0.113382631578995,9.43856227999995,9.864889375
2020-08-24,FRONTIER_R0.550,2020-08-24 18:00:00,36,18.87078,1.0011955,8.4301574368421,9.864889375,9.864889375
2020-08-24,FRONTIER_R0.550,2020-08-24 18:30:00,37,18.22888,0.725876,8.04160852105263,9.864889375,9.864889375
2020-08-24,FRONTIER_R0.550,2020-08-24 19:00:00,38,12.09404,0.84094,2.25929920087053,9.11676410917299,9.864889375
2020-08-24,FRONTIER_R0.550,2020-08-24 19:30:00,39,16.00942,0.335198,6.11664634210526,9.864889375,9.864889375
2020-08-24,FRONTIER_R0.550,2020-08-24 20:00:00,40,13.29302,0.088711,3.51517855263158,9.864889375,9.864889375
2020-08-24,FRONTIER_R0.550,2020-08-24 20:30:00,41,12.19997,0.013357,2.44391960526315,9.864889375,9.864889375
2020-08-24,FRONTIER_R0.550,2020-08-24 21:00:00,42,15.5166,0.011191,5.93738907894737,9.864889375,9.864889375
2020-08-24,FRONTIER_R0.550,2020-08-24 21:30:00,43,14.87162,0.00893,5.26084276315789,9.864889375,9.864889375
2020-08-24,FRONTIER_R0.550,2020-08-24 22:00:00,44,16.79454,0.003154,7.29291047289473,9.864889375,9.864889375
2020-08-24,FRONTIER_R0.550,2020-08-24 22:30:00,45,12.835,0.009633,3.1162922368421,9.864889375,9.864889375
2020-08-24,FRONTIER_R0.550,2020-08-24 23:00:00,46,9.01564,0.006023,-0.812809906250003,9.864889375,9.864889375
2020-08-24,FRONTIER_R0.550,2020-08-24 23:30:00,47,10.04552,0.003629,0.186317499999998,9.864889375,9.864889375
2020-08-24,FRONTIER_R0.550,2020-08-25 00:00:00,48,11.0438,0.004237,1.23649855263158,9.864889375,9.864889375
2020-08-24,FRONTIER_R0.500,2020-08-24 00:30:00,1,6.75743,0.004807,-2.1049256875,8.96808125,8.96808125
2020-08-24,FRONTIER_R0.500,2020-08-24 01:00:00,2,6.37418,0.004427,-2.4686331875,8.96808125,8.96808125
2020-08-24,FRONTIER_R0.500,2020-08-24 01:30:00,3,4.10152,0.003553,-4.6267861875,8.96808125,8.96808125
2020-08-24,FRONTIER_R0.500,2020-08-24 02:00:00,4,4.11671,0.003135,-4.6119376875,8.96808125,8.96808125
2020-08-24,FRONTIER_R0.500,2020-08-24 02:30:00,5,4.44797,0.004693,-4.2987986875,8.96808125,8.96808125
2020-08-24,FRONTIER_R0.500,2020-08-24 03:00:00,6,4.4792,0.004351,-4.2687881875,8.96808125,8.96808125
2020-08-24,FRONTIER_R0.500,2020-08-24 03:30:00,7,4.24431,0.003154,-4.4907366875,8.96808125,8.96808125
2020-08-24,FRONTIER_R0.500,2020-08-24 04:00:00,8,3.74379,0.003192,-4.9662686875,8.96808125,8.96808125
2020-08-24,FRONTIER_R0.500,2020-08-24 04:30:00,9,4.02711,0.003629,-4.6975516875,8.96808125,8.96808125
2020-08-24,FRONTIER_R0.500,2020-08-24 05:00:00,10,5.83211,0.006441,-2.9856136875,8.96808125,8.96808125
2020-08-24,FRONTIER_R0.500,2020-08-24 05:30:00,11,7.76492,0.003591,-1.1465941875,8.96808125,8.96808125
2020-08-24,FRONTIER_R0.500,2020-08-24 06:00:00,12,10.10506,0.001064,1.1956997368421,8.96808125,8.96808125
2020-08-24,FRONTIER_R0.500,2020-08-24 06:30:00,13,10.5033,0,1.61601973684211,8.96808125,8.96808125
2020-08-24,FRONTIER_R0.500,2020-08-24 07:00:00,14,10.14938,0,1.24347236842105,8.96808125,8.96808125
2020-08-24,FRONTIER_R0.500,2020-08-24 07:30:00,15,10.0849,0.07619,1.09539868421053,8.96808125,8.96808125
2020-08-24,FRONTIER_R0.500,2020-08-24 08:00:00,16,10.6098,0.388588,1.32193842105263,8.96808125,8.96808125
2020-08-24,FRONTIER_R0.500,2020-08-24 08:30:00,17,7.82226,1.249174,-2.3303825375,8.96808125,8.96808125
2020-08-24,FRONTIER_R0.500,2020-08-24 09:00:00,18,10.41748,1.460131,-0.00268423162429587,8.96808125,8.96808125
2020-08-24,FRONTIER_R0.500,2020-08-24 09:30:00,19,8.14186,2.009022,-2.7811831875,8.96808125,8.96808125
2020-08-24,FRONTIER_R0.500,2020-08-24 10:00:00,20,5.45138,3.660673,-6.99068710242765,8.96808125,8.96808125
2020-08-24,FRONTIER_R0.500,2020-08-24 10:30:00,21,6.84392,5.845578,-3.689514,4.7297027,8.96808125
2020-08-24,FRONTIER_R0.500,2020-08-24 11:00:00,22,9.1955,4.427418,-2.39854763157895,7.19457385,8.96808125
2020-08-24,FRONTIER_R0.500,2020-08-24 11:30:00,23,14.25528,3.627746,1.84241292631579,8.96808125,8.96808125
2020-08-24,FRONTIER_R0.500,2020-08-24 12:00:00,24,10.01139,4.309922,-1.560603,7.32290653,8.96808125
2020-08-24,FRONTIER_R0.500,2020-08-24 12:30:00,25,10.05596,5.069561,-1.96896402460832,7.02897936288574,8.96808125
2020-08-24,FRONTIER_R0.500,2020-08-24 13:00:00,26,9.40188,4.902171,-2.079072,6.61093354,8.96808125
2020-08-24,FRONTIER_R0.500,2020-08-24 13:30:00,27,10.58522,6.809847,-3.709265,7.51784642,8.96808125
2020-08-24,FRONTIER_R0.500,2020-08-24 14:00:00,28,10.44682,6.453787,-2.943878,6.98438906,8.96808125
2020-08-24,FRONTIER_R0.500,2020-08-24 14:30:00,29,14.32608,4.7234,0.815124389473678,8.96808125,8.96808125
2020-08-24,FRONTIER_R0.500,2020-08-24 15:00:00,30,8.92004,4.525458,-1.491121,5.91531923,8.96808125
2020-08-24,FRONTIER_R0.500,2020-08-24 15:30:00,31,7.60056,3.510117,-1.388739,5.49589135,8.96808125
2020-08-24,FRONTIER_R0.500,2020-08-24 16:00:00,32,10.59344,3.117691,-1.13805,8.62632263,8.96808125
2020-08-24,FRONTIER_R0.500,2020-08-24 16:30:00,33,12.01244,2.07157,1.05648575789474,8.96808125,8.96808125
2020-08-24,FRONTIER_R0.500,2020-08-24 17:00:00,34,9.71752,1.523382,-0.0756177368421053,8.28399904,8.96808125
2020-08-24,FRONTIER_R0.500,2020-08-24 17:30:00,35,10.7835,1.246723,0.60862582105263,8.96808125,8.96808125
2020-08-24,FRONTIER_R0.500,2020-08-24 18:00:00,36,18.87078,1.0011955,9.37416598947368,8.96808125,8.96808125
2020-08-24,FRONTIER_R0.500,2020-08-24 18:30:00,37,18.22888,0.725876,8.98561707368421,8.96808125,8.96808125
2020-08-24,FRONTIER_R0.500,2020-08-24 19:00:00,38,12.09404,0.84094,2.41580747368421,8.96808125,8.96808125
2020-08-24,FRONTIER_R0.500,2020-08-24 19:30:00,39,16.00942,0.335198,7.06065489473684,8.96808125,8.96808125
2020-08-24,FRONTIER_R0.500,2020-08-24 20:00:00,40,13.29302,0.088711,4.45918710526316,8.96808125,8.96808125
2020-08-24,FRONTIER_R0.500,2020-08-24 20:30:00,41,12.19997,0.013357,3.38792815789474,8.96808125,8.96808125
2020-08-24,FRONTIER_R0.500,2020-08-24 21:00:00,42,15.5166,0.011191,6.88139763157895,8.96808125,8.96808125
2020-08-24,FRONTIER_R0.500,2020-08-24 21:30:00,43,14.87162,0.00893,6.20485131578947,8.96808125,8.96808125
2020-08-24,FRONTIER_R0.500,2020-08-24 22:00:00,44,16.79454,0.003154,8.23505763157895,8.96808125,8.96808125
2020-08-24,FRONTIER_R0.500,2020-08-24 22:30:00,45,12.835,0.009633,4.06030078947368,8.96808125,8.96808125
2020-08-24,FRONTIER_R0.500,2020-08-24 23:00:00,46,9.01564,0.006023,0.0439639514234868,8.96808125,8.96808125
2020-08-24,FRONTIER_R0.500,2020-08-24 23:30:00,47,10.04552,0.003629,1.13032605263158,8.96808125,8.96808125
2020-08-24,FRONTIER_R0.500,2020-08-25 00:00:00,48,11.0438,0.004237,2.18050710526316,8.96808125,8.96808125
2020-08-24,TARIFF_L0.020,2020-08-24 00:30:00,1,6.75743,0.004807,-11.9644571628143,19.3465354345413,NaN
2020-08-24,TARIFF_L0.020,2020-08-24 01:00:00,2,6.37418,0.004427,-12.3281646628143,19.3465354345413,NaN
2020-08-24,TARIFF_L0.020,2020-08-24 01:30:00,3,4.10152,0.003553,-14.4863176628143,19.3465354345413,NaN
2020-08-24,TARIFF_L0.020,2020-08-24 02:00:00,4,4.11671,0.003135,-14.4714691628143,19.3465354345413,NaN
2020-08-24,TARIFF_L0.020,2020-08-24 02:30:00,5,4.44797,0.004693,-14.1583301628143,19.3465354345413,NaN
2020-08-24,TARIFF_L0.020,2020-08-24 03:00:00,6,4.4792,0.004351,-14.1283196628143,19.3465354345413,NaN
2020-08-24,TARIFF_L0.020,2020-08-24 03:30:00,7,4.24431,0.003154,-14.3502681628143,19.3465354345413,NaN
2020-08-24,TARIFF_L0.020,2020-08-24 04:00:00,8,3.74379,0.003192,-14.8258001628143,19.3465354345413,NaN
2020-08-24,TARIFF_L0.020,2020-08-24 04:30:00,9,4.02711,0.003629,-14.5570831628142,19.3465354345413,NaN
2020-08-24,TARIFF_L0.020,2020-08-24 05:00:00,10,5.83211,0.006441,-12.8451451628143,19.3465354345413,NaN
2020-08-24,TARIFF_L0.020,2020-08-24 05:30:00,11,7.76492,0.003591,-11.0061256628143,19.3465354345413,NaN
2020-08-24,TARIFF_L0.020,2020-08-24 06:00:00,12,10.10506,0.001064,-8.78046566281427,19.3465354345413,NaN
2020-08-24,TARIFF_L0.020,2020-08-24 06:30:00,13,10.5033,0,-8.40107366281427,19.3465354345413,NaN
2020-08-24,TARIFF_L0.020,2020-08-24 07:00:00,14,10.14938,0,-8.73729766281427,19.3465354345413,NaN
2020-08-24,TARIFF_L0.020,2020-08-24 07:30:00,15,10.0849,0.07619,-8.87474366281425,19.3465354345413,NaN
2020-08-24,TARIFF_L0.020,2020-08-24 08:00:00,16,10.6098,0.388588,-8.68848666281427,19.3465354345413,NaN
2020-08-24,TARIFF_L0.020,2020-08-24 08:30:00,17,7.82226,1.249174,-12.1972356628143,19.3465354345413,NaN
2020-08-24,TARIFF_L0.020,2020-08-24 09:00:00,18,10.41748,1.460131,-9.94273366281426,19.3465354345413,NaN
2020-08-24,TARIFF_L0.020,2020-08-24 09:30:00,19,8.14186,2.009022,-12.6534636628143,19.3465354345413,NaN
2020-08-24,TARIFF_L0.020,2020-08-24 10:00:00,20,5.45138,3.660673,-16.8610706628142,19.3465354345413,NaN
2020-08-24,TARIFF_L0.020,2020-08-24 10:30:00,21,6.84392,5.845578,1.35809193738323,-1.22124532708767e-15,NaN
2020-08-24,TARIFF_L0.020,2020-08-24 11:00:00,22,9.1955,4.427418,5.30379701188455,-4.44089209850063e-16,NaN
2020-08-24,TARIFF_L0.020,2020-08-24 11:30:00,23,14.25528,3.627746,11.5706506168647,-2.77555756156289e-17,NaN
2020-08-24,TARIFF_L0.020,2020-08-24 12:00:00,24,10.01139,4.309922,6.30855013016412,-8.88178419700125e-16,NaN
2020-08-24,TARIFF_L0.020,2020-08-24 12:30:00,25,10.05596,5.069561,5.63699268715337,5.55111512312578e-16,NaN
2020-08-24,TARIFF_L0.020,2020-08-24 13:00:00,26,9.40188,4.902171,5.0827121335597,7.7715611723761e-16,NaN
2020-08-24,TARIFF_L0.020,2020-08-24 13:30:00,27,10.58522,6.809847,4.28612234295416,-3.33066907387547e-16,NaN
2020-08-24,TARIFF_L0.020,2020-08-24 14:00:00,28,10.44682,6.453787,4.47661809847199,0,NaN
2020-08-24,TARIFF_L0.020,2020-08-24 14:30:00,29,14.32608,4.7234,10.4800558121109,-8.88178419700125e-16,NaN
2020-08-24,TARIFF_L0.020,2020-08-24 15:00:00,30,8.92004,4.525458,4.76803877758913,3.33066907387547e-16,NaN
2020-08-24,TARIFF_L0.020,2020-08-24 15:30:00,31,7.60056,3.510117,4.44367582342954,-2.77555756156289e-17,NaN
2020-08-24,TARIFF_L0.020,2020-08-24 16:00:00,32,10.59344,3.117691,7.96624855789474,1.11022302462516e-16,NaN
2020-08-24,TARIFF_L0.020,2020-08-24 16:30:00,33,12.01244,2.07157,10.5232185263158,8.60422844084496e-16,NaN
2020-08-24,TARIFF_L0.020,2020-08-24 17:00:00,34,9.71752,1.523382,8.72001536774194,-1.38777878078145e-17,NaN
2020-08-24,TARIFF_L0.020,2020-08-24 17:30:00,35,10.7835,1.246723,10.2074954272779,0,NaN
2020-08-24,TARIFF_L0.020,2020-08-24 18:00:00,36,18.87078,1.0011955,19.0529556848896,-3.33066907387547e-16,NaN
2020-08-24,TARIFF_L0.020,2020-08-24 18:30:00,37,18.22888,0.725876,18.6417548421053,-5.55111512312578e-16,NaN
2020-08-24,TARIFF_L0.020,2020-08-24 19:00:00,38,12.09404,0.84094,11.9207624221845,0,NaN
2020-08-24,TARIFF_L0.020,2020-08-24 19:30:00,39,16.00942,0.335198,16.6152195415959,-2.08166817117217e-16,NaN
2020-08-24,TARIFF_L0.020,2020-08-24 20:00:00,40,13.29302,0.088711,14.0078007583475,0,NaN
2020-08-24,TARIFF_L0.020,2020-08-24 20:30:00,41,12.19997,0.013357,13.0344998189021,1.11022302462516e-16,NaN
2020-08-24,TARIFF_L0.020,2020-08-24 21:00:00,42,15.5166,0.011191,16.3920583701188,0,NaN
2020-08-24,TARIFF_L0.020,2020-08-24 21:30:00,43,14.87162,0.00893,15.7225302773062,5.55111512312578e-17,NaN
2020-08-24,TARIFF_L0.020,2020-08-24 22:00:00,44,16.79454,0.003154,17.7381867900396,-1.20736753927986e-15,NaN
2020-08-24,TARIFF_L0.020,2020-08-24 22:30:00,45,12.835,0.009633,5.25895116927706e-16,12.825367,NaN
2020-08-24,TARIFF_L0.020,2020-08-24 23:00:00,46,9.01564,0.006023,1.23259516440783e-32,9.009617,NaN
2020-08-24,TARIFF_L0.020,2020-08-24 23:30:00,47,10.04552,0.003629,2.04514767694108e-16,10.041891,NaN
2020-08-24,TARIFF_L0.020,2020-08-25 00:00:00,48,11.0438,0.004237,4.67462326157961e-16,11.039563,NaN
2020-08-24,TARIFF_L0.050,2020-08-24 00:30:00,1,6.75743,0.004807,-11.9644571565809,19.3465354279799,NaN
2020-08-24,TARIFF_L0.050,2020-08-24 01:00:00,2,6.37418,0.004427,-12.3281646565808,19.3465354279798,NaN
2020-08-24,TARIFF_L0.050,2020-08-24 01:30:00,3,4.10152,0.003553,-14.4863176565809,19.3465354279799,NaN
2020-08-24,TARIFF_L0.050,2020-08-24 02:00:00,4,4.11671,0.003135,-14.4714691565809,19.3465354279799,NaN
2020-08-24,TARIFF_L0.050,2020-08-24 02:30:00,5,4.44797,0.004693,-14.1583301565809,19.3465354279799,NaN
2020-08-24,TARIFF_L0.050,2020-08-24 03:00:00,6,4.4792,0.004351,-14.128319656581,19.34653542798,NaN
2020-08-24,TARIFF_L0.050,2020-08-24 03:30:00,7,4.24431,0.003154,-14.3502681565809,19.3465354279799,NaN
2020-08-24,TARIFF_L0.050,2020-08-24 04:00:00,8,3.74379,0.003192,-14.8258001565809,19.3465354279799,NaN
2020-08-24,TARIFF_L0.050,2020-08-24 04:30:00,9,4.02711,0.003629,-14.5570831565809,19.3465354279799,NaN
2020-08-24,TARIFF_L0.050,2020-08-24 05:00:00,10,5.83211,0.006441,-12.8451451565809,19.3465354279799,NaN
2020-08-24,TARIFF_L0.050,2020-08-24 05:30:00,11,7.76492,0.003591,-11.0061256565809,19.3465354279799,NaN
2020-08-24,TARIFF_L0.050,2020-08-24 06:00:00,12,10.10506,0.001064,-8.78046565658087,19.3465354279799,NaN
2020-08-24,TARIFF_L0.050,2020-08-24 06:30:00,13,10.5033,0,-8.40107365658087,19.3465354279799,NaN
2020-08-24,TARIFF_L0.050,2020-08-24 07:00:00,14,10.14938,0,-8.73729765658087,19.3465354279799,NaN
2020-08-24,TARIFF_L0.050,2020-08-24 07:30:00,15,10.0849,0.07619,-8.87474365658075,19.3465354279797,NaN
2020-08-24,TARIFF_L0.050,2020-08-24 08:00:00,16,10.6098,0.388588,-8.68848665658087,19.3465354279799,NaN
2020-08-24,TARIFF_L0.050,2020-08-24 08:30:00,17,7.82226,1.249174,-12.1972356565809,19.3465354279799,NaN
2020-08-24,TARIFF_L0.050,2020-08-24 09:00:00,18,10.41748,1.460131,-9.94273365658087,19.3465354279799,NaN
2020-08-24,TARIFF_L0.050,2020-08-24 09:30:00,19,8.14186,2.009022,-12.6534636565809,19.3465354279799,NaN
2020-08-24,TARIFF_L0.050,2020-08-24 10:00:00,20,5.45138,3.660673,-16.8610706565808,19.3465354279798,NaN
2020-08-24,TARIFF_L0.050,2020-08-24 10:30:00,21,6.84392,5.845578,1.35809181271544,1.81495443674073e-16,NaN
2020-08-24,TARIFF_L0.050,2020-08-24 11:00:00,22,9.1955,4.427418,5.225754,0,NaN
2020-08-24,TARIFF_L0.050,2020-08-24 11:30:00,23,14.25528,3.627746,11.5127506734578,-3.13638004456607e-15,NaN
2020-08-24,TARIFF_L0.050,2020-08-24 12:00:00,24,10.01139,4.309922,6.22061396717601,0,NaN
2020-08-24,TARIFF_L0.050,2020-08-24 12:30:00,25,10.05596,5.069561,5.51362249009621,2.77555756156289e-16,NaN
2020-08-24,TARIFF_L0.050,2020-08-24 13:00:00,26,9.40188,4.902171,5.01568168647425,-3.2612801348364e-16,NaN
2020-08-24,TARIFF_L0.050,2020-08-24 13:30:00,27,10.58522,6.809847,4.28612234295416,-3.33066907387547e-16,NaN
2020-08-24,TARIFF_L0.050,2020-08-24 14:00:00,28,10.44682,6.453787,4.47661809847199,0,NaN
2020-08-24,TARIFF_L0.050,2020-08-24 14:30:00,29,14.32608,4.7234,10.4800558121109,0,NaN
2020-08-24,TARIFF_L0.050,2020-08-24 15:00:00,30,8.92004,4.525458,4.80138524052066,7.7715611723761e-16,NaN
2020-08-24,TARIFF_L0.050,2020-08-24 15:30:00,31,7.60056,3.510117,4.44367582342954,-1.66533453693773e-16,NaN
2020-08-24,TARIFF_L0.050,2020-08-24 16:00:00,32,10.59344,3.117691,8.13267093378608,-6.93889390390723e-16,NaN
2020-08-24,TARIFF_L0.050,2020-08-24 16:30:00,33,12.01244,2.07157,10.7125225806452,-7.7715611723761e-16,NaN
2020-08-24,TARIFF_L0.050,2020-08-24 17:00:00,34,9.71752,1.523382,8.82136880588568,-2.06779038336435e-15,NaN
2020-08-24,TARIFF_L0.050,2020-08-24 17:30:00,35,10.7835,1.246723,10.0694128013582,-5.27355936696949e-16,NaN
2020-08-24,TARIFF_L0.050,2020-08-24 18:00:00,36,18.87078,1.0011955,19.0847377306168,2.35367281220533e-14,NaN
2020-08-24,TARIFF_L0.050,2020-08-24 18:30:00,37,18.22888,0.725876,18.6000279807583,-3.33066907387547e-16,NaN
2020-08-24,TARIFF_L0.050,2020-08-24 19:00:00,38,12.09404,0.84094,11.9207624221845,-4.85722573273506e-17,NaN
2020-08-24,TARIFF_L0.050,2020-08-24 19:30:00,39,16.00942,0.335198,16.6095347255235,3.99680288865056e-15,NaN
2020-08-24,TARIFF_L0.050,2020-08-24 20:00:00,40,13.29302,0.088711,14.0134855744199,-2.22044604925031e-16,NaN
2020-08-24,TARIFF_L0.050,2020-08-24 20:30:00,41,12.19997,0.013357,13.0344998189021,1.11022302462516e-16,NaN
2020-08-24,TARIFF_L0.050,2020-08-24 21:00:00,42,15.5166,0.011191,16.3920583701188,0,NaN
2020-08-24,TARIFF_L0.050,2020-08-24 21:30:00,43,14.87162,0.00893,15.7225302773062,-2.77555756156289e-16,NaN
2020-08-24,TARIFF_L0.050,2020-08-24 22:00:00,44,16.79454,0.003154,17.8100676627052,-3.33066907387547e-16,NaN
2020-08-24,TARIFF_L0.050,2020-08-24 22:30:00,45,12.835,0.009633,2.3373116307898e-16,12.825367,NaN
2020-08-24,TARIFF_L0.050,2020-08-24 23:00:00,46,9.01564,0.006023,-1.02257383847054e-16,9.009617,NaN
2020-08-24,TARIFF_L0.050,2020-08-24 23:30:00,47,10.04552,0.003629,2.92163953848725e-16,10.041891,NaN
2020-08-24,TARIFF_L0.050,2020-08-25 00:00:00,48,11.0438,0.004237,-5.84327907697451e-17,11.039563,NaN
2020-08-24,TARIFF_L0.100,2020-08-24 00:30:00,1,6.75743,0.004807,-11.9644571470147,19.3465354179103,NaN
2020-08-24,TARIFF_L0.100,2020-08-24 01:00:00,2,6.37418,0.004427,-12.3281646470147,19.3465354179103,NaN
2020-08-24,TARIFF_L0.100,2020-08-24 01:30:00,3,4.10152,0.003553,-14.4863176470147,19.3465354179103,NaN
2020-08-24,TARIFF_L0.100,2020-08-24 02:00:00,4,4.11671,0.003135,-14.4714691470147,19.3465354179103,NaN
2020-08-24,TARIFF_L0.100,2020-08-24 02:30:00,5,4.44797,0.004693,-14.1583301470147,19.3465354179103,NaN
2020-08-24,TARIFF_L0.100,2020-08-24 03:00:00,6,4.4792,0.004351,-14.1283196470148,19.3465354179103,NaN
2020-08-24,TARIFF_L0.100,2020-08-24 03:30:00,7,4.24431,0.003154,-14.3502681470147,19.3465354179103,NaN
2020-08-24,TARIFF_L0.100,2020-08-24 04:00:00,8,3.74379,0.003192,-14.8258001470147,19.3465354179102,NaN
2020-08-24,TARIFF_L0.100,2020-08-24 04:30:00,9,4.02711,0.003629,-14.5570831470147,19.3465354179103,NaN
2020-08-24,TARIFF_L0.100,2020-08-24 05:00:00,10,5.83211,0.006441,-12.8451451470147,19.3465354179102,NaN
2020-08-24,TARIFF_L0.100,2020-08-24 05:30:00,11,7.76492,0.003591,-11.0061256470147,19.3465354179103,NaN
2020-08-24,TARIFF_L0.100,2020-08-24 06:00:00,12,10.10506,0.001064,-8.78046564701475,19.3465354179103,NaN
2020-08-24,TARIFF_L0.100,2020-08-24 06:30:00,13,10.5033,0,-8.40107364701474,19.3465354179103,NaN
2020-08-24,TARIFF_L0.100,2020-08-24 07:00:00,14,10.14938,0,-8.73729764701474,19.3465354179103,NaN
2020-08-24,TARIFF_L0.100,2020-08-24 07:30:00,15,10.0849,0.07619,-8.87474364701467,19.3465354179102,NaN
2020-08-24,TARIFF_L0.100,2020-08-24 08:00:00,16,10.6098,0.388588,-8.68848664701474,19.3465354179103,NaN
2020-08-24,TARIFF_L0.100,2020-08-24 08:30:00,17,7.82226,1.249174,-12.1972356470147,19.3465354179103,NaN
2020-08-24,TARIFF_L0.100,2020-08-24 09:00:00,18,10.41748,1.460131,-9.94273364701474,19.3465354179103,NaN
2020-08-24,TARIFF_L0.100,2020-08-24 09:30:00,19,8.14186,2.009022,-12.6534636470147,19.3465354179103,NaN
2020-08-24,TARIFF_L0.100,2020-08-24 10:00:00,20,5.45138,3.660673,-16.8610706470146,19.3465354179101,NaN
2020-08-24,TARIFF_L0.100,2020-08-24 10:30:00,21,6.84392,5.845578,1.3580916213927,-8.92732068824564e-16,NaN
2020-08-24,TARIFF_L0.100,2020-08-24 11:00:00,22,9.1955,4.427418,5.35862915676288,-2.22044604925031e-16,NaN
2020-08-24,TARIFF_L0.100,2020-08-24 11:30:00,23,14.25528,3.627746,11.3515327900396,-8.04911692853238e-16,NaN
2020-08-24,TARIFF_L0.100,2020-08-24 12:00:00,24,10.01139,4.309922,6.30855013016412,-4.44089209850063e-16,NaN
2020-08-24,TARIFF_L0.100,2020-08-24 12:30:00,25,10.05596,5.069561,5.51362249009621,3.88578058618805e-16,NaN
2020-08-24,TARIFF_L0.100,2020-08-24 13:00:00,26,9.40188,4.902171,5.01152367855122,2.77555756156289e-16,NaN
2020-08-24,TARIFF_L0.100,2020-08-24 13:30:00,27,10.58522,6.809847,4.28612234295416,-5.55111512312578e-16,NaN
2020-08-24,TARIFF_L0.100,2020-08-24 14:00:00,28,10.44682,6.453787,4.47661809847199,0,NaN
2020-08-24,TARIFF_L0.100,2020-08-24 14:30:00,29,14.32608,4.7234,10.3495111601585,1.99840144432528e-15,NaN
2020-08-24,TARIFF_L0.100,2020-08-24 15:00:00,30,8.92004,4.525458,4.80138524052066,3.33066907387547e-16,NaN
2020-08-24,TARIFF_L0.100,2020-08-24 15:30:00,31,7.60056,3.510117,4.48324186757216,-2.22044604925031e-16,NaN
2020-08-24,TARIFF_L0.100,2020-08-24 16:00:00,32,10.59344,3.117691,8.13267093378608,0,NaN
2020-08-24,TARIFF_L0.100,2020-08-24 16:30:00,33,12.01244,2.07157,10.7551152235427,-1.80411241501588e-16,NaN
2020-08-24,TARIFF_L0.100,2020-08-24 17:00:00,34,9.71752,1.523382,8.72461113752122,3.33066907387547e-15,NaN
2020-08-24,TARIFF_L0.100,2020-08-24 17:30:00,35,10.7835,1.246723,10.1545774872666,1.38777878078145e-16,NaN
2020-08-24,TARIFF_L0.100,2020-08-24 18:00:00,36,18.87078,1.0011955,19.0806732144879,-2.04281036531029e-14,NaN
2020-08-24,TARIFF_L0.100,2020-08-24 18:30:00,37,18.22888,0.725876,18.7858615959253,-5.55111512312578e-16,NaN
2020-08-24,TARIFF_L0.100,2020-08-24 19:00:00,38,12.09404,0.84094,11.8768482173175,4.71844785465692e-15,NaN
2020-08-24,TARIFF_L0.100,2020-08-24 19:30:00,39,16.00942,0.335198,16.6649579286927,3.24185123190546e-14,NaN
2020-08-24,TARIFF_L0.100,2020-08-24 20:00:00,40,13.29302,0.088711,13.9425791794001,0,NaN
2020-08-24,TARIFF_L0.100,2020-08-24 20:30:00,41,12.19997,0.013357,12.9470596378042,2.22044604925031e-16,NaN
2020-08-24,TARIFF_L0.100,2020-08-24 21:00:00,42,15.5166,0.011191,16.3920583701188,0,NaN
2020-08-24,TARIFF_L0.100,2020-08-24 21:30:00,43,14.87162,0.00893,15.7225302773062,-1.70419234279962e-14,NaN
2020-08-24,TARIFF_L0.100,2020-08-24 22:00:00,44,16.79454,0.003154,17.7796796604414,-1.11022302462516e-16,NaN
2020-08-24,TARIFF_L0.100,2020-08-24 22:30:00,45,12.835,0.009633,1.75298372309235e-16,12.825367,NaN
2020-08-24,TARIFF_L0.100,2020-08-24 23:00:00,46,9.01564,0.006023,1.46081976924363e-17,9.009617,NaN
2020-08-24,TARIFF_L0.100,2020-08-24 23:30:00,47,10.04552,0.003629,-1.1686558153949e-16,10.041891,NaN
2020-08-24,TARIFF_L0.100,2020-08-25 00:00:00,48,11.0438,0.004237,7.59626280006686e-16,11.039563,NaN
2020-08-24,TARIFF_L0.200,2020-08-24 00:30:00,1,6.75743,0.004807,-11.9644571304679,19.3465354004925,NaN
2020-08-24,TARIFF_L0.200,2020-08-24 01:00:00,2,6.37418,0.004427,-12.3281646304679,19.3465354004925,NaN
2020-08-24,TARIFF_L0.200,2020-08-24 01:30:00,3,4.10152,0.003553,-14.4863176304679,19.3465354004925,NaN
2020-08-24,TARIFF_L0.200,2020-08-24 02:00:00,4,4.11671,0.003135,-14.4714691304679,19.3465354004925,NaN
2020-08-24,TARIFF_L0.200,2020-08-24 02:30:00,5,4.44797,0.004693,-14.1583301304679,19.3465354004925,NaN
2020-08-24,TARIFF_L0.200,2020-08-24 03:00:00,6,4.4792,0.004351,-14.1283196304679,19.3465354004925,NaN
2020-08-24,TARIFF_L0.200,2020-08-24 03:30:00,7,4.24431,0.003154,-14.3502681304679,19.3465354004925,NaN
2020-08-24,TARIFF_L0.200,2020-08-24 04:00:00,8,3.74379,0.003192,-14.8258001304679,19.3465354004925,NaN
2020-08-24,TARIFF_L0.200,2020-08-24 04:30:00,9,4.02711,0.003629,-14.5570831304679,19.3465354004925,NaN
2020-08-24,TARIFF_L0.200,2020-08-24 05:00:00,10,5.83211,0.006441,-12.8451451304679,19.3465354004925,NaN
2020-08-24,TARIFF_L0.200,2020-08-24 05:30:00,11,7.76492,0.003591,-11.0061256304679,19.3465354004925,NaN
2020-08-24,TARIFF_L0.200,2020-08-24 06:00:00,12,10.10506,0.001064,-8.7804656304679,19.3465354004925,NaN
2020-08-24,TARIFF_L0.200,2020-08-24 06:30:00,13,10.5033,0,-8.4010736304679,19.3465354004925,NaN
2020-08-24,TARIFF_L0.200,2020-08-24 07:00:00,14,10.14938,0,-8.7372976304679,19.3465354004925,NaN
2020-08-24,TARIFF_L0.200,2020-08-24 07:30:00,15,10.0849,0.07619,-8.8747436304679,19.3465354004925,NaN
2020-08-24,TARIFF_L0.200,2020-08-24 08:00:00,16,10.6098,0.388588,-8.6884866304679,19.3465354004925,NaN
2020-08-24,TARIFF_L0.200,2020-08-24 08:30:00,17,7.82226,1.249174,-12.1972356304679,19.3465354004925,NaN
2020-08-24,TARIFF_L0.200,2020-08-24 09:00:00,18,10.41748,1.460131,-9.9427336304679,19.3465354004925,NaN
2020-08-24,TARIFF_L0.200,2020-08-24 09:30:00,19,8.14186,2.009022,-12.6534636304679,19.3465354004925,NaN
2020-08-24,TARIFF_L0.200,2020-08-24 10:00:00,20,5.45138,3.660673,-16.8610706304679,19.3465354004925,NaN
2020-08-24,TARIFF_L0.200,2020-08-24 10:30:00,21,6.84392,5.845578,1.35809129045598,-5.13911829758129e-17,NaN
2020-08-24,TARIFF_L0.200,2020-08-24 11:00:00,22,9.1955,4.427418,5.30379701188456,-3.44169137633799e-15,NaN
2020-08-24,TARIFF_L0.200,2020-08-24 11:30:00,23,14.25528,3.627746,11.3222635200905,2.77555756156289e-17,NaN
2020-08-24,TARIFF_L0.200,2020-08-24 12:00:00,24,10.01139,4.309922,6.22061396717601,-3.5527136788005e-15,NaN
2020-08-24,TARIFF_L0.200,2020-08-24 12:30:00,25,10.05596,5.069561,5.69140585172609,4.44089209850063e-16,NaN
2020-08-24,TARIFF_L0.200,2020-08-24 13:00:00,26,9.40188,4.902171,5.04487014148274,-1.94289029309402e-15,NaN
2020-08-24,TARIFF_L0.200,2020-08-24 13:30:00,27,10.58522,6.809847,4.28612234295417,-5.6621374255883e-15,NaN
2020-08-24,TARIFF_L0.200,2020-08-24 14:00:00,28,10.44682,6.453787,4.47661809847199,-1.1518563880486e-15,NaN
2020-08-24,TARIFF_L0.200,2020-08-24 14:30:00,29,14.32608,4.7234,10.2963666213922,5.55111512312578e-17,NaN
2020-08-24,TARIFF_L0.200,2020-08-24 15:00:00,30,8.92004,4.525458,4.80138524052066,1.11022302462516e-16,NaN
2020-08-24,TARIFF_L0.200,2020-08-24 15:30:00,31,7.60056,3.510117,4.44367582342954,2.77555756156289e-17,NaN
2020-08-24,TARIFF_L0.200,2020-08-24 16:00:00,32,10.59344,3.117691,7.96624855789473,2.13717932240343e-15,NaN
2020-08-24,TARIFF_L0.200,2020-08-24 16:30:00,33,12.01244,2.07157,10.5879027730617,-5.55111512312578e-17,NaN
2020-08-24,TARIFF_L0.200,2020-08-24 17:00:00,34,9.71752,1.523382,8.79209953593662,9.71445146547012e-17,NaN
2020-08-24,TARIFF_L0.200,2020-08-24 17:30:00,35,10.7835,1.246723,10.1767952574986,1.11022302462516e-16,NaN
2020-08-24,TARIFF_L0.200,2020-08-24 18:00:00,36,18.87078,1.0011955,18.9734539728353,-2.22044604925031e-16,NaN
2020-08-24,TARIFF_L0.200,2020-08-24 18:30:00,37,18.22888,0.725876,18.6011138879457,-1.11022302462516e-16,NaN
2020-08-24,TARIFF_L0.200,2020-08-24 19:00:00,38,12.09404,0.84094,11.9647843803056,2.22044604925031e-16,NaN
2020-08-24,TARIFF_L0.200,2020-08-24 19:30:00,39,16.00942,0.335198,16.6943792123373,-6.0507154842071e-15,NaN
2020-08-24,TARIFF_L0.200,2020-08-24 20:00:00,40,13.29302,0.088711,14.0078007583475,-1.66533453693773e-16,NaN
2020-08-24,TARIFF_L0.200,2020-08-24 20:30:00,41,12.19997,0.013357,13.0344998189021,-2.22044604925031e-16,NaN
2020-08-24,TARIFF_L0.200,2020-08-24 21:00:00,42,15.5166,0.011191,16.4749396378042,-1.11022302462516e-16,NaN
2020-08-24,TARIFF_L0.200,2020-08-24 21:30:00,43,14.87162,0.00893,15.8189726089417,-2.77555756156289e-16,NaN
2020-08-24,TARIFF_L0.200,2020-08-24 22:00:00,44,16.79454,0.003154,17.9198507979626,-1.66533453693773e-16,NaN
2020-08-24,TARIFF_L0.200,2020-08-24 22:30:00,45,12.835,0.009633,0,12.825367,NaN
2020-08-24,TARIFF_L0.200,2020-08-24 23:00:00,46,9.01564,0.006023,-1.75298372309235e-16,9.009617,NaN
2020-08-24,TARIFF_L0.200,2020-08-24 23:30:00,47,10.04552,0.003629,-1.1686558153949e-16,10.041891,NaN
2020-08-24,TARIFF_L0.200,2020-08-25 00:00:00,48,11.0438,0.004237,0,11.039563,NaN
2020-08-24,TARIFF_L0.300,2020-08-24 00:30:00,1,6.75743,0.004807,-11.9644571166561,19.3465353859538,NaN
2020-08-24,TARIFF_L0.300,2020-08-24 01:00:00,2,6.37418,0.004427,-12.3281646166561,19.3465353859538,NaN
2020-08-24,TARIFF_L0.300,2020-08-24 01:30:00,3,4.10152,0.003553,-14.4863176166561,19.3465353859538,NaN
2020-08-24,TARIFF_L0.300,2020-08-24 02:00:00,4,4.11671,0.003135,-14.4714691166561,19.3465353859538,NaN
2020-08-24,TARIFF_L0.300,2020-08-24 02:30:00,5,4.44797,0.004693,-14.1583301166561,19.3465353859538,NaN
2020-08-24,TARIFF_L0.300,2020-08-24 03:00:00,6,4.4792,0.004351,-14.1283196166561,19.3465353859538,NaN
2020-08-24,TARIFF_L0.300,2020-08-24 03:30:00,7,4.24431,0.003154,-14.3502681166561,19.3465353859538,NaN
2020-08-24,TARIFF_L0.300,2020-08-24 04:00:00,8,3.74379,0.003192,-14.8258001166561,19.3465353859538,NaN
2020-08-24,TARIFF_L0.300,2020-08-24 04:30:00,9,4.02711,0.003629,-14.5570831166561,19.3465353859538,NaN
2020-08-24,TARIFF_L0.300,2020-08-24 05:00:00,10,5.83211,0.006441,-12.8451451166561,19.3465353859538,NaN
2020-08-24,TARIFF_L0.300,2020-08-24 05:30:00,11,7.76492,0.003591,-11.0061256166561,19.3465353859538,NaN
2020-08-24,TARIFF_L0.300,2020-08-24 06:00:00,12,10.10506,0.001064,-8.78046561665612,19.3465353859538,NaN
2020-08-24,TARIFF_L0.300,2020-08-24 06:30:00,13,10.5033,0,-8.40107361665611,19.3465353859538,NaN
2020-08-24,TARIFF_L0.300,2020-08-24 07:00:00,14,10.14938,0,-8.73729761665612,19.3465353859538,NaN
2020-08-24,TARIFF_L0.300,2020-08-24 07:30:00,15,10.0849,0.07619,-8.87474361665612,19.3465353859538,NaN
2020-08-24,TARIFF_L0.300,2020-08-24 08:00:00,16,10.6098,0.388588,-8.68848661665612,19.3465353859538,NaN
2020-08-24,TARIFF_L0.300,2020-08-24 08:30:00,17,7.82226,1.249174,-12.1972356166561,19.3465353859538,NaN
2020-08-24,TARIFF_L0.300,2020-08-24 09:00:00,18,10.41748,1.460131,-9.94273361665612,19.3465353859538,NaN
2020-08-24,TARIFF_L0.300,2020-08-24 09:30:00,19,8.14186,2.009022,-12.6534636166561,19.3465353859538,NaN
2020-08-24,TARIFF_L0.300,2020-08-24 10:00:00,20,5.45138,3.660673,-16.8610706166561,19.3465353859538,NaN
2020-08-24,TARIFF_L0.300,2020-08-24 10:30:00,21,6.84392,5.845578,1.35809101422036,-3.66243493865603e-16,NaN
2020-08-24,TARIFF_L0.300,2020-08-24 11:00:00,22,9.1955,4.427418,5.24778275042445,6.10622663543836e-16,NaN
2020-08-24,TARIFF_L0.300,2020-08-24 11:30:00,23,14.25528,3.627746,11.3222635200906,-3.05311331771918e-16,NaN
2020-08-24,TARIFF_L0.300,2020-08-24 12:00:00,24,10.01139,4.309922,6.30855013016412,2.77555756156289e-16,NaN
2020-08-24,TARIFF_L0.300,2020-08-24 12:30:00,25,10.05596,5.069561,5.51362249009621,2.77555756156289e-16,NaN
2020-08-24,TARIFF_L0.300,2020-08-24 13:00:00,26,9.40188,4.902171,5.04296227504244,2.77555756156289e-16,NaN
2020-08-24,TARIFF_L0.300,2020-08-24 13:30:00,27,10.58522,6.809847,4.2918071590266,-9.99200722162641e-16,NaN
2020-08-24,TARIFF_L0.300,2020-08-24 14:00:00,28,10.44682,6.453787,4.47661809847199,0,NaN
2020-08-24,TARIFF_L0.300,2020-08-24 14:30:00,29,14.32608,4.7234,10.4615706898698,-1.11022302462516e-15,NaN
2020-08-24,TARIFF_L0.300,2020-08-24 15:00:00,30,8.92004,4.525458,4.80138524052066,2.77555756156289e-16,NaN
2020-08-24,TARIFF_L0.300,2020-08-24 15:30:00,31,7.60056,3.510117,4.48324186757216,-3.33066907387547e-16,NaN
2020-08-24,TARIFF_L0.300,2020-08-24 16:00:00,32,10.59344,3.117691,7.96624855789474,0,NaN
2020-08-24,TARIFF_L0.300,2020-08-24 16:30:00,33,12.01244,2.07157,10.5044613263158,-5.55111512312578e-17,NaN
2020-08-24,TARIFF_L0.300,2020-08-24 17:00:00,34,9.71752,1.523382,8.95540434634977,-2.19824158875781e-14,NaN
2020-08-24,TARIFF_L0.300,2020-08-24 17:30:00,35,10.7835,1.246723,10.2269195359366,4.16333634234434e-16,NaN
2020-08-24,TARIFF_L0.300,2020-08-24 18:00:00,36,18.87078,1.0011955,18.9749498526316,2.22044604925031e-16,NaN
2020-08-24,TARIFF_L0.300,2020-08-24 18:30:00,37,18.22888,0.725876,18.6417548421053,3.33066907387547e-16,NaN
2020-08-24,TARIFF_L0.300,2020-08-24 19:00:00,38,12.09404,0.84094,11.9207624221845,0,NaN
2020-08-24,TARIFF_L0.300,2020-08-24 19:30:00,39,16.00942,0.335198,16.6649579286927,1.99840144432528e-15,NaN
2020-08-24,TARIFF_L0.300,2020-08-24 20:00:00,40,13.29302,0.088711,14.0078007583475,-1.11022302462516e-16,NaN
2020-08-24,TARIFF_L0.300,2020-08-24 20:30:00,41,12.19997,0.013357,13.0344998189021,-1.66533453693773e-15,NaN
2020-08-24,TARIFF_L0.300,2020-08-24 21:00:00,42,15.5166,0.011191,16.3920583701188,0,NaN
2020-08-24,TARIFF_L0.300,2020-08-24 21:30:00,43,14.87162,0.00893,15.8502701754386,-2.83106871279415e-15,NaN
2020-08-24,TARIFF_L0.300,2020-08-24 22:00:00,44,16.79454,0.003154,17.8100676627052,0,NaN
2020-08-24,TARIFF_L0.300,2020-08-24 22:30:00,45,12.835,0.009633,0,12.825367,NaN
2020-08-24,TARIFF_L0.300,2020-08-24 23:00:00,46,9.01564,0.006023,5.84327907697451e-17,9.009617,NaN
2020-08-24,TARIFF_L0.300,2020-08-24 23:30:00,47,10.04552,0.003629,8.76491861546176e-17,10.041891,NaN
2020-08-24,TARIFF_L0.300,2020-08-25 00:00:00,48,11.0438,0.004237,2.46519032881566e-32,11.039563,NaN
2020-08-24,TARIFF_L0.500,2020-08-24 00:30:00,1,6.75743,0.004807,-11.9644570949098,19.346535363063,NaN
2020-08-24,TARIFF_L0.500,2020-08-24 01:00:00,2,6.37418,0.004427,-12.3281645949099,19.346535363063,NaN
2020-08-24,TARIFF_L0.500,2020-08-24 01:30:00,3,4.10152,0.003553,-14.4863175949099,19.346535363063,NaN
2020-08-24,TARIFF_L0.500,2020-08-24 02:00:00,4,4.11671,0.003135,-14.4714690949098,19.346535363063,NaN
2020-08-24,TARIFF_L0.500,2020-08-24 02:30:00,5,4.44797,0.004693,-14.1583300949099,19.346535363063,NaN
2020-08-24,TARIFF_L0.500,2020-08-24 03:00:00,6,4.4792,0.004351,-14.1283195949099,19.346535363063,NaN
2020-08-24,TARIFF_L0.500,2020-08-24 03:30:00,7,4.24431,0.003154,-14.3502680949099,19.346535363063,NaN
2020-08-24,TARIFF_L0.500,2020-08-24 04:00:00,8,3.74379,0.003192,-14.8258000949098,19.346535363063,NaN
2020-08-24,TARIFF_L0.500,2020-08-24 04:30:00,9,4.02711,0.003629,-14.5570830949098,19.346535363063,NaN
2020-08-24,TARIFF_L0.500,2020-08-24 05:00:00,10,5.83211,0.006441,-12.8451450949099,19.346535363063,NaN
2020-08-24,TARIFF_L0.500,2020-08-24 05:30:00,11,7.76492,0.003591,-11.0061255949098,19.346535363063,NaN
2020-08-24,TARIFF_L0.500,2020-08-24 06:00:00,12,10.10506,0.001064,-8.78046559490985,19.346535363063,NaN
2020-08-24,TARIFF_L0.500,2020-08-24 06:30:00,13,10.5033,0,-8.40107359490985,19.346535363063,NaN
2020-08-24,TARIFF_L0.500,2020-08-24 07:00:00,14,10.14938,0,-8.73729759490986,19.346535363063,NaN
2020-08-24,TARIFF_L0.500,2020-08-24 07:30:00,15,10.0849,0.07619,-8.87474359490985,19.346535363063,NaN
2020-08-24,TARIFF_L0.500,2020-08-24 08:00:00,16,10.6098,0.388588,-8.68848659490985,19.346535363063,NaN
2020-08-24,TARIFF_L0.500,2020-08-24 08:30:00,17,7.82226,1.249174,-12.1972355949099,19.346535363063,NaN
2020-08-24,TARIFF_L0.500,2020-08-24 09:00:00,18,10.41748,1.460131,-9.94273359490986,19.346535363063,NaN
2020-08-24,TARIFF_L0.500,2020-08-24 09:30:00,19,8.14186,2.009022,-12.6534635949099,19.346535363063,NaN
2020-08-24,TARIFF_L0.500,2020-08-24 10:00:00,20,5.45138,3.660673,-16.8610705949099,19.346535363063,NaN
2020-08-24,TARIFF_L0.500,2020-08-24 10:30:00,21,6.84392,5.845578,1.35809057929499,-8.88178419700125e-16,NaN
2020-08-24,TARIFF_L0.500,2020-08-24 11:00:00,22,9.1955,4.427418,5.30379701188455,-4.44089209850063e-16,NaN
2020-08-24,TARIFF_L0.500,2020-08-24 11:30:00,23,14.25528,3.627746,11.3222635200905,2.77555756156289e-16,NaN
2020-08-24,TARIFF_L0.500,2020-08-24 12:00:00,24,10.01139,4.309922,6.20241634408602,-1.66533453693773e-16,NaN
2020-08-24,TARIFF_L0.500,2020-08-24 12:30:00,25,10.05596,5.069561,5.51424048670062,1.66533453693773e-16,NaN
2020-08-24,TARIFF_L0.500,2020-08-24 13:00:00,26,9.40188,4.902171,4.98735842671194,-8.88178419700125e-16,NaN
2020-08-24,TARIFF_L0.500,2020-08-24 13:30:00,27,10.58522,6.809847,4.28612234295416,-3.33066907387547e-16,NaN
2020-08-24,TARIFF_L0.500,2020-08-24 14:00:00,28,10.44682,6.453787,4.47661809847199,-4.71844785465692e-16,NaN
2020-08-24,TARIFF_L0.500,2020-08-24 14:30:00,29,14.32608,4.7234,10.3495111601585,0,NaN
2020-08-24,TARIFF_L0.500,2020-08-24 15:00:00,30,8.92004,4.525458,4.76693430673458,1.66506348639461e-16,NaN
2020-08-24,TARIFF_L0.500,2020-08-24 15:30:00,31,7.60056,3.510117,4.48324186757216,1.11022302462516e-16,NaN
2020-08-24,TARIFF_L0.500,2020-08-24 16:00:00,32,10.59344,3.117691,8.10525089983022,-3.33066907387547e-16,NaN
2020-08-24,TARIFF_L0.500,2020-08-24 16:30:00,33,12.01244,2.07157,10.6312861346916,-2.05391259555654e-15,NaN
2020-08-24,TARIFF_L0.500,2020-08-24 17:00:00,34,9.71752,1.523382,8.79209953593662,3.19189119579733e-16,NaN
2020-08-24,TARIFF_L0.500,2020-08-24 17:30:00,35,10.7835,1.246723,10.1767952574986,2.22044604925031e-16,NaN
2020-08-24,TARIFF_L0.500,2020-08-24 18:00:00,36,18.87078,1.0011955,19.0345468986984,6.66133814775094e-16,NaN
2020-08-24,TARIFF_L0.500,2020-08-24 18:30:00,37,18.22888,0.725876,18.6011138879457,0,NaN
2020-08-24,TARIFF_L0.500,2020-08-24 19:00:00,38,12.09404,0.84094,11.9207624221845,-4.85722573273506e-17,NaN
2020-08-24,TARIFF_L0.500,2020-08-24 19:30:00,39,16.00942,0.335198,16.6219548726655,-1.27675647831893e-15,NaN
2020-08-24,TARIFF_L0.500,2020-08-24 20:00:00,40,13.29302,0.088711,14.0111696321449,0,NaN
2020-08-24,TARIFF_L0.500,2020-08-24 20:30:00,41,12.19997,0.013357,12.9552536389361,0,NaN
2020-08-24,TARIFF_L0.500,2020-08-24 21:00:00,42,15.5166,0.011191,16.4749396378042,5.55111512312578e-16,NaN
2020-08-24,TARIFF_L0.500,2020-08-24 21:30:00,43,14.87162,0.00893,15.9789750990379,-4.44089209850063e-16,NaN
2020-08-24,TARIFF_L0.500,2020-08-24 22:00:00,44,16.79454,0.003154,17.903308336163,-7.105427357601e-15,NaN
2020-08-24,TARIFF_L0.500,2020-08-24 22:30:00,45,12.835,0.009633,0,12.825367,NaN
2020-08-24,TARIFF_L0.500,2020-08-24 23:00:00,46,9.01564,0.006023,-2.04514767694108e-16,9.009617,NaN
2020-08-24,TARIFF_L0.500,2020-08-24 23:30:00,47,10.04552,0.003629,1.46081976924363e-16,10.041891,NaN
2020-08-24,TARIFF_L0.500,2020-08-25 00:00:00,48,11.0438,0.004237,3.5059674461847e-16,11.039563,NaN
2020-08-24,TARIFF_L1.000,2020-08-24 00:30:00,1,6.75743,0.004807,-3.14725776024956,10.0652729055259,NaN
2020-08-24,TARIFF_L1.000,2020-08-24 01:00:00,2,6.37418,0.004427,-3.51096526024956,10.0652729055259,NaN
2020-08-24,TARIFF_L1.000,2020-08-24 01:30:00,3,4.10152,0.003553,-5.66911826024956,10.0652729055258,NaN
2020-08-24,TARIFF_L1.000,2020-08-24 02:00:00,4,4.11671,0.003135,-5.65426976024956,10.0652729055259,NaN
2020-08-24,TARIFF_L1.000,2020-08-24 02:30:00,5,4.44797,0.004693,-5.34113076024956,10.0652729055258,NaN
2020-08-24,TARIFF_L1.000,2020-08-24 03:00:00,6,4.4792,0.004351,-5.31112026024956,10.0652729055259,NaN
2020-08-24,TARIFF_L1.000,2020-08-24 03:30:00,7,4.24431,0.003154,-5.53306876024956,10.0652729055258,NaN
2020-08-24,TARIFF_L1.000,2020-08-24 04:00:00,8,3.74379,0.003192,-6.00860076024956,10.0652729055259,NaN
2020-08-24,TARIFF_L1.000,2020-08-24 04:30:00,9,4.02711,0.003629,-5.73988376024956,10.0652729055259,NaN
2020-08-24,TARIFF_L1.000,2020-08-24 05:00:00,10,5.83211,0.006441,-4.02794576024956,10.0652729055258,NaN
2020-08-24,TARIFF_L1.000,2020-08-24 05:30:00,11,7.76492,0.003591,-2.18892626024956,10.0652729055258,NaN
2020-08-24,TARIFF_L1.000,2020-08-24 06:00:00,12,10.10506,0.001064,0.0407611520780528,10.0652729055259,NaN
2020-08-24,TARIFF_L1.000,2020-08-24 06:30:00,13,10.5033,0,0.461081152078054,10.0652729055259,NaN
2020-08-24,TARIFF_L1.000,2020-08-24 07:00:00,14,10.14938,0,0.0885337836570004,10.0652729055258,NaN
2020-08-24,TARIFF_L1.000,2020-08-24 07:30:00,15,10.0849,0.07619,-0.056562905525849,10.0652729055259,NaN
2020-08-24,TARIFF_L1.000,2020-08-24 08:00:00,16,10.6098,0.388588,0.166999836288579,10.0652729055259,NaN
2020-08-24,TARIFF_L1.000,2020-08-24 08:30:00,17,7.82226,1.249174,-3.37271461024956,10.0652729055259,NaN
2020-08-24,TARIFF_L1.000,2020-08-24 09:00:00,18,10.41748,1.460131,-1.10777911683491,10.0652729055258,NaN
2020-08-24,TARIFF_L1.000,2020-08-24 09:30:00,19,8.14186,2.009022,-3.83430926024956,10.0652729055259,NaN
2020-08-24,TARIFF_L1.000,2020-08-24 10:00:00,20,5.45138,3.660673,-8.04213726024956,10.0652729055258,NaN
2020-08-24,TARIFF_L1.000,2020-08-24 10:30:00,21,6.84392,5.845578,0.478437152263615,0.799321347391209,NaN
2020-08-24,TARIFF_L1.000,2020-08-24 11:00:00,22,9.1955,4.427418,4.49715763157895,0.64365385,NaN
2020-08-24,TARIFF_L1.000,2020-08-24 11:30:00,23,14.25528,3.627746,9.49205205263158,1.70092408,NaN
2020-08-24,TARIFF_L1.000,2020-08-24 12:00:00,24,10.01139,4.309922,4.66716436842105,1.40652753,NaN
2020-08-24,TARIFF_L1.000,2020-08-24 12:30:00,25,10.05596,5.069561,1.34097631578947,3.88505232,NaN
2020-08-24,TARIFF_L1.000,2020-08-24 13:00:00,26,9.40188,4.902171,0.317064263157894,4.33466047842105,NaN
2020-08-24,TARIFF_L1.000,2020-08-24 13:30:00,27,10.58522,6.809847,-3.709265,7.51784642,NaN
2020-08-24,TARIFF_L1.000,2020-08-24 14:00:00,28,10.44682,6.453787,0.27568647368421,3.93466871,NaN
2020-08-24,TARIFF_L1.000,2020-08-24 14:30:00,29,14.32608,4.7234,-0.337059170627684,10.0652729055258,NaN
2020-08-24,TARIFF_L1.000,2020-08-24 15:00:00,30,8.92004,4.525458,-1.196505,5.64132635,NaN
2020-08-24,TARIFF_L1.000,2020-08-24 15:30:00,31,7.60056,3.510117,-1.388739,5.49589135,NaN
2020-08-24,TARIFF_L1.000,2020-08-24 16:00:00,32,10.59344,3.117691,-1.13805,8.62632263,NaN
2020-08-24,TARIFF_L1.000,2020-08-24 16:30:00,33,12.01244,2.07157,1.31271005263158,8.72463909,NaN
2020-08-24,TARIFF_L1.000,2020-08-24 17:00:00,34,9.71752,1.523382,0.0744475263157894,8.14143704,NaN
2020-08-24,TARIFF_L1.000,2020-08-24 17:30:00,35,10.7835,1.246723,2.22361728876544,7.43383935567283,NaN
2020-08-24,TARIFF_L1.000,2020-08-24 18:00:00,36,18.87078,1.0011955,8.21922740470962,10.0652729055259,NaN
2020-08-24,TARIFF_L1.000,2020-08-24 18:30:00,37,18.22888,0.725876,7.83067848892016,10.0652729055259,NaN
2020-08-24,TARIFF_L1.000,2020-08-24 19:00:00,38,12.09404,0.84094,2.32719157894737,9.05226635,NaN
2020-08-24,TARIFF_L1.000,2020-08-24 19:30:00,39,16.00942,0.335198,5.90571630997279,10.0652729055258,NaN
2020-08-24,TARIFF_L1.000,2020-08-24 20:00:00,40,13.29302,0.088711,3.3042485204991,10.0652729055259,NaN
2020-08-24,TARIFF_L1.000,2020-08-24 20:30:00,41,12.19997,0.013357,2.52714421052632,9.785826,NaN
2020-08-24,TARIFF_L1.000,2020-08-24 21:00:00,42,15.5166,0.011191,5.72645904681489,10.0652729055259,NaN
2020-08-24,TARIFF_L1.000,2020-08-24 21:30:00,43,14.87162,0.00893,5.05181006731652,10.0652729055258,NaN
2020-08-24,TARIFF_L1.000,2020-08-24 22:00:00,44,16.79454,0.003154,7.08088180472456,10.0652729055259,NaN
2020-08-24,TARIFF_L1.000,2020-08-24 22:30:00,45,12.835,0.009633,2.90536220470963,10.0652729055258,NaN
2020-08-24,TARIFF_L1.000,2020-08-24 23:00:00,46,9.01564,0.006023,-1.00317426024956,10.0652729055259,NaN
2020-08-24,TARIFF_L1.000,2020-08-24 23:30:00,47,10.04552,0.003629,-0.0223942602495543,10.0652729055258,NaN
2020-08-24,TARIFF_L1.000,2020-08-25 00:00:00,48,11.0438,0.004237,1.02556852049911,10.0652729055258,NaN
2020-08-24,TARIFF_L2.000,2020-08-24 00:30:00,1,6.75743,0.004807,-1.65857865400288,8.49824226737145,NaN
2020-08-24,TARIFF_L2.000,2020-08-24 01:00:00,2,6.37418,0.004427,-2.02228615400287,8.49824226737145,NaN
2020-08-24,TARIFF_L2.000,2020-08-24 01:30:00,3,4.10152,0.003553,-4.18043915400287,8.49824226737144,NaN
2020-08-24,TARIFF_L2.000,2020-08-24 02:00:00,4,4.11671,0.003135,-4.16559065400288,8.49824226737145,NaN
2020-08-24,TARIFF_L2.000,2020-08-24 02:30:00,5,4.44797,0.004693,-3.85245165400288,8.49824226737145,NaN
2020-08-24,TARIFF_L2.000,2020-08-24 03:00:00,6,4.4792,0.004351,-3.82244115400287,8.49824226737145,NaN
2020-08-24,TARIFF_L2.000,2020-08-24 03:30:00,7,4.24431,0.003154,-4.04438965400287,8.49824226737145,NaN
2020-08-24,TARIFF_L2.000,2020-08-24 04:00:00,8,3.74379,0.003192,-4.5199216540029,8.49824226737148,NaN
2020-08-24,TARIFF_L2.000,2020-08-24 04:30:00,9,4.02711,0.003629,-4.25120465400287,8.49824226737145,NaN
2020-08-24,TARIFF_L2.000,2020-08-24 05:00:00,10,5.83211,0.006441,-2.53926665400287,8.49824226737145,NaN
2020-08-24,TARIFF_L2.000,2020-08-24 05:30:00,11,7.76492,0.003591,-0.700247154002873,8.49824226737144,NaN
2020-08-24,TARIFF_L2.000,2020-08-24 06:00:00,12,10.10506,0.001064,1.69026708697743,8.49824226737145,NaN
2020-08-24,TARIFF_L2.000,2020-08-24 06:30:00,13,10.5033,0,2.11058708697739,8.49824226737148,NaN
2020-08-24,TARIFF_L2.000,2020-08-24 07:00:00,14,10.14938,0,1.73803971855637,8.49824226737145,NaN
2020-08-24,TARIFF_L2.000,2020-08-24 07:30:00,15,10.0849,0.07619,1.58996603434585,8.49824226737145,NaN
2020-08-24,TARIFF_L2.000,2020-08-24 08:00:00,16,10.6098,0.388588,1.81650577118795,8.49824226737145,NaN
2020-08-24,TARIFF_L2.000,2020-08-24 08:30:00,17,7.82226,1.249174,-1.88403550400287,8.49824226737145,NaN
2020-08-24,TARIFF_L2.000,2020-08-24 09:00:00,18,10.41748,1.460131,0.493225886977426,8.49824226737145,NaN
2020-08-24,TARIFF_L2.000,2020-08-24 09:30:00,19,8.14186,2.009022,-2.33483615400287,8.49824226737145,NaN
2020-08-24,TARIFF_L2.000,2020-08-24 10:00:00,20,5.45138,3.660673,-6.54147515400287,8.49824226737145,NaN
2020-08-24,TARIFF_L2.000,2020-08-24 10:30:00,21,6.84392,5.845578,-7.39530915400287,8.49824226737144,NaN
2020-08-24,TARIFF_L2.000,2020-08-24 11:00:00,22,9.1955,4.427418,-3.70784144679174,8.49824226737144,NaN
2020-08-24,TARIFF_L2.000,2020-08-24 11:30:00,23,14.25528,3.627746,2.33698027645111,8.49824226737145,NaN
2020-08-24,TARIFF_L2.000,2020-08-24 12:00:00,24,10.01139,4.309922,-2.75420457781877,8.49824226737145,NaN
2020-08-24,TARIFF_L2.000,2020-08-24 12:30:00,25,10.05596,5.069561,-3.45973457302058,8.49824226737144,NaN
2020-08-24,TARIFF_L2.000,2020-08-24 13:00:00,26,9.40188,4.902171,-3.96638072737145,8.49824226737145,NaN
2020-08-24,TARIFF_L2.000,2020-08-24 13:30:00,27,10.58522,6.809847,-4.67271631975424,8.49824226737145,NaN
2020-08-24,TARIFF_L2.000,2020-08-24 14:00:00,28,10.44682,6.453787,-4.45773120737145,8.49824226737145,NaN
2020-08-24,TARIFF_L2.000,2020-08-24 14:30:00,29,14.32608,4.7234,1.309691739609,8.49824226737145,NaN
2020-08-24,TARIFF_L2.000,2020-08-24 15:00:00,30,8.92004,4.525458,-4.10366026737145,8.49824226737144,NaN
2020-08-24,TARIFF_L2.000,2020-08-24 15:30:00,31,7.60056,3.510117,-4.34694415400287,8.49824226737145,NaN
2020-08-24,TARIFF_L2.000,2020-08-24 16:00:00,32,10.59344,3.117691,-0.996301227371446,8.49824226737145,NaN
2020-08-24,TARIFF_L2.000,2020-08-24 16:30:00,33,12.01244,2.07157,1.55105310803006,8.49824226737145,NaN
2020-08-24,TARIFF_L2.000,2020-08-24 17:00:00,34,9.71752,1.523382,-0.28986096421355,8.49824226737145,NaN
2020-08-24,TARIFF_L2.000,2020-08-24 17:30:00,35,10.7835,1.246723,1.10319317118795,8.49824226737145,NaN
2020-08-24,TARIFF_L2.000,2020-08-24 18:00:00,36,18.87078,1.0011955,9.86873333960901,8.49824226737144,NaN
2020-08-24,TARIFF_L2.000,2020-08-24 18:30:00,37,18.22888,0.725876,9.48018442381993,8.49824226737107,NaN
2020-08-24,TARIFF_L2.000,2020-08-24 19:00:00,38,12.09404,0.84094,2.91037482381953,8.49824226737144,NaN
2020-08-24,TARIFF_L2.000,2020-08-24 19:30:00,39,16.00942,0.335198,7.59631899788178,8.49824226737145,NaN
2020-08-24,TARIFF_L2.000,2020-08-24 20:00:00,40,13.29302,0.088711,4.96232800628713,8.49824226737145,NaN
2020-08-24,TARIFF_L2.000,2020-08-24 20:30:00,41,12.19997,0.013357,3.88249550803006,8.49824226737145,NaN
2020-08-24,TARIFF_L2.000,2020-08-24 21:00:00,42,15.5166,0.011191,7.37596498171427,8.49824226737145,NaN
2020-08-24,TARIFF_L2.000,2020-08-24 21:30:00,43,14.87162,0.00893,6.69941866592479,8.49824226737145,NaN
2020-08-24,TARIFF_L2.000,2020-08-24 22:00:00,44,16.79454,0.003154,8.72962498171427,8.49824226737144,NaN
2020-08-24,TARIFF_L2.000,2020-08-24 22:30:00,45,12.835,0.009633,4.55486813960901,8.49824226737145,NaN
2020-08-24,TARIFF_L2.000,2020-08-24 23:00:00,46,9.01564,0.006023,0.538289192240584,8.49824226737145,NaN
2020-08-24,TARIFF_L2.000,2020-08-24 23:30:00,47,10.04552,0.003629,1.65466322878161,8.49824226737145,NaN
2020-08-24,TARIFF_L2.000,2020-08-25 00:00:00,48,11.0438,0.004237,2.67507445539848,8.49824226737144,NaN
2020-08-24,ETA0.8469_SH_BM,2020-08-24 00:30:00,1,6.75743,0.004807,-9.71445146547012e-17,6.752623,NaN
2020-08-24,ETA0.8469_SH_BM,2020-08-24 01:00:00,2,6.37418,0.004427,0,6.369753,NaN
2020-08-24,ETA0.8469_SH_BM,2020-08-24 01:30:00,3,4.10152,0.003553,0,4.097967,NaN
2020-08-24,ETA0.8469_SH_BM,2020-08-24 02:00:00,4,4.11671,0.003135,0,4.113575,NaN
2020-08-24,ETA0.8469_SH_BM,2020-08-24 02:30:00,5,4.44797,0.004693,-6.96429309047248e-17,4.443277,NaN
2020-08-24,ETA0.8469_SH_BM,2020-08-24 03:00:00,6,4.4792,0.004351,-0.00057,4.475419,NaN
2020-08-24,ETA0.8469_SH_BM,2020-08-24 03:30:00,7,4.24431,0.003154,1.80252291753405e-16,4.241156,NaN
2020-08-24,ETA0.8469_SH_BM,2020-08-24 04:00:00,8,3.74379,0.003192,1.00367753362692e-16,3.740598,NaN
2020-08-24,ETA0.8469_SH_BM,2020-08-24 04:30:00,9,4.02711,0.003629,0,4.023481,NaN
2020-08-24,ETA0.8469_SH_BM,2020-08-24 05:00:00,10,5.83211,0.006441,1.63865719775823e-17,5.825669,NaN
2020-08-24,ETA0.8469_SH_BM,2020-08-24 05:30:00,11,7.76492,0.003591,0,7.761329,NaN
2020-08-24,ETA0.8469_SH_BM,2020-08-24 06:00:00,12,10.10506,0.001064,0,10.103996,NaN
2020-08-24,ETA0.8469_SH_BM,2020-08-24 06:30:00,13,10.5033,0,0,10.5033,NaN
2020-08-24,ETA0.8469_SH_BM,2020-08-24 07:00:00,14,10.14938,0,0,10.14938,NaN
2020-08-24,ETA0.8469_SH_BM,2020-08-24 07:30:00,15,10.0849,0.07619,-2.72597716353761,13.2198627020163,NaN
2020-08-24,ETA0.8469_SH_BM,2020-08-24 08:00:00,16,10.6098,0.388588,-18.6386631207169,32.1788119829189,NaN
2020-08-24,ETA0.8469_SH_BM,2020-08-24 08:30:00,17,7.82226,1.249174,-34.644714379974,47.321878503692,NaN
2020-08-24,ETA0.8469_SH_BM,2020-08-24 09:00:00,18,10.41748,1.460131,-40.0653048701145,56.1608475880441,NaN
2020-08-24,ETA0.8469_SH_BM,2020-08-24 09:30:00,19,8.14186,2.009022,-47.517360966111,62.188712525813,NaN
2020-08-24,ETA0.8469_SH_BM,2020-08-24 10:00:00,20,5.45138,3.660673,-51.279053136852,62.3946467267116,NaN
2020-08-24,ETA0.8469_SH_BM,2020-08-24 10:30:00,21,6.84392,5.845578,2.52129365143464,3.29086757844266e-16,NaN
2020-08-24,ETA0.8469_SH_BM,2020-08-24 11:00:00,22,9.1955,4.427418,6.51706425611052,1.41037181933257e-16,NaN
2020-08-24,ETA0.8469_SH_BM,2020-08-24 11:30:00,23,14.25528,3.627746,12.16215641032,1.00384,NaN
2020-08-24,ETA0.8469_SH_BM,2020-08-24 12:00:00,24,10.01139,4.309922,8.04047150702562,0,NaN
2020-08-24,ETA0.8469_SH_BM,2020-08-24 12:30:00,25,10.05596,5.069561,7.17085345223757,5.64148727733027e-16,NaN
2020-08-24,ETA0.8469_SH_BM,2020-08-24 13:00:00,26,9.40188,4.902171,6.23135780281025,4.70123939777523e-17,NaN
2020-08-24,ETA0.8469_SH_BM,2020-08-24 13:30:00,27,10.58522,6.809847,5.68859070905656,0,NaN
2020-08-24,ETA0.8469_SH_BM,2020-08-24 14:00:00,28,10.44682,6.453787,6.047938034951,1.88049575911009e-16,NaN
2020-08-24,ETA0.8469_SH_BM,2020-08-24 14:30:00,29,14.32608,4.7234,9.39749767540442,2.449653,NaN
2020-08-24,ETA0.8469_SH_BM,2020-08-24 15:00:00,30,8.92004,4.525458,4.78803471437005,0.9647,NaN
2020-08-24,ETA0.8469_SH_BM,2020-08-24 15:30:00,31,7.60056,3.510117,4.55967018113118,0.47802,NaN
2020-08-24,ETA0.8469_SH_BM,2020-08-24 16:00:00,32,10.59344,3.117691,5.62554660869052,2.9131,NaN
2020-08-24,ETA0.8469_SH_BM,2020-08-24 16:30:00,33,12.01244,2.07157,9.34505474766797,2.11046,NaN
2020-08-24,ETA0.8469_SH_BM,2020-08-24 17:00:00,34,9.71752,1.523382,7.64725961093399,1.76518,NaN
2020-08-24,ETA0.8469_SH_BM,2020-08-24 17:30:00,35,10.7835,1.246723,8.71878464919117,2.17534,NaN
2020-08-24,ETA0.8469_SH_BM,2020-08-24 18:00:00,36,18.87078,1.0011955,13.7422925868461,6.24143,NaN
2020-08-24,ETA0.8469_SH_BM,2020-08-24 18:30:00,37,18.22888,0.725876,8.43387357409375,10.36402,NaN
2020-08-24,ETA0.8469_SH_BM,2020-08-24 19:00:00,38,12.09404,0.84094,9.8354881895147,2.95404,NaN
2020-08-24,ETA0.8469_SH_BM,2020-08-24 19:30:00,39,16.00942,0.335198,13.6616921086315,4.108671,NaN
2020-08-24,ETA0.8469_SH_BM,2020-08-24 20:00:00,40,13.29302,0.088711,10.3383740701381,4.44874,NaN
2020-08-24,ETA0.8469_SH_BM,2020-08-24 20:30:00,41,12.19997,0.013357,8.19081709765026,5.24981,NaN
2020-08-24,ETA0.8469_SH_BM,2020-08-24 21:00:00,42,15.5166,0.011191,7.6646463573031,9.01422,NaN
2020-08-24,ETA0.8469_SH_BM,2020-08-24 21:30:00,43,14.87162,0.00893,7.46821348447278,8.53786,NaN
2020-08-24,ETA0.8469_SH_BM,2020-08-24 22:00:00,44,16.79454,0.003154,9.89089603263027,8.41478614996542,NaN
2020-08-24,ETA0.8469_SH_BM,2020-08-24 22:30:00,45,12.835,0.009633,0.264446805998347,12.601407,NaN
2020-08-24,ETA0.8469_SH_BM,2020-08-24 23:00:00,46,9.01564,0.006023,0.248128468532295,8.799477,NaN
2020-08-24,ETA0.8469_SH_BM,2020-08-24 23:30:00,47,10.04552,0.003629,0.407061046168379,9.697151,NaN
2020-08-24,ETA0.8469_SH_BM,2020-08-25 00:00:00,48,11.0438,0.004237,0.264139803991027,10.815863,NaN
2020-08-24,ETA0.8469_VPP_BM,2020-08-24 00:30:00,1,6.75743,0.004807,-0.0048070000000001,6.75743,NaN
2020-08-24,ETA0.8469_VPP_BM,2020-08-24 01:00:00,2,6.37418,0.004427,-0.004427,6.37418,NaN
2020-08-24,ETA0.8469_VPP_BM,2020-08-24 01:30:00,3,4.10152,0.003553,-0.003553,4.10152,NaN
2020-08-24,ETA0.8469_VPP_BM,2020-08-24 02:00:00,4,4.11671,0.003135,-0.003135,4.11671,NaN
2020-08-24,ETA0.8469_VPP_BM,2020-08-24 02:30:00,5,4.44797,0.004693,-0.004693,4.44797,NaN
2020-08-24,ETA0.8469_VPP_BM,2020-08-24 03:00:00,6,4.4792,0.004351,-0.004351,4.4792,NaN
2020-08-24,ETA0.8469_VPP_BM,2020-08-24 03:30:00,7,4.24431,0.003154,-0.003154,4.24431,NaN
2020-08-24,ETA0.8469_VPP_BM,2020-08-24 04:00:00,8,3.74379,0.003192,-0.003192,3.74379,NaN
2020-08-24,ETA0.8469_VPP_BM,2020-08-24 04:30:00,9,4.02711,0.003629,-0.003629,4.02711,NaN
2020-08-24,ETA0.8469_VPP_BM,2020-08-24 05:00:00,10,5.83211,0.006441,-0.006441,5.83211,NaN
2020-08-24,ETA0.8469_VPP_BM,2020-08-24 05:30:00,11,7.76492,0.003591,-0.003591,7.76492,NaN
2020-08-24,ETA0.8469_VPP_BM,2020-08-24 06:00:00,12,10.10506,0.001064,-0.001064,10.10506,NaN
2020-08-24,ETA0.8469_VPP_BM,2020-08-24 06:30:00,13,10.5033,0,0,10.5033,NaN
2020-08-24,ETA0.8469_VPP_BM,2020-08-24 07:00:00,14,10.14938,0,0,10.14938,NaN
2020-08-24,ETA0.8469_VPP_BM,2020-08-24 07:30:00,15,10.0849,0.07619,-0.07619,10.0849,NaN
2020-08-24,ETA0.8469_VPP_BM,2020-08-24 08:00:00,16,10.6098,0.388588,-34.4535369654032,50.8329065833076,NaN
2020-08-24,ETA0.8469_VPP_BM,2020-08-24 08:30:00,17,7.82226,1.249174,-48.7894937367913,63.9567737994939,NaN
2020-08-24,ETA0.8469_VPP_BM,2020-08-24 09:00:00,18,10.41748,1.460131,-59.72471,79.2149519565474,NaN
2020-08-24,ETA0.8469_VPP_BM,2020-08-24 09:30:00,19,8.14186,2.009022,-66,83.7009319093163,NaN
2020-08-24,ETA0.8469_VPP_BM,2020-08-24 10:00:00,20,5.45138,3.660673,-66,79.0602204770339,NaN
2020-08-24,ETA0.8469_VPP_BM,2020-08-24 10:30:00,21,6.84392,5.845578,1.53318535836581,-7.21644966006352e-16,NaN
2020-08-24,ETA0.8469_VPP_BM,2020-08-24 11:00:00,22,9.1955,4.427418,5.94947120237374,-2.22044604925031e-16,NaN
2020-08-24,ETA0.8469_VPP_BM,2020-08-24 11:30:00,23,14.25528,3.627746,12.7994681679039,1.94289029309402e-16,NaN
2020-08-24,ETA0.8469_VPP_BM,2020-08-24 12:00:00,24,10.01139,4.309922,7.07654105993141,2.22044604925031e-16,NaN
2020-08-24,ETA0.8469_VPP_BM,2020-08-24 12:30:00,25,10.05596,5.069561,6.14978875519447,1.66533453693773e-16,NaN
2020-08-24,ETA0.8469_VPP_BM,2020-08-24 13:00:00,26,9.40188,4.902171,5.74795207569161,4.44089209850063e-16,NaN
2020-08-24,ETA0.8469_VPP_BM,2020-08-24 13:30:00,27,10.58522,6.809847,4.83419866508722,6.66133814775094e-16,NaN
2020-08-24,ETA0.8469_VPP_BM,2020-08-24 14:00:00,28,10.44682,6.453787,5.04409935285805,4.9960036108132e-16,NaN
2020-08-24,ETA0.8469_VPP_BM,2020-08-24 14:30:00,29,14.32608,4.7234,11.7861161071942,-2.22044604925031e-16,NaN
2020-08-24,ETA0.8469_VPP_BM,2020-08-24 15:00:00,30,8.92004,4.525458,5.40127306800133,4.5102810375397e-17,NaN
2020-08-24,ETA0.8469_VPP_BM,2020-08-24 15:30:00,31,7.60056,3.510117,5.02902323083428,-1.11022302462516e-16,NaN
2020-08-24,ETA0.8469_VPP_BM,2020-08-24 16:00:00,32,10.59344,3.117691,9.04467535616931,-3.95516952522712e-16,NaN
2020-08-24,ETA0.8469_VPP_BM,2020-08-24 16:30:00,33,12.01244,2.07157,11.9350705736418,-3.33066907387547e-16,NaN
2020-08-24,ETA0.8469_VPP_BM,2020-08-24 17:00:00,34,9.71752,1.523382,9.86243306073891,5.41233724504764e-16,NaN
2020-08-24,ETA0.8469_VPP_BM,2020-08-24 17:30:00,35,10.7835,1.246723,11.4796041857908,-1.66533453693773e-16,NaN
2020-08-24,ETA0.8469_VPP_BM,2020-08-24 18:00:00,36,18.87078,1.0011955,21.4850595403604,-4.44089209850063e-16,NaN
2020-08-24,ETA0.8469_VPP_BM,2020-08-24 18:30:00,37,18.22888,0.725876,20.9853097635018,-8.32667268468867e-16,NaN
2020-08-24,ETA0.8469_VPP_BM,2020-08-24 19:00:00,38,12.09404,0.84094,13.5970862169049,0,NaN
2020-08-24,ETA0.8469_VPP_BM,2020-08-24 19:30:00,39,16.00942,0.335198,18.723956478847,5.55111512312578e-17,NaN
2020-08-24,ETA0.8469_VPP_BM,2020-08-24 20:00:00,40,13.29302,0.088711,15.8202799267918,-1.11022302462516e-16,NaN
2020-08-24,ETA0.8469_VPP_BM,2020-08-24 20:30:00,41,12.19997,0.013357,14.6212951091711,0,NaN
2020-08-24,ETA0.8469_VPP_BM,2020-08-24 21:00:00,42,15.5166,0.011191,18.3875964713814,6.93889390390723e-17,NaN
2020-08-24,ETA0.8469_VPP_BM,2020-08-24 21:30:00,43,14.87162,0.00893,17.6365612981944,-5.55111512312578e-17,NaN
2020-08-24,ETA0.8469_VPP_BM,2020-08-24 22:00:00,44,16.79454,0.003154,20.159922677265,7.84607005970828e-05,NaN
2020-08-24,ETA0.8469_VPP_BM,2020-08-24 22:30:00,45,12.835,0.009633,3.27731439551646e-17,12.825367,NaN
2020-08-24,ETA0.8469_VPP_BM,2020-08-24 23:00:00,46,9.01564,0.006023,3.76891155484393e-16,9.009617,NaN
2020-08-24,ETA0.8469_VPP_BM,2020-08-24 23:30:00,47,10.04552,0.003629,-1.96638863730988e-16,10.041891,NaN
2020-08-24,ETA0.8469_VPP_BM,2020-08-25 00:00:00,48,11.0438,0.004237,4.58824015372305e-16,11.039563,NaN
2020-08-24,ETA0.8469_VPP_BM_PEAK_LEX,2020-08-24 00:30:00,1,6.75743,0.004807,-13.4852620828778,22.6748406540062,NaN
2020-08-24,ETA0.8469_VPP_BM_PEAK_LEX,2020-08-24 01:00:00,2,6.37418,0.004427,-13.8094949145957,22.6748860037734,NaN
2020-08-24,ETA0.8469_VPP_BM_PEAK_LEX,2020-08-24 01:30:00,3,4.10152,0.003553,-15.7333366685957,22.6748860037734,NaN
2020-08-24,ETA0.8469_VPP_BM_PEAK_LEX,2020-08-24 02:00:00,4,4.11671,0.003135,-15.7200542575957,22.6748860037734,NaN
2020-08-24,ETA0.8469_VPP_BM_PEAK_LEX,2020-08-24 02:30:00,5,4.44797,0.004693,-15.4410681635957,22.6748860037734,NaN
2020-08-24,ETA0.8469_VPP_BM_PEAK_LEX,2020-08-24 03:00:00,6,4.4792,0.004351,-15.4142774765957,22.6748860037734,NaN
2020-08-24,ETA0.8469_VPP_BM_PEAK_LEX,2020-08-24 03:30:00,7,4.24431,0.003154,-15.6120088175957,22.6748860037734,NaN
2020-08-24,ETA0.8469_VPP_BM_PEAK_LEX,2020-08-24 04:00:00,8,3.74379,0.003192,-16.0359372055957,22.6748860037734,NaN
2020-08-24,ETA0.8469_VPP_BM_PEAK_LEX,2020-08-24 04:30:00,9,4.02711,0.003629,-15.7964304975957,22.6748860037734,NaN
2020-08-24,ETA0.8469_VPP_BM_PEAK_LEX,2020-08-24 05:00:00,10,5.83211,0.006441,-14.2705879975957,22.6748860037734,NaN
2020-08-24,ETA0.8469_VPP_BM_PEAK_LEX,2020-08-24 05:30:00,11,7.76492,0.003591,-12.6308412085957,22.6748860037734,NaN
2020-08-24,ETA0.8469_VPP_BM_PEAK_LEX,2020-08-24 06:00:00,12,10.10506,0.001064,-10.6464496425957,22.6748860037734,NaN
2020-08-24,ETA0.8469_VPP_BM_PEAK_LEX,2020-08-24 06:30:00,13,10.5033,0,-10.3081161865957,22.6748860037734,NaN
2020-08-24,ETA0.8469_VPP_BM_PEAK_LEX,2020-08-24 07:00:00,14,10.14938,0,-10.6078510345957,22.6748860037734,NaN
2020-08-24,ETA0.8469_VPP_BM_PEAK_LEX,2020-08-24 07:30:00,15,10.0849,0.07619,-10.7386491465957,22.6748860037734,NaN
2020-08-24,ETA0.8469_VPP_BM_PEAK_LEX,2020-08-24 08:00:00,16,10.6098,0.388588,-10.6065093365957,22.6748860037734,NaN
2020-08-24,ETA0.8469_VPP_BM_PEAK_LEX,2020-08-24 08:30:00,17,7.82226,1.249174,-13.8278629625957,22.6748860037734,NaN
2020-08-24,ETA0.8469_VPP_BM_PEAK_LEX,2020-08-24 09:00:00,18,10.41748,1.460131,-11.8409281445957,22.6748860037734,NaN
2020-08-24,ETA0.8469_VPP_BM_PEAK_LEX,2020-08-24 09:30:00,19,8.14186,2.009022,-14.3170417225957,22.6748860037734,NaN
2020-08-24,ETA0.8469_VPP_BM_PEAK_LEX,2020-08-24 10:00:00,20,5.45138,3.660673,-18.2472602345957,22.6748860037734,NaN
2020-08-24,ETA0.8469_VPP_BM_PEAK_LEX,2020-08-24 10:30:00,21,6.84392,5.845578,1.53318535836581,-6.80011602582908e-16,NaN
2020-08-24,ETA0.8469_VPP_BM_PEAK_LEX,2020-08-24 11:00:00,22,9.1955,4.427418,6.01097850858983,-1.11022302462516e-16,NaN
2020-08-24,ETA0.8469_VPP_BM_PEAK_LEX,2020-08-24 11:30:00,23,14.25528,3.627746,12.9517059941571,-9.79771819231701e-15,NaN
2020-08-24,ETA0.8469_VPP_BM_PEAK_LEX,2020-08-24 12:00:00,24,10.01139,4.309922,7.07654105993141,-2.22044604925031e-16,NaN
2020-08-24,ETA0.8469_VPP_BM_PEAK_LEX,2020-08-24 12:30:00,25,10.05596,5.069561,6.38426680734417,9.49240686054509e-15,NaN
2020-08-24,ETA0.8469_VPP_BM_PEAK_LEX,2020-08-24 13:00:00,26,9.40188,4.902171,5.65902306577943,0,NaN
2020-08-24,ETA0.8469_VPP_BM_PEAK_LEX,2020-08-24 13:30:00,27,10.58522,6.809847,4.83419866508722,-3.33066907387547e-16,NaN
2020-08-24,ETA0.8469_VPP_BM_PEAK_LEX,2020-08-24 14:00:00,28,10.44682,6.453787,5.04409935285805,-8.32667268468867e-17,NaN
2020-08-24,ETA0.8469_VPP_BM_PEAK_LEX,2020-08-24 14:30:00,29,14.32608,4.7234,11.6396791968685,-2.22044604925031e-16,NaN
2020-08-24,ETA0.8469_VPP_BM_PEAK_LEX,2020-08-24 15:00:00,30,8.92004,4.525458,5.45341563221716,1.94289029309402e-14,NaN
2020-08-24,ETA0.8469_VPP_BM_PEAK_LEX,2020-08-24 15:30:00,31,7.60056,3.510117,4.98464049150793,3.33066907387547e-16,NaN
2020-08-24,ETA0.8469_VPP_BM_PEAK_LEX,2020-08-24 16:00:00,32,10.59344,3.117691,8.93604455071437,1.66533453693773e-16,NaN
2020-08-24,ETA0.8469_VPP_BM_PEAK_LEX,2020-08-24 16:30:00,33,12.01244,2.07157,12.013593852215,5.06261699229071e-14,NaN
2020-08-24,ETA0.8469_VPP_BM_PEAK_LEX,2020-08-24 17:00:00,34,9.71752,1.523382,9.86243306073891,5.41233724504764e-16,NaN
2020-08-24,ETA0.8469_VPP_BM_PEAK_LEX,2020-08-24 17:30:00,35,10.7835,1.246723,11.4501365638375,-2.22044604925031e-15,NaN
2020-08-24,ETA0.8469_VPP_BM_PEAK_LEX,2020-08-24 18:00:00,36,18.87078,1.0011955,21.4850595403603,1.11022302462516e-15,NaN
2020-08-24,ETA0.8469_VPP_BM_PEAK_LEX,2020-08-24 18:30:00,37,18.22888,0.725876,20.926054567131,2.22044604925031e-16,NaN
2020-08-24,ETA0.8469_VPP_BM_PEAK_LEX,2020-08-24 19:00:00,38,12.09404,0.84094,13.4013966178993,-4.44089209850063e-16,NaN
2020-08-24,ETA0.8469_VPP_BM_PEAK_LEX,2020-08-24 19:30:00,39,16.00942,0.335198,18.6892487465354,2.77555756156289e-17,NaN
2020-08-24,ETA0.8469_VPP_BM_PEAK_LEX,2020-08-24 20:00:00,40,13.29302,0.088711,15.72879619155,0,NaN
2020-08-24,ETA0.8469_VPP_BM_PEAK_LEX,2020-08-24 20:30:00,41,12.19997,0.013357,14.4200600409846,7.84606998047721e-05,NaN
2020-08-24,ETA0.8469_VPP_BM_PEAK_LEX,2020-08-24 21:00:00,42,15.5166,0.011191,18.6716733767808,7.7715611723761e-16,NaN
2020-08-24,ETA0.8469_VPP_BM_PEAK_LEX,2020-08-24 21:30:00,43,14.87162,0.00893,17.7771217482609,-2.77555756156289e-16,NaN
2020-08-24,ETA0.8469_VPP_BM_PEAK_LEX,2020-08-24 22:00:00,44,16.79454,0.003154,20.1566147124808,-1.99840144432528e-15,NaN
2020-08-24,ETA0.8469_VPP_BM_PEAK_LEX,2020-08-24 22:30:00,45,12.835,0.009633,-1.31092575820658e-16,12.825367,NaN
2020-08-24,ETA0.8469_VPP_BM_PEAK_LEX,2020-08-24 23:00:00,46,9.01564,0.006023,-1.31092575820658e-16,9.009617,NaN
2020-08-24,ETA0.8469_VPP_BM_PEAK_LEX,2020-08-24 23:30:00,47,10.04552,0.003629,-1.31092575820658e-16,10.041891,NaN
2020-08-24,ETA0.8469_VPP_BM_PEAK_LEX,2020-08-25 00:00:00,48,11.0438,0.004237,-3.27731439551646e-17,11.039563,NaN
2020-08-24,ETA0.8469_PS,2020-08-24 00:30:00,1,6.75743,0.004807,-1.73801961044263,8.80396750199862,NaN
2020-08-24,ETA0.8469_PS,2020-08-24 01:00:00,2,6.37418,0.004427,-2.06221403544264,8.80396750199863,NaN
2020-08-24,ETA0.8469_PS,2020-08-24 01:30:00,3,4.10152,0.003553,-3.98605578944264,8.80396750199863,NaN
2020-08-24,ETA0.8469_PS,2020-08-24 02:00:00,4,4.11671,0.003135,-3.97277337844264,8.80396750199863,NaN
2020-08-24,ETA0.8469_PS,2020-08-24 02:30:00,5,4.44797,0.004693,-3.69378728444264,8.80396750199863,NaN
2020-08-24,ETA0.8469_PS,2020-08-24 03:00:00,6,4.4792,0.004351,-3.66699659744264,8.80396750199864,NaN
2020-08-24,ETA0.8469_PS,2020-08-24 03:30:00,7,4.24431,0.003154,-3.86472793844264,8.80396750199863,NaN
2020-08-24,ETA0.8469_PS,2020-08-24 04:00:00,8,3.74379,0.003192,-4.28865632644264,8.80396750199863,NaN
2020-08-24,ETA0.8469_PS,2020-08-24 04:30:00,9,4.02711,0.003629,-4.04914961844264,8.80396750199863,NaN
2020-08-24,ETA0.8469_PS,2020-08-24 05:00:00,10,5.83211,0.006441,-2.52330711844264,8.80396750199863,NaN
2020-08-24,ETA0.8469_PS,2020-08-24 05:30:00,11,7.76492,0.003591,-0.883560329442645,8.80396750199863,NaN
2020-08-24,ETA0.8469_PS,2020-08-24 06:00:00,12,10.10506,0.001064,1.53504368638725,8.80396750199864,NaN
2020-08-24,ETA0.8469_PS,2020-08-24 06:30:00,13,10.5033,0,2.00653264612276,8.80396750199863,NaN
2020-08-24,ETA0.8469_PS,2020-08-24 07:00:00,14,10.14938,0,1.58863206754205,8.80396750199863,NaN
2020-08-24,ETA0.8469_PS,2020-08-24 07:30:00,15,10.0849,0.07619,1.42253217381198,8.80396750199864,NaN
2020-08-24,ETA0.8469_PS,2020-08-24 08:00:00,16,10.6098,0.388588,1.67665042862365,8.80396750199863,NaN
2020-08-24,ETA0.8469_PS,2020-08-24 08:30:00,17,7.82226,1.249174,-2.08058208344264,8.80396750199863,NaN
2020-08-24,ETA0.8469_PS,2020-08-24 09:00:00,18,10.41748,1.460131,0.19341905538005,8.80396750199863,NaN
2020-08-24,ETA0.8469_PS,2020-08-24 09:30:00,19,8.14186,2.009022,-2.56976084344265,8.80396750199864,NaN
2020-08-24,ETA0.8469_PS,2020-08-24 10:00:00,20,5.45138,3.660673,-6.49997935544264,8.80396750199863,NaN
2020-08-24,ETA0.8469_PS,2020-08-24 10:30:00,21,6.84392,5.845578,-7.50552488928687,8.80394702714236,NaN
2020-08-24,ETA0.8469_PS,2020-08-24 11:00:00,22,9.1955,4.427418,-4.03565326021358,8.80396750199863,NaN
2020-08-24,ETA0.8469_PS,2020-08-24 11:30:00,23,14.25528,3.627746,2.42491954592317,8.80396750199863,NaN
2020-08-24,ETA0.8469_PS,2020-08-24 12:00:00,24,10.01139,4.309922,-3.07412138924584,8.80396750199864,NaN
2020-08-24,ETA0.8469_PS,2020-08-24 12:30:00,25,10.05596,5.069561,-3.7494318368072,8.80396750199864,NaN
2020-08-24,ETA0.8469_PS,2020-08-24 13:00:00,26,9.40188,4.902171,-4.29272097737663,8.80396750199863,NaN
2020-08-24,ETA0.8469_PS,2020-08-24 13:30:00,27,10.58522,6.809847,-4.9834367870953,8.80396750199863,NaN
2020-08-24,ETA0.8469_PS,2020-08-24 14:00:00,28,10.44682,6.453787,-4.79375300214907,8.80396750199863,NaN
2020-08-24,ETA0.8469_PS,2020-08-24 14:30:00,29,14.32608,4.7234,1.14792069666001,8.80396750199863,NaN
2020-08-24,ETA0.8469_PS,2020-08-24 15:00:00,30,8.92004,4.525458,-4.40938550199864,8.80396750199863,NaN
2020-08-24,ETA0.8469_PS,2020-08-24 15:30:00,31,7.60056,3.510117,-4.52928281344264,8.80396750199863,NaN
2020-08-24,ETA0.8469_PS,2020-08-24 16:00:00,32,10.59344,3.117691,-1.30200017355599,8.80396750199863,NaN
2020-08-24,ETA0.8469_PS,2020-08-24 16:30:00,33,12.01244,2.07157,1.38773262250722,8.80396750199863,NaN
2020-08-24,ETA0.8469_PS,2020-08-24 17:00:00,34,9.71752,1.523382,-0.601046461998635,8.80396750199864,NaN
2020-08-24,ETA0.8469_PS,2020-08-24 17:30:00,35,10.7835,1.246723,0.87743261069945,8.80396750199863,NaN
2020-08-24,ETA0.8469_PS,2020-08-24 18:00:00,36,18.87078,1.0011955,10.7099745637045,8.80396750199864,NaN
2020-08-24,ETA0.8469_PS,2020-08-24 18:30:00,37,18.22888,0.725876,10.3048967175688,8.80396750199863,NaN
2020-08-24,ETA0.8469_PS,2020-08-24 19:00:00,38,12.09404,0.84094,2.90840735388046,8.80396750199863,NaN
2020-08-24,ETA0.8469_PS,2020-08-24 19:30:00,39,16.00942,0.335198,8.1146870445169,8.80396750199863,NaN
2020-08-24,ETA0.8469_PS,2020-08-24 20:00:00,40,13.29302,0.088711,5.19582181839812,8.80396750199864,NaN
2020-08-24,ETA0.8469_PS,2020-08-24 20:30:00,41,12.19997,0.013357,3.99414983823517,8.80396750199863,NaN
2020-08-24,ETA0.8469_PS,2020-08-24 21:00:00,42,15.5166,0.011191,7.91290766088247,8.80396750199863,NaN
2020-08-24,ETA0.8469_PS,2020-08-24 21:30:00,43,14.87162,0.00893,7.15399987956236,8.80396750199863,NaN
2020-08-24,ETA0.8469_PS,2020-08-24 22:00:00,44,16.79454,0.003154,9.50761379559137,8.80396750199863,NaN
2020-08-24,ETA0.8469_PS,2020-08-24 22:30:00,45,12.835,0.009633,4.74837583894364,8.80396750199863,NaN
2020-08-24,ETA0.8469_PS,2020-08-24 23:00:00,46,9.01564,0.006023,0.242826187272837,8.80396750199863,NaN
2020-08-24,ETA0.8469_PS,2020-08-24 23:30:00,47,10.04552,0.003629,1.46171153383087,8.80396750199863,NaN
2020-08-24,ETA0.8469_PS,2020-08-25 00:00:00,48,11.0438,0.004237,2.63973963632231,8.80396750199863,NaN
2020-08-24,ETA0.8469_PSDT,2020-08-24 00:30:00,1,6.75743,0.004807,-0.00480700000000011,6.75743,NaN
2020-08-24,ETA0.8469_PSDT,2020-08-24 01:00:00,2,6.37418,0.004427,-0.00416085728512019,6.37391385728512,NaN
2020-08-24,ETA0.8469_PSDT,2020-08-24 01:30:00,3,4.10152,0.003553,-0.00355299999999999,4.10152,NaN
2020-08-24,ETA0.8469_PSDT,2020-08-24 02:00:00,4,4.11671,0.003135,-0.003135,4.11671,NaN
2020-08-24,ETA0.8469_PSDT,2020-08-24 02:30:00,5,4.44797,0.004693,-0.004693,4.44797,NaN
2020-08-24,ETA0.8469_PSDT,2020-08-24 03:00:00,6,4.4792,0.004351,-0.004351,4.4792,NaN
2020-08-24,ETA0.8469_PSDT,2020-08-24 03:30:00,7,4.24431,0.003154,-0.00315399999999999,4.24431,NaN
2020-08-24,ETA0.8469_PSDT,2020-08-24 04:00:00,8,3.74379,0.003192,-0.003192,3.74379,NaN
2020-08-24,ETA0.8469_PSDT,2020-08-24 04:30:00,9,4.02711,0.003629,-0.00362899999999999,4.02711,NaN
2020-08-24,ETA0.8469_PSDT,2020-08-24 05:00:00,10,5.83211,0.006441,-3.306441,9.72867393907191,NaN
2020-08-24,ETA0.8469_PSDT,2020-08-24 05:30:00,11,7.76492,0.003591,-0.00359100000000001,7.76492,NaN
2020-08-24,ETA0.8469_PSDT,2020-08-24 06:00:00,12,10.10506,0.001064,-6.101064,17.3077994025269,NaN
2020-08-24,ETA0.8469_PSDT,2020-08-24 06:30:00,13,10.5033,0,-2.81197070391658,13.8236101947297,NaN
2020-08-24,ETA0.8469_PSDT,2020-08-24 07:00:00,14,10.14938,0,-3.32405165510648,14.0743435790607,NaN
2020-08-24,ETA0.8469_PSDT,2020-08-24 07:30:00,15,10.0849,0.07619,-16.075335,28.9763216554493,NaN
2020-08-24,ETA0.8469_PSDT,2020-08-24 08:00:00,16,10.6098,0.388588,-25.729954,40.5323008855827,NaN
2020-08-24,ETA0.8469_PSDT,2020-08-24 08:30:00,17,7.82226,1.249174,-47.0616930526322,61.9166265753125,NaN
2020-08-24,ETA0.8469_PSDT,2020-08-24 09:00:00,18,10.41748,1.460131,-52.6282709047113,70.8356402369953,NaN
2020-08-24,ETA0.8469_PSDT,2020-08-24 09:30:00,19,8.14186,2.009022,-57.5982091080995,73.7802908750732,NaN
2020-08-24,ETA0.8469_PSDT,2020-08-24 10:00:00,20,5.45138,3.660673,-60.414809,72.4653556759948,NaN
2020-08-24,ETA0.8469_PSDT,2020-08-24 10:30:00,21,6.84392,5.845578,1.53318524028811,9.99999986150968e-08,NaN
2020-08-24,ETA0.8469_PSDT,2020-08-24 11:00:00,22,9.1955,4.427418,5.8619272641398,9.9999999780831e-08,NaN
2020-08-24,ETA0.8469_PSDT,2020-08-24 11:30:00,23,14.25528,3.627746,12.741026057081,9.99999998085865e-08,NaN
2020-08-24,ETA0.8469_PSDT,2020-08-24 12:00:00,24,10.01139,4.309922,6.93298575982997,9.99999998363421e-08,NaN
2020-08-24,ETA0.8469_PSDT,2020-08-24 12:30:00,25,10.05596,5.069561,6.22861691659779,1.00000000002876e-07,NaN
2020-08-24,ETA0.8469_PSDT,2020-08-24 13:00:00,26,9.40188,4.902171,5.52296195536663,9.99999998363421e-08,NaN
2020-08-24,ETA0.8469_PSDT,2020-08-24 13:30:00,27,10.58522,6.809847,4.80790662212725,9.99999986150968e-08,NaN
2020-08-24,ETA0.8469_PSDT,2020-08-24 14:00:00,28,10.44682,6.453787,5.01426664305113,9.99999997253198e-08,NaN
2020-08-24,ETA0.8469_PSDT,2020-08-24 14:30:00,29,14.32608,4.7234,11.6069532653561,1.00000000113898e-07,NaN
2020-08-24,ETA0.8469_PSDT,2020-08-24 15:00:00,30,8.92004,4.525458,5.38589664773615,9.99999998918533e-08,NaN
2020-08-24,ETA0.8469_PSDT,2020-08-24 15:30:00,31,7.60056,3.510117,4.96441608218208,9.99999995032752e-08,NaN
2020-08-24,ETA0.8469_PSDT,2020-08-24 16:00:00,32,10.59344,3.117691,8.93604443263667,9.99999999473644e-08,NaN
2020-08-24,ETA0.8469_PSDT,2020-08-24 16:30:00,33,12.01244,2.07157,11.8768538515548,9.9999999780831e-08,NaN
2020-08-24,ETA0.8469_PSDT,2020-08-24 17:00:00,34,9.71752,1.523382,9.78672862571529,1.00000000155531e-07,NaN
2020-08-24,ETA0.8469_PSDT,2020-08-24 17:30:00,35,10.7835,1.246723,11.7108816975764,1.00000001390654e-07,NaN
2020-08-24,ETA0.8469_PSDT,2020-08-24 18:00:00,36,18.87078,1.0011955,21.4850594133951,1.00000000946565e-07,NaN
2020-08-24,ETA0.8469_PSDT,2020-08-24 18:30:00,37,18.22888,0.725876,20.9539525175307,1.00000000058387e-07,NaN
2020-08-24,ETA0.8469_PSDT,2020-08-24 19:00:00,38,12.09404,0.84094,13.5679193059571,1.00000000335942e-07,NaN
2020-08-24,ETA0.8469_PSDT,2020-08-24 19:30:00,39,16.00942,0.335198,18.7078315650826,1.00000000002876e-07,NaN
2020-08-24,ETA0.8469_PSDT,2020-08-24 20:00:00,40,13.29302,0.088711,15.9549709550509,9.99999998363421e-08,NaN
2020-08-24,ETA0.8469_PSDT,2020-08-24 20:30:00,41,12.19997,0.013357,14.8284357625597,1.0000000116861e-07,NaN
2020-08-24,ETA0.8469_PSDT,2020-08-24 21:00:00,42,15.5166,0.011191,18.5668214855698,9.99999995032752e-08,NaN
2020-08-24,ETA0.8469_PSDT,2020-08-24 21:30:00,43,14.87162,0.00893,17.9544000472311,9.99999998085865e-08,NaN
2020-08-24,ETA0.8469_PSDT,2020-08-24 22:00:00,44,16.79454,0.003154,20.160022168135,9.99999996698087e-08,NaN
2020-08-24,ETA0.8469_PSDT,2020-08-24 22:30:00,45,12.835,0.009633,0,12.825367,NaN
2020-08-24,ETA0.8469_PSDT,2020-08-24 23:00:00,46,9.01564,0.006023,0,9.009617,NaN
2020-08-24,ETA0.8469_PSDT,2020-08-24 23:30:00,47,10.04552,0.003629,0,10.041891,NaN
2020-08-24,ETA0.8469_PSDT,2020-08-25 00:00:00,48,11.0438,0.004237,0,11.039563,NaN
2020-08-24,ETA0.8469_LL,2020-08-24 00:30:00,1,6.75743,0.004807,-1.73801955468955,8.80396743616667,NaN
2020-08-24,ETA0.8469_LL,2020-08-24 01:00:00,2,6.37418,0.004427,-2.06221397968953,8.80396743616665,NaN
2020-08-24,ETA0.8469_LL,2020-08-24 01:30:00,3,4.10152,0.003553,-3.98605573368953,8.80396743616665,NaN
2020-08-24,ETA0.8469_LL,2020-08-24 02:00:00,4,4.11671,0.003135,-3.97277332268953,8.80396743616665,NaN
2020-08-24,ETA0.8469_LL,2020-08-24 02:30:00,5,4.44797,0.004693,-3.69378722868953,8.80396743616665,NaN
2020-08-24,ETA0.8469_LL,2020-08-24 03:00:00,6,4.4792,0.004351,-3.66699654168954,8.80396743616666,NaN
2020-08-24,ETA0.8469_LL,2020-08-24 03:30:00,7,4.24431,0.003154,-3.86472788268953,8.80396743616665,NaN
2020-08-24,ETA0.8469_LL,2020-08-24 04:00:00,8,3.74379,0.003192,-4.28865627068951,8.80396743616662,NaN
2020-08-24,ETA0.8469_LL,2020-08-24 04:30:00,9,4.02711,0.003629,-4.04914956268953,8.80396743616665,NaN
2020-08-24,ETA0.8469_LL,2020-08-24 05:00:00,10,5.83211,0.006441,-2.52330706268953,8.80396743616665,NaN
2020-08-24,ETA0.8469_LL,2020-08-24 05:30:00,11,7.76492,0.003591,-0.883560273689535,8.80396743616665,NaN
2020-08-24,ETA0.8469_LL,2020-08-24 06:00:00,12,10.10506,0.001064,1.53504364604245,8.80396753616665,NaN
2020-08-24,ETA0.8469_LL,2020-08-24 06:30:00,13,10.5033,0,2.00653260577791,8.80396753616669,NaN
2020-08-24,ETA0.8469_LL,2020-08-24 07:00:00,14,10.14938,0,1.58863202719725,8.80396753616665,NaN
2020-08-24,ETA0.8469_LL,2020-08-24 07:30:00,15,10.0849,0.07619,1.42253213346717,8.80396753616665,NaN
2020-08-24,ETA0.8469_LL,2020-08-24 08:00:00,16,10.6098,0.388588,1.67665038827884,8.80396753616665,NaN
2020-08-24,ETA0.8469_LL,2020-08-24 08:30:00,17,7.82226,1.249174,-2.08058202768953,8.80396743616665,NaN
2020-08-24,ETA0.8469_LL,2020-08-24 09:00:00,18,10.41748,1.460131,0.193419015035248,8.80396753616665,NaN
2020-08-24,ETA0.8469_LL,2020-08-24 09:30:00,19,8.14186,2.009022,-2.56976078768953,8.80396743616665,NaN
2020-08-24,ETA0.8469_LL,2020-08-24 10:00:00,20,5.45138,3.660673,-6.49997929968953,8.80396743616665,NaN
2020-08-24,ETA0.8469_LL,2020-08-24 10:30:00,21,6.84392,5.845578,-7.50554217368953,8.80396743616665,NaN
2020-08-24,ETA0.8469_LL,2020-08-24 11:00:00,22,9.1955,4.427418,-4.03588543616665,8.80396743616664,NaN
2020-08-24,ETA0.8469_LL,2020-08-24 11:30:00,23,14.25528,3.627746,2.28663050399502,8.80396753616662,NaN
2020-08-24,ETA0.8469_LL,2020-08-24 12:00:00,24,10.01139,4.309922,-3.07412131845876,8.80396743616665,NaN
2020-08-24,ETA0.8469_LL,2020-08-24 12:30:00,25,10.05596,5.069561,-3.77510383458779,8.80396743616665,NaN
2020-08-24,ETA0.8469_LL,2020-08-24 13:00:00,26,9.40188,4.902171,-4.29709510380558,8.80396743616665,NaN
2020-08-24,ETA0.8469_LL,2020-08-24 13:30:00,27,10.58522,6.809847,-4.98343671630822,8.80396743616665,NaN
2020-08-24,ETA0.8469_LL,2020-08-24 14:00:00,28,10.44682,6.453787,-4.76345637616665,8.80396743616664,NaN
2020-08-24,ETA0.8469_LL,2020-08-24 14:30:00,29,14.32608,4.7234,1.14792065631521,8.80396753616665,NaN
2020-08-24,ETA0.8469_LL,2020-08-24 15:00:00,30,8.92004,4.525458,-4.40938543616665,8.80396743616664,NaN
2020-08-24,ETA0.8469_LL,2020-08-24 15:30:00,31,7.60056,3.510117,-4.52928275768953,8.80396743616664,NaN
2020-08-24,ETA0.8469_LL,2020-08-24 16:00:00,32,10.59344,3.117691,-1.30198332239126,8.80396743616665,NaN
2020-08-24,ETA0.8469_LL,2020-08-24 16:30:00,33,12.01244,2.07157,1.38773258216244,8.80396753616663,NaN
2020-08-24,ETA0.8469_LL,2020-08-24 17:00:00,34,9.71752,1.523382,-0.601046396166644,8.80396743616665,NaN
2020-08-24,ETA0.8469_LL,2020-08-24 17:30:00,35,10.7835,1.246723,0.925939554165727,8.80396753616665,NaN
2020-08-24,ETA0.8469_LL,2020-08-24 18:00:00,36,18.87078,1.0011955,10.7099745233598,8.80396753616662,NaN
2020-08-24,ETA0.8469_LL,2020-08-24 18:30:00,37,18.22888,0.725876,10.2735995912544,8.80396753616665,NaN
2020-08-24,ETA0.8469_LL,2020-08-24 19:00:00,38,12.09404,0.84094,2.90840731353566,8.80396753616665,NaN
2020-08-24,ETA0.8469_LL,2020-08-24 19:30:00,39,16.00942,0.335198,8.1146870041721,8.80396753616665,NaN
2020-08-24,ETA0.8469_LL,2020-08-24 20:00:00,40,13.29302,0.088711,5.19582177805332,8.80396753616665,NaN
2020-08-24,ETA0.8469_LL,2020-08-24 20:30:00,41,12.19997,0.013357,4.06908252847939,8.80396753616665,NaN
2020-08-24,ETA0.8469_LL,2020-08-24 21:00:00,42,15.5166,0.011191,7.98158119216999,8.80396753616665,NaN
2020-08-24,ETA0.8469_LL,2020-08-24 21:30:00,43,14.87162,0.00893,7.16298179264373,8.80396753616658,NaN
2020-08-24,ETA0.8469_LL,2020-08-24 22:00:00,44,16.79454,0.003154,9.4313596219546,8.80396753616665,NaN
2020-08-24,ETA0.8469_LL,2020-08-24 22:30:00,45,12.835,0.009633,4.79310270579908,8.80396753616665,NaN
2020-08-24,ETA0.8469_LL,2020-08-24 23:00:00,46,9.01564,0.006023,0.242826146928034,8.80396753616665,NaN
2020-08-24,ETA0.8469_LL,2020-08-24 23:30:00,47,10.04552,0.003629,1.46171149348607,8.80396753616665,NaN
2020-08-24,ETA0.8469_LL,2020-08-25 00:00:00,48,11.0438,0.004237,2.63973959597751,8.80396753616665,NaN
2020-08-24,ETA0.8469_IMPROVED_PEAK_GUARD,2020-08-24 00:30:00,1,6.75743,0.004807,-9.47207555425001,17.9361625,17.9361625
2020-08-24,ETA0.8469_IMPROVED_PEAK_GUARD,2020-08-24 01:00:00,2,6.37418,0.004427,-9.79618357011366,17.9360604700834,17.9361625
2020-08-24,ETA0.8469_IMPROVED_PEAK_GUARD,2020-08-24 01:30:00,3,4.10152,0.003553,-11.72011173325,17.9361625,17.9361625
2020-08-24,ETA0.8469_IMPROVED_PEAK_GUARD,2020-08-24 02:00:00,4,4.11671,0.003135,-11.70682932225,17.9361625,17.9361625
2020-08-24,ETA0.8469_IMPROVED_PEAK_GUARD,2020-08-24 02:30:00,5,4.44797,0.004693,-11.42784322825,17.9361625,17.9361625
2020-08-24,ETA0.8469_IMPROVED_PEAK_GUARD,2020-08-24 03:00:00,6,4.4792,0.004351,-11.40105254125,17.9361625,17.9361625
2020-08-24,ETA0.8469_IMPROVED_PEAK_GUARD,2020-08-24 03:30:00,7,4.24431,0.003154,-11.59878388225,17.9361625,17.9361625
2020-08-24,ETA0.8469_IMPROVED_PEAK_GUARD,2020-08-24 04:00:00,8,3.74379,0.003192,-12.02271227025,17.9361625,17.9361625
2020-08-24,ETA0.8469_IMPROVED_PEAK_GUARD,2020-08-24 04:30:00,9,4.02711,0.003629,-11.78320556225,17.9361625,17.9361625
2020-08-24,ETA0.8469_IMPROVED_PEAK_GUARD,2020-08-24 05:00:00,10,5.83211,0.006441,-10.25736306225,17.9361625,17.9361625
2020-08-24,ETA0.8469_IMPROVED_PEAK_GUARD,2020-08-24 05:30:00,11,7.76492,0.003591,-8.61761627325001,17.9361625,17.9361625
2020-08-24,ETA0.8469_IMPROVED_PEAK_GUARD,2020-08-24 06:00:00,12,10.10506,0.001064,-6.63322470725,17.9361625,17.9361625
2020-08-24,ETA0.8469_IMPROVED_PEAK_GUARD,2020-08-24 06:30:00,13,10.5033,0,-6.29489125125,17.9361625,17.9361625
2020-08-24,ETA0.8469_IMPROVED_PEAK_GUARD,2020-08-24 07:00:00,14,10.14938,0,-6.59462609925,17.9361625,17.9361625
2020-08-24,ETA0.8469_IMPROVED_PEAK_GUARD,2020-08-24 07:30:00,15,10.0849,0.07619,-6.72542421125,17.9361625,17.9361625
2020-08-24,ETA0.8469_IMPROVED_PEAK_GUARD,2020-08-24 08:00:00,16,10.6098,0.388588,-6.59328440125,17.9361625,17.9361625
2020-08-24,ETA0.8469_IMPROVED_PEAK_GUARD,2020-08-24 08:30:00,17,7.82226,1.249174,-9.81463802725,17.9361625,17.9361625
2020-08-24,ETA0.8469_IMPROVED_PEAK_GUARD,2020-08-24 09:00:00,18,10.41748,1.460131,-7.82770320925,17.9361625,17.9361625
2020-08-24,ETA0.8469_IMPROVED_PEAK_GUARD,2020-08-24 09:30:00,19,8.14186,2.009022,-10.30381678725,17.9361625,17.9361625
2020-08-24,ETA0.8469_IMPROVED_PEAK_GUARD,2020-08-24 10:00:00,20,5.45138,3.660673,-14.23403529925,17.9361625,17.9361625
2020-08-24,ETA0.8469_IMPROVED_PEAK_GUARD,2020-08-24 10:30:00,21,6.84392,5.845578,1.53318535836581,-6.10622663543836e-16,17.9361625
2020-08-24,ETA0.8469_IMPROVED_PEAK_GUARD,2020-08-24 11:00:00,22,9.1955,4.427418,5.8619273822175,2.74780198594726e-15,17.9361625
2020-08-24,ETA0.8469_IMPROVED_PEAK_GUARD,2020-08-24 11:30:00,23,14.25528,3.627746,12.6821524501122,-2.77555756156289e-17,17.9361625
2020-08-24,ETA0.8469_IMPROVED_PEAK_GUARD,2020-08-24 12:00:00,24,10.01139,4.309922,6.93298587790766,2.77555756156289e-17,17.9361625
2020-08-24,ETA0.8469_IMPROVED_PEAK_GUARD,2020-08-24 12:30:00,25,10.05596,5.069561,5.97447750619908,0.13805782,17.9361625
2020-08-24,ETA0.8469_IMPROVED_PEAK_GUARD,2020-08-24 13:00:00,26,9.40188,4.902171,5.52296207344433,1.38777878078145e-16,17.9361625
2020-08-24,ETA0.8469_IMPROVED_PEAK_GUARD,2020-08-24 13:30:00,27,10.58522,6.809847,4.80367218089503,-7.7715611723761e-16,17.9361625
2020-08-24,ETA0.8469_IMPROVED_PEAK_GUARD,2020-08-24 14:00:00,28,10.44682,6.453787,5.01426676112882,-5.55111512312578e-17,17.9361625
2020-08-24,ETA0.8469_IMPROVED_PEAK_GUARD,2020-08-24 14:30:00,29,14.32608,4.7234,11.4825113194002,0.0994238921479989,17.9361625
2020-08-24,ETA0.8469_IMPROVED_PEAK_GUARD,2020-08-24 15:00:00,30,8.92004,4.525458,5.34723898925493,-2.91433543964104e-16,17.9361625
2020-08-24,ETA0.8469_IMPROVED_PEAK_GUARD,2020-08-24 15:30:00,31,7.60056,3.510117,4.96441620025977,-2.77555756156289e-16,17.9361625
2020-08-24,ETA0.8469_IMPROVED_PEAK_GUARD,2020-08-24 16:00:00,32,10.59344,3.117691,8.93604455071437,2.22044604925031e-16,17.9361625
2020-08-24,ETA0.8469_IMPROVED_PEAK_GUARD,2020-08-24 16:30:00,33,12.01244,2.07157,11.7832545282796,2.77555756156289e-17,17.9361625
2020-08-24,ETA0.8469_IMPROVED_PEAK_GUARD,2020-08-24 17:00:00,34,9.71752,1.523382,9.69816625339473,0.00248164999999996,17.9361625
2020-08-24,ETA0.8469_IMPROVED_PEAK_GUARD,2020-08-24 17:30:00,35,10.7835,1.246723,9.9359762191522,1.13228692,17.9361625
2020-08-24,ETA0.8469_IMPROVED_PEAK_GUARD,2020-08-24 18:00:00,36,18.87078,1.0011955,18.452363112528,2.24693864,17.9361625
2020-08-24,ETA0.8469_IMPROVED_PEAK_GUARD,2020-08-24 18:30:00,37,18.22888,0.725876,14.8829035305231,4.90034803,17.9361625
2020-08-24,ETA0.8469_IMPROVED_PEAK_GUARD,2020-08-24 19:00:00,38,12.09404,0.84094,9.02527216908726,3.62359469,17.9361625
2020-08-24,ETA0.8469_IMPROVED_PEAK_GUARD,2020-08-24 19:30:00,39,16.00942,0.335198,12.9401322470185,4.71729796,17.9361625
2020-08-24,ETA0.8469_IMPROVED_PEAK_GUARD,2020-08-24 20:00:00,40,13.29302,0.088711,8.05215373715905,6.38494,17.9361625
2020-08-24,ETA0.8469_IMPROVED_PEAK_GUARD,2020-08-24 20:30:00,41,12.19997,0.013357,6.22259298618491,6.916699,17.9361625
2020-08-24,ETA0.8469_IMPROVED_PEAK_GUARD,2020-08-24 21:00:00,42,15.5166,0.011191,7.77865509505254,8.917666,17.9361625
2020-08-24,ETA0.8469_IMPROVED_PEAK_GUARD,2020-08-24 21:30:00,43,14.87162,0.00893,3.25000561159082,12.1102602475437,17.9361625
2020-08-24,ETA0.8469_IMPROVED_PEAK_GUARD,2020-08-24 22:00:00,44,16.79454,0.003154,3.74810485299327,13.617116,17.9361625
2020-08-24,ETA0.8469_IMPROVED_PEAK_GUARD,2020-08-24 22:30:00,45,12.835,0.009633,1.63865719775823e-16,12.825367,17.9361625
2020-08-24,ETA0.8469_IMPROVED_PEAK_GUARD,2020-08-24 23:00:00,46,9.01564,0.006023,-3.27731439551646e-17,9.009617,17.9361625
2020-08-24,ETA0.8469_IMPROVED_PEAK_GUARD,2020-08-24 23:30:00,47,10.04552,0.003629,-5.89916591192963e-16,10.041891,17.9361625
2020-08-24,ETA0.8469_IMPROVED_PEAK_GUARD,2020-08-25 00:00:00,48,11.0438,0.004237,6.88236023058457e-16,11.039563,17.9361625
