Hour,Customer,Bus,ConnectedPhase,ConnectedVoltagePU,VUFPercent,VARealV,VAImagV,VAPU,VBRealV,VBImagV,VBPU,VCRealV,VCImagV,VCPU,Season,Date,Case
0,1,34,1,1.0458915631487715,0.04955048610595394,217.15362018750568,-126.2761504457937,1.0458915631487715,-218.03652598124424,-124.80721286678586,1.0460192318758355,0.6432346162449547,251.66728016561635,1.047841201025368,winter,2020-01-19,POOL_FLAT
0,2,47,2,1.0446570782191,0.06315085820473768,217.04249149960842,-126.12440215209104,1.045174018298235,-217.7393102429894,-124.66788775438113,1.0446570782191,0.6450237849504457,251.52914149865,1.0472660700833858,winter,2020-01-19,POOL_FLAT
0,3,70,1,1.0458103955635283,0.04897719859640899,217.13919305526002,-126.26217979994168,1.0458103955635283,-218.0367159482412,-124.80699895719371,1.0460194758654124,0.6430446492508057,251.6674940752132,1.0478420896317036,winter,2020-01-19,POOL_FLAT
0,4,73,1,1.0432195972773375,0.06832336100276586,216.71112733098076,-125.76027491595023,1.0432195972773375,-217.36757948878383,-124.46929811452404,1.0429030850026768,0.620656131019377,251.29379727482802,1.0462859424401956,winter,2020-01-19,POOL_FLAT
0,5,74,1,1.0433077624941405,0.06853829529927732,216.72681556786395,-125.77542929345483,1.0433077624941405,-217.36737287624476,-124.46953019011991,1.042902818638344,0.6208627435584692,251.29356519923218,1.046284978302009,winter,2020-01-19,POOL_FLAT
0,6,83,2,1.044589420681316,0.06529824115448744,217.04272507561114,-126.12435420657286,1.0451747588511144,-217.7232130751337,-124.66329828681228,1.044589420681316,0.6452573609531951,251.529189444168,1.0472662722022703,winter,2020-01-19,POOL_FLAT
0,7,178,2,1.0413156168855662,0.08643130753002792,216.63719699485694,-125.65115114877177,1.0427253454240653,-217.01079398387037,-124.32508440941237,1.0413156168855662,0.6343466207701646,251.12328465119543,1.0455761434650508,winter,2020-01-19,POOL_FLAT
0,8,208,3,1.0453662283470282,0.07347895408926705,216.63667233224888,-125.65043292096924,1.0427219554380067,-217.06843238872182,-124.33698302445768,1.0415484775028985,0.6266309899881984,251.07288693288038,1.0453662283470282,winter,2020-01-19,POOL_FLAT
0,9,225,1,1.0424990992320868,0.07789062283592134,216.59956975779758,-125.6077180825122,1.0424990992320868,-217.05605773283412,-124.32374281673441,1.0414763697957503,0.6434887358709108,251.12497177815874,1.045583264779771,winter,2020-01-19,POOL_FLAT
0,10,248,2,1.0408962456463717,0.09669738154950167,216.64414000643345,-125.64394104076446,1.0427352906251444,-216.91920338885447,-124.28233400854252,1.0408962456463717,0.6496856299162247,251.125713486905,1.0455864193678297,winter,2020-01-19,POOL_FLAT
0,11,249,2,1.0409094384747972,0.09628049209736113,216.64409446327878,-125.64395040307703,1.0427351461486312,-216.9223419766711,-124.2832298382773,1.0409094384747972,0.6496400867615602,251.1257041245924,1.0455863798966354,winter,2020-01-19,POOL_FLAT
0,12,264,3,1.0453689248639177,0.07353942993150697,216.63667532210133,-125.65042390017926,1.042721947362257,-217.06842939887193,-124.33697400366894,1.0415484480328812,0.626792649876766,251.07353417463045,1.0453689248639177,winter,2020-01-19,POOL_FLAT
0,13,276,2,1.0408536883938677,0.08572670442674626,216.53424477103175,-125.56172004267268,1.0421677378627288,-216.90832806780736,-124.28075479089125,1.0408536883938677,0.6112596301149775,251.01502857385793,1.0451251731699127,winter,2020-01-19,POOL_FLAT
0,14,289,1,1.0420350765791537,0.07694476466496154,216.50896510781627,-125.54179835624744,1.0420350765791537,-216.98032419239883,-124.30304594483268,1.0411599249980525,0.6043365954330544,251.01951223695423,1.0451437714276155,winter,2020-01-19,POOL_FLAT
0,15,314,2,1.0407979179954259,0.08745955911179645,216.53443724825595,-125.56168036059762,1.042168348253884,-216.8950641834565,-124.2769607659035,1.0407979179954259,0.6114521073394039,251.01506825593265,1.045125340340881,winter,2020-01-19,POOL_FLAT
0,16,320,3,1.0449449437653158,0.07349143403419246,216.53248731738142,-125.56478762127291,1.04216781484153,-216.97106344598419,-124.3012785232102,1.0411228103850547,0.601512812220545,250.97176490926833,1.0449449437653158,winter,2020-01-19,POOL_FLAT
0,17,327,3,1.045000390831015,0.07480299971021942,216.53254877962337,-125.56460212582749,1.0421676487824572,-216.97100198374318,-124.3010930277646,1.0411222044185988,0.6048357531386448,250.98507411110768,1.045000390831015,winter,2020-01-19,POOL_FLAT
0,18,337,3,1.0441338389659969,0.08302147969928768,216.152058167899,-125.22633580292069,1.0400907644748214,-216.66320871551753,-124.0605776636475,1.0395124635329032,0.558804513806659,250.77705385770534,1.0441338389659969,winter,2020-01-19,POOL_FLAT
0,19,342,3,1.0439707030279648,0.07187222640200944,216.2687301538026,-125.38493382965977,1.0408421670371415,-216.78225095221202,-124.17515695292366,1.0401796511935788,0.5543225872510299,250.7378820926222,1.0439707030279648,winter,2020-01-19,POOL_FLAT
0,20,349,1,1.040301348687995,0.08115726007570467,216.178718288122,-125.28120769731262,1.040301348687995,-216.71345071393333,-124.11002109226868,1.039796293114028,0.562495053984428,250.78038960485108,1.0441477619460415,winter,2020-01-19,POOL_FLAT
0,21,387,1,1.0408557190028302,0.07702984473909004,216.27482180274302,-125.380915990468,1.0408557190028302,-216.8086700573773,-124.18935485202812,1.040304481719473,0.5705294920441799,250.8207280526733,1.0443157895821016,winter,2020-01-19,POOL_FLAT
0,22,388,1,1.040301302290909,0.08115722076281506,216.17871002742203,-125.28119972718163,1.040301302290909,-216.71345082273598,-124.1100209702027,1.0397962932545628,0.5624949451815229,250.7803897269182,1.044147762453261,winter,2020-01-19,POOL_FLAT
0,23,406,2,1.0390128701978454,0.09799899283981886,216.1286961950801,-125.17863231015981,1.0399070410474118,-216.55717646458905,-124.00427738093448,1.0390128701978454,0.5690152731095294,250.8224669533203,1.0443230153001697,winter,2020-01-19,POOL_FLAT
0,24,458,3,1.0433438332601672,0.06454836751156304,216.20304614481338,-125.34767048516429,1.040527755950958,-216.71834431512045,-124.14636633280575,1.039889184892166,0.5305814950793679,250.58737297080438,1.0433438332601672,winter,2020-01-19,POOL_FLAT
0,25,502,1,1.0380940207126705,0.10962595893986807,215.83881293708546,-124.81018810566235,1.0380940207126705,-216.5462176129061,-123.81379185963772,1.0385793821450475,0.521573090043059,250.96624359638366,1.0449212106571824,winter,2020-01-19,POOL_FLAT
0,26,522,2,1.0389534435916872,0.08569065537754857,216.08772828496478,-125.23519584799638,1.0398775118228403,-216.52213224220955,-124.03674607662833,1.0389534435916872,0.5679617750501229,250.6059649376608,1.0434215834142435,winter,2020-01-19,POOL_FLAT
0,27,539,3,1.0433725298312058,0.06885098075420618,216.17589324303822,-125.32871395309313,1.0403903641648242,-216.68445635222903,-124.13008004287671,1.0397330489949068,0.5403866188045825,250.5942443108814,1.0433725298312058,winter,2020-01-19,POOL_FLAT
0,28,556,3,1.0433912601151465,0.0693039069959828,216.1759139892208,-125.32865128671052,1.0403903080279313,-216.68443560604635,-124.13001737649414,1.0397328443483538,0.5415079730914534,250.59874049750533,1.0433912601151465,winter,2020-01-19,POOL_FLAT
0,29,562,1,1.0377280812459022,0.11618105592452897,215.78487289224364,-124.72788630117827,1.0377280812459022,-216.49859630405663,-123.7705859527021,1.0383179667438205,0.5282278220698189,250.98832723550404,1.0450132154834781,winter,2020-01-19,POOL_FLAT
0,30,563,1,1.0380070651208475,0.11048940426489469,215.82331662518013,-124.79526583000495,1.0380070651208475,-216.54642174785667,-123.81356328666288,1.0385796476098752,0.521368955091647,250.96647216935665,1.0449221605717949,winter,2020-01-19,POOL_FLAT
0,31,611,1,1.037710095192371,0.11638165708391236,215.78166706602502,-124.72480032462703,1.037710095192371,-216.4986385359996,-123.77053868182769,1.0383180217129333,0.5281855901269251,250.98837450637805,1.0450134119292336,winter,2020-01-19,POOL_FLAT
0,32,614,3,1.0432561461317251,0.07947498957073194,216.05091253653825,-125.21066384438583,1.039693672984422,-216.539262168573,-124.03012087086549,1.039001620239159,0.5550732210064163,250.56625937078255,1.0432561461317251,winter,2020-01-19,POOL_FLAT
0,33,619,3,1.0449300146696463,0.11419577211012823,215.88439453496926,-124.78929967543422,1.0382147903734815,-216.4198378001961,-123.75321042009226,1.0379973862778218,0.5584670311679892,250.96827874213193,1.0449300146696463,winter,2020-01-19,POOL_FLAT
0,34,629,1,1.0385440600380766,0.10358469464781686,215.90996289380328,-124.90306265686434,1.0385440600380766,-216.57260513761855,-123.86539449172557,1.0387814114783205,0.5298145676411793,250.9324955940545,1.0447807702157188,winter,2020-01-19,POOL_FLAT
0,35,639,2,1.037573406305827,0.12520222843036138,215.8979520206739,-124.78597994761436,1.038256744615174,-216.3191451555102,-123.72415933374364,1.037573406305827,0.5752999718689604,250.9848052057594,1.0449989821103698,winter,2020-01-19,POOL_FLAT
0,36,676,2,1.037907436372134,0.11935507313141769,215.87618714055833,-124.78884283027006,1.0381842534222372,-216.39929477774612,-123.74561433701078,1.037907436372134,0.5539858529029805,250.98469368043757,1.0449983181207583,winter,2020-01-19,POOL_FLAT
0,37,682,2,1.0379457500968987,0.11840574467207766,215.8760548536784,-124.78886990746854,1.0381838329932869,-216.4084118917301,-123.74820821562756,1.0379457500968987,0.5538535660231092,250.98466660323913,1.044998204167274,winter,2020-01-19,POOL_FLAT
0,38,688,2,1.0388150077228056,0.08438880065184787,216.00549805476282,-125.17957871979871,1.0394651777209478,-216.50247267843304,-124.00417322257232,1.0388150077228056,0.547720747473506,250.56357045006754,1.0432448832459722,winter,2020-01-19,POOL_FLAT
0,39,701,3,1.0428403550395589,0.07379039719653993,215.96359543659364,-125.16087544129093,1.039275182846296,-216.51218079363375,-124.0016586278867,1.038844879286955,0.5221163926405131,250.46646624175187,1.0428403550395589,winter,2020-01-19,POOL_FLAT
0,40,702,2,1.0386742528056216,0.08245787436255224,215.93766975451805,-125.13997654464346,1.0391381588824047,-216.47659340235086,-123.98133730187004,1.0386742528056216,0.5327581533068726,250.5054805486005,1.0430028873072872,winter,2020-01-19,POOL_FLAT
0,41,755,2,1.0382273367973684,0.0853120548271435,215.87528887200602,-125.09520133817715,1.0388199647153125,-216.371245022426,-123.94929712801573,1.0382273367973684,0.5193670182210012,250.41252834413226,1.0426157567728591,winter,2020-01-19,POOL_FLAT
0,42,778,3,1.0429135055617194,0.07572775141822068,215.9636764453132,-125.16063069454107,1.0392749637045728,-216.51209978491795,-124.00141388113634,1.0388440801635113,0.5264947399528086,250.4840262403413,1.0429135055617194,winter,2020-01-19,POOL_FLAT
0,43,780,3,1.0417863156836045,0.06382649855574482,215.83798079816043,-125.08868417478008,1.0386719610496213,-216.38836241690836,-123.9667550438132,1.038325309453625,0.47196904230341985,250.21340854678692,1.0417863156836045,winter,2020-01-19,POOL_FLAT
0,44,785,2,1.0386672232782823,0.09294812342474663,216.07675320017853,-125.22511867871063,1.039816937496033,-216.45641434925318,-124.01316790582622,1.0386672232782823,0.5677921491500599,250.59839563679088,1.0433900664772509,winter,2020-01-19,POOL_FLAT
0,45,813,2,1.0382810665200854,0.08373381288554789,215.8751033871303,-125.09523945224424,1.0388193760812359,-216.38402772146898,-123.95294447285738,1.0382810665200854,0.5191815333451264,250.41249023006498,1.0426155964806336,winter,2020-01-19,POOL_FLAT
0,46,817,1,1.038776400524464,0.08257881040698854,215.8807699728133,-125.06487064238169,1.038776400524464,-216.52794296610233,-124.00505056407353,1.0389088467262488,0.5412825557870834,250.55868789719813,1.0432244961239212,winter,2020-01-19,POOL_FLAT
0,47,835,3,1.0418383187692164,0.0650944936044394,215.8380384659854,-125.08851018024266,1.0386718055351807,-216.38830474908286,-123.96658104927627,1.0383247410000302,0.47508709895868617,250.22589265050607,1.0418383187692164,winter,2020-01-19,POOL_FLAT
0,48,860,1,1.0388440498372618,0.08217833543616317,215.89281625016372,-125.07648961616452,1.0388440498372618,-216.5277842991921,-124.00522851743052,1.0389086416750588,0.5414412226959763,250.55850994383994,1.043223756629306,winter,2020-01-19,POOL_FLAT
0,49,861,1,1.0387741914602062,0.0825928383126234,215.88037663187282,-125.06449118193353,1.0387741914602062,-216.52794814689327,-124.00504475242924,1.0389088534192925,0.5412773749947817,250.55869370884122,1.0432245202745283,winter,2020-01-19,POOL_FLAT
0,50,886,2,1.0374387411152566,0.09722189426052942,215.83691832188273,-125.02139480216702,1.0385276794255356,-216.19515650284671,-123.87564468330656,1.0374387411152566,0.5354865763478996,250.3753926080829,1.042461280741863,winter,2020-01-19,POOL_FLAT
0,51,896,1,1.0385670044869322,0.08087994790351663,215.83307727561254,-125.04686748954796,1.0385670044869322,-216.470897531055,-123.96736423341262,1.0386247607509964,0.5191254442469143,250.47741413076707,1.0428859115086553,winter,2020-01-19,POOL_FLAT
0,52,898,1,1.0381699123400085,0.08252405990230657,215.7625794403987,-124.9782984231758,1.0381699123400085,-216.33980878099086,-123.91738801956228,1.0380477266871937,0.5115153977142886,250.37044020022304,1.0424404523400232,winter,2020-01-19,POOL_FLAT
0,53,899,2,1.0375433848029367,0.09404318309981159,215.83691832188276,-125.021394802167,1.0385276794255356,-216.2201486333666,-123.88258069852012,1.0375433848029367,0.5354865763479033,250.37539260808285,1.0424612807418627,winter,2020-01-19,POOL_FLAT
0,54,900,1,1.0385413463114166,0.0809851870289151,215.8285084404423,-125.04246051108771,1.0385413463114166,-216.47095770900418,-123.96729673744079,1.038624838521239,0.5190652662977894,250.47748162673906,1.0428861920139216,winter,2020-01-19,POOL_FLAT
0,55,906,1,1.0380717629633816,0.08282009168901248,215.74527913484226,-124.9611342457589,1.0380717629633816,-216.34041810266004,-123.91670472641334,1.0380485140774853,0.5109060760454843,250.3711234933728,1.0424432921022995,winter,2020-01-19,POOL_FLAT
1,1,34,1,1.045964340438603,0.054119213720192544,217.03063218989095,-126.52212302784052,1.045964340438603,-217.94244200138664,-124.6071862651522,1.0452656608038717,1.3217256407017213,250.7433893592432,1.0440055857959478,winter,2020-01-19,POOL_FLAT
1,2,47,2,1.0438077032878583,0.0607481479755789,216.87944748339206,-126.45344780872487,1.0452765262952437,-217.56871171954492,-124.5552798090674,1.0438077032878583,1.2881278748001441,250.28206522441448,1.0420841215573589,winter,2020-01-19,POOL_FLAT
1,3,70,1,1.045950436145568,0.054129759596412474,217.02816275835363,-126.51972820062576,1.045950436145568,-217.94247451345805,-124.60714960099799,1.045265702549983,1.3216931286332523,250.7434260234021,1.0440057377345904,winter,2020-01-19,POOL_FLAT
1,4,73,1,1.0434948112411742,0.07813024975027327,216.5061713145958,-126.2440712215303,1.0434948112411742,-217.03856358594646,-124.49462003219095,1.0417669791169144,1.211803389473875,249.50633725323488,1.0388527641543497,winter,2020-01-19,POOL_FLAT
1,5,74,1,1.0435845815583704,0.07915882232057547,216.52214203493585,-126.25948495236022,1.0435845815583704,-217.0383532386447,-124.49485609454214,1.041766708461727,1.2120137367756656,249.50610119088373,1.0388517855544963,winter,2020-01-19,POOL_FLAT
1,6,83,2,1.0437744048271458,0.06002260009103505,216.8795624420886,-126.45342421854984,1.045276890311318,-217.56078916690905,-124.55302151490122,1.0437744048271458,1.2882428334967277,250.2820888145891,1.0420842222392204,winter,2020-01-19,POOL_FLAT
1,7,178,2,1.0390621177492232,0.09139756961156081,216.42560768314164,-126.24326906046427,1.0432033719804041,-216.35930303218336,-124.37293516503436,1.0390621177492232,1.2157955260548592,248.967681210583,1.0366101321933456,winter,2020-01-19,POOL_FLAT
1,8,208,3,1.035237402699757,0.1436385543442731,216.42645457240357,-126.25687339819426,1.0432349586636425,-216.60378584781006,-124.44783091991481,1.0401000583744067,1.1496770250178465,248.63829276158623,1.035237402699757,winter,2020-01-19,POOL_FLAT
1,9,225,1,1.043164948801534,0.10114637126924188,216.4218616594973,-126.23137526291103,1.043164948801534,-216.57610229831394,-124.42357106887233,1.039949797643961,1.2383902258446275,248.94436441375154,1.0365135156235006,winter,2020-01-19,POOL_FLAT
1,10,248,2,1.0387374184479343,0.0954902488159419,216.45018391918433,-126.24549341854674,1.0432964265038704,-216.29049430894904,-124.33615359748697,1.0387374184479343,1.2497292903431139,248.94668835407728,1.0365234273487907,winter,2020-01-19,POOL_FLAT
1,11,249,2,1.0390059209366092,0.0960904601380053,216.44925729505604,-126.24568528425232,1.043293496343044,-216.35434494700428,-124.3544767722737,1.0390059209366092,1.2488026662148182,248.9464964883717,1.0365226091495372,winter,2020-01-19,POOL_FLAT
1,12,264,3,1.0356522773411496,0.1301435748180531,216.42691753309487,-126.25548649721746,1.0432337139209207,-216.60332288712115,-124.44644401893912,1.0400955103390512,1.1747614362410046,248.73782026243987,1.0356522773411496,winter,2020-01-19,POOL_FLAT
1,13,276,2,1.0399018072354749,0.104685923513161,216.24006015489584,-126.18044602000005,1.0424042788748824,-216.54296693055446,-124.4581008016127,1.0399018072354749,1.113364438715398,248.7313916769812,1.0356243358978767,winter,2020-01-19,POOL_FLAT
1,14,289,1,1.0423220031712237,0.10577239997641333,216.22479973151357,-126.16738973427061,1.0423220031712237,-216.5882348255445,-124.47124911123989,1.0400924969592424,1.1090357994787756,248.73594007489206,1.0356431928300542,winter,2020-01-19,POOL_FLAT
1,15,314,2,1.0398849851123346,0.1044290895176452,216.24011863348645,-126.1804348869183,1.0424044658093348,-216.53893221187414,-124.45701271894472,1.0398849851123346,1.1134229173061805,248.73140281006252,1.0356243833408063,winter,2020-01-19,POOL_FLAT
1,16,320,3,1.035460417422264,0.11224032661995478,216.23869010459333,-126.18322071057202,1.0424051745244873,-216.5831782766383,-124.47190443407608,1.0400756028295872,1.1046825824896935,248.69206043417668,1.035460417422264,winter,2020-01-19,POOL_FLAT
1,17,327,3,1.0355077738821115,0.11069636434798195,216.2387429223988,-126.18306238950622,1.0424050322330594,-216.58312545883368,-124.47174611301006,1.0400750837051231,1.1075438935972255,248.70342178681946,1.0355077738821115,winter,2020-01-19,POOL_FLAT
1,18,337,3,1.032978504160942,0.12429045270086503,215.62048723990574,-125.90041293068131,1.0395886352604924,-216.41535188673032,-124.3571825458246,1.0392317638332564,0.9098721314939696,248.0967452260577,1.032978504160942,winter,2020-01-19,POOL_FLAT
1,19,342,3,1.0330901130622636,0.13113250224545714,215.83468470761198,-126.08418730769196,1.0407446307964694,-216.4443674589837,-124.45542476025983,1.0395403463980117,0.9728858793664241,248.123312303032,1.0330901130622636,winter,2020-01-19,POOL_FLAT
1,20,349,1,1.0400008886527825,0.12542404788325773,215.68981257990052,-125.97804534151489,1.0400008886527825,-216.41993916135888,-124.40842404223986,1.0393546343173452,0.9394844591638795,248.08883868574424,1.032946044376943,winter,2020-01-19,POOL_FLAT
1,21,387,1,1.0408040989223193,0.12296424450721564,215.85917393183544,-126.07057970272464,1.0408040989223193,-216.46391557364768,-124.45569429807156,1.0396114642568266,0.99450821064582,248.22563133858068,1.0335164804187182,winter,2020-01-19,POOL_FLAT
1,22,388,1,1.039994858417696,0.12535958044132633,215.68874245790565,-125.97700582446092,1.039994858417696,-216.41995324853457,-124.40840812942061,1.0393546521481833,0.9394703719878819,248.08885459856447,1.032946110408717,winter,2020-01-19,POOL_FLAT
1,23,406,2,1.0389940055615543,0.11449488027112074,215.57009717647404,-125.8390889019432,1.0392787173740852,-216.37610676359463,-124.31086274000292,1.0389940055615543,0.9026434299819017,248.14597326486194,1.033183357923324,winter,2020-01-19,POOL_FLAT
1,24,458,3,1.0317232952250135,0.1546771310583316,215.7311943930066,-126.09100138797935,1.0403869109101123,-216.38435712333293,-124.47433197083251,1.0393630012197534,0.9159984939604953,247.79524741497312,1.0317232952250135,winter,2020-01-19,POOL_FLAT
1,25,502,1,1.0362133778957792,0.1064686122715628,215.04213384925364,-125.28297810638391,1.0362133778957792,-216.46083647058964,-124.07253929837574,1.0388061054747668,0.7655961084095835,248.34395117135992,1.0340057335470656,winter,2020-01-19,POOL_FLAT
1,26,522,2,1.0382594387344002,0.1379488723361969,215.58627926738822,-125.99099715077925,1.0396558901297557,-216.13597820624548,-124.37454770505677,1.0382594387344002,0.9535176296783857,247.68391097161282,1.0312603293429699,winter,2020-01-19,POOL_FLAT
1,27,539,3,1.0300520850163333,0.19796462760639758,215.68746470983712,-126.10602990880254,1.0402613044240434,-216.34649454028786,-124.4907024138821,1.0392603488788057,0.8354812601940796,247.39414224358313,1.0300520850163333,winter,2020-01-19,POOL_FLAT
1,28,556,3,1.0297647155174858,0.20733475547322738,215.68714537393637,-126.10699099855881,1.0402621763596267,-216.3468138761884,-124.49166350363836,1.039263497067592,0.8182023010601703,247.32517986708487,1.0297647155174858,winter,2020-01-19,POOL_FLAT
1,29,562,1,1.0366132999855375,0.10064416574203072,215.12002914359542,-125.34008280748066,1.0366132999855375,-216.422709086284,-124.05358499486603,1.038629134432054,0.7764558767699296,248.34713144391264,1.034019115191916,winter,2020-01-19,POOL_FLAT
1,30,563,1,1.0359110923194994,0.10967961880238808,214.98838181101874,-125.23101478882347,1.0359110923194994,-216.46154433634274,-124.07174357196455,1.0388070149279443,0.7648882426555242,248.344746897769,1.0340090375232553,winter,2020-01-19,POOL_FLAT
1,31,611,1,1.0366127653207355,0.10064682905964271,215.11993416468508,-125.33999074043683,1.0366127653207355,-216.42271033680396,-124.05358358529767,1.0386291360306694,0.7764546262500969,248.34713285348045,1.0340191210444623,winter,2020-01-19,POOL_FLAT
1,32,614,3,1.0310834782559293,0.14008297741421066,215.5472207542803,-125.96093681474116,1.0394523349837532,-216.11973415406547,-124.35660582618966,1.038163559874817,0.9478351112028488,247.64145678210735,1.0310834782559293,winter,2020-01-19,POOL_FLAT
1,33,619,3,1.0339278392224336,0.09896791833406236,215.1671977350904,-125.36728628869649,1.0368400088236984,-216.3747562037205,-124.04496251383873,1.0384380660347985,0.7927010140852291,248.32515755706237,1.0339278392224336,winter,2020-01-19,POOL_FLAT
1,34,629,1,1.0373567505317234,0.10507653599103152,215.240636530436,-125.48775383231025,1.0373567505317234,-216.44938317561326,-124.13655183943155,1.0388973025657628,0.800098689143857,248.29327240133267,1.0337951821782194,winter,2020-01-19,POOL_FLAT
1,35,639,2,1.038219241876124,0.091881226630527,215.17425145399798,-125.36544182153561,1.0368615185443983,-216.32270210962093,-124.03008856425275,1.038219241876124,0.8029584808092973,248.3399312065846,1.0339894874396327,winter,2020-01-19,POOL_FLAT
1,36,676,2,1.0383206710615418,0.09333313028927233,215.1635509626333,-125.36584556286734,1.0368238697487169,-216.34781880901005,-124.03525869611053,1.0383206710615418,0.7926986912184851,248.34222095250124,1.033998883704253,winter,2020-01-19,POOL_FLAT
1,37,682,2,1.0383514877494429,0.09423385875839699,215.16344458523673,-125.36586745995109,1.0368235329564173,-216.35514961016057,-124.03735316462756,1.0383514877494429,0.7925923138220246,248.34219905541752,1.0339987911207236,winter,2020-01-19,POOL_FLAT
1,38,688,2,1.0378810386646797,0.13624285380407009,215.49842503737753,-125.92481049108392,1.039201034532961,-216.06057444147626,-124.32336502508971,1.0378810386646797,0.9433253506430135,247.61300441675976,1.0309649436160748,winter,2020-01-19,POOL_FLAT
1,39,701,3,1.030502303010703,0.1452001619911992,215.48782369424976,-125.92845246002138,1.0391705754132965,-216.0207084630334,-124.32450853803788,1.0377395485985794,0.944820469332578,247.50188194499287,1.030502303010703,winter,2020-01-19,POOL_FLAT
1,40,702,2,1.0374438462384292,0.14189441493326407,215.49580451056954,-125.93758734252424,1.0392184546783836,-215.94385845038553,-124.31565497654292,1.0374438462384292,0.9696517220982453,247.47343777550884,1.0303842740956983,winter,2020-01-19,POOL_FLAT
1,41,755,2,1.036473151283739,0.15083050485874755,215.54051193031208,-125.99062091170104,1.039490582899517,-215.67193902959946,-124.32062617992855,1.036473151283739,1.017292413703215,247.2206504090415,1.0293325779314335,winter,2020-01-19,POOL_FLAT
1,42,778,3,1.0305261150889315,0.14442344514863326,215.48785020231958,-125.92837283535206,1.039170503433167,-216.02068195496744,-124.3244289133678,1.0377392875732916,0.9462556157517737,247.50759563452843,1.0305261150889315,winter,2020-01-19,POOL_FLAT
1,43,780,3,1.0277699486457226,0.18969075986335282,215.56384346458594,-126.0405804352906,1.0396794284486137,-215.58062251604835,-124.35877645403384,1.0362231324737683,0.9875805887234261,246.84545915963992,1.0277699486457226,winter,2020-01-19,POOL_FLAT
1,44,785,2,1.0378816216446787,0.13247165352391388,215.57458461504154,-125.97882529214523,1.0395882805793313,-216.04883774096217,-124.34404061540462,1.0378816216446787,0.9553830162926902,247.67186239838003,1.0312101944021341,winter,2020-01-19,POOL_FLAT
1,45,813,2,1.0365266339308772,0.15156517240256795,215.54032791076176,-125.9906604086186,1.0394900044226199,-215.68461185441,-124.32436258737852,1.0365266339308772,1.0171083941528125,247.22061091212393,1.029332410331646,winter,2020-01-19,POOL_FLAT
1,46,817,1,1.0378756407711418,0.127122848853172,215.26133796726344,-125.69956622060792,1.0378756407711418,-216.07823138242614,-124.31967956839286,1.037937107206991,0.9370455989567286,247.60486099815617,1.0309309387775698,winter,2020-01-19,POOL_FLAT
1,47,835,3,1.0274968648854255,0.19861059438175452,215.56353936746513,-126.04149355216693,1.0396802544343788,-215.5809266131688,-124.3596895709109,1.0362261289123704,0.9711150474363694,246.77993534547332,1.0274968648854255,winter,2020-01-19,POOL_FLAT
1,48,860,1,1.037622845832674,0.12642474628495887,215.21647022120746,-125.65599641567378,1.037622845832674,-216.07882204100366,-124.31901259007418,1.037937853950133,0.9364549403776129,247.60552797647347,1.0309337064738335,winter,2020-01-19,POOL_FLAT
1,49,861,1,1.0377610288158012,0.12674007664692755,215.24099579962652,-125.67981291574124,1.0377610288158012,-216.0784991760221,-124.31937717903376,1.0379374457776889,0.9367778053592235,247.60516338751387,1.0309321935730065,winter,2020-01-19,POOL_FLAT
1,50,886,2,1.0336236725141592,0.14820518040412264,215.6914874314418,-125.97538670560276,1.0400013274319635,-214.97553391887755,-124.1581849699605,1.0336236725141592,1.1813578951597035,247.09155743282443,1.0287981322005444,winter,2020-01-19,POOL_FLAT
1,51,896,1,1.0391297541006974,0.14424965412889623,215.47826216587274,-125.92538215337461,1.0391297541006974,-215.86629002040308,-124.32073420012549,1.0371745172934197,0.9851293942162893,247.37688517742103,1.0299825269736573,winter,2020-01-19,POOL_FLAT
1,52,898,1,1.03965152667992,0.1531363512647646,215.59989170110543,-125.96562425329573,1.03965152667992,-215.39198668784306,-124.28073898807449,1.0353804621066303,1.1150970849573327,247.0767579267866,1.0287352318423537,winter,2020-01-19,POOL_FLAT
1,53,899,2,1.0340422750295972,0.1492038559421115,215.6914874314418,-125.9753867056027,1.0400013274319633,-215.0754354740258,-124.18623325706153,1.0340422750295972,1.1813578951597015,247.09155743282446,1.0287981322005444,winter,2020-01-19,POOL_FLAT
1,54,900,1,1.0391016047065589,0.14383320780278194,215.47326796230803,-125.9205284420731,1.0391016047065589,-215.86635576201192,-124.32065990259703,1.037174600106368,0.9850636526075206,247.3769594749496,1.0299828352251885,winter,2020-01-19,POOL_FLAT
1,55,906,1,1.0396001264812216,0.15213105411049527,215.59091822906282,-125.95651119683609,1.0396001264812216,-215.39229146076357,-124.2803922044892,1.035380839616027,1.1147923120369976,247.0771047103728,1.0287366699640115,winter,2020-01-19,POOL_FLAT
2,1,34,1,1.046251799217447,0.06946473404715667,217.10265484727574,-126.53566151800881,1.046251799217447,-217.97466066323568,-124.70579666558834,1.045585941439577,1.3409385678321084,250.68074100864072,1.043745172605839,winter,2020-01-19,POOL_FLAT
2,2,47,2,1.0442677608979642,0.07754176442097457,216.95261483847318,-126.48992483677011,1.0456161968155722,-217.62630367748412,-124.67705701502615,1.0442677608979642,1.2992817191506245,250.19343174743773,1.0417153336784437,winter,2020-01-19,POOL_FLAT
2,3,70,1,1.0462663273677895,0.06942010994061987,217.10523581737795,-126.53816268801422,1.0462663273677895,-217.97462668071788,-124.70583495984329,1.0455858978051227,1.340972550352766,250.68070271439035,1.043745013923655,winter,2020-01-19,POOL_FLAT
2,4,73,1,1.0439612692296958,0.09844104591626807,216.5907977722511,-126.32134766044386,1.0439612692296958,-217.11255574676863,-124.64756857381353,1.042351140929028,1.2154301692869613,249.37538477636835,1.0383076124808661,winter,2020-01-19,POOL_FLAT
2,5,74,1,1.0440514918481392,0.09918155596199763,216.60682039324448,-126.33688701829416,1.0440514918481392,-217.1123447968272,-124.64780647629267,1.042350872405766,1.2156411192284342,249.3751468738892,1.03830662624686,winter,2020-01-19,POOL_FLAT
2,6,83,2,1.044259221458516,0.07732910005104918,216.9526442797902,-126.48991869802265,1.0456162898392196,-217.62427519788193,-124.67647185254798,1.044259221458516,1.2993111604676062,250.19343788618505,1.0417153598738642,winter,2020-01-19,POOL_FLAT
2,7,178,2,1.0396370043834877,0.10622351602081384,216.52190645049686,-126.34887936845445,1.0437712752939041,-216.42270434146616,-124.53964417682317,1.0396370043834877,1.21672111058848,248.80861327176487,1.035947866260482,winter,2020-01-19,POOL_FLAT
2,8,208,3,1.0345260496819284,0.1660023132326957,216.52271353163877,-126.36329679526904,1.0438044332289356,-216.6886549297681,-124.62151133317454,1.0407667911276668,1.147828838425696,248.46744833849442,1.0345260496819284,winter,2020-01-19,POOL_FLAT
2,9,225,1,1.0437556297423296,0.12230531885409804,216.5220590500983,-126.34116195021254,1.0437556297423296,-216.6607146196241,-124.59730804619679,1.0406157080173553,1.2394345230156965,248.7839027641154,1.0358454500430285,winter,2020-01-19,POOL_FLAT
2,10,248,2,1.0393971522778491,0.11017179270676739,216.5470184348688,-126.35199065145301,1.0438681100900604,-216.37370811213978,-124.50928862579956,1.0393971522778491,1.250751287147911,248.78628669474926,1.035855611423009,winter,2020-01-19,POOL_FLAT
2,11,249,2,1.0396775341305255,0.11246982375378786,216.54605090106878,-126.35219142555371,1.043865051957651,-216.44037539088745,-124.5284513913121,1.0396775341305255,1.2497837533479181,248.78608592064853,1.0358547552494095,winter,2020-01-19,POOL_FLAT
2,12,264,3,1.0349639360286704,0.15172925524736403,216.52320204687544,-126.36183295702739,1.043803117886996,-216.68816641453384,-124.62004749493413,1.0407619894051172,1.1742958390697715,248.57249637588433,1.0349639360286704,winter,2020-01-19,POOL_FLAT
2,13,276,2,1.0407392817996313,0.12879790540290698,216.33464266911878,-126.30185785018695,1.0429992083028803,-216.66344043332157,-124.65209477410887,1.0407392817996313,1.104774331413931,248.5589180866561,1.034906075287692,winter,2020-01-19,POOL_FLAT
2,14,289,1,1.0429180545992704,0.12950682965410648,216.3201220812842,-126.28807041764469,1.0429180545992704,-216.69166302130364,-124.6597532922729,1.0408570370220809,1.1020871167962978,248.5629761592375,1.0349229215778466,winter,2020-01-19,POOL_FLAT
2,15,314,2,1.0407482944694146,0.12896302079218372,216.33461159152284,-126.30186435118497,1.0429991102060137,-216.66558153975828,-124.65271393369127,1.0407482944694146,1.1047432538181687,248.55891158565765,1.0349060476454017,winter,2020-01-19,POOL_FLAT
2,16,320,3,1.034767256730404,0.13497998741593023,216.3336110806428,-126.30416006716722,1.0430003320168764,-216.68910309033237,-124.6614894105572,1.0408514028541447,1.097517674499298,248.5256087859844,1.034767256730404,winter,2020-01-19,POOL_FLAT
2,17,327,3,1.0348097551126259,0.13360130043122118,216.33365847651123,-126.30401798627798,1.0430002041689215,-216.6890556944648,-124.66134732966785,1.0408509368096501,1.1000851981445408,248.53580469843888,1.0348097551126259,winter,2020-01-19,POOL_FLAT
2,18,337,3,1.0318732055680278,0.16081926922209316,215.7179468678265,-126.08195041261955,1.0403202751364318,-216.57494774673256,-124.60450144534843,1.0403210995754357,0.8738021707024551,247.83140515188282,1.0318732055680278,winter,2020-01-19,POOL_FLAT
2,19,342,3,1.032267393265106,0.15812352156948856,215.94506030802907,-126.24287727777293,1.0414747711065293,-216.56504533453497,-124.67546454520804,1.0404327438506409,0.9651441063741697,247.92574208302858,1.032267393265106,winter,2020-01-19,POOL_FLAT
2,20,349,1,1.0407765432313942,0.15756148715717502,215.80151963385484,-126.15613090587517,1.0407765432313942,-216.55870683934324,-124.6443149034431,1.0403451695571362,0.9194117847811417,247.85668911014218,1.0319791637351055,winter,2020-01-19,POOL_FLAT
2,21,387,1,1.0415088991157304,0.15148761245400583,215.96608456889797,-126.22315235612604,1.0415088991157304,-216.5824724300519,-124.671790763377,1.0404879965392506,0.9836331445277958,248.01851535476163,1.0326539620498103,winter,2020-01-19,POOL_FLAT
2,22,388,1,1.0407593882247383,0.15740607630927292,215.79848083941778,-126.15316498977798,1.0407593882247383,-216.55874682725633,-124.64426951698195,1.0403452195893836,0.9193717968678163,247.85673449660464,1.0319793520865599,winter,2020-01-19,POOL_FLAT
2,23,406,2,1.0401932126456572,0.15063400689026293,215.66245898738575,-126.02201490646844,1.0399948987394603,-216.56175081953762,-124.56584396766122,1.0401932126456572,0.8659601066534656,247.89852694267123,1.032152556450966,winter,2020-01-19,POOL_FLAT
2,24,458,3,1.0307738089074598,0.18515466308861547,215.84939563678097,-126.26276019478384,1.0411727279474894,-216.5045897174749,-124.70374384078247,1.040273368484399,0.9054990621903424,247.56723902938091,1.0307738089074598,winter,2020-01-19,POOL_FLAT
2,25,502,1,1.036852527440683,0.1450214763171994,215.1090563917251,-125.47298836157633,1.036852527440683,-216.69058822238696,-124.34315285150056,1.0401964564619763,0.7038180098976059,248.08901030754734,1.0329435092384993,winter,2020-01-19,POOL_FLAT
2,26,522,2,1.039149184335453,0.16935682677317518,215.73450528601626,-126.18028341215856,1.040586440235396,-216.2462201716382,-124.61133582161055,1.039149184335453,0.9583393842365991,247.45373030798783,1.0303020375519514,winter,2020-01-19,POOL_FLAT
2,27,539,3,1.0289767373065735,0.23203330506971154,215.81149537889985,-126.28400691953456,1.0410811971595124,-216.46323866753923,-124.72352258957406,1.0401652922503903,0.8212897334666108,247.13591378591698,1.0289767373065735,winter,2020-01-19,POOL_FLAT
2,28,556,3,1.028691068013807,0.24131031665106598,215.8111779905278,-126.28496234064946,1.0410820656755706,-216.4635560559112,-124.72447801068898,1.0401684232417616,0.8041171709104958,247.0673584972644,1.028691068013807,winter,2020-01-19,POOL_FLAT
2,29,562,1,1.0372960109299685,0.14108988066670725,215.19112830442896,-125.54368617919772,1.0372960109299685,-216.66929264355204,-124.33191967250373,1.04009627460603,0.7081950561728546,248.08828082586635,1.032940523854692,winter,2020-01-19,POOL_FLAT
2,30,563,1,1.036545354341952,0.14753507653374345,215.05450851356224,-125.42007808872332,1.036545354341952,-216.69130637834346,-124.34234282098134,1.040197371340605,0.7030998539401615,248.08982033806456,1.0329468733763585,winter,2020-01-19,POOL_FLAT
2,31,611,1,1.037295668080915,0.14109111611455447,215.1910674333417,-125.54362710764158,1.037295668080915,-216.6692934449272,-124.33191876817791,1.040096275626006,0.7081942547979102,248.08828173019168,1.0329405276103862,winter,2020-01-19,POOL_FLAT
2,32,614,3,1.0301365231990156,0.17048875256613336,215.70400401713744,-126.15330215347683,1.0404201031127027,-216.2130353973191,-124.59010204274828,1.0389853296637694,0.9582524490804538,247.4139774879555,1.0301365231990156,winter,2020-01-19,POOL_FLAT
2,33,619,3,1.0328406915688435,0.14120674064731178,215.22315810992131,-125.56784266275817,1.0374618827805449,-216.64330082131409,-124.32974639157922,1.0399979088718994,0.7145483317277216,248.06428501893635,1.0328406915688435,winter,2020-01-19,POOL_FLAT
2,34,629,1,1.0380207248103879,0.14354141164255715,215.31515316882076,-125.67650147578254,1.0380207248103879,-216.6638207393586,-124.40179201796455,1.0402213410511127,0.7448867098884698,248.04048316500968,1.0327419625818566,winter,2020-01-19,POOL_FLAT
2,35,639,2,1.0399122348312957,0.13755063532717757,215.22596115335278,-125.5668928162201,1.0374699703631156,-216.6230768161151,-124.32364626780631,1.0399122348312957,0.7205556618837242,248.07817464110573,1.0328985942785622,winter,2020-01-19,POOL_FLAT
2,36,676,2,1.039876508849823,0.13583747375492283,215.22245669998378,-125.5657792904601,1.0374550310351118,-216.61545377188696,-124.31969053075053,1.039876508849823,0.7174918453361521,248.08198382650602,1.0329144171015192,winter,2020-01-19,POOL_FLAT
2,37,682,2,1.039905384282611,0.1366786169787258,215.2223570329936,-125.56579985345178,1.0374547157494916,-216.622321888597,-124.32165618187855,1.039905384282611,0.7173921783460465,248.0819632635145,1.0329143302860664,winter,2020-01-19,POOL_FLAT
2,38,688,2,1.0385848769183348,0.16516911000590012,215.66528458948798,-126.12108769694211,1.0402132306338372,-216.1247890358282,-124.55060568131135,1.0385848769183348,0.9593092344637566,247.38398057249964,1.0300116465213827,winter,2020-01-19,POOL_FLAT
2,39,701,3,1.0296093887057316,0.17399364778033985,215.66223576520315,-126.12922641412825,1.0402193796996597,-216.10217803927642,-124.55906586299213,1.0385209004299067,0.9674537002606777,247.28733475482883,1.0296093887057316,winter,2020-01-19,POOL_FLAT
2,40,702,2,1.038256106083862,0.17344751480454534,215.67562465994058,-126.1441027326596,1.040298769819291,-216.0307667959815,-124.55560119761246,1.038256106083862,0.9906104000778835,247.2408631407971,1.0294162835169,winter,2020-01-19,POOL_FLAT
2,41,755,2,1.037203736190667,0.18227883139539733,215.74407636332828,-126.21784775026265,1.0406998078735075,-215.7329516347541,-124.56600686593725,1.037203736190667,1.049135143381823,246.97448492621638,1.0283082106732935,winter,2020-01-19,POOL_FLAT
2,42,778,3,1.0296064554862259,0.1740891634436769,215.66223239163278,-126.12923621363647,1.040219388173109,-216.10218141285068,-124.55907566249958,1.0385209329743583,0.9672692915166851,247.28663097687706,1.0296064554862259,winter,2020-01-19,POOL_FLAT
2,43,780,3,1.0267215756033894,0.22182641505880904,215.78148356979193,-126.28138931708773,1.0409678450921984,-215.63653517505588,-124.61146362769597,1.0369507921956151,1.0261033618521043,246.59350401525876,1.0267215756033894,winter,2020-01-19,POOL_FLAT
2,44,785,2,1.0387156673211249,0.1625828458378272,215.72619483209644,-126.16926535273372,1.04053341206637,-216.14555314720812,-124.57748693283554,1.0387156673211249,0.9622858617526826,247.44200659138804,1.0302532890124938,winter,2020-01-19,POOL_FLAT
2,45,813,2,1.0372599374553817,0.18312429235638278,215.74388252032088,-126.21788835712184,1.040699196624846,-215.74630624107252,-124.56987283716143,1.0372599374553817,1.0489413003742738,246.97444431935713,1.028308038176668,winter,2020-01-19,POOL_FLAT
2,46,817,1,1.0389697013743049,0.15833948629031624,215.44292797464044,-125.90965675445251,1.0389697013743049,-216.16191110400828,-124.55355293949893,1.0387249212100271,0.9538096889005999,247.37550544608462,1.0299762713473928,winter,2020-01-19,POOL_FLAT
2,47,835,3,1.0263928158498294,0.2325867653565854,215.7811173205854,-126.28248854416327,1.0409688406656263,-215.636901424262,-124.61256285477216,1.0369544024374178,1.0062698364147613,246.51462432413854,1.0263928158498294,winter,2020-01-19,POOL_FLAT
2,48,860,1,1.038669134448175,0.15709498159690527,215.38959980829225,-125.85783424325719,1.038669134448175,-216.16261309957264,-124.55275966738664,1.038725804739633,0.9531076933349144,247.37629871819567,1.0299795629123647,winter,2020-01-19,POOL_FLAT
2,49,861,1,1.038822259636272,0.15765384281507316,215.4167681672598,-125.88423563289244,1.038822259636272,-216.16225546376117,-124.55316380605407,1.038725354621048,0.9534653291463931,247.37589457952822,1.0299778859978368,winter,2020-01-19,POOL_FLAT
2,50,886,2,1.0342941345506669,0.1776109879914338,215.92705684282794,-126.22972159933535,1.041382414766705,-215.013830439067,-124.41368987406794,1.0342941345506669,1.2280498045727988,246.8302514401285,1.0277111241075736,winter,2020-01-19,POOL_FLAT
2,51,896,1,1.0402792437925992,0.1759795933489609,215.67076907032435,-126.14311556441828,1.0402792437925992,-215.93940005655574,-124.56231688813851,1.0379405350807833,1.0107732241493155,247.1385833415304,1.0289907763527968,winter,2020-01-19,POOL_FLAT
2,52,898,1,1.0410974764241119,0.18758128726932283,215.84634776899858,-126.23217267260368,1.0410974764241119,-215.43801555032275,-124.53906582656145,1.036084330550713,1.1606797148920314,246.8149793584751,1.0276461809455606,winter,2020-01-19,POOL_FLAT
2,53,899,2,1.0347219198000188,0.17988014863825993,215.9270568428279,-126.22972159933532,1.0413824147667046,-215.11589935363753,-124.44243780765035,1.0347219198000188,1.228049804572795,246.83025144012856,1.0277111241075738,winter,2020-01-19,POOL_FLAT
2,54,900,1,1.0402446615436818,0.17549479527938247,215.664635728497,-126.13715042939727,1.0402446615436818,-215.93948078866458,-124.56222558241632,1.0379406362933876,1.0106924920405491,247.1386746472526,1.028991155133939,winter,2020-01-19,POOL_FLAT
2,55,906,1,1.0410854151657671,0.18737115553892425,215.84427844853784,-126.22997278418156,1.0410854151657671,-215.4381891960955,-124.53886880626048,1.0360845459411059,1.1605060691194908,246.81517637877687,1.0276469978473475,winter,2020-01-19,POOL_FLAT
3,1,34,1,1.0462450745900247,0.07692128243408122,217.10944230140635,-126.52080752064866,1.0462450745900247,-218.12329943811682,-125.01108647166926,1.04675462550839,1.2127630025170173,250.74929330916538,1.0440278742766116,winter,2020-01-19,POOL_FLAT
3,2,47,2,1.0458806959056435,0.08351954324437588,216.92643452570493,-126.48308438195453,1.0455076844566018,-217.88156157636735,-125.01069860481465,1.0458806959056435,1.1355038304911056,250.27790141203576,1.0420637086057236,winter,2020-01-19,POOL_FLAT
3,3,70,1,1.0462695187050863,0.07653564135232194,217.11378488892464,-126.52501598075108,1.0462695187050863,-218.1232422612914,-125.01115090529628,1.0467545523632797,1.212820179345261,250.74922887554303,1.044027607156378,winter,2020-01-19,POOL_FLAT
3,4,73,1,1.0437432589188025,0.10774364911736918,216.52307665834016,-126.33352232066824,1.0437432589188025,-217.51754165813406,-125.02039264399407,1.0445864671384468,0.9985853659753868,249.48782625442297,1.0387717604032216,winter,2020-01-19,POOL_FLAT
3,5,74,1,1.0438290056764497,0.1072737110724961,216.53829981150824,-126.3482968789901,1.0438290056764497,-217.51734124510156,-125.02061882598167,1.0445862129627579,0.9987857790078642,249.48760007243536,1.038770822023312,winter,2020-01-19,POOL_FLAT
3,6,83,2,1.0458984448228938,0.08407846849340492,216.92637326161764,-126.48309701388504,1.0455074905918267,-217.8857833658886,-125.01190631433816,1.0458984448228938,1.1354425664037497,250.27788878010506,1.0420636548549254,winter,2020-01-19,POOL_FLAT
3,7,178,2,1.0423718357159697,0.0943151856860221,216.4159922826402,-126.36783885776968,1.0434302240849238,-216.94698130517634,-124.94548502955706,1.0423718357159697,0.9605297553669648,248.93943293452998,1.0364878737854157,winter,2020-01-19,POOL_FLAT
3,8,208,3,1.0350772697401796,0.1634677100282032,216.41221404636704,-126.38199083961813,1.0434463525843316,-217.20795613644648,-125.0275479131031,1.0434839813492645,0.8892493768614713,248.60089994718547,1.0350772697401796,winter,2020-01-19,POOL_FLAT
3,9,225,1,1.0432978321612336,0.12326305366451094,216.3919107880618,-126.34602037985034,1.0432978321612336,-217.18770528638873,-125.00716188989432,1.0433685634705652,0.9755642701070789,248.91489218167558,1.0363859405121592,winter,2020-01-19,POOL_FLAT
3,10,248,2,1.042461660270703,0.10195597374257871,216.42818298384086,-126.37121074048252,1.0434811350980828,-216.97397772141858,-124.94183689623249,1.042461660270703,0.9842659394768418,248.91641826312676,1.0363924370580637,winter,2020-01-19,POOL_FLAT
3,11,249,2,1.0426546825610883,0.10650523201251795,216.4275169481632,-126.37134916037297,1.0434790309443365,-217.01986936183033,-124.95504295694185,1.0426546825610883,0.9835999037992191,248.91627984323628,1.0363918497781823,winter,2020-01-19,POOL_FLAT
3,12,264,3,1.035503164277188,0.15044912647871692,216.4126878131432,-126.38056660349415,1.0434450655631422,-217.2074823696728,-125.02612367698048,1.0434793135174938,0.9148930844479403,248.7030979644663,1.035503164277188,winter,2020-01-19,POOL_FLAT
3,13,276,2,1.04354751189294,0.13323067512942646,216.23185325086175,-126.32889407572655,1.0426864164240304,-217.20621538707155,-125.06115486379215,1.04354751189294,0.8440925735662909,248.7020759259136,1.035497866516246,winter,2020-01-19,POOL_FLAT
3,14,289,1,1.0426105820775968,0.1357544328813139,216.21830061488586,-126.31598522975727,1.0426105820775968,-217.233190564735,-125.06847190411816,1.0436600463324082,0.8415389991322452,248.70599252762042,1.035514137491618,winter,2020-01-19,POOL_FLAT
3,15,314,2,1.0435582526279736,0.13352480093263167,216.23181618100335,-126.32890176026967,1.0426862992973167,-217.2087697027583,-125.06188851067401,1.0435582526279736,0.8440555037081414,248.70206824137006,1.0354978339973644,winter,2020-01-19,POOL_FLAT
3,16,320,3,1.0353641749225733,0.13967796395000137,216.23086300552015,-126.331115074297,1.0426875213143978,-217.2307937433762,-125.07018679160167,1.0436549604939358,0.8371420612690881,248.66998949575594,1.0353641749225733,winter,2020-01-19,POOL_FLAT
3,17,327,3,1.035404809815098,0.13850558985836847,216.2309081805366,-126.33097917594058,1.0426873982849423,-217.23074856836087,-125.07005089324498,1.0436545151677468,0.8395867690357977,248.6797409048217,1.035404809815098,winter,2020-01-19,POOL_FLAT
3,18,337,3,1.032734215652648,0.17272993622916755,215.6349442209765,-126.14408637538638,1.0401525336162463,-217.20673796754892,-125.05303624573064,1.0435325313520556,0.6027567819091778,248.0390086267629,1.032734215652648,winter,2020-01-19,POOL_FLAT
3,19,342,3,1.0329759689457927,0.16846955544426653,215.83491351058072,-126.28570498406155,1.0411689231427068,-217.19059905504935,-125.11463487097014,1.0436022945459391,0.6791417402439521,248.09687521329164,1.0329759689457927,winter,2020-01-19,POOL_FLAT
3,20,349,1,1.040544428128885,0.17121281487122741,215.70478103702735,-126.21111102742765,1.040544428128885,-217.19418025594732,-125.09057544879467,1.0435652163696696,0.6354219670461185,248.0362176329811,1.0327229346113764,winter,2020-01-19,POOL_FLAT
3,21,387,1,1.0412101616067733,0.1631180238211993,215.85830098899072,-126.26534261047037,1.0412101616067733,-217.19734952896096,-125.10719674361712,1.043611190961054,0.7008663870520905,248.18587186379142,1.0333467640327774,winter,2020-01-19,POOL_FLAT
3,22,388,1,1.0405228772704538,0.1712496377947112,215.70095951273518,-126.20739303651722,1.0405228772704538,-217.1942305566422,-125.09051854052909,1.0435652795994697,0.6353716663509732,248.03627454124765,1.0327231710164284,winter,2020-01-19,POOL_FLAT
3,23,406,2,1.0434422101798126,0.16813978454002862,215.58780950248308,-126.09389151360327,1.0398776159200156,-217.1996077268897,-125.02194097760626,1.0434422101798126,0.591955470226717,248.07941485633995,1.0329023415845104,winter,2020-01-19,POOL_FLAT
3,24,458,3,1.0315407419123324,0.1938704843470459,215.72879109627868,-126.30733736532378,1.0408330858056616,-217.16411670833966,-125.15287843825558,1.043586251298314,0.6081076648880088,247.7523489112068,1.0315407419123324,winter,2020-01-19,POOL_FLAT
3,25,502,1,1.0373054899854655,0.17674744105906606,215.13587617844485,-125.64285900346437,1.0373054899854655,-217.29625899866429,-124.83243698207953,1.0433977358298512,0.458178905794178,248.23585882446997,1.0335525291431469,winter,2020-01-19,POOL_FLAT
3,26,522,2,1.0429249869145147,0.18386295806722683,215.56935342581028,-126.22862453346733,1.0400946342576503,-217.0146282556104,-125.09419324656254,1.0429249869145147,0.6154404392122423,247.63891786733873,1.0310685391169236,winter,2020-01-19,POOL_FLAT
3,27,539,3,1.029785499479605,0.2368651850543941,215.68155632287227,-126.32838046652901,1.040707652452483,-217.1439793806284,-125.17837370998025,1.0435666202494436,0.5168189623031141,247.33098513033812,1.029785499479605,winter,2020-01-19,POOL_FLAT
3,28,556,3,1.0294956398395647,0.2456700704931322,215.6812354724336,-126.32935029872428,1.0407085405607452,-217.1443002310668,-125.17934354217543,1.0435697942990647,0.49948014559263876,247.26140278635643,1.0294956398395647,winter,2020-01-19,POOL_FLAT
3,29,562,1,1.0374461102269004,0.172902625041978,215.16367676867847,-125.662226832402,1.0374461102269004,-217.2814505680446,-124.81652438964589,1.0433112711004981,0.45705639253476016,248.2401705445376,1.0335704727041763,winter,2020-01-19,POOL_FLAT
3,30,563,1,1.0370866403356467,0.17970826723839134,215.09703612080392,-125.6051364497165,1.0370866403356467,-217.2967702996222,-124.831859521753,1.043398384095405,0.4576676048353573,248.23643628479437,1.0335549295163442,winter,2020-01-19,POOL_FLAT
3,31,611,1,1.0374710036412542,0.17260682852994538,215.16809446526378,-125.66651792317619,1.0374710036412542,-217.28139241283503,-124.81659007750703,1.0433111973743934,0.45711454774444493,248.24010485667588,1.033570199653573,winter,2020-01-19,POOL_FLAT
3,32,614,3,1.030898536779953,0.18513865795932777,215.53048500863997,-126.20236652097654,1.03989973929923,-216.99019180347307,-125.075968241046,1.0427989444023642,0.6065760727374675,247.5981088438701,1.030898536779953,winter,2020-01-19,POOL_FLAT
3,33,619,3,1.033469067276689,0.1705619756126841,215.2092203001286,-125.70052595495866,1.0376902745520862,-217.25716949847086,-124.81512019569139,1.043220697935778,0.46277565104371465,248.21580458255144,1.033469067276689,winter,2020-01-19,POOL_FLAT
3,34,629,1,1.0382115169431392,0.17100124620427842,215.29536391968847,-125.80125318360913,1.0382115169431392,-217.27622694281015,-124.8816457089993,1.0434274978777622,0.4916773709860822,248.1964563022147,1.0333887406090754,winter,2020-01-19,POOL_FLAT
3,35,639,2,1.0431443492174424,0.1672671524431437,215.21172489374337,-125.69963786869951,1.0376974142830009,-217.23917785392354,-124.80962607795902,1.0431443492174424,0.4684685149659899,248.22962228327572,1.0335266427906284,winter,2020-01-19,POOL_FLAT
3,36,676,2,1.0431024448115125,0.1653578039338577,215.2087103958255,-125.69842391002325,1.0376840272063974,-217.2300771500753,-124.80526317722779,1.0431024448115125,0.46589155067506427,248.23352956174134,1.0335428908495765,winter,2020-01-19,POOL_FLAT
3,37,682,2,1.0431298344047253,0.16623183934134036,215.20861586636212,-125.69844345837915,1.03768372839887,-217.23659099718594,-124.80713067770958,1.0431298344047253,0.465797021211797,248.23351001338534,1.033542808719896,winter,2020-01-19,POOL_FLAT
3,38,688,2,1.04258974396549,0.18198422258755492,215.4816813381035,-126.17073805340618,1.039657849028069,-216.94729449220983,-125.0497762318378,1.04258974396549,0.5981771491876051,247.57210433033725,1.0307901800513568,winter,2020-01-19,POOL_FLAT
3,39,701,3,1.0304042035494188,0.18860116447848363,215.4693683869552,-126.17822173748377,1.0396293543252688,-216.9220814392666,-125.05684603481542,1.0425134970707761,0.5976377125293898,247.4794024097995,1.0304042035494188,winter,2020-01-19,POOL_FLAT
3,40,702,2,1.0423354497816293,0.18733428663866658,215.47436532951542,-126.19253290169003,1.0396774188227893,-216.8715867311506,-125.0588106885936,1.0423354497816293,0.6128284174730984,247.43594978347363,1.030223440136361,winter,2020-01-19,POOL_FLAT
3,41,755,2,1.0415577107880618,0.18917179956409982,215.5123172005536,-126.26413974763292,1.0399644560793895,-216.64212463059818,-125.08272877408422,1.0415577107880618,0.6436093818747729,247.1821691867828,1.0291671323499396,winter,2020-01-19,POOL_FLAT
3,42,778,3,1.0304009231812115,0.1886954630825862,215.46936475057478,-126.17823271175388,1.0396293643498087,-216.9220850756507,-125.05685700908484,1.0425135330086015,0.5974411098269118,247.4786150108707,1.0304009231812115,winter,2020-01-19,POOL_FLAT
3,43,780,3,1.0276771645602736,0.22409196801382547,215.53019437575284,-126.32608478566182,1.0401590724960774,-216.58838488089827,-125.13610813614766,1.041475111414836,0.6067721421770206,246.82440422373355,1.0276771645602736,winter,2020-01-19,POOL_FLAT
3,44,785,2,1.0424984584307662,0.173755510327188,215.55778892261196,-126.21788575687759,1.0400304908791629,-216.91553092135905,-125.06097646615152,1.0424984584307662,0.6161680636060226,247.62759623387961,1.031021408228139,winter,2020-01-19,POOL_FLAT
3,45,813,2,1.0416100757130047,0.19050671954201953,215.51213655429962,-126.26417750677447,1.0399638865934242,-216.65457050012535,-125.086325726215,1.0416100757130047,0.6434287356206579,247.18213142764117,1.0291669731790076,winter,2020-01-19,POOL_FLAT
3,46,817,1,1.0384584107629418,0.1883418523290202,215.26669826591586,-125.96774942397748,1.0384584107629418,-216.96531072936094,-125.04730740334035,1.0426496006590231,0.591192768813915,247.56433612141657,1.030757766703701,winter,2020-01-19,POOL_FLAT
3,47,835,3,1.0273490899471946,0.23435353947614046,215.52983075713647,-126.32718234256735,1.040160077129131,-216.58874849951437,-125.1372056930538,1.0414787084127881,0.5871139395503275,246.74565533403313,1.0273490899471946,winter,2020-01-19,POOL_FLAT
3,48,860,1,1.0381124764516232,0.19090470885565716,215.20535392562127,-125.9080706273131,1.0381124764516232,-216.96611817618586,-125.04639394454063,1.0426506142512368,0.5903853219876956,247.56524958021492,1.0307615619322539,winter,2020-01-19,POOL_FLAT
3,49,861,1,1.0382305373360035,0.18995847267462465,215.2262899784699,-125.9284376041906,1.0382305373360035,-216.96584260403262,-125.04670568736701,1.0426502683006722,0.5906608941409135,247.56493783738856,1.0307602667054412,winter,2020-01-19,POOL_FLAT
3,50,886,2,1.0395246287793851,0.16766796476578263,215.63334136692453,-126.28343914224534,1.0404398633111003,-216.13263273850458,-124.98846740415158,1.0395246287793851,0.7627551643254517,247.03730681396402,1.0285653998338953,winter,2020-01-19,POOL_FLAT
3,51,896,1,1.0396069513220714,0.18981260704026323,215.45641663782857,-126.18968989201835,1.0396069513220714,-216.8047270909033,-125.0701425332787,1.042117880745257,0.6218703433509346,247.33878478475035,1.0298189807403628,winter,2020-01-19,POOL_FLAT
3,52,898,1,1.0402024420115592,0.19168833419152048,215.5689284653601,-126.28058474034223,1.0402024420115592,-216.4435754008134,-125.08033815373085,1.0408368960804708,0.7130944432614094,247.02603741240776,1.0285178613036978,winter,2020-01-19,POOL_FLAT
3,53,899,2,1.0398227393201211,0.1740869210918576,215.63334136692453,-126.28343914224534,1.0404398633111003,-216.2037664207613,-125.00848379704996,1.0398227393201211,0.7627551643254517,247.03730681396402,1.0285653998338953,winter,2020-01-19,POOL_FLAT
3,54,900,1,1.0395775165539871,0.18977458572553585,215.4511992512334,-126.184609545813,1.0395775165539871,-216.80479575997475,-125.07006477729443,1.0421179666279738,0.6218016742795376,247.3388625407347,1.0298193037640822,winter,2020-01-19,POOL_FLAT
3,55,906,1,1.0401980856575685,0.19168692731953496,215.5682470593279,-126.27967794502996,1.0401980856575685,-216.4437754360363,-125.08011160387235,1.0408371452342826,0.7128944080387641,247.02626396226705,1.0285188021551706,winter,2020-01-19,POOL_FLAT
4,1,34,1,1.0480102865962606,0.006212257350444348,217.7757915405187,-126.21798882424243,1.0480102865962606,-218.20555756274112,-125.43166701968264,1.0479233780870414,0.43043494751823064,251.77658301553603,1.0482944019678129,winter,2020-01-19,POOL_FLAT
4,2,47,2,1.0472206123852137,0.01418641684636409,217.72707757225928,-126.16922711282508,1.0477330023429074,-218.04105791329525,-125.37914456099577,1.0472206123852137,0.428102141403076,251.65255896848038,1.0477780016574283,winter,2020-01-19,POOL_FLAT
4,3,70,1,1.048033600130015,0.006656254360139864,217.77994220942992,-126.22199379524454,1.048033600130015,-218.20550289407018,-125.43172835713592,1.0479233080232047,0.4304896161920226,251.77652167808742,1.048294146973744,winter,2020-01-19,POOL_FLAT
4,4,73,1,1.0467058376753626,0.008591643633877098,217.53902299634566,-126.00169545615667,1.0467058376753626,-217.83855255904518,-125.31102518848563,1.0463483232157291,0.4087468464128961,251.44294415548885,1.0469051200037955,winter,2020-01-19,POOL_FLAT
4,5,74,1,1.0467893099072267,0.009908373151301617,217.5538879543947,-126.01603095511192,1.0467893099072267,-217.83835676370475,-125.31124474989066,1.0463480724117162,0.4089426417533287,251.44272459408387,1.0469042071682493,winter,2020-01-19,POOL_FLAT
4,6,83,2,1.0471941987258768,0.0149827691953326,217.72716872625708,-126.16920822631317,1.047733291292902,-218.0347768542355,-125.37734121205237,1.0471941987258768,0.4281932954008342,251.65257785499207,1.047778080938592,winter,2020-01-19,POOL_FLAT
4,7,178,2,1.0454994318637663,0.02612606309467079,217.547946343618,-126.01544001924262,1.0467666702006844,-217.62887155164924,-125.26662550960526,1.0454994318637663,0.4187853279999175,251.28765900665704,1.0462586469690112,winter,2020-01-19,POOL_FLAT
4,8,208,3,1.0460765491181558,0.02196601204594179,217.54630267400813,-126.01689205236073,1.0467637787254649,-217.67478321827565,-125.28022997070654,1.045693362457715,0.4093610988455196,251.24393863273525,1.0460765491181558,winter,2020-01-19,POOL_FLAT
4,9,225,1,1.0466899084231618,0.018842657510696983,217.53378916689064,-126.00309824128118,1.0466899084231618,-217.6722536680233,-125.27670847092226,1.0456769206015626,0.42010997159823166,251.28510342050566,1.046248015793138,winter,2020-01-19,POOL_FLAT
4,10,248,2,1.0455592786370045,0.023991068627102857,217.54740750660042,-126.014801354766,1.0467633960315355,-217.64449313289765,-125.2682989854984,1.0455592786370045,0.42146719854162834,251.28519941238358,1.0462484249255193,winter,2020-01-19,POOL_FLAT
4,11,249,2,1.045548875065506,0.024279455046866624,217.5474434065447,-126.01479390153828,1.0467635098174517,-217.6420194898447,-125.26758770785243,1.045548875065506,0.42150309848584944,251.28520686561126,1.0462484562083252,winter,2020-01-19,POOL_FLAT
4,12,264,3,1.046099776856562,0.021709666152603897,217.54632836159254,-126.01681432525885,1.0467637090586492,-217.67475753069363,-125.28015224360587,1.045693108331239,0.4107488306492845,251.24951516033985,1.046099776856562,winter,2020-01-19,POOL_FLAT
4,13,276,2,1.0451507592466422,0.028971008330328785,217.5144136460665,-125.99218074236734,1.0465973182686084,-217.54160878273416,-125.25035641147912,1.0451507592466422,0.4161915702825306,251.1977442534136,1.0458842619422404,winter,2020-01-19,POOL_FLAT
4,14,289,1,1.0465155857603923,0.020441100042541255,217.49875975957178,-125.98004094082094,1.0465155857603923,-217.6018665483426,-125.2687191083711,1.0454063346152112,0.4113915126030795,251.2011051359072,1.0458982223174926,winter,2020-01-19,POOL_FLAT
4,15,314,2,1.0452034449847885,0.027519756330403992,217.51423184726156,-125.9922185125665,1.0465967421017552,-217.55413527241822,-125.2539602231216,1.0452034449847885,0.4160097714777819,251.19770648321406,1.045884103429235,winter,2020-01-19,POOL_FLAT
4,16,320,3,1.0457505269821634,0.02386625664012027,217.5129984869918,-125.99448511464438,1.0465970287209185,-217.59586433195145,-125.26792455006272,1.0453830258820032,0.4088804840103268,251.16563606095508,1.0457505269821634,winter,2020-01-19,POOL_FLAT
4,17,327,3,1.0457912400365001,0.023452162725702618,217.51304351212067,-125.99434887640079,1.0465969066188159,-217.59581930682336,-125.26778831181898,1.045382580407655,0.4113129050507173,251.17541047071117,1.0457912400365001,winter,2020-01-19,POOL_FLAT
4,18,337,3,1.0447471035463172,0.026901186240448655,217.37663832259517,-125.92835897501055,1.045967750941593,-217.4164717801267,-125.21800092140911,1.0446320245132485,0.397540715209482,250.92465401819757,1.0447471035463172,winter,2020-01-19,POOL_FLAT
4,19,342,3,1.0450132296392292,0.026573354105296498,217.41978086129944,-125.95632913566617,1.0461815570660329,-217.46145669546846,-125.2346514737439,1.044828928813847,0.40693727051119194,250.98855659539245,1.0450132296392292,winter,2020-01-19,POOL_FLAT
4,20,349,1,1.046014104467488,0.024893982714109968,217.38653370104035,-125.93348735422249,1.046014104467488,-217.42946310225202,-125.2232207757144,1.04468974359968,0.40728140129778057,250.96293134632688,1.0449065392351735,winter,2020-01-19,POOL_FLAT
4,21,387,1,1.046075174336245,0.02059891282943884,217.40324226328676,-125.93390572849847,1.046075174336245,-217.4807277237999,-125.23729738863317,1.0449039577673558,0.4094303828672692,251.03097042677373,1.0451898398215929,winter,2020-01-19,POOL_FLAT
4,22,388,1,1.0460005865487436,0.024462878482958396,217.3841265426139,-125.93116562639092,1.0460005865487436,-217.42949480805981,-125.22318521665021,1.044689784104569,0.4072496954895264,250.96296690539248,1.0449066870738966,winter,2020-01-19,POOL_FLAT
4,23,406,2,1.0445165085474,0.026930929417044495,217.3678284732186,-125.91743406859341,1.0459132106366258,-217.3911926313979,-125.2063022386111,1.0445165085474,0.4015818195165564,250.94148462201892,1.0448172058759484,winter,2020-01-19,POOL_FLAT
4,24,458,3,1.0443226671105286,0.037031735586155176,217.4036350490224,-125.95493003803108,1.0461204690578045,-217.40779189592482,-125.22762552725467,1.0446207086120458,0.388848770580193,250.82272734384722,1.0443226671105286,winter,2020-01-19,POOL_FLAT
4,25,502,1,1.0454257859140357,0.02001230887124514,217.2787454584085,-125.83766174048027,1.0454257859140357,-217.3709275770815,-125.17370908548068,1.0443756672898292,0.37832055771683304,250.90735854201895,1.044674968747504,winter,2020-01-19,POOL_FLAT
4,26,522,2,1.0438264741269005,0.03608735952146931,217.39706719662388,-125.90082402914472,1.0459838921100557,-217.2326589491793,-125.14948832565481,1.0438264741269005,0.4620345533695346,250.89642812174577,1.0446300427979134,winter,2020-01-19,POOL_FLAT
4,27,539,3,1.0444725103526649,0.03339216000004688,217.40079823910813,-125.94731515492805,1.046094355371361,-217.37431607487338,-125.21574994031447,1.044475253284873,0.4105571996762336,250.8586818052517,1.0444725103526649,winter,2020-01-19,POOL_FLAT
4,28,556,3,1.0444662075498918,0.033506613867626225,217.4007912689032,-125.94733624601528,1.0460943742801545,-217.37432304507823,-125.21577103140157,1.0444753222644183,0.41018064627294176,250.85716862646646,1.0444662075498918,winter,2020-01-19,POOL_FLAT
4,29,562,1,1.0453258414906206,0.018708791876759227,217.260495382935,-125.82127649428712,1.0453258414906206,-217.35300547493011,-125.16917928718942,1.0443015909135331,0.3776518123712553,250.88954717460328,1.0446008055183678,winter,2020-01-19,POOL_FLAT
4,30,563,1,1.04542405117118,0.019957878607789508,217.27843651597343,-125.83736383027679,1.04542405117118,-217.37093164637827,-125.17370452267869,1.044375672491973,0.37831648841909354,250.9073631048189,1.0446749877195354,winter,2020-01-19,POOL_FLAT
4,31,611,1,1.0453223431780505,0.018599603068435257,217.25987235072057,-125.82067573837557,1.0453223431780505,-217.3530136813551,-125.16917008596329,1.044301601404436,0.3776436059463895,250.88955637582896,1.0446008437769665,winter,2020-01-19,POOL_FLAT
4,32,614,3,1.044556631513357,0.03513075651990923,217.38811853580663,-125.88925045795666,1.0459275010555196,-217.22783718050576,-125.14225902001051,1.043794053111628,0.46266578794353597,250.878795174172,1.044556631513357,winter,2020-01-19,POOL_FLAT
4,33,619,3,1.044309383558758,0.02655783782937847,217.28805989769432,-125.8544247647868,1.0454943249652062,-217.3300003282569,-125.17728588188074,1.0442354336732627,0.3732177196522685,250.8195606728984,1.044309383558758,winter,2020-01-19,POOL_FLAT
4,34,629,1,1.0454865207279942,0.019769711183143295,217.2900528021413,-125.84724399645333,1.0454865207279942,-217.38308034560845,-125.18079754658727,1.0444342437402379,0.381882612128346,250.91915504371732,1.0447241068799191,winter,2020-01-19,POOL_FLAT
4,35,639,2,1.0441416884495387,0.026268299113784956,217.2912535202022,-125.85279966718878,1.0455024399936066,-217.30816022238963,-125.17009257849877,1.0441416884495387,0.3851463330952263,250.85669618437583,1.0444640752689962,winter,2020-01-19,POOL_FLAT
4,36,676,2,1.0441062482985497,0.026938650179522423,217.28852083898417,-125.84822798193663,1.0454830544732634,-217.30218511391374,-125.16341220251348,1.0441062482985497,0.3836109406523562,250.8686645579329,1.0445138967401133,winter,2020-01-19,POOL_FLAT
4,37,682,2,1.0441340318093535,0.026272561541144233,217.28842497176956,-125.84824791643243,1.0454827506693458,-217.30879056479645,-125.16531379611341,1.0441340318093535,0.38351507343779434,250.8686446234371,1.0445138131309915,winter,2020-01-19,POOL_FLAT
4,38,688,2,1.043614782229012,0.03720931673619877,217.374950373233,-125.87480125004178,1.0458499074580416,-217.18897027063005,-125.12347065698982,1.043614782229012,0.4660024546381343,250.88103238342129,1.0445659720177911,winter,2020-01-19,POOL_FLAT
4,39,701,3,1.0444112684793811,0.035958364385879966,217.36582137943935,-125.86788495673295,1.0458025845484773,-217.1904918103297,-125.12206058170449,1.0436173408145475,0.4629252816888831,250.8438816751329,1.0444112684793811,winter,2020-01-19,POOL_FLAT
4,40,702,2,1.043506783869611,0.03669706145025621,217.36283958801522,-125.86075182405486,1.0457769583967038,-217.16584003956427,-125.11165826232536,1.043506783869611,0.47260682222223227,250.85613005350203,1.044462340705614,winter,2020-01-19,POOL_FLAT
4,41,755,2,1.0429929268468623,0.04557665453475915,217.3679992022929,-125.84757266894346,1.0457680545715171,-217.04147461710178,-125.08029163853685,1.0429929268468623,0.4919592538310995,250.81547739832178,1.0442932352097671,winter,2020-01-19,POOL_FLAT
4,42,778,3,1.044422060131297,0.03587827607573698,217.3658333218055,-125.86784884714442,1.045802552238576,-217.19047986796727,-125.1220244721152,1.0436172226798897,0.46357058846788746,250.84647240209915,1.044422060131297,winter,2020-01-19,POOL_FLAT
4,43,780,3,1.043955647428426,0.04300765712820008,217.36319049167977,-125.85032895916787,1.0457564777736326,-217.06341402189173,-125.09567245485577,1.0431040472111426,0.4802861293784281,250.7344188131852,1.043955647428426,winter,2020-01-19,POOL_FLAT
4,44,785,2,1.043482499449011,0.04421651050834688,217.39669562428918,-125.8957191681597,1.045971901708752,-217.1521719486663,-125.12369784360436,1.043482499449011,0.4662066386622001,250.89402084456486,1.044620052048609,winter,2020-01-19,POOL_FLAT
4,45,813,2,1.0430484818647676,0.04406141356511858,217.3678075188082,-125.84761257399637,1.0457674471350955,-217.05468176236653,-125.084097081032,1.0430484818647676,0.4917675703462801,250.81543749326892,1.0442930674969626,winter,2020-01-19,POOL_FLAT
4,46,817,1,1.045502345714358,0.025330098812930607,217.31267023488923,-125.8157701714718,1.045502345714358,-217.20815084629976,-125.12585908656672,1.0436889448918973,0.4642761891405725,250.87941417131515,1.0445592211421453,winter,2020-01-19,POOL_FLAT
4,47,835,3,1.0439251915827756,0.04330615398448212,217.3631567822823,-125.8504308643151,1.0457565689072732,-217.0634477312886,-125.09577436000377,1.0431043806725113,0.4784645308015528,250.72710746722842,1.0439251915827756,winter,2020-01-19,POOL_FLAT
4,48,860,1,1.0455218641221047,0.025882258085027744,217.31614678342788,-125.81912157493167,1.0455218641221047,-217.20810505316615,-125.1259104178686,1.043688886362963,0.464321982272892,250.87936284001188,1.0445590077731932,winter,2020-01-19,POOL_FLAT
4,49,861,1,1.045512530581611,0.025617757056599272,217.3144843357731,-125.81751894744006,1.045512530581611,-217.2081269509189,-125.12588587147394,1.0436889143500867,0.46430008452016774,250.8793873864065,1.0445591098052491,winter,2020-01-19,POOL_FLAT
4,50,886,2,1.0426343568749625,0.04962358936556445,217.37984666609572,-125.82688561975954,1.0457675925566017,-216.95740969377442,-125.05368386545337,1.0426343568749625,0.5182115392241831,250.79572196069478,1.044211202079952,winter,2020-01-19,POOL_FLAT
4,51,896,1,1.045601129343795,0.033277625370496874,217.33390373047627,-125.82644726730943,1.045601129343795,-217.1413257647043,-125.10169377006359,1.0433976331635837,0.4768735648534712,250.8434537827786,1.0444095957069086,winter,2020-01-19,POOL_FLAT
4,52,898,1,1.0456320767845457,0.04023202019011288,217.34941300311647,-125.81449243810508,1.0456320767845457,-217.02758101889506,-125.07454000428264,1.0429308496138427,0.5041660886194888,250.79257435912018,1.0441979776074695,winter,2020-01-19,POOL_FLAT
4,53,899,2,1.0425521371173567,0.051975126314741014,217.3798466660958,-125.82688561975952,1.0457675925566021,-216.93778266222174,-125.04819129393859,1.0425521371173567,0.5182115392241817,250.7957219606947,1.0442112020799517,winter,2020-01-19,POOL_FLAT
4,54,900,1,1.0455707488891648,0.032392229920790626,217.32849243091525,-125.8212308305681,1.0455707488891648,-217.1413970424744,-125.10161387315839,1.0433977242456831,0.4768022870834636,250.84353367968384,1.0444099277996157,winter,2020-01-19,POOL_FLAT
4,55,906,1,1.0456237149445844,0.04001073201276245,217.34801748152898,-125.81289444377309,1.0456237149445844,-217.02780027951457,-125.0742942608254,1.042931129681928,0.5039468280002948,250.79282010257825,1.0441989989440414,winter,2020-01-19,POOL_FLAT
5,1,34,1,1.048063257122895,0.016415827892649188,217.80352785431901,-126.19549971215656,1.048063257122895,-218.2023420037116,-125.4323160283973,1.0479131176037029,0.3718710205298334,251.86388693116913,1.0486575102285645,winter,2020-01-19,POOL_FLAT
5,2,47,2,1.0471911187703538,0.024592970519328548,217.7590370055068,-126.13521463274478,1.0477771484441016,-218.0387687470311,-125.3689149062125,1.0471911187703538,0.37577057307389616,251.77200669793274,1.0482749837134981,winter,2020-01-19,POOL_FLAT
5,3,70,1,1.0480881943455445,0.01683540405807463,217.80796816493722,-126.19978302781847,1.0480881943455445,-218.20228351894417,-125.43238163004565,1.0479130426160848,0.3719295053001771,251.86382132952554,1.048657237450489,winter,2020-01-19,POOL_FLAT
5,4,73,1,1.0467663836818901,0.02289604543446827,217.58387496321993,-125.95325655093897,1.0467663836818901,-217.83642560768567,-125.28222920619223,1.0462808684253748,0.36756681068971525,251.61632875017642,1.04762675582033,winter,2020-01-19,POOL_FLAT
5,5,74,1,1.0468444608322303,0.023643426101834182,217.59778258585243,-125.96666194231231,1.0468444608322303,-217.83624241462675,-125.282434529774,1.046280633437808,0.3677500037485802,251.61612342659464,1.0476259020538345,winter,2020-01-19,POOL_FLAT
5,6,83,2,1.0471725550515578,0.025188740903412537,217.75910106965284,-126.13520136120935,1.0477773515589366,-218.03435433051598,-125.36764764004168,1.0471725550515578,0.3758346372199435,251.77201996946792,1.0482750393687224,winter,2020-01-19,POOL_FLAT
5,7,178,2,1.0455246943407561,0.034274712804662356,217.59168605714007,-125.95007674553283,1.0467878977171499,-217.65502562880837,-125.23334305955463,1.0455246943407561,0.3817791493328798,251.49738236801232,1.047131601290254,winter,2020-01-19,POOL_FLAT
5,8,208,3,1.047003345794563,0.0300055152355684,217.5908619534266,-125.9509442371548,1.0467867375349025,-217.67617312592432,-125.23940729978975,1.0456136048037206,0.37554545132117295,251.46658760781082,1.047003345794563,winter,2020-01-19,POOL_FLAT
5,9,225,1,1.0467294045787536,0.03039826979721058,217.58123666934588,-125.94008569449106,1.0467294045787536,-217.6737333060579,-125.23636008501784,1.0455984726266245,0.38344196623445076,251.49585714465647,1.0471252614351527,winter,2020-01-19,POOL_FLAT
5,10,248,2,1.0454915198278374,0.03477740130714958,217.59211792366753,-125.9492475875007,1.0467877244682384,-217.6485167511988,-125.22867886196788,1.0454915198278374,0.38467714432439504,251.4959720716823,1.0471257477963967,winter,2020-01-19,POOL_FLAT
5,11,249,2,1.0454755245116847,0.03529054809229255,217.59217312088538,-125.9492361362561,1.0467878994840092,-217.64471340852043,-125.2275858335357,1.0454755245116847,0.3847323415422562,251.49598352292685,1.0471257958261004,winter,2020-01-19,POOL_FLAT
5,12,264,3,1.0470181364563689,0.030132967392480066,217.59087830378843,-125.95089474085724,1.0467866932118355,-217.67615677556483,-125.23935780349332,1.0456134430244612,0.37642863618860195,251.47013867858456,1.0470181364563689,winter,2020-01-19,POOL_FLAT
5,13,276,2,1.0449953961395106,0.041376389141275685,217.56451633621396,-125.91845231847253,1.046624032138019,-217.52900549959244,-125.1974554401565,1.0449953961395106,0.3883462457393005,251.42534881529966,1.0468317257877506,winter,2020-01-19,POOL_FLAT
5,14,289,1,1.0465360391128489,0.031928441888588066,217.5477394485807,-125.90524920697331,1.0465360391128489,-217.59378393867462,-125.21702487799118,1.0452698006181842,0.3827996999020359,251.42997376272214,1.0468509467060316,winter,2020-01-19,POOL_FLAT
5,15,314,2,1.0450199481819773,0.04059030475924143,217.56443161360582,-125.91846990673787,1.0466237635171811,-217.5348432161138,-125.1991339541124,1.0450199481819773,0.38826152313132023,251.42533122703392,1.0468316520128327,winter,2020-01-19,POOL_FLAT
5,16,320,3,1.0466528132791872,0.03203113223662406,217.56283688854464,-125.9214840969969,1.046624303354295,-217.58702115396474,-125.21675120277523,1.0452448273962087,0.3787644624396307,251.3823925868175,1.0466528132791872,winter,2020-01-19,POOL_FLAT
5,17,327,3,1.0467082531078176,0.03241272394028928,217.56289817767887,-125.9212985711419,1.0466241372680658,-217.58695986483164,-125.21656567691993,1.0452442209366914,0.38207512525768345,251.3957030033265,1.0467082531078176,winter,2020-01-19,POOL_FLAT
5,18,337,3,1.0460117800832753,0.036984199479939056,217.44765681015386,-125.82333708995205,1.046004552971014,-217.3772783181959,-125.13007825229163,1.0443079418968062,0.3922470801211513,251.22840983679797,1.0460117800832753,winter,2020-01-19,POOL_FLAT
5,19,342,3,1.046182962092146,0.035374731712456926,217.47878925190636,-125.85881787298092,1.0461907356837394,-217.44347374092698,-125.15885481155634,1.0446065782314389,0.3882574389535847,251.26953018652497,1.046182962092146,winter,2020-01-19,POOL_FLAT
5,20,349,1,1.0460166452448092,0.035956342176658065,217.4485380278073,-125.82761303081747,1.0460166452448092,-217.40166785768463,-125.1395368473324,1.0444155972682476,0.39524433001025844,251.25993014069297,1.0461430369020739,winter,2020-01-19,POOL_FLAT
5,21,387,1,1.046090888656278,0.03281234488697981,217.46190862175965,-125.84010956769671,1.046090888656278,-217.46396740190437,-125.16456378483117,1.0446923878207055,0.3901750460161772,251.3079832485285,1.046343076807626,winter,2020-01-19,POOL_FLAT
5,22,388,1,1.0460035831239554,0.035687888244671576,217.4462109373672,-125.82537072576349,1.0460035831239554,-217.40169851123295,-125.13950250224966,1.0444156365430275,0.395213676461486,251.259964485777,1.04614317969977,winter,2020-01-19,POOL_FLAT
5,23,406,2,1.0441701025769188,0.04025379661041057,217.4428691199407,-125.81198377510684,1.0459636250236028,-217.346808393689,-125.11665102293655,1.0441701025769188,0.39932938838928855,251.24487621859964,1.046080385610427,winter,2020-01-19,POOL_FLAT
5,24,458,3,1.0456194287919092,0.03648487278463377,217.46405469478646,-125.84888836166563,1.0461169298892463,-217.3901807013323,-125.14414308377505,1.0443837144747121,0.3748061140427592,251.13420232190245,1.0456194287919092,winter,2020-01-19,POOL_FLAT
5,25,502,1,1.0455993771640075,0.0406330714530961,217.3890402114996,-125.73032398874855,1.0455993771640075,-217.26683610067406,-125.06500951656378,1.0437742596958732,0.4061033639918063,251.22582425050143,1.046001106458467,winter,2020-01-19,POOL_FLAT
5,26,522,2,1.043635346670829,0.04747721209478755,217.45345202411346,-125.78573027673634,1.0459470275964056,-217.23013070082035,-125.06189694489125,1.043635346670829,0.44280867962303405,251.2242010213641,1.0459946062232828,winter,2020-01-19,POOL_FLAT
5,27,539,3,1.0458920442012771,0.0382243553461939,217.46109031519876,-125.8369656317183,1.0460813834839717,-217.35880639272798,-125.12891212809463,1.0442388653036911,0.4014764390314485,251.19963733041206,1.0458920442012771,winter,2020-01-19,POOL_FLAT
5,28,556,3,1.045874748932204,0.038129620956971186,217.46107119045098,-125.83702350765654,1.0460814352549654,-217.35882551747565,-125.12897000403278,1.044239054536817,0.40044329164233716,251.19548503606916,1.045874748932204,winter,2020-01-19,POOL_FLAT
5,29,562,1,1.045527964882858,0.04147934635064759,217.380024339525,-125.71165386043033,1.045527964882858,-217.23134137118325,-125.05402779461643,1.0436233686003527,0.4142565233216812,251.21337892622847,1.0459493448046078,winter,2020-01-19,POOL_FLAT
5,30,563,1,1.0456010033102565,0.04066170699923738,217.38932997825896,-125.73060307898612,1.0456010033102565,-217.266832283599,-125.06501379148301,1.043774254801691,0.40610718106588173,251.22581997557998,1.0460010886851876,winter,2020-01-19,POOL_FLAT
5,31,611,1,1.0455171654179474,0.04129948346694238,217.37809986444444,-125.70980048342611,1.0455171654179474,-217.2313667223416,-125.05399940560042,1.043623401106146,0.4142311721634356,251.21340731524384,1.0459494628304367,winter,2020-01-19,POOL_FLAT
5,32,614,3,1.045948785230265,0.0460163009003667,217.4440735303331,-125.77247505807638,1.0458855934220948,-217.22506133149125,-125.053029915364,1.043598634977177,0.4437096316112433,251.21319423329794,1.045948785230265,winter,2020-01-19,POOL_FLAT
5,33,619,3,1.045709878260649,0.04434870633234694,217.41452760727276,-125.73872206926589,1.045708744768888,-217.18958328482145,-125.05411583771969,1.0434728757236822,0.42040570458269805,251.15585410364957,1.045709878260649,winter,2020-01-19,POOL_FLAT
5,34,629,1,1.0456141141150972,0.0388285666771717,217.3886183349802,-125.73812288165908,1.0456141141150972,-217.2945023483163,-125.0768295333199,1.0438986439668319,0.4015489155247443,251.2338070901534,1.0460343131556002,winter,2020-01-19,POOL_FLAT
5,35,639,2,1.0432873482388931,0.05095505874944003,217.42060528957725,-125.73658851689983,1.0457262030300416,-217.14586281017168,-125.04074649351726,1.0432873482388931,0.4339431586012027,251.18828962699243,1.0458450219407056,winter,2020-01-19,POOL_FLAT
5,36,676,2,1.0433232036082212,0.050945877086681406,217.41274665911232,-125.73392216179906,1.0456923207119238,-217.15641271460345,-125.03968263366583,1.0433232036082212,0.4271074262510781,251.1972678696424,1.0458823547701372,winter,2020-01-19,POOL_FLAT
5,37,682,2,1.0433615717645586,0.04970918616291758,217.4126142657685,-125.73394967252635,1.0456919008760688,-217.1655349920246,-125.04230742143278,1.0433615717645586,0.4269750329073583,251.19724035891505,1.0458822392899838,winter,2020-01-19,POOL_FLAT
5,38,688,2,1.043433720072559,0.049352225708659894,217.43044708987054,-125.7563742313323,1.0458029178466026,-217.19037053708402,-125.03390024813565,1.043433720072559,0.44611949420495606,251.2174075161269,1.0459663453284274,winter,2020-01-19,POOL_FLAT
5,39,701,3,1.0458265105863822,0.04605570387336546,217.41827707320195,-125.74466197336778,1.0457346402656342,-217.1920629207228,-125.0287527769665,1.0434291342422881,0.44102807966520197,251.1838312658596,1.0458265105863822,winter,2020-01-19,POOL_FLAT
5,40,702,2,1.0433078598924912,0.04909362705457299,217.4122313502908,-125.73214885353188,1.045686767118929,-217.16695890535055,-125.01397875237915,1.0433078598924912,0.4506778666510923,251.20772651040843,1.0459260715918666,winter,2020-01-19,POOL_FLAT
5,41,755,2,1.0428297601578647,0.05777097480858582,217.40500092800383,-125.69873011996728,1.0455910543284794,-217.05906965748864,-124.97123228598038,1.0428297601578647,0.46647558762142055,251.1974151213011,1.0458832594060912,winter,2020-01-19,POOL_FLAT
5,42,778,3,1.0458396875858036,0.0461941385392662,217.41829165127513,-125.74461788093956,1.0457346008971482,-217.19204834265346,-125.02870868453763,1.0434289900492082,0.4418157365482716,251.18699470812567,1.0458396875858036,winter,2020-01-19,POOL_FLAT
5,43,780,3,1.0456997969365929,0.05035248520568857,217.39306470715377,-125.68794831840849,1.0455255610077279,-217.08614523039992,-124.97723391564087,1.0429399248326983,0.45744248783011054,251.15336806418878,1.0456997969365929,winter,2020-01-19,POOL_FLAT
5,44,785,2,1.0433084993337745,0.05682974417572601,217.45272709156293,-125.78003826914174,1.0459325485978757,-217.1539866005349,-125.03681855727396,1.0433084993337745,0.4466717874932191,251.22336932207554,1.0459911718531727,winter,2020-01-19,POOL_FLAT
5,45,813,2,1.0428840296727215,0.056017598861798336,217.4048136638578,-125.69876902440471,1.0455904604172488,-217.07197273229806,-124.97494435128235,1.0428840296727215,0.4662883234752528,251.19737621686374,1.0458830959768928,winter,2020-01-19,POOL_FLAT
5,46,817,1,1.0455184823190482,0.042190186189630635,217.37958781075133,-125.70785929625859,1.0455184823190482,-217.20728423021384,-125.03535518285241,1.0434977735789386,0.44458501226263186,251.21694585242375,1.0459644118298308,winter,2020-01-19,POOL_FLAT
5,47,835,3,1.04569760801212,0.050327373865437834,217.39306228502105,-125.68795564275884,1.0455255675409396,-217.08614765253228,-124.97724123999177,1.0429399487876934,0.4573116111729937,251.15284257078596,1.04569760801212,winter,2020-01-19,POOL_FLAT
5,48,860,1,1.0455422931418625,0.042565523666324684,217.38383096632225,-125.71194559671957,1.0455422931418625,-217.20722833491635,-125.03541777467457,1.0434977019001228,0.44464090755900226,251.2168832606004,1.0459641516358293,winter,2020-01-19,POOL_FLAT
5,49,861,1,1.04553321862488,0.042421216561538286,217.38221387071394,-125.7103882577636,1.04553321862488,-217.20724963697265,-125.03539392019152,1.0434977292166632,0.44461960550275187,251.2169071150834,1.0459642507988318,winter,2020-01-19,POOL_FLAT
5,50,886,2,1.0425614112769488,0.05981741211064233,217.39612297601016,-125.6589324708592,1.0454761219913011,-217.00367903815376,-124.93826666185215,1.0425614112769488,0.4822742053190423,251.20004467011654,1.0458943319526035,winter,2020-01-19,POOL_FLAT
5,51,896,1,1.045465721826641,0.04661919261034449,217.3764217466283,-125.68802023281455,1.045465721826641,-217.1501987924782,-124.99956534400853,1.0432174429814332,0.4532641902157888,251.20733210964403,1.0459244488483028,winter,2020-01-19,POOL_FLAT
5,52,898,1,1.0453209400222774,0.05147849702360378,217.36329040106813,-125.64125653348383,1.0453209400222774,-217.06106321778103,-124.9551373591502,1.0428035188633684,0.47057690848309824,251.197585291111,1.0458839997710614,winter,2020-01-19,POOL_FLAT
5,53,899,2,1.0424880451141252,0.062231719677820735,217.39612297601016,-125.65893247085917,1.0454761219913011,-216.98616304946958,-124.93337421332231,1.0424880451141252,0.48227420531904125,251.2000446701164,1.0458943319526028,winter,2020-01-19,POOL_FLAT
5,54,900,1,1.0454337961134357,0.046100118595385695,217.3707321268054,-125.68254166976774,1.0454337961134357,-217.15027374290207,-124.9994814254188,1.0432175391242926,0.45318923979195297,251.20741602823378,1.045924797686784,winter,2020-01-19,POOL_FLAT
5,55,906,1,1.0452771425508232,0.050803996027168744,217.35555475170963,-125.63361946108624,1.0452771425508232,-217.06131657955174,-124.9548537556173,1.0428038439817953,0.4703235467126353,251.19786889464476,1.045885178600403,winter,2020-01-19,POOL_FLAT
6,1,34,1,1.0453852772805419,0.08337911833902865,217.04072987150568,-126.22838906508333,1.0453852772805419,-218.03632171163184,-124.74501487225572,1.0458898674561872,0.5165473508684747,251.86881885335922,1.0486791070503563,winter,2020-01-19,POOL_FLAT
6,2,47,2,1.0444871921157555,0.09964508725494002,216.9221048468954,-126.03514024576288,1.0445539115990305,-217.74782096701688,-124.57087318132922,1.0444871921157555,0.5236267797541936,251.80587256071632,1.0484170863254112,winter,2020-01-19,POOL_FLAT
6,3,70,1,1.0452753799505885,0.08287219476933351,217.0211919817306,-126.20948138609236,1.0452753799505885,-218.0365789865989,-124.74472535667466,1.0458901986165403,0.5162900759042001,251.86910836894498,1.0486803102738902,winter,2020-01-19,POOL_FLAT
6,4,73,1,1.0423645972009383,0.11593346721699745,216.57328446114656,-125.58864952648929,1.0423645972009383,-217.35935670560218,-124.30444926575122,1.0425324691663855,0.5148170961893309,251.6982159582094,1.0479687743567938,winter,2020-01-19,POOL_FLAT
6,5,74,1,1.0424498387178158,0.11584138720862698,216.5884570964179,-125.60329654789251,1.0424498387178158,-217.35915687352113,-124.30467358196252,1.0425322105676484,0.5150169282704116,251.69799164199813,1.0479678421015486,winter,2020-01-19,POOL_FLAT
6,6,83,2,1.044443214429941,0.10098727812164668,216.92225668357062,-126.03510913538166,1.0445543931445138,-217.73735666256565,-124.56789375700143,1.044443214429941,0.5237786164293947,251.8059036710973,1.0484172171706123,winter,2020-01-19,POOL_FLAT
6,7,178,2,1.040959991477153,0.13267476216960108,216.49784841619834,-125.42901662142222,1.0417595581256158,-217.02688891109713,-124.12503468577519,1.040959991477153,0.5431074195151964,251.6106197229989,1.0476043084934266,winter,2020-01-19,POOL_FLAT
6,8,208,3,1.0474917436644473,0.12733271886147787,216.50658470353503,-125.42703828354846,1.041786902922516,-217.03176239464275,-124.11778874368548,1.0409626278973247,0.547137563204415,251.58357536456163,1.0474917436644473,winter,2020-01-19,POOL_FLAT
6,9,225,1,1.041731851767311,0.13171719542620094,216.5025388287321,-125.4076445794124,1.041731851767311,-217.00608189981378,-124.09815030467061,1.04082921934764,0.566325509122574,251.6150717550616,1.0476230579796817,winter,2020-01-19,POOL_FLAT
6,10,248,2,1.0399019372471778,0.15816292525711692,216.5276907142089,-125.42004412668494,1.0418483459965493,-216.78806154220527,-124.03075164269156,1.0399019372471778,0.5764357068671858,251.61714730286525,1.0476317952644367,winter,2020-01-19,POOL_FLAT
6,11,249,2,1.03966995486654,0.16521229542446347,216.52849163377778,-125.41987995466344,1.0418508889675062,-216.732864000655,-124.01503074586444,1.03966995486654,0.577236626436095,251.61731147488663,1.0476324864514064,winter,2020-01-19,POOL_FLAT
6,12,264,3,1.047496724679448,0.12746692909836727,216.50659022114115,-125.42702161855074,1.041786888018933,-217.03175687703904,-124.11777207868892,1.0409625735091237,0.5474358044338219,251.58477104739583,1.047496724679448,winter,2020-01-19,POOL_FLAT
6,13,276,2,1.0403415012199824,0.14061824536213616,216.36109643268915,-125.30472892051469,1.0410074889066898,-216.89900317638956,-124.04942915715837,1.0403415012199824,0.5059927458980501,251.54666933262675,1.0473377240720019,winter,2020-01-19,POOL_FLAT
6,14,289,1,1.0408944532057056,0.1310945898501899,216.33913045472676,-125.28848601338994,1.0408944532057056,-216.98996996958425,-124.0772534103814,1.0407277945895959,0.4990682070073847,251.55041492320785,1.047353261523928,winter,2020-01-19,POOL_FLAT
6,15,314,2,1.0404401505292702,0.13781586738087676,216.36075582878922,-125.30479866031838,1.041006407245661,-216.9224772232119,-124.05610933201565,1.0404401505292702,0.505652141998311,251.5465995928227,1.0473374308534333,winter,2020-01-19,POOL_FLAT
6,16,320,3,1.0471789948922117,0.12672677509537342,216.3591630767017,-125.30750874866172,1.0410063236992195,-216.98092315930876,-124.07506477924312,1.0406905724169666,0.4970575408513238,251.50856386166623,1.0471789948922117,winter,2020-01-19,POOL_FLAT
6,17,327,3,1.0472273294747316,0.1280892617918298,216.3592165868958,-125.30734702513605,1.0410061790260787,-216.9808696491157,-124.07490305571724,1.040690044761147,0.4999493541676594,251.52016704231087,1.0472273294747316,winter,2020-01-19,POOL_FLAT
6,18,337,3,1.0467722404196935,0.1423436480038687,215.83704285610335,-124.8571487608194,1.0381855324445715,-216.79332779187874,-123.79080554226796,1.0394252215242235,0.3800804642641887,251.41107437065585,1.0467722404196935,winter,2020-01-19,POOL_FLAT
6,19,342,3,1.0467486270423747,0.13461412423272673,216.02797596903108,-125.04733871922002,1.039270212327345,-216.8482632294943,-123.90365603987844,1.0398568787878626,0.42742800106091333,251.40532691761825,1.0467486270423747,winter,2020-01-19,POOL_FLAT
6,20,349,1,1.0386036757702846,0.1415118226735477,215.90895354147625,-124.93339878802843,1.0386036757702846,-216.8117508426194,-123.83775885470678,1.039588779734321,0.40623198010581035,251.4197428755283,1.0468085026903766,winter,2020-01-19,POOL_FLAT
6,21,387,1,1.039323836543795,0.1372656710393598,216.04024734189056,-125.05184776517221,1.039323836543795,-216.8678109647133,-123.92384963971045,1.0399692575694202,0.43967130887159644,251.44476199081922,1.0469129059264926,winter,2020-01-19,POOL_FLAT
6,22,388,1,1.0385903435092956,0.14159719559484762,215.90657829852665,-124.93111013525113,1.0385903435092956,-216.81178213050976,-123.83772379966615,1.0395888204627748,0.40620069221516253,251.41977793057004,1.0468086484343102,winter,2020-01-19,POOL_FLAT
6,23,406,2,1.0389270460251987,0.1567459728637532,215.7900104642005,-124.8014939209002,1.0379000009301147,-216.68913247747645,-123.73198412941237,1.0389270460251987,0.3739879379902861,251.44268034068767,1.0469037963331218,winter,2020-01-19,POOL_FLAT
6,24,458,3,1.0461442011616162,0.12405942714822336,215.9498251813691,-124.98855639430725,1.038865992163033,-216.79500620895448,-123.860767630222,1.039575761711446,0.3923943326747288,251.26021423725058,1.0461442011616162,winter,2020-01-19,POOL_FLAT
6,25,502,1,1.0353117818089899,0.16430709584063655,215.31047705279568,-124.38892523273793,1.0353117818089899,-216.89418681805168,-123.57795370604312,1.0393509055326045,0.1892902308037439,251.51679096651375,1.0472115006818359,winter,2020-01-19,POOL_FLAT
6,26,522,2,1.0386600109236777,0.15092355967687826,215.8223685023467,-124.83734737546013,1.0380913640252232,-216.61937503112205,-123.72480439334466,1.0386600109236777,0.42844226325260465,251.3483288442501,1.0465113183276566,winter,2020-01-19,POOL_FLAT
6,27,539,3,1.0464445967673686,0.13627069958314839,215.9212704365511,-124.95733077154341,1.0386979693834901,-216.76222550569665,-123.83430351425527,1.0394025945486722,0.4138226299277522,251.33232828593634,1.0464445967673686,winter,2020-01-19,POOL_FLAT
6,28,556,3,1.0464384671676419,0.13608587203065922,215.92126365754658,-124.9573512829627,1.0386979877306945,-216.76223228470113,-123.83432402567446,1.0394026614193226,0.41345639990104466,251.33085669344325,1.0464384671676419,winter,2020-01-19,POOL_FLAT
6,29,562,1,1.0342027347185125,0.17834702713119216,215.1076765943759,-124.20746746402754,1.0342027347185125,-216.91796617804533,-123.53427034470269,1.0393469115728389,0.14357776866175795,251.52735693992804,1.04725536704523,winter,2020-01-19,POOL_FLAT
6,30,563,1,1.0352826419888457,0.16477376678698766,215.30528210161822,-124.38392662605801,1.0352826419888457,-216.89425525600956,-123.57787713519825,1.039350995288333,0.18922179284492263,251.51686753735666,1.0472118192764461,winter,2020-01-19,POOL_FLAT
6,31,611,1,1.0339017574255303,0.18436738016896909,215.05400471905926,-124.15585438668573,1.0339017574255303,-216.91867328036025,-123.533479679309,1.0393478407596177,0.14287066634693027,251.5281476053212,1.047258657369808,winter,2020-01-19,POOL_FLAT
6,32,614,3,1.0464419022234408,0.14866569706786414,215.7841652172634,-124.80439272926942,1.0378849761872369,-216.6261247570194,-123.70825810797747,1.0386502487070077,0.4187729379570024,251.33167291613114,1.0464419022234408,winter,2020-01-19,POOL_FLAT
6,33,619,3,1.0467692559524229,0.1554068979448794,215.22619506072527,-124.34036061170345,1.0349067790745472,-216.8947197911874,-123.5535545508992,1.0393025466990538,0.13066188812837648,251.41061091520402,1.0467692559524229,winter,2020-01-19,POOL_FLAT
6,34,629,1,1.0359345088052812,0.15951041012566353,215.42602990272326,-124.4878935593584,1.0359345088052812,-216.86757014476564,-123.62193133805012,1.0393452844184037,0.23444693120677595,251.50080742609344,1.047145110278668,winter,2020-01-19,POOL_FLAT
6,35,639,2,1.0392120700953216,0.1645609061745303,215.22942256365184,-124.33816742848414,1.0349138470080281,-216.87390068078554,-123.54619942150613,1.0392120700953216,0.14805348244905062,251.47062679301524,1.047019177175858,winter,2020-01-19,POOL_FLAT
6,36,676,2,1.0391346187871253,0.16734682743092302,215.22814828869667,-124.32998885397875,1.0348922194750887,-216.85947170539814,-123.5339470465552,1.0391346187871253,0.1487166658579109,251.49084864089957,1.0471033741461164,winter,2020-01-19,POOL_FLAT
6,37,682,2,1.0391678460982325,0.1667829644802761,215.2280335251727,-124.33001214698,1.0348918542320038,-216.86738216502943,-123.53618350804722,1.0391678460982325,0.14860190233394754,251.49082534789832,1.047103276881324,winter,2020-01-19,POOL_FLAT
6,38,688,2,1.0384721876259149,0.15337922069265325,215.73644420021606,-124.7647721719433,1.0376303909746187,-216.59476538512806,-123.67693184013233,1.0384721876259149,0.4097961384737602,251.33461912988744,1.046454107406253,winter,2020-01-19,POOL_FLAT
6,39,701,3,1.0462768775584579,0.14906584455155836,215.68170491936422,-124.72440227846802,1.0373489496079284,-216.60080332182972,-123.65714456348799,1.0384531700488917,0.3892727388535847,251.29208504453442,1.0462768775584579,winter,2020-01-19,POOL_FLAT
6,40,702,2,1.0383242302389626,0.15469387452977584,215.6403286535525,-124.68783134044266,1.037123592445463,-216.58040147536587,-123.6304176196625,1.0383242302389626,0.3873887249178197,251.3134179269227,1.0463656865717275,winter,2020-01-19,POOL_FLAT
6,41,755,2,1.0376938225986434,0.16085060564688708,215.59701862368766,-124.63952613379242,1.0368668136684285,-216.43341791483311,-123.5824870546968,1.0376938225986434,0.3907560138103121,251.23919402353133,1.046056671218266,winter,2020-01-19,POOL_FLAT
6,42,778,3,1.046298185046049,0.1497249154368291,215.68172847771257,-124.72433097522435,1.0373488859020714,-216.60077976348512,-123.65707326024364,1.0384529376767149,0.3905453418913456,251.2972006597401,1.046298185046049,winter,2020-01-19,POOL_FLAT
6,43,780,3,1.0452359390586639,0.13804963212476148,215.6019611672343,-124.65981448444188,1.0369269093257412,-216.4293604130266,-123.60855938177167,1.0377329842945622,0.3663389594107696,251.04210903126642,1.0452359390586639,winter,2020-01-19,POOL_FLAT
6,44,785,2,1.0383277570505256,0.15864661573213787,215.81092492076996,-124.82409753508094,1.0380224986763436,-216.54395155896867,-123.69595786588056,1.0383277570505256,0.42874349398913225,251.34622875462298,1.0465025765801226,winter,2020-01-19,POOL_FLAT
6,45,813,2,1.0377489552658572,0.15949491393122847,215.59682824106443,-124.63956497651616,1.036866208362231,-216.4465396088931,-123.58621126560567,1.0377489552658572,0.39056563118695803,251.23915518080756,1.0460565082609754,winter,2020-01-19,POOL_FLAT
6,46,817,1,1.0371856824662913,0.1546341143765476,215.65597693489767,-124.69056001900633,1.0371856824662913,-216.61358300525728,-123.67457179371407,1.0385353543704832,0.4044316518482588,251.33341115312913,1.046449041721295,winter,2020-01-19,POOL_FLAT
6,47,835,3,1.0453746345647488,0.1422630309662711,215.60211447004653,-124.65935034233533,1.036926494594141,-216.42920711021395,-123.6080952396658,1.0377314716295336,0.3746194860081195,251.07540841755113,1.0453746345647488,winter,2020-01-19,POOL_FLAT
6,48,860,1,1.0372450548179373,0.15410002799750896,215.6665579704789,-124.70074845574086,1.0372450548179373,-216.61344361919797,-123.67472785650047,1.0385351725609153,0.4045710379063502,251.33325509034145,1.0464483928756816,winter,2020-01-19,POOL_FLAT
6,49,861,1,1.037221651059171,0.15430787952777614,215.6623871140743,-124.69673225557037,1.037221651059171,-216.6134985626015,-123.6746663379099,1.0385352442236382,0.4045160945028354,251.33331660893202,1.0464486486449371,winter,2020-01-19,POOL_FLAT
6,50,886,2,1.0367843634696854,0.1709102281398511,215.65080492264815,-124.6291166939906,1.0370390095848248,-216.2102263076593,-123.53283499766869,1.0367843634696854,0.45416777294636446,251.18395846227057,1.0458271376657564,winter,2020-01-19,POOL_FLAT
6,51,896,1,1.035850729907183,0.16647208607911818,215.4133594826626,-124.4696027425158,1.035850729907183,-216.56627955433473,-123.59485363748017,1.038199764062005,0.3677145995466904,251.3066955420057,1.0463375743278998,winter,2020-01-19,POOL_FLAT
6,52,898,1,1.0368642037433535,0.1589731100311674,215.60754451049806,-124.6200644162403,1.0368642037433535,-216.3528316139929,-123.57455435448966,1.0373860803273458,0.4268468659105656,251.17791931806428,1.0458017937290072,winter,2020-01-19,POOL_FLAT
6,53,899,2,1.036680769777323,0.17370973902833112,215.65080492264812,-124.6291166939906,1.0370390095848248,-216.18547113907482,-123.52600803862649,1.036680769777323,0.4541677729463683,251.1839584622705,1.0458271376657562,winter,2020-01-19,POOL_FLAT
6,54,900,1,1.0359581120022343,0.16503320216387413,215.43250182631616,-124.4880241706439,1.0359581120022343,-216.56602737706612,-123.59513582211036,1.0381994345108447,0.36796677681535533,251.3064133573757,1.0463364009666805,winter,2020-01-19,POOL_FLAT
6,55,906,1,1.0368572740967599,0.15898961932129418,215.60640242904225,-124.6187144423541,1.0368572740967599,-216.3530459634793,-123.5743144278808,1.0373863598359643,0.4266325164243283,251.17815924467396,1.045802791165831,winter,2020-01-19,POOL_FLAT
7,1,34,1,1.045760306151511,0.04104361188101585,217.14304805165565,-126.23161432810235,1.045760306151511,-218.12686442246394,-125.01062756780007,1.0467665534966537,0.6054540864518988,251.64065018041848,1.0477299349350184,winter,2020-01-19,POOL_FLAT
7,2,47,2,1.0456724733951315,0.04384144878958598,217.1359333554485,-126.21325926344012,1.0456962892652564,-217.86788155312607,-124.93403610691006,1.0456724733951315,0.6125804192683947,251.45482424379398,1.0469563072029635,winter,2020-01-19,POOL_FLAT
7,3,70,1,1.0454187997034343,0.04654190555333877,217.08240408302234,-126.17272908007024,1.0454187997034343,-218.12766277083819,-125.00972613169579,1.0467675712127433,0.6046557380805603,251.64155161652732,1.0477336801365351,winter,2020-01-19,POOL_FLAT
7,4,73,1,1.0443398056085273,0.04521916414302328,216.89478059662326,-125.97980330481202,1.0443398056085273,-217.5215400508652,-124.82746944712949,1.0442008661075302,0.6052693324475878,251.1429607358947,1.0456577674455871,winter,2020-01-19,POOL_FLAT
7,5,74,1,1.0444330696952338,0.04517680062630917,216.9113975435646,-125.99579295251586,1.0444330696952338,-217.52132114105083,-124.82771438272268,1.0442005831684285,0.6054882422619994,251.14271580030154,1.0456567498357523,winter,2020-01-19,POOL_FLAT
7,6,83,2,1.0456478357647476,0.044576719677522046,217.1360183955969,-126.2132417363428,1.0456965587075773,-217.86202128581306,-124.93236019811413,1.0456478357647476,0.6126654594167802,251.45484177089105,1.0469563810409095,winter,2020-01-19,POOL_FLAT
7,7,178,2,1.0431036414636825,0.05351976828072009,216.9127999892229,-125.99483630254021,1.044436118299607,-217.24727598489505,-124.77590000400818,1.0431036414636825,0.6282461404618948,250.91558676937606,1.0447113148117277,winter,2020-01-19,POOL_FLAT
7,8,208,3,1.0445408619987473,0.04888601824288718,216.9121648758804,-125.99571190802767,1.0444356628227403,-217.2579339376687,-124.77836716374645,1.043147237618722,0.620658279253318,250.874666561356,1.0445408619987473,winter,2020-01-19,POOL_FLAT
7,9,225,1,1.0443435895688535,0.0510027430082757,216.89681612509796,-125.97810826219505,1.0443435895688535,-217.25344133885363,-124.77314676047467,1.043120192125597,0.6317538366357717,250.9140041871657,1.0447047622883086,winter,2020-01-19,POOL_FLAT
7,10,248,2,1.042916265892005,0.058473464853695825,216.91470161315098,-125.99294568405463,1.0444390110079211,-217.2053484842242,-124.75854005237022,1.042916265892005,0.6340066775579364,250.91424613310954,1.0447057933060948,winter,2020-01-19,POOL_FLAT
7,11,249,2,1.042906364803772,0.058793504742250376,216.91473578540612,-125.99293862109721,1.044439119268677,-217.2029937187796,-124.75786521584264,1.042906364803772,0.634040849813075,250.9142531960669,1.0447058230727322,winter,2020-01-19,POOL_FLAT
7,12,264,3,1.0445425899266612,0.04891489238666371,216.9121667741156,-125.99570612609762,1.0444356575653904,-217.25793203943584,-124.77836138181752,1.0431472187756965,0.6207606271218977,250.87508131917207,1.0445425899266612,winter,2020-01-19,POOL_FLAT
7,13,276,2,1.0423669170923382,0.06134468020168913,216.87768597174295,-125.96151801021533,1.0442400217720507,-217.06370800610733,-124.74021839534481,1.0423669170923382,0.6373762983810562,250.77844760632996,1.044140422146632,winter,2020-01-19,POOL_FLAT
7,14,289,1,1.0440835753981512,0.052715335988278315,216.84903373972384,-125.93603473607799,1.0440835753981512,-217.11650799381664,-124.75503882172477,1.0425882693886148,0.6329641086626107,250.7822306602901,1.04415612662956,winter,2020-01-19,POOL_FLAT
7,15,314,2,1.0424149066612765,0.05978387732275692,216.87751969576738,-125.96155091235089,1.0442394919156042,-217.07517360111618,-124.74339948199052,1.0424149066612765,0.6372100224056072,250.77841470419412,1.0441402833969602,winter,2020-01-19,POOL_FLAT
7,16,320,3,1.0440068617116047,0.05284438893467409,216.87636369960381,-125.96380517304745,1.0442400437961041,-217.11122901165277,-124.75520875609344,1.042569564503882,0.6301495821976755,250.7463875285804,1.0440068617116047,winter,2020-01-19,POOL_FLAT
7,17,327,3,1.0440463036145942,0.05344084066855342,216.87640743574286,-125.96367322711798,1.0442399253468517,-217.11118527551497,-124.75507681016384,1.0425691329088629,0.6325144373574328,250.75585467047634,1.0440463036145942,winter,2020-01-19,POOL_FLAT
7,18,337,3,1.042630496699327,0.0737175505690738,216.79843150488566,-125.83586091058736,1.0436919544763668,-216.57261761409714,-124.58876473900267,1.0402800167093191,0.7394432354152444,250.41551540514152,1.042630496699327,winter,2020-01-19,POOL_FLAT
7,19,342,3,1.0427600605152223,0.060837066381364456,216.79554221686917,-125.91984779306746,1.0438571366705123,-216.80752905637783,-124.68512735920949,1.0413278887844084,0.673137682226839,250.4468208714332,1.0427600605152223,winter,2020-01-19,POOL_FLAT
7,20,349,1,1.0437096801845145,0.06728186132629264,216.78281868636404,-125.87123465108925,1.0437096801845145,-216.67812482088374,-124.63555029564097,1.0407579291447007,0.7111656867567363,250.4283662062961,1.0426836608600336,winter,2020-01-19,POOL_FLAT
7,21,387,1,1.0437204715038755,0.05746970829948172,216.77288469391272,-125.89350292500087,1.0437204715038755,-216.8482039269684,-124.69197289563748,1.0414889069776496,0.6712628617904554,250.51065594303014,1.0430258212714265,winter,2020-01-19,POOL_FLAT
7,22,388,1,1.0436876591485418,0.06683993718968367,216.77890175546892,-125.86744750828268,1.0436876591485418,-216.6781764027263,-124.63549230285606,1.0407579949163437,0.7111141049138425,250.42842419908212,1.0426839017070118,winter,2020-01-19,POOL_FLAT
7,23,406,2,1.0390236249604075,0.10966868008685952,216.8081070417696,-125.80555150163798,1.0436634540832632,-216.28028767018446,-124.49175815986392,1.0390236249604075,0.7690554342167688,250.44367753294117,1.0427481228772566,winter,2020-01-19,POOL_FLAT
7,24,458,3,1.0417548945911008,0.06122662728071591,216.77532739234115,-125.92919281038373,1.0438039010763893,-216.72623263539398,-124.68378858208264,1.0410317006673868,0.6519400710746852,250.2054576776154,1.0417548945911008,winter,2020-01-19,POOL_FLAT
7,25,502,1,1.0425738134976614,0.07146214560342301,216.61058596307836,-125.62449204569589,1.0425738134976614,-216.51008925649637,-124.47667238527241,1.0398216646915648,0.7054556438820027,250.45875562171784,1.0428101219892105,winter,2020-01-19,POOL_FLAT
7,26,522,2,1.0403195309513193,0.0703099105090697,216.7388713519476,-125.92844510229551,1.0436710911890439,-216.54374669254852,-124.6579611183747,1.0403195309513193,0.7108200014096512,250.1439909744738,1.0414996414767907,winter,2020-01-19,POOL_FLAT
7,27,539,3,1.0420407534423304,0.0634279184701434,216.76697093979593,-125.93007858426525,1.0437756689854425,-216.6904152731454,-124.68026648643857,1.0408951262825688,0.685661511961139,250.27402472253743,1.0420407534423304,winter,2020-01-19,POOL_FLAT
7,28,556,3,1.0420058008534774,0.06323999168996981,216.7669321566534,-125.9301955035733,1.0437757738966393,-216.6904540562878,-124.68038340574658,1.0408955090239371,0.6835640259349364,250.26563559597986,1.0420058008534774,winter,2020-01-19,POOL_FLAT
7,29,562,1,1.042469579428317,0.07132729717952077,216.59165032540713,-125.60724127730154,1.042469579428317,-216.49640544966104,-124.46828377228509,1.0397548640166325,0.701605300831667,250.44716156590906,1.0427618043261508,winter,2020-01-19,POOL_FLAT
7,30,563,1,1.0425811018885827,0.07156705106047181,216.61183749163126,-125.62582330072341,1.0425811018885827,-216.51007290504248,-124.47669263656753,1.03982164769592,0.705471995335058,250.45873537042067,1.0428100378633358,winter,2020-01-19,POOL_FLAT
7,31,611,1,1.04245762838747,0.07118105710022299,216.58952312757782,-125.60518769142585,1.04245762838747,-216.49643346596002,-124.46825232211462,1.0397548998774213,0.7015772845326625,250.4471930160791,1.04276193494428,winter,2020-01-19,POOL_FLAT
7,32,614,3,1.0412406128268936,0.06770155280959236,216.72124965463505,-125.93028469231156,1.0436115010477565,-216.54243149618742,-124.6652352896144,1.0403298958540288,0.7033896169184833,250.08179882412796,1.0412406128268936,winter,2020-01-19,POOL_FLAT
7,33,619,3,1.0425040358552562,0.0717682646249201,216.6264350538533,-125.64632544367991,1.0426765043038833,-216.4751092596628,-124.47547170658632,1.0396929129795847,0.6974693961207149,250.3852626364285,1.0425040358552562,winter,2020-01-19,POOL_FLAT
7,34,629,1,1.0427267743750126,0.07178580271218132,216.6381142479892,-125.65025373899981,1.0427267743750126,-216.51434562945096,-124.49182670505238,1.0398684778381933,0.716020868537579,250.4604926299003,1.042817478968215,winter,2020-01-19,POOL_FLAT
7,35,639,2,1.0396173776103066,0.07602787024143864,216.62905515022283,-125.64498498634205,1.0426831407232762,-216.45737095125048,-124.46992569751521,1.0396173776103066,0.7082006596695501,250.41793408554238,1.0426401910416248,winter,2020-01-19,POOL_FLAT
7,36,676,2,1.0395616197292736,0.0783325913763356,216.6271202878046,-125.64078610472743,1.0426674008852581,-216.44646981624012,-124.46201850435943,1.0395616197292736,0.7074047306035501,250.4286657759379,1.0426848637875523,winter,2020-01-19,POOL_FLAT
7,37,682,2,1.0395879591657973,0.07747700341805797,216.62702938973314,-125.64080493735554,1.0426671128418015,-216.45273324495867,-124.46381673014491,1.0395879591657973,0.7073138325322055,250.42864694330987,1.0426847843076459,winter,2020-01-19,POOL_FLAT
7,38,688,2,1.0402125375394777,0.06937390620903111,216.6971197537585,-125.93111251244541,1.0435263674845214,-216.51067531417806,-124.66390029046796,1.0402125375394777,0.6991351600673684,250.04317324628076,1.0410797429585859,winter,2020-01-19,POOL_FLAT
7,39,701,3,1.040633602810469,0.06648177543635207,216.67374594137024,-125.94512998792199,1.0434715547450324,-216.51437359324785,-124.68418118587357,1.0402680185118862,0.6826997356556789,249.9360653409553,1.040633602810469,winter,2020-01-19,POOL_FLAT
7,40,702,2,1.0402114588275952,0.06694247620664574,216.6590738821063,-125.9544076115133,1.0434381545176368,-216.49433688246071,-124.69175274369934,1.0402114588275952,0.6852338335208923,249.9064651337982,1.0405103892077094,winter,2020-01-19,POOL_FLAT
7,41,755,2,1.0398067643180295,0.07864481948578855,216.63575235286132,-126.01811291819439,1.043487553433462,-216.3583948062245,-124.7329876397916,1.0398067643180295,0.66420311669159,249.66184001053998,1.03949163923013,winter,2020-01-19,POOL_FLAT
7,42,778,3,1.0406499595935825,0.06646002522248709,216.67376407493614,-125.945075271863,1.0434715055341324,-216.51435545968562,-124.6841264698139,1.0402678393963336,0.6836801842635402,249.93999121038036,1.0406499595935825,winter,2020-01-19,POOL_FLAT
7,43,780,3,1.0376419159319645,0.09582660756783401,216.61055695757295,-126.08340021329553,1.043533597044615,-216.41389627125926,-124.81564720236393,1.0401788708475768,0.564925940528601,249.21782094098862,1.0376419159319645,winter,2020-01-19,POOL_FLAT
7,44,785,2,1.039897640828826,0.08206435488005971,216.7360209895537,-125.92824971181085,1.0436604210797868,-216.44224482914296,-124.63117657872156,1.039897640828826,0.7132008661939528,250.12662094287472,1.0414273484068879,winter,2020-01-19,POOL_FLAT
7,45,813,2,1.039853832037263,0.077449895413372,216.63559044475878,-126.01814776496289,1.0434870436851416,-216.3695443824765,-124.73628178836228,1.039853832037263,0.6640412085889625,249.66180516377167,1.0394914923500023,winter,2020-01-19,POOL_FLAT
7,46,817,1,1.0431693953910706,0.058101002683023324,216.6304520522073,-125.87519493372092,1.0431693953910706,-216.52821118909247,-124.67036006075753,1.0402892312935348,0.6949329552650303,250.02803556916007,1.0410166674434607,winter,2020-01-19,POOL_FLAT
7,47,835,3,1.0380523752038273,0.0873376936108479,216.6110142964851,-126.08202719430304,1.043532366917273,-216.4134389323468,-124.81427418337219,1.040174365272922,0.5896901241563083,249.3163470198915,1.0380523752038273,winter,2020-01-19,POOL_FLAT
7,48,860,1,1.0431988974783024,0.058842396657918246,216.6356988912292,-125.88026883569407,1.0431988974783024,-216.52814209474633,-124.67043775675808,1.040289143399323,0.6950020496098214,250.02795787315807,1.0410163447505254,winter,2020-01-19,POOL_FLAT
7,49,861,1,1.0431777342710942,0.05830991763027854,216.6319351078807,-125.87662906656253,1.0431777342710942,-216.52819165904842,-124.67038202149172,1.0402892064482325,0.6949524853078015,250.0280136084244,1.041016576234464,winter,2020-01-19,POOL_FLAT
7,50,886,2,1.0396317237394153,0.08325920716033132,216.6301548457987,-126.05447281659447,1.0435435386808298,-216.29101739662192,-124.76566972436902,1.0396317237394153,0.6614603268458216,249.5018933767052,1.0388256600572714,winter,2020-01-19,POOL_FLAT
7,51,896,1,1.0431446044527208,0.06016908191920141,216.5936372599949,-125.92668570235419,1.0431446044527208,-216.47400763679332,-124.7093075975536,1.0401745968733114,0.6710022186447598,249.81567247164702,1.0401322069393677,winter,2020-01-19,POOL_FLAT
7,52,898,1,1.0433850135710967,0.0732581283535405,216.59504801806474,-126.03910189890318,1.0433850135710967,-216.37304511394876,-124.78953924132216,1.0399772238523386,0.6459631142403558,249.4984507778721,1.0388111575005394,winter,2020-01-19,POOL_FLAT
7,53,899,2,1.0395818196523954,0.08441529644753239,216.63015484579864,-126.05447281659447,1.0435435386808296,-216.27897965296978,-124.7625504949513,1.0395818196523954,0.6614603268458202,249.5018933767051,1.038825660057271,winter,2020-01-19,POOL_FLAT
7,54,900,1,1.0430704581455217,0.05803303063035601,216.58045362762525,-125.91393058718735,1.0430704581455217,-216.47418124238757,-124.70911228680073,1.0401748172640044,0.6708286130505574,249.81586778239998,1.0401330181878654,winter,2020-01-19,POOL_FLAT
7,55,906,1,1.0433931992387986,0.07355725681341717,216.59669932605817,-126.04017310559723,1.0433931992387986,-216.37332366021298,-124.78922324451447,1.0399775711834762,0.645684567976342,249.49876677468052,1.0388124701732946,winter,2020-01-19,POOL_FLAT
8,1,34,1,1.0433379863698633,0.10198618080956202,216.39125723320865,-126.36626530250402,1.0433379863698633,-218.16880532345093,-124.73681373308096,1.0463517386251155,0.7129644062364615,251.53289680766187,1.0472824691761573,winter,2020-01-19,POOL_FLAT
8,2,47,2,1.0451779637368364,0.11262077025323322,216.07820400464436,-126.0845208774704,1.0416209338983602,-217.94591849715957,-124.55866206914253,1.0451779637368364,0.6167721254850053,251.37030013633938,1.0466044277304671,winter,2020-01-19,POOL_FLAT
8,3,70,1,1.043294133299328,0.10270236890773987,216.38351730061183,-126.3586330436157,1.043294133299328,-218.16890709076912,-124.7366970246498,1.0463518652774635,0.7128626389211629,251.53301351609758,1.0472829538986181,winter,2020-01-19,POOL_FLAT
8,4,73,1,1.0379698580402381,0.13909805123698704,215.40328770338155,-125.50111690366526,1.0379698580402381,-217.74374358220157,-124.30756329721825,1.043928486333014,0.42459552707697723,251.09328174019953,1.0454493827080782,winter,2020-01-19,POOL_FLAT
8,5,74,1,1.0380664502559596,0.13676156493771327,215.42045673845257,-125.51773219444617,1.0380664502559596,-217.7435175003811,-124.30781771154388,1.043928194031322,0.4248216088974307,251.09302732587395,1.045448325026428,winter,2020-01-19,POOL_FLAT
8,6,83,2,1.0451976690772777,0.11231447166518853,216.078135797257,-126.08453443632303,1.04162071706727,-217.9506214235301,-124.5599713238292,1.0451976690772777,0.6167039180976939,251.37028657748647,1.046604370580457,winter,2020-01-19,POOL_FLAT
8,7,178,2,1.042641102490386,0.14298411485238027,215.13367508421098,-125.27696782345498,1.0365301285065842,-217.48588580988246,-124.13558060298925,1.042641102490386,0.33374953966494664,250.89078361614256,1.04460569438877,winter,2020-01-19,POOL_FLAT
8,8,208,3,1.0443809637965673,0.13418784195092337,215.13236162346965,-125.27769453524988,1.0365269252907943,-217.5475220546131,-124.15100407775174,1.0428958158846304,0.3240301705476833,250.83682103267847,1.0443809637965673,winter,2020-01-19,POOL_FLAT
8,9,225,1,1.036361891375154,0.1444990075174751,215.10484850977645,-125.24617333988462,1.036361891375154,-217.53911138073414,-124.14163638060228,1.042846069662772,0.33966654219947817,250.88955602815983,1.0446006162908066,winter,2020-01-19,POOL_FLAT
8,10,248,2,1.0424255612054538,0.14364008164406336,215.13732274891814,-125.27289076066988,1.036534710810635,-217.439706796207,-124.11205413819228,1.0424255612054538,0.3440062791138483,250.89003569808753,1.04460263805356,winter,2020-01-19,POOL_FLAT
8,11,249,2,1.0424850544937185,0.14307579662922104,215.1371170192088,-125.27293204844732,1.0365340570888313,-217.45388987639305,-124.11603053547816,1.0424850544937185,0.34380054940455657,250.88999441031004,1.0446024649744732,winter,2020-01-19,POOL_FLAT
8,12,264,3,1.0443477177679648,0.13316910156793216,215.13232437586288,-125.27780575943471,1.036527024312582,-217.54755930222237,-124.15111530193782,1.042896180109996,0.3220101017608562,250.82883867240042,1.0443477177679648,winter,2020-01-19,POOL_FLAT
8,13,276,2,1.0422369656877717,0.15013135434345856,214.89350169672284,-125.09910866362392,1.0352933447363961,-217.41862591068764,-124.05760649940115,1.0422369656877717,0.25005230577942056,250.76047492713087,1.0440627380863632,winter,2020-01-19,POOL_FLAT
8,14,289,1,1.034472443376528,0.17090940044738925,214.74755420094988,-124.95791451736467,1.034472443376528,-217.5041347431473,-124.07773309221224,1.0425877267135093,0.24015465489495155,250.77623453167595,1.0441283142084212,winter,2020-01-19,POOL_FLAT
8,15,314,2,1.0422308246048357,0.15016247560240972,214.8935225188073,-125.09910353145726,1.0352934089095642,-217.4171954626077,-124.05713730714493,1.0422308246048357,0.2500731278640263,250.7604800592971,1.0440627595410095,winter,2020-01-19,POOL_FLAT
8,16,320,3,1.0436952919548141,0.13875287517035137,214.89025282706308,-125.1066924937691,1.0352975409475522,-217.49491104945142,-124.08569937094163,1.0425708053049685,0.23224733654399077,250.6722396406887,1.0436952919548141,winter,2020-01-19,POOL_FLAT
8,17,327,3,1.0436741268181606,0.13812883572177398,214.89022940506018,-125.10676333032328,1.0352976050613234,-217.49493447145542,-124.08577020749564,1.042571036161805,0.23098181328906617,250.6671574137457,1.0436741268181606,winter,2020-01-19,POOL_FLAT
8,18,337,3,1.0430813704965867,0.18004914544612963,214.22008447951828,-124.55795009280372,1.0317367692435668,-217.27329825655033,-123.75439362267397,1.0410860604712608,0.07588559270319588,250.5248854847256,1.0430813704965867,winter,2020-01-19,POOL_FLAT
8,19,342,3,1.0426524236351773,0.15215621127894632,214.4490659954419,-124.81710575774142,1.0331034295600299,-217.3669178155246,-123.91799903831283,1.041761978211523,0.10459627029694127,250.4218516582069,1.0426524236351773,winter,2020-01-19,POOL_FLAT
8,20,349,1,1.0321856546681991,0.17641351895054733,214.28918322481232,-124.65358760682271,1.0321856546681991,-217.31537771242466,-123.82556736829157,1.0413849786036087,0.09595430384855863,250.51468161931004,1.0430389145092118,winter,2020-01-19,POOL_FLAT
8,21,387,1,1.0332196763135444,0.16523559928345627,214.47727921265397,-124.82413511843846,1.0332196763135444,-217.38509891866846,-123.93607408899415,1.0418650130739995,0.13992509949969878,250.54629330814723,1.0431706185904757,winter,2020-01-19,POOL_FLAT
8,22,388,1,1.032098230143276,0.1788532915470805,214.27363836146623,-124.63855116752163,1.032098230143276,-217.315582414723,-123.82533712161391,1.0413852445246221,0.09574960155002096,250.51491186598867,1.0430398728343482,winter,2020-01-19,POOL_FLAT
8,23,406,2,1.0406593255302317,0.18974736917192028,214.16827016801702,-124.48300198665703,1.0313934284535047,-217.19185636045862,-123.69029323048572,1.0406593255302317,0.0756439836687343,250.57947186767677,1.0433086451547733,winter,2020-01-19,POOL_FLAT
8,24,458,3,1.042083346098718,0.14901525664770993,214.33697125834,-124.75352233506857,1.0325668920205324,-217.32082845083374,-123.88037401057,1.0415176846357832,0.06575447033174979,250.28518512401075,1.042083346098718,winter,2020-01-19,POOL_FLAT
8,25,502,1,1.0288825795887258,0.2355287893083072,213.7652241342364,-123.97615112507533,1.0288825795887258,-217.12097928233356,-123.41180585974523,1.0398294398698384,0.004797589357675254,250.75867384173222,1.0440547202210684,winter,2020-01-19,POOL_FLAT
8,26,522,2,1.040773051375564,0.17187674482460696,214.1365322796614,-124.60198448622457,1.0315282454329886,-217.1789720856716,-123.76808975279084,1.040773051375564,0.06640066650202484,250.29590029503873,1.0421279603185976,winter,2020-01-19,POOL_FLAT
8,27,539,3,1.0421773305813449,0.15706389388966285,214.29144443865312,-124.72539347727202,1.0323441524218475,-217.29534489375922,-123.86194491013563,1.0413875070814589,0.07177776197924074,250.3077564480325,1.0421773305813449,winter,2020-01-19,POOL_FLAT
8,28,556,3,1.0422119166172048,0.15803201082063312,214.2914826420147,-124.72527769896473,1.0323440474056087,-217.2953066903975,-123.8618291318283,1.0413871301730888,0.07384068783129759,250.31606264329184,1.0422119166172048,winter,2020-01-19,POOL_FLAT
8,29,562,1,1.0288890155878139,0.23601767951875408,213.78180526255701,-123.95063860092434,1.0288890155878139,-217.02992496083567,-123.37658318833653,1.039427382109236,0.03478786926637,250.75811762123828,1.0440524142064525,winter,2020-01-19,POOL_FLAT
8,30,563,1,1.0288080160810007,0.2376169061840597,213.751960435377,-123.96332492070269,1.0288080160810007,-217.121153949094,-123.41160945338929,1.0398296680179648,0.004622922596230727,250.7588702480861,1.044055537961696,winter,2020-01-19,POOL_FLAT
8,31,611,1,1.0289112300635597,0.235406722896518,213.78575962969643,-123.95445541575819,1.0289112300635597,-217.02987287900726,-123.37664164272066,1.039427313873251,0.03483995109479494,250.7580591668538,1.04405217085684,winter,2020-01-19,POOL_FLAT
8,32,614,3,1.0418968930411485,0.17050460168736378,214.08186496770887,-124.56842556138844,1.0312612421631664,-217.1870689627119,-123.75465169464113,1.0407746402474645,0.04333092539047875,250.24040814116847,1.0418968930411485,winter,2020-01-19,POOL_FLAT
8,33,619,3,1.0438354297089874,0.2244403481068902,213.8613453189118,-123.99099271207942,1.0292597902728275,-216.93073589227782,-123.35986343217087,1.0390339641672286,0.06664794341790155,250.70599633529628,1.0438354297089874,winter,2020-01-19,POOL_FLAT
8,34,629,1,1.0283916069675545,0.2514635536695263,213.66505772650632,-123.91381783387519,1.0283916069675545,-217.18519968411616,-123.45552359120161,1.040151846719902,-0.007805445266326754,250.7451999682449,1.043998620936157,winter,2020-01-19,POOL_FLAT
8,35,639,2,1.038691097435199,0.22933674982242966,213.87244369307933,-123.98782115092352,1.0292931437545587,-216.84943020359813,-123.33625039603632,1.038691097435199,0.08531081698418054,250.73933869064305,1.0439742769364961,winter,2020-01-19,POOL_FLAT
8,36,676,2,1.0387129065307983,0.23044700796752055,213.85671515564658,-123.98682140901109,1.029234401439548,-216.85659190052078,-123.33425355444821,1.0387129065307983,0.07062873365915658,250.74662525980295,1.0440045961666937,winter,2020-01-19,POOL_FLAT
8,37,682,2,1.0386294016759383,0.23087154838752894,213.85700366175053,-123.9867631709127,1.0292353190181744,-216.83670397040035,-123.32865357533291,1.0386294016759383,0.07091723976314322,250.74668349790133,1.0440048389849228,winter,2020-01-19,POOL_FLAT
8,38,688,2,1.0406058889241405,0.17689056787798613,214.01515174055885,-124.52526055107012,1.0309307743698077,-217.15758428662195,-123.7245294109709,1.0406058889241405,0.029324804411923318,250.24438491389765,1.0419134422012455,winter,2020-01-19,POOL_FLAT
8,39,701,3,1.0412873077514517,0.16723972864497694,213.9355155252025,-124.48409111799852,1.0305579790832513,-217.18175827271136,-123.71372546526223,1.0406710768202136,-0.024944155480898553,250.09400184860715,1.0412873077514517,winter,2020-01-19,POOL_FLAT
8,40,702,2,1.0405519094499869,0.18381235515014088,213.87843152396368,-124.43215533651747,1.0302438000100382,-217.16859623996032,-123.67900403591574,1.0405519094499869,-0.012661617818838691,250.20513502031926,1.041750016165196,winter,2020-01-19,POOL_FLAT
8,41,755,2,1.0399196005257767,0.18894327194624724,213.7804638530712,-124.3292130817283,1.0296757075680687,-217.03710094020352,-123.60302160994756,1.0399196005257767,-0.02967846139935805,250.15893997404117,1.0415576852208959,winter,2020-01-19,POOL_FLAT
8,42,778,3,1.0413688062622093,0.16943473277139492,213.93560471329766,-124.48381820877624,1.030557728573633,-217.1816690846199,-123.71345255603927,1.0406701917405174,-0.02014194972203628,250.11357640737714,1.0413688062622093,winter,2020-01-19,POOL_FLAT
8,43,780,3,1.0408867320892097,0.17594326818623965,213.7507981172819,-124.31496034410384,1.0295391020563105,-217.04552338798993,-123.61190365609,1.0399683741536123,-0.06278187319929934,249.99778586333096,1.0408867320892097,winter,2020-01-19,POOL_FLAT
8,44,785,2,1.0403772829770557,0.1733071552776387,214.1193590173837,-124.58830089852461,1.0314377907519343,-217.08796057765665,-123.73580969455367,1.0403772829770557,0.06391633963294552,250.2863616237476,1.0420882425711184,winter,2020-01-19,POOL_FLAT
8,45,813,2,1.0399693379392552,0.18892897593060842,213.78029223583852,-124.32924829717068,1.0296751636012833,-217.04892820897192,-123.60639282989514,1.0399693379392552,-0.029850078632160666,250.15890475859894,1.041557538683474,winter,2020-01-19,POOL_FLAT
8,46,817,1,1.03043125084262,0.18921688259907982,213.92328207352128,-124.44459231528691,1.03043125084262,-217.18518753090362,-123.7248324007315,1.040706373053061,0.020641828804256003,250.23784089427434,1.0418861920187963,winter,2020-01-19,POOL_FLAT
8,47,835,3,1.0409013094987047,0.1763446477039154,213.7508153122306,-124.31491162102465,1.0295390619552807,-217.04550619304092,-123.61185493301154,1.0399682115483675,-0.061835484595806484,250.0012872681722,1.0409013094987047,winter,2020-01-19,POOL_FLAT
8,48,860,1,1.0304556705220318,0.188508491465245,213.9276229167795,-124.44879431438495,1.0304556705220318,-217.1851303719284,-123.72489674070872,1.0407062988673688,0.020698987778176914,250.2377765542958,1.0418859241535716,winter,2020-01-19,POOL_FLAT
8,49,861,1,1.030405042403294,0.1899779697548275,213.91862319799415,-124.44008260478341,1.030405042403294,-217.18524887779256,-123.72476334898637,1.0407064526790124,0.02058048191401013,250.23790994601814,1.0418864795004699,winter,2020-01-19,POOL_FLAT
8,50,886,2,1.0389461858841684,0.1930018910192778,213.7604859679134,-124.2459896233087,1.0294296340856581,-216.81949874024713,-123.51268418162459,1.0389461858841684,0.005910202543336338,250.13968241895697,1.0414774977396923,winter,2020-01-19,POOL_FLAT
8,51,896,1,1.0289484526286619,0.2139188015811331,213.64815575657417,-124.20926780201494,1.0289484526286619,-217.16029693454328,-123.63109580046559,1.0404231807394182,-0.0410394484604457,250.2103461746657,1.0417717259215842,winter,2020-01-19,POOL_FLAT
8,52,898,1,1.0290348961122733,0.20124906514164814,213.67767338884303,-124.19980168566292,1.0290348961122733,-216.9832182478975,-123.55938092065723,1.0396347340521195,-0.022366457659980837,250.13371279121387,1.0414526465678926,winter,2020-01-19,POOL_FLAT
8,53,899,2,1.0389946948264703,0.19284455312743648,213.76048596791333,-124.2459896233087,1.029429634085658,-216.83106682281624,-123.51591498926169,1.0389946948264703,0.0059102025433292495,250.13968241895697,1.0414774977396923,winter,2020-01-19,POOL_FLAT
8,54,900,1,1.0284278046571969,0.22952265490697002,213.55557172674582,-124.11971528618899,1.0284278046571969,-217.16151612956335,-123.62972451667231,1.0404247674364326,-0.0422586434804349,250.21171745845905,1.0417774362212826,winter,2020-01-19,POOL_FLAT
8,55,906,1,1.0289861726193914,0.2025338276161419,213.66929564842007,-124.19092802241542,1.0289861726193914,-216.98392891690463,-123.5585786108615,1.0396356523338848,-0.02307712666695919,250.13451510101035,1.0414559873206315,winter,2020-01-19,POOL_FLAT
9,1,34,1,1.0446061138184102,0.05340034249171305,216.76575773197862,-126.32875173732167,1.0446061138184102,-217.98564046212994,-124.81700488407826,1.045855621963581,0.7852915269348866,251.3258962133548,1.0464215059517483,winter,2020-01-19,POOL_FLAT
9,2,47,2,1.0446462331781625,0.06420109504017413,216.4852350725698,-126.07637573687516,1.0430679545131578,-217.71678693004264,-124.70197706272872,1.0446462331781625,0.6990824365986797,251.1075960654432,1.0455115385671494,winter,2020-01-19,POOL_FLAT
9,3,70,1,1.0446241513237802,0.05293017898628,216.76996991865317,-126.33012793930659,1.0446241513237802,-217.98558210299785,-124.8170289460546,1.0458554608824884,0.7853498860698407,251.32587215138312,1.0464214065274533,winter,2020-01-19,POOL_FLAT
9,4,73,1,1.0399555906569042,0.08481319811127035,215.91392908816786,-125.57190528087652,1.0399555906569042,-217.43730061708214,-124.53880968098447,1.0432988199488364,0.5254196817087717,250.7396210404085,1.0439776841603936,winter,2020-01-19,POOL_FLAT
9,5,74,1,1.0399998041854561,0.08364206169373418,215.9219122557932,-125.579301026214,1.0399998041854561,-217.43719514122498,-124.53892329038251,1.0432986739675931,0.5255251575659653,250.73950743101045,1.0439772120595334,winter,2020-01-19,POOL_FLAT
9,6,83,2,1.0446805571774809,0.0633533459991003,216.48510141226276,-126.07636826528204,1.043067457959888,-217.72618260155122,-124.70215977763338,1.0446805571774809,0.698948776291586,251.10760353703617,1.0455115681264757,winter,2020-01-19,POOL_FLAT
9,7,178,2,1.041579852593853,0.08358289719940631,215.74558984014863,-125.42467657744159,1.0390415466757952,-217.03717948886893,-124.4066823949365,1.041579852593853,0.46160310646592156,250.47015964422172,1.04285523802736,winter,2020-01-19,POOL_FLAT
9,8,208,3,1.0424631411574257,0.06559993225039373,215.74720060075137,-125.42699314771457,1.0390521922771778,-217.1571162880305,-124.43370852581802,1.0420690625153364,0.44162977482947063,250.3760225820929,1.0424631411574257,winter,2020-01-19,POOL_FLAT
9,9,225,1,1.0388913925351924,0.08097522764394618,215.72303646002035,-125.39171486228713,1.0388913925351924,-217.1358404233047,-124.41722878648594,1.0419580892927782,0.47723436153945475,250.46596445917933,1.0428378930284325,winter,2020-01-19,POOL_FLAT
9,10,248,2,1.0411304986013248,0.08790313821295952,215.762654762363,-125.42050341263247,1.0390942405703463,-216.9321877514765,-124.3728250322498,1.0411304986013248,0.48617193990366214,250.46679034373147,1.0428414032291013,winter,2020-01-19,POOL_FLAT
9,11,249,2,1.0411136839119077,0.08789496509446443,215.7626991932655,-125.42046294216124,1.0390943158233792,-216.9292912723907,-124.36975750409889,1.0411136839119077,0.4862163708061396,250.4668308142027,1.0428415720900734,winter,2020-01-19,POOL_FLAT
9,12,264,3,1.0424558490204316,0.06512674202578375,215.7471453876179,-125.42701390900679,1.039052036982702,-217.1571715011665,-124.43372928711135,1.0420693049512164,0.4378744751025688,250.3742777663194,1.0424558490204316,winter,2020-01-19,POOL_FLAT
9,13,276,2,1.0419266880620415,0.08421364206281737,215.52846345593494,-125.29065265542566,1.0379795406060586,-217.12148527011396,-124.42711087352889,1.0419266880620415,0.3537798074554876,250.31360027728923,1.0422026599274874,winter,2020-01-19,POOL_FLAT
9,14,289,1,1.0376316690535063,0.09277943133893927,215.46726675413066,-125.22967575774021,1.0376316690535063,-217.1640019051757,-124.42560242219493,1.0420771581048711,0.3487623183971654,250.3249299300804,1.0422498025226337,winter,2020-01-19,POOL_FLAT
9,15,314,2,1.0418525734084108,0.0840191075464992,215.52869970483792,-125.29055895007969,1.037980194922495,-217.1054426111191,-124.41930410511247,1.0418525734084108,0.3540160563587237,250.31369398263473,1.0422030514678335,winter,2020-01-19,POOL_FLAT
9,16,320,3,1.0419386695253485,0.07589335426771489,215.52615458152056,-125.29570341724735,1.0379817986046156,-217.15920738370485,-124.43246668593379,1.0420740460677211,0.33801079476080637,250.2502173990708,1.0419386695253485,winter,2020-01-19,POOL_FLAT
9,17,327,3,1.0419412085322242,0.0758887654075081,215.52614607795527,-125.29569405178768,1.0379817483979183,-217.15921588727116,-124.4324573204738,1.0420740574008345,0.33736609550401175,250.2508280824463,1.0419412085322242,winter,2020-01-19,POOL_FLAT
9,18,337,3,1.0408289633006176,0.11424166449051837,214.81505950255516,-124.76066566581824,1.034302682258619,-217.07039752306727,-124.20390618552491,1.0412802939746837,0.08624279086095138,249.98390409446446,1.0408289633006176,winter,2020-01-19,POOL_FLAT
9,19,342,3,1.040595021468702,0.08905691908777708,215.07940313045953,-125.03168173309274,1.0358212218534915,-217.08409576653986,-124.33670765706024,1.0416044978538561,0.1688831118850843,249.92767429762134,1.040595021468702,winter,2020-01-19,POOL_FLAT
9,20,349,1,1.0348846936643359,0.11002948552335848,214.91895541066734,-124.86010571604066,1.0348846936643359,-217.0712320489606,-124.26363153592173,1.0414068300974713,0.13417975903736096,249.99677939823732,1.0408826586912006,winter,2020-01-19,POOL_FLAT
9,21,387,1,1.036054338872159,0.09560856656304098,215.1318364015659,-125.05289065866091,1.036054338872159,-217.09404948861902,-124.34665988106977,1.0416610545853278,0.20748899213005764,250.04307446048452,1.0410756205672376,winter,2020-01-19,POOL_FLAT
9,22,388,1,1.0347761750112465,0.11342621288161313,214.89959495432853,-124.84154573241518,1.0347761750112465,-217.07148717604113,-124.26334714942726,1.0414071637185756,0.13392463195653645,249.997063784733,1.0408838421884097,winter,2020-01-19,POOL_FLAT
9,23,406,2,1.0411851066108575,0.12770912622021416,214.7505148199698,-124.67699851970613,1.0338953561944322,-217.06621580784957,-124.16517670954609,1.0411851066108575,0.08019165320877904,250.0741722970634,1.0412047941087548,winter,2020-01-19,POOL_FLAT
9,24,458,3,1.0399031588191454,0.0869914189615913,214.96400031414512,-124.97994916662775,1.0352975732470093,-217.04813576776976,-124.32264638483474,1.0414454795980397,0.11538297146054102,249.76153471707534,1.0399031588191454,winter,2020-01-19,POOL_FLAT
9,25,502,1,1.030524111038752,0.19403192464401056,214.21670129595893,-123.98335338294173,1.030524111038752,-217.02950348758915,-123.80322392823784,1.0403048847208343,-0.044141638536790845,250.3830771125152,1.0424909078214735,winter,2020-01-19,POOL_FLAT
9,26,522,2,1.040760496861111,0.10372416281825288,214.77369861773312,-124.84762025927508,1.03433566987964,-216.90273154134053,-124.24549704889012,1.040760496861111,0.09946009817354168,249.7313002417172,1.0397772465474335,winter,2020-01-19,POOL_FLAT
9,27,539,3,1.0395474667768285,0.08464448444250601,214.91817432437517,-124.96288352882216,1.0350969123589342,-217.02337557471088,-124.31848370453827,1.041347410174949,0.08987462882205279,249.6761158922084,1.0395474667768285,winter,2020-01-19,POOL_FLAT
9,28,556,3,1.0396030655438253,0.08589575104428343,214.9182546066069,-124.962698843389,1.0350968148090711,-217.02329529247908,-124.31829901910508,1.0413467379157664,0.09451924595905545,249.6894677627117,1.0396030655438253,winter,2020-01-19,POOL_FLAT
9,29,562,1,1.030243516317558,0.19919269825454558,214.18079450943475,-123.91084817920569,1.030243516317558,-216.97454596992426,-123.74499220875897,1.039985999565505,-0.03991217253365334,250.42711488234133,1.0426742598027439,winter,2020-01-19,POOL_FLAT
9,30,563,1,1.0304875617166538,0.1951425185888935,214.21189773043344,-123.97412853781742,1.0304875617166538,-217.02956183773017,-123.80308774346756,1.0403048147928675,-0.04419998867877707,250.38321329728328,1.0424914748810001,winter,2020-01-19,POOL_FLAT
9,31,611,1,1.030142737627978,0.20228460295242837,214.1636960896514,-123.89206735377641,1.030142737627978,-216.97476872838905,-123.74470710890007,1.0399862171497545,-0.04013493099834775,250.42739998219963,1.0426754469880735,winter,2020-01-19,POOL_FLAT
9,32,614,3,1.039505993395426,0.10214645703018017,214.72325299823444,-124.81657384026397,1.0340891230486184,-216.90091024266454,-124.23591300093653,1.0407340831140024,0.0681103379712474,249.66616179576656,1.039505993395426,winter,2020-01-19,POOL_FLAT
9,33,619,3,1.042734914133297,0.18399585508699984,214.29382531916443,-123.97952885788004,1.0307940690098445,-216.88947364522227,-123.72065973961766,1.0396281293282748,-0.012898762706556627,250.44168554903536,1.042734914133297,winter,2020-01-19,POOL_FLAT
9,34,629,1,1.0312021683801866,0.18072927420667442,214.31646752906852,-124.1360586736948,1.0312021683801866,-217.05186016180886,-123.88361049500043,1.0405516072140064,-0.0236179465080895,250.3146886757941,1.042206155281571,winter,2020-01-19,POOL_FLAT
9,35,639,2,1.0392900635028202,0.1835198057302948,214.30482239665753,-123.97749860156591,1.030829468636595,-216.8081669450899,-123.69932203682016,1.0392900635028202,0.004392111623106993,250.4394272344263,1.0427255102288044,winter,2020-01-19,POOL_FLAT
9,36,676,2,1.0394319288882101,0.18415864186177197,214.2881767380171,-123.98180796590225,1.0307784643129703,-216.84053304080462,-123.71134986996869,1.0394319288882101,-0.010897297350210474,250.43434598706807,1.0427043548570607,winter,2020-01-19,POOL_FLAT
9,37,682,2,1.0393933645949667,0.18425065049249567,214.28831875168106,-123.9817994553069,1.0307789583644047,-216.8306370202663,-123.71000429613974,1.0393933645949667,-0.010755283686175496,250.4343544976635,1.0427043902660753,winter,2020-01-19,POOL_FLAT
9,38,688,2,1.0404318329169313,0.10821118673263712,214.66352593559847,-124.77511468655617,1.0337873791107712,-216.8362640079738,-124.20271972511318,1.0404318329169313,0.06329741698056307,249.67757082499008,1.0395534905680868,winter,2020-01-19,POOL_FLAT
9,39,701,3,1.0389740319669145,0.10384287127656303,214.59176051867667,-124.74091879992176,1.0334574990076348,-216.8846067235353,-124.21143779962529,1.0406245328397383,0.007634566496992697,249.53840569065684,1.0389740319669145,winter,2020-01-19,POOL_FLAT
9,40,702,2,1.0405725954302993,0.11829101128140702,214.54280281856006,-124.69819916974535,1.0331918840019847,-216.87574849851777,-124.20180475644503,1.0405725954302993,0.019896649052230233,249.62769108222204,1.039345781980575,winter,2020-01-19,POOL_FLAT
9,41,755,2,1.0399370054917683,0.12114959200441726,214.4553538638874,-124.60555320382228,1.0326832654487343,-216.7324944143233,-124.14477113452809,1.0399370054917683,-0.0021851165899583547,249.56995955647037,1.039105408680974,winter,2020-01-19,POOL_FLAT
9,42,778,3,1.039024350335887,0.10455904805453677,214.59177364077908,-124.74074714184187,1.0334571870597462,-216.8845936014367,-124.21126614154468,1.040624130235007,0.007646758786459643,249.55049104101968,1.039024350335887,winter,2020-01-19,POOL_FLAT
9,43,780,3,1.038532861501102,0.11310207039377729,214.41685832413364,-124.58811863796457,1.032508212729709,-216.74867689767163,-124.15889599056227,1.0400247015024342,-0.05279995456092276,249.43244090601516,1.038532861501102,winter,2020-01-19,POOL_FLAT
9,44,785,2,1.0403866170851634,0.10278360749616547,214.75783586327464,-124.83492135888817,1.0342519986834173,-216.81571706563,-124.21673973636177,1.0403866170851634,0.09632313042465558,249.7208862610649,1.0397338819510917,winter,2020-01-19,POOL_FLAT
9,45,813,2,1.0398770391155487,0.12063616702293502,214.45555205513037,-124.60549216221662,1.0326838512581065,-216.71894332700978,-124.13945177236161,1.0398770391155487,-0.0019869253471208525,249.57002059807593,1.0391056628259088,winter,2020-01-19,POOL_FLAT
9,46,817,1,1.0332297602201823,0.12527021720803977,214.56114795697337,-124.68473777552914,1.0332297602201823,-216.8906203405837,-124.21280784246541,1.040649095020574,0.053435003587329305,249.67083142395413,1.0395254209094738,winter,2020-01-19,POOL_FLAT
9,47,835,3,1.0383541585444784,0.10952224317848147,214.4166941395968,-124.58871943045436,1.032508878402446,-216.74884108220817,-124.15949678305257,1.0400265380243354,-0.06112068772848527,249.38951853735966,1.0383541585444784,winter,2020-01-19,POOL_FLAT
9,48,860,1,1.0332006618244973,0.1261916733654408,214.55597304038233,-124.67973320200801,1.0332006618244973,-216.89068848755872,-124.21273120832772,1.0406491826681947,0.05336685661092063,249.67090805809053,1.0395257399214188,winter,2020-01-19,POOL_FLAT
9,49,861,1,1.0331623220651793,0.12740644758451916,214.54915461963458,-124.67313919159999,1.0331623220651793,-216.89077827733064,-124.21263023546484,1.0406492981510633,0.05327706683904972,249.6710090309534,1.0395261602505301,winter,2020-01-19,POOL_FLAT
9,50,886,2,1.0391071063458888,0.1278063622513666,214.41845657638916,-124.52262398363706,1.0323769931536326,-216.5262861475494,-124.1037293760981,1.0391071063458888,0.014435531480913392,249.5391851356186,1.0389772785034284,winter,2020-01-19,POOL_FLAT
9,51,896,1,1.03206677451994,0.14509738245484669,214.34574072923706,-124.49947180447869,1.03206677451994,-216.85302307632546,-124.15574924685099,1.0403951989887525,-0.005897916615423119,249.62431098126854,1.0393317056360873,winter,2020-01-19,POOL_FLAT
9,52,898,1,1.0319398975266765,0.1382219653836816,214.33506006647,-124.45718432564229,1.0319398975266765,-216.69322419372298,-124.12060474349948,1.039745116291237,-0.011286633737976072,249.53889366124466,1.0389760642497685,winter,2020-01-19,POOL_FLAT
9,53,899,2,1.0393001050128035,0.12825563227289638,214.41845657638922,-124.52262398363706,1.0323769931536328,-216.5725981732073,-124.11614425953103,1.0393001050128035,0.014435531480913684,249.53918513561854,1.0389772785034281,winter,2020-01-19,POOL_FLAT
9,54,900,1,1.0319260535071582,0.14958274965856722,214.32028371540895,-124.47600770911792,1.0319260535071582,-216.8533595498361,-124.15538866577252,1.040395668820357,-0.0062343901258948954,249.6246715623471,1.0393332069796222,winter,2020-01-19,POOL_FLAT
9,55,906,1,1.0319091313308608,0.13905737813046615,214.32870388887977,-124.45341522097182,1.0319091313308608,-216.6939720075942,-124.11956449560651,1.0397456653390431,-0.012034447608982427,249.53993390913837,1.0389803955544015,winter,2020-01-19,POOL_FLAT
10,1,34,1,1.0489465613079438,0.025630224785527848,218.22332583218568,-125.89325382107455,1.0489465613079438,-217.87778707386127,-125.96370591961407,1.0478474186561717,0.20026955791618456,251.5740336198579,1.0474498705844748,winter,2020-01-19,POOL_FLAT
10,2,47,2,1.0476789385773313,0.023805940538253467,218.23413803662459,-125.90061845327197,1.0490008778942763,-217.75501284825913,-126.09509754651457,1.0476789385773313,0.15631248394563735,251.42155113014542,1.0468148673967934,winter,2020-01-19,POOL_FLAT
10,3,70,1,1.0489430094604235,0.026199229526322195,218.22478759657932,-125.88901277626766,1.0489430094604235,-217.87776176556443,-125.96364724223052,1.047847205152253,0.20029486621600415,251.57409229724607,1.0474501149765023,winter,2020-01-19,POOL_FLAT
10,4,73,1,1.0489557068176234,0.029843167301703992,218.25107738855766,-125.84953431258542,1.0489557068176234,-217.57294913683316,-126.25514036458482,1.047357302995326,0.07506975688377351,251.17472226811873,1.0457870191728758,winter,2020-01-19,POOL_FLAT
10,5,74,1,1.0489249749125678,0.030177206819677185,218.24637626971966,-125.84291093180134,1.0489249749125678,-217.5730088190827,-126.25504124311253,1.047357310785404,0.07501007463427675,251.17482138959105,1.0457874317991627,winter,2020-01-19,POOL_FLAT
10,6,83,2,1.0475791187766275,0.021432673877940744,218.2344281158808,-125.90043375397181,1.0490015397714212,-217.73568251262523,-126.0806369770266,1.0475791187766275,0.15660256320190932,251.42173582944545,1.0468156371592185,winter,2020-01-19,POOL_FLAT
10,7,178,2,1.047226656502618,0.03001392211278252,218.3264834707048,-125.90873559517547,1.049350819331894,-217.44582077772964,-126.41154257679335,1.047226656502618,0.026063657451454142,251.00426736543523,1.0450772748493626,winter,2020-01-19,POOL_FLAT
10,8,208,3,1.045244471292294,0.02612007918696643,218.31905916933766,-125.90729617324587,1.0493210474780879,-217.4592833064343,-126.40008411166585,1.0472511398110858,0.009430530244046035,251.04442540061297,1.045244471292294,winter,2020-01-19,POOL_FLAT
10,9,225,1,1.0491682803743572,0.030097507256763554,218.28798499138367,-125.8877343611792,1.0491682803743572,-217.46713058721326,-126.41132900400136,1.0473029157206986,0.012188079474848576,251.0051861197047,1.0450810957575478,winter,2020-01-19,POOL_FLAT
10,10,248,2,1.047771638400785,0.0386189159046829,218.3077171043216,-125.91307649152924,1.0492921636980514,-217.5505732614268,-126.49178856436399,1.047771638400785,0.008955940273331546,251.00185921028555,1.0450672433250177,winter,2020-01-19,POOL_FLAT
10,11,249,2,1.0477244992918895,0.03736791641470534,218.30786439215478,-125.91301059420955,1.0492925578369974,-217.54061105095292,-126.48639807222695,1.0477244992918895,0.00910322810649638,251.00192510760522,1.0450675177160824,winter,2020-01-19,POOL_FLAT
10,12,264,3,1.0453841246726647,0.02172769043302207,218.3190460361799,-125.9068160149827,1.049320001350398,-217.45929643959443,-126.39960395340391,1.0472501824357994,0.005975973565984982,251.07796713599305,1.0453841246726647,winter,2020-01-19,POOL_FLAT
10,13,276,2,1.0471572793156243,0.03951226781273013,218.38642735000084,-125.9376955432584,1.0496272618194928,-217.37013770853383,-126.50851545147228,1.0471572793156243,0.02446592578060293,250.85523819840512,1.0444567787762224,winter,2020-01-19,POOL_FLAT
10,14,289,1,1.0495766788740728,0.03783036621467628,218.38360605021754,-125.91826778995156,1.0495766788740728,-217.33298178814132,-126.44988584139824,1.046900792887133,0.027362464207198144,250.8746461787556,1.044537586771673,winter,2020-01-19,POOL_FLAT
10,15,314,2,1.0470082868716464,0.03723471889752371,218.38688748189364,-125.9374761180958,1.0496284650405827,-217.33908704088563,-126.4907261937086,1.0470082868716464,0.0249260576736048,250.85545762356728,1.0444576925598452,winter,2020-01-19,POOL_FLAT
10,16,320,3,1.0440772319130456,0.0507633052117087,218.3834915606147,-125.94442817173582,1.0496306769853243,-217.3398677045544,-126.4703300997934,1.0469683828243466,-0.005888925749298424,250.76408062515102,1.0440772319130456,winter,2020-01-19,POOL_FLAT
10,17,327,3,1.0440748214063154,0.0509304867685166,218.38343892865743,-125.94443247410723,1.0496304961034288,-217.3399203365128,-126.47033440216461,1.0469685812381389,-0.009550446300547731,250.76350156244072,1.0440748214063154,winter,2020-01-19,POOL_FLAT
10,18,337,3,1.0423279460355988,0.08526639823047547,218.64934962504566,-125.94799339890315,1.0505971193871997,-216.87256011862618,-126.56869887615201,1.045493542840413,0.05534237225185696,250.34393509750876,1.0423279460355988,winter,2020-01-19,POOL_FLAT
10,19,342,3,1.043461760749469,0.058337400634647756,218.55261273278452,-125.92614949730624,1.0502027195899613,-217.03330421259747,-126.51152366303292,1.0459517264420617,0.05581746242784777,250.61625202258327,1.043461760749469,winter,2020-01-19,POOL_FLAT
10,20,349,1,1.050548490788319,0.06102675726774723,218.65382583057308,-125.91681992147497,1.050548490788319,-216.93099732304196,-126.53703053215511,1.0456372481881187,0.09386823089096033,250.60226822963867,1.0434035853736265,winter,2020-01-19,POOL_FLAT
10,21,387,1,1.0501808144344515,0.0507283511466275,218.55198251295022,-125.91670477563014,1.0501808144344515,-217.06959655587798,-126.50218495844473,1.0460626972092981,0.06726233708166963,250.7056478534834,1.0438339794590308,winter,2020-01-19,POOL_FLAT
10,22,388,1,1.0505872109841654,0.06213984279983073,218.66232264335252,-125.92070050605662,1.0505872109841654,-216.93088078457208,-126.53709475940794,1.0456369638004877,0.0939847693605847,250.60220400238688,1.0434033181399698,winter,2020-01-19,POOL_FLAT
10,23,406,2,1.0453252827434503,0.0567206396222442,218.67840474712423,-125.92639089089406,1.0506570599871037,-216.8198245106866,-126.57887970348168,1.0453252827434503,0.12071404558385723,250.54834299479103,1.0431791110268487,winter,2020-01-19,POOL_FLAT
10,24,458,3,1.0435175613463128,0.054523854061138875,218.589121309649,-125.91503572303,1.0503113326217468,-216.94810381338817,-126.51658600954887,1.0456558874891542,0.06965030369275349,250.629650620162,1.0435175613463128,winter,2020-01-19,POOL_FLAT
10,25,502,1,1.0510518941175073,0.055956356158754675,218.90184245209667,-125.72809077805894,1.0510518941175073,-216.47790815303688,-126.4107559621724,1.0437429462869308,0.2736076672646328,250.74086038463363,1.043981173750154,winter,2020-01-19,POOL_FLAT
10,26,522,2,1.0448595628734285,0.04980957026238326,218.6567233396318,-125.8705328860702,1.050462784599895,-216.7378206419447,-126.49748197050776,1.0448595628734285,0.10085444114867435,250.67528495816532,1.0437076079085263,winter,2020-01-19,POOL_FLAT
10,27,539,3,1.043637249328437,0.05188217272840583,218.60244092521825,-125.90524301061322,1.050339037778781,-216.9084397855594,-126.51379361133915,1.045507374338959,0.0636937650093793,250.65839859133598,1.043637249328437,winter,2020-01-19,POOL_FLAT
10,28,556,3,1.043613863809272,0.05205741014995466,218.60249914343416,-125.9053276572244,1.0503394237240258,-216.90838156734344,-126.51387825795038,1.0455073425193735,0.06821597423248896,250.65278072072834,1.043613863809272,winter,2020-01-19,POOL_FLAT
10,29,562,1,1.0511794225945352,0.057100426304402846,218.94817307573697,-125.70891797653786,1.0511794225945352,-216.37741174386616,-126.37427701806341,1.0433050292246269,0.3132377924278712,250.79252036831292,1.0441964573374745,winter,2020-01-19,POOL_FLAT
10,30,563,1,1.0512343750244475,0.06162723165097339,218.93742488847013,-125.7541374279744,1.0512343750244475,-216.47743061604257,-126.41116407710389,1.043742086179484,0.2740852042579937,250.74045226970009,1.0439794767019765,winter,2020-01-19,POOL_FLAT
10,31,611,1,1.0512801258160491,0.06020811904727703,218.9701528525456,-125.71921136890415,1.0512801258160491,-216.37711055233018,-126.37444678497314,1.0433043028311173,0.31353898396393737,250.79235060140286,1.0441957520663248,winter,2020-01-19,POOL_FLAT
10,32,614,3,1.0439369124875535,0.046726897675009475,218.66750474163717,-125.86059933338625,1.0504810560516002,-216.7270241367665,-126.50394432245153,1.044834303185488,0.09434682304190156,250.7303613449497,1.0439369124875535,winter,2020-01-19,POOL_FLAT
10,33,619,3,1.0446887144467731,0.06117482882958026,218.9842078500549,-125.69730332964515,1.0512854635977038,-216.29056747297204,-126.33681543481873,1.0429141364847532,0.33285505841332436,250.91072438956556,1.0446887144467731,winter,2020-01-19,POOL_FLAT
10,34,629,1,1.05089836919936,0.054814616760575266,218.82584748238298,-125.78633771468789,1.05089836919936,-216.57159514721806,-126.44667370685363,1.0441552073381877,0.23137087597572875,250.69211012393365,1.0437780209645586,winter,2020-01-19,POOL_FLAT
10,35,639,2,1.0427355011001005,0.06322492409946147,218.99089695002837,-125.69917273550054,1.0513134926679106,-216.24069248962564,-126.33713449082748,1.0427355011001005,0.3488888964429647,250.85130213751054,1.044441395861159,winter,2020-01-19,POOL_FLAT
10,36,676,2,1.042588815443883,0.06712466303114746,218.98201451062428,-125.70796462650713,1.0512996421894383,-216.20174971803306,-126.33394973436788,1.042588815443883,0.34286580355525753,250.83091048175598,1.0443564589981356,winter,2020-01-19,POOL_FLAT
10,37,682,2,1.0425261695337567,0.06809735156924265,218.98227023862188,-125.70800008481304,1.0513006391002568,-216.18366153833864,-126.33508157195303,1.0425261695337567,0.34312153155297326,250.83087502345006,1.0443563128206128,winter,2020-01-19,POOL_FLAT
10,38,688,2,1.0438953478170563,0.06246932376163467,218.68308221008039,-125.85651464884799,1.0505287850246048,-216.49438508829846,-126.45512362117452,1.0438953478170563,0.1077630976047258,250.66897280391925,1.0436813386979393,winter,2020-01-19,POOL_FLAT
10,39,701,3,1.0433576581697463,0.05515728905650195,218.6768597216344,-125.87170072229905,1.050537871570362,-216.70615392131265,-126.55757358401543,1.044871846374047,0.05677283575663971,250.59124868792986,1.0433576581697463,winter,2020-01-19,POOL_FLAT
10,40,702,2,1.0450238769434328,0.044415950726352064,218.68273776994084,-125.88097064331218,1.050578336941609,-216.71361568784303,-126.61719315343224,1.0450238769434328,0.06970518963399529,250.62744288458222,1.0435083693183878,winter,2020-01-19,POOL_FLAT
10,41,755,2,1.0452803619429094,0.042395539524407916,218.69039475939397,-125.9119641385515,1.0506703490803222,-216.7284707751988,-126.71385763506744,1.0452803619429094,0.020482180998304057,250.59364393678757,1.0433676076974925,winter,2020-01-19,POOL_FLAT
10,42,778,3,1.043521997784404,0.05234315514468329,218.67689142928987,-125.87113924423012,1.0505368197604128,-216.706122213661,-126.55701210594584,1.044870553433162,0.056027767214477726,250.63071956924463,1.043521997784404,winter,2020-01-19,POOL_FLAT
10,43,780,3,1.0433418931474627,0.0473568904858883,218.66940905930383,-125.92855689864018,1.0506291033021447,-216.8413446519448,-126.75554225324173,1.045773670910563,-0.07204198823684677,250.58745835628696,1.0433418931474627,winter,2020-01-19,POOL_FLAT
10,44,785,2,1.0448204352008732,0.049538657049340816,218.66143478375977,-125.86698511970302,1.050472416284472,-216.72540070935304,-126.50011828895762,1.0448204352008732,0.10170967859667732,250.6766382102476,1.0437132437250523,winter,2020-01-19,POOL_FLAT
10,45,813,2,1.0451832999512651,0.04381855892481584,218.69069503306628,-125.91182224319984,1.0506711377628444,-216.70820082561477,-126.70233951545214,1.0451832999512651,0.02078245467041118,250.59378583213933,1.0433681985935952,winter,2020-01-19,POOL_FLAT
10,46,817,1,1.0501443852467556,0.03788231058223572,218.61169413894316,-125.79546534576204,1.0501443852467556,-216.6947940182066,-126.5198730629139,1.0447518491311063,0.09750536077523166,250.66454903915673,1.0436629024977941,winter,2020-01-19,POOL_FLAT
10,47,835,3,1.0433317359798429,0.047075627750318545,218.6694774997996,-125.92859689154086,1.0506294333375756,-216.84127621144864,-126.75558224614309,1.0457735089333577,-0.06703999095328991,250.58502021903402,1.0433317359798429,winter,2020-01-19,POOL_FLAT
10,48,860,1,1.0502069740914128,0.03980329405470884,218.62287061898272,-125.80618263547376,1.0502069740914128,-216.69464674056283,-126.52003727599369,1.0447516643187968,0.09765263841772479,250.66438482607558,1.043662219021651,winter,2020-01-19,POOL_FLAT
10,49,861,1,1.0501593782968996,0.03834151918593556,218.61437148236197,-125.79803260006199,1.0501593782968996,-216.6947587375181,-126.51991239914605,1.0447518048559417,0.0975406414625033,250.66450970292323,1.043662738775257,winter,2020-01-19,POOL_FLAT
10,50,886,2,1.0470598769134898,0.044782442932043434,218.6320469755001,-125.97565188829793,1.0505921832423273,-217.07588492553015,-126.96643129541903,1.0470598769134898,-0.09045991377063287,250.52545074456057,1.0430837441489125,winter,2020-01-19,POOL_FLAT
10,51,896,1,1.0507273478700532,0.05032278778698008,218.719952316794,-125.88805866798984,1.0507273478700532,-216.73013273885766,-126.63211144223958,1.0451145896286667,0.0534593450867997,250.61472619295347,1.0434554056897496,winter,2020-01-19,POOL_FLAT
10,52,898,1,1.0508531044592628,0.0507875428070578,218.7137935551517,-125.9592905786402,1.0508531044592628,-216.9143165235873,-126.82963067010164,1.0461916480131113,-0.060877277248442836,250.54817666987347,1.0431783282355396,winter,2020-01-19,POOL_FLAT
10,53,899,2,1.0470857764752282,0.045080938781941575,218.63204697550006,-125.97565188829788,1.0505921832423273,-217.08085077594635,-126.97026196766579,1.0470857764752282,-0.09045991377063803,250.52545074456054,1.0430837441489125,winter,2020-01-19,POOL_FLAT
10,54,900,1,1.0506674708879744,0.0484810733956358,218.7079172395991,-125.88013952140383,1.0506674708879744,-216.73029521086792,-126.63198605654247,1.0451149103361426,0.05329687307660271,250.61485157865062,1.0434559275994995,winter,2020-01-19,POOL_FLAT
10,55,906,1,1.0506818403395957,0.046090861351272605,218.67967978384925,-125.93610308871489,1.0506818403395957,-216.91336617447243,-126.82994596348794,1.0461888948111353,-0.059926928133465326,250.54786137648787,1.0431770145312664,winter,2020-01-19,POOL_FLAT
11,1,34,1,1.0434633882623676,0.19459301539932541,216.8059910989646,-125.71343223827722,1.0434633882623676,-217.97818305946112,-125.7659212853241,1.0477975372480794,-0.3264893842293686,252.2306337451239,1.0501842280363944,winter,2020-01-19,POOL_FLAT
11,2,47,2,1.0477202336144742,0.23382011863819369,216.4578436741286,-125.30277042818079,1.0413520000121468,-217.98791722545562,-125.71188757459349,1.0477202336144742,-0.5089876079226013,252.3880562779747,1.0508409270285652,winter,2020-01-19,POOL_FLAT
11,3,70,1,1.0434607479074616,0.1942800005578926,216.80734703409337,-125.70982950696809,1.0434607479074616,-217.97815993838213,-125.76587156172606,1.0477973504024818,-0.32646626314745125,252.23068346872657,1.0501844349399976,winter,2020-01-19,POOL_FLAT
11,4,73,1,1.0376007371703615,0.2921778028607443,215.856189449096,-124.54323481841695,1.0376007371703615,-218.174829605989,-125.58547637237042,1.0481317923176838,-0.8518458217712394,252.65707073508517,1.0519648333113802,winter,2020-01-19,POOL_FLAT
11,5,74,1,1.0377682007925324,0.2878243879392151,215.8880341388342,-124.56852349830905,1.0377682007925324,-218.17440435116703,-125.58586971558975,1.048131074814616,-0.8514205669492426,252.65667739186588,1.0519631896351862,winter,2020-01-19,POOL_FLAT
11,6,83,2,1.0475468906701333,0.2346860293909291,216.45837218716278,-125.30250096957305,1.0413533423796515,-217.9523440545163,-125.6902349232333,1.0475468906701333,-0.5084590948884729,252.38832573658212,1.0508420445043243,winter,2020-01-19,POOL_FLAT
11,7,178,2,1.0485596886226536,0.3263866219582804,215.57195199099314,-124.20526230989651,1.035872621488083,-218.29776669076395,-125.57789040219305,1.0485596886226536,-1.065868862323719,252.8101803194669,1.0526056940022328,winter,2020-01-19,POOL_FLAT
11,8,208,3,1.0528337531707141,0.3293979992783046,215.56708243876525,-124.20162695729029,1.035847497613083,-218.2636167652456,-125.54404538525276,1.048366175035279,-1.082061454457795,252.86488676245997,1.0528337531707141,winter,2020-01-19,POOL_FLAT
11,9,225,1,1.0356410074259759,0.33114277340418324,215.5276153471784,-124.17078460765649,1.0356410074259759,-218.26371653214278,-125.55063516628758,1.048380215454278,-1.073756154098712,252.81495357086538,1.0526257066192468,winter,2020-01-19,POOL_FLAT
11,10,248,2,1.0486037032930644,0.3334685398921701,215.56104055154998,-124.20623906824706,1.0358352877962558,-218.28429999915878,-125.62249230822056,1.0486037032930644,-1.0739405119700756,252.81169163466356,1.0526121286578323,winter,2020-01-19,POOL_FLAT
11,11,249,2,1.0484663766757818,0.33388439331127656,215.56150700619548,-124.20612520834499,1.0358367338845018,-218.25224935425692,-125.61205923454565,1.0484663766757818,-1.0734740573245818,252.81180549456568,1.0526125944705433,winter,2020-01-19,POOL_FLAT
11,12,264,3,1.053022168153239,0.3339320029668357,215.56707364526062,-124.20098006237362,1.035846121271308,-218.26362555875264,-125.54339849033741,1.0483648638508163,-1.0860926049557882,252.91012297694667,1.053022168153239,winter,2020-01-19,POOL_FLAT
11,13,276,2,1.0486020753032328,0.34944756596221005,215.37589081293632,-123.95311403582113,1.0346413174225995,-218.3279053783914,-125.54590786624064,1.0486020753032328,-1.182147874783737,252.88083530519543,1.052902021212911,winter,2020-01-19,POOL_FLAT
11,14,289,1,1.033696790974876,0.3690628968269185,215.21147298526705,-123.78399189026368,1.033696790974876,-218.30321073148818,-125.47907228688308,1.0483742416171418,-1.180874113144083,252.89184103909315,1.0529478192289248,winter,2020-01-19,POOL_FLAT
11,15,314,2,1.0483944673355936,0.3490864393642486,215.37656122421885,-123.95286942214403,1.0346432286661156,-218.2822681488259,-125.5252451372814,1.0483944673355936,-1.1814774635010903,252.8810799188721,1.0529030266265307,winter,2020-01-19,POOL_FLAT
11,16,320,3,1.0527719435428722,0.3390397077179677,215.3741758211469,-123.95408806220631,1.034637151576129,-218.30262597422512,-125.49197000889427,1.0483988928857546,-1.2052618610684793,252.84948408529158,1.0527719435428722,winter,2020-01-19,POOL_FLAT
11,17,327,3,1.0528366678844465,0.34056748306220413,215.3741824109441,-123.95386652864725,1.0346367152621139,-218.30261938442897,-125.49174847533509,1.0483984094107324,-1.2059702725186496,252.8650262285746,1.0528366678844465,winter,2020-01-19,POOL_FLAT
11,18,337,3,1.0539983080914006,0.3958116545026004,214.9721213768863,-123.23804641977074,1.0317006567647113,-218.2728558748229,-125.28251398052775,1.047857035649028,-1.4147541596676774,253.14294874423322,1.0539983080914006,winter,2020-01-19,POOL_FLAT
11,19,342,3,1.0533155887698624,0.3708957201197257,215.086305355316,-123.50774871381849,1.032671850824019,-218.30591353759147,-125.37170436823018,1.0481612980576878,-1.3731971898519328,252.9792012061315,1.0533155887698624,winter,2020-01-19,POOL_FLAT
11,20,349,1,1.0321676268913125,0.38646134073993893,215.05367923324576,-123.3212844507057,1.0321676268913125,-218.2869393555097,-125.31732505995758,1.047980046797824,-1.3906942146706491,253.11918877643186,1.053898827882531,winter,2020-01-19,POOL_FLAT
11,21,387,1,1.0330633719792521,0.36872600531219407,215.16345812126065,-123.56222611146269,1.0330633719792521,-218.30251900421467,-125.3850891145327,1.048176796823564,-1.3334209381820175,253.01968582924692,1.0534832616192567,winter,2020-01-19,POOL_FLAT
11,22,388,1,1.032176384983539,0.3859978791466239,215.05802444278154,-123.31793546559231,1.032176384983539,-218.28687404397334,-125.31728214366896,1.0479797220036133,-1.3906289031345245,253.11923169272183,1.053899005071411,winter,2020-01-19,POOL_FLAT
11,23,406,2,1.0478605685967872,0.4098988219086874,214.9442352876383,-123.16760458019195,1.031454080645499,-218.27095560818736,-125.28752916646222,1.0478605685967872,-1.4144067308741166,253.22169226428025,1.0543261501265369,winter,2020-01-19,POOL_FLAT
11,24,458,3,1.0531379393152551,0.3714724124132741,214.97421611367466,-123.3800480438143,1.0320023970652745,-218.3226683664555,-125.33950678673658,1.0481550408998963,-1.470198994399976,252.93598791247803,1.0531379393152551,winter,2020-01-19,POOL_FLAT
11,25,502,1,1.0305448884870911,0.4291703601365653,214.94347990140136,-122.72912360413723,1.0305448884870911,-218.11076981091722,-125.01939795890723,1.0467265728716604,-1.4098051269963525,253.56489532045464,1.0557549758108657,winter,2020-01-19,POOL_FLAT
11,26,522,2,1.0478703095260167,0.424307308202395,214.71197192132934,-123.07778313201871,1.0304291009474118,-218.3088604393333,-125.22617174514797,1.0478703095260167,-1.5819689597350373,253.2797301908707,1.0545719188094245,winter,2020-01-19,POOL_FLAT
11,27,539,3,1.0541215822478875,0.3998890171638305,214.91621874691438,-123.30955286996468,1.0316468684756386,-218.33290160662685,-125.313992816468,1.0481391074054334,-1.478328363766068,253.17219366992913,1.0541215822478875,winter,2020-01-19,POOL_FLAT
11,28,556,3,1.0540353745712663,0.39806998722287057,214.9162322581806,-123.309849472808,1.0316475318463814,-218.33288809536043,-125.31428941931127,1.048139673354687,-1.4758165121156028,253.1515028103844,1.0540353745712663,winter,2020-01-19,POOL_FLAT
11,29,562,1,1.029752533488981,0.45522468395914345,214.81680666597885,-122.56715037950113,1.029752533488981,-218.0574111586917,-124.97677023227209,1.0464455672720308,-1.4024224963990188,253.64121253988355,1.0560725536287214,winter,2020-01-19,POOL_FLAT
11,30,563,1,1.0305740060152213,0.42824011547365154,214.95022060617413,-122.73142206202857,1.0305740060152213,-218.11067652260041,-125.01943783062376,1.046726318445541,-1.4097118386804968,253.564855448736,1.0557548076447432,winter,2020-01-19,POOL_FLAT
11,31,611,1,1.0297676139945622,0.45437031263024147,214.8250340868991,-122.56003889469541,1.0297676139945622,-218.0572866693974,-124.97667802968171,1.0464449266810258,-1.4022980071047764,253.64130474247352,1.0560729346503415,winter,2020-01-19,POOL_FLAT
11,32,614,3,1.0550196334005357,0.4378366780481706,214.6353207150902,-123.01211534950474,1.0300162521553682,-218.41111606923872,-125.23279687055846,1.048253356885305,-1.6418841531311283,253.3868822019477,1.0550196334005357,winter,2020-01-19,POOL_FLAT
11,33,619,3,1.056642024031669,0.4599409542721764,214.8861663793667,-122.60165909839304,1.030074566419268,-217.98403323964862,-124.95105507772146,1.0461272630374627,-1.391293425376107,253.77804998506608,1.056642024031669,winter,2020-01-19,POOL_FLAT
11,34,629,1,1.0289525021706853,0.47022543145386736,214.60179728538068,-122.55621563984839,1.0289525021706853,-218.18900178457082,-125.04016566871938,1.0470521702467284,-1.4491736201586771,253.51564991948436,1.0555508658743913,winter,2020-01-19,POOL_FLAT
11,35,639,2,1.0457874017474393,0.4576521820335493,214.89890987412437,-122.6046472777466,1.030126817399148,-217.88789778808786,-124.95461935541118,1.0457874017474393,-1.3681690402329052,253.70456580195176,1.0563355474886817,winter,2020-01-19,POOL_FLAT
11,36,676,2,1.0461056973527905,0.4547512962963813,214.8788109627442,-122.61447908826861,1.030074419734706,-217.96577526683066,-124.97248872204732,1.0461056973527905,-1.3849831512726047,253.68050793399686,1.0562357618804303,winter,2020-01-19,POOL_FLAT
11,37,682,2,1.0461632136795347,0.45567098961065194,214.87866250878884,-122.61462490475346,1.030074183781608,-217.9753971326629,-124.98347971287097,1.0461632136795347,-1.3851316052279168,253.68036211751215,1.0562351581450307,winter,2020-01-19,POOL_FLAT
11,38,688,2,1.0483369298520526,0.4409361239846508,214.54204600082969,-122.94631700593268,1.029543086826701,-218.43835060730657,-125.22565049909612,1.0483369298520526,-1.692845309170716,253.34305887322202,1.05483857156436,winter,2020-01-19,POOL_FLAT
11,39,701,3,1.0547099987679862,0.443167262377724,214.4373962286456,-122.88245059453142,1.029032830095414,-218.55825157717084,-125.25601602973651,1.04883291545352,-1.7967362555821655,253.311462271482,1.0547099987679862,winter,2020-01-19,POOL_FLAT
11,40,702,2,1.0491512156841383,0.46316390369654387,214.36209318096542,-122.82671078042667,1.0286454120476112,-218.62196721806313,-125.29858720364933,1.0491512156841383,-1.821287664653551,253.3916229989937,1.0550444760344393,winter,2020-01-19,POOL_FLAT
11,41,755,2,1.050305217482334,0.48349950589506924,214.21625681438906,-122.73586250528865,1.0279305153564522,-218.87539383609908,-125.41379967356913,1.050305217482334,-1.9647606617337325,253.45060597423944,1.055294511819822,winter,2020-01-19,POOL_FLAT
11,42,778,3,1.0548424089173047,0.44562330139970124,214.43734846062708,-122.8819932505876,1.0290317107791986,-218.5582993451931,-125.25555868579202,1.0488321411868406,-1.802494793111694,253.34322413248057,1.0548424089173047,winter,2020-01-19,POOL_FLAT
11,43,780,3,1.0556399598708484,0.48223647398129993,214.19883867242254,-122.72245256528305,1.0278398333771075,-218.91484629841113,-125.40104616295845,1.050421350540387,-2.05305232778587,253.5328777973257,1.0556399598708484,winter,2020-01-19,POOL_FLAT
11,44,785,2,1.0476612550871547,0.42823045669858234,214.68663264383667,-123.0524484160878,1.0302851128940893,-218.26181682629417,-125.20727275605266,1.0476612550871547,-1.5975749305169995,253.2949733200971,1.054635791425457,winter,2020-01-19,POOL_FLAT
11,45,813,2,1.050306665476421,0.48288544632202557,214.21622155443924,-122.73580008369584,1.0279302587710193,-218.87819161860784,-125.4096163346028,1.050306665476421,-1.9647959216836097,253.45066839583217,1.0552947728475734,winter,2020-01-19,POOL_FLAT
11,46,817,1,1.028595690011876,0.4661185223391715,214.3692355624251,-122.7902197785384,1.028595690011876,-218.4958315397245,-125.23493431880422,1.048563786007506,-1.7145004419558452,253.35220623216534,1.0548772627977228,winter,2020-01-19,POOL_FLAT
11,47,835,3,1.0556547222246164,0.4831943739684436,214.1989376452501,-122.72240860440473,1.027840099940434,-218.91474732558322,-125.40100220208078,1.050420901990965,-2.0463563432363254,253.5364776353168,1.0556547222246164,winter,2020-01-19,POOL_FLAT
11,48,860,1,1.0287919672962582,0.4605308801244583,214.40435116005403,-122.82375924518978,1.0287919672962582,-218.49536866234166,-125.23544836822073,1.0485631782776441,-1.7140375645743129,253.3516921827475,1.0548751095189397,winter,2020-01-19,POOL_FLAT
11,49,861,1,1.028721761682946,0.4625270102524185,214.3917911694001,-122.81176214508915,1.028721761682946,-218.49553422134923,-125.23526449319701,1.0485633956184979,-1.7142031235818551,253.3518760577712,1.054875879744131,winter,2020-01-19,POOL_FLAT
11,50,886,2,1.0518289622164787,0.4969036889312782,214.15757688104287,-122.76039606054472,1.0277693292320154,-219.17315701270147,-125.63024806227847,1.0518289622164787,-2.080077022714707,253.42754835796248,1.0552023438267017,winter,2020-01-19,POOL_FLAT
11,51,896,1,1.0270524066577185,0.49970717000651266,214.08846385868696,-122.53462033477788,1.0270524066577185,-218.72965983150732,-125.272319670593,1.0494859048085046,-1.9023397851152004,253.44764328489237,1.0552801941096017,winter,2020-01-19,POOL_FLAT
11,52,898,1,1.0280694957195446,0.47556572649708656,214.25633053630392,-122.73306266053918,1.0280694957195446,-218.99605642384958,-125.47768048806938,1.050873350912405,-2.047190120594578,253.45337785407847,1.0553087686386562,winter,2020-01-19,POOL_FLAT
11,53,899,2,1.0518925801026835,0.49755651684803553,214.1575768810429,-122.76039606054472,1.0277693292320154,-219.1866806839141,-125.63738007097623,1.0518925801026835,-2.080077022714713,253.4275483579625,1.0552023438267017,winter,2020-01-19,POOL_FLAT
11,54,900,1,1.0264391110647508,0.5178923470098616,213.9768124390531,-122.43315941136048,1.0264391110647508,-218.731137117493,-125.27075879925847,1.0494880124164838,-1.9038170711007247,253.44920415622693,1.055286738928294,winter,2020-01-19,POOL_FLAT
11,55,906,1,1.027799908250312,0.4839720224674344,214.2053836931085,-122.69173614011983,1.027799908250312,-218.99480795774312,-125.47800690336905,1.0508695163530324,-2.0459416544877587,253.45305143877954,1.055307367653729,winter,2020-01-19,POOL_FLAT
12,1,34,1,1.0459193765116024,0.06906647179098388,217.38312695250633,-125.89397601991816,1.0459193765116024,-217.80862028195216,-125.60872638739058,1.0468589695666422,0.3657304325133401,251.53758361784438,1.0472988830781391,winter,2020-01-19,POOL_FLAT
12,2,47,2,1.0463193413456715,0.08488613323783939,217.23473162060046,-125.70890610024789,1.0449986028950553,-217.63379878183108,-125.65237387512883,1.0463193413456715,0.28637613185288,251.3938671377472,1.04670007960087,winter,2020-01-19,POOL_FLAT
12,3,70,1,1.0457502213193033,0.07373911458114055,217.35190651871588,-125.86681761266719,1.0457502213193033,-217.80903466595745,-125.6083071537527,1.0468595921557875,0.3653160485108671,251.53800285148688,1.0473006260834876,winter,2020-01-19,POOL_FLAT
12,4,73,1,1.0436139297530151,0.10053298113902603,217.03152177507448,-125.39596338094375,1.0436139297530151,-217.50192295197655,-125.72581165325757,1.0459968514301095,0.12372921417338464,251.1531336935592,1.0456972135229377,winter,2020-01-19,POOL_FLAT
12,5,74,1,1.043684031180569,0.09832761335477251,217.046093732915,-125.40439760057009,1.043684031180569,-217.5017249957183,-125.7259470736671,1.0459964200318124,0.12392717043163946,251.15299827314965,1.0456966500951663,winter,2020-01-19,POOL_FLAT
12,6,83,2,1.0462628708058594,0.0841252428811898,217.23488755192093,-125.70878454938348,1.0449989113448246,-217.62352537796284,-125.64304199725063,1.0462628708058594,0.2865320631733488,251.3939886886114,1.0467005864275116,winter,2020-01-19,POOL_FLAT
12,7,178,2,1.0452547734939799,0.11995777511590658,216.8273339351283,-125.1802012613154,1.0424284502735663,-217.28091163103736,-125.75194395614487,1.0452547734939799,0.010847035502144442,251.0096741950732,1.0450997819786483,winter,2020-01-19,POOL_FLAT
12,8,208,3,1.045193059870928,0.12204427059368929,216.8176485003441,-125.17669412809947,1.0423862256035574,-217.39204135704782,-125.76232579999667,1.0456769084479611,-0.0023328279488203374,251.03207768934988,1.045193059870928,winter,2020-01-19,POOL_FLAT
12,9,225,1,1.0419504007474252,0.13558368678316965,216.73751944976084,-125.10612866930984,1.0419504007474252,-217.38976144018898,-125.76276617423069,1.0456696098650786,0.0032252168996352156,251.01483648606674,1.0451212747195904,winter,2020-01-19,POOL_FLAT
12,10,248,2,1.0457193540854144,0.1303979386902176,216.81021612572846,-125.17724896576945,1.0423605811954804,-217.368918373382,-125.82263836682137,1.0457193540854144,0.005328056438037299,251.01144543507527,1.0451071559442227,winter,2020-01-19,POOL_FLAT
12,11,249,2,1.0455576971722593,0.1288625530097061,216.8107610324103,-125.1771055697926,1.0423622474736085,-217.3315320364103,-125.80972354116112,1.0455576971722593,0.005872963119882946,251.0115888310521,1.0451077530359902,winter,2020-01-19,POOL_FLAT
12,12,264,3,1.0452867715346073,0.12323555822641372,216.81763173637376,-125.17637132919272,1.0423854931688794,-217.39205812102068,-125.76200300109126,1.0456762958582726,-0.005210684118030724,251.05458509908354,1.0452867715346073,winter,2020-01-19,POOL_FLAT
12,13,276,2,1.045555954676475,0.13051054414891072,216.7189868111934,-125.06621430943494,1.041800498234141,-217.32815143617609,-125.81472790102902,1.045555954676475,-0.07436706353497297,250.89371891312894,1.0446170373732586,winter,2020-01-19,POOL_FLAT
12,14,289,1,1.041339493795496,0.1434948491783901,216.63808925370475,-124.98487165752701,1.041339493795496,-217.387444784012,-125.79586622354968,1.0457302795084618,-0.07860527676812958,250.8967623644726,1.044629714416474,winter,2020-01-19,POOL_FLAT
12,15,314,2,1.0453750647065465,0.128655494895681,216.71961063301703,-125.06608303136609,1.0418024746463705,-217.28517705671763,-125.80224465698939,1.0453750647065465,-0.07374324171116964,250.89385019119734,1.0446175831938138,winter,2020-01-19,POOL_FLAT
12,16,320,3,1.0445837191160583,0.12608819680450523,216.7169600826494,-125.06568787864362,1.0417920939478433,-217.37623235956175,-125.79462843513657,1.0456872921611042,-0.09192379076265489,250.8857107915633,1.0445837191160583,winter,2020-01-19,POOL_FLAT
12,17,327,3,1.0446504174465572,0.12694899438803617,216.71697839250783,-125.06546040997299,1.0417916865929937,-217.37621404970443,-125.79440096646566,1.0456867518095787,-0.09184313531920335,250.90173027458783,1.0446504174465572,winter,2020-01-19,POOL_FLAT
12,18,337,3,1.0424082764241798,0.14765890109309848,216.43621327966042,-124.74978699980431,1.0401224012782544,-217.26248520366397,-125.88037981561392,1.0454563560181833,-0.2861267809837292,250.36307128401336,1.0424082764241798,winter,2020-01-19,POOL_FLAT
12,19,342,3,1.043157615343749,0.14449892903465808,216.47713360580383,-124.88084355413527,1.04054257347353,-217.3736995442719,-125.88490542645215,1.0458664830074405,-0.2502913340356394,250.54308427089617,1.043157615343749,winter,2020-01-19,POOL_FLAT
12,20,349,1,1.0404424130723662,0.1483994879447174,216.49550940138272,-124.8008228491526,1.0404424130723662,-217.31856862662153,-125.88571762506733,1.045669547174926,-0.25165531775904804,250.53848272665476,1.0431384621277537,winter,2020-01-19,POOL_FLAT
12,21,387,1,1.0409491077475939,0.13845745889786962,216.56544636728643,-124.92315677111007,1.0409491077475939,-217.37213714382696,-125.87474263585386,1.0458396488690949,-0.2130449238848448,250.635733288629,1.0435432237463411,winter,2020-01-19,POOL_FLAT
12,22,388,1,1.0403222701100217,0.1521991984900093,216.47318821565636,-124.78176568034536,1.0403222701100217,-217.31886527784337,-125.88542300382069,1.0456700010772095,-0.25195196898126226,250.53877734790254,1.0431396900487189,winter,2020-01-19,POOL_FLAT
12,23,406,2,1.0450349318212944,0.1552005803554158,216.43812069934484,-124.69186653398751,1.0400088771874427,-217.16300603670155,-125.85017471253248,1.0450349318212944,-0.23808533464870235,250.53598288238067,1.0431279986001623,winter,2020-01-19,POOL_FLAT
12,24,458,3,1.043043451224179,0.15516598868281622,216.3663609042481,-124.81887317918817,1.0400141407744743,-217.40113312389212,-125.9100275540285,1.0460177459331874,-0.31841056047561833,250.51558726058929,1.043043451224179,winter,2020-01-19,POOL_FLAT
12,25,502,1,1.0396309236971248,0.165526406754061,216.53298432693606,-124.3448723802772,1.0396309236971248,-216.99617788668408,-125.6698306506915,1.0440575015720641,-0.1769806126533499,250.7580788728881,1.0440525028635528,winter,2020-01-19,POOL_FLAT
12,26,522,2,1.046378061831608,0.18055297885524715,216.0726364703168,-124.66146864425141,1.0386273404946866,-217.4789421307985,-125.94835361710501,1.046378061831608,-0.48716503295860497,250.42529115023305,1.0426686262256788,winter,2020-01-19,POOL_FLAT
12,27,539,3,1.0425248259781248,0.15455148598219798,216.29793766921043,-124.79233314248627,1.0397121563554605,-217.42920779515902,-125.92833827946605,1.0461571060137447,-0.3957769259426095,250.39091459932197,1.0425248259781248,winter,2020-01-19,POOL_FLAT
12,28,556,3,1.042634517417191,0.1566634285689892,216.29815037229676,-124.79197253412157,1.0397121731315873,-217.4289950920726,-125.92797767110135,1.0461555871767654,-0.38279172206587614,250.41728025714147,1.042634517417191,winter,2020-01-19,POOL_FLAT
12,29,562,1,1.0383372187675917,0.2030737773901372,216.3107916152888,-124.10780728231343,1.0383372187675917,-216.94609379147528,-125.61946311988173,1.0437719548725355,-0.1772720578195732,250.8212915233229,1.0443156948141596,winter,2020-01-19,POOL_FLAT
12,30,563,1,1.039608252283883,0.16633048478281293,216.52989072443143,-124.33932509858549,1.039608252283883,-216.99621588732205,-125.66974853747573,1.044057467149573,-0.17701861329229182,250.7581609861018,1.0440528448603836,winter,2020-01-19,POOL_FLAT
12,31,611,1,1.038379981781476,0.20197620071879588,216.32365464661024,-124.10602596692375,1.038379981781476,-216.9459091648543,-125.61945159864135,1.043771265600268,-0.17708743119855302,250.82130304456277,1.0443157422407796,winter,2020-01-19,POOL_FLAT
12,32,614,3,1.0427240382478515,0.18981396789413657,216.00048170830453,-124.623975644463,1.038289109980762,-217.54650504291334,-125.9695878443412,1.046665799645686,-0.538761136947053,250.43849422591603,1.0427240382478515,winter,2020-01-19,POOL_FLAT
12,33,619,3,1.044547848885407,0.18388076973226528,216.44233747761467,-124.2061170670503,1.0390159858814696,-216.84574364494603,-125.6068110152546,1.0433839957343765,-0.14586363393632673,250.87706999830866,1.044547848885407,winter,2020-01-19,POOL_FLAT
12,34,629,1,1.0386935582520238,0.1930231471666682,216.30987211741137,-124.28129447745827,1.0386935582520238,-217.07301007917107,-125.69731345758585,1.04439167437336,-0.21123041629414535,250.71973810053348,1.0438929782909738,winter,2020-01-19,POOL_FLAT
12,35,639,2,1.0427598470853512,0.17978947588830216,216.4643456585436,-124.20653813323615,1.0390963358965477,-216.6798389826126,-125.59412765319814,1.0427598470853512,-0.1171226643297553,250.84663246284796,1.0444210569528705,winter,2020-01-19,POOL_FLAT
12,36,676,2,1.043508021251284,0.18530229370671664,216.42780827140632,-124.21233932811231,1.038976413447859,-216.86754220980646,-125.62860827723507,1.043508021251284,-0.15178908669499364,250.83481216892685,1.044371919544689,winter,2020-01-19,POOL_FLAT
12,37,682,2,1.0435830472832057,0.18704518832232592,216.42759303075468,-124.21248391200331,1.0389759358379038,-216.88184565247604,-125.63986562024408,1.0435830472832057,-0.1520043273466064,250.83466758503585,1.0443713181003622,winter,2020-01-19,POOL_FLAT
12,38,688,2,1.0462259309412347,0.1864555594541628,215.91841247556832,-124.58422331348913,1.0379104235440382,-217.43864774595204,-125.94502136465749,1.0462259309412347,-0.5807530959248258,250.37522988608464,1.0424610233626195,winter,2020-01-19,POOL_FLAT
12,39,701,3,1.0419395364202861,0.20594629087857388,215.80417776246213,-124.56187198814982,1.037451958943495,-217.69179598792277,-126.0485169773594,1.0473539761870838,-0.6907018866965167,250.24970069759922,1.0419395364202861,winter,2020-01-19,POOL_FLAT
12,40,702,2,1.0479673507142322,0.2275159647349295,215.72088257758762,-124.53753551607794,1.0371009460529146,-217.8125571779562,-126.1339556329116,1.0479673507142322,-0.7276195645279472,250.28081705733666,1.0420695270231783,winter,2020-01-19,POOL_FLAT
12,41,755,2,1.049402649175382,0.25872785142478133,215.51242172336376,-124.51534374743487,1.0363031350715215,-218.1011425477644,-126.32351167573185,1.049402649175382,-0.9172144814794796,250.12519408509107,1.041424176028063,winter,2020-01-19,POOL_FLAT
12,42,778,3,1.042009940982067,0.20569878552596285,215.80414715769066,-124.56162824848914,1.037451341267564,-217.69182659269788,-126.04827323769811,1.0473535779448107,-0.6941311663153702,250.2666008807226,1.042009940982067,winter,2020-01-19,POOL_FLAT
12,43,780,3,1.0405153065337092,0.24481977763710436,215.44328949591974,-124.52395111091226,1.036071848040695,-218.09816831732425,-126.32624944867223,1.0493976466180546,-1.0545470120816487,249.9063606441592,1.0405153065337092,winter,2020-01-19,POOL_FLAT
12,44,785,2,1.046540383261303,0.18559491456186006,216.04524547808413,-124.64756105762258,1.0384996201225576,-217.51411526807206,-125.965411474219,1.046540383261303,-0.5042946292874034,250.41778792986585,1.0426375271855757,winter,2020-01-19,POOL_FLAT
12,45,813,2,1.0493869902468558,0.2581623184443413,215.5124568198777,-124.51529320994416,1.0363031563337224,-218.09895262974854,-126.31978874178188,1.0493869902468558,-0.9171793849655597,250.12524462258173,1.0414243859078813,winter,2020-01-19,POOL_FLAT
12,46,817,1,1.0370821716754366,0.223482171715791,215.76260436847082,-124.45621372748904,1.0370821716754366,-217.615340015896,-125.99695235143189,1.046970913859583,-0.6054328520804547,250.3659852439485,1.042422776044072,winter,2020-01-19,POOL_FLAT
12,47,835,3,1.0404748382646418,0.2446509969171704,215.443250378454,-124.52408713455615,1.0360719904392854,-218.0982074347895,-126.32638547231677,1.0493980714115063,-1.0565670297808216,249.89663244884488,1.0404748382646418,winter,2020-01-19,POOL_FLAT
12,48,860,1,1.0371482483243373,0.22134636470592076,215.77439169310477,-124.467540814441,1.0371482483243373,-217.61518471463853,-125.99712588111058,1.0469707162981003,-0.60527755082435,250.36581171426846,1.0424220519774203,winter,2020-01-19,POOL_FLAT
12,49,861,1,1.0369902614325193,0.2264535637909348,215.74620779653094,-124.44045938532936,1.0369902614325193,-217.6155560474244,-125.9967109944503,1.0469711887435547,-0.6056488836101666,250.36622660092874,1.042423783126575,winter,2020-01-19,POOL_FLAT
12,50,886,2,1.0502917569803685,0.279861984666239,215.3750368701443,-124.49714322365365,1.0357699591893699,-218.26503791237081,-126.46660168837596,1.0502917569803685,-1.049321261481526,250.01166943570465,1.0409536730504652,winter,2020-01-19,POOL_FLAT
12,51,896,1,1.035926038485992,0.25660809625230924,215.50467443846236,-124.34762948795164,1.035926038485992,-217.88262577251362,-126.1343200881609,1.0482205815030607,-0.8161444648980017,250.24135172174297,1.0419063473914396,winter,2020-01-19,POOL_FLAT
12,52,898,1,1.0357027988229102,0.2685254739300297,215.3938214522839,-124.43239780746644,1.0357027988229102,-218.1609602819998,-126.35290070027025,1.049679494175869,-1.030962149754977,250.03059137476427,1.0410321374423277,winter,2020-01-19,POOL_FLAT
12,53,899,2,1.0502609798140996,0.2787043403321746,215.37503687014427,-124.49714322365371,1.0357699591893699,-218.26097263538836,-126.45887331114893,1.0502609798140996,-1.0493212614815217,250.01166943570453,1.0409536730504647,winter,2020-01-19,POOL_FLAT
12,54,900,1,1.0356789176615522,0.26439967877213516,215.4596931045413,-124.30682632417594,1.0356789176615522,-217.8832210089282,-126.13369228798891,1.0482214167506818,-0.8167397013124544,250.24197952191503,1.0419089693618222,winter,2020-01-19,POOL_FLAT
12,55,906,1,1.0354250250822479,0.2774858380011698,215.34587251177658,-124.38202635357722,1.0354250250822479,-218.1606600546107,-126.35252188795562,1.049677622006858,-1.0306619223657112,250.03097018707967,1.0410337094922228,winter,2020-01-19,POOL_FLAT
13,1,34,1,1.0419897134334277,0.08641366150415292,216.03965152593196,-126.32612803252603,1.0419897134334277,-217.73513147405097,-124.47055742263878,1.0442339827358773,1.3006591179604579,250.62050628798107,1.043493500073129,winter,2020-01-19,POOL_FLAT
13,2,47,2,1.0427415963410127,0.0926392609797636,215.68934071813695,-126.03110397709337,1.040110626955273,-217.35995891631256,-124.40454238456644,1.0427415963410127,1.1647829166315709,250.17923456232452,1.0416534655803993,winter,2020-01-19,POOL_FLAT
13,3,70,1,1.0417994044554568,0.09232862858230674,216.00530997933745,-126.29430629360631,1.0417994044554568,-217.73558519658877,-124.47006860272772,1.044234612711968,1.300205395425398,250.62099510789682,1.0434955254861744,winter,2020-01-19,POOL_FLAT
13,4,73,1,1.035867032741656,0.1428894127385321,214.91216633477137,-125.34076163211148,1.035867032741656,-216.95724291919058,-124.32242178297317,1.0411166462565447,0.8962743776195498,249.43917725332676,1.0385675898754276,winter,2020-01-19,POOL_FLAT
13,5,74,1,1.0361996410141163,0.13215930324718364,214.97287941210863,-125.39522652971503,1.0361996410141163,-216.9564388529307,-124.32326050250823,1.0411154777744092,0.8970784438794382,249.4383385337917,1.0385641098535312,winter,2020-01-19,POOL_FLAT
13,6,83,2,1.0427499071610369,0.092189679288821,215.68928465983896,-126.03105241156264,1.0401103171168051,-217.36415526317947,-124.40122878522746,1.0427499071610369,1.1647268583335082,250.179286127855,1.0416536791888331,winter,2020-01-19,POOL_FLAT
13,7,178,2,1.038789709493547,0.1007325400914548,214.77083549768452,-125.28313506538554,1.0352378491941339,-216.35341909974255,-124.25184816068837,1.038789709493547,0.7889560358609534,248.90387302093066,1.0363373076895082,winter,2020-01-19,POOL_FLAT
13,8,208,3,1.035810971851354,0.10935045842834953,214.76169366670757,-125.28689675701396,1.0352128635902778,-216.58859732539807,-124.31094423467633,1.0397614005773066,0.7485894791022466,248.77758298902592,1.035810971851354,winter,2020-01-19,POOL_FLAT
13,9,225,1,1.0348768798485135,0.12580892150640216,214.70280135089527,-125.22770283231934,1.0348768798485135,-216.58047601586213,-124.30320640882746,1.0397160367551292,0.7880784752241609,248.896875722447,1.0363081624228054,winter,2020-01-19,POOL_FLAT
13,10,248,2,1.0393901645190613,0.11262740145172903,214.76247595878166,-125.28256673105123,1.0352065926270237,-216.4861581025655,-124.31029694046914,1.0393901645190613,0.7925136964850282,248.89549086238608,1.0363024551054674,winter,2020-01-19,POOL_FLAT
13,11,249,2,1.0394292289546,0.11324341414502666,214.7623382795501,-125.28258861880798,1.0352061433995505,-216.4956800814191,-124.31255602978536,1.0394292289546,0.79237601725347,248.89546897462924,1.0363023621493268,winter,2020-01-19,POOL_FLAT
13,12,264,3,1.0360463137881553,0.1108024489519702,214.76186952746056,-125.28610288497705,1.0352118304887301,-216.58842146464764,-124.31015036264058,1.0397591201746015,0.756708087445019,248.83408257641543,1.0360463137881553,winter,2020-01-19,POOL_FLAT
13,13,276,2,1.0394852988361536,0.12731457765088272,214.53785636094273,-125.1469056651463,1.034114162453888,-216.48492057709518,-124.358330259138,1.0394852988361536,0.6577888621557241,248.58814224095207,1.0350211536048166,winter,2020-01-19,POOL_FLAT
13,14,289,1,1.0334243538387142,0.14810005612427116,214.41872942330548,-125.0223064911708,1.0334243538387142,-216.50451380695702,-124.33393940724744,1.0395054597645308,0.6558553878408412,248.59251771229555,1.035039349912258,winter,2020-01-19,POOL_FLAT
13,15,314,2,1.0394335197699023,0.12633270376968814,214.53804703524085,-125.14689374020712,1.0341148231808615,-216.47163633990115,-124.35648875310834,1.0394335197699023,0.6579795364539732,248.58815416589087,1.0350212053561278,winter,2020-01-19,POOL_FLAT
13,16,320,3,1.034973259608177,0.12440400140324685,214.53688228464966,-125.14681165608154,1.0341104620484631,-216.49967444807598,-124.33809076715625,1.0394965949771686,0.6472899275785791,248.57666669093624,1.034973259608177,winter,2020-01-19,POOL_FLAT
13,17,327,3,1.03503461668472,0.12470453274083328,214.53692240984049,-125.14660422288763,1.0341101711788059,-216.499634322886,-124.33788333396214,1.0394960199806167,0.6490034436206124,248.5913988755425,1.03503461668472,winter,2020-01-19,POOL_FLAT
13,18,337,3,1.0306520520479792,0.16154587530460873,213.85915508690732,-124.72929209276646,1.0307971581761388,-216.15171908178246,-124.2908899470449,1.0381425707541188,0.38368785543561124,247.53935435200032,1.0306520520479792,winter,2020-01-19,POOL_FLAT
13,19,342,3,1.031283749484058,0.14042500305773334,214.11314683304198,-124.98136671295234,1.032239486899708,-216.2052037307014,-124.36779785946786,1.0384952523961732,0.4872738366103443,247.69089205808243,1.031283749484058,winter,2020-01-19,POOL_FLAT
13,20,349,1,1.0306098152515846,0.17489100308901348,213.8305634171493,-124.68900179900727,1.0306098152515846,-216.16844379968092,-124.31291927444022,1.0382486593479003,0.44395797218444266,247.69194346823014,1.0312877880864948,winter,2020-01-19,POOL_FLAT
13,21,387,1,1.0325828366701055,0.1364234461332834,214.19423092670934,-125.00603780896128,1.0325828366701055,-216.2407944088772,-124.36323273613742,1.0386142284177708,0.5309657716791091,247.8860700767607,1.0320967615491528,winter,2020-01-19,POOL_FLAT
13,22,388,1,1.030724487089469,0.171548956447652,213.85135593154442,-124.70801928023123,1.030724487089469,-216.16816882055252,-124.3132116940262,1.0382482738154493,0.4442329513125863,247.69165104864538,1.0312865726277698,winter,2020-01-19,POOL_FLAT
13,23,406,2,1.0376329151984194,0.15688448739470556,213.82103668362407,-124.65068825284591,1.030495200256579,-216.0429595497628,-124.23447001848628,1.0376329151984194,0.41104434353916325,247.70903085246516,1.0313586962225596,winter,2020-01-19,POOL_FLAT
13,24,458,3,1.0289110669236718,0.15208942866602895,214.00864693521606,-124.97217429642234,1.0318444470087238,-216.08673892149744,-124.39584091508462,1.0381259805637493,0.3737139032551459,247.12122330967773,1.0289110669236718,winter,2020-01-19,POOL_FLAT
13,25,502,1,1.0283070141266755,0.2099149636321626,213.5163801191419,-124.12940971338175,1.0283070141266755,-216.18539489961623,-124.04597528947568,1.0377562454805396,0.2969802807093454,247.94986208342874,1.0323607377611377,winter,2020-01-19,POOL_FLAT
13,26,522,2,1.0363075030563655,0.12654145840048125,213.92300470221022,-124.8396786270907,1.031258382333277,-215.64528463014128,-124.28720044849746,1.0363075030563655,0.5289761618393929,247.21957009934002,1.029321721750499,winter,2020-01-19,POOL_FLAT
13,27,539,3,1.0288652484143417,0.14636663849902926,213.9822303122116,-124.96461918488356,1.0317336054859496,-216.0033868538592,-124.39512409490413,1.037823739359983,0.399221902587343,247.11017881913023,1.0288652484143417,winter,2020-01-19,POOL_FLAT
13,28,556,3,1.028886713994069,0.146512244107486,213.98230122472998,-124.96455098971224,1.0317337172550742,-216.00331594134062,-124.39505589973278,1.037823341805272,0.4038257083759619,247.11532689921833,1.028886713994069,winter,2020-01-19,POOL_FLAT
13,29,562,1,1.0277362834921053,0.22348110710224345,213.411686210565,-124.03675442543546,1.0277362834921053,-216.1758688516844,-124.02912609237198,1.0376869305957663,0.28715938564056215,247.9778212229311,1.0324770997337587,winter,2020-01-19,POOL_FLAT
13,30,563,1,1.0281864972228045,0.21346776787301677,213.4936785904674,-124.1108668698509,1.0281864972228045,-216.18569750464573,-124.04568756664526,1.0377567420786442,0.2966776756789075,247.95014980625717,1.0323619342100583,winter,2020-01-19,POOL_FLAT
13,31,611,1,1.0278185734427214,0.22131003680022124,213.42938089038623,-124.04564157390782,1.0278185734427214,-216.1756270227783,-124.02927129244486,1.0376863581116915,0.28740121454679135,247.97767602285788,1.0324764963479662,winter,2020-01-19,POOL_FLAT
13,32,614,3,1.0291622266050022,0.12864779551000263,213.88384706167037,-124.80820564941634,1.0310515226509025,-215.61891007897546,-124.28168716342715,1.0362008993352436,0.5161132359508234,247.1812900249238,1.0291622266050022,winter,2020-01-19,POOL_FLAT
13,33,619,3,1.0325407035670557,0.20987909301256294,213.48113597370704,-124.1075261928739,1.0281343591163472,-216.14358409273325,-124.03805851120752,1.0375888502555306,0.2907177953784896,247.99309331039814,1.0325407035670557,winter,2020-01-19,POOL_FLAT
13,34,629,1,1.0277487408336534,0.227583751636478,213.3870907197216,-124.08501463702564,1.0277487408336534,-216.19834277085155,-124.06983142333503,1.0378524396111897,0.30038635910906575,247.91661472750914,1.0322223267976702,winter,2020-01-19,POOL_FLAT
13,35,639,2,1.037439489891532,0.20930887294884393,213.48779988156232,-124.11040140382595,1.028164362591644,-216.09272419956488,-124.05460575919838,1.037439489891532,0.3029450472917817,247.97867550640353,1.0324807348134544,winter,2020-01-19,POOL_FLAT
13,36,676,2,1.0375860674147226,0.2107343501564383,213.47756242659193,-124.10802957114011,1.0281225494759876,-216.14080213991284,-124.04156330857873,1.0375860674147226,0.2940345059144937,247.9787818821515,1.0324811330608143,winter,2020-01-19,POOL_FLAT
13,37,682,2,1.037651877400652,0.21252591642619978,213.47735710579462,-124.10812212484696,1.0281220041038477,-216.15468591213866,-124.04912616186334,1.037651877400652,0.29382918511738004,247.97868932844477,1.0324807466926966,winter,2020-01-19,POOL_FLAT
13,38,688,2,1.0354747904753565,0.11607118081086948,213.82861089215015,-124.77568111055265,1.0307846367348192,-215.44291337825433,-124.23779362098715,1.0354747904753565,0.5065728071555653,247.09349325702922,1.0287965960103163,winter,2020-01-19,POOL_FLAT
13,39,701,3,1.027802529562196,0.13825680961868228,213.7676755689509,-124.77645142957871,1.0305671316089493,-215.5705726121442,-124.31367365869453,1.0360930625558904,0.438065191472515,246.85487122860337,1.027802529562196,winter,2020-01-19,POOL_FLAT
13,40,702,2,1.0354061123980896,0.12204108894524028,213.7389622689586,-124.76380250340492,1.030437334505041,-215.3896112631375,-124.29718179807064,1.0354061123980896,0.4633862642451745,246.90609905569426,1.028016013025855,winter,2020-01-19,POOL_FLAT
13,41,755,2,1.0367928702763076,0.16117150349468928,213.63331512830456,-124.83199389659525,1.030200683479006,-215.63965020129083,-124.53024566448832,1.0367928702763076,0.3482555659096036,246.58438562481356,1.0266757456914448,winter,2020-01-19,POOL_FLAT
13,42,778,3,1.0278813407548943,0.1371624763686458,213.76768579006077,-124.77618177229205,1.0305666023802778,-215.57056239103807,-124.3134040014073,1.0360924648145242,0.4373568784744708,246.8738012061965,1.0278813407548943,winter,2020-01-19,POOL_FLAT
13,43,780,3,1.0247368600242182,0.1701522389820294,213.62017647273598,-124.91428279786709,1.0303263568352223,-215.60393788093558,-124.58944892685398,1.0367874193746511,0.22589490214581043,246.11885075877115,1.0247368600242182,winter,2020-01-19,POOL_FLAT
13,44,785,2,1.0350982009507514,0.09722319885354053,213.91847137821202,-124.82580993203193,1.0312129769273544,-215.3544516770924,-124.21013622534629,1.0350982009507514,0.5367764399585305,247.2006313194948,1.0292429387453805,winter,2020-01-19,POOL_FLAT
13,45,813,2,1.036792378293954,0.16116510676606485,213.63332111111578,-124.83200244948185,1.0302007229523624,-215.6391862452756,-124.53081277729844,1.036792378293954,0.3482615487207697,246.58437707192707,1.0266757101160027,winter,2020-01-19,POOL_FLAT
13,46,817,1,1.0297265316301911,0.16188408432615353,213.63484941239403,-124.60348642349682,1.0297265316301911,-215.5861460047244,-124.2788542412904,1.0360768221788679,0.49158990961254484,247.07312225447683,1.0287116538040764,winter,2020-01-19,POOL_FLAT
13,47,835,3,1.0245990493990815,0.17242807459366924,213.62003566508363,-124.91474492492289,1.0303268220014576,-215.60407868858766,-124.5899110539105,1.036788889675198,0.21847839739162933,246.08575840043176,1.0245990493990815,winter,2020-01-19,POOL_FLAT
13,48,860,1,1.0296446438973434,0.16431586439944967,213.62030858765584,-124.58937986864149,1.0296446438973434,-215.58633744108678,-124.27863827930561,1.0360770636448189,0.4913984732487881,247.07333821646017,1.0287125513925217,winter,2020-01-19,POOL_FLAT
13,49,861,1,1.0295957186839986,0.16577266055581855,213.611620887378,-124.5809516434596,1.0295957186839986,-215.58645181850133,-124.27850924876378,1.0360772079144216,0.4912840958342668,247.07346724700204,1.0287130876738861,winter,2020-01-19,POOL_FLAT
13,50,886,2,1.036304405757184,0.1503788618830696,213.66331444040796,-124.89409060682414,1.0304389781406822,-215.4631434610589,-124.60120576250205,1.036304405757184,0.3397684556611593,246.36210522506514,1.0257502142291743,winter,2020-01-19,POOL_FLAT
13,51,896,1,1.0294170506306919,0.169805009869905,213.54472515433983,-124.61046176065888,1.0294170506306919,-215.5876920197283,-124.36874257940318,1.0362693632033784,0.40016865057879564,246.80103196090434,1.0275780976688969,winter,2020-01-19,POOL_FLAT
13,52,898,1,1.0304057221586767,0.16122676026736119,213.66784563121647,-124.87050917355799,1.0304057221586767,-215.55543100933187,-124.58425353294085,1.036601733938843,0.3262601968322855,246.36678518609034,1.0257696235965987,winter,2020-01-19,POOL_FLAT
13,53,899,2,1.0364375601245481,0.1546346592115562,213.66331444040787,-124.89409060682408,1.030438978140682,-215.49619651913434,-124.60793231765813,1.0364375601245481,0.3397684556611574,246.36210522506516,1.0257502142291746,winter,2020-01-19,POOL_FLAT
13,54,900,1,1.0289707918700433,0.18251574067091908,213.46601059397858,-124.53269015723184,1.0289707918700433,-215.58872682309516,-124.36755350275749,1.0362706213363566,0.39913384721206574,246.8022210375501,1.0275830415056897,winter,2020-01-19,POOL_FLAT
13,55,906,1,1.0303203456378776,0.16366478720764233,213.6548950770665,-124.85202884689703,1.0303203456378776,-215.555074770554,-124.58410380608937,1.03660013781759,0.3266164356106516,246.3669349129426,1.02577024896162,winter,2020-01-19,POOL_FLAT
14,1,34,1,1.0457777887110136,0.052683147821463217,217.30694473524858,-125.95763110039232,1.0457777887110136,-217.7045155951456,-124.9777626938623,1.0451731006176543,0.5125892649326643,251.63596567400083,1.0477095716961724,winter,2020-01-19,POOL_FLAT
14,2,47,2,1.043839757856398,0.06691976426794888,217.19743129347324,-125.71123683797607,1.0448690478813032,-217.37994312418505,-124.89989030787487,1.043839757856398,0.501281290230271,251.5413504051394,1.0473155390409377,winter,2020-01-19,POOL_FLAT
14,3,70,1,1.0457966961829004,0.052517587561961246,217.31113740079365,-125.95945328005227,1.0457966961829004,-217.70445799115404,-124.97779306998922,1.0451729555830032,0.5126468689269964,251.6359352978788,1.0477094457114942,winter,2020-01-19,POOL_FLAT
14,4,73,1,1.0430932123086332,0.0751909391131046,216.98137915267344,-125.23270407634247,1.0430932123086332,-216.97784039187312,-124.76350488082677,1.0421052808764404,0.4574111608793712,251.3850395858054,1.0466643788654688,winter,2020-01-19,POOL_FLAT
14,5,74,1,1.0432252669214304,0.07362627365016061,217.00547970164592,-125.25439560482118,1.0432252669214304,-216.97752128757912,-124.76383882938606,1.042104822184956,0.45773026517336246,251.3847056372461,1.0466629908633487,winter,2020-01-19,POOL_FLAT
14,6,83,2,1.0438271302954087,0.06667552854696512,217.1974371720462,-125.71114901374334,1.0448688858920452,-217.37999533603482,-124.89371157272166,1.0438271302954087,0.5012871688031202,251.54143822937186,1.0473159047525284,winter,2020-01-19,POOL_FLAT
14,7,178,2,1.0402439789025415,0.10099858678388288,216.89848762286766,-125.03876382105683,1.042390790147892,-216.52994412941808,-124.64556627248685,1.0402439789025415,0.44456687923558125,251.2725950012527,1.0461961112209266,winter,2020-01-19,POOL_FLAT
14,8,208,3,1.0461556148399163,0.08560661741459566,216.8964714595193,-125.03779769329797,1.0423815085902723,-216.66629438140515,-124.67598188251515,1.0407991816362283,0.4292068214148649,251.26289536540978,1.0461556148399163,winter,2020-01-19,POOL_FLAT
14,9,225,1,1.0422318733910811,0.0892764371709473,216.8708602552101,-125.01026470238804,1.0422318733910811,-216.65594826369426,-124.67071401672688,1.0407509057072515,0.44760661801340745,251.27412117181487,1.046202488018333,winter,2020-01-19,POOL_FLAT
14,10,248,2,1.0403507832261778,0.10010517537163804,216.90210455520966,-125.0366029805481,1.042399343606189,-216.54488930804052,-124.67102086877688,1.0403507832261778,0.4521630290580713,251.27335719776727,1.0461993411195085,winter,2020-01-19,POOL_FLAT
14,11,249,2,1.0404542616991597,0.09741518627625033,216.90173360991272,-125.03664820902499,1.0423980995992006,-216.57061667246523,-124.67614545332654,1.0404542616991597,0.45179208376117785,251.2733119692903,1.046199150029171,winter,2020-01-19,POOL_FLAT
14,12,264,3,1.046273407576081,0.08931403219802737,216.89648539365766,-125.037394555786,1.0423807205477071,-216.6662804472691,-124.6755787450044,1.0407982942014093,0.4280536450309629,251.29118856352736,1.046273407576081,winter,2020-01-19,POOL_FLAT
14,13,276,2,1.04008015267931,0.09782978556695565,216.79689461863083,-124.89547872972003,1.0417264225131078,-216.47789086508382,-124.65711704232469,1.04008015267931,0.40144764906974767,251.18470003046968,1.0458298513909847,winter,2020-01-19,POOL_FLAT
14,14,289,1,1.0412607711186141,0.09308902368569243,216.71727054604602,-124.8096435313285,1.0412607711186141,-216.5888082829995,-124.66048140791645,1.0404873694428172,0.3904702373345684,251.18993345901217,1.0458515691339945,winter,2020-01-19,POOL_FLAT
14,15,314,2,1.0398414953963127,0.10310062889797626,216.79771827264608,-124.89530787536788,1.0417290389341636,-216.42113719498232,-124.6408083444763,1.0398414953963127,0.4022713030852485,251.18487088482158,1.045830568242927,winter,2020-01-19,POOL_FLAT
14,16,320,3,1.045696695097792,0.08376642179440319,216.79457891723231,-124.8972840783946,1.0417218203740692,-216.5694537877858,-124.65693865194778,1.0404101698328285,0.3887864984697895,251.1527387344883,1.045696695097792,winter,2020-01-19,POOL_FLAT
14,17,327,3,1.0457536426767173,0.08557970745634472,216.79462442593444,-124.89709216557092,1.0417215856786664,-216.5694082790847,-124.65674673912385,1.0404096070025832,0.39095880784953285,251.16641291812095,1.0457536426767173,winter,2020-01-19,POOL_FLAT
14,18,337,3,1.0449010240857692,0.09247265569935822,216.49073500979637,-124.45044472793793,1.039697377765457,-216.2954254448477,-124.5217946691067,1.039140640130159,0.29372824335566516,250.96176532226605,1.0449010240857692,winter,2020-01-19,POOL_FLAT
14,19,342,3,1.0447896206330982,0.08254566614959365,216.55463351248443,-124.65147946556868,1.0403453518770258,-216.43657593579437,-124.61567760366059,1.0398449861602106,0.2875826795143963,250.93501579591197,1.0447896206330982,winter,2020-01-19,POOL_FLAT
14,20,349,1,1.0398977284652466,0.09154111387864772,216.5132692070032,-124.50779209927217,1.0398977284652466,-216.36037698527286,-124.56449580721937,1.0394637120104377,0.293528500154056,250.9766751276048,1.0449631012923348,winter,2020-01-19,POOL_FLAT
14,21,387,1,1.0405081579339421,0.08693763195612342,216.58875315580875,-124.6705860093162,1.0405081579339421,-216.45568977503743,-124.62081428725979,1.0399246252925622,0.3096482250459854,251.00300323917835,1.0450728011546462,winter,2020-01-19,POOL_FLAT
14,22,388,1,1.0398407879133569,0.09252083001479876,216.50438595710176,-124.49580601830394,1.0398407879133569,-216.36049032836684,-124.56431602818358,1.0394637475145714,0.2934151570597399,250.97685490664173,1.044963849265069,winter,2020-01-19,POOL_FLAT
14,23,406,2,1.0389516892780442,0.1039011392572036,216.48276610865287,-124.39162646084134,1.0395465815439504,-216.2550971859871,-124.50088669916748,1.0389516892780442,0.3145529424981299,251.03712429549265,1.0452148923080322,winter,2020-01-19,POOL_FLAT
14,24,458,3,1.0441513624107244,0.07217435497338931,216.47395550917076,-124.59703487805444,1.0399411410597132,-216.40367377300174,-124.61664624869478,1.0397282817559184,0.21201864018544178,250.78179556409683,1.0441513624107244,winter,2020-01-19,POOL_FLAT
14,25,502,1,1.038655325825527,0.13044497121956253,216.48629406633813,-123.95524968397403,1.038655325825527,-215.89700499825605,-124.21849866572461,1.0370729914282404,0.4177960745181571,251.28095329501244,1.0462307203599226,winter,2020-01-19,POOL_FLAT
14,26,522,2,1.0392983676944094,0.0992578610607,216.30469848275575,-124.44004475780041,1.0390043263376618,-216.30904636010257,-124.57405707282157,1.0392983676944094,0.19069713697431306,250.82473412681034,1.0443300693793147,winter,2020-01-19,POOL_FLAT
14,27,539,3,1.0438535343188666,0.0689999262714788,216.4329756270801,-124.57386183891005,1.039745133454926,-216.39099702681202,-124.61969436808175,1.0396888765678487,0.19702709099731489,250.71027609857197,1.0438535343188666,winter,2020-01-19,POOL_FLAT
14,28,556,3,1.0439593324051035,0.07249103210337868,216.4331216934105,-124.57350994739818,1.0397449296663104,-216.39085096048163,-124.61934247656983,1.0396876183723172,0.20539374694173568,250.7356797346268,1.0439593324051035,winter,2020-01-19,POOL_FLAT
14,29,562,1,1.0386123130761444,0.14161246352610898,216.4965039466516,-123.91662154555365,1.0386123130761444,-215.76833420580832,-124.17539564707273,1.0365191413652555,0.46745509669141616,251.31624527280755,1.046378025409701,winter,2020-01-19,POOL_FLAT
14,30,563,1,1.0384725935134376,0.13426574739018332,216.45285100899926,-123.92533147336682,1.0384725935134376,-215.89744799738878,-124.2180378479236,1.0370736333168875,0.41735307538459365,251.28141411281135,1.0462326359456438,winter,2020-01-19,POOL_FLAT
14,31,611,1,1.0386662721971576,0.14022087716753162,216.5084412364483,-123.92185453217397,1.0386662721971576,-215.76817024475855,-124.17548277137224,1.0365187306261014,0.4676190577413472,251.31615814850747,1.046377663931013,winter,2020-01-19,POOL_FLAT
14,32,614,3,1.0444044300961108,0.1039016089182622,216.25838558838873,-124.40200008606415,1.0387581954968672,-216.32736164362626,-124.5724483364963,1.0393611077710232,0.16105405461871755,250.8426147027218,1.0444044300961108,winter,2020-01-19,POOL_FLAT
14,33,619,3,1.0466062096836113,0.15086933749580408,216.58869367832662,-123.92951691163049,1.0389721250062378,-215.60750757014554,-124.13521241300018,1.035855339099032,0.5276276505491844,251.37093104420973,1.0466062096836113,winter,2020-01-19,POOL_FLAT
14,34,629,1,1.0381926501330734,0.13657936535545578,216.35891545220733,-123.9540596438507,1.0381926501330734,-216.0066475021169,-124.26896002672136,1.037573456659173,0.3749421331204118,251.23709459827714,1.0460478297619074,winter,2020-01-19,POOL_FLAT
14,35,639,2,1.034867674078108,0.16773686972451932,216.62191843666972,-123.9266179618605,1.0390862019028477,-215.35790210083258,-124.09329294702901,1.034867674078108,0.5667467572564648,251.3501833541839,1.04652017970861,winter,2020-01-19,POOL_FLAT
14,36,676,2,1.0359492570252289,0.14790192612907826,216.5663782396423,-123.93655521744832,1.0389060372060732,-215.6274750625326,-124.14573962953165,1.0359492570252289,0.5128010504033396,251.3355140725586,1.0464586207114082,winter,2020-01-19,POOL_FLAT
14,37,682,2,1.0359969637335569,0.14735985330256038,216.5662274664268,-123.9366182919682,1.038905622800753,-215.63769615415313,-124.15095092850278,1.0359969637335569,0.5126502771878358,251.33545099803874,1.046458356815289,winter,2020-01-19,POOL_FLAT
14,38,688,2,1.039189709969283,0.1055963115974198,216.2017802258659,-124.36156500365463,1.0384699570888714,-216.28869136824255,-124.55710876912366,1.039189709969283,0.14146395456794997,250.7964857550152,1.0442123192091854,winter,2020-01-19,POOL_FLAT
14,39,701,3,1.0438512648350737,0.0992838640255955,216.13347676603178,-124.32431132735445,1.038146103986095,-216.3536478904544,-124.58162371235268,1.0394750156219372,0.08205466014569836,250.70979501071764,1.0438512648350737,winter,2020-01-19,POOL_FLAT
14,40,702,2,1.039532660526208,0.11201202776974171,216.08557493814217,-124.28680894896955,1.0378953666199213,-216.35908130443016,-124.59993223093164,1.039532660526208,0.08004544035271753,250.7481127770562,1.0440108013487839,winter,2020-01-19,POOL_FLAT
14,41,755,2,1.0397887845805485,0.12028833638723063,215.95532163000493,-124.19054402010617,1.0372254275412165,-216.40475553561413,-124.6438851370468,1.0397887845805485,0.0009938945001846046,250.67376193760467,1.0437011822205995,winter,2020-01-19,POOL_FLAT
14,42,778,3,1.0438808115411387,0.09965403439009002,216.1334051363391,-124.32420452122764,1.0381456237358668,-216.35371952015075,-124.58151690622532,1.0394750521660259,0.07647664509527274,250.71689323488008,1.0438808115411387,winter,2020-01-19,POOL_FLAT
14,43,780,3,1.0431824225303885,0.10811246215571135,215.9000629007561,-124.14514361982273,1.0369317478490419,-216.38179641051758,-124.61947172212254,1.0396552179820768,-0.07052904302490835,250.5491574972253,1.0431824225303885,winter,2020-01-19,POOL_FLAT
14,44,785,2,1.0390109280614626,0.10529227389106977,216.2902046860292,-124.4255586969363,1.0389219423786986,-216.23466006932043,-124.56488455819213,1.0390109280614626,0.18525540966012502,250.8212671223242,1.0443156172400239,winter,2020-01-19,POOL_FLAT
14,45,813,2,1.0398551295738512,0.12052406487696937,215.95510434297333,-124.19061587951971,1.0372247924366658,-216.41958621013657,-124.65006257151755,1.0398551295738512,0.0007766074684842277,250.6736900781912,1.043700883024724,winter,2020-01-19,POOL_FLAT
14,46,817,1,1.0379470747889883,0.11535685862377276,216.1057597597715,-124.27662291321637,1.0379470747889883,-216.3409223665449,-124.56965594170363,1.039404235178011,0.12987843662713408,250.79147446431972,1.044191428189373,winter,2020-01-19,POOL_FLAT
14,47,835,3,1.0429843496138895,0.10307201996854412,215.8998977222844,-124.14581080485189,1.0369325363696962,-216.38196158898893,-124.62013890715244,1.0396572003118765,-0.0785687990330234,250.5015824028294,1.0429843496138895,winter,2020-01-19,POOL_FLAT
14,48,860,1,1.0379649316673114,0.11490091389937969,216.10894928071812,-124.27967975594625,1.0379649316673114,-216.34088033499975,-124.56970278126386,1.0394041808344237,0.12992046817091474,250.79142762475837,1.0441912332596097,winter,2020-01-19,POOL_FLAT
14,49,861,1,1.0379239400819313,0.1159492451755052,216.10162749218162,-124.27266264275893,1.0379239400819313,-216.34097682172313,-124.56959525893406,1.0394043055877678,0.1298239814475594,250.79153514708813,1.0441916807297302,winter,2020-01-19,POOL_FLAT
14,50,886,2,1.0390255232565917,0.13291349186096604,215.87661062319935,-124.05388394554043,1.0366577310709442,-216.22061948001874,-124.5962758291239,1.0390255232565917,-0.016905904658916657,250.65744453076027,1.0436332456974304,winter,2020-01-19,POOL_FLAT
14,51,896,1,1.0371120365257867,0.12409667144801358,215.95597060834712,-124.13477629032396,1.0371120365257867,-216.38265035940879,-124.58101409466013,1.039578396220532,0.04022220530702278,250.73323495726723,1.0439488165384991,winter,2020-01-19,POOL_FLAT
14,52,898,1,1.0362996826050141,0.13423415880152956,215.8236419052326,-123.97345509291084,1.0362996826050141,-216.35126053740453,-124.58058126762403,1.039464235845277,-0.036208629264338196,250.66364339208792,1.0436590636900491,winter,2020-01-19,POOL_FLAT
14,53,899,2,1.0392530904999377,0.13225603452896595,215.8766106231993,-124.05388394554043,1.036657731070944,-216.27546955284149,-124.61056006345184,1.0392530904999377,-0.016905904658914447,250.6574445307602,1.0436332456974302,winter,2020-01-19,POOL_FLAT
14,54,900,1,1.0368225558627349,0.13212700279425174,215.90744892303064,-124.07967291375064,1.0368225558627349,-216.38328056411194,-124.58017936812585,1.0395789360850298,0.039592000603953265,250.73406968380166,1.0439522915745996,winter,2020-01-19,POOL_FLAT
14,55,906,1,1.0359157304656477,0.14574097506312864,215.75584568583352,-123.90633863788139,1.0359157304656477,-216.35133640643411,-124.57983553331766,1.0394629602103402,-0.03628449829360132,250.66438912639484,1.0436621686628786,winter,2020-01-19,POOL_FLAT
15,1,34,1,1.0415184189964652,0.08847292018612894,215.88324753153933,-126.36930489654202,1.0415184189964652,-217.79911848477346,-124.1137561677543,1.0437289659914852,1.1798275638645694,250.9774921071621,1.0449773343372732,winter,2020-01-19,POOL_FLAT
15,2,47,2,1.0419375533616706,0.09795346004834417,215.52867954869134,-126.0109286061468,1.039490724613453,-217.4085273471564,-123.93015623041575,1.0419375533616706,1.075557082435311,250.66762322796953,1.0436852305394932,winter,2020-01-19,POOL_FLAT
15,3,70,1,1.0415984962678697,0.08704695780914182,215.89786330149764,-126.38240746036709,1.0415984962678697,-217.79892490809223,-124.11395794845211,1.0437286816924694,1.1800211405486136,250.97729032646888,1.0449764980048497,winter,2020-01-19,POOL_FLAT
15,4,73,1,1.0353137496996982,0.12080285800777367,214.7962915533184,-125.27567376934148,1.0353137496996982,-216.88813123222687,-123.63483248626574,1.0394462584916984,0.8740757018820228,250.14842785569914,1.0415202680374718,winter,2020-01-19,POOL_FLAT
15,5,74,1,1.0354502247303923,0.11745003124618708,214.82057024187668,-125.29910700661686,1.0354502247303923,-216.88781146364124,-123.63519136648584,1.0394458418227595,0.8743954704676697,250.1480689754791,1.0415187784717557,winter,2020-01-19,POOL_FLAT
15,6,83,2,1.0418963998003656,0.09816879107308983,215.5288022509004,-126.01085874354888,1.0394910188331083,-217.4003070670463,-123.92461798090537,1.0418963998003656,1.0756797846442718,250.6676930905673,1.0436855236077636,winter,2020-01-19,POOL_FLAT
15,7,178,2,1.0353360697599885,0.15212674794995984,214.5073362491744,-124.95554966831273,1.0336031407869708,-215.95500463727743,-123.27831650475575,1.0353360697599885,0.8119953932617541,249.8072941429567,1.040099065676662,winter,2020-01-19,POOL_FLAT
15,8,208,3,1.0400689912716048,0.11810465532916294,214.5120840059673,-124.95242258953623,1.033613668401654,-216.40773502479078,-123.39040664039402,1.0372046031414286,0.8099730119420026,249.80007746872872,1.0400689912716048,winter,2020-01-19,POOL_FLAT
15,9,225,1,1.0335066266740303,0.12248601228598709,214.50037831401687,-124.92143880465329,1.0335066266740303,-216.3727080701036,-123.36519077095777,1.0370259097920103,0.8352475179745372,249.81485385422891,1.0401308601817645,winter,2020-01-19,POOL_FLAT
15,10,248,2,1.0356140711857835,0.14037044442802235,214.54049429858344,-124.94394652116411,1.0336981218113948,-216.03432687256407,-123.2740360743437,1.0356140711857835,0.8496397754610349,249.81721749421584,1.0401409034144538,winter,2020-01-19,POOL_FLAT
15,11,249,2,1.0356489103876063,0.13967312669320128,214.5403723782345,-124.9439676464626,1.0336977274180033,-216.04274975541645,-123.27615858468009,1.0356489103876063,0.8495178551120539,249.81719636891737,1.0401408137316908,winter,2020-01-19,POOL_FLAT
15,12,264,3,1.0401045008536756,0.11897621228212912,214.5120628314956,-124.95229905571016,1.033613333336758,-216.40775619926472,-123.39028310656909,1.0372044249649965,0.8078385403151366,249.80861303537293,1.0401045008536756,winter,2020-01-19,POOL_FLAT
15,13,276,2,1.0377392355096067,0.13062686559156966,214.0856024500003,-124.75241070978635,1.031660162131082,-216.5236634460862,-123.44632676391272,1.0377392355096067,0.575277622401151,249.53416487717422,1.0389591354687717,winter,2020-01-19,POOL_FLAT
15,14,289,1,1.0307114877534094,0.15649517229427048,213.92097340125136,-124.58235763740525,1.0307114877534094,-216.5565727874475,-123.437596645608,1.0378402712515926,0.5702884454195597,249.54298658683607,1.0389958176170808,winter,2020-01-19,POOL_FLAT
15,15,314,2,1.0376863356971118,0.13067364682544846,214.08578488863327,-124.75237301459558,1.0316607394116732,-216.51109177237421,-123.44272482459004,1.0376863356971118,0.57546006103433,249.5342025723646,1.03895929416689,winter,2020-01-19,POOL_FLAT
15,16,320,3,1.038779336211427,0.12419504822346882,214.08413622768234,-124.75518641230548,1.0316607062834524,-216.55068216481618,-123.44398257383465,1.0378321308047957,0.5635189844426456,249.49100782418333,1.038779336211427,winter,2020-01-19,POOL_FLAT
15,17,327,3,1.0388344839613757,0.12566982949274585,214.08418791240857,-124.75500117769842,1.0316605039016966,-216.5506304800909,-123.4437973392272,1.0378315619094594,0.5661588764897633,249.50424714206503,1.0388344839613757,winter,2020-01-19,POOL_FLAT
15,18,337,3,1.036515415446022,0.18530765657041418,212.9163101126577,-124.04382564189956,1.0259684023982392,-216.6707588205597,-123.23577791879144,1.0378376421717088,0.08615272122574097,248.94788600949528,1.036515415446022,winter,2020-01-19,POOL_FLAT
15,19,342,3,1.035973147119842,0.13988094330228468,213.35440611154522,-124.45733440849484,1.028411325499729,-216.594592924035,-123.42020635017111,1.037941952508706,0.2365081827366773,248.81754774708705,1.035973147119842,winter,2020-01-19,POOL_FLAT
15,20,349,1,1.027082699691942,0.1658897920007075,213.11053507150942,-124.24207381634676,1.027082699691942,-216.62838262097108,-123.33470272089514,1.0378880047840306,0.15831237829610947,248.87299068285435,1.0362037300663196,winter,2020-01-19,POOL_FLAT
15,21,387,1,1.0285344942126482,0.15209091315067683,213.3986995489553,-124.44010761918014,1.0285344942126482,-216.5915300967197,-123.41898433313067,1.0379283537353923,0.2929002777708407,248.9771874367622,1.0366380696492603,winter,2020-01-19,POOL_FLAT
15,22,388,1,1.027029096741433,0.16766941522963227,213.10232186559261,-124.23059990478825,1.027029096741433,-216.62848699492636,-123.33453093509446,1.037888028555684,0.1582080043404124,248.87316246865606,1.0362044450343881,winter,2020-01-19,POOL_FLAT
15,23,406,2,1.0377615066732033,0.19998092429927955,212.79972496397508,-123.91326199045689,1.0252753520210856,-216.68504574863877,-123.17365712194339,1.0377615066732033,0.04905435147505981,249.02662435900018,1.0368432072007436,winter,2020-01-19,POOL_FLAT
15,24,458,3,1.0345397025222445,0.13548017645823698,213.1729227852146,-124.43052659905037,1.0277024355860462,-216.58365746180985,-123.45199357005853,1.0379679265221557,0.12321953474661627,248.47334815456762,1.0345397025222445,winter,2020-01-19,POOL_FLAT
15,25,502,1,1.0201672773257657,0.3010937916683797,211.94383563796256,-122.94436881665567,1.0201672773257657,-216.87349144911266,-122.72148272872298,1.0375152073049199,-0.23340806465862976,249.46039706042532,1.0386496906611977,winter,2020-01-19,POOL_FLAT
15,26,522,2,1.0373603577166364,0.14964906162002242,212.89283614873509,-124.32458053078996,1.0264729408564701,-216.42978101145968,-123.4272643212421,1.0373603577166364,0.07672423094719595,248.24231145238002,1.033577684038584,winter,2020-01-19,POOL_FLAT
15,27,539,3,1.032729576231869,0.12577137812101372,213.1004403293064,-124.44151641126547,1.0274648854575383,-216.56680567371734,-123.48236270447072,1.0379695951728805,0.027748075678993126,248.0386251643357,1.032729576231869,winter,2020-01-19,POOL_FLAT
15,28,556,3,1.033309136447609,0.12976855025659068,213.10109422322319,-124.4395772916836,1.027463165186142,-216.56615177980044,-123.48042358488884,1.037963231015893,0.0632820984614465,248.17781609494298,1.033309136447609,winter,2020-01-19,POOL_FLAT
15,29,562,1,1.0195644725285333,0.31440182997158445,211.8417907586147,-122.83173610085022,1.0195644725285333,-216.85760225749797,-122.66804888168663,1.0373480765490033,-0.25044704062909773,249.50889411005838,1.0388516808843806,winter,2020-01-19,POOL_FLAT
15,30,563,1,1.0198974055164467,0.30985934324413994,211.89505022005812,-122.89929201411324,1.0198974055164467,-216.87413614313152,-122.72079014605141,1.0375161233155097,-0.2340527586786343,249.46108964309497,1.0386525768008026,winter,2020-01-19,POOL_FLAT
15,31,611,1,1.0193806109140073,0.3204001979863765,211.8100649079311,-122.79841536376,1.0193806109140073,-216.85801721823566,-122.66754157126114,1.0373485404013763,-0.2508620013667718,249.50940142048339,1.038853794848371,winter,2020-01-19,POOL_FLAT
15,32,614,3,1.0333115409247917,0.1536011148664384,212.82006054757358,-124.29392254559946,1.026146913166618,-216.44725156165353,-123.42973802928871,1.0374286474707757,0.04147920073826245,248.17839819851991,1.0333115409247917,winter,2020-01-19,POOL_FLAT
15,33,619,3,1.0388856154256776,0.2953561518671987,211.95924349953708,-122.92336879795852,1.0201789020968093,-216.80057827184805,-122.65962877622002,1.0371241661372779,-0.23252184875403228,249.51706178278297,1.0388856154256776,winter,2020-01-19,POOL_FLAT
15,34,629,1,1.0202369043121895,0.30942232284971977,211.94231644173826,-122.98031136496567,1.0202369043121895,-216.86237217447973,-122.7991247940763,1.0376341648889071,-0.19445464619675865,249.3869280645052,1.0383436573556635,winter,2020-01-19,POOL_FLAT
15,35,639,2,1.0368937688961513,0.29476213927999567,211.96742031984084,-122.92343102631239,1.0202084828799827,-216.73932155065788,-122.65552145147305,1.0368937688961513,-0.22002762864201605,249.51291940449974,1.0388683211187797,winter,2020-01-19,POOL_FLAT
15,36,676,2,1.0370006420001274,0.2944191700668542,211.95486832525515,-122.92414766259645,1.0201647708666528,-216.77050733154707,-122.65253026774002,1.0370006420001274,-0.23163046112915228,249.51144079881752,1.0388622085467567,winter,2020-01-19,POOL_FLAT
15,37,682,2,1.0370383887055519,0.2949382332870405,211.9547451757024,-122.92418926669,1.02016441422241,-216.77890813062558,-122.65609278392976,1.0370383887055519,-0.23175361068188885,249.51139919472394,1.0388620358008311,winter,2020-01-19,POOL_FLAT
15,38,688,2,1.037352703526692,0.156844532011978,212.73080986151857,-124.25935507968134,1.0257534460208027,-216.4299571219797,-123.42324452582483,1.037352703526692,0.010177681303179255,248.08838301316553,1.0329367416057809,winter,2020-01-19,POOL_FLAT
15,39,701,3,1.032086049950612,0.1576745996129748,212.62283129957643,-124.22871027540675,1.0253008947661435,-216.44690205768768,-123.43670575222225,1.0374417546988,-0.061531991721786555,247.88405840958106,1.032086049950612,winter,2020-01-19,POOL_FLAT
15,40,702,2,1.0374522436148368,0.16790892845587888,212.54063887319936,-124.1918379699693,1.0249279705176595,-216.4481917884257,-123.43952947575963,1.0374522436148368,-0.06857098843279702,247.8875944287125,1.032100780152637,winter,2020-01-19,POOL_FLAT
15,41,755,2,1.0368370944406213,0.1554524815328821,212.43602661860177,-124.22077241152839,1.024612732598596,-216.24133664708378,-123.50390745617018,1.0368370944406213,-0.13212804841008793,247.48703772298703,1.0304331361554226,winter,2020-01-19,POOL_FLAT
15,42,778,3,1.0321895184343477,0.15837086257183913,212.62289048862826,-124.22835972019884,1.0253003712372823,-216.44684286863986,-123.43635519701373,1.0374408175701215,-0.05923968981889767,247.90890979239327,1.0321895184343477,winter,2020-01-19,POOL_FLAT
15,43,780,3,1.027903050287859,0.14966521931017562,212.43166910920797,-124.33167611978982,1.024830237369884,-216.23935117762628,-123.6173177458305,1.0370641827577591,-0.2438395987319441,246.87928233972454,1.027903050287859,winter,2020-01-19,POOL_FLAT
15,44,785,2,1.036960802435293,0.14569814596952524,212.86922624798373,-124.3123693051084,1.0263624145210108,-216.33128011126345,-123.40626800529483,1.036960802435293,0.06961654659312588,248.21633992870923,1.033469540708162,winter,2020-01-19,POOL_FLAT
15,45,813,2,1.0369802790807405,0.15862151230253957,212.4355376616959,-124.22088485858862,1.0246112115166357,-216.2749699100272,-123.51436044284608,1.0369802790807405,-0.1326170053160006,247.4869252759267,1.0304326690616334,winter,2020-01-19,POOL_FLAT
15,46,817,1,1.0251986710699572,0.17364735084654656,212.6261524569688,-124.17434813866969,1.0251986710699572,-216.44938650576995,-123.4269204715819,1.0374305580670302,-0.0028712630835999635,248.06428864253039,1.0328364218775847,winter,2020-01-19,POOL_FLAT
15,47,835,3,1.027297427416674,0.1534384468181065,212.43102634261822,-124.33370611454454,1.0248321970347283,-216.23999394421557,-123.61934774058584,1.037070700859768,-0.27811488764691417,246.73378889927736,1.027297427416674,winter,2020-01-19,POOL_FLAT
15,48,860,1,1.025268009858925,0.17137352930412547,212.63845783526332,-124.18630042911478,1.025268009858925,-216.44922451549166,-123.42710343728238,1.0374303495304222,-0.0027092728065697333,248.06410567682858,1.03283566007699,winter,2020-01-19,POOL_FLAT
15,49,861,1,1.0252167242220136,0.17305531683529396,212.6293563565186,-124.17745997811647,1.0252167242220136,-216.44934432890483,-123.4269681077707,1.037430503766885,-0.002829086219754368,248.06424100634024,1.0328362235383037,winter,2020-01-19,POOL_FLAT
15,50,886,2,1.0351850517268268,0.12237497014410685,212.5331146964195,-124.27932581997065,1.0250847484404981,-215.7896472668791,-123.49452652992633,1.0351850517268268,-0.05397994298894733,247.20709728768054,1.0292674584176469,winter,2020-01-19,POOL_FLAT
15,51,896,1,1.0229167772118357,0.21951898115320723,212.17013261043758,-123.86842670055492,1.0229167772118357,-216.42479209531373,-123.42213278717303,1.0373317296153062,-0.12860131904374988,247.76976432906713,1.031610284142646,winter,2020-01-19,POOL_FLAT
15,52,898,1,1.0248580065261794,0.14878001203571925,212.48060521544048,-124.26123882729148,1.0248580065261794,-216.0976465133351,-123.56473441085774,1.036443321437056,-0.10195332983179999,247.20010454930755,1.0292384065651792,winter,2020-01-19,POOL_FLAT
15,53,899,2,1.0355459045361455,0.1298093450562756,212.5331146964195,-124.27932581997065,1.0250847484404981,-215.87546105314132,-123.51906502330922,1.0355459045361455,-0.05397994298894483,247.20709728768043,1.0292674584176464,winter,2020-01-19,POOL_FLAT
15,54,900,1,1.0224003289229164,0.23656970941202904,212.0804016434364,-123.77609824347174,1.0224003289229164,-216.42596778857703,-123.42072512835145,1.0373330784810857,-0.12977701230693217,247.7711719878888,1.0316161475994707,winter,2020-01-19,POOL_FLAT
15,55,906,1,1.0247692674934958,0.15158500063111804,212.4650079407574,-124.24569025891826,1.0247692674934958,-216.0976051618579,-123.56444730749243,1.0364425786108211,-0.10191197835439879,247.20039165267363,1.0292396018729704,winter,2020-01-19,POOL_FLAT
16,1,34,1,1.0410953500152635,0.11687029132411475,215.7198030329613,-126.44729508806975,1.0410953500152635,-217.9305008696845,-124.0206293452103,1.0440124389305392,1.1048172175667026,251.19033169262224,1.0458620797106701,winter,2020-01-19,POOL_FLAT
16,2,47,2,1.0420457924964588,0.13059502609409035,215.36177572077708,-126.09541261949498,1.0390685619452709,-217.52727084085822,-123.77418884535227,1.0420457924964588,1.011048395279527,250.9350171274643,1.044797420490665,winter,2020-01-19,POOL_FLAT
16,3,70,1,1.0412048327136696,0.11551428890791075,215.7392799190059,-126.46606587613645,1.0412048327136696,-217.93024431460236,-124.02091685091098,1.0440121026128002,1.105073772651779,251.19004418692612,1.0458608873669746,winter,2020-01-19,POOL_FLAT
16,4,73,1,1.0346723665752393,0.15015933333903558,214.56237056130024,-125.37082702766594,1.0346723665752393,-217.1239897186494,-123.43428955232855,1.0398865985699624,0.7990922390241529,250.49849809591365,1.0429767632472144,winter,2020-01-19,POOL_FLAT
16,5,74,1,1.0347063965195957,0.14948361545464456,214.5684780332957,-125.37657522372261,1.0347063965195957,-217.12390912157855,-123.43437774873698,1.0398864883264525,0.7991728360949937,250.49840989950522,1.0429763971064852,winter,2020-01-19,POOL_FLAT
16,6,83,2,1.0419569649999207,0.13239459385284916,215.36207994943123,-126.09534499844538,1.0390695127873932,-217.5063318742102,-123.76784904459126,1.0419569649999207,1.0113526239336705,250.9350847485136,1.0447977071386183,winter,2020-01-19,POOL_FLAT
16,7,178,2,1.0362668451408386,0.18819925357740855,214.18026155198086,-124.9905799667326,1.0325001627394688,-216.33854664293455,-123.05677255144043,1.0362668451408386,0.7187793389932596,250.21715699576762,1.0418043677682378,winter,2020-01-19,POOL_FLAT
16,8,208,3,1.0416933801052985,0.1549961658360405,214.17696095417446,-124.98549326783208,1.0324776189851863,-216.72464607808894,-123.15112977773484,1.037858506995442,0.7152326868771066,250.19051028696614,1.0416933801052985,winter,2020-01-19,POOL_FLAT
16,9,225,1,1.0320192424350816,0.16841112248080845,214.1006179089325,-124.89788202102635,1.0320192424350816,-216.69823501461042,-123.12430209960034,1.0377077160654868,0.7339592746003486,250.22804501391272,1.0418498842223245,winter,2020-01-19,POOL_FLAT
16,10,248,2,1.0366412248879147,0.17579179561231031,214.19241919639416,-124.97314953507656,1.0325073069841197,-216.4460405781494,-123.0496425519379,1.0366412248879147,0.74657886990401,250.22944730543185,1.0418558781950042,winter,2020-01-19,POOL_FLAT
16,11,249,2,1.0363295969844444,0.18183993666226425,214.1934952060978,-124.97293091173124,1.0325107178225887,-216.37187423016013,-123.02865758653134,1.0363295969844444,0.7476548796076155,250.22966592877705,1.0418568018236982,winter,2020-01-19,POOL_FLAT
16,12,264,3,1.0416822840248137,0.15461087763748882,214.17694052522162,-124.98552974844422,1.0324776220768723,-216.72466650704413,-123.15116625834807,1.0378586559883294,0.7139952777984033,250.1878487792768,1.0416822840248137,winter,2020-01-19,POOL_FLAT
16,13,276,2,1.0380246416245218,0.1652405308858684,213.77850373578696,-124.78064519318886,1.0306148702651494,-216.77486587716655,-123.14351301874186,1.0380246416245218,0.5143359114888263,249.98938415131371,1.0408539210078578,winter,2020-01-19,POOL_FLAT
16,14,289,1,1.0301428127128776,0.1749602483890934,213.69367281652956,-124.70106734853894,1.0301428127128776,-216.838220363248,-123.15954802228998,1.0382869785124142,0.5075945451546907,249.99470313909134,1.0408760096429692,winter,2020-01-19,POOL_FLAT
16,15,314,2,1.0379753325833314,0.16568040664184672,213.77867418533066,-124.78061104122719,1.0306154114966708,-216.76311473145518,-123.14022240784215,1.0379753325833314,0.514506361032737,249.98941830327496,1.0408540646624633,winter,2020-01-19,POOL_FLAT
16,16,320,3,1.0406973357762763,0.1587373018041637,213.77688772051556,-124.78338444453166,1.03061480872376,-216.82940060660414,-123.15949070615069,1.0382549300213764,0.5053150420927446,249.95179418887673,1.0406973357762763,winter,2020-01-19,POOL_FLAT
16,17,327,3,1.0407359088410648,0.15992262213630498,213.7769279912617,-124.78325519522369,1.0306146822472124,-216.829360335859,-123.15936145684259,1.038254518445163,0.5074515579193801,249.96105426999515,1.0407359088410648,winter,2020-01-19,POOL_FLAT
16,18,337,3,1.038760771814815,0.2123836805524337,212.5176454452492,-124.03265623076783,1.024511075910802,-216.97297857889362,-122.86381308159862,1.0381676099649655,0.022060827260921335,249.4871844966964,1.038760771814815,winter,2020-01-19,POOL_FLAT
16,19,342,3,1.0384391173482705,0.17521077003183652,212.93686346844734,-124.39692186177055,1.026783141196158,-216.9211611343727,-123.04270458159336,1.0383471599890919,0.16203911827461592,249.4098786006371,1.0384391173482705,winter,2020-01-19,POOL_FLAT
16,20,349,1,1.0253700335103577,0.20243600152603686,212.66767218524555,-124.18486512974675,1.0253700335103577,-216.95021444137063,-122.95041997564527,1.0382628792882413,0.08622516860246003,249.4583363173819,1.0386407179905397,winter,2020-01-19,POOL_FLAT
16,21,387,1,1.026789225159088,0.1931426951009977,212.95850272769593,-124.36277104026588,1.026789225159088,-216.91477114536806,-123.05214223409573,1.0383434064873738,0.21639943257535205,249.54889568638436,1.0390180981109587,winter,2020-01-19,POOL_FLAT
16,22,388,1,1.0252897294283199,0.2048390103793224,212.65359401206035,-124.17072546943547,1.0252897294283199,-216.95039927034608,-122.95020403911234,1.0382631055140334,0.08604033962671316,249.4585522539161,1.0386416167946044,winter,2020-01-19,POOL_FLAT
16,23,406,2,1.0379791515707044,0.22637789863532465,212.41732472653447,-123.92175768695134,1.0239176008055724,-216.95889147255482,-122.79682009560999,1.0379791515707044,-0.0017390652084603522,249.571311020342,1.0391110355992823,winter,2020-01-19,POOL_FLAT
16,24,458,3,1.037555100978932,0.1774172216993649,212.72339890374383,-124.33172949109193,1.025878826030607,-216.92636770075865,-123.03783843314311,1.0383560200309534,0.07512572764789385,249.19759888519485,1.037555100978932,winter,2020-01-19,POOL_FLAT
16,25,502,1,1.019428387388731,0.30931895600442744,211.64535132109037,-123.10490907245139,1.019428387388731,-217.1211453196018,-122.38496867494845,1.0377240328406463,-0.2553950455269063,249.93432191512795,1.0406230051040044,winter,2020-01-19,POOL_FLAT
16,26,522,2,1.0377629356761104,0.19363433986338616,212.32866512847602,-124.1464924338495,1.0240707404418712,-216.81449568968668,-122.94634768628919,1.0377629356761104,-0.03861871197874274,248.95052057134748,1.036526335068395,winter,2020-01-19,POOL_FLAT
16,27,539,3,1.0357698341452708,0.14871931509898584,212.62720177715826,-124.32108427278105,1.025510681045219,-216.92411004419884,-123.05120966143534,1.0383753112372465,-0.03829525889015724,248.7688259583331,1.0357698341452708,winter,2020-01-19,POOL_FLAT
16,28,556,3,1.0362533537461496,0.15895922952484962,212.6277377194243,-124.31946564950778,1.025509205787597,-216.92357410193276,-123.04959103816203,1.0383700451800426,-0.009325631152068291,248.88495936262663,1.0362533537461496,winter,2020-01-19,POOL_FLAT
16,29,562,1,1.0174932912072276,0.35709200828002124,211.3085424204826,-122.7595148784928,1.0174932912072276,-217.1369540063035,-122.28416637210991,1.0375753609070375,-0.30803720310709615,250.0177606069518,1.0409706558660725,winter,2020-01-19,POOL_FLAT
16,30,563,1,1.019432937036095,0.3091818254422826,211.646043474614,-123.10589242611223,1.019432937036095,-217.12113654125136,-122.3849833849957,1.0377240310752922,-0.2553862671772831,249.93430720507874,1.0406229438201684,winter,2020-01-19,POOL_FLAT
16,31,611,1,1.01724022542125,0.36501217202581715,211.26363843101586,-122.71581094238714,1.01724022542125,-217.13754503600114,-122.28349744963982,1.0375761384158586,-0.3086282328045827,250.0184295294214,1.0409734440133875,winter,2020-01-19,POOL_FLAT
16,32,614,3,1.0362252348498213,0.19766299717791916,212.22797530896747,-124.09963260792517,1.0236103546930786,-216.88205871333776,-122.94703319921274,1.0380090524298935,-0.0829138017301449,248.8781921937856,1.0362252348498213,winter,2020-01-19,POOL_FLAT
16,33,619,3,1.0408908383687054,0.3189499393484646,211.538993351373,-122.95295200247314,1.018727544785511,-217.06541392620514,-122.27256198045272,1.037292121138805,-0.28035748063861704,249.9986227818914,1.0408908383687054,winter,2020-01-19,POOL_FLAT
16,34,629,1,1.019970504358942,0.3043529998434597,211.73406487004956,-123.21134539231117,1.019970504358942,-217.1029176010967,-122.47622989132071,1.0378445659812974,-0.20603203461672087,249.85773814005773,1.0403039525357212,winter,2020-01-19,POOL_FLAT
16,35,639,2,1.0369263865060523,0.31896540274740115,211.55082367835837,-122.95039610536756,1.0187647834455502,-216.97748368743007,-122.2496790741162,1.0369263865060523,-0.26516620602652274,250.0120645276707,1.0409467351612347,winter,2020-01-19,POOL_FLAT
16,36,676,2,1.0372122569835034,0.3201282773461044,211.53193403140855,-122.95246208297607,1.0187011083566544,-217.04689419167994,-122.26635610898006,1.0372122569835034,-0.2835492873538817,250.01227731964931,1.0409477051305847,winter,2020-01-19,POOL_FLAT
16,37,682,2,1.0372339152791454,0.3202605448143053,211.53186103903678,-122.9524809348507,1.0187008850514587,-217.05190411979743,-122.2680611399245,1.0372339152791454,-0.28362227972552445,250.01225846777473,1.0409476269839988,winter,2020-01-19,POOL_FLAT
16,38,688,2,1.0378795992813818,0.20327633396983733,212.1093959722276,-124.04234629092659,1.0230637588822404,-216.86255201806338,-122.91839609366787,1.0378795992813818,-0.12509839736651887,248.82806012152577,1.0360165791981908,winter,2020-01-19,POOL_FLAT
16,39,701,3,1.035210733790527,0.20040820061399411,211.98147266563018,-124.00201622653309,1.0225192277209767,-216.91697534325,-122.92699730988244,1.0380943933958056,-0.20177038349463203,248.6344635921851,1.035210733790527,winter,2020-01-19,POOL_FLAT
16,40,702,2,1.0380842151114122,0.2120824099840001,211.887916508734,-123.95944082993934,1.0220934953600243,-216.92158421781076,-122.91390546773826,1.0380842151114122,-0.2164079652228156,248.65824192373577,1.035309788077536,winter,2020-01-19,POOL_FLAT
16,41,755,2,1.0374157679584852,0.20017868094681174,211.72441852135458,-123.95163603635268,1.0214895610340835,-216.73074544055126,-122.92499906490617,1.0374157679584852,-0.305517010186911,248.32096396247945,1.033905893497925,winter,2020-01-19,POOL_FLAT
16,42,778,3,1.0352641101814368,0.2014772413696062,211.98152396410245,-124.00183692511489,1.0225190351378093,-216.91692404478115,-122.92681800846347,1.0380938395059822,-0.19912620212969503,248.64728554746932,1.0352641101814368,winter,2020-01-19,POOL_FLAT
16,43,780,3,1.0316240126258673,0.18172950975124968,211.65067261709206,-124.03957062806604,1.0214096667014232,-216.90388535633454,-123.06786362339862,1.0383362850102598,-0.4488524143259538,247.7726884203016,1.0316240126258673,winter,2020-01-19,POOL_FLAT
16,44,785,2,1.0377791859586756,0.19525885715861616,212.29176768350646,-124.12829808200951,1.0238998840664895,-216.8215739580499,-122.94177742438477,1.0377791859586756,-0.052353330247300184,248.9286937615176,1.0364354677697603,winter,2020-01-19,POOL_FLAT
16,45,813,2,1.0375836119304753,0.20190548185826077,211.72383980941115,-123.95175520080905,1.0214877323229288,-216.7706260882795,-122.93639617591067,1.0375836119304753,-0.306095722130501,248.32084479802313,1.0339054003144248,winter,2020-01-19,POOL_FLAT
16,46,817,1,1.021880909647006,0.23854057066676687,211.89221235280388,-123.85094695050519,1.021880909647006,-216.9077998393091,-122.9211461268073,1.0380491451807548,-0.14337679030293798,248.81116720294872,1.0359462851862296,winter,2020-01-19,POOL_FLAT
16,47,835,3,1.0311472322477266,0.176578098007745,211.65015189246702,-124.0411679872666,1.0214111589764823,-216.90440608095906,-123.06946098259988,1.0383414527579589,-0.47686908143352985,247.65812385022156,1.0311472322477266,winter,2020-01-19,POOL_FLAT
16,48,860,1,1.0220355228691993,0.23358238476645327,211.91964117760443,-123.87760861801463,1.0220355228691993,-216.9074387824823,-122.92155424177123,1.0380486750765205,-0.1430157334773891,248.81075908798346,1.0359445851005287,winter,2020-01-19,POOL_FLAT
16,49,861,1,1.0218597260870053,0.23922033932240752,211.88845419495928,-123.8472942115411,1.0218597260870053,-216.90784930980357,-122.92109021333226,1.038049209602544,-0.14342626079863474,248.8112231164224,1.03594651810533,winter,2020-01-19,POOL_FLAT
16,50,886,2,1.0379897642447158,0.1999507956501379,211.6270717746,-123.98415278942916,1.0212082338535704,-216.83533013739873,-123.02003949728446,1.0379897642447158,-0.37658274221765653,248.0726304626796,1.0328723437624305,winter,2020-01-19,POOL_FLAT
16,51,896,1,1.019969486997688,0.26501765396277915,211.48750075042395,-123.63360048352499,1.019969486997688,-216.9379354300305,-122.89495949973443,1.038104563536493,-0.2863386614708741,248.56222626305086,1.0349103134469242,winter,2020-01-19,POOL_FLAT
16,52,898,1,1.0209360758919865,0.21071319063999436,211.57555054952564,-123.94278264366118,1.0209360758919865,-216.89244201564736,-123.03357268269562,1.0382243937507813,-0.38666154817202664,248.07122510828324,1.0328665570140236,winter,2020-01-19,POOL_FLAT
16,53,899,2,1.0380035418171023,0.2001552047937338,211.62707177459995,-123.98415278942916,1.0212082338535702,-216.8385731088545,-123.02102930096274,1.0380035418171023,-0.3765827422176617,248.07263046267954,1.0328723437624303,winter,2020-01-19,POOL_FLAT
16,54,900,1,1.0198735559351086,0.26814836555803373,211.47062695773036,-123.61681099915012,1.0198735559351086,-216.93815713132324,-122.89470292734588,1.038104840141037,-0.28656036276346647,248.56248283543945,1.0349113827705931,winter,2020-01-19,POOL_FLAT
16,55,906,1,1.0208468162137068,0.21359630350530562,211.5599208310282,-123.92705019539044,1.0208468162137068,-216.89293238157308,-123.03297153065942,1.0382249346574375,-0.38715191409735755,248.0718262603201,1.0328690631421025,winter,2020-01-19,POOL_FLAT
17,1,34,1,1.035303626639647,0.28342540626221013,214.02499904596252,-126.58409041204511,1.035303626639647,-217.8185080017957,-122.98126631474592,1.0414727833302337,1.2124540498349219,251.33079099219327,1.046448954077076,winter,2020-01-19,POOL_FLAT
17,2,47,2,1.0384706212641694,0.3307905361580975,213.26843465282678,-125.78267151250577,1.0308944524933983,-217.2811386682911,-122.46630139016757,1.0384706212641694,1.0257141804362875,251.21226811570045,1.045952016355105,winter,2020-01-19,POOL_FLAT
17,3,70,1,1.035325977758372,0.28323254718178936,214.0289449786018,-126.58796389022966,1.035325977758372,-217.81845610049365,-122.98132556499179,1.041472716443675,1.2125059511399139,251.33073174195204,1.0464487084290939,winter,2020-01-19,POOL_FLAT
17,4,73,1,1.0220063830075565,0.40138852415866366,211.69119021755301,-124.25377378919694,1.0220063830075565,-216.95244813351786,-121.76210278921138,1.0358404959300314,0.6115540590995313,250.99619837374996,1.0450467752748132,winter,2020-01-19,POOL_FLAT
17,5,74,1,1.0222119215227028,0.3973432185161158,211.72762035898432,-124.28922916368397,1.0222119215227028,-216.95196863598753,-121.7626454623749,1.035839860798552,0.6120335566299308,250.99565570058644,1.0450445206826118,winter,2020-01-19,POOL_FLAT
17,6,83,2,1.038536518570323,0.32938412075948337,213.26820670231965,-125.78271637030875,1.0308937298750143,-217.296858354596,-122.47064501505578,1.038536518570323,1.0254862299290715,251.21222325789736,1.0459518257127143,winter,2020-01-19,POOL_FLAT
17,7,178,2,1.0323500590895185,0.44097743173352427,211.0733106233198,-123.6188393600984,1.018450013082746,-216.28728752653518,-121.23431730084056,1.0323500590895185,0.4329490311950087,250.80827610437936,1.0442627990541848,winter,2020-01-19,POOL_FLAT
17,8,208,3,1.0440538637445294,0.4185496574250061,211.07497040110718,-123.61576736320137,1.0184495123849473,-216.52729087859666,-121.28870482106403,1.033332499348088,0.42878646667639825,250.7581015773433,1.0440538637445294,winter,2020-01-19,POOL_FLAT
17,9,225,1,1.0181263709049277,0.4321294992084126,211.02367442183788,-123.54977564738917,1.0181263709049277,-216.49850165534164,-121.26237534323724,1.0331743484178593,0.4536479674692434,250.81519580672966,1.0442917620910277,winter,2020-01-19,POOL_FLAT
17,10,248,2,1.0320433768945658,0.44031772517118883,211.09461136372917,-123.60444377935855,1.0184962554452106,-216.23147817783584,-121.18323714231286,1.0320433768945658,0.4664492683626497,250.81699714772535,1.0442993598741235,winter,2020-01-19,POOL_FLAT
17,11,249,2,1.0317844818891557,0.44439160387975474,211.09550678530198,-123.60426847972928,1.0184991038621987,-216.169724249784,-121.16623834235764,1.0317844818891557,0.467344689935432,250.81717244735458,1.04430009668751,winter,2020-01-19,POOL_FLAT
17,12,264,3,1.0440585700736733,0.4187005176074792,211.0749751557788,-123.61575157997879,1.0184494962578097,-216.5272861239275,-121.28868903784264,1.0333324499615015,0.4290359582605327,250.75923150761858,1.0440585700736733,winter,2020-01-19,POOL_FLAT
17,13,276,2,1.032442881713388,0.45610158438734716,210.46336177180075,-123.15174223965587,1.0152758411961509,-216.39897838391875,-121.08050434913726,1.032442881713388,0.2004479817817695,250.65237260959358,1.0436124596651999,winter,2020-01-19,POOL_FLAT
17,14,289,1,1.0136279255151885,0.48822102511866244,210.16986419844682,-122.86959635576737,1.0136279255151885,-216.56765018235666,-121.1211722908814,1.0331384461028663,0.18248828129077946,250.67590277138697,1.0437103723163204,winter,2020-01-19,POOL_FLAT
17,15,314,2,1.0325305976187575,0.4550906114671456,210.46305878379707,-123.15180234073122,1.0152748787641066,-216.41987021049508,-121.08631120108302,1.0325305976187575,0.20014499377820924,250.6523125085176,1.0436122084213433,winter,2020-01-19,POOL_FLAT
17,16,320,3,1.043102002233585,0.4346995867668297,210.4581083382689,-123.1627612082466,1.0152801341582625,-216.54918644015345,-121.13129834042064,1.0330919334606072,0.17546423199686018,250.5297908160544,1.043102002233585,winter,2020-01-19,POOL_FLAT
17,17,327,3,1.0430382698924756,0.43266946153887936,210.45803805887564,-123.16297454236641,1.0152803302417177,-216.54925671954777,-121.13151167454015,1.0330926224598702,0.17167107856116162,250.51448635249957,1.0430382698924756,winter,2020-01-19,POOL_FLAT
17,18,337,3,1.0424263423899824,0.5423536006347122,208.61658243552858,-121.7421577605951,1.0056759634472832,-216.52596346047548,-120.3797175543926,1.0314833757159052,-0.4150651780045112,250.36722977333093,1.0424263423899824,winter,2020-01-19,POOL_FLAT
17,19,342,3,1.042261162241871,0.4981808275311376,209.30073499652786,-122.35569008757919,1.0094240251935807,-216.4859828300918,-120.69732255552202,1.0319811860669044,-0.174750461649022,250.32784024042115,1.042261162241871,winter,2020-01-19,POOL_FLAT
17,20,349,1,1.0068059743766082,0.5379023863209986,208.81732107836018,-121.93662948855587,1.0068059743766082,-216.5060852347785,-120.50889660485832,1.03167251216064,-0.3106339737914171,250.36840173229058,1.0424305917820604,winter,2020-01-19,POOL_FLAT
17,21,387,1,1.009915753634285,0.5000928820922314,209.4037977392427,-122.41340482220032,1.009915753634285,-216.4979523332762,-120.7493566466587,1.0321302262690475,-0.12669666606259344,250.39218312114832,1.0425289387085026,winter,2020-01-19,POOL_FLAT
17,22,388,1,1.006513664703585,0.5454889148176506,208.7654571090966,-121.8862197053151,1.006513664703585,-216.5067679452512,-120.50812496922191,1.0316734333559547,-0.31131668426447984,250.36917336792797,1.0424338080797289,winter,2020-01-19,POOL_FLAT
17,23,406,2,1.0311929636596453,0.5659407889067256,208.45663879380615,-121.57150543094978,1.0047427161139653,-216.50266838353699,-120.2780479340968,1.0311929636596453,-0.45029704562189027,250.49169104728938,1.0429447999889594,winter,2020-01-19,POOL_FLAT
17,24,458,3,1.040426048054276,0.4710084834692612,209.008257055377,-122.1836556465807,1.0080112361200135,-216.4312329124622,-120.60667566778305,1.0315983206431403,-0.32827352212109284,249.88693208463195,1.040426048054276,winter,2020-01-19,POOL_FLAT
17,25,502,1,0.9982878179490733,0.6723505602384885,207.33767099791328,-120.41203030538743,0.9982878179490733,-216.6041429978613,-119.69109383903671,1.0303781338983333,-0.7952916827384795,250.87426155556287,1.0445412276211772,winter,2020-01-19,POOL_FLAT
17,26,522,2,1.0298196411020184,0.5410283814041744,208.5274936686483,-121.74779355929971,1.0053674443737952,-216.12278954571048,-120.28249863837566,1.0298196411020184,-0.33099936607563124,250.0819862411599,1.0412381866149596,winter,2020-01-19,POOL_FLAT
17,27,539,3,1.0403781700690933,0.48159742855025095,208.8971840649769,-122.10612586428572,1.0074490794438904,-216.3827459467593,-120.5571846927273,1.0313216718344467,-0.33927436423369983,249.87541815527334,1.0403781700690933,winter,2020-01-19,POOL_FLAT
17,28,556,3,1.040639442312992,0.48957588341769787,208.89747038083777,-122.10525071375031,1.0074482698382776,-216.38245963089824,-120.55630954219183,1.0313188570203,-0.3238530487924426,249.93819044049891,1.040639442312992,winter,2020-01-19,POOL_FLAT
17,29,562,1,0.9968848984723371,0.7030675236296655,207.10004906863833,-120.15020365932054,0.9968848984723371,-216.53775885158083,-119.60048207833111,1.0299537671278536,-0.8153032966916085,250.89807440846633,1.0446406413561573,winter,2020-01-19,POOL_FLAT
17,30,563,1,0.9982862690955248,0.6723983206270758,207.3373419964346,-120.41185608063516,0.9982862690955248,-216.60414748461804,-119.69109101168141,1.0303781445555558,-0.7952961694962332,250.87426438291618,1.0445412394522602,winter,2020-01-19,POOL_FLAT
17,31,611,1,0.9966076735248727,0.7108722761551283,207.05070992331872,-120.10256334661533,0.9966076735248727,-216.5384086645556,-119.59975248797097,1.0299546667615482,-0.8159531096661571,250.89880399882605,1.0446436878458545,winter,2020-01-19,POOL_FLAT
17,32,614,3,1.041088848133197,0.5446348383304538,208.39508335303543,-121.64880163044705,1.0046835389562037,-216.17406531010616,-120.24168056220569,1.0299235708438745,-0.374792661812184,250.04605662835374,1.041088848133197,winter,2020-01-19,POOL_FLAT
17,33,619,3,1.043978401940775,0.6599046713793992,207.3255269383454,-120.34550373252891,0.9981050114581087,-216.40936363869523,-119.6015834158037,1.0294880677398683,-0.7904940642549896,250.73909786294215,1.043978401940775,winter,2020-01-19,POOL_FLAT
17,34,629,1,0.9975195219862587,0.7036663048398233,207.19104160750376,-120.29707450096151,0.9975195219862587,-216.6496405304243,-119.77923004955578,1.0307214444730062,-0.7677589742529581,250.84259038831198,1.0444090055746829,winter,2020-01-19,POOL_FLAT
17,35,639,2,1.0290792331046057,0.6714845943363625,207.33907970992632,-120.34063621429826,0.9981436405993871,-216.312541147876,-119.57377307126204,1.0290792331046057,-0.7569851724576512,250.82673219011565,1.0443428426075922,winter,2020-01-19,POOL_FLAT
17,36,676,2,1.0289933025041111,0.674262052154566,207.3229821103966,-120.3316880089622,0.9980669711236313,-216.29773315880018,-119.55790045933368,1.0289933025041111,-0.7703745036866796,250.85291375548786,1.0444520209627897,winter,2020-01-19,POOL_FLAT
17,37,682,2,1.0288346974432994,0.6749653099850549,207.32353129159677,-120.33158385088304,0.9980687310281006,-216.25984042944216,-119.54770971705423,1.0288346974432994,-0.769825322486446,250.8530179135671,1.0444524476120827,winter,2020-01-19,POOL_FLAT
17,38,688,2,1.029544650237392,0.557980425396628,208.23210643517476,-121.53088934417191,1.0038500153206782,-216.1152114973447,-120.16025727176124,1.029544650237392,-0.4234153297637858,250.0472498447979,1.0410941393083464,winter,2020-01-19,POOL_FLAT
17,39,701,3,1.0405339646261147,0.5542120375907436,208.0364477975915,-121.40913443684164,1.002890909070931,-216.2048452180331,-120.12117684692281,1.0297918030889737,-0.5163677809380801,249.91253340693964,1.0405339646261147,winter,2020-01-19,POOL_FLAT
17,40,702,2,1.0296141172092184,0.5762201662879588,207.887358783833,-121.29043195565222,1.0021056801475987,-216.19601150580965,-120.04919071158162,1.0296141172092184,-0.5415375529257587,250.00908538832667,1.0409361877424455,winter,2020-01-19,POOL_FLAT
17,41,755,2,1.0287753268237525,0.5855557784646761,207.66004814260995,-121.11300856880084,1.0009159582074787,-216.0231944957244,-119.94542921449455,1.0287753268237525,-0.6121913856824439,249.86919786919398,1.0403544348646308,winter,2020-01-19,POOL_FLAT
17,42,778,3,1.040307056223528,0.5473630793106681,208.03619930783273,-121.40989464315955,1.0028916108842183,-216.20509370779567,-120.12193705324007,1.029794244709077,-0.5297481749083965,249.8580069388254,1.040307056223528,winter,2020-01-19,POOL_FLAT
17,43,780,3,1.0388457118933891,0.550889000937698,207.62827885423366,-121.14637757054734,1.0008717104107454,-216.05733187591136,-120.00645928708593,1.0290229527277044,-0.6786757940594887,249.50666316438003,1.0388457118933891,winter,2020-01-19,POOL_FLAT
17,44,785,2,1.0290246663828868,0.5489199965009048,208.48499033449377,-121.7084281555082,1.0051319810379555,-215.9435698886096,-120.2118920715945,1.0290246663828868,-0.33805269850370734,250.0768456958238,1.041216822827261,winter,2020-01-19,POOL_FLAT
17,45,813,2,1.028823112569926,0.5853286713865896,207.65988326763454,-121.11304140678828,1.000915434103038,-216.03456235943617,-119.94859841348242,1.028823112569926,-0.6123562606578561,249.86916503120648,1.04035429982344,winter,2020-01-19,POOL_FLAT
17,46,817,1,1.0025732041880644,0.5860198488058046,207.99921766439624,-121.32152745279541,1.0025732041880644,-216.19332343678602,-120.15921269904011,1.0298267940810155,-0.445490238390614,250.04407077475338,1.0410810626982896,winter,2020-01-19,POOL_FLAT
17,47,835,3,1.0385703771361101,0.5427088316660162,207.62797846898812,-121.14730025569985,1.0008725662419204,-216.05763226115647,-120.00738197223924,1.029025911457754,-0.6948309835788279,249.44048916958045,1.0385703771361101,winter,2020-01-19,POOL_FLAT
17,48,860,1,1.002738400206579,0.5816036469986946,208.0285500335464,-121.34998695732625,1.002738400206579,-216.19293726661144,-120.1596483916541,1.0298262699787053,-0.4451040682171113,250.0436350821381,1.0410792457951266,winter,2020-01-19,POOL_FLAT
17,49,861,1,1.0026221153228632,0.584710337960154,208.00790269319032,-121.32995326072843,1.0026221153228632,-216.19320909472862,-120.15934169238189,1.0298266388735944,-0.4453758963342418,250.04394178141035,1.0410805247764816,winter,2020-01-19,POOL_FLAT
17,50,886,2,1.0276698781654623,0.5836361283898015,207.66560875000974,-121.07105258724077,1.0008479626882991,-215.7527890540951,-119.8854653768385,1.0276698781654623,-0.5613861062541508,249.74399228786504,1.039832635509923,winter,2020-01-19,POOL_FLAT
17,51,896,1,0.9984126702522105,0.6590088850242544,207.22179346741922,-120.67093974578316,0.9984126702522105,-216.2359162447316,-119.95173320495344,1.029562478995609,-0.63187130857239,250.02161159024936,1.0409892240978191,winter,2020-01-19,POOL_FLAT
17,52,898,1,1.0004393636701365,0.5880505387031445,207.57560496547873,-121.03058444741737,1.0004393636701365,-215.96005455397346,-119.9430652367839,1.028540719467868,-0.6012262138073579,249.73602263728114,1.039799839396097,winter,2020-01-19,POOL_FLAT
17,53,899,2,1.0275220608442677,0.5845868806385734,207.66560875000962,-121.07105258724079,1.000847962688299,-215.7173515275992,-119.87614710440303,1.0275220608442677,-0.5613861062541526,249.74399228786507,1.039832635509923,winter,2020-01-19,POOL_FLAT
17,54,900,1,0.9975183082597339,0.6844855395674116,207.0628452789265,-120.51702070608825,0.9975183082597339,-216.23800916988688,-119.94937649517472,1.0295653393597153,-0.633964233727544,250.02396830002814,1.040999058483809,winter,2020-01-19,POOL_FLAT
17,55,906,1,1.0003460997909177,0.5904697915337238,207.5592792950173,-121.01411316585822,1.0003460997909177,-215.96066524360958,-119.94237189439927,1.0285415406705631,-0.6018369034432539,249.73671597966668,1.039802732301154,winter,2020-01-19,POOL_FLAT
18,1,34,1,1.041073287698216,0.06684907338593951,215.59712337234689,-126.64589346393463,1.041073287698216,-217.7828186178412,-123.63524233540504,1.0426849649444656,1.559032587331508,250.67762846703272,1.0437374657919847,winter,2020-01-19,POOL_FLAT
18,2,47,2,1.040292157791809,0.07912473140916669,215.15147343052644,-126.24354874285787,1.0386250381983095,-217.26613009189072,-123.38129869963183,1.040292157791809,1.4572284780390719,250.2642275185871,1.0420137154364568,winter,2020-01-19,POOL_FLAT
18,3,70,1,1.0410458543595158,0.06717082394531074,215.59227126802307,-126.64114477918166,1.0410458543595158,-217.78288245347923,-123.63516968202254,1.0426850467397273,1.5589687516964263,250.67770112041998,1.0437377666316683,winter,2020-01-19,POOL_FLAT
18,4,73,1,1.033340587619057,0.1048489074815262,214.17357746390493,-125.40199594062109,1.033340587619057,-216.68512613794738,-123.03447149384698,1.0374755357190346,1.2353339053672536,249.5636830483552,1.0390920056860704,winter,2020-01-19,POOL_FLAT
18,5,74,1,1.0335118423935818,0.10061390380213203,214.20397511856427,-125.43148375990015,1.0335118423935818,-216.68472593729706,-123.03492293497146,1.0374750148162246,1.235734106017566,249.56323160723076,1.0390901343454415,winter,2020-01-19,POOL_FLAT
18,6,83,2,1.040324848344719,0.07843314749479725,215.1513604732069,-126.24357147229719,1.0386246804573964,-217.2739170928166,-123.38348617503507,1.040324848344719,1.45711552071957,250.26420478914739,1.042013618063803,winter,2020-01-19,POOL_FLAT
18,7,178,2,1.0336811748774923,0.11287246168251817,213.9460345515146,-125.21038121726899,1.0321199368712939,-215.81497506987452,-122.72118380050016,1.0336811748774923,1.185641569177772,249.05856464225707,1.0369879231893486,winter,2020-01-19,POOL_FLAT
18,8,208,3,1.0364500486006232,0.06785594699666701,213.9470521770598,-125.21294875518052,1.0321289932578932,-216.1367622348026,-122.80544742385128,1.0350193175702322,1.1634637292343173,248.92948233391084,1.0364500486006232,winter,2020-01-19,POOL_FLAT
18,9,225,1,1.0319163878953397,0.08853549788186399,213.91608816089348,-125.16475945195522,1.0319163878953397,-216.10777723274043,-122.779881661195,1.034861805808687,1.2065752178895033,249.05521847972773,1.0369744099030496,winter,2020-01-19,POOL_FLAT
18,10,248,2,1.0337052574686612,0.10545033130657604,213.96889828853088,-125.20193609166546,1.0321843386671463,-215.83519584305287,-122.69732145347145,1.0337052574686612,1.218935574957962,249.05731084827457,1.0369833721442692,winter,2020-01-19,POOL_FLAT
18,11,249,2,1.033584608588098,0.10830299678472693,213.96931506260478,-125.20185186058873,1.0321856592638816,-215.80646639796575,-122.6892247109906,1.033584608588098,1.2193523490318496,249.05739507935127,1.0369837313373236,winter,2020-01-19,POOL_FLAT
18,12,264,3,1.036486640030773,0.06904582104475016,213.94709295741384,-125.21282642819656,1.0321288825386918,-216.13672145445102,-122.80532509686853,1.0350189183343912,1.1656724675281989,248.9382605430832,1.036486640030773,winter,2020-01-19,POOL_FLAT
18,13,276,2,1.0343790398190038,0.08975857168498887,213.57896401535336,-125.0112199734267,1.0303820563243153,-215.99107359132165,-122.75056643917476,1.0343790398190038,1.0202518791954354,248.74975855386495,1.0356991445320431,winter,2020-01-19,POOL_FLAT
18,14,289,1,1.0297089257655172,0.10346880647012338,213.4560785161871,-124.90111566288259,1.0297089257655172,-216.12055259482017,-122.78948927526147,1.0349278145181662,1.0074606637733587,248.755621137995,1.0357233366267011,winter,2020-01-19,POOL_FLAT
18,15,314,2,1.0343080068172292,0.090613067929407,213.57920990254482,-125.01117147492067,1.0303828378704785,-215.97411756002344,-122.74587325939096,1.0343080068172292,1.0204977663870523,248.7498070523707,1.035699350657421,winter,2020-01-19,POOL_FLAT
18,16,320,3,1.035507105437661,0.08024276025038526,213.5763649612136,-125.01486822062748,1.0303803903594853,-216.1026014237645,-122.78478729118223,1.034853158769986,1.0093920054785062,248.70367896867194,1.035507105437661,winter,2020-01-19,POOL_FLAT
18,17,327,3,1.035541817230107,0.08130577617194765,213.57640363136025,-125.01475215803501,1.0303802851989752,-216.102562753619,-122.78467122858946,1.034852780059629,1.011486105191511,248.7120075285511,1.035541817230107,winter,2020-01-19,POOL_FLAT
18,18,337,3,1.0319166205262709,0.1145302913047135,212.36069479241849,-124.3496720443945,1.0246130703547824,-215.9708536180816,-122.50643171414788,1.0338039534107715,0.5768116732148807,247.8427016605582,1.0319166205262709,winter,2020-01-19,POOL_FLAT
18,19,342,3,1.032266912255012,0.08556075509456432,212.80343099814922,-124.70781785391729,1.0269573453260776,-215.97703828439538,-122.6823418305241,1.0341879048260312,0.7346662481588525,247.92641664608274,1.032266912255012,winter,2020-01-19,POOL_FLAT
18,20,349,1,1.0253796264251052,0.11486085949425913,212.49936140916017,-124.47720974145099,1.0253796264251052,-215.9657265187607,-122.58590070856995,1.0339486784627712,0.6612688302602948,247.92386829102716,1.0322554416857186,winter,2020-01-19,POOL_FLAT
18,21,387,1,1.0272894855269992,0.09401496002382331,212.88355237069166,-124.7288731348114,1.0272894855269992,-215.99585342057793,-122.69472529267381,1.0342814869077894,0.7851293071675767,248.0988703454381,1.0329855780422441,winter,2020-01-19,POOL_FLAT
18,22,388,1,1.0252441210081706,0.11922811953817689,212.47534589394584,-124.4538174259398,1.0252441210081706,-215.96604259284214,-122.58554269161759,1.0339490871137744,0.6609527561786434,247.92422630798063,1.0322569288047436,winter,2020-01-19,POOL_FLAT
18,23,406,2,1.0335144128937301,0.13265587210443563,212.2595964339328,-124.23092301965688,1.0240000205458573,-215.93510736327858,-122.4284933411886,1.0335144128937301,0.5736874894720683,247.99370935680136,1.0325453218300003,winter,2020-01-19,POOL_FLAT
18,24,458,3,1.030220685896676,0.07420484468460016,212.60596625290742,-124.65896385657739,1.0261451967885415,-215.90823858473186,-122.67377620517846,1.0339212214889875,0.6188415352680027,247.43527330857273,1.030220685896676,winter,2020-01-19,POOL_FLAT
18,25,502,1,1.0191202250303768,0.22717385199796397,211.43122730418276,-123.32546914594832,1.0191202250303768,-215.99976676853754,-121.97899760612214,1.0328270544632483,0.34916280395125426,248.33960787880878,1.0339837584760931,winter,2020-01-19,POOL_FLAT
18,26,522,2,1.0324610515152497,0.09525324694486198,212.2998399204857,-124.44250795085604,1.0245898418696857,-215.60285549494432,-122.50134436590794,1.0324610515152497,0.6586058186789433,247.42388927833957,1.030173715078465,winter,2020-01-19,POOL_FLAT
18,27,539,3,1.0294433766295714,0.07388009033808883,212.53003131835763,-124.63904777227548,1.0258305219599417,-215.85686414673975,-122.66533921557506,1.0337178919458754,0.5860245407348456,247.24866032313486,1.0294433766295714,winter,2020-01-19,POOL_FLAT
18,28,556,3,1.0296984240387799,0.07495224536590078,212.53031397048485,-124.63819451811285,1.0258297399398182,-215.85658149461244,-122.66448596141238,1.0337151135469427,0.6013050076613378,247.30988051774798,1.0296984240387799,winter,2020-01-19,POOL_FLAT
18,29,562,1,1.018367259597586,0.24291360222917885,211.31124240980824,-123.17221949558359,1.018367259597586,-215.94877807348308,-121.90201743505624,1.032484607643137,0.33976010279298885,248.3812276245231,1.0341569913058435,winter,2020-01-19,POOL_FLAT
18,30,563,1,1.0190891754460363,0.22816982243659636,211.4256493285579,-123.32023101300858,1.0190891754460363,-215.99984039067618,-121.9789172224382,1.0328271568021934,0.3490891818116225,248.3396882624907,1.0339840927290131,winter,2020-01-19,POOL_FLAT
18,31,611,1,1.0181523085588222,0.24979975061901102,211.2730627804947,-123.13520170020732,1.0181523085588222,-215.9492807482433,-121.90145069336897,1.032485270266326,0.33925742803291775,248.3817943662099,1.0341593481192843,winter,2020-01-19,POOL_FLAT
18,32,614,3,1.0297828432248854,0.09678525437246968,212.21376961236038,-124.39065442255892,1.0241715017245723,-215.6053161928412,-122.47971135449637,1.03242546697625,0.6266252615978709,247.33009333037543,1.0297828432248854,winter,2020-01-19,POOL_FLAT
18,33,619,3,1.0339381941505292,0.21241421715572373,211.48819757331222,-123.29898738588103,1.0192695872324269,-215.83229499475854,-121.88243893034448,1.0320222068681961,0.3801450854674773,248.32861883712857,1.0339381941505292,winter,2020-01-19,POOL_FLAT
18,34,629,1,1.0197165559433767,0.22041115925155594,211.5260936671996,-123.44708169898018,1.0197165559433767,-216.01595305028113,-122.07366934761602,1.033079609503057,0.38402530296969695,248.27482626596816,1.0337142494048692,winter,2020-01-19,POOL_FLAT
18,35,639,2,1.0313433639861438,0.21212330100901655,211.5100124959387,-123.2935912023102,1.0193367400370705,-215.67071456701836,-121.83698721899115,1.0313433639861438,0.4094576653697737,248.3644130657864,1.0340874202456571,winter,2020-01-19,POOL_FLAT
18,36,676,2,1.0319619873694106,0.21559876788043378,211.47526585889773,-123.29648730794278,1.01921783021344,-215.82012533407965,-121.87457549563517,1.0319619873694106,0.3757400766293627,248.36784909506227,1.0341015045115753,winter,2020-01-19,POOL_FLAT
18,37,682,2,1.0319735032488864,0.21567154318662723,211.47522605442992,-123.29649523210128,1.0192177036588725,-215.82286980727227,-121.87534035432041,1.0319735032488864,0.37570027216152585,248.36784117090383,1.0341014712680088,winter,2020-01-19,POOL_FLAT
18,38,688,2,1.031850756888528,0.10002375425703565,212.10688760262948,-124.32528534743892,1.0236499495368492,-215.48313278080192,-122.41534200290205,1.031850756888528,0.6039665835770495,247.3106708303934,1.0297017415651861,winter,2020-01-19,POOL_FLAT
18,39,701,3,1.028835231326497,0.10269731660431898,211.9728949013258,-124.27270109900189,1.0230579373562316,-215.59908459983504,-122.43155974742353,1.03230389348999,0.5236315328390897,247.1027370583199,1.028835231326497,winter,2020-01-19,POOL_FLAT
18,40,702,2,1.032173825215967,0.1147767899417126,211.87542396219885,-124.21245353701524,1.0225809719773147,-215.5825504944579,-122.39741085056444,1.032173825215967,0.5186427118931928,247.17120063739532,1.0291202407322435,winter,2020-01-19,POOL_FLAT
18,41,755,2,1.031641125864733,0.11378698984023876,211.67821228723952,-124.12447198054603,1.0216873580975874,-215.45238624084664,-122.36753114563363,1.031641125864733,0.43577736917239673,246.91891245850422,1.0280691533062625,winter,2020-01-19,POOL_FLAT
18,42,778,3,1.0288405595773034,0.10277533000581267,211.97290075115285,-124.27268326793934,1.0230579208197221,-215.59907875001176,-122.4315419163604,1.0323038356500054,0.5239468725044061,247.10401611985165,1.0288405595773034,winter,2020-01-19,POOL_FLAT
18,43,780,3,1.0261709566740302,0.10746983740167025,211.59701913783732,-124.14934672453643,1.0214481628513261,-215.49560229032588,-122.43372367157038,1.0319337037175822,0.32250972433492775,246.46318146708177,1.0261709566740302,winter,2020-01-19,POOL_FLAT
18,44,785,2,1.0315763840906509,0.09115845580632027,212.27491115461848,-124.4209430262978,1.0244548937373676,-215.39686200822806,-122.43377742926424,1.0315763840906509,0.6577910272838978,247.40410804863285,1.030091345539939,winter,2020-01-19,POOL_FLAT
18,45,813,2,1.0315957307690589,0.1131080986348881,211.67836978188907,-124.1244417640459,1.02168786012344,-215.44152115851054,-122.36458441886248,1.0315957307690589,0.43593486382187496,246.91894267500456,1.0280692802724942,winter,2020-01-19,POOL_FLAT
18,46,817,1,1.0226924814629705,0.13247873792584838,211.93009380809644,-124.17214009108464,1.0226924814629705,-215.59727713295774,-122.43683787136706,1.032308201482682,0.5863976362584687,247.29449872481507,1.0296342317967353,winter,2020-01-19,POOL_FLAT
18,47,835,3,1.0257891955321135,0.10705208686373649,211.59659762588066,-124.1506243855478,1.0214493411937202,-215.49602380228214,-122.43500133258259,1.0319378574856084,0.29974993756607543,246.37151961311943,1.0257891955321135,winter,2020-01-19,POOL_FLAT
18,48,860,1,1.0226871787236032,0.13265285089003395,211.9291539875162,-124.17122478525725,1.0226871787236032,-215.59728950230087,-122.43682386256653,1.0323082174628488,0.5863852669139364,247.2945127336144,1.0296342900012596,winter,2020-01-19,POOL_FLAT
18,49,861,1,1.0226452746120955,0.13402885049192675,211.9217275151395,-124.16399114179991,1.0226452746120955,-215.5973872440449,-122.43671315228278,1.032308343709209,0.586287525169968,247.29462344389813,1.0296347499866025,winter,2020-01-19,POOL_FLAT
18,50,886,2,1.0306319826495391,0.10806136240961993,211.58324779841521,-124.03498961580591,1.0211578304694537,-215.21603522183017,-122.2928901602946,1.0306319826495391,0.4270100615399039,246.76957137307159,1.0274472963564647,winter,2020-01-19,POOL_FLAT
18,51,896,1,1.0205007944071562,0.16767857936362243,211.48951360934805,-123.88282134656782,1.0205007944071562,-215.59772137991547,-122.35896350474125,1.0321497337000156,0.45350623934589523,247.10659426707997,1.028850713827043,winter,2020-01-19,POOL_FLAT
18,52,898,1,1.0205423363978714,0.13687900369182007,211.4580921438347,-123.95617830435543,1.0205423363978714,-215.42736694533352,-122.35317904273577,1.0315210346062444,0.39106096815105273,246.76223317378526,1.0274164950896492,winter,2020-01-19,POOL_FLAT
18,53,899,2,1.0307340672484133,0.1093928371090457,211.5832477984152,-124.03498961580586,1.0211578304694535,-215.24043914826532,-122.2995711164684,1.0307340672484133,0.4270100615398987,246.76957137307156,1.0274472963564645,winter,2020-01-19,POOL_FLAT
18,54,900,1,1.0202191908801517,0.17697279366181076,211.43959770262165,-123.83422005550192,1.0202191908801517,-215.59837835608084,-122.35821964580963,1.0321505839739795,0.452849263180656,247.10733812601168,1.0288538059242494,winter,2020-01-19,POOL_FLAT
18,55,906,1,1.0204023541558782,0.14136926611463188,211.43373977213514,-123.93123935927554,1.0204023541558782,-215.42847604276903,-122.35191875378123,1.0315224585685157,0.38995187071573534,246.76349346274083,1.0274217350938266,winter,2020-01-19,POOL_FLAT
19,1,34,1,1.0443978205312734,0.03511350550884587,216.532054096835,-126.62984020339188,1.0443978205312734,-217.85748530735353,-124.20696657362781,1.0441322737117464,1.546949149141285,250.53450523660428,1.0431412599239032,winter,2020-01-19,POOL_FLAT
19,2,47,2,1.0422330549994083,0.03404637441448011,216.24210090329683,-126.4300124244249,1.0429356929116662,-217.4003925793038,-124.08766133405342,1.0422330549994083,1.4798264841400686,250.032760477691,1.0410505520018773,winter,2020-01-19,POOL_FLAT
19,3,70,1,1.0443676112719567,0.035281993034845624,216.52669690652468,-126.62462817431681,1.0443676112719567,-217.85755582123284,-124.20688679731052,1.044132364249788,1.5468786352649209,250.5345850129263,1.0431415902602377,winter,2020-01-19,POOL_FLAT
19,4,73,1,1.039346913553897,0.05898687217160926,215.535206600319,-125.9313104582196,1.039346913553897,-216.86855028964243,-123.9526446023934,1.040031417284559,1.3219807506650014,249.1852245753742,1.037518132670627,winter,2020-01-19,POOL_FLAT
19,5,74,1,1.0396088990544203,0.05625657053266031,215.58171615069043,-125.9764366002772,1.0396088990544203,-216.86793797694904,-123.95333544743741,1.0400306312318162,1.3225930633584126,249.18453373033026,1.03751526984813,winter,2020-01-19,POOL_FLAT
19,6,83,2,1.0422034222648882,0.03330488670783006,216.24220323014478,-126.42999155592432,1.042936016852693,-217.39333988564,-124.08566025325776,1.0422034222648882,1.4799288109878939,250.03278134619123,1.0410506414097136,winter,2020-01-19,POOL_FLAT
19,7,178,2,1.0366956480221607,0.05812323983842519,215.51689319117003,-126.00088511988318,1.0394272544738123,-216.03967930390257,-123.78800042275388,1.0366956480221607,1.309421850520201,248.58147912661292,1.0350041466795485,winter,2020-01-19,POOL_FLAT
19,8,208,3,1.0345205330911456,0.08479714126197606,215.51094974294244,-126.00471446474215,1.0394139389856933,-216.38678542842786,-123.88619723502532,1.0381529220019976,1.2828185729905675,248.46546308530125,1.0345205330911456,winter,2020-01-19,POOL_FLAT
19,9,225,1,1.0392028228013133,0.06726458592508723,215.47629128488163,-125.96353197066952,1.0392028228013133,-216.37511277092614,-123.87306667942258,1.0380835823550898,1.3140751333940064,248.57537990600775,1.034978854654736,winter,2020-01-19,POOL_FLAT
19,10,248,2,1.0375730589640308,0.06290668477744094,215.51794473053675,-125.9978130794283,1.0394245785058949,-216.2547116177672,-123.83657895807612,1.0375730589640308,1.3197155510796643,248.5760329792663,1.0349816981545297,winter,2020-01-19,POOL_FLAT
19,11,249,2,1.0375357331440298,0.06248054452949125,215.51807358946797,-125.99778661969192,1.0394249860730902,-216.2458311999911,-123.83404640137292,1.0375357331440298,1.3198444100108708,248.57605943900265,1.0349818111688147,winter,2020-01-19,POOL_FLAT
19,12,264,3,1.0345649148291602,0.08335101174348725,215.51099933842627,-126.00456612348654,1.0394138055057474,-216.38673583294656,-123.88604889377098,1.0381524359261314,1.285507015019606,248.47610883737335,1.0345649148291602,winter,2020-01-19,POOL_FLAT
19,13,276,2,1.037564842849348,0.07870649090598067,215.3071218692082,-125.95783906625988,1.03858284172204,-216.21399506686205,-123.90368603058192,1.037564842849348,1.2023027628099825,248.20272547379037,1.0334249394169677,winter,2020-01-19,POOL_FLAT
19,14,289,1,1.0382098154093184,0.08136125024014945,215.23918430375235,-125.8965399048638,1.0382098154093184,-216.31027889128518,-123.93183423711405,1.0379709402319797,1.192472622663686,248.21153084377116,1.0334614034416996,winter,2020-01-19,POOL_FLAT
19,15,314,2,1.0374935825718479,0.07749639324459302,215.3073682135583,-125.95778920721223,1.0385836222059435,-216.19701421811857,-123.89889519908677,1.0374935825718479,1.2025491071602452,248.20277533283766,1.0334251519757047,winter,2020-01-19,POOL_FLAT
19,16,320,3,1.033154251566549,0.09338423023314653,215.30446425560592,-125.96294868641162,1.0385840336588241,-216.29810422289893,-123.93200571986928,1.0379273126079522,1.1880997607003696,248.1377799336448,1.033154251566549,winter,2020-01-19,POOL_FLAT
19,17,327,3,1.0331887624001508,0.09226740568173421,215.30450278568358,-125.96283332379255,1.0385839295760353,-216.29806569282235,-123.93189035724986,1.0379269346240383,1.190187751449822,248.1460587558204,1.0331887624001508,winter,2020-01-19,POOL_FLAT
19,18,337,3,1.0291804800247908,0.12773345769267191,214.6406941841654,-125.75332425725851,1.035758084258617,-216.0062036202473,-123.87870339899803,1.036762542104215,0.9772789554256139,247.18428101020635,1.0291804800247908,winter,2020-01-19,POOL_FLAT
19,19,342,3,1.0296080791247995,0.13081465033689585,214.8588404641215,-125.92825550551122,1.0369099558299693,-216.08900763329754,-123.97335710533008,1.0372576863888359,1.0352219087306525,247.28674580672933,1.0296080791247995,winter,2020-01-19,POOL_FLAT
19,20,349,1,1.0359720106655579,0.12156292961645888,214.67486326353495,-125.79664246631691,1.0359720106655579,-216.03811784243334,-123.92579293702897,1.036975353095527,1.0093778288764002,247.2441460160788,1.029430267971578,winter,2020-01-19,POOL_FLAT
19,21,387,1,1.0371092109241893,0.11715108069777976,214.91351762833975,-125.92960643695335,1.0371092109241893,-216.11691001934545,-123.96766882778549,1.0373466714423263,1.0695603038955614,247.46150910173174,1.0303363223678783,winter,2020-01-19,POOL_FLAT
19,22,388,1,1.0359284178630035,0.12129245229790143,214.66713827298307,-125.78911631176673,1.0359284178630035,-216.03821951118422,-123.92567775180673,1.0369754816501817,1.009276160125142,247.24426120130204,1.029430745822844,winter,2020-01-19,POOL_FLAT
19,23,406,2,1.0365141083638105,0.11343041633072957,214.59929658703985,-125.69091525488113,1.035478021455592,-215.96430717302704,-123.83181777244778,1.0365141083638105,0.9887334899583625,247.27490376349934,1.029557982083786,winter,2020-01-19,POOL_FLAT
19,24,458,3,1.0270406295200851,0.1867793764221456,214.7369342330313,-125.95325709967112,1.0365247522035053,-216.00892014175122,-124.00916034879836,1.037042679130859,0.9202512894800293,246.6705519315606,1.0270406295200851,winter,2020-01-19,POOL_FLAT
19,25,502,1,1.0332607502367106,0.09228087011034629,214.25719967225044,-125.22107105951503,1.0332607502367106,-215.8318126583672,-123.55596779638591,1.0354644964341544,0.9487976365191617,247.4587644146554,1.0303228442311265,winter,2020-01-19,POOL_FLAT
19,26,522,2,1.0356407859225283,0.13829025033301012,214.56725385360357,-125.85155654548419,1.035701131458618,-215.68375246601946,-123.89927031139278,1.0356407859225283,1.0224323320746993,246.70963189076323,1.0272050160888893,winter,2020-01-19,POOL_FLAT
19,27,539,3,1.0265289416208618,0.19111450017980616,214.69092187733628,-125.95809033338674,1.036369691808554,-215.95490935246966,-124.01458359046852,1.0368589047102446,0.9140829563098314,246.54767799346087,1.0265289416208618,winter,2020-01-19,POOL_FLAT
19,28,556,3,1.0268148289965975,0.1818408894105797,214.69123998930525,-125.95713433069047,1.0363688199930252,-215.9545912405007,-124.01362758777216,1.0368557739455673,0.9313030998972914,246.61627781339706,1.0268148289965975,winter,2020-01-19,POOL_FLAT
19,29,562,1,1.032915181281746,0.08729752082950519,214.21283633593626,-125.1324790317778,1.032915181281746,-215.75373006060067,-123.50172575196629,1.0350701525022423,0.9671240186277524,247.48253734783975,1.0304221194548568,winter,2020-01-19,POOL_FLAT
19,30,563,1,1.0332439574181684,0.09236264784378859,214.2541789209256,-125.21824644144407,1.0332439574181684,-215.83185254137354,-123.55592443638031,1.0354645508553009,0.9487577535120568,247.45880777465902,1.030323024126134,winter,2020-01-19,POOL_FLAT
19,31,611,1,1.032870169444109,0.08767125301341135,214.20484888697234,-125.12471943685341,1.032870169444109,-215.75383520742545,-123.50160696953554,1.035070286754726,0.967018871803047,247.48265613026993,1.0304226123009674,winter,2020-01-19,POOL_FLAT
19,32,614,3,1.0268147966102454,0.14725379735884236,214.5077350397328,-125.82711400915669,1.0354358884885289,-215.70135162757936,-123.89880322338662,1.0357033561110094,0.9973416491262802,246.6160118098714,1.0268147966102454,winter,2020-01-19,POOL_FLAT
19,33,619,3,1.0303070475672347,0.08083238735688757,214.3309646327389,-125.19787620782854,1.033477209365525,-215.64208160462846,-123.47671140334654,1.0346149848677775,1.0098501637149193,247.45472875953737,1.0303070475672347,winter,2020-01-19,POOL_FLAT
19,34,629,1,1.0334548362909888,0.0979279515146675,214.27752485032434,-125.27867086006034,1.0334548362909888,-215.88498504734616,-123.61596959327375,1.0357807504051673,0.9461371108784917,247.42451812398176,1.030180215564375,winter,2020-01-19,POOL_FLAT
19,35,639,2,1.0340575178336526,0.0649863838968704,214.34881361562594,-125.1935034160778,1.0335321976383842,-215.50957485460214,-123.43866927581422,1.0340575178336526,1.0323232926382175,247.47767712586608,1.030402980274089,winter,2020-01-19,POOL_FLAT
19,36,676,2,1.0344569759084785,0.07239535245207314,214.32037368828304,-125.19700563298902,1.0334373051136412,-215.60575299237559,-123.46378302282426,1.0344569759084785,1.0045208724752936,247.47804503891822,1.0304040357352733,winter,2020-01-19,POOL_FLAT
19,37,682,2,1.0344557653140543,0.07236110302072074,214.32037786760856,-125.19700477488396,1.0334373183367114,-215.605464970378,-123.4637008886287,1.0344557653140543,1.004525051800906,247.47804589702335,1.0304040393786669,winter,2020-01-19,POOL_FLAT
19,38,688,2,1.035397281559403,0.13943405916810386,214.4289181741104,-125.79584790907276,1.035086967443799,-215.63284419696555,-123.87047936801119,1.035397281559403,0.9756560771548276,246.5779445967735,1.0266559406552338,winter,2020-01-19,POOL_FLAT
19,39,701,3,1.0258300607366253,0.16303455549618745,214.3416060777502,-125.78739863538634,1.0347556215901326,-215.71231184500704,-123.90417236490015,1.035754061101425,0.9132263135133373,246.37982440400478,1.0258300607366253,winter,2020-01-19,POOL_FLAT
19,40,702,2,1.0356051593541562,0.15090621939402823,214.28214796064077,-125.77013394880834,1.03450573288165,-215.67754731881672,-123.89289391809778,1.0356051593541562,0.91099774343927,246.40249994919506,1.0259244372704677,winter,2020-01-19,POOL_FLAT
19,41,755,2,1.0358268196987788,0.170424897752601,214.11781305672397,-125.77459800553173,1.0339251156648157,-215.70218725212564,-123.9568734111857,1.0358268196987788,0.8078746224520722,246.1029520070355,1.024675753483905,winter,2020-01-19,POOL_FLAT
19,42,778,3,1.0258659585088359,0.16188354873259314,214.34164601668715,-125.78727859247341,1.0347555120361407,-215.71227190607388,-123.90405232198647,1.0357536679634896,0.9153882123001327,246.3884382855707,1.0258659585088359,winter,2020-01-19,POOL_FLAT
19,43,780,3,1.0227792988826776,0.21841849891645906,214.0340994608688,-125.8177397219439,1.0337156122039224,-215.73854664146708,-124.0300233210666,1.0361098437927132,0.6841640638568796,245.64783912398286,1.0227792988826776,winter,2020-01-19,POOL_FLAT
19,44,785,2,1.0345684131628274,0.12152277753986716,214.5544328718955,-125.84000358223119,1.0356307501424722,-215.43037867061875,-123.82325586678184,1.0345684131628274,1.0255639017331202,246.6875718755548,1.027113222281033,winter,2020-01-19,POOL_FLAT
19,45,813,2,1.0357890666884038,0.16954353506374084,214.11794378504914,-125.77457195465135,1.033925530047256,-215.69317381803387,-123.9543596039976,1.0357890666884038,0.8080053507770346,246.10297805791595,1.0246758637352273,winter,2020-01-19,POOL_FLAT
19,46,817,1,1.0341565135996187,0.1408434442810614,214.25723726864928,-125.64684220234851,1.0341565135996187,-215.70794547658798,-123.88729486359178,1.0357032978315253,0.961140498129793,246.55896903873284,1.0265766975770063,winter,2020-01-19,POOL_FLAT
19,47,835,3,1.0223526410525838,0.23209218997284584,214.0336261534836,-125.81916693697754,1.0337169247283067,-215.73901994885185,-124.0314505361009,1.036114513968507,0.6585682423352496,245.5454350086112,1.0223526410525838,winter,2020-01-19,POOL_FLAT
19,48,860,1,1.034194489797824,0.14099588600994536,214.26396504919938,-125.65340040199807,1.034194489797824,-215.70785693598006,-123.88739523064868,1.0357031862788744,0.9612290387367324,246.5588686716748,1.0265762811306565,winter,2020-01-19,POOL_FLAT
19,49,861,1,1.034158511695857,0.14085120630327547,214.25759129444546,-125.64718717846921,1.034158511695857,-215.70794081731378,-123.88730014326342,1.0357032919572453,0.9611451574030281,246.55896375906008,1.0265766756704362,winter,2020-01-19,POOL_FLAT
19,50,886,2,1.0354412520153482,0.17284264540973546,213.99946603192345,-125.72973212897656,1.0334056360348784,-215.60413738816243,-123.94163011548427,1.0354412520153482,0.7545721059057733,245.92807417815254,1.0239469339517082,winter,2020-01-19,POOL_FLAT
19,51,896,1,1.0334790016855289,0.1569682863053496,214.07486264585455,-125.63613132496825,1.0334790016855289,-215.73288307020675,-123.91013261390788,1.0358406915308955,0.8551426290734804,246.3000168309295,1.0254969093571233,winter,2020-01-19,POOL_FLAT
19,52,898,1,1.0329415545192393,0.1793597639128844,213.9087229746779,-125.66414637492294,1.0329415545192393,-215.7136921463185,-123.97333071365638,1.0359024935150838,0.7355961857324836,245.92426226380024,1.023930823430752,winter,2020-01-19,POOL_FLAT
19,53,899,2,1.0354819280266008,0.17379929887748913,213.9994660319234,-125.7297321289766,1.0334056360348782,-215.61384920332995,-123.94433831217673,1.0354819280266008,0.7545721059057697,245.92807417815254,1.0239469339517082,winter,2020-01-19,POOL_FLAT
19,54,900,1,1.0333070860043474,0.1564451626990773,214.0444154143427,-125.60643373571783,1.0333070860043474,-215.73328375033208,-123.90967813990345,1.035841195709994,0.8547419489482234,246.300471304934,1.025498795795523,winter,2020-01-19,POOL_FLAT
19,55,906,1,1.0328256966007054,0.17895160438052374,213.88856031510818,-125.64353173714255,1.0328256966007054,-215.71458149371063,-123.97231887319982,1.0359036047612646,0.7347068383406087,245.92527410425743,1.0239350252252588,winter,2020-01-19,POOL_FLAT
20,1,34,1,1.0442875195635197,0.04386131169190373,216.54931985058468,-126.54781378956424,1.0442875195635197,-218.06787944298375,-124.63319049096354,1.0457728087114837,1.226744875836975,250.83783244178449,1.0443967931318423,winter,2020-01-19,POOL_FLAT
20,2,47,2,1.0444592502750625,0.04148943293199012,216.2400589963889,-126.35106680651228,1.0427624876897525,-217.76210374854173,-124.53238581320315,1.0444592502750625,1.1256109002786125,250.42841443879098,1.0426901897902954,winter,2020-01-19,POOL_FLAT
20,3,70,1,1.0442284008456781,0.04575426352954442,216.53883235255293,-126.53761794754324,1.0442284008456781,-218.06801749241913,-124.6330344232079,1.0457729853018383,1.2266068264045003,250.83798850954472,1.0443974401144287,winter,2020-01-19,POOL_FLAT
20,4,73,1,1.0393747188720799,0.07752706421761586,215.56017983695094,-125.90180018966477,1.0393747188720799,-217.4372410866029,-124.41567668472587,1.0430438963958826,0.922738621485358,249.7373277022351,1.0398093574912342,winter,2020-01-19,POOL_FLAT
20,5,74,1,1.0395273893983095,0.07305311033560716,215.58729990191915,-125.92807122629964,1.0395273893983095,-217.43688399713525,-124.41607891999766,1.0430434376822315,0.9230957109529705,249.73692546696333,1.0398076882568692,winter,2020-01-19,POOL_FLAT
20,6,83,2,1.0444905633998454,0.04219447683900088,216.23995084325716,-126.35108885923682,1.0427621452137454,-217.76955802938352,-124.53450055246289,1.0444905633998454,1.1255027471467962,250.42839238606607,1.0426900959489722,winter,2020-01-19,POOL_FLAT
20,7,178,2,1.0408006807940482,0.030396293346319856,215.4048325952947,-125.8707755800055,1.0387510785136136,-216.89145976164966,-124.28458583969872,1.0408006807940482,0.8518082492428115,249.24938490385907,1.0377767294332199,winter,2020-01-19,POOL_FLAT
20,8,208,3,1.0371394774701965,0.06960190998802777,215.39320010798184,-125.87402474971846,1.0387160875877555,-217.13322887605554,-124.35337943124124,1.0418165127579682,0.8152361208568171,249.09645266814468,1.0371394774701965,winter,2020-01-19,POOL_FLAT
20,9,225,1,1.038243233063699,0.07191810649757896,215.31043472583377,-125.79055892312542,1.038243233063699,-217.12734397501754,-124.33948559199128,1.0417665021903264,0.850911513058196,249.24391396752952,1.0377539381119005,winter,2020-01-19,POOL_FLAT
20,10,248,2,1.0414112451745992,0.05046309204397182,215.39119512668617,-125.86451837299278,1.0386889100991525,-217.04315479671388,-124.31479929826571,1.0414112451745992,0.8556713638036998,249.24363949924776,1.0377528631940196,winter,2020-01-19,POOL_FLAT
20,11,249,2,1.041334280092789,0.04808630761356114,215.39146082646505,-125.86446378892944,1.0386897505804014,-217.02484401604843,-124.30957551900178,1.041334280092789,0.8559370635825534,249.24369408331108,1.037753094256443,winter,2020-01-19,POOL_FLAT
20,12,264,3,1.037250799734473,0.06780115836406905,215.39332370704764,-125.87365242546902,1.038715749738548,-217.13310527699204,-124.35300710699289,1.0418152957827511,0.8219221834204535,249.12316796870854,1.037250799734473,winter,2020-01-19,POOL_FLAT
20,13,276,2,1.0412676216461318,0.061331821325530236,215.20613077164003,-125.79979539909276,1.0378876890373863,-216.98800329664542,-124.34167386585123,1.0412676216461318,0.7532209889973313,248.96503419223674,1.0365914952510287,winter,2020-01-19,POOL_FLAT
20,14,289,1,1.0376120121851715,0.07828180194897934,215.15510969718804,-125.75587603878623,1.0376120121851715,-217.0809877005943,-124.36986721757708,1.0416618945604292,0.7442973260232543,248.97090710338261,1.0366158357577848,winter,2020-01-19,POOL_FLAT
20,15,314,2,1.0412193995538903,0.059786149093213385,215.20629761477872,-125.79976195702918,1.0378882184877436,-216.9765008510261,-124.33845198963506,1.0412193995538903,0.7533878321361712,248.96506763429997,1.0365916365910894,winter,2020-01-19,POOL_FLAT
20,16,320,3,1.0363907215554555,0.07485032041839264,215.20392315301538,-125.80353997835071,1.0378876219545379,-217.06915089289873,-124.36789113937436,1.0416150420599781,0.742428957120367,248.91684502735896,1.0363907215554555,winter,2020-01-19,POOL_FLAT
20,17,327,3,1.036425257830447,0.07437029520152881,215.20396150331774,-125.80342446128522,1.0378875170736384,-217.0691125425972,-124.36777562230861,1.041614664412746,0.744503548128523,248.92513371156764,1.036425257830447,winter,2020-01-19,POOL_FLAT
20,18,337,3,1.033124966741534,0.11349663155575235,214.50545574462782,-125.52938602325078,1.0348010513842842,-216.91326436214317,-124.28874431428636,1.0408880589620064,0.49081785853128873,248.13310527552773,1.033124966741534,winter,2020-01-19,POOL_FLAT
20,19,342,3,1.0336127763188856,0.10530202446873849,214.72769462549226,-125.69851954905455,1.035955348014898,-216.96985466231172,-124.3738233915352,1.0412686234024466,0.5634043464596559,248.2501123694748,1.0336127763188856,winter,2020-01-19,POOL_FLAT
20,20,349,1,1.03505462509016,0.11027436635030513,214.55006234397706,-125.57374258995677,1.03505462509016,-216.9390821588723,-124.32846822033414,1.0410635585179304,0.5302589079850158,248.21900477227166,1.0334829535441719,winter,2020-01-19,POOL_FLAT
20,21,387,1,1.03617950709684,0.0977392515710788,214.7846601948157,-125.70777437084452,1.03617950709684,-216.98401202502183,-124.37282209820445,1.0413176897807372,0.5990110074109031,248.39327771857333,1.0342092025822518,winter,2020-01-19,POOL_FLAT
20,22,388,1,1.0349769983969113,0.11178193115257629,214.53630312661065,-125.560341195555,1.0349769983969113,-216.93926324813222,-124.32826311253841,1.0410637880548987,0.5300778187247959,248.21920988006855,1.033483805915284,winter,2020-01-19,POOL_FLAT
20,23,406,2,1.0405810892962886,0.10397819586190228,214.46400188319254,-125.46899359174189,1.0345250950570575,-216.85680627415573,-124.23897886773439,1.0405810892962886,0.5045573284476876,248.235222744481,1.0335502552275873,winter,2020-01-19,POOL_FLAT
20,24,458,3,1.031923452690009,0.13022804563572735,214.59398770923167,-125.69085038526188,1.0354588117600423,-216.92954534262944,-124.39088071072402,1.041158347638106,0.47266736099373885,247.84456309415665,1.031923452690009,winter,2020-01-19,POOL_FLAT
20,25,502,1,1.0322839969113857,0.12532954732529392,214.10170128656807,-125.02217402116315,1.0322839969113857,-216.81022931049685,-123.9932450136283,1.039904515818825,0.431590161698821,248.40140750152705,1.0342416054682506,winter,2020-01-19,POOL_FLAT
20,26,522,2,1.040331938810385,0.11322487791166187,214.36633265137297,-125.56067047405075,1.0343669823986632,-216.7541534548025,-124.29773807801348,1.040331938810385,0.48898272134937115,247.8266393461977,1.0318489575973897,winter,2020-01-19,POOL_FLAT
20,27,539,3,1.031273771934215,0.1394181448186432,214.53671017120723,-125.68537813946013,1.035241521251838,-216.90238095105062,-124.39459555928143,1.0410679286405002,0.44212635844339265,247.68858037165663,1.031273771934215,winter,2020-01-19,POOL_FLAT
20,28,556,3,1.0313363142228256,0.13792988199276252,214.536779356992,-125.68516886393799,1.0352413293513918,-216.90231176526578,-124.39438628375925,1.0410672452712815,0.44586438861981476,247.70359495914863,1.0313363142228256,winter,2020-01-19,POOL_FLAT
20,29,562,1,1.0314790683591992,0.13944747725219603,213.97047172307595,-124.8635010505125,1.0314790683591992,-216.76462941380478,-123.93472272124106,1.039618746767105,0.42860124160686336,248.43181296978028,1.03436817944373,winter,2020-01-19,POOL_FLAT
20,30,563,1,1.0323119950718944,0.12455126197845079,214.10662479652035,-125.02707788062966,1.0323119950718944,-216.810164626814,-123.99331994776065,1.0399044369228252,0.4316548453807186,248.40133256739276,1.0342412939421464,winter,2020-01-19,POOL_FLAT
20,31,611,1,1.031517418011764,0.13832779551069854,213.97727987053355,-124.8701091125944,1.031517418011764,-216.7645397850198,-123.93482388269919,1.0396186318623573,0.4286908703919882,248.43171180832155,1.0343677588940405,winter,2020-01-19,POOL_FLAT
20,32,614,3,1.0315492157930088,0.12006838305696581,214.30279940093598,-125.52845953066966,1.0340709465637126,-216.7610614728128,-124.28732747926144,1.040335328229089,0.462319119133199,247.75469909528303,1.0315492157930088,winter,2020-01-19,POOL_FLAT
20,33,619,3,1.034204217057453,0.11558967651913656,214.1169177820566,-124.97000102821715,1.032229191835517,-216.6736559344872,-123.91870123067126,1.039256820965414,0.46054145505950334,248.39237563396117,1.034204217057453,winter,2020-01-19,POOL_FLAT
20,34,629,1,1.0325881212117751,0.1258935949383704,214.14584015897418,-125.09143352537355,1.0325881212117751,-216.84166219564622,-124.05057376334425,1.0401366307220126,0.4412293499104943,248.36784587232773,1.0341019395468594,winter,2020-01-19,POOL_FLAT
20,35,639,2,1.0387735291211633,0.10363015100881039,214.1324386672529,-124.96603993970372,1.032276691282071,-216.55881385578462,-123.88569220579438,1.0387735291211633,0.48173082591624766,248.41932052373215,1.0343165714868816,winter,2020-01-19,POOL_FLAT
20,36,676,2,1.0391510606317145,0.11167455098191428,214.10801880771896,-124.9679852917376,1.0321929613806062,-216.65016333816138,-123.90861319405849,1.0391510606317145,0.45808893176956084,248.4221628579544,1.0343282195638412,winter,2020-01-19,POOL_FLAT
20,37,682,2,1.0391608671907429,0.11194895345414327,214.1079849488557,-124.96799222473015,1.032192854178809,-216.65249685239428,-123.90927727833646,1.0391608671907429,0.4580550729062247,248.42215592496197,1.0343281904378507,winter,2020-01-19,POOL_FLAT
20,38,688,2,1.039962149334559,0.11075172525637271,214.2233259298987,-125.48770834795545,1.0336996718281841,-216.68067196633837,-124.2473399370292,1.039962149334559,0.44060895871912625,247.73349944730043,1.0314607847102737,winter,2020-01-19,POOL_FLAT
20,39,701,3,1.0307504116281556,0.1344234495164859,214.14198486632975,-125.47520902694427,1.0333811505467219,-216.78025662489028,-124.28116665796588,1.0403919028360291,0.3816158255490861,247.56298136197853,1.0307504116281556,winter,2020-01-19,POOL_FLAT
20,40,702,2,1.0403214633520779,0.1290595920200484,214.08975732641588,-125.45695301629732,1.0331551059659958,-216.7656403707801,-124.27264617764123,1.0403214633520779,0.3806043675176245,247.59920510610044,1.030901225556457,winter,2020-01-19,POOL_FLAT
20,41,755,2,1.0404266615409417,0.1410963354685342,213.94954280800485,-125.44509103953318,1.0326264829626277,-216.77372588226035,-124.30933994263818,1.0404266615409417,0.2970188806939344,247.37889507078566,1.02998347073211,winter,2020-01-19,POOL_FLAT
20,42,778,3,1.0307653232831397,0.1341471854325494,214.14200124386298,-125.47515911815236,1.0333811043270602,-216.7802402473606,-124.28111674917326,1.040391740326824,0.38249873425174624,247.56656145086006,1.0307653232831397,winter,2020-01-19,POOL_FLAT
20,43,780,3,1.0285121397092876,0.16988553228111442,213.87507032474883,-125.47142476017883,1.0324144862394653,-216.81920110126194,-124.36597091652212,1.0407082124644114,0.19492265618523985,247.02561555734943,1.0285121397092876,winter,2020-01-19,POOL_FLAT
20,44,785,2,1.0396300417156732,0.09270589320749713,214.34837127329467,-125.54695254561449,1.0342735862479033,-216.58991547010163,-124.24525471047727,1.0396300417156732,0.48751921545851806,247.81057721396277,1.0317820696904532,winter,2020-01-19,POOL_FLAT
20,45,813,2,1.040390391722603,0.13990921390574812,213.94966847984836,-125.44506624542186,1.0326268821262032,-216.76505976613615,-124.30694080750258,1.040390391722603,0.2971445525373522,247.37891986489714,1.0299835745927672,winter,2020-01-19,POOL_FLAT
20,46,817,1,1.0326516461628723,0.14158738807067603,214.03132145239556,-125.31747292581092,1.0326516461628723,-216.7727618712786,-124.26620107774991,1.0403338408347411,0.42528972870687465,247.72080401657576,1.031407814830628,winter,2020-01-19,POOL_FLAT
20,47,835,3,1.0282635155689883,0.17545387553247324,213.87479617331078,-125.47225697790685,1.0324152550350187,-216.8194752526995,-124.36680313425097,1.0407109266283556,0.18012616519131178,246.96591279676102,1.0282635155689883,winter,2020-01-19,POOL_FLAT
20,48,860,1,1.0325361987394543,0.14410740859237242,214.01085478000118,-125.29755084127014,1.0325361987394543,-216.77303125261227,-124.26589615749191,1.0403341824886023,0.4250203473720852,247.72110893683248,1.0314090824648137,winter,2020-01-19,POOL_FLAT
20,49,861,1,1.0324305314267006,0.1464615897922109,213.99212162432826,-125.2793166614637,1.0324305314267006,-216.7732778180364,-124.26561707113126,1.0403344952239997,0.42477378194796384,247.72138802319313,1.0314102427016811,winter,2020-01-19,POOL_FLAT
20,50,886,2,1.0403270780360139,0.14677574309000618,213.83380362733553,-125.39738075914342,1.032110307796281,-216.749615882205,-124.30330381345016,1.0403270780360139,0.24092993376910743,247.25135838648336,1.0294522074102326,winter,2020-01-19,POOL_FLAT
20,51,896,1,1.032264514359669,0.1474044304185667,213.91260885508314,-125.33617995329695,1.032264514359669,-216.8033834829962,-124.27915784333476,1.0404712804590184,0.3348105996333493,247.52565631948485,1.0305947238536097,winter,2020-01-19,POOL_FLAT
20,52,898,1,1.0317197743321855,0.15956962933941538,213.75924536580885,-125.33909853689893,1.0317197743321855,-216.81165215238644,-124.32113472855657,1.0405880758119053,0.22903087940631187,247.24908827463557,1.0294427085297553,winter,2020-01-19,POOL_FLAT
20,53,899,2,1.0402933498143776,0.1456556923209178,213.83380362733556,-125.39738075914342,1.032110307796281,-216.7415575014174,-124.30107188375605,1.0402933498143776,0.24092993376910551,247.2513583864834,1.0294522074102326,winter,2020-01-19,POOL_FLAT
20,54,900,1,1.0321565489855395,0.14951833262859782,213.89347455311514,-125.31754275957636,1.0321565489855395,-216.80363531485057,-124.27887260239325,1.0404715994957572,0.33455876777911814,247.52594156042647,1.030595910059323,winter,2020-01-19,POOL_FLAT
20,55,906,1,1.031619197522765,0.16133157512068128,213.74173755399562,-125.32119986168004,1.031619197522765,-216.8124291511993,-124.32025125894666,1.0405890525296961,0.22825388059363033,247.24997174424638,1.0294463839361931,winter,2020-01-19,POOL_FLAT
21,1,34,1,1.0435752539909862,0.04534806474765401,216.37675215011993,-126.50404592571341,1.0435752539909862,-217.9049968605397,-124.20855331072967,1.0443074004063004,1.1684248588182877,251.07946398397766,1.045401676078596,winter,2020-01-19,POOL_FLAT
21,2,47,2,1.0424412762160171,0.055840967979537,216.05875518977817,-126.20330328328414,1.0418003505353257,-217.5001214018523,-124.01377040236105,1.0424412762160171,1.1067951509450897,250.7783713644461,1.044146901345704,winter,2020-01-19,POOL_FLAT
21,3,70,1,1.0435169419863977,0.04560163593709876,216.36641129464755,-126.49398451741145,1.0435169419863977,-217.90513297097235,-124.20839930971201,1.0443075752188282,1.1682887483884357,251.07961798500008,1.0454023146307478,winter,2020-01-19,POOL_FLAT
21,4,73,1,1.037890435085629,0.07106698172233501,215.34382282990677,-125.56525805466737,1.037890435085629,-217.02291595601272,-123.7430500926898,1.040156940156964,0.9655312073305776,250.26817866128192,1.0420202569640467,winter,2020-01-19,POOL_FLAT
21,5,74,1,1.0380876289521033,0.06700893401755335,215.37886495768817,-125.59918488557612,1.0380876289521033,-217.02245453730615,-123.74356956585665,1.0401563425580902,0.9659926260371535,250.2676591881151,1.0420181015236696,winter,2020-01-19,POOL_FLAT
21,6,83,2,1.0424340167342847,0.05602972820887969,216.0587801950058,-126.2032980446137,1.0418004294326502,-217.4983986960993,-124.01327166783621,1.0424340167342847,1.1068201561726982,250.7783766031162,1.0441469236166228,winter,2020-01-19,POOL_FLAT
21,7,178,2,1.0371672735520374,0.08839020032307056,215.22201095293258,-125.44797343324991,1.0372063397479085,-216.33474402066327,-123.50025048228724,1.0371672735520374,0.9487395145249639,249.90082140394293,1.0404904779134927,winter,2020-01-19,POOL_FLAT
21,8,208,3,1.0402771668139275,0.05369460122968612,215.22330358411315,-125.44682994290226,1.0372085919940968,-216.57952527058015,-123.56161896087275,1.0381790852408532,0.9423141175353865,249.84961277899242,1.0402771668139275,winter,2020-01-19,POOL_FLAT
21,9,225,1,1.0370099165855182,0.06305822759928331,215.19296500704456,-125.40412055685917,1.0370099165855182,-216.55676580169978,-123.54139558343202,1.0380550522985856,0.9648356387893711,249.90413985497293,1.0405045510452298,winter,2020-01-19,POOL_FLAT
21,10,248,2,1.0372137851011571,0.08175960120818547,215.23965259283867,-125.43834876625684,1.0372496215994873,-216.35877053446453,-123.48069236865933,1.0372137851011571,0.9745190678620421,249.9057093595084,1.0405112421987128,winter,2020-01-19,POOL_FLAT
21,11,249,2,1.0369407493203568,0.08954252055071128,215.2405954537993,-125.43815653850821,1.0372526103395026,-216.29378522973298,-123.46225812038278,1.0369407493203568,0.9754619288226756,249.905901587257,1.040512057864596,winter,2020-01-19,POOL_FLAT
21,12,264,3,1.04029350465585,0.05420699183311259,215.2233215628971,-125.44677529396928,1.0372085420861152,-216.57950729179856,-123.561564311941,1.038178907469048,0.9432840860372809,249.85353313230576,1.04029350465585,winter,2020-01-19,POOL_FLAT
21,13,276,2,1.0376838099836032,0.06069773368993076,214.96588743838456,-125.32134431992128,1.0360195321171952,-216.4574929229351,-123.53546274521828,1.0376838099836032,0.8332477489841006,249.64788422879965,1.0394356442403592,winter,2020-01-19,POOL_FLAT
21,14,289,1,1.0356637806948836,0.06044557729382401,214.8999979313098,-125.26471432766989,1.0356637806948836,-216.56072580219518,-123.56714299237454,1.0381224972990561,0.8231008768543134,249.65314041130534,1.0394573885277634,winter,2020-01-19,POOL_FLAT
21,15,314,2,1.0376016389580254,0.062461968449439145,214.96617150473122,-125.32128712405401,1.036020433956306,-216.43791027283774,-123.52995916421291,1.0376016389580254,0.8335318153309482,249.64794142466647,1.0394358863270616,winter,2020-01-19,POOL_FLAT
21,16,320,3,1.03925497988835,0.048293760647447476,214.96365127786333,-125.32481277795438,1.0360187621122159,-216.54660583840288,-123.56352684315779,1.038063973594703,0.8233469625420099,249.60452529151746,1.03925497988835,winter,2020-01-19,POOL_FLAT
21,17,327,3,1.0392808247424732,0.04913630297321676,214.9636800042109,-125.32472634103573,1.036018684178389,-216.54657711205635,-123.56344040623894,1.0380636913512065,0.8249014198874669,249.610727550962,1.0392808247424732,winter,2020-01-19,POOL_FLAT
21,18,337,3,1.0366192833800594,0.06184686866605641,214.1003319980095,-124.85195969358999,1.031921883071197,-216.40450697106763,-123.35697098619998,1.0371239794130263,0.5312067276209229,248.97228098943432,1.0366192833800594,winter,2020-01-19,POOL_FLAT
21,19,342,3,1.0368119412529773,0.042855028045602005,214.39289983126318,-125.10584510024893,1.0335067089176093,-216.4506285213747,-123.49302209843421,1.0375714091585886,0.6204281187414135,249.01834691090434,1.0368119412529773,winter,2020-01-19,POOL_FLAT
21,20,349,1,1.032337052111881,0.06570038624596662,214.17091656301818,-124.92885886118106,1.032337052111881,-216.42490215812802,-123.41812434502266,1.03732386007757,0.5769164527222449,249.02293173039783,1.0368305949398129,winter,2020-01-19,POOL_FLAT
21,21,387,1,1.0338060570933936,0.0497935203883483,214.46207205946448,-125.12995636404915,1.0338060570933936,-216.46464087909462,-123.5019793525027,1.0376405646960678,0.6592273254587238,249.15211770667747,1.0373693202725538,winter,2020-01-19,POOL_FLAT
21,22,388,1,1.0322889804323758,0.06717744078746068,214.1623886352274,-124.92056396029975,1.0322889804323758,-216.4250144088418,-123.4179973795276,1.0373240041994753,0.5768042020081569,249.02305869589395,1.036831122487215,winter,2020-01-19,POOL_FLAT
21,23,406,2,1.0368111324886269,0.07540181295261374,214.03910668206447,-124.77037561320351,1.031530571534632,-216.35277703759783,-123.29599001965985,1.0368111324886269,0.5359078407657953,249.0756845326374,1.037049853633859,winter,2020-01-19,POOL_FLAT
21,24,458,3,1.0350403606253393,0.03280910543964653,214.23729907226402,-125.06958977183909,1.0328710916989832,-216.40809208068194,-123.48977868256046,1.0374108914311546,0.5150051140366899,248.59309216283967,1.0350403606253393,winter,2020-01-19,POOL_FLAT
21,25,502,1,1.0285104708055939,0.13121279139093747,213.5450259741919,-124.17735939308886,1.0285104708055939,-216.3304708707929,-122.96415374201715,1.0360470037765412,0.4181567944811813,249.32726795266163,1.0380964018175698,winter,2020-01-19,POOL_FLAT
21,26,522,2,1.0364214128733658,0.053626894886754074,213.976044135884,-124.89011004131753,1.0315549496181475,-216.2105169424433,-123.35651215017269,1.0364214128733658,0.5389825105915778,248.65748312815742,1.0353086688008848,winter,2020-01-19,POOL_FLAT
21,27,539,3,1.034773267829268,0.034650381424305834,214.17410566540207,-125.04875711712876,1.0326001381881178,-216.3770396960235,-123.48081679947632,1.0372801057429994,0.5038190683300937,248.5289652166372,1.034773267829268,winter,2020-01-19,POOL_FLAT
21,28,556,3,1.0350323338966365,0.0352613130281826,214.17439249804474,-125.04789032218034,1.0325993498323531,-216.37675286338066,-123.47995000452784,1.0372772797387941,0.5193206759923682,248.5911553393798,1.0350323338966365,winter,2020-01-19,POOL_FLAT
21,29,562,1,1.027226331041263,0.16250145329124713,213.33065667414795,-123.93242031609859,1.027226331041263,-216.2930082506936,-122.8782873995647,1.0357347591409323,0.40081565761671045,249.3848873941423,1.0383361862927452,winter,2020-01-19,POOL_FLAT
21,30,563,1,1.0285346857114017,0.13048411553005393,213.54929167791104,-124.18159324587589,1.0285346857114017,-216.33041481329715,-122.96421845396462,1.036046934008101,0.41821285197598845,249.32720324071227,1.0380961327758031,winter,2020-01-19,POOL_FLAT
21,31,611,1,1.0269569709277764,0.1707906469553976,213.28274478633023,-123.88610291672839,1.0269569709277764,-216.29363920706618,-122.87757813029307,1.03573558459381,0.40018470124436967,249.38559666341334,1.0383391351720046,winter,2020-01-19,POOL_FLAT
21,32,614,3,1.0350775484834585,0.05639640007774573,213.90058330181154,-124.84847090310045,1.0311962081157642,-216.23429474998812,-123.34462144003105,1.0364828727574473,0.5099569767785325,248.60203428317283,1.0350775484834585,winter,2020-01-19,POOL_FLAT
21,33,619,3,1.0382171935582587,0.13446950750737235,213.51537708365245,-124.06418634084888,1.028166943507995,-216.184862066377,-122.85585940952016,1.0352971349888769,0.44268053817604547,249.35623714645482,1.0382171935582587,winter,2020-01-19,POOL_FLAT
21,34,629,1,1.028853808694465,0.12833013649971145,213.59419460612818,-124.25683879594325,1.028853808694465,-216.35847209922179,-123.04076388158639,1.0363060062868612,0.43648112150718676,249.27453488741665,1.0378769743853036,winter,2020-01-19,POOL_FLAT
21,35,639,2,1.0346863435219769,0.13697572548007814,213.53493037229973,-124.05951104977713,1.0282275568696222,-216.0395425413968,-122.81465564069076,1.0346863435219769,0.46672761999161777,249.3791079697402,1.038312600551296,winter,2020-01-19,POOL_FLAT
21,36,676,2,1.03523934078731,0.13712100118991064,213.50323395821422,-124.06367335823413,1.0281221557162408,-216.17229832870566,-122.84987300620882,1.03523934078731,0.43564836961606135,249.37873602070607,1.0383108177948503,winter,2020-01-19,POOL_FLAT
21,37,682,2,1.035241968974797,0.1371217090458952,213.50322487887502,-124.06367519141094,1.0281221268660006,-216.17292420327655,-122.85004926749046,1.035241968974797,0.435639290276876,249.3787341875293,1.038310810096239,winter,2020-01-19,POOL_FLAT
21,38,688,2,1.036186792282922,0.059879467897513576,213.80503171164497,-124.79864241008993,1.0307480348784985,-216.1748856751072,-123.30524929711491,1.036186792282922,0.47738331338018025,248.57228963271317,1.0349534350529288,winter,2020-01-19,POOL_FLAT
21,39,701,3,1.0343035315251516,0.06290182668896531,213.68411630312866,-124.75616026602007,1.0302240819182042,-216.28208591996764,-123.32189470694543,1.0366088441545616,0.40216652480551696,248.416330159735,1.0343035315251516,winter,2020-01-19,POOL_FLAT
21,40,702,2,1.0365292772364345,0.07209090040106425,213.5931310026017,-124.70888823012267,1.0297976965609192,-216.27430111157653,-123.2969655009057,1.0365292772364345,0.38449792600963695,248.46273934089916,1.0344966433235017,winter,2020-01-19,POOL_FLAT
21,41,755,2,1.0368548844510663,0.08123681757215437,213.3798333792828,-124.65102443203504,1.028909319015977,-216.34789216751486,-123.325781798772,1.0368548844510663,0.26256795672993866,248.25044198009715,1.0336120649419662,winter,2020-01-19,POOL_FLAT
21,42,778,3,1.034334209860248,0.0633376611261246,213.6841500425583,-124.75605759223022,1.0302239876945254,-216.28205218054157,-123.32179203315481,1.036608510373353,0.4039861670633765,248.42369546928663,1.034334209860248,winter,2020-01-19,POOL_FLAT
21,43,780,3,1.032060616245821,0.08351326373329461,213.29563554644724,-124.67925131748989,1.0286659382197552,-216.39960955334075,-123.38650189116234,1.0371671609325583,0.15011293814001117,247.87791198395638,1.032060616245821,winter,2020-01-19,POOL_FLAT
21,44,785,2,1.035619673109203,0.055111896889308974,213.95470560911966,-124.87262643961347,1.031441524090817,-216.0236124884475,-123.29552514800143,1.035619673109203,0.5367439400719171,248.64365854883525,1.0352510889814683,winter,2020-01-19,POOL_FLAT
21,45,813,2,1.0368292817607785,0.08073036320051469,213.3799222122318,-124.65100732100147,1.0289096024432727,-216.3417642073544,-123.32411498844311,1.0368292817607785,0.26265678967886064,248.2504590911308,1.0336121365764075,winter,2020-01-19,POOL_FLAT
21,46,817,1,1.0300205873263535,0.0832609211905802,213.66928204952478,-124.68462012211641,1.0300205873263535,-216.25794932696505,-123.32070603888964,1.0365190933234876,0.46106338696956756,248.5596269139449,1.0349005845884993,winter,2020-01-19,POOL_FLAT
21,47,835,3,1.0317877010488532,0.08500210769806696,213.29533482424182,-124.6801649038921,1.0286667768424038,-216.3999102755458,-123.38741547756538,1.0371701327290987,0.13388612002660227,247.81237312252645,1.0317877010488532,winter,2020-01-19,POOL_FLAT
21,48,860,1,1.0300674580214153,0.08173450524691343,213.67760287982827,-124.69269658073614,1.0300674580214153,-216.25783978399699,-123.3208296795383,1.0365189521326992,0.46117292993636066,248.55950327329475,1.0349000706473148,winter,2020-01-19,POOL_FLAT
21,49,861,1,1.0300028842847975,0.08383754941734786,213.6661392497828,-124.68156967499809,1.0300028842847975,-216.25799070169032,-123.32065934023606,1.0365191466534796,0.46102201224308587,248.55967361259698,1.03490077870238,winter,2020-01-19,POOL_FLAT
21,50,886,2,1.0369121953344673,0.08700725822258118,213.24155083786414,-124.60249587094694,1.0283102681465839,-216.36105803841573,-123.3304801527278,1.0369121953344673,0.18845711726160366,248.1131754115762,1.0330402639591931,winter,2020-01-19,POOL_FLAT
21,51,896,1,1.0279451557460138,0.12141151560946867,213.2406883568996,-124.43006758041616,1.0279451557460138,-216.3568353785721,-123.28540002072745,1.0368039829009723,0.30876360399852526,248.40845931816824,1.0342702041700498,winter,2020-01-19,POOL_FLAT
21,52,898,1,1.02793422531061,0.10164514473419918,213.17108750956862,-124.54406470790836,1.02793422531061,-216.40438308868085,-123.34238177449349,1.0370934511409773,0.17969303270638126,248.11192767256452,1.0330350418228695,winter,2020-01-19,POOL_FLAT
21,53,899,2,1.036877900281497,0.08624194582770967,213.24155083786408,-124.60249587094688,1.0283102681465837,-216.35285608019765,-123.32823607140647,1.036877900281497,0.1884571172615985,248.11317541157618,1.0330402639591931,winter,2020-01-19,POOL_FLAT
21,54,900,1,1.0279003454042017,0.12288099680055382,213.23273288831214,-124.42234670651575,1.0279003454042017,-216.3569401126068,-123.2852818225903,1.0368041181300351,0.30865886996391567,248.40857751630548,1.0342706957555772,winter,2020-01-19,POOL_FLAT
21,55,906,1,1.0277667781022388,0.10695542121037808,213.14156616658428,-124.51486999618412,1.0277667781022388,-216.40508753497284,-123.34158304504527,1.0370943525792216,0.17898858641453916,248.11272640201346,1.0330383652788442,winter,2020-01-19,POOL_FLAT
22,1,34,1,1.043492567136354,0.08157749926294862,216.3596669680923,-126.49392112190428,1.043492567136354,-217.6670954888055,-123.716993019014,1.0424341317712484,1.2602337524527703,251.14077946170326,1.045658813710272,winter,2020-01-19,POOL_FLAT
22,2,47,2,1.0397064286987214,0.10695879627481324,216.08301994560034,-126.14289888625517,1.0417607717916486,-217.06918759044612,-123.44312458093269,1.0397064286987214,1.2609678295069235,250.8789929965872,1.04456887295308,winter,2020-01-19,POOL_FLAT
22,3,70,1,1.0434241788528715,0.08025464194528133,216.34753986627211,-126.48211998796081,1.0434241788528715,-217.66725510864387,-123.7168123914919,1.0424343379357084,1.2600741326171339,251.14096008922988,1.04565956242394,winter,2020-01-19,POOL_FLAT
22,4,73,1,1.0381345146088647,0.10320069890258517,215.45980035454193,-125.48267022411784,1.0381345146088647,-216.44891527063527,-123.09286241919784,1.0367405753616403,1.1909102956125412,250.42662589235167,1.0426840005726365,winter,2020-01-19,POOL_FLAT
22,5,74,1,1.0382426919701577,0.10409209412730235,215.4790380744648,-125.50126434754773,1.0382426919701577,-216.44866192359186,-123.09314715913811,1.0367402444986735,1.1911636426559438,250.4263411524114,1.0426828200642375,winter,2020-01-19,POOL_FLAT
22,6,83,2,1.039666878587587,0.10824397059885933,216.0831564093309,-126.14287092542327,1.0417612037865538,-217.05978276250602,-123.4404467942053,1.039666878587587,1.2611042932373975,250.8790209574188,1.044568992224766,winter,2020-01-19,POOL_FLAT
22,7,178,2,1.0330607251404866,0.16192745310363132,215.2579701594033,-125.21626124696822,1.036850260702367,-215.6232169150542,-122.75687473984252,1.0330607251404866,1.2014159801657474,250.12031722072786,1.0414088824110586,winter,2020-01-19,POOL_FLAT
22,8,208,3,1.0412456101490337,0.11905518728922891,215.25627434005105,-125.213457317924,1.0368382874152502,-215.9068723942954,-122.82740194761651,1.0342324092154687,1.1957906418808324,250.08112937140393,1.0412456101490337,winter,2020-01-19,POOL_FLAT
22,9,225,1,1.0365197021451116,0.1211871983471841,215.20388668449866,-125.15133697330089,1.0365197021451116,-215.88575477823903,-122.80642380101905,1.0341127965037245,1.2144684945982607,250.12676238451553,1.0414359795276984,winter,2020-01-19,POOL_FLAT
22,10,248,2,1.03328710758408,0.14991149732510572,215.26938083149113,-125.20391114655872,1.0368654742683685,-215.69117547493462,-122.74739556170773,1.03328710758408,1.224235509982658,250.1280015346225,1.0414413370118096,winter,2020-01-19,POOL_FLAT
22,11,249,2,1.0330176745397042,0.1586435497152107,215.27031148472767,-125.20372260323646,1.0368684291133656,-215.62702525711907,-122.72928368006232,1.0330176745397042,1.2251661632191873,250.12819007794477,1.0414421409904904,winter,2020-01-19,POOL_FLAT
22,12,264,3,1.0412691852312215,0.11953342320354081,215.2563001727692,-125.21337847195825,1.0368382153220903,-215.90684656157967,-122.82732310165198,1.034232153400958,1.1971826254435929,250.08678498578462,1.0412691852312215,winter,2020-01-19,POOL_FLAT
22,13,276,2,1.0329631753549993,0.13825878709075423,215.00129109336316,-125.03958317256168,1.035556605119451,-215.6156862402221,-122.72274403265911,1.0329631753549993,1.112249189583046,249.89335066467436,1.040462180448614,winter,2020-01-19,POOL_FLAT
22,14,289,1,1.035238604658074,0.11056139360170147,214.93799574094575,-124.99649566582013,1.035238604658074,-215.82956021388048,-122.79194549981189,1.033879623221318,1.0917521737609612,249.89879005346617,1.0404844512424196,winter,2020-01-19,POOL_FLAT
22,15,314,2,1.032708005430956,0.1464574261453825,215.00217266922067,-125.03940497815782,1.0355594050654415,-215.5549167966389,-122.70561570387062,1.032708005430956,1.1131307654407434,249.89352885907786,1.040462938711953,winter,2020-01-19,POOL_FLAT
22,16,320,3,1.0402157295776846,0.10864501637723854,214.99729722932594,-125.04466512099698,1.0355528683589479,-215.7985427925468,-122.77842723366314,1.0337395419420634,1.0979834104415878,249.8342211751644,1.0402157295776846,winter,2020-01-19,POOL_FLAT
22,17,327,3,1.0402338778374531,0.10903450325216854,214.9973174673002,-125.04460444710156,1.0355528141902104,-215.79852255457362,-122.77836655976752,1.0337393437792153,1.0990797104066703,249.83857520437277,1.0402338778374531,winter,2020-01-19,POOL_FLAT
22,18,337,3,1.0382863738247596,0.10207460859912197,214.07175969461164,-124.41032471592565,1.0308939608177432,-215.53145190182138,-122.43694507594923,1.0320701106135257,0.843801057231834,249.37181806473544,1.0382863738247596,winter,2020-01-19,POOL_FLAT
22,19,342,3,1.0381514371575338,0.08502444228937815,214.31485957922052,-124.70555727460403,1.0323868720968667,-215.71759365818914,-122.63734604839004,1.0331561765338857,0.8627774532350345,249.3393441581578,1.0381514371575338,winter,2020-01-19,POOL_FLAT
22,20,349,1,1.031160927579256,0.09916826811475314,214.09799241565668,-124.4927814008685,1.031160927579256,-215.63166950939998,-122.52556457864635,1.032615177531706,0.8451018830936918,249.3807733028126,1.0383236778342013,winter,2020-01-19,POOL_FLAT
22,21,387,1,1.0327702509109986,0.0947858515904741,214.39794306815062,-124.74585644714365,1.0327702509109986,-215.73237641328615,-122.65676293343799,1.033249639155412,0.9059361056316756,249.4686907588819,1.0386906163365033,winter,2020-01-19,POOL_FLAT
22,22,388,1,1.0310268873836899,0.09993926119642518,214.07417839618552,-124.46969096487726,1.0310268873836899,-215.63198304470566,-122.52521106575479,1.0326155853746946,0.8447883477877692,249.38112681570544,1.038325145283266,winter,2020-01-19,POOL_FLAT
22,23,406,2,1.0315354890307549,0.11927231975232357,214.03427051356445,-124.32675137076826,1.0305841891519179,-215.42655558330802,-122.36163693747986,1.0315354890307549,0.8655038248012562,249.45691763705813,1.0386410005675877,winter,2020-01-19,POOL_FLAT
22,24,458,3,1.0370247516908497,0.06660777697186601,214.1077834210183,-124.62721593805311,1.0314776331769329,-215.7027453881743,-122.61381266397925,1.033054008289033,0.767084802597732,249.0690508966537,1.0370247516908497,winter,2020-01-19,POOL_FLAT
22,25,502,1,1.0281664322026725,0.16677534228901397,213.71683952860215,-123.71657299779321,1.0281664322026725,-215.04952411416897,-121.92748199718872,1.0292780423929935,0.9114310124390888,249.74083960765495,1.0398238066193768,winter,2020-01-19,POOL_FLAT
22,26,522,2,1.0324714916613846,0.08642859571581145,213.66870613465423,-124.38102342147273,1.029382007140789,-215.61849872254024,-122.47888499441825,1.0324714916613846,0.658267549959205,248.98671482307455,1.036680643366733,winter,2020-01-19,POOL_FLAT
22,27,539,3,1.0360738362074184,0.04719342606584829,214.0043541834992,-124.59547763673328,1.0310389833950486,-215.70477475329918,-122.61013646661671,1.0330537900698633,0.6940398407901882,248.84087555738074,1.0360738362074184,winter,2020-01-19,POOL_FLAT
22,28,556,3,1.0363891079011445,0.05509951969441686,214.00470405166934,-124.59442305466824,1.031038033055129,-215.70442488512904,-122.60908188455164,1.0330503538665217,0.7129624193941168,248.9165436058726,1.0363891079011445,winter,2020-01-19,POOL_FLAT
22,29,562,1,1.0268501030886743,0.19142159587636118,213.51815631740251,-123.42864952521477,1.0268501030886743,-214.90512281250878,-121.80285310686472,1.0284991116595779,0.9397247917027668,249.8149042106088,1.0401326152034251,winter,2020-01-19,POOL_FLAT
22,30,563,1,1.0281749800963393,0.16669773938732305,213.71833311897782,-123.7180907496104,1.0281749800963393,-215.04950452407496,-121.9275051570097,1.029278018998654,0.911450602532233,249.74081644783186,1.039823710489831,winter,2020-01-19,POOL_FLAT
22,31,611,1,1.0266261450109593,0.19468402964966514,213.47823769056018,-123.39022479840088,1.0266261450109593,-214.90564868208418,-121.80226451660525,1.0284998081178278,0.9391989221274608,249.8154928008678,1.0401350575970456,winter,2020-01-19,POOL_FLAT
22,32,614,3,1.0364594820354869,0.07931272008160825,213.55309984287558,-124.32298209102944,1.0288444435911008,-215.70584253697092,-122.47596824042091,1.0327817203601781,0.6078682534502515,248.93372478628487,1.0364594820354869,winter,2020-01-19,POOL_FLAT
22,33,619,3,1.0400788600437807,0.1901719419191555,213.7796867422834,-123.56190337196534,1.028070495504495,-214.662089993808,-121.73939106665952,1.0274885359265122,1.0426768294577007,249.80158481955164,1.0400788600437807,winter,2020-01-19,POOL_FLAT
22,34,629,1,1.0284358503539814,0.15605099156464805,213.7344428118039,-123.8153000362926,1.0284358503539814,-215.17000212519415,-122.03454976952989,1.0299342833204055,0.889098562318152,249.67651377179862,1.0395556471345166,winter,2020-01-19,POOL_FLAT
22,35,639,2,1.0259924168588654,0.22619463491038636,213.82739172670904,-123.55117332754487,1.0282201143082812,-214.30597724544467,-121.63887722874924,1.0259924168588654,1.0946195243307404,249.82927502705493,1.0401950746152686,winter,2020-01-19,POOL_FLAT
22,36,676,2,1.0275522796449217,0.1947927092338946,213.74764544060255,-123.56591224655791,1.0279633495802543,-214.67787117532302,-121.74259891288408,1.0275522796449217,1.0154585114877497,249.8180699343191,1.0401470297854007,winter,2020-01-19,POOL_FLAT
22,37,682,2,1.0275352956659516,0.19520917126280893,213.7477041240989,-123.56590045313202,1.0279635365362756,-214.67382559987124,-121.74146352420313,1.0275352956659516,1.0155171949840667,249.8180817277453,1.040147079881098,winter,2020-01-19,POOL_FLAT
22,38,688,2,1.0326834774914089,0.08473679957537693,213.41415040571448,-124.25383486091981,1.0281996227851125,-215.69852053067643,-122.44107233297025,1.0326834774914089,0.5508981546398474,248.89319829984134,1.0362901949600967,winter,2020-01-19,POOL_FLAT
22,39,701,3,1.0355010620795897,0.06711021787600457,213.2534295935273,-124.1960554803458,1.027500288757412,-215.80670210969822,-122.45091639416242,1.0330954406360349,0.4496325007990339,248.70386940045466,1.0355010620795897,winter,2020-01-19,POOL_FLAT
22,40,702,2,1.0331174575181283,0.0848337188788623,213.13313086762423,-124.13333462230591,1.0269360434126393,-215.82738662453588,-122.42517298412085,1.0331174575181283,0.4226087736440671,248.7713947036872,1.0357820116197551,winter,2020-01-19,POOL_FLAT
22,41,755,2,1.0336116623958524,0.08750089920412359,212.8021258457381,-123.99744783203126,1.0254604143796529,-215.96157900690716,-122.42916023183666,1.0336116623958524,0.24223700966602357,248.56268718129797,1.0349120372798803,winter,2020-01-19,POOL_FLAT
22,42,778,3,1.0354820332751888,0.0664976018229067,213.25340810212512,-124.1961191191746,1.0275003447804152,-215.8067236011041,-122.45098003299054,1.033095649222946,0.4484641154591019,248.69930120790457,1.0354820332751888,winter,2020-01-19,POOL_FLAT
22,43,780,3,1.0332727671769346,0.06829770002909884,212.63761187067007,-123.9676978567093,1.0248062541316934,-216.04093265002854,-122.46680187973904,1.0339763764159005,0.08570810747442534,248.16907427462883,1.0332727671769346,winter,2020-01-19,POOL_FLAT
22,44,785,2,1.0322526872948152,0.09136548823426699,213.6283507285146,-124.35810942805034,1.0291887988878414,-215.5717571913853,-122.45477214380522,1.0322526872948152,0.6436239226345805,248.9707887143241,1.0366141745038548,winter,2020-01-19,POOL_FLAT
22,45,813,2,1.0335974188140329,0.08749885927881629,212.8021753636922,-123.99743858879461,1.0254605731412683,-215.95816155442222,-122.428251750469,1.0335974188140329,0.2422865276200474,248.5626964245345,1.0349120759657966,winter,2020-01-19,POOL_FLAT
22,46,817,1,1.0270202285984364,0.10290343723319428,213.19605905579203,-124.06543099167673,1.0270202285984364,-215.76561270767274,-122.44730781043651,1.0329392332195644,0.5281772510269174,248.88042619176275,1.0362368122698888,winter,2020-01-19,POOL_FLAT
22,47,835,3,1.0329613957421906,0.06383732781641242,212.6372690801817,-123.96874026885791,1.024807207098447,-216.04127544051667,-122.46784429188835,1.033979758376022,0.06721670949167471,248.09429549042397,1.0329613957421906,winter,2020-01-19,POOL_FLAT
22,48,860,1,1.0271859369224159,0.09889176043469186,213.22551107915905,-124.0939491771903,1.0271859369224159,-215.7652249006963,-122.4477444648118,1.0329387262485317,0.5285650580021004,248.8799895373861,1.036234997654873,winter,2020-01-19,POOL_FLAT
22,49,861,1,1.027074535257842,0.10157400416038262,213.20571151854497,-124.07477663887744,1.027074535257842,-215.7654856088828,-122.44745090656127,1.03293906704147,0.528304349815657,248.8802830956366,1.0362362176017157,winter,2020-01-19,POOL_FLAT
22,50,886,2,1.033788528027259,0.10244584010208695,212.49547280164438,-123.81024766171168,1.0239648486140631,-216.0419372578874,-122.37351424185958,1.033788528027259,0.094112120702083,248.46904152784248,1.034521718521817,winter,2020-01-19,POOL_FLAT
22,51,896,1,1.0249534551470538,0.12020154843635945,212.75201084514666,-123.84155676172924,1.0249534551470538,-215.9222311300767,-122.40323281172267,1.033415904793993,0.3258613934083819,248.71631372272347,1.0355520715750348,winter,2020-01-19,POOL_FLAT
22,52,898,1,1.0232355340895651,0.12590302570992146,212.3624767609827,-123.69055983671402,1.0232355340895651,-216.0833705067204,-122.38338956893007,1.0339588971708826,0.08493768252364517,248.46900886650195,1.0345215687704359,winter,2020-01-19,POOL_FLAT
22,53,899,2,1.0337561703580804,0.10226302239059203,212.49547280164433,-123.81024766171163,1.0239648486140627,-216.03419093982518,-122.37142143786498,1.0337561703580804,0.09411212070208108,248.4690415278425,1.0345217185218172,winter,2020-01-19,POOL_FLAT
22,54,900,1,1.0249535675083623,0.12019822592376628,212.75203081377663,-123.8415761007274,1.0249535675083623,-215.92223086714532,-122.40323310782668,1.0334159044496274,0.32586165633983194,248.71631342661956,1.035552070343617,winter,2020-01-19,POOL_FLAT
22,55,906,1,1.022764400836482,0.14097597524883496,212.2788747942086,-123.60926472207677,1.022764400836482,-216.08466400277084,-122.38192883246525,1.033960586099901,0.08364418647331877,248.47046960296765,1.0345276488415787,winter,2020-01-19,POOL_FLAT
23,1,34,1,1.046025872477626,0.03317711014088429,217.1060083240418,-126.42210876697861,1.046025872477626,-217.8797912022712,-124.48283327017742,1.044782273028701,1.0488478389483833,251.20085364286084,1.0459048893638434,winter,2020-01-19,POOL_FLAT
23,2,47,2,1.04290286009706,0.048070454102226295,216.95307515833775,-126.25447346763158,1.0451244324215894,-217.44155168510989,-124.33991847339463,1.04290286009706,1.052510913314806,250.9162859520293,1.044720142175219,winter,2020-01-19,POOL_FLAT
23,3,70,1,1.0459633957099383,0.03115762684070445,217.09491734343987,-126.41133566298626,1.0459633957099383,-217.8799372056033,-124.48266835587113,1.0447824602272773,1.0487018356190039,251.2010185571718,1.045905573454417,winter,2020-01-19,POOL_FLAT
23,4,73,1,1.0429885500102665,0.03656405973897786,216.56105379202538,-125.90815848759694,1.0429885500102665,-216.99584418083597,-124.18330853380094,1.0409682828270463,1.0018064909233066,250.4284966369412,1.0426883425585243,winter,2020-01-19,POOL_FLAT
23,5,74,1,1.0430850592114673,0.03957632154991715,216.5782139121794,-125.92475995119165,1.0430850592114673,-216.99561821083577,-124.18356274216089,1.0409679919616528,1.002032460923499,250.42824242858126,1.0426872879133422,winter,2020-01-19,POOL_FLAT
23,6,83,2,1.0428184817905102,0.050156646199109874,216.9533663915487,-126.25441361943574,1.0451253551182087,-217.4214813588188,-124.33419138833453,1.0428184817905102,1.0528021465257393,250.91634580022483,1.0447203964430005,winter,2020-01-19,POOL_FLAT
23,7,178,2,1.0383054300775931,0.0855610007091065,216.4694023296381,-125.81946616371111,1.042473056243568,-216.36504978221305,-123.99783709911372,1.0383054300775931,1.00915579689846,250.09974211699748,1.0413196795924466,winter,2020-01-19,POOL_FLAT
23,8,208,3,1.0411291318493119,0.05942743202745447,216.46212371103886,-125.81946792970706,1.0424468592086091,-216.6203286486552,-124.06835223206623,1.0393736213047924,0.9960638982452048,250.054028916328,1.0411291318493119,winter,2020-01-19,POOL_FLAT
23,9,225,1,1.0421820103535058,0.050037628653482276,216.41561950483157,-125.77289217485817,1.0421820103535058,-216.6162592857329,-124.06039544636886,1.0393424540992386,1.0074447209433197,250.10036692157465,1.0413222522758068,winter,2020-01-19,POOL_FLAT
23,10,248,2,1.0391168071924324,0.06293880260965323,216.4616026040733,-125.8144450470201,1.0424344740466822,-216.56285862751932,-124.0445866128374,1.0391168071924324,1.0104532747191426,250.10028890764997,1.0413219779941112,winter,2020-01-19,POOL_FLAT
23,11,249,2,1.0390508492514436,0.06455888768144813,216.46183030463257,-125.81439826675357,1.0424351958246858,-216.54716658817802,-124.04010973522696,1.0390508492514436,1.010680975278409,250.10033568791644,1.0413221765967806,winter,2020-01-19,POOL_FLAT
23,12,264,3,1.0411489818985324,0.059190048646729276,216.4621455113741,-125.81940153275724,1.042446798758846,-216.6203068483224,-124.06828583511773,1.039373405145918,0.9972393458065949,250.05879180861095,1.0411489818985324,winter,2020-01-19,POOL_FLAT
23,13,276,2,1.0383570734992413,0.06977735721765327,216.3313441051703,-125.74866128189787,1.041827945763807,-216.37026794891477,-124.0136768224693,1.0383570734992413,0.9608230219524085,249.87686263672197,1.040390916536554,winter,2020-01-19,POOL_FLAT
23,14,289,1,1.041597431813989,0.04952961271433012,216.28554221896314,-125.71728841100075,1.041597431813989,-216.52215835002113,-124.06334064350978,1.0390085827775395,0.9463961218581041,249.88045738546938,1.040405654230981,winter,2020-01-19,POOL_FLAT
23,15,314,2,1.0381895897954372,0.07398259845234918,216.33192213375628,-125.74854206475406,1.0418297770066096,-216.3304354144109,-124.00227963148131,1.0381895897954372,0.9614010505385141,249.87698185386537,1.040391422160242,winter,2020-01-19,POOL_FLAT
23,16,320,3,1.0401985242084943,0.059829807113739836,216.32851737512559,-125.75222919485275,1.0418252362000482,-216.50036088562786,-124.05368452607578,1.0389098500460312,0.9495780458235239,249.83069693984638,1.0401985242084943,winter,2020-01-19,POOL_FLAT
23,17,327,3,1.0402465807842567,0.05911439001055288,216.3285708706251,-125.75206849883737,1.041825092513717,-216.5003073901294,-124.05352383006024,1.0389093241525844,0.9524742557649555,249.84222811718482,1.0402465807842567,winter,2020-01-19,POOL_FLAT
23,18,337,3,1.0380735404417007,0.04982995826765305,215.84798846421333,-125.49835069785439,1.039564302896355,-216.21180357524145,-123.91977215146012,1.0375902288808343,0.8416960678688891,249.32070705230404,1.0380735404417007,winter,2020-01-19,POOL_FLAT
23,19,342,3,1.038056221364462,0.05858780841181763,215.9452217914588,-125.6393775533406,1.0402094665072201,-216.37977285987802,-124.0301481264156,1.03842551142061,0.8181540835884843,249.31662573881425,1.038056221364462,winter,2020-01-19,POOL_FLAT
23,20,349,1,1.0395522230162244,0.04357263694896867,215.82912388455185,-125.52501997773857,1.0395522230162244,-216.29767286718842,-123.97070641759316,1.038005870726952,0.8257488118310908,249.32842978396624,1.0381054724736203,winter,2020-01-19,POOL_FLAT
23,21,387,1,1.0403916501519928,0.05213507292698054,215.98967566917077,-125.64998098967156,1.0403916501519928,-216.39823646643205,-124.03402315181955,1.0385002300234616,0.8470590432606381,249.44030226240753,1.0385715578554462,winter,2020-01-19,POOL_FLAT
23,22,388,1,1.0394952719348147,0.04176449129721184,215.8190104248712,-125.51520195587918,1.0394952719348147,-216.2978060082622,-123.97055611749691,1.0380060404948646,0.8256156707570302,249.32858008406373,1.0381060964214521,winter,2020-01-19,POOL_FLAT
23,23,406,2,1.0371576605287558,0.050347982871651875,215.84208526924132,-125.45835972424585,1.0394593713482385,-216.11907959150236,-123.87262207546695,1.0371576605287558,0.8632371945095286,249.36202427787418,1.0382458737930371,winter,2020-01-19,POOL_FLAT
23,24,458,3,1.0369975839719854,0.06953291982725572,215.82367172152908,-125.62039979971546,1.0397323130925684,-216.35045530856752,-124.03607217729243,1.0383318788696219,0.7565975120984426,249.06255786403904,1.0369975839719854,winter,2020-01-19,POOL_FLAT
23,25,502,1,1.038600569108403,0.05050947031789397,215.76678012845505,-125.17729303579115,1.038600569108403,-215.81661006414967,-123.64385892476786,1.0355914283236354,0.9495014326490732,249.4842505531704,1.0387560749094038,winter,2020-01-19,POOL_FLAT
23,26,522,2,1.0377390105812814,0.05183636648915083,215.56287662686537,-125.502667522905,1.0385472832440386,-216.22706653841163,-123.96499986021873,1.0377390105812814,0.7092982298047824,248.95044656367236,1.0365302215444767,winter,2020-01-19,POOL_FLAT
23,27,539,3,1.0361285924611672,0.08600335440684227,215.76014028151664,-125.61406846485265,1.039490445229568,-216.34263444453805,-124.0436042957456,1.0383192280717892,0.7031131513038997,248.8540013699115,1.0361285924611672,winter,2020-01-19,POOL_FLAT
23,28,556,3,1.0363877365697525,0.07814724855938684,215.76042789414868,-125.61320163820204,1.0394896642545435,-216.34234683190593,-124.04273746909492,1.038316394033053,0.718669190834387,248.9161978301515,1.0363877365697525,winter,2020-01-19,POOL_FLAT
23,29,562,1,1.0381605100084983,0.04961197566624611,215.71316531682237,-125.05906572269141,1.0381605100084983,-215.69993382234085,-123.57964165189182,1.0350369990212196,0.9866857038188457,249.511729063853,1.0388710838483186,winter,2020-01-19,POOL_FLAT
23,30,563,1,1.0386065591806193,0.050666531159119205,215.76784512608518,-125.17832426238225,1.0386065591806193,-215.8165960408811,-123.64387471433076,1.0355914103423887,0.9495154559167466,249.48423476360537,1.0387560093909178,winter,2020-01-19,POOL_FLAT
23,31,611,1,1.038162249388194,0.04964708386050591,215.7134749559776,-125.05936456027867,1.038162249388194,-215.69992974414,-123.57964622861311,1.0350369937608495,0.9866897820197998,249.51172448713112,1.0388710648600494,winter,2020-01-19,POOL_FLAT
23,32,614,3,1.0362835969082655,0.052214586263821985,215.48909771192098,-125.47452441184632,1.03822285843057,-216.30079437105735,-123.97625650487154,1.0380286375876235,0.6744765585782309,248.89130938235678,1.0362835969082655,winter,2020-01-19,POOL_FLAT
23,33,619,3,1.0388047493832318,0.06997230786004059,215.85238705751073,-125.11434112719675,1.038777423862084,-215.5351383124419,-123.53668932605478,1.0343527611701735,1.05447430124161,249.4955195850724,1.0388047493832318,winter,2020-01-19,POOL_FLAT
23,34,629,1,1.03855089531274,0.04140174367488904,215.7371149674718,-125.204645887194,1.03855089531274,-215.91410388883958,-123.69934568773775,1.0360584874871044,0.9192020832619389,249.45981902546959,1.038653880430322,winter,2020-01-19,POOL_FLAT
23,35,639,2,1.033327830106779,0.09910016868135824,215.8850534099515,-125.10672331254267,1.0388791937218278,-215.29160187268744,-123.46654254194824,1.033327830106779,1.0910516060247644,249.51867208119177,1.0389018006274662,winter,2020-01-19,POOL_FLAT
23,36,676,2,1.0343775578285719,0.07240494302744215,215.83076585289476,-125.11646310865085,1.038703971680317,-215.54175856555398,-123.53711543732032,1.0343775578285719,1.0373061384952305,249.51216958344762,1.0388737727980022,winter,2020-01-19,POOL_FLAT
23,37,682,2,1.034405142735722,0.07153674810268422,215.83067062901398,-125.11648269753846,1.0387036695782232,-215.5483208078749,-123.53898944154037,1.034405142735722,1.0372109146145603,249.51214999456008,1.0388736895905544,winter,2020-01-19,POOL_FLAT
23,38,688,2,1.0380085634134648,0.048965212635133946,215.39985640663727,-125.44018452239487,1.0378298194827702,-216.30215358886025,-123.9641890003199,1.0380085634134648,0.6375687979010688,248.84964570531912,1.0361097222370337,winter,2020-01-19,POOL_FLAT
23,39,701,3,1.035405856931883,0.0632767483183006,215.3081079395927,-125.425266903129,1.0374684664917018,-216.35757280334474,-123.98419237834236,1.0382501727092046,0.5719958056377841,248.6807518626813,1.035405856931883,winter,2020-01-19,POOL_FLAT
23,40,702,2,1.0382075902208865,0.05191248230718874,215.24384746372365,-125.40387082481844,1.037192439404049,-216.35036991426966,-123.97619177589301,1.0382075902208865,0.5625437610433286,248.71287181391233,1.0355395009225605,winter,2020-01-19,POOL_FLAT
23,41,755,2,1.0386389317876017,0.06555833543491542,215.03510971440383,-125.36101201541821,1.0363517040836936,-216.4453483894493,-124.01881355441036,1.0386389317876017,0.43628276291119555,248.49394540344844,1.0346269283029506,winter,2020-01-19,POOL_FLAT
23,42,778,3,1.0354325962412643,0.06240728017873457,215.30813729259674,-125.42517742348787,1.0374683845646666,-216.35754345034434,-123.98410289870053,1.038249881437262,0.573578063205333,248.68717042149316,1.0354325962412643,winter,2020-01-19,POOL_FLAT
23,43,780,3,1.0331437383271278,0.10368823674506122,214.91416345100203,-125.35712744718096,1.0359085459558242,-216.5069870550852,-124.06276967199791,1.0389525937532378,0.30758523619946504,248.13790858363527,1.0331437383271278,winter,2020-01-19,POOL_FLAT
23,44,785,2,1.0375747898627197,0.05173372523738225,215.537898461213,-125.4912294442722,1.0384334459717761,-216.19005842207423,-123.9502497885409,1.0375747898627197,0.7002573853334721,248.9330126184501,1.0364575275771652,winter,2020-01-19,POOL_FLAT
23,45,813,2,1.0386347092404882,0.06546684058425335,215.03512430180362,-125.36100904103358,1.03635175031697,-216.44434297622485,-124.0185283260101,1.0386347092404882,0.43629735031094213,248.49394837783305,1.0346269407936668,winter,2020-01-19,POOL_FLAT
23,46,817,1,1.0368076853383275,0.03761213826202921,215.2118089597243,-125.27525786028374,1.0368076853383275,-216.33841082439875,-123.96807145597393,1.0381475782288094,0.622205792707736,248.83588245940408,1.0360522560823506,winter,2020-01-19,POOL_FLAT
23,47,835,3,1.032882841169051,0.11203060517990464,214.913875645584,-125.35800063777648,1.035909342646149,-216.50727486050275,-124.06364286259416,1.038955441006563,0.2920493033460283,248.07526562931446,1.032882841169051,winter,2020-01-19,POOL_FLAT
23,48,860,1,1.0369731371580015,0.038460210225889614,215.24121177610633,-125.30373562793561,1.0369731371580015,-216.33802367309642,-123.96850748349449,1.0381470822514731,0.6225929440087314,248.83544643188216,1.0360504446827976,winter,2020-01-19,POOL_FLAT
23,49,861,1,1.0368927605300724,0.03795482331434007,215.22692818680164,-125.28990064713469,1.0368927605300724,-216.33821174643705,-123.96829565480826,1.0381473231658904,0.6224048706681479,248.83565826056844,1.0360513246875656,winter,2020-01-19,POOL_FLAT
23,50,886,2,1.0387946005106867,0.07102444988793971,214.81566530946012,-125.24489891629584,1.0353188856433662,-216.5023184012008,-123.99458062327727,1.0387946005106867,0.3251850777919436,248.38933418623463,1.034190662395487,winter,2020-01-19,POOL_FLAT
23,51,896,1,1.0363554395234233,0.053539796481674354,215.07082110222626,-125.30151747262748,1.0363554395234233,-216.41659124305838,-123.98808984117372,1.0384714491691873,0.5031328627145539,248.63619695965025,1.0352197294611838,winter,2020-01-19,POOL_FLAT
23,52,898,1,1.0347898275611886,0.07424545253078783,214.71885420194127,-125.15866327675553,1.0347898275611886,-216.53443979595252,-124.00262069004322,1.0389272923532438,0.31802225616687185,248.3890361112625,1.034189382722922,winter,2020-01-19,POOL_FLAT
23,53,899,2,1.0387591838598247,0.07007614968003019,214.8156653094601,-125.24489891629584,1.0353188856433662,-216.4938419667749,-123.99226508475112,1.0387591838598247,0.32518507779193295,248.38933418623463,1.034190662395487,winter,2020-01-19,POOL_FLAT
23,54,900,1,1.0362735971971506,0.05312269791961883,215.0562817239063,-125.28742542167592,1.0362735971971506,-216.4167826744163,-123.98787408676637,1.0384716941919718,0.5029414313567167,248.63641271405774,1.0352206261583168,winter,2020-01-19,POOL_FLAT
23,55,906,1,1.0344803361063255,0.07632576226375602,214.66398786151387,-125.10518268460245,1.0344803361063255,-216.53540439520478,-124.0015318392301,1.038928524600032,0.3170576569148197,248.3901249620763,1.0341939111064151,winter,2020-01-19,POOL_FLAT
0,1,34,1,1.0473162678454695,0.02566579355231414,217.55098887621605,-126.27334456117627,1.0473162678454695,-218.0980494870099,-125.10647312712253,1.046860969903548,0.5680436199229235,251.6879160490057,1.0479263666450762,summer,2020-06-21,POOL_TOU
0,2,47,2,1.0457758111890882,0.03462840640942719,217.44471459453186,-126.146658688038,1.0466688180389956,-217.85529401604748,-125.00586122203681,1.0457758111890882,0.5677097781617878,251.55287809834476,1.0473641231334787,summer,2020-06-21,POOL_TOU
0,3,70,1,1.0472682554139638,0.024599808008370323,217.542446112182,-126.26509121069918,1.0472682554139638,-218.09816199299343,-125.10634673595216,1.046861114384571,0.5679311139422963,251.68804244018068,1.047926891826864,summer,2020-06-21,POOL_TOU
0,4,73,1,1.0453479546500062,0.03397406157709332,217.2146248201997,-125.91104046427192,1.0453479546500062,-217.5666814413549,-124.87148851740041,1.0444551056400373,0.5439787463877951,251.32202717787027,1.046402739933119,summer,2020-06-21,POOL_TOU
0,5,74,1,1.0453545608648704,0.034074137732852366,217.21581318428912,-125.9121542097747,1.0453545608648704,-217.56666575409483,-124.87150561131806,1.0444550844203295,0.5439944336478623,251.32201008395256,1.0464026689027037,summer,2020-06-21,POOL_TOU
0,6,83,2,1.045742611593603,0.03568858031593919,217.44482918847177,-126.14663505424681,1.0466691813622158,-217.84739722664992,-125.00360180066464,1.045742611593603,0.5678243721019881,251.5529017321357,1.047364222611378,summer,2020-06-21,POOL_TOU
0,7,178,2,1.0431238557618827,0.05013884475228848,217.12036977183115,-125.79486255362382,1.0447658731650873,-217.2677050915669,-124.75007476206896,1.0431238557618827,0.5501113503413405,251.1704779296488,1.0457718090483046,summer,2020-06-21,POOL_TOU
0,8,208,3,1.0456607490466066,0.04101621990233563,217.12703542632892,-125.79391300887735,1.0447879050477902,-217.31685807250759,-124.75774725694345,1.0433172426402515,0.5517591547552205,251.14380011376863,1.0456607490466066,summer,2020-06-21,POOL_TOU
0,9,225,1,1.0447669018685686,0.04343109632656648,217.12800470314278,-125.78217673245238,1.0447669018685686,-217.29622734811085,-124.74228098888315,1.0432106873254532,0.5683188091891934,251.17298175315204,1.0457824026821618,summer,2020-06-21,POOL_TOU
0,10,248,2,1.0423983092064761,0.06973755851897077,217.14462106927638,-125.78846378508072,1.0448398875606053,-217.10513505731487,-124.68324257054385,1.0423983092064761,0.576563899655498,251.17475132599526,1.0457898486656956,summer,2020-06-21,POOL_TOU
0,11,249,2,1.0423648607156646,0.07082021678386617,217.14473651240647,-125.78843992886543,1.0448402536849108,-217.09717999902634,-124.68096309574696,1.0423648607156646,0.5766793427855745,251.17477518221054,1.0457899490962232,summer,2020-06-21,POOL_TOU
0,12,264,3,1.0456639098548528,0.04105426460386081,217.12703892787795,-125.79390243382866,1.044787895590253,-217.31685457096157,-124.75773668189578,1.043317208075242,0.55194842687971,251.14455885539527,1.0456639098548528,summer,2020-06-21,POOL_TOU
0,13,276,2,1.0432133977639098,0.03733847542099997,216.9899878498043,-125.72303746067612,1.044146240862998,-217.2916209485214,-124.75161229143642,1.0432133977639098,0.49439251838273274,251.0627797228523,1.045322917052531,summer,2020-06-21,POOL_TOU
0,14,289,1,1.044010577020591,0.033071023666926096,216.966176576971,-125.69913949653494,1.044010577020591,-217.3148884478078,-124.75676036125388,1.0433080848145153,0.49161835631946005,251.06890103578013,1.0453483809209425,summer,2020-06-21,POOL_TOU
0,15,314,2,1.0432026338464173,0.03768837796689012,216.9900251810034,-125.72303016501752,1.0441463601230834,-217.28904628564942,-124.7509044866118,1.0432026338464173,0.4944298495820496,251.06278701851056,1.0453229477346424,summer,2020-06-21,POOL_TOU
0,16,320,3,1.0451316054131399,0.03162411367952479,216.98875330846124,-125.72625371043152,1.044148506760459,-217.31295771838205,-124.76054099727892,1.0433089503769546,0.484768337883014,251.01684961281623,1.0451316054131399,summer,2020-06-21,POOL_TOU
0,17,327,3,1.0451828176865239,0.03231606385354954,216.98880999659076,-125.72608235583574,1.0441483533028146,-217.31290103025322,-124.76036964268297,1.0433083904680087,0.4878317546412618,251.02914374787022,1.0451828176865239,summer,2020-06-21,POOL_TOU
0,18,337,3,1.0441395821297967,0.02006878263903007,216.54043156816675,-125.42004810101726,1.0418942577349597,-217.2101132043871,-124.59354886831647,1.0425914946063546,0.3456829459377293,250.77881757563128,1.0441395821297967,summer,2020-06-21,POOL_TOU
0,19,342,3,1.0441887867200943,0.021997892241726113,216.72087585086257,-125.5737739629431,1.0428651851036037,-217.222527967512,-124.67356990124964,1.0428021405013546,0.4037308282278394,250.79054870328048,1.0441887867200943,summer,2020-06-21,POOL_TOU
0,20,349,1,1.0422175514150018,0.02701855461773366,216.6002473525639,-125.47169820428232,1.0422175514150018,-217.21013795857593,-124.62553131548616,1.0426578467749772,0.3874762526470271,250.8412105463183,1.0443996145350747,summer,2020-06-21,POOL_TOU
0,21,387,1,1.0430194165479996,0.02824932118971663,216.7540035202309,-125.59048763908591,1.0430194165479996,-217.23395518164247,-124.68325733970595,1.0428634829838412,0.42966065178924706,250.88561696316924,1.0445847901740728,summer,2020-06-21,POOL_TOU
0,22,388,1,1.0421974479259595,0.027079179821838356,216.59666740350843,-125.46824548917161,1.0421974479259595,-217.21018511195075,-124.6254784342729,1.0426579074912372,0.3874290992719056,250.84126342753277,1.044399834406924,summer,2020-06-21,POOL_TOU
0,23,406,2,1.0423950411569425,0.03357885043445705,216.497945254904,-125.36709274686224,1.0416306831099003,-217.17855808768923,-124.55372949430833,1.0423950411569425,0.35075910573431757,250.8664180399935,1.0445043429834158,summer,2020-06-21,POOL_TOU
0,24,458,3,1.0441297861144991,0.0244513259326584,216.65967895216932,-125.53574861311819,1.0425653476429353,-217.1808935854106,-124.64695863570866,1.0425966418732222,0.40403800348950697,250.77637755974308,1.0441297861144991,summer,2020-06-21,POOL_TOU
0,25,502,1,1.0393322148627544,0.06628190399290534,216.10531422371676,-124.9433907515431,1.0393322148627544,-217.24039615661079,-124.35035987900382,1.0421974875793267,0.2424190723910328,251.04142621764038,1.0452324705380462,summer,2020-06-21,POOL_TOU
0,26,522,2,1.0418888914400173,0.032506664203434975,216.5712379534901,-125.45797055711418,1.0420843880438841,-217.02899110062708,-124.57013664032328,1.0418888914400173,0.4154229494024888,250.70478702872938,1.0438317908054362,summer,2020-06-21,POOL_TOU
0,27,539,3,1.0438089239284312,0.020968214798852525,216.63841285332867,-125.52444091232103,1.0424651322566736,-217.15469761158718,-124.63733714554434,1.0424821049071913,0.3920664127596858,250.6993325220808,1.0438089239284312,summer,2020-06-21,POOL_TOU
0,28,556,3,1.0438559379371186,0.02171633479289275,216.63846483528962,-125.52428358576279,1.0424649911236754,-217.15464562962612,-124.63717981898608,1.0424815911230794,0.39487446580530433,250.71061984590966,1.0438559379371186,summer,2020-06-21,POOL_TOU
0,29,562,1,1.0389805790037874,0.0732438385180597,216.0488030870939,-124.8723966076034,1.0389805790037874,-217.2251668006282,-124.31228051452236,1.0420636992408414,0.23443861581478428,251.0681379899584,1.0453436556307196,summer,2020-06-21,POOL_TOU
0,30,563,1,1.0392382875903914,0.06873701015044639,216.0885538674575,-124.92730866757645,1.0392382875903914,-217.2406170044975,-124.3501134767059,1.0421977759536079,0.24219822450354606,251.04167261993632,1.0452334955666134,summer,2020-06-21,POOL_TOU
0,31,611,1,1.0388255742010424,0.0773780819527131,216.02117389314375,-124.84580276598616,1.0388255742010424,-217.22553077634893,-124.31187314833053,1.0420641720966362,0.23407464009396062,251.06854535614943,1.0453453503192351,summer,2020-06-21,POOL_TOU
0,32,614,3,1.0437107668888599,0.02859308667671102,216.54641361983644,-125.4399733018699,1.0419573916743743,-217.0328135322359,-124.5632390364126,1.0418883985106135,0.4099092408700549,250.6757288181898,1.0437107668888599,summer,2020-06-21,POOL_TOU
0,33,619,3,1.0453037398702665,0.06399996439189717,216.12486955578171,-124.92851858537773,1.039371713148325,-217.18600403608818,-124.30404898367372,1.0419051555942351,0.24986830791170417,251.05853622736237,1.0453037398702665,summer,2020-06-21,POOL_TOU
0,34,629,1,1.039924873321683,0.055422298211819016,216.20619873875233,-125.05327814291458,1.039924873321683,-217.2360069118626,-124.4013702753451,1.0422871542896297,0.26642754616194164,251.00002483446704,1.0450601938200168,summer,2020-06-21,POOL_TOU
0,35,639,2,1.0417863525608624,0.06572163356823633,216.1286916774567,-124.927538327564,1.0393834482756408,-217.15774722285548,-124.29597670402951,1.0417863525608624,0.2552019548436246,251.06567437803292,1.0453334824801772,summer,2020-06-21,POOL_TOU
0,36,676,2,1.0417422028802494,0.06660052370357258,216.12318037573968,-124.9278269109618,1.039364182961975,-217.1476939433812,-124.29219489207965,1.0417422028802494,0.24989761895799378,251.0666684078678,1.0453375989889317,summer,2020-06-21,POOL_TOU
0,37,682,2,1.0417734635964582,0.06627641225656,216.1230724501336,-124.92784904821187,1.0393638400498357,-217.15513185114213,-124.29431434678109,1.0417734635964582,0.24978969335169773,251.06664627061787,1.045337506371517,summer,2020-06-21,POOL_TOU
0,38,688,2,1.0414879280544602,0.0386055461846757,216.51823866527144,-125.41718056120375,1.0418083160208613,-216.94279354994728,-124.5268579585191,1.0414879280544602,0.4096108086426615,250.66487669170417,1.0436655811814484,summer,2020-06-21,POOL_TOU
0,39,701,3,1.0431994309361858,0.021334555355873464,216.4779687312118,-125.40113080490536,1.0416297370595033,-217.00113689853313,-124.5392830639093,1.0417243616652443,0.3778207928753679,250.55296759724789,1.0431994309361858,summer,2020-06-21,POOL_TOU
0,40,702,2,1.0415833909667636,0.030638523542909378,216.45198043580982,-125.37634248921692,1.0414843749040776,-216.97458819284276,-124.51752158881217,1.0415833909667636,0.3924056807724322,250.6232056367282,1.043491965870026,summer,2020-06-21,POOL_TOU
0,41,755,2,1.0412980537168126,0.03131013183972687,216.41611638738706,-125.34131719845287,1.0412820706400188,-216.9087920812229,-124.49448687916964,1.0412980537168126,0.39099683557816706,250.56702400310346,1.0432580400545564,summer,2020-06-21,POOL_TOU
0,42,778,3,1.0432886875248426,0.023088225866628023,216.4780674029458,-125.40083211365528,1.0416294691815722,-217.00103822680344,-124.53898437265816,1.0417233863201387,0.38315072420349733,250.57439697160535,1.0432886875248426,summer,2020-06-21,POOL_TOU
0,43,780,3,1.0427400188391138,0.024257443073112093,216.41892034289503,-125.34880395806425,1.0413077959463186,-216.86990945051446,-124.49939479059417,1.0411678222034437,0.38021732433049654,250.44262329850568,1.0427400188391138,summer,2020-06-21,POOL_TOU
0,44,785,2,1.0418721338715553,0.03181987553878728,216.56225145318734,-125.45096955354572,1.042037400725337,-217.02656266260547,-124.56628243158374,1.0418721338715553,0.4146692511427827,250.69741409644092,1.0438010878317892,summer,2020-06-21,POOL_TOU
0,45,813,2,1.0412827010029,0.031776194496647855,216.41616959429538,-125.34130671487213,1.0412822404646753,-216.90512295098185,-124.49347209603003,1.0412827010029,0.3910500424859873,250.56703448668438,1.0432580840494807,summer,2020-06-21,POOL_TOU
0,46,817,1,1.0414155420208409,0.02973579231758215,216.44607888209848,-125.35354628059194,1.0414155420208409,-217.01019408905915,-124.54237878110568,1.041763484214209,0.4041290497280287,250.65889875706978,1.0436406545361256,summer,2020-06-21,POOL_TOU
0,47,835,3,1.0427075667689232,0.023738593635690718,216.41888446785072,-125.3489125568943,1.041307893314021,-216.8699453255587,-124.49950338942469,1.04116817685994,0.37827947307947274,250.4348319601592,1.0427075667689232,summer,2020-06-21,POOL_TOU
0,48,860,1,1.0414836692469631,0.029358213356951244,216.45821181268596,-125.36524574210189,1.0414836692469631,-217.01003427748773,-124.54255797062751,1.041763278471111,0.4042888612980757,250.65871956754677,1.043639909539519,summer,2020-06-21,POOL_TOU
0,49,861,1,1.0414749826849394,0.02939735949492223,216.4566648253684,-125.36375397150834,1.0414749826849394,-217.01005465391663,-124.54253512265413,1.0417633047022288,0.4042684848692428,250.6587424155202,1.0436400045320107,summer,2020-06-21,POOL_TOU
0,50,886,2,1.0402074405881359,0.05305284027489501,216.45797008278365,-125.31685378686782,1.0413818334983858,-216.64852541985334,-124.42172362707966,1.0402074405881359,0.44826490349615117,250.53575931150723,1.0431282664249852,summer,2020-06-21,POOL_TOU
0,51,896,1,1.0407013211914462,0.03426994069103599,216.311931507224,-125.2428902680743,1.0407013211914462,-216.97320441266007,-124.49755787220695,1.0415370236230443,0.37906019649719613,250.61483864224678,1.0434570437084878,summer,2020-06-21,POOL_TOU
0,52,898,1,1.0412015549421798,0.034866199820245525,216.4149217511454,-125.30479089634451,1.0412015549421798,-216.8030295427526,-124.46680916869232,1.040858779876268,0.4235747738416476,250.53029260838437,1.0431053265160133,summer,2020-06-21,POOL_TOU
0,53,899,2,1.0403562762749659,0.048216151063621135,216.45797008278362,-125.31685378686782,1.0413818334983855,-216.68407036986576,-124.43160968200604,1.0403562762749659,0.4482649034961457,250.53575931150726,1.0431282664249855,summer,2020-06-21,POOL_TOU
0,54,900,1,1.0407031981696293,0.03423895119798081,216.31226582340628,-125.24321255723699,1.0407031981696293,-216.97320000905194,-124.49756280849576,1.0415370179489256,0.3790646001054389,250.61483370595806,1.043457023183592,summer,2020-06-21,POOL_TOU
0,55,906,1,1.0411837373205262,0.03476480185507855,216.41186556754073,-125.30152876937827,1.0411837373205262,-216.8032676792807,-124.46654118742865,1.0408590842285979,0.4233366373137674,250.53056058964785,1.043106440600963,summer,2020-06-21,POOL_TOU
1,1,34,1,1.0474019129897223,0.02009358697507987,217.58888773035017,-126.24902032709221,1.0474019129897223,-218.21232229259567,-125.35447694474801,1.0477876703427016,0.4495656285040959,251.76427906189554,1.0482433127075454,summer,2020-06-21,POOL_TOU
1,2,47,2,1.0470013881402047,0.025527310296483398,217.4731061210765,-126.13926884392093,1.046755631859522,-218.040335615494,-125.27474322678054,1.0470013881402047,0.4270806597192595,251.6475203942693,1.0477570159358762,summer,2020-06-21,POOL_TOU
1,3,70,1,1.0473597018376033,0.020397811219601637,217.5813754220786,-126.24176645152151,1.0473597018376033,-218.21242123195466,-125.35436585510172,1.0477877971455174,0.44946668914796306,251.76439015154656,1.0482437745023585,summer,2020-06-21,POOL_TOU
1,4,73,1,1.0454443496024843,0.025185966342545975,217.22872885710862,-125.93287383779173,1.0454443496024843,-217.88342352388082,-125.17916724799177,1.0462366697314303,0.36688621869496174,251.44742232053517,1.0469234963801743,summer,2020-06-21,POOL_TOU
1,5,74,1,1.0454456157799679,0.02516442158069062,217.2289640592274,-125.93307447214559,1.0454456157799679,-217.88342039782984,-125.1791703499904,1.0462366648797834,0.36688934474590296,251.44741921853657,1.0469234834837484,summer,2020-06-21,POOL_TOU
1,6,83,2,1.0470267793245933,0.024856579120421697,217.47301848917797,-126.13928696766578,1.0467553541055692,-218.04637415500892,-125.27647458535078,1.0470267793245933,0.4269930278208236,251.6475022705244,1.0477569398570987,summer,2020-06-21,POOL_TOU
1,7,178,2,1.0453465368753054,0.030553126551285312,217.1094518671038,-125.82776789083937,1.044795232173819,-217.68762377969514,-125.09081026471006,1.0453465368753054,0.34186643829322283,251.3160723729229,1.0463764635745583,summer,2020-06-21,POOL_TOU
1,8,208,3,1.046288270568156,0.022815789754054787,217.11061798496593,-125.82734963281118,1.0447985596884912,-217.73765157533524,-125.10217289012856,1.0455507104743005,0.33983494400260633,251.2948931143055,1.046288270568156,summer,2020-06-21,POOL_TOU
1,9,225,1,1.0447244049547417,0.026851679230518108,217.09934488370607,-125.81128161005941,1.0447244049547417,-217.7288285136388,-125.09432938490119,1.0455025889712335,0.34881446083901274,251.31717538323713,1.0463810957975315,summer,2020-06-21,POOL_TOU
1,10,248,2,1.0450841581339194,0.035063367861764665,217.11733033154476,-125.82399514166862,1.0448157367633724,-217.63019042132214,-125.06427571928953,1.0450841581339194,0.35287614127317435,251.3178664960961,1.0463839969092863,summer,2020-06-21,POOL_TOU
1,11,249,2,1.0451638654069808,0.03299448186869477,217.11705525238327,-125.82405207362672,1.044814864678508,-217.6491453618845,-125.0697133743292,1.0451638654069808,0.3526010621117274,251.31780956413803,1.046383758261037,summer,2020-06-21,POOL_TOU
1,12,264,3,1.046283497626727,0.022662001150115546,217.110612710981,-125.82736560600482,1.0447985740378034,-217.7376568493231,-125.10218886332328,1.0455507626459752,0.33955010347335807,251.29374714414567,1.046283497626727,summer,2020-06-21,POOL_TOU
1,13,276,2,1.0453887987528618,0.026373223543819557,216.99513911918262,-125.76176112631357,1.0442456351449378,-217.7027591487261,-125.08484321597099,1.0453887987528618,0.2948659146538055,251.2246671455802,1.0459956426246286,summer,2020-06-21,POOL_TOU
1,14,289,1,1.0439496238154131,0.03250995950449868,216.94273920054633,-125.71038886050493,1.0439496238154131,-217.72629935047593,-125.08964260882462,1.045483737142433,0.2917395789439929,251.23098402390266,1.0460219282613856,summer,2020-06-21,POOL_TOU
1,15,314,2,1.0453780307379512,0.026528896387281512,216.9951764254155,-125.76175373857755,1.0442457541100023,-217.70018671965482,-125.08412909754773,1.0453780307379512,0.29490322088695,251.224674533316,1.0459956735663851,summer,2020-06-21,POOL_TOU
1,16,320,3,1.0458053412032418,0.019719621031432856,216.9939361100108,-125.76488348165671,1.044247820343201,-217.7239522720007,-125.09366688035175,1.0454836108733445,0.2852639295012257,251.17897204262064,1.0458053412032418,summer,2020-06-21,POOL_TOU
1,17,327,3,1.0458633752658926,0.02154912814890732,216.99400019499072,-125.7646892505845,1.044247645679137,-217.72388818702183,-125.09347264927932,1.0454829766420048,0.28872433797437635,251.19290658639108,1.0458633752658926,summer,2020-06-21,POOL_TOU
1,18,337,3,1.0449853856888542,0.030856537228693737,216.64300396979382,-125.5277168017753,1.0424885099521752,-217.62708528701606,-124.96413427797224,1.0448652641175058,0.18186315414412615,250.98213310074516,1.0449853856888542,summer,2020-06-21,POOL_TOU
1,19,342,3,1.0450063904335867,0.020613297054299658,216.78311900978102,-125.65367161274251,1.0432562079126586,-217.64947945034547,-125.03299323310613,1.0450889059713815,0.22224829595817414,250.98714546178147,1.0450063904335867,summer,2020-06-21,POOL_TOU
1,20,349,1,1.0427090544763353,0.034348688745106735,216.68222271316046,-125.56568592777845,1.0427090544763353,-217.6349499446969,-124.9922755920633,1.0449520093027733,0.2101724333469291,251.02598678202315,1.0451680661514464,summer,2020-06-21,POOL_TOU
1,21,387,1,1.0433608330057198,0.02702137400176582,216.8066919362062,-125.66311168558836,1.0433608330057198,-217.6590235493038,-125.03949872385923,1.0451368549988271,0.24250427417416928,251.06460216107055,1.0453289658152993,summer,2020-06-21,POOL_TOU
1,22,388,1,1.0426406720171428,0.036344791915879554,216.67004723043124,-125.55393960211565,1.0426406720171428,-217.6351103105028,-124.99209569124724,1.0449522152640887,0.21001206754078855,251.02616668284023,1.0451688146244709,summer,2020-06-21,POOL_TOU
1,23,406,2,1.0446690446715796,0.039598037666665635,216.61164503922112,-125.48567545465373,1.0422877853573416,-217.5923490853033,-124.92998567275055,1.0446690446715796,0.18712450818060955,251.04798175435388,1.0452595680945516,summer,2020-06-21,POOL_TOU
1,24,458,3,1.0449187572941072,0.024563517933050158,216.73605669255477,-125.63056654895044,1.0430384375781856,-217.6173718770328,-125.01787383515723,1.0449416317853542,0.22210579013855222,250.9660980527535,1.0449187572941072,summer,2020-06-21,POOL_TOU
1,25,502,1,1.040609433177364,0.07218573100640242,216.33048822018776,-125.16677260770344,1.040609433177364,-217.61306368553733,-124.7750736504271,1.044422864116792,0.12119330086875744,251.1750488486196,1.0457884539458198,summer,2020-06-21,POOL_TOU
1,26,522,2,1.0444791555782755,0.024692227944172543,216.67115320792803,-125.59301303534379,1.0427262319492245,-217.51099837162744,-124.9800509833242,1.0444791555782755,0.22692740856554378,250.87128146979256,1.0445239986383623,summer,2020-06-21,POOL_TOU
1,27,539,3,1.0446066811533041,0.019200417135738505,216.72028793547622,-125.62711150658903,1.0429744217594326,-217.5981351391643,-125.0150737738647,1.044866375555454,0.21041081278809495,250.89115437053962,1.0446066811533041,summer,2020-06-21,POOL_TOU
1,28,556,3,1.0446541340702908,0.020372579874138475,216.72034028803472,-125.62695267330828,1.0429742786864236,-217.59808278660574,-125.01491494058392,1.0448658571122698,0.21323685215959406,250.90254912169982,1.0446541340702908,summer,2020-06-21,POOL_TOU
1,29,562,1,1.0407079094948193,0.06907872555986258,216.35466795136625,-125.17220924449384,1.0407079094948193,-217.57978357503492,-124.75813012909832,1.0442675671330248,0.13189027152502258,251.1808465312895,1.0458126155174627,summer,2020-06-21,POOL_TOU
1,30,563,1,1.0405265999241748,0.0746751615169061,216.31571383510837,-125.15258219312419,1.0405265999241748,-217.6132583497486,-124.77485624697485,1.0444231169884963,0.12099863665661627,251.17526625207,1.0457893587324143,summer,2020-06-21,POOL_TOU
1,31,611,1,1.0407152532528416,0.06886433633795006,216.35597710094504,-125.17346856066678,1.0407152532528416,-217.57976632800197,-124.75814942024836,1.0442675447907,0.13190751855797053,251.1808272401387,1.0458125352348617,summer,2020-06-21,POOL_TOU
1,32,614,3,1.0443887395829294,0.023309835778046448,216.65400946019602,-125.58394672909401,1.042645546675772,-217.50558435701595,-124.97630113860116,1.0444518322168324,0.22267419408674433,250.83879905775657,1.0443887395829294,summer,2020-06-21,POOL_TOU
1,33,619,3,1.045775117990038,0.06445803807478875,216.3906371152485,-125.19020595664409,1.040875062399022,-217.54207367502462,-124.7495313148984,1.0441135534220476,0.1464011453790563,251.1718324208835,1.045775117990038,summer,2020-06-21,POOL_TOU
1,34,629,1,1.0407522223932395,0.07077021482415183,216.35076046232987,-125.2002132435815,1.0407522223932395,-217.6257887445648,-124.80619806316179,1.0445332896368533,0.12755774510947393,251.1533460010594,1.0456981054573153,summer,2020-06-21,POOL_TOU
1,35,639,2,1.0439952043860634,0.06523610918536475,216.39444204889762,-125.18922306981015,1.0408867257966876,-217.51394637407807,-124.74144054364854,1.0439952043860634,0.15170628264806327,251.17893798172003,1.0458047156896997,summer,2020-06-21,POOL_TOU
1,36,676,2,1.0439530263231198,0.0655684804506293,216.3889486061317,-125.18952457086283,1.0408675564671264,-217.50434439263782,-124.73782077734559,1.0439530263231198,0.14641807533090237,251.1799117140228,1.0458087568384078,summer,2020-06-21,POOL_TOU
1,37,682,2,1.0439925770664338,0.06547759993082052,216.38881208315223,-125.18955269263772,1.0408671230844133,-217.51375251823384,-124.7405101429118,1.0439925770664338,0.1462815523513841,251.17988359224807,1.0458086394198731,summer,2020-06-21,POOL_TOU
1,38,688,2,1.0441540335797703,0.025343086773734872,216.63465372260424,-125.57175572283357,1.042550369044907,-217.43663585679653,-124.95273149005867,1.0441540335797703,0.22349927199955355,250.8233590869987,1.0443244570535153,summer,2020-06-21,POOL_TOU
1,39,701,3,1.0438694640922517,0.01658562079450389,216.60663868402096,-125.56624369049732,1.0424379454365376,-217.4758183343009,-124.9663774476165,1.0443237900536724,0.19733145591067436,250.71410183690335,1.0438694640922517,summer,2020-06-21,POOL_TOU
1,40,702,2,1.0442224884182774,0.024433178810654592,216.58989169416384,-125.54989942334241,1.042343492390703,-217.45608874965995,-124.9518781386009,1.0442224884182774,0.21307792742252568,250.7754787291887,1.044125065487563,summer,2020-06-21,POOL_TOU
1,41,755,2,1.0438988372905127,0.023442311470333835,216.56913424989833,-125.52648677755712,1.0422198350615568,-217.3784613161741,-124.93094843038872,1.0438988372905127,0.2177336539272203,250.72122262187204,1.0438991823806814,summer,2020-06-21,POOL_TOU
1,42,778,3,1.0438991718088386,0.017214576283193582,216.60667145299334,-125.56614425171209,1.0424378558328515,-217.47578556533287,-124.96627800883026,1.0443234654810034,0.1991002469315244,250.72123557213598,1.0438991718088386,summer,2020-06-21,POOL_TOU
1,43,780,3,1.043431550011431,0.013204906410206756,216.5700465119683,-125.53184347829622,1.042234305666991,-217.34832851640206,-124.9359147968769,1.04380036812281,0.20715658717061802,250.60891667335122,1.043431550011431,summer,2020-06-21,POOL_TOU
1,44,785,2,1.0444452757571216,0.0246132918734916,216.66498855008683,-125.58943662710931,1.0426965582151435,-217.5033994050433,-124.97694297342008,1.0444452757571216,0.22652858699956457,250.86250367444515,1.0444874500671562,summer,2020-06-21,POOL_TOU
1,45,813,2,1.0438904746312698,0.023478974007257018,216.56916327324396,-125.52648114385829,1.0422199278477926,-217.37645942794563,-124.93040082819704,1.0438904746312698,0.217762677272351,250.721228255571,1.0438992059419985,summer,2020-06-21,POOL_TOU
1,46,817,1,1.0422929073721185,0.030761358839004403,216.58682507179083,-125.53096286229362,1.0422929073721185,-217.48525188183817,-124.96518791207221,1.044355378110262,0.21967764981964905,250.81599284491546,1.0442937730429716,summer,2020-06-21,POOL_TOU
1,47,835,3,1.0434095196285038,0.012666134218271693,216.5700222086437,-125.53191721838472,1.04223437208834,-217.34835281972664,-124.93598853696598,1.0438006088568914,0.2058447021505526,250.60362654558818,1.0434095196285038,summer,2020-06-21,POOL_TOU
1,48,860,1,1.0423150440578677,0.030102832180376175,216.59076618010428,-125.53476571320051,1.0423150440578677,-217.48519997338713,-124.96524615389299,1.0443553115290196,0.2197295582695293,250.81593460309364,1.044293530737682,summer,2020-06-21,POOL_TOU
1,49,861,1,1.0422900266158683,0.0308472525060672,216.58631219685984,-125.53046797585668,1.0422900266158683,-217.48525863692356,-124.96518033273851,1.0443553867746722,0.2196708947331239,250.8160004242482,1.044293804575512,summer,2020-06-21,POOL_TOU
1,50,886,2,1.0429393788805514,0.031439879843014426,216.60337559906233,-125.50144443412243,1.0422909069061799,-217.15040535124749,-124.86528425663745,1.0429393788805514,0.26781627772455274,250.69451098108027,1.0437881682069332,summer,2020-06-21,POOL_TOU
1,51,896,1,1.041881783550216,0.03490033246949178,216.50774971469517,-125.47048196489696,1.041881783550216,-217.4421966508711,-124.93681612479791,1.0441410935164848,0.20672437718986877,250.76291286956712,1.044072724355572,summer,2020-06-21,POOL_TOU
1,52,898,1,1.0421197792083283,0.025367271014006158,216.56305160268664,-125.48905599651658,1.0421197792083283,-217.28894358538687,-124.9057877272631,1.0435234935768225,0.24562061502405266,250.68959197851507,1.0437675929039483,summer,2020-06-21,POOL_TOU
1,53,899,2,1.043070153299247,0.02845048642804337,216.60337559906233,-125.50144443412243,1.0422909069061799,-217.18163225115472,-124.87398743162197,1.043070153299247,0.26781627772455135,250.69451098108019,1.0437881682069328,summer,2020-06-21,POOL_TOU
1,54,900,1,1.041698111416482,0.04055041954035187,216.47504643707984,-125.43893287113842,1.041698111416482,-217.44262739409277,-124.9363329331127,1.0441416462746271,0.20629363396818418,250.76339606125242,1.0440747346869679,summer,2020-06-21,POOL_TOU
1,55,906,1,1.042101594757978,0.025774929516535636,216.55992413018296,-125.485742045571,1.042101594757978,-217.28917819650462,-124.90552372555126,1.0435237926518404,0.245386003906572,250.6898559802268,1.0437686911400241,summer,2020-06-21,POOL_TOU
2,1,34,1,1.048085423247213,0.023941547897762788,217.80890529795354,-126.19683802826718,1.048085423247213,-218.21103629964335,-125.44450226124334,1.047969788024003,0.33051794531199924,251.9190033576609,1.0488867518041467,summer,2020-06-21,POOL_TOU
2,2,47,2,1.0472718955212796,0.030238645926804156,217.73580221505108,-126.10317509589365,1.047626576583079,-218.0603618885714,-125.37028158685656,1.0472718955212796,0.32970122832137033,251.85201090643224,1.0486078189111028,summer,2020-06-21,POOL_TOU
2,3,70,1,1.0480474766167622,0.023441221892607333,217.802148467409,-126.19032022660811,1.0480474766167622,-218.21112529618986,-125.44440243691072,1.0479699021239168,0.33042894876830975,251.9191031819982,1.048887166944681,summer,2020-06-21,POOL_TOU
2,4,73,1,1.0466643696144489,0.03223561030716129,217.57246925333146,-125.92405194574275,1.0466643696144489,-217.87877685630812,-125.26638521915757,1.0464008464632362,0.31339117343401207,251.73692898672581,1.04812857938015,summer,2020-06-21,POOL_TOU
2,5,74,1,1.046669677573357,0.03226004541172657,217.57342489538783,-125.92494580326608,1.046669677573357,-217.87876423924027,-125.26639894023815,1.0464008293961857,0.31340379050188005,251.73691526564522,1.0481285223167265,summer,2020-06-21,POOL_TOU
2,6,83,2,1.0472335073156227,0.0314692024269321,217.7359346952522,-126.10314765614255,1.047626996644604,-218.05123315636533,-125.36766130882518,1.0472335073156227,0.3298337085226447,251.85203834618318,1.0486079338809415,summer,2020-06-21,POOL_TOU
2,7,178,2,1.0456347002973179,0.04022897305821188,217.50494074659417,-125.84189748727869,1.0462496952309206,-217.7106515074252,-125.18962636352043,1.0456347002973179,0.31288634424646666,251.6561624061682,1.0477922986093462,summer,2020-06-21,POOL_TOU
2,8,208,3,1.0476580139964191,0.03335534975589173,217.50508641169142,-125.84275353208476,1.0462520051210344,-217.73823554406565,-125.19688176226701,1.045749321000531,0.30735183165766883,251.623917031274,1.0476580139964191,summer,2020-06-21,POOL_TOU
2,9,225,1,1.0462025211054924,0.036273395230641145,217.4974324438026,-125.83225022370772,1.0462025211054924,-217.73332218176057,-125.19217862139419,1.0457218255901204,0.3168132116992367,251.65469576991535,1.0477862126068793,summer,2020-06-21,POOL_TOU
2,10,248,2,1.0454954394847245,0.04337294785732008,217.50869402108262,-125.84054724802957,1.0462604062297343,-217.679962513596,-125.17589847802464,1.0454954394847245,0.31906749507252036,251.65505769391632,1.0477877313646555,summer,2020-06-21,POOL_TOU
2,11,249,2,1.0455268989200879,0.04238854390731849,217.50858545425743,-125.84056974341428,1.0462600618708626,-217.68744341572742,-125.17804638779339,1.0455268989200879,0.3189589282473426,251.6550351985316,1.0477876371302977,summer,2020-06-21,POOL_TOU
2,12,264,3,1.0476532284400475,0.03324897213536424,217.50508112590006,-125.8427695481904,1.0462520194669458,-217.73824082986008,-125.19689777837382,1.045749373319101,0.30706639124637697,251.6227679949341,1.0476532284400475,summer,2020-06-21,POOL_TOU
2,13,276,2,1.0452740689080178,0.04318394056032675,217.44142137580536,-125.78070536788888,1.0458931927873218,-217.6341508042304,-125.1489083480814,1.0452740689080178,0.3007434638309759,251.61059944768803,1.047602531915575,summer,2020-06-21,POOL_TOU
2,14,289,1,1.0456708031624506,0.03677509935987492,217.4009240141626,-125.74404133637744,1.0456708031624506,-217.68921030658993,-125.16484931524506,1.04550588673377,0.29581825336351236,251.6149622130853,1.0476206723316106,summer,2020-06-21,POOL_TOU
2,15,314,2,1.0453072424421521,0.04216965480858591,217.44130704111225,-125.78072939684739,1.0458928308158417,-217.64202735982872,-125.15119406235696,1.0453072424421521,0.3006291291381759,251.61057541872933,1.0476024313001746,summer,2020-06-21,POOL_TOU
2,16,320,3,1.047453500845437,0.03342538650221016,217.43999921851938,-125.78327148875127,1.0458934171580745,-217.68337679266506,-125.16520009158778,1.0454855588315088,0.29279416497967314,251.57481485802109,1.047453500845437,summer,2020-06-21,POOL_TOU
2,17,327,3,1.0474961346742107,0.03445399972849226,217.44004630158884,-125.78312880115074,1.0458932893673665,-217.68332970959662,-125.165057403987,1.045485092754586,0.295336589246225,251.58505158868923,1.0474961346742107,summer,2020-06-21,POOL_TOU
2,18,337,3,1.0468769447551451,0.03407105860965869,217.22041946298148,-125.60826063354519,1.044737195341141,-217.54702045993247,-125.05031027078076,1.0447549534476106,0.2468115358802962,251.4363881830764,1.0468769447551451,summer,2020-06-21,POOL_TOU
2,19,342,3,1.0471773855194118,0.03757854327650998,217.3066306543116,-125.67747849913725,1.045192199841797,-217.58151208280623,-125.08798539997936,1.044957633993142,0.2789723608831621,251.50851377673683,1.0471773855194118,summer,2020-06-21,POOL_TOU
2,20,349,1,1.0448778617880903,0.03904403889453984,217.24788543318076,-125.62825318866123,1.0448778617880903,-217.55784692412794,-125.0629005360474,1.0448201581928163,0.26859235919135627,251.49387974438562,1.0471164084905968,summer,2020-06-21,POOL_TOU
2,21,387,1,1.0452683370769513,0.03844220624371504,217.3214125304809,-125.6884453337097,1.0452683370769513,-217.5952148934849,-125.09769219103542,1.0450272386862314,0.2831525707280009,251.53062149300885,1.0472694522373855,summer,2020-06-21,POOL_TOU
2,22,388,1,1.0448763448214253,0.039046802453275645,217.24761510282974,-125.62799285590435,1.0448763448214253,-217.55785048520733,-125.06289654840081,1.0448201627727145,0.26858879811154657,251.49388373203334,1.0471164250776577,summer,2020-06-21,POOL_TOU
2,23,406,2,1.0445922623663713,0.04259802805608044,217.20123780500572,-125.58358100852719,1.0446166208586298,-217.51468678370472,-125.02815263360075,1.0445922623663713,0.2533763229048733,251.48210850563967,1.0470673322341042,summer,2020-06-21,POOL_TOU
2,24,458,3,1.0470164338905665,0.037293133429320904,217.2746953531215,-125.64962366192252,1.0450190359013527,-217.54269881116522,-125.0640958678693,1.0447679594105808,0.2764138528860084,251.46985958430594,1.0470164338905665,summer,2020-06-21,POOL_TOU
2,25,502,1,1.043611987619998,0.04809034386634514,217.02621678065597,-125.40421232474182,1.043611987619998,-217.51354393535922,-124.94794727782184,1.0444217589585476,0.20919796495656184,251.50388320508648,1.0471578238167025,summer,2020-06-21,POOL_TOU
2,26,522,2,1.0441533064864845,0.04766932944892075,217.22685794398973,-125.57596632565213,1.0446931012317129,-217.41692944675574,-124.9866669705777,1.0441533064864845,0.29925734913305435,251.47099910257631,1.047021287231841,summer,2020-06-21,POOL_TOU
2,27,539,3,1.0469006230392452,0.036236502105826164,217.26313785165598,-125.63671874989197,1.0449504811613048,-217.52029494758509,-125.05152780573574,1.0446610099031823,0.27489873571240464,251.44204604323272,1.0469006230392452,summer,2020-06-21,POOL_TOU
2,28,556,3,1.0469021208359,0.03627566686561481,217.26313950536672,-125.63671373691541,1.044950476673397,-217.52029329387423,-125.05152279275913,1.0446609935313014,0.27498802694850283,251.4424056831845,1.0469021208359,summer,2020-06-21,POOL_TOU
2,29,562,1,1.0436615880830198,0.047618360211654796,217.0369585471521,-125.40943350017565,1.0436615880830198,-217.48652660945046,-124.94182785812558,1.0443115274131065,0.21483093568660638,251.48962110275835,1.0470984621528376,summer,2020-06-21,POOL_TOU
2,30,563,1,1.043580529356912,0.04853886624425532,217.02059224467183,-125.39884446576754,1.043580529356912,-217.5136180798875,-124.94786500150568,1.0444218560108298,0.20912382042752264,251.5039654814007,1.0471581661241693,summer,2020-06-21,POOL_TOU
2,31,611,1,1.0436604958659945,0.047631472743315674,217.03676384624018,-125.4092461258689,1.0436604958659945,-217.48652917439352,-124.9418249878798,1.0443115307202444,0.21482837074354968,251.48962397300355,1.0470984740942164,summer,2020-06-21,POOL_TOU
2,32,614,3,1.0469532886790036,0.0449124735246707,217.21210636436817,-125.55935661409279,1.044605316784369,-217.4187360649953,-124.97780175821906,1.0441414323472165,0.29644132952611196,251.4546706897623,1.0469532886790036,summer,2020-06-21,POOL_TOU
2,33,619,3,1.046868571950927,0.042395848727228305,217.06263351865857,-125.43318959452259,1.0438036333064227,-217.4561713384004,-124.94477752544339,1.044208057651496,0.2165852686422867,251.43440507484647,1.046868571950927,summer,2020-06-21,POOL_TOU
2,34,629,1,1.0436359638676995,0.048261009928485456,217.02907879094906,-125.41076917256781,1.0436359638676995,-217.5280112154448,-124.962250124734,1.04450365328175,0.21280685677896358,251.5068088363329,1.0471700175290164,summer,2020-06-21,POOL_TOU
2,35,639,2,1.044084222008409,0.04865141339322252,217.06674867411738,-125.43155668436502,1.0438150667340877,-217.42702333029294,-124.9358062892134,1.044084222008409,0.22771816044666,251.46464449925315,1.0469945172273623,summer,2020-06-21,POOL_TOU
2,36,676,2,1.0440741384485366,0.049976677577521396,217.0620403914956,-125.4283997520832,1.043791517090371,-217.42664232587487,-124.93160828187408,1.0440741384485366,0.2239705092016251,251.47375974898642,1.04703245530338,summer,2020-06-21,POOL_TOU
2,37,682,2,1.044101843581422,0.04931737660986504,217.06194477395763,-125.42841953013445,1.0437912135899081,-217.43323112542555,-124.93349760606033,1.044101843581422,0.22387489166362773,251.47373997093518,1.0470323726013466,summer,2020-06-21,POOL_TOU
2,38,688,2,1.0438510892325314,0.05296499053472871,217.19564636811856,-125.53772895377527,1.0445009195557502,-217.3559863326308,-124.94703719925661,1.0438510892325314,0.3010323244691382,251.46731712257107,1.047005965831679,summer,2020-06-21,POOL_TOU
2,39,701,3,1.0469228179927093,0.04688806231823559,217.1752147653633,-125.52017078955922,1.0443906856624146,-217.38592091824663,-124.94619073498866,1.043957388850663,0.2949385810617033,251.4473540721195,1.0469228179927093,summer,2020-06-21,POOL_TOU
2,40,702,2,1.0438471480671299,0.050202651684433955,217.16191915667304,-125.50486199014126,1.044310862669703,-217.36404038594276,-124.9311258804302,1.0438471480671299,0.2981543427550307,251.45771337899237,1.0469659655938617,summer,2020-06-21,POOL_TOU
2,41,755,2,1.043566857744328,0.052619415949244956,217.14193803135015,-125.4730176894982,1.0441724927636593,-217.30151757324094,-124.90481207690128,1.043566857744328,0.3041879587358124,251.4312695672464,1.046855894739599,summer,2020-06-21,POOL_TOU
2,42,778,3,1.046928689374466,0.04705309262760002,217.17522124963045,-125.52015113915876,1.0443906680961217,-217.38591443398403,-124.94617108458709,1.0439573246732468,0.2952887253808061,251.4487638371781,1.046928689374466,summer,2020-06-21,POOL_TOU
2,43,780,3,1.0465607093778933,0.046909462204988164,217.13927079114652,-125.46745128370775,1.0441512819976475,-217.2752760944464,-124.90115866286176,1.0434645529884967,0.2984843679551876,251.36037940814722,1.0465607093778933,summer,2020-06-21,POOL_TOU
2,44,785,2,1.0441295512804243,0.04767623549976258,217.22166860089658,-125.56948482631219,1.0446608896663625,-217.41310430776784,-124.98187298719544,1.0441295512804243,0.2998128608501305,251.46978754196417,1.047016245556434,summer,2020-06-21,POOL_TOU
2,45,813,2,1.0435555468614781,0.05293910926676591,217.14197724385463,-125.47300997853768,1.0441726180622024,-217.29881341183267,-124.90406526763013,1.0435555468614781,0.30422717123981824,251.431277278207,1.0468559270423392,summer,2020-06-21,POOL_TOU
2,46,817,1,1.0441730882562703,0.04896851249881308,217.13672251013048,-125.48232901422325,1.0441730882562703,-217.39824807868507,-124.9547603859525,1.0440196677123592,0.2982452032397186,251.46745843577634,1.0470065403732585,summer,2020-06-21,POOL_TOU
2,47,835,3,1.0465646578342143,0.047014971056927896,217.1392751518565,-125.46743806902764,1.0441512701911622,-217.27527173373628,-124.90114544818218,1.0434645098269915,0.2987198441805302,251.3613274602893,1.0465646578342143,summer,2020-06-21,POOL_TOU
2,48,860,1,1.044220218371903,0.04867800149451775,217.14512359393774,-125.49041479668621,1.044220218371903,-217.39813740571444,-124.95488424503353,1.0440195251906703,0.29835587620901444,251.4673345766943,1.047006025222584,summer,2020-06-21,POOL_TOU
2,49,861,1,1.0442103232543283,0.04873516853965252,217.14335977689865,-125.48871713635315,1.0442103232543283,-217.39816064158532,-124.95485824009451,1.0440195551118499,0.29833264033814216,251.46736058163336,1.0470061333814684,summer,2020-06-21,POOL_TOU
2,50,886,2,1.0427847195362399,0.06664419744296254,217.16189274536913,-125.43611960729234,1.0441675813835203,-217.12105694883454,-124.84180565987904,1.0427847195362399,0.3454115640673881,251.42545865942392,1.0468319222837714,summer,2020-06-21,POOL_TOU
2,51,896,1,1.0439441088797403,0.05125736091890672,217.09804562183686,-125.43934120903523,1.0439441088797403,-217.35466910538082,-124.91636086788006,1.0437826861022654,0.2943258357805542,251.45395324194232,1.0469502911802369,summer,2020-06-21,POOL_TOU
2,52,898,1,1.0439848222517178,0.05604853078871047,217.1208450281437,-125.41942443525389,1.0439848222517178,-217.22679070037262,-124.87292170667435,1.0432309444427985,0.32640480047866643,251.42122017160025,1.0468141692728234,summer,2020-06-21,POOL_TOU
2,53,899,2,1.042774619973396,0.06694991880391879,217.16189274536904,-125.43611960729231,1.04416758138352,-217.11864532467607,-124.84113353976213,1.042774619973396,0.3454115640673851,251.4254586594238,1.046831922283771,summer,2020-06-21,POOL_TOU
2,54,900,1,1.0438134923556968,0.052279409167864416,217.0747606625373,-125.41693458275523,1.0438134923556968,-217.35497585811328,-124.91601763529854,1.0437830813605071,0.29401908304812524,251.45429647452386,1.0469517187626658,summer,2020-06-21,POOL_TOU
2,55,906,1,1.0439737614875186,0.05603409350559623,217.11901979437562,-125.41727315549656,1.0439737614875186,-217.2270858344417,-124.87259068991055,1.0432313229144117,0.3261096664097575,251.42155118836382,1.0468155458930828,summer,2020-06-21,POOL_TOU
3,1,34,1,1.0488778832805516,0.01558736706714088,218.04039255067104,-126.17688983685353,1.0488778832805516,-218.23183535153723,-125.59481958840615,1.0483569062033538,0.2905889912897718,251.9356132489809,1.0489557034887265,summer,2020-06-21,POOL_TOU
3,2,47,2,1.0477809438993853,0.021038566719846483,218.0091432098871,-126.12907224545533,1.048665557195081,-218.09869154963403,-125.54883559096815,1.0477809438993853,0.3005406736498145,251.86494423036135,1.048661515936222,summer,2020-06-21,POOL_TOU
3,3,70,1,1.0488533016482773,0.014824312049936329,218.03601328771114,-126.17266994109238,1.0488533016482773,-218.2318930370864,-125.59475495304466,1.048356980134297,0.290531305743482,251.9356778843473,1.048955972326303,summer,2020-06-21,POOL_TOU
3,4,73,1,1.0481322033772982,0.021353340029770546,217.9206730761188,-126.02618022527386,1.0481322033772982,-217.93011889923653,-125.48741450917167,1.0470450873345118,0.3066564625359015,251.7446457706234,1.0481606742987688,summer,2020-06-21,POOL_TOU
3,5,74,1,1.0481385785293456,0.021526401434944543,217.92182072335348,-126.02725426719823,1.0481385785293456,-217.9301037478145,-125.48743099547787,1.0470450669182125,0.30667161395787934,251.74462928431723,1.0481606057335509,summer,2020-06-21,POOL_TOU
3,6,83,2,1.047770834092362,0.021305501602220518,218.00917809564677,-126.1290650003776,1.0486656678135278,-218.0962878004486,-125.54814423872293,1.047770834092362,0.30057555940973635,251.86495147543872,1.0486615462750173,summer,2020-06-21,POOL_TOU
3,7,178,2,1.0464049911660955,0.03097444897890218,217.9057450083709,-125.99739667482616,1.0480184049622117,-217.7792183002156,-125.44138516761112,1.0464049911660955,0.32043379620887263,251.66052214264943,1.0478104902637506,summer,2020-06-21,POOL_TOU
3,8,208,3,1.0477108790387506,0.02859101281332281,217.9061576156624,-125.99787840293884,1.0480208961587132,-217.79970052723584,-125.44639873906075,1.0464893076467487,0.31667104565050413,251.6366024904961,1.0477108790387506,summer,2020-06-21,POOL_TOU
3,9,225,1,1.0479803629408744,0.0276374769055655,217.89999481951122,-125.98908815720102,1.0479803629408744,-217.7951352640748,-125.4421741487123,1.0464640576011166,0.3241634702332153,251.65975298624596,1.0478073077069103,summer,2020-06-21,POOL_TOU
3,10,248,2,1.0462521660967832,0.03476900884898211,217.90959743945675,-125.99596432334822,1.0480293055685366,-217.74520519563794,-125.42689614541018,1.0462521660967832,0.32624528717564577,251.66010298135015,1.0478087761404653,summer,2020-06-21,POOL_TOU
3,11,249,2,1.0462865300417588,0.033768291932121074,217.90947886722915,-125.99598898285733,1.0480289295751752,-217.75337504936016,-125.42924837241071,1.0462865300417588,0.32612671494806655,251.66007832184104,1.0478086728287388,summer,2020-06-21,POOL_TOU
3,12,264,3,1.0477086386707062,0.028599775100912155,217.90615514081463,-125.9978859008185,1.048020902865015,-217.79970300208663,-125.44640623694146,1.046489332156859,0.3165373950609958,251.63606457175607,1.0477086386707062,summer,2020-06-21,POOL_TOU
3,13,276,2,1.0461428001499193,0.032672118447912735,217.87645471536436,-125.97131426436945,1.047858471771584,-217.71676598824894,-125.42364189175456,1.0461428001499193,0.31828606129580367,251.60905355391756,1.0475961853116744,summer,2020-06-21,POOL_TOU
3,14,289,1,1.0477830650297377,0.02685719302556991,217.86263283398185,-125.959036983499,1.0477830650297377,-217.75223176235784,-125.43378623857662,1.0462918358925086,0.3151757163240116,251.6126317643253,1.0476110671764611,summer,2020-06-21,POOL_TOU
3,15,314,2,1.0461644106854113,0.0320499912777752,217.8763803194509,-125.9713301301851,1.0478582366780527,-217.72188993067422,-125.42514530928122,1.0461644106854113,0.3182116653825335,251.60903768810155,1.047596118861282,summer,2020-06-21,POOL_TOU
3,16,320,3,1.0474697726430038,0.029050891907275857,217.8753910294578,-125.97345283675304,1.0478590946326534,-217.74885931456646,-125.43468820490295,1.0462815432770218,0.3116659571338706,251.57870031245167,1.0474697726430038,summer,2020-06-21,POOL_TOU
3,17,327,3,1.0475069817012215,0.028900087750522604,217.8754321310099,-125.97332830792897,1.0478589832557266,-217.74881821301534,-125.43456367607862,1.0462811361855502,0.31388555354284725,251.587634346357,1.0475069817012215,summer,2020-06-21,POOL_TOU
3,18,337,3,1.0468552429973808,0.029017139809385646,217.74972686201735,-125.8789157251686,1.04720912522622,-217.6145777165776,-125.36533360002943,1.0456529449604728,0.29417271466903755,251.43112495041345,1.0468552429973808,summer,2020-06-21,POOL_TOU
3,19,342,3,1.047157938797189,0.03033648564968674,217.80544712567345,-125.91948816152822,1.0474945201956805,-217.64555372796283,-125.38696547215474,1.0458096575910858,0.3168545437611283,251.50379823208795,1.047157938797189,summer,2020-06-21,POOL_TOU
3,20,349,1,1.047273293903726,0.02812015020156741,217.76367930948746,-125.88557448988897,1.047273293903726,-217.62372866380298,-125.37138870821406,1.0456985439883089,0.3117005863505771,251.4875197468155,1.0470901351988318,summer,2020-06-21,POOL_TOU
3,21,387,1,1.0475250244782142,0.02972103070464646,217.81166162209556,-125.92337693384609,1.0475250244782142,-217.65918609068325,-125.39270800835646,1.0458707746744937,0.31846978965325756,251.52576488504212,1.04724940721572,summer,2020-06-21,POOL_TOU
3,22,388,1,1.0472651677468807,0.027898767037430397,217.7622309929153,-125.88418013417983,1.0472651677468807,-217.6237477429995,-125.37136734973015,1.0456985684297477,0.3116815071536096,251.48754110530072,1.0470902240281492,summer,2020-06-21,POOL_TOU
3,23,406,2,1.0455327451409115,0.030203434312617284,217.73794190961019,-125.86217886763748,1.0471317695159814,-217.59032641281638,-125.3495965743862,1.0455327451409115,0.30228394689785243,251.47336367237577,1.0470311473808795,summer,2020-06-21,POOL_TOU
3,24,458,3,1.0469725013159015,0.031799953842790794,217.79312175452873,-125.90763400892017,1.0474253900584072,-217.6062385312153,-125.37251921812475,1.0456377946866249,0.3192423643896156,251.45925722662298,1.0469725013159015,summer,2020-06-21,POOL_TOU
3,25,502,1,1.0463808724100334,0.021537111441443792,217.60920373911546,-125.7245075331488,1.0463808724100334,-217.58236291027126,-125.28870714336449,1.0453774846404875,0.2747830693821928,251.49389945296699,1.0471165183940596,summer,2020-06-21,POOL_TOU
3,26,522,2,1.0450994731057728,0.038096462939535176,217.78944928593918,-125.87180259794414,1.0473374925815073,-217.48715065608886,-125.32022468333585,1.0450994731057728,0.35642041709910105,251.45572190164577,1.0469579896722614,summer,2020-06-21,POOL_TOU
3,27,539,3,1.0469074186586156,0.03291041625366255,217.79152815139773,-125.90216314870233,1.0474082455276865,-217.5830593307726,-125.36405100580463,1.045536570933543,0.3240466396847802,251.44361966472104,1.0469074186586156,summer,2020-06-21,POOL_TOU
3,28,556,3,1.0469087621156412,0.032905396635666447,217.79152963559176,-125.90215865257593,1.0474082415087065,-217.5830578465784,-125.36404650967822,1.0455365562335448,0.32412679372534153,251.44394223011278,1.0469087621156412,summer,2020-06-21,POOL_TOU
3,29,562,1,1.0464510732635885,0.02396828661331163,217.6237155162519,-125.73309365120065,1.0464510732635885,-217.56132911660333,-125.28278656807763,1.0452892907880391,0.2796542906211076,251.4857132120305,1.0470824566723338,summer,2020-06-21,POOL_TOU
3,30,563,1,1.0463535452485813,0.02112143458282122,217.60431285254643,-125.7198529955067,1.0463535452485813,-217.58242739767755,-125.28863578577611,1.045377569064662,0.2747185819750723,251.4939708105534,1.0471168152038361,summer,2020-06-21,POOL_TOU
3,31,611,1,1.0464516016970935,0.023978187428961996,217.62380972065444,-125.73318430125673,1.0464516016970935,-217.561327875567,-125.28278795668794,1.0452892891954033,0.2796555316573814,251.4857118234196,1.0470824508964856,summer,2020-06-21,POOL_TOU
3,32,614,3,1.046896396922663,0.03768272249542184,217.7860705217509,-125.8637336460759,1.0473085019444426,-217.47702668195376,-125.31321701732602,1.04504838347497,0.35880659831375233,251.44092528734924,1.046896396922663,summer,2020-06-21,POOL_TOU
3,33,619,3,1.0469342257329046,0.025961214079438404,217.64410652590084,-125.75035285982231,1.0465605347971436,-217.53827654791368,-125.28372988281997,1.0452080757934032,0.2822913231380071,251.45010847549247,1.0469342257329046,summer,2020-06-21,POOL_TOU
3,34,629,1,1.046577918474753,0.02303085766250431,217.6428278655186,-125.76091122714706,1.046577918474753,-217.59115040896867,-125.30353609829125,1.0454400013372263,0.27965777538153586,251.49099497429123,1.04710444773398,summer,2020-06-21,POOL_TOU
3,35,639,2,1.0451279445914645,0.028844397907185446,217.64677305498782,-125.74929876384137,1.046567952307026,-217.5193911615999,-125.27795834267471,1.0451279445914645,0.2895252279207388,251.46975964191338,1.0470160792007015,summer,2020-06-21,POOL_TOU
3,36,676,2,1.045092779948904,0.030401942014798775,217.64382526532836,-125.7472132299427,1.0465529811788739,-217.51238111829917,-125.27320726518818,1.045092779948904,0.28720299596050824,251.4757187579994,1.047040879375598,summer,2020-06-21,POOL_TOU
3,37,682,2,1.0451174927350686,0.029613312087794403,217.6437399929819,-125.74723095790999,1.0465527106877262,-217.5182565789017,-125.27489846088173,1.0451174927350686,0.2871177236138077,251.47570103003224,1.0470408051583528,summer,2020-06-21,POOL_TOU
3,38,688,2,1.0447687979938465,0.04388309178046899,217.78253003615453,-125.85279776999047,1.0472729562607916,-217.41351998419003,-125.2889312291179,1.0447687979938465,0.3670892466088299,251.4463743019323,1.046919134105431,summer,2020-06-21,POOL_TOU
3,39,701,3,1.0468192751108383,0.039122075091214875,217.77614332892904,-125.84628690151204,1.0472363689818354,-217.43775255486935,-125.29337326049843,1.0448654508726876,0.3658877314764315,251.42239212292995,1.0468192751108383,summer,2020-06-21,POOL_TOU
3,40,702,2,1.0447531974176758,0.04106312631900945,217.77396915397426,-125.83927986503865,1.0472139343427576,-217.41290774652862,-125.2824891744468,1.0447531974176758,0.3734706617678441,251.43228865486728,1.0468605265262825,summer,2020-06-21,POOL_TOU
3,41,755,2,1.0444762943715935,0.04456702501545595,217.77489827339778,-125.8233937037355,1.047184192625559,-217.3475818351236,-125.26264984204767,1.0444762943715935,0.38772777886917575,251.40976297548664,1.0467668289425787,summer,2020-06-21,POOL_TOU
3,42,778,3,1.046817878963422,0.03911972541192134,217.77614178573677,-125.8462915737206,1.0472363731518222,-217.43775409806582,-125.2933779327059,1.0448654661521581,0.3658043770283883,251.42205692037246,1.046817878963422,summer,2020-06-21,POOL_TOU
3,43,780,3,1.046549935608538,0.04429296921650486,217.7759354377104,-125.81994337134024,1.0471807450541202,-217.3283294331924,-125.26049355746837,1.0444023613638498,0.38587341023220806,251.3576728223966,1.046549935608538,summer,2020-06-21,POOL_TOU
3,44,785,2,1.0450254837242625,0.039517935388655896,217.78876684923154,-125.86855411945461,1.0473282646254911,-217.47038818809096,-125.31372155400729,1.0450254837242625,0.3587970376959556,251.4537514422409,1.046949799580575,summer,2020-06-21,POOL_TOU
3,45,813,2,1.0444636276909987,0.04494714461258915,217.7749421819729,-125.82338503010936,1.0471843328546235,-217.34455403164702,-125.26181085093012,1.0444636276909987,0.3877716874437826,251.40977164911297,1.0467668653378637,summer,2020-06-21,POOL_TOU
3,46,817,1,1.0470773995157028,0.03422443575553533,217.747438334066,-125.8196500513264,1.0470773995157028,-217.45215135715128,-125.29800772581456,1.0449270288707304,0.3660589398870291,251.44518690802963,1.0469141840429212,summer,2020-06-21,POOL_TOU
3,47,835,3,1.0465500975575053,0.04429306955577905,217.7759356167575,-125.81994282939205,1.0471807445708028,-217.32832925414525,-125.26049301552067,1.044402359591194,0.38588308208001704,251.35771170412684,1.0465500975575053,summer,2020-06-21,POOL_TOU
3,48,860,1,1.0470949680025265,0.03465245064799803,217.7505701301269,-125.82266399401392,1.0470949680025265,-217.4521100996167,-125.29805389413454,1.0449269760024522,0.3661001974202179,251.44514073970856,1.046913992067551,summer,2020-06-21,POOL_TOU
3,49,861,1,1.0470859262907666,0.03443166362634189,217.74895834050935,-125.82111284492316,1.0470859262907666,-217.4521313329341,-125.29803013326303,1.0449270032108444,0.36607896410285,251.44516450058012,1.046914090869108,summer,2020-06-21,POOL_TOU
3,50,886,2,1.0438305524173646,0.056797638961959315,217.797741437539,-125.79718095785518,1.047211955444971,-217.1976056991153,-125.21227478942257,1.0438305524173646,0.4247291265752208,251.40564902191215,1.0467499491043593,summer,2020-06-21,POOL_TOU
3,51,896,1,1.047075681212775,0.03835008486577902,217.7516099127064,-125.81160537176368,1.047075681212775,-217.39964069571317,-125.27471463157713,1.0446891748806217,0.37663197107505747,251.42597574783642,1.0468342618728939,summer,2020-06-21,POOL_TOU
3,52,898,1,1.04707849035816,0.04490292734909398,217.76700767480818,-125.78630046425778,1.04707849035816,-217.28719475758402,-125.23872187137323,1.0442087099042856,0.4091252388328442,251.40213639732426,1.0467352162754289,summer,2020-06-21,POOL_TOU
3,53,899,2,1.0438480230234553,0.05624956486165047,217.797741437539,-125.79718095785515,1.047211955444971,-217.20177611504587,-125.2134421281568,1.0438480230234553,0.4247291265752079,251.40564902191224,1.0467499491043597,summer,2020-06-21,POOL_TOU
3,54,900,1,1.0470389923774936,0.03744977335407863,217.7450694161749,-125.80531153467321,1.0470389923774936,-217.39972685922277,-125.2746182204283,1.0446892852969305,0.3765458075655452,251.4260721589853,1.046834662750991,summer,2020-06-21,POOL_TOU
3,55,906,1,1.0470733990126435,0.04478594785198926,217.76621392566236,-125.78522983502818,1.0470733990126435,-217.2873996014378,-125.2384917498971,1.0442089703796722,0.4089203949792746,251.4023665188003,1.046736173016569,summer,2020-06-21,POOL_TOU
4,1,34,1,1.048885504125215,0.02508169175812702,218.0401901924964,-126.1808938514806,1.048885504125215,-218.1854420469363,-125.50047209759651,1.0479935759186256,0.32859336093701264,251.91832222805957,1.0488839053838073,summer,2020-06-21,POOL_TOU
4,2,47,2,1.047282878334697,0.032024390419396906,218.01850927842906,-126.12925406194024,1.0486996907988206,-218.02027142489,-125.44527563596321,1.047282878334697,0.34983981116333923,251.84424174749208,1.0485755845181381,summer,2020-06-21,POOL_TOU
4,3,70,1,1.0488609890901595,0.024300695318660654,218.03582201210997,-126.17668678057007,1.0488609890901595,-218.18549958880004,-125.50040765628499,1.0479936498160676,0.3285358190762644,251.91838666937582,1.0488841733779186,summer,2020-06-21,POOL_TOU
4,4,73,1,1.0482155118558398,0.03517438587744434,217.94583804285799,-126.02263251757475,1.0482155118558398,-217.8058041421854,-125.37078878355638,1.0463542459610804,0.37244154080908576,251.71765284689747,1.0480486565589893,summer,2020-06-21,POOL_TOU
4,5,74,1,1.0482193696033104,0.035284862058846365,217.94653885095994,-126.0232715050182,1.0482193696033104,-217.8057948719255,-125.37079861119086,1.0463542329221929,0.372450811068968,251.71764301926294,1.048048615697965,summer,2020-06-21,POOL_TOU
4,6,83,2,1.0472517161924597,0.032787059971153984,218.0186168135442,-126.12923175119803,1.0487000318311426,-218.01286176753757,-125.44314609861375,1.0472517161924597,0.3499473462786045,251.84426405823402,1.0485756780327335,summer,2020-06-21,POOL_TOU
4,7,178,2,1.0455926675404787,0.04574716540979971,217.93263676244484,-125.98360743888682,1.0480866005216638,-217.62706893017122,-125.31463862582115,1.0455926675404787,0.39525075097312923,251.6317920088795,1.0476913130339414,summer,2020-06-21,POOL_TOU
4,8,208,3,1.0476166897662595,0.04353434470917308,217.9325243643339,-125.9834190372859,1.0480858027819577,-217.64699556420277,-125.31883800590963,1.0456732910914528,0.3925525196897079,251.6138733651577,1.0476166897662595,summer,2020-06-21,POOL_TOU
4,9,225,1,1.048011571844704,0.04165654259278803,217.9202074677097,-125.96910200598923,1.048011571844704,-217.64263473934918,-125.31423036123653,1.0456479836786474,0.39851916427228656,251.63226264254564,1.047693294017746,summer,2020-06-21,POOL_TOU
4,10,248,2,1.0454312974026745,0.04963760393034158,217.93527153142833,-125.98116940496702,1.0480910176428593,-217.59152656766673,-125.29869375513047,1.0454312974026745,0.4007267900302974,251.63254531300313,1.0476944855357826,summer,2020-06-21,POOL_TOU
4,11,249,2,1.045463183914574,0.04873946178967126,217.93516151470732,-125.98119229309648,1.0480906687637759,-217.59910688881348,-125.30087681248133,1.045463183914574,0.40061677330928774,251.63252242487368,1.047694389509892,summer,2020-06-21,POOL_TOU
4,12,264,3,1.0476145891627395,0.04354217011594047,217.93252204174877,-125.98342606671213,1.0480858090576688,-217.64699788679076,-125.31884503533686,1.0456733140759302,0.3924270540501659,251.61336904210935,1.0476145891627395,summer,2020-06-21,POOL_TOU
4,13,276,2,1.0450965521180424,0.05282463416168573,217.91190620522156,-125.95557214069002,1.047953456961782,-217.50925440650332,-125.2804512625487,1.0450965521180424,0.40246956627625674,251.57577972563078,1.0474581491461044,summer,2020-06-21,POOL_TOU
4,14,289,1,1.0478712405516926,0.04298462295176303,217.8957722203328,-125.94402582008189,1.0478712405516926,-217.5795600136522,-125.30223670363883,1.0453954825390896,0.3970709009226873,251.57847913121313,1.047469352614483,summer,2020-06-21,POOL_TOU
4,15,314,2,1.045165107417827,0.050878720161117975,217.91166985044373,-125.9556217352027,1.047952708299323,-217.5255373819029,-125.28517083167382,1.045165107417827,0.4022332114987763,251.57573013111772,1.0474579410815972,summer,2020-06-21,POOL_TOU
4,16,320,3,1.0473403825528969,0.045673150367944906,217.91043831410778,-125.95764293632057,1.0479524803199307,-217.57239766822207,-125.30027551401261,1.045365565451514,0.3958186797444985,251.54750533185083,1.0473403825528969,summer,2020-06-21,POOL_TOU
4,17,327,3,1.0473762512266203,0.04553176769378403,217.91047797525675,-125.95752290667174,1.0479523731916227,-217.5723580070741,-125.30015548436357,1.0453651729469018,0.3979612035687286,251.55611681815867,1.0473762512266203,summer,2020-06-21,POOL_TOU
4,18,337,3,1.0465304802463289,0.046427376583365244,217.7774989892042,-125.87284721131437,1.0472965905526832,-217.42559587125922,-125.24039254404758,1.0447114748356057,0.37393116191222836,251.35301812237245,1.0465304802463289,summer,2020-06-21,POOL_TOU
4,19,342,3,1.0469389308674566,0.04747953175048327,217.83823755766576,-125.90422381382783,1.0475809130560607,-217.45520834569487,-125.2524972982935,1.0448434682872159,0.40206318271265734,251.45107555790975,1.0469389308674566,summer,2020-06-21,POOL_TOU
4,20,349,1,1.0473868838793718,0.04583262008824853,217.79916527304886,-125.87869838515475,1.0473868838793718,-217.43175918098504,-125.2411689132762,1.044735324635366,0.3962399384091939,251.42497829338498,1.0468302343707392,summer,2020-06-21,POOL_TOU
4,21,387,1,1.0476085325668778,0.04655553699340653,217.8439322482251,-125.90762741032412,1.0476085325668778,-217.47120588938773,-125.25862559782215,1.0449139210258835,0.4039098745238046,251.47833613177556,1.0470524447237615,summer,2020-06-21,POOL_TOU
4,22,388,1,1.047380645085656,0.04565266666155108,217.79805323980352,-125.87762798189107,1.047380645085656,-217.43177383041257,-125.24115251681553,1.0447353434144602,0.3962252889814382,251.4249946898469,1.0468303025425718,summer,2020-06-21,POOL_TOU
4,23,406,2,1.0446013957333011,0.046859598183096124,217.76328404331662,-125.85838336728877,1.0472152134843598,-217.40254482704256,-125.22744162374939,1.0446013957333011,0.3801755640834189,251.3898205423661,1.0466837490271175,summer,2020-06-21,POOL_TOU
4,24,458,3,1.0467970009548087,0.04928890620763378,217.82696456540737,-125.88887990653022,1.0475083080857266,-217.40771885595677,-125.233339591436,1.0446323199607144,0.4096611345947668,251.41697484727962,1.0467970009548087,summer,2020-06-21,POOL_TOU
4,25,502,1,1.0464401391450107,0.03412311971952276,217.61671904658496,-125.73995355099758,1.0464401391450107,-217.40945482185256,-125.18980975237714,1.0445481308917113,0.33353593912109697,251.35191731569384,1.0465256602546849,summer,2020-06-21,POOL_TOU
4,26,522,2,1.043954786486631,0.05750217781829233,217.82640183022227,-125.84131834494576,1.0474072054514252,-217.25964439430027,-125.16438261992299,1.043954786486631,0.4545187401529961,251.41732735701962,1.0467987896394042,summer,2020-06-21,POOL_TOU
4,27,539,3,1.0467292774414365,0.05069423382243686,217.82609334826805,-125.88065128380128,1.047488024647558,-217.37947146635292,-125.22141492407992,1.044505626233979,0.415712473145181,251.40069921362232,1.0467292774414365,summer,2020-06-21,POOL_TOU
4,28,556,3,1.0467368577324974,0.05066909308126962,217.8261017319493,-125.88062591802611,1.0474880020264192,-217.37946308267158,-125.22138955830472,1.0445055432703598,0.41616539953999837,251.40251908371957,1.0467368577324974,summer,2020-06-21,POOL_TOU
4,29,562,1,1.0464524000357043,0.03564926123568719,217.61663729297433,-125.74598104303836,1.0464524000357043,-217.39349470274334,-125.19051604321784,1.044492012435335,0.3318398748220774,251.32603277877578,1.0464178785665235,summer,2020-06-21,POOL_TOU
4,30,563,1,1.0464101168708053,0.03331390755112119,217.61134504128896,-125.73484141198344,1.0464101168708053,-217.40952568161097,-125.1897313769688,1.0445482237267354,0.3334650793619819,251.35199569110026,1.0465259861855063,summer,2020-06-21,POOL_TOU
4,31,611,1,1.0464613192333754,0.03589916573648154,217.6182282416548,-125.74750944122663,1.0464613192333754,-217.39347374109266,-125.19053945858498,1.0444919854561867,0.3318608364726607,251.32600936340813,1.0464177811900044,summer,2020-06-21,POOL_TOU
4,32,614,3,1.046753475657525,0.056598902401622034,217.82297216434128,-125.8307457436174,1.047372820925845,-217.2517814756162,-125.15624981643518,1.0439095160193375,0.4587031036540119,251.40643633099552,1.046753475657525,summer,2020-06-21,POOL_TOU
4,33,619,3,1.0460614608565082,0.041134034753225024,217.63927080818397,-125.78020605015038,1.0466052909652994,-217.37400035377948,-125.20290596879371,1.0444474223827247,0.32266174943873355,251.2404410689096,1.0460614608565082,summer,2020-06-21,POOL_TOU
4,34,629,1,1.0466377039074959,0.03715123345894484,217.6540098079981,-125.77025995999178,1.0466377039074959,-217.4144414410039,-125.19850989126198,1.0445841995296021,0.34347407238363303,251.36450032053054,1.0465781063248374,summer,2020-06-21,POOL_TOU
4,35,639,2,1.0443572670452381,0.04215344057831913,217.6424054760707,-125.77842186166734,1.0466128739942502,-217.3530254725596,-125.19593798558043,1.0443572670452381,0.3363737556745171,251.28526317531052,1.0462481561581445,summer,2020-06-21,POOL_TOU
4,36,676,2,1.044328128338715,0.04287486787175897,217.64020616495785,-125.77259374329272,1.0465928040495138,-217.3491814580276,-125.18859000939298,1.044328128338715,0.3356236359645644,251.30005577971536,1.0463097421733065,summer,2020-06-21,POOL_TOU
4,37,682,2,1.044352676780518,0.04219971501592195,217.64012146024442,-125.77261135608272,1.0465925353875518,-217.35501779243808,-125.19027014557517,1.044352676780518,0.3355389312511202,251.30003816692536,1.0463096683700919,summer,2020-06-21,POOL_TOU
4,38,688,2,1.0435960023997404,0.06320222321502572,217.81958500265506,-125.8171104554282,1.0473322123831836,-217.18111381005022,-125.1280719983369,1.0435960023997404,0.46821002893731617,251.41147549014755,1.0467745295510567,summer,2020-06-21,POOL_TOU
4,39,701,3,1.0466720769322582,0.058745938319078574,217.81560126542993,-125.80925687846396,1.0473014945639487,-217.20099963981988,-125.13029054379186,1.0436723553402558,0.4695151449504052,251.38686617772555,1.0466720769322582,summer,2020-06-21,POOL_TOU
4,40,702,2,1.043549537603353,0.06061641576581551,217.81612287347446,-125.80156562473624,1.0472873588751521,-217.17391229955604,-125.11821674051066,1.043549537603353,0.48023235244277657,251.39899368637208,1.0467226550286022,summer,2020-06-21,POOL_TOU
4,41,755,2,1.043135171470186,0.06668401176582643,217.83061924174004,-125.78321422456862,1.0473014150208046,-217.07611840266114,-125.08859841951008,1.043135171470186,0.5077529870464217,251.37916259081445,1.0466403119265033,summer,2020-06-21,POOL_TOU
4,42,778,3,1.0466830986762545,0.05875904478004394,217.8156134633021,-125.80921999924803,1.0473014617427274,-217.20098744195215,-125.13025366457497,1.0436722346834066,0.47017427347993224,251.38951212769246,1.0466830986762545,summer,2020-06-21,POOL_TOU
4,43,780,3,1.0464298142800366,0.06802906356716441,217.8414420223781,-125.77834036925171,1.0473302913110711,-217.03584685103823,-125.08029131947853,1.042972624568238,0.5152039123618474,251.32859048118814,1.0464298142800366,summer,2020-06-21,POOL_TOU
4,44,785,2,1.0439168630814892,0.0577294516034819,217.8254897362717,-125.83717122630603,1.047395279736359,-217.25177728533816,-125.15979205255852,1.0439168630814892,0.4571794782812889,251.4160153759254,1.0467933471914275,summer,2020-06-21,POOL_TOU
4,45,813,2,1.0431263650567706,0.06694491191659593,217.83064984896325,-125.78320836232966,1.0473015131739825,-217.07400684970048,-125.08802645663381,1.0431263650567706,0.507783594269036,251.37916845305352,1.046640336591787,summer,2020-06-21,POOL_TOU
4,46,817,1,1.0470595496251132,0.05131403482739542,217.77099803742823,-125.77029605375989,1.0470595496251132,-217.22103500879587,-125.13673026320097,1.0437580218334692,0.46738258091557494,251.4109474277773,1.0467723245126845,summer,2020-06-21,POOL_TOU
4,47,835,3,1.0464316473274393,0.06803141123542086,217.84144405211768,-125.77833423616404,1.04733028586135,-217.03584482129875,-125.08028518639134,1.0429726044956023,0.5153136114547298,251.32903051434621,1.0464316473274393,summer,2020-06-21,POOL_TOU
4,48,860,1,1.0471008527230006,0.052358270274878174,217.77836234412737,-125.77738016546387,1.0471008527230006,-217.22093798989107,-125.13683878279306,1.0437578973556678,0.4674795998190727,251.41083890818405,1.0467718734340872,summer,2020-06-21,POOL_TOU
4,49,861,1,1.0470774578102624,0.05176514520156388,217.77419107257495,-125.77336755001966,1.0470774578102624,-217.22099294303266,-125.13677731467835,1.0437579678603073,0.4674246466775518,251.41090037629883,1.0467721289358696,summer,2020-06-21,POOL_TOU
4,50,886,2,1.0421506828313134,0.08593604250920137,217.88214354307559,-125.75220677070584,1.0474226575427437,-216.8458967579423,-125.01452376804164,1.0421506828313134,0.572572969137553,251.38052747660484,1.0466465746514921,summer,2020-06-21,POOL_TOU
4,51,896,1,1.047158766909097,0.05896894916520922,217.79778650591257,-125.77155942587814,1.047158766909097,-217.14545847295418,-125.10564848269769,1.043420762471836,0.488570260748313,251.39390903011102,1.046701551567439,summer,2020-06-21,POOL_TOU
4,52,898,1,1.0472728488664973,0.0705491832232793,217.8451270891518,-125.74436258983629,1.0472728488664973,-216.97119138993622,-125.05161418471084,1.0426797683086548,0.5492499631575694,251.37530580593008,1.0466246171633213,summer,2020-06-21,POOL_TOU
4,53,899,2,1.0420967958957021,0.0876172617316358,217.88214354307559,-125.75220677070581,1.0474226575427437,-216.8330335376819,-125.01092274986186,1.0420967958957021,0.5725729691375552,251.38052747660475,1.046646574651492,summer,2020-06-21,POOL_TOU
4,54,900,1,1.0471235544060737,0.05806799993531748,217.79150729520612,-125.76552117704725,1.0471235544060737,-217.1455411987771,-125.1055559821095,1.0434208686554234,0.4884875349254391,251.39400153069928,1.0467019360313161,summer,2020-06-21,POOL_TOU
4,55,906,1,1.0472606473787,0.07024927589443379,217.84304830509012,-125.74210191447489,1.0472606473787,-216.97137003074397,-125.0514133544638,1.0426799951815178,0.549071322349876,251.37550663617697,1.0466254517099745,summer,2020-06-21,POOL_TOU
5,1,34,1,1.047233250097287,0.03313467109034517,217.51856860945313,-126.28947705976074,1.047233250097287,-218.25955814354782,-125.44711424691147,1.0481503579537736,0.6068888049836582,251.49345273742736,1.047117082237762,summer,2020-06-21,POOL_TOU
5,2,47,2,1.047591482510526,0.024426209645422074,217.46046886461139,-126.29537166223459,1.0470363826923648,-218.1092760677348,-125.43919818564257,1.047591482510526,0.5757358845844024,251.25351176781024,1.046117765586093,summer,2020-06-21,POOL_TOU
5,3,70,1,1.0469854669634222,0.04059839588084316,217.4744841712713,-126.24688045356557,1.0469854669634222,-218.26013871806168,-125.44646193206175,1.0481511003145392,0.606308230472727,251.4941050522818,1.0471197923669422,summer,2020-06-21,POOL_TOU
5,4,73,1,1.0462416270863637,0.03281362403787325,217.27621946805698,-126.23253539444812,1.0462416270863637,-217.91454117557436,-125.44130149284203,1.0468930828605216,0.5129739091344169,250.8504295680427,1.0444389364723046,summer,2020-06-21,POOL_TOU
5,5,74,1,1.0462396678890502,0.032838431805735493,217.27588109388637,-126.23218110871387,1.0462396678890502,-217.91454560254297,-125.44129609769732,1.046893087628283,0.5129694821657547,250.85043496318738,1.0444389588977014,summer,2020-06-21,POOL_TOU
5,6,83,2,1.047601506384345,0.024741561158205406,217.46043427249523,-126.29537883184429,1.0470362731380984,-218.11165966030532,-125.43988270470567,1.047601506384345,0.5757012924685229,251.25350459820018,1.046117735404879,summer,2020-06-21,POOL_TOU
5,7,178,2,1.0462922140104038,0.036637691835295416,217.1873519905708,-126.2249331847923,1.0459058065133213,-217.74894253206392,-125.43967808051862,1.0462922140104038,0.4841133070709111,250.57104022028872,1.0432754389003378,summer,2020-06-21,POOL_TOU
5,8,208,3,1.0424655408126642,0.061979862927792985,217.18602251438287,-126.23366999434465,1.0459192997235354,-217.7691510214125,-125.45158642439596,1.0463898709766473,0.44392285627341227,250.3765948715143,1.0424655408126642,summer,2020-06-21,POOL_TOU
5,9,225,1,1.0458722428048908,0.04026494637714551,217.18026026827948,-126.2210925716907,1.0458722428048908,-217.76169804084995,-125.44355271043352,1.0463462856985786,0.49113090032964557,250.5553126038502,1.04321001263917,summer,2020-06-21,POOL_TOU
5,10,248,2,1.0460332413983502,0.03187720573146136,217.1920425935066,-126.22900617469658,1.0459312128811067,-217.6879446552583,-125.42095708819218,1.0460332413983502,0.49414872047847685,250.55585787258528,1.0432123076118047,summer,2020-06-21,POOL_TOU
5,11,249,2,1.0460923518366279,0.0334447848113761,217.19183864048708,-126.22904861639293,1.0459305674901953,-217.7019972744678,-125.42500487887958,1.0460923518366279,0.49394476745895716,250.55581543088897,1.043212129228191,summer,2020-06-21,POOL_TOU
5,12,264,3,1.0426904817758926,0.055239420779534906,217.18627138322782,-126.2329173133993,1.0459186207961568,-217.7689021525707,-125.45083374345172,1.0463874087911722,0.45736951997281217,250.4305965652201,1.0426904817758926,summer,2020-06-21,POOL_TOU
5,13,276,2,1.046055351069145,0.03898438884786695,217.11760035228056,-126.18413498935956,1.0455693607859937,-217.69052944579497,-125.4271078050997,1.046055351069145,0.45676463785154475,250.46916422757198,1.0428510566015456,summer,2020-06-21,POOL_TOU
5,14,289,1,1.0454790779415348,0.04122007685305836,217.10155200208976,-126.16859455574935,1.0454790779415348,-217.71117175390074,-125.43238836242315,1.0461407968949017,0.45452711048485334,250.47294156231052,1.042866766877295,summer,2020-06-21,POOL_TOU
5,15,314,2,1.046047600351047,0.03876242497613869,217.1176272425886,-126.18412973117618,1.0455694465846228,-217.68867488742094,-125.42659775144888,1.046047600351047,0.45679152815989993,250.46916948575503,1.0428510786985745,summer,2020-06-21,POOL_TOU
5,16,320,3,1.0427252808156349,0.04448956787743348,217.1167387097246,-126.18620571589457,1.0455705913049935,-217.70915749743983,-125.43426133090117,1.046137423208787,0.45032966494816645,250.43896729064377,1.0427252808156349,summer,2020-06-21,POOL_TOU
5,17,327,3,1.0427641202390252,0.043409116904614894,217.11678168491582,-126.18607575469706,1.0455704741073655,-217.7091145222496,-125.43413136970337,1.046136998038254,0.4526517331453201,250.44829148350647,1.0427641202390252,summer,2020-06-21,POOL_TOU
5,18,337,3,1.041398626887182,0.047289249473709966,216.91775387978566,-126.05388875012024,1.044577466627997,-217.43600898874803,-125.33095353332388,1.0449372901916396,0.4371095079563644,250.12035752260863,1.041398626887182,summer,2020-06-21,POOL_TOU
5,19,342,3,1.041741640282602,0.04858839210268666,216.9559420745525,-126.12442917225273,1.044862521022622,-217.5734572173789,-125.39419593846009,1.0455645969971867,0.4241764402078088,250.20276408094892,1.041741640282602,summer,2020-06-21,POOL_TOU
5,20,349,1,1.044603645955743,0.04552277059307676,216.91248950185857,-126.07546041922107,1.044603645955743,-217.50284999381,-125.36094226914585,1.0452407561387302,0.4323143914693146,250.1718537040756,1.0416130005281985,summer,2020-06-21,POOL_TOU
5,21,387,1,1.0449427074650393,0.04666909718559485,216.9748121879267,-126.13028928942595,1.0449427074650393,-217.59089105566576,-125.3988904763365,1.0456372474224231,0.4299660721439289,250.24517202451452,1.0419182501891577,summer,2020-06-21,POOL_TOU
5,22,388,1,1.0445813422287715,0.04556032326261832,216.9085233388587,-126.07162402260747,1.0445813422287715,-217.50290222221636,-125.36088352396575,1.0452408224041752,0.43226216306276266,250.17191244925687,1.0416132447425528,summer,2020-06-21,POOL_TOU
5,23,406,2,1.0441324357392214,0.024008015341166086,216.91977351047572,-126.02560568301999,1.0445255758450116,-217.25189749305878,-125.26327076890921,1.0441324357392214,0.46470921606722,250.18117434174508,1.0416520495279573,summer,2020-06-21,POOL_TOU
5,24,458,3,1.04132602108088,0.052892309398771736,216.9011103944341,-126.1158898781839,1.0446472867288707,-217.54564754115975,-125.39426848709863,1.0454644298928035,0.40700076291283693,250.10297000882304,1.04132602108088,summer,2020-06-21,POOL_TOU
5,25,502,1,1.043482156376892,0.03705107201884161,216.74598478169693,-125.82584123932394,1.043482156376892,-217.37359188710838,-125.2030286497693,1.0444462036138036,0.4285853553381853,250.2534661777561,1.0419527736780476,summer,2020-06-21,POOL_TOU
5,26,522,2,1.045225959659604,0.055256217050544294,216.7789544322026,-126.06568879002735,1.0441025421864263,-217.4943532639735,-125.36856704819371,1.045225959659604,0.37590453261352275,249.98000341324408,1.0408138373053553,summer,2020-06-21,POOL_TOU
5,27,539,3,1.0406793027351227,0.06783210666745038,216.87036211551268,-126.1173328680055,1.0445396344991902,-217.53954155634963,-125.4013936016271,1.0454572195786132,0.3701951853117233,249.94769969271334,1.0406793027351227,summer,2020-06-21,POOL_TOU
5,28,556,3,1.0403534944061579,0.07764791755867283,216.8700020545426,-126.11842319382575,1.0445406206985155,-217.53990161731946,-125.40248392744735,1.0454607855695135,0.35074783774762325,249.86947576337124,1.0403534944061579,summer,2020-06-21,POOL_TOU
5,29,562,1,1.0435830680539626,0.03361566271351793,216.76847105279396,-125.83538160989225,1.0435830680539626,-217.34958616330164,-125.19161325054908,1.0443358710656818,0.4362577025632738,250.2561637447134,1.0419640604045621,summer,2020-06-21,POOL_TOU
5,30,563,1,1.0434267046067507,0.03799889710009415,216.73610223924595,-125.81633725779827,1.0434267046067507,-217.37372208450628,-125.20288305800031,1.0444463708020701,0.42845515793949407,250.2536117695233,1.0419533789324242,summer,2020-06-21,POOL_TOU
5,31,611,1,1.043584811940897,0.03359092634901838,216.76878156075884,-125.83568099047413,1.043584811940897,-217.34958207334117,-125.1916178359144,1.044335865838475,0.436261792523778,250.25615915934753,1.0419640413427222,summer,2020-06-21,POOL_TOU
5,32,614,3,1.0406705907140037,0.05776061601195833,216.75052688817934,-126.05146976021864,1.0439704634567957,-217.49080134184382,-125.36251952674559,1.045200572708638,0.3653154150365846,249.94561443692672,1.0406705907140037,summer,2020-06-21,POOL_TOU
5,33,619,3,1.0419248648016906,0.03130622926259141,216.7935185703792,-125.848067850135,1.0436997783022919,-217.32196668737126,-125.18584529181958,1.04422423720909,0.4462735738310858,250.24673215898315,1.0419248648016906,summer,2020-06-21,POOL_TOU
5,34,629,1,1.0437612605253388,0.03588164328389353,216.79213234540006,-125.87986600415488,1.0437612605253388,-217.38132783000938,-125.22643239451854,1.0445227513871567,0.4346559976962303,250.2374316070472,1.0418860560956318,summer,2020-06-21,POOL_TOU
5,35,639,2,1.0441239074482045,0.02797517811215484,216.79674854608635,-125.84721184950155,1.0437096197282736,-217.29813318950346,-125.17894370637202,1.0441239074482045,0.4509562365828976,250.2534862668082,1.0419530210005066,summer,2020-06-21,POOL_TOU
5,36,676,2,1.0441222549096179,0.027222255210634674,216.79201182008248,-125.84738554323779,1.043692926501356,-217.2981692567788,-125.17808596554393,1.0441222549096179,0.446418751746488,250.25454115758706,1.0419573792471688,summer,2020-06-21,POOL_TOU
5,37,682,2,1.0441489003973423,0.028073106737350174,216.79191988073853,-125.84740466659383,1.0436926354148415,-217.30450403954592,-125.1799100401998,1.0441489003973423,0.44632681240239286,250.25452203423117,1.0419572989428183,summer,2020-06-21,POOL_TOU
5,38,688,2,1.0449371684645292,0.05134627026663076,216.71790761138303,-126.03304692675187,1.0438144987891114,-217.43178702463072,-125.33821937054233,1.0449371684645292,0.35928370422266875,249.93048420711253,1.0406075583989136,summer,2020-06-21,POOL_TOU
5,39,701,3,1.0403267383534331,0.061708826904177956,216.6955783951651,-126.03786913407309,1.043744226921114,-217.47366614208502,-125.36009004186154,1.0451337107012666,0.34585282930198963,249.86305637298486,1.0403267383534331,summer,2020-06-21,POOL_TOU
5,40,702,2,1.0450805419853226,0.060753871340694446,216.6861435633819,-126.04480074626403,1.0437247815183681,-217.45637147793082,-125.36452186303191,1.0450805419853226,0.3470344035759979,249.84018007144337,1.0402314978708973,summer,2020-06-21,POOL_TOU
5,41,755,2,1.0449947311690244,0.06793805616352697,216.66314227950855,-126.0855340037018,1.0437272936552848,-217.4101094147373,-125.40348973046986,1.0449947311690244,0.32788203367383156,249.6756534086867,1.0395463702267265,summer,2020-06-21,POOL_TOU
5,42,778,3,1.0403155594055735,0.062015314110926784,216.69556604155957,-126.03790654531723,1.0437442607743845,-217.47367849569474,-125.3601274531046,1.0451338330532018,0.34518560802985504,249.86037235895992,1.0403155594055735,summer,2020-06-21,POOL_TOU
5,43,780,3,1.038336469778369,0.09749015648900658,216.64944405026304,-126.12314483895017,1.0437567758513646,-217.40022974438713,-125.4423754065784,1.0450400059805829,0.26912109710743837,249.38513237032797,1.038336469778369,summer,2020-06-21,POOL_TOU
5,44,785,2,1.0451862892012656,0.05493714453790466,216.7684660921056,-126.06015036661313,1.0440531999003007,-217.4859118479596,-125.36413261435936,1.0451862892012656,0.37316499728906716,249.97088903590787,1.0407758717854327,summer,2020-06-21,POOL_TOU
5,45,813,2,1.044980368321852,0.06754794175208179,216.663192005912,-126.08552402923705,1.0437274517120567,-217.40668123170397,-125.40252896251793,1.044980368321852,0.327931760076803,249.6756633831515,1.0395464120281215,summer,2020-06-21,POOL_TOU
5,46,817,1,1.0431172877680024,0.0631285122954997,216.59121489651994,-125.91779870191601,1.0431172877680024,-217.48365155135662,-125.34924830763731,1.0451471882460979,0.35238772812104385,249.9240152700158,1.0405805835865065,summer,2020-06-21,POOL_TOU
5,47,835,3,1.0385735238447416,0.09020221274154355,216.64970576918617,-126.12235144446166,1.043756055635363,-217.3999680254639,-125.44158201209031,1.0450374111920002,0.28325229886274567,249.442051860431,1.0385735238447416,summer,2020-06-21,POOL_TOU
5,48,860,1,1.0429464429279138,0.06559952044816073,216.56083640041032,-125.88841041132122,1.0429464429279138,-217.484051586501,-125.34879830083403,1.0451476956840444,0.351987692975404,249.9244652768179,1.040582454878524,summer,2020-06-21,POOL_TOU
5,49,861,1,1.0430280249516761,0.0643717635070878,216.57534282038665,-125.90244396474534,1.0430280249516761,-217.4838605606356,-125.34901318897683,1.045147453369508,0.35217871884086405,249.9242503886752,1.0405815612951077,summer,2020-06-21,POOL_TOU
5,50,886,2,1.044380728650768,0.06266854362296034,216.6721201146227,-126.09489888701934,1.043779213023269,-217.25048690424163,-125.38506046682326,1.044380728650768,0.3453043689010797,249.5777281224788,1.0391387482858652,summer,2020-06-21,POOL_TOU
5,51,896,1,1.0435736371629525,0.06465078607496298,216.64973347064998,-126.03519679454233,1.0435736371629525,-217.44935708883867,-125.37904420494763,1.0450854418475268,0.3366844288296085,249.77798235990343,1.0399724737652818,summer,2020-06-21,POOL_TOU
5,52,898,1,1.043627187828393,0.07159551975326298,216.6375041151444,-126.0817877478608,1.043627187828393,-217.35563504516156,-125.41601540203968,1.0448243323157829,0.3283636601736871,249.57392443117624,1.0391228161187873,summer,2020-06-21,POOL_TOU
5,53,899,2,1.044474449811038,0.06495369634100198,216.67212011462263,-126.09489888701933,1.0437792130232688,-217.2728560974137,-125.39133345409371,1.044474449811038,0.34530436890107774,249.57772812247882,1.0391387482858652,summer,2020-06-21,POOL_TOU
5,54,900,1,1.0435256160233939,0.06478643595002989,216.64119714587414,-126.02693377716496,1.0435256160233939,-217.4494694929927,-125.37891768335753,1.0450855841534388,0.3365720246755989,249.77810888149367,1.0399729999172975,summer,2020-06-21,POOL_TOU
5,55,906,1,1.0436171571618555,0.07160326707215114,216.63584233051,-126.07985359474942,1.0436171571618555,-217.3558705904848,-125.41574931717746,1.044824628077409,0.32812811485057863,249.5741905160384,1.0391239226945606,summer,2020-06-21,POOL_TOU
6,1,34,1,1.046418456973381,0.08562517607080723,217.2346281475408,-126.3885716049699,1.046418456973381,-218.33433324205217,-125.53556614607228,1.0486038127344681,0.819266835653375,251.11121737423082,1.0455281289568334,summer,2020-06-21,POOL_TOU
6,2,47,2,1.0482571196927155,0.08199295724787829,217.10054773710365,-126.41221156917244,1.0459854893185039,-218.21632336663768,-125.5737246283145,1.0482571196927155,0.7260730550177773,250.7364624311053,1.0439666179934994,summer,2020-06-21,POOL_TOU
6,3,70,1,1.0461673936488998,0.09284356780002154,217.1899986144685,-126.34537176725324,1.0461673936488998,-218.33492091324672,-125.53490467833687,1.0486045611581782,0.8186791644616769,251.11187884197108,1.0455308750384804,summer,2020-06-21,POOL_TOU
6,4,73,1,1.0447682251428405,0.10696955804728221,216.78060571980555,-126.38059540626563,1.0447682251428405,-218.14017367070866,-125.67013587203927,1.0481826518476318,0.5489351783273546,250.10542941518204,1.041337390364909,summer,2020-06-21,POOL_TOU
6,5,74,1,1.0447702726903865,0.10695925503658783,216.7810778388521,-126.38076200569834,1.0447702726903865,-218.14016714281047,-125.67013874442118,1.0481826342667449,0.5489417062255015,250.10542654280007,1.0413373784651891,summer,2020-06-21,POOL_TOU
6,6,83,2,1.048288197303511,0.08294447894505583,217.1004389527475,-126.41223060666927,1.0459851377894327,-218.22383775357443,-125.575631634504,1.048288197303511,0.7259642706617538,250.73644339360823,1.043966537418138,summer,2020-06-21,POOL_TOU
6,7,178,2,1.0480455894142349,0.12262270726844049,216.59676065521032,-126.39945560091539,1.0441465905706917,-218.0605296188383,-125.74239551314669,1.0480455894142349,0.4464258016003669,249.66090906137885,1.0394857463385863,summer,2020-06-21,POOL_TOU
6,8,208,3,1.0378840367446207,0.15839001856642893,216.59162246051716,-126.41807979043097,1.0441671999912823,-218.0721567197181,-125.76016064050314,1.0481244768624323,0.36333970043031805,249.27634845106184,1.0378840367446207,summer,2020-06-21,POOL_TOU
6,9,225,1,1.0441169846412803,0.1265368185437904,216.5858719947224,-126.40400610745539,1.0441169846412803,-218.06645626087837,-125.75183295315482,1.0480865949617881,0.4525497710222703,249.62696680271017,1.03934447104254,summer,2020-06-21,POOL_TOU
6,10,248,2,1.0478958365626316,0.11985007893082937,216.59608208721588,-126.41181331759809,1.04417008464379,-218.02050511193252,-125.73980307482832,1.0478958365626316,0.4544742854405125,249.62718544175672,1.0393453959204373,summer,2020-06-21,POOL_TOU
6,11,249,2,1.047928208140815,0.12089696413960092,216.59596990357866,-126.41183556927987,1.0441697279364839,-218.0282404776553,-125.74195302215755,1.047928208140815,0.4543621018033327,249.62716319007498,1.039345302423576,summer,2020-06-21,POOL_TOU
6,12,264,3,1.0383582088030037,0.14699549155700364,216.59214175658903,-126.41649262645092,1.0441657361837902,-218.07163742364915,-125.7585734765242,1.0481193025638267,0.391310199599947,249.39019181296067,1.0383582088030037,summer,2020-06-21,POOL_TOU
6,13,276,2,1.047712930310424,0.12235472037103379,216.48818628035994,-126.33542743478759,1.0436217862742847,-217.98391391577147,-125.71531814138386,1.047712930310424,0.39140207690756035,249.5431349246244,1.038995000062009,summer,2020-06-21,POOL_TOU
6,14,289,1,1.043527179173313,0.128572676712814,216.47083683399657,-126.3200749276663,1.043527179173313,-218.02476726865996,-125.7259257328655,1.047882344080108,0.3881848956903461,249.54625611514243,1.039007974460813,summer,2020-06-21,POOL_TOU
6,15,314,2,1.047745248266213,0.1233971043075364,216.48807483017643,-126.33545078882283,1.0436214345032635,-217.99159211929674,-125.71754138083169,1.047745248266213,0.3912906267242758,249.5431115705888,1.0389949020979288,summer,2020-06-21,POOL_TOU
6,16,320,3,1.0388811528670585,0.12930979864343617,216.48703553609113,-126.33726929343837,1.0436215133884434,-218.0208209159411,-125.72619444953932,1.0478686691334163,0.38418228442805213,249.5158025530367,1.0388811528670585,summer,2020-06-21,POOL_TOU
6,17,327,3,1.0389218828125133,0.1285059823007503,216.48707656480804,-126.3371326865181,1.0436213742502358,-218.02077988722533,-125.72605784261879,1.047868237013915,0.38633301001429815,249.52558166910507,1.0389218828125133,summer,2020-06-21,POOL_TOU
6,18,337,3,1.0370688776070582,0.1429056294213799,216.16360471214358,-126.19248287951842,1.0421546138686664,-217.82691564744846,-125.6645880157797,1.0470411629174927,0.2961489206893229,249.08065413659224,1.0370688776070582,summer,2020-06-21,POOL_TOU
6,19,342,3,1.037492303783831,0.14413531452190723,216.2097502553881,-126.25345584341125,1.0424485363503697,-217.9534894501101,-125.71281445008398,1.0475979902145531,0.2904757602971645,249.1823584166483,1.037492303783831,summer,2020-06-21,POOL_TOU
6,20,349,1,1.0420792584878174,0.14500350626073094,216.14169675941966,-126.19411120427579,1.0420792584878174,-217.89480872807172,-125.68652256598182,1.0473316556676322,0.28728815452059225,249.13318271821743,1.0372875413985692,summer,2020-06-21,POOL_TOU
6,21,387,1,1.042588911269055,0.1415376654101648,216.24390404695893,-126.26182687338998,1.042588911269055,-217.96256207517513,-125.7143705497536,1.0476339491697348,0.3048112604398949,249.2367186747254,1.0377187083924528,summer,2020-06-21,POOL_TOU
6,22,388,1,1.0420186420217876,0.14587541271548757,216.13094552312373,-126.18365085195005,1.0420186420217876,-217.8949502404677,-125.68636245829923,1.0473318329636798,0.28714664212429075,249.13334282590125,1.0372882073405971,summer,2020-06-21,POOL_TOU
6,23,406,2,1.0462448332310026,0.11772615105364873,216.17070810292344,-126.17249402862151,1.0421382003693818,-217.64132766530662,-125.6035351043536,1.0462448332310026,0.3221629819595185,249.12442615550606,1.0372512603530033,summer,2020-06-21,POOL_TOU
6,24,458,3,1.0369379438673774,0.15160749145314367,216.1102049212491,-126.2351915938379,1.0420522878528722,-217.95010373652644,-125.7204960213091,1.0476017594476505,0.24791238233522045,249.04925943598633,1.0369379438673774,summer,2020-06-21,POOL_TOU
6,25,502,1,1.0414362795525975,0.1412683308856845,216.04883978616792,-126.04684474464575,1.0414362795525975,-217.76627531383826,-125.59190469322076,1.0466712509422447,0.288411350070741,249.1290243156176,1.0372702329562744,summer,2020-06-21,POOL_TOU
6,26,522,2,1.047488119013165,0.15955534670270746,215.87794904005216,-126.11560367708371,1.0409661500726402,-217.94736477022363,-125.67061273322498,1.047488119013165,0.16517434797845137,248.9327889877994,1.0364527238255647,summer,2020-06-21,POOL_TOU
6,27,539,3,1.035872346239961,0.17216128653240875,216.05203312988544,-126.23146595904132,1.0418353316601663,-217.95870101661984,-125.73256302085994,1.0476578705794655,0.17466858536732643,248.7933887121047,1.035872346239961,summer,2020-06-21,POOL_TOU
6,28,556,3,1.0351671477392879,0.18875489606933343,216.05126258241222,-126.23382708528175,1.0418375209455117,-217.9594715640929,-125.73492414710039,1.0476655618718291,0.1331970087955038,248.62404138461403,1.0351671477392879,summer,2020-06-21,POOL_TOU
6,29,562,1,1.0414789200581267,0.13972940063839137,216.056453328517,-126.05411786543685,1.0414789200581267,-217.74903219813274,-125.58999074273902,1.0466050786715166,0.29066097739770747,249.11628785514085,1.0372172145591805,summer,2020-06-21,POOL_TOU
6,30,563,1,1.0414055296009495,0.14175876676419047,216.04336823655532,-126.04156733020423,1.0414055296009495,-217.76634738211834,-125.59182386557788,1.046671342743687,0.28833928178994156,249.1291051432588,1.0372705691413642,summer,2020-06-21,POOL_TOU
6,31,611,1,1.0414835416760646,0.13969715458846305,216.05743131596523,-126.0546442848393,1.0414835416760646,-217.74901886995738,-125.58999926834136,1.0466050483360398,0.2906743055729571,249.11627932953778,1.0372171791268918,summer,2020-06-21,POOL_TOU
6,32,614,3,1.0363321753796428,0.16357273280824555,215.82458165603475,-126.08304236185873,1.0407059048376777,-217.9594484557897,-125.65807947790897,1.0475056397989155,0.14221679847877536,248.90385010755205,1.0363321753796428,summer,2020-06-21,POOL_TOU
6,33,619,3,1.0370258893790651,0.13971669222574812,216.07420850883017,-126.07500404904265,1.0415865958422006,-217.72998808443762,-125.59553690927339,1.0465479314665715,0.28849640813160377,249.07033829646286,1.0370258893790651,summer,2020-06-21,POOL_TOU
6,34,629,1,1.041568639903142,0.14033059876507947,216.0707039717244,-126.07245295252035,1.041568639903142,-217.77367114878368,-125.60220235418038,1.0467193462772186,0.29368949436114383,249.1311106309398,1.0372789451725677,summer,2020-06-21,POOL_TOU
6,35,639,2,1.0464782864123658,0.13602450442892075,216.07665719099165,-126.07404846506778,1.041593396689197,-217.71302392481388,-125.59146900684725,1.0464782864123658,0.2971983633434791,249.0944701817345,1.037126407030407,summer,2020-06-21,POOL_TOU
6,36,676,2,1.04644186041404,0.1343903986385958,216.07445163778434,-126.07089017174508,1.0415788381304891,-217.70621676619226,-125.5857607985552,1.04644186041404,0.2958870276613356,249.10246513749854,1.037159688174341,summer,2020-06-21,POOL_TOU
6,37,682,2,1.0464725300349842,0.13536522284591476,216.0743489548054,-126.07091875663484,1.0415785288385335,-217.71325364650875,-125.58830390695677,1.0464725300349842,0.29578434468228376,249.10243655260905,1.03715956865111,summer,2020-06-21,POOL_TOU
6,38,688,2,1.0473123250789713,0.15957505402158234,215.76267677082024,-126.04272696826878,1.0403986815850292,-217.9236198889116,-125.62726535386572,1.0473123250789713,0.12404136347793641,248.8998002924816,1.036315273162228,summer,2020-06-21,POOL_TOU
6,39,701,3,1.0359924173412798,0.16938050881360425,215.73249188091754,-126.04288319455912,1.0402904939169724,-217.9605266275245,-125.64620383647387,1.0474848338551213,0.10367808675224248,248.82226682859917,1.0359924173412798,summer,2020-06-21,POOL_TOU
6,40,702,2,1.0474205346961596,0.16719477894634752,215.72442021426886,-126.04924006204826,1.0402748291124169,-217.93996972048848,-125.65094131128173,1.0474205346961596,0.10794562128584365,248.81145434150653,1.0359474062067586,summer,2020-06-21,POOL_TOU
6,41,755,2,1.0473731861080589,0.1712987432290107,215.7034065779146,-126.08797364028743,1.0402806641682367,-217.9026245185531,-125.69293588754769,1.0473731861080589,0.08829946336018248,248.65619103579877,1.0353009222245437,summer,2020-06-21,POOL_TOU
6,42,778,3,1.0359449993824663,0.17019347193106935,215.732435329728,-126.04304160693435,1.040290623343757,-217.96058317871828,-125.64636224884794,1.0474853672454028,0.10055592057041653,248.8108793721558,1.0359449993824663,summer,2020-06-21,POOL_TOU
6,43,780,3,1.0341475396780568,0.19013670717350128,215.69173790233737,-126.1231159914915,1.0403125712655388,-217.8903833408819,-125.72804048889778,1.047402079494371,0.0303810060448732,248.37918807454753,1.0341475396780568,summer,2020-06-21,POOL_TOU
6,44,785,2,1.0474737348007266,0.16011492718021048,215.8579391364558,-126.10307815628376,1.0408679067804065,-217.94698003069598,-125.66436367953985,1.0474737348007266,0.1580888537686923,248.92646176563267,1.0364263607570026,summer,2020-06-21,POOL_TOU
6,45,813,2,1.0473637063205714,0.1709923436108995,215.7034392602942,-126.08796676914564,1.0402807672084313,-217.90037303164056,-125.69228234464786,1.0473637063205714,0.08833214573935391,248.65619790694063,1.0353009508814461,summer,2020-06-21,POOL_TOU
6,46,817,1,1.0390677137458142,0.188975801754617,215.52319032174455,-125.81891860282133,1.0390677137458142,-217.9712922048873,-125.6311533108771,1.0474923738262212,0.11237363562465442,248.89773478771403,1.036306650189776,summer,2020-06-21,POOL_TOU
6,47,835,3,1.034406971438633,0.184494182397999,215.69202059267317,-126.12224720865949,1.040311761423845,-217.89010065054626,-125.72717170606636,1.0473992521785431,0.04558215622024907,248.44149547774202,1.034406971438633,summer,2020-06-21,POOL_TOU
6,48,860,1,1.0387235864986868,0.19637675370553465,215.46210476159064,-125.7596152353536,1.0387235864986868,-217.9720963780229,-125.6302454622815,1.0474933872039822,0.1115694624878343,248.89864263630855,1.0363104285867084,summer,2020-06-21,POOL_TOU
6,49,861,1,1.0389096251427463,0.19232981231148,215.4951283164098,-125.79167549227573,1.0389096251427463,-217.97166163298527,-125.63073625814896,1.0474928393633067,0.11200420752553272,248.8981518404412,1.0363083859302171,summer,2020-06-21,POOL_TOU
6,50,886,2,1.0468120386875395,0.16199806142387926,215.7154984670532,-126.09694867090649,1.0403429866597365,-217.75465479338413,-125.67970995530209,1.0468120386875395,0.10609029984026574,248.5636959534037,1.0349158401987495,summer,2020-06-21,POOL_TOU
6,51,896,1,1.0401359056997532,0.1719836980625448,215.6913294589257,-126.03973463743505,1.0401359056997532,-217.93704328407247,-125.66584862346166,1.0474409818538655,0.09762610178979597,248.75284021964228,1.0357033436751557,summer,2020-06-21,POOL_TOU
6,52,898,1,1.0401957540120539,0.17380501796444262,215.68283515311424,-126.08275459331054,1.0401957540120539,-217.84639763595743,-125.70416470806148,1.047193771467966,0.08981204688441642,248.5604418022548,1.0349022645606976,summer,2020-06-21,POOL_TOU
6,53,899,2,1.046810751047762,0.16196214213073745,215.71549846705315,-126.09694867090649,1.0403429866597362,-217.75441326294006,-125.67950975867514,1.046810751047762,0.1060902998402625,248.56369595340365,1.0349158401987493,summer,2020-06-21,POOL_TOU
6,54,900,1,1.040085266057664,0.17275328314696964,215.6822812629116,-126.03111199994521,1.040085266057664,-217.93716257398745,-125.66571644505828,1.0474411372177737,0.09750681187487788,248.75297239804576,1.0357038938161494,summer,2020-06-21,POOL_TOU
6,55,906,1,1.040200390627378,0.17376761243560793,215.6838585445268,-126.08321054525365,1.040200390627378,-217.8466263988299,-125.70387733431217,1.0471939984448513,0.08958328401223577,248.5607291760039,1.0349034607215517,summer,2020-06-21,POOL_TOU
7,1,34,1,1.047526496275578,0.17132649126286542,217.45684282977868,-126.53582961252694,1.047526496275578,-218.40735272806927,-126.14555691550588,1.0501353170480519,1.0985393396329155,250.74927601993107,1.0440256104675034,summer,2020-06-21,POOL_TOU
7,2,47,2,1.0506409096531988,0.19503446791344597,217.22063983751187,-126.61186733161468,1.0468359856554068,-218.4371189924851,-126.336724763824,1.0506409096531988,0.9659807588483826,250.20187163255312,1.0417441913816778,summer,2020-06-21,POOL_TOU
7,3,70,1,1.0474860435340374,0.17246914661927426,217.4498809013347,-126.52847581023099,1.0474860435340374,-218.4074437422731,-126.14544499611813,1.0501354121338002,1.0984483254319741,250.74938793932344,1.0440260747887022,summer,2020-06-21,POOL_TOU
7,4,73,1,1.0456696363415048,0.24427350252021404,216.82926012797728,-126.7267015323762,1.0456696363415048,-218.51080823843338,-126.65242746107074,1.0515650541250225,0.7402953078127714,249.28545111787054,1.0379254106195825,summer,2020-06-21,POOL_TOU
7,5,74,1,1.0456968025872717,0.24378353758678162,216.8343912672862,-126.73085283523254,1.0456968025872717,-218.51073979906755,-126.65249192768084,1.0515649421913302,0.7403637471785953,249.2853866512604,1.0379251430548926,summer,2020-06-21,POOL_TOU
7,6,83,2,1.0506478129172814,0.19522720890880377,217.22060658457985,-126.61185273417443,1.0468358354340033,-218.4395237722041,-126.33587851849411,1.0506478129172814,0.9659475059164249,250.20188622999316,1.0417442516243676,summer,2020-06-21,POOL_TOU
7,7,178,2,1.052348174164294,0.28332219635049266,216.60576376893982,-126.87195883611092,1.0451718861632384,-218.57729431421518,-126.91264878814606,1.052348174164294,0.6167251742815792,248.62272403309035,1.035164699060429,summer,2020-06-21,POOL_TOU
7,8,208,3,1.0321719335038793,0.34133796928447097,216.59891538812522,-126.90825456303774,1.0452236702010098,-218.56058758156678,-126.93258365135962,1.052329701275879,0.561177939404887,247.90405819627827,1.0321719335038793,summer,2020-06-21,POOL_TOU
7,9,225,1,1.0451308967053794,0.28597070678754993,216.5860283289305,-126.88617209287229,1.0451308967053794,-218.55835496332824,-126.92379658412493,1.0523032893953208,0.6303131556257371,248.55940786821026,1.0349012196403995,summer,2020-06-21,POOL_TOU
7,10,248,2,1.0522912309294503,0.2839022518157162,216.59931594639204,-126.89937124747323,1.0452064118779227,-218.54782075832972,-126.93616803948326,1.0522912309294503,0.630784431046253,248.55866457100268,1.0348981298479536,summer,2020-06-21,POOL_TOU
7,11,249,2,1.0523186960270694,0.28478989391276327,216.59922082236992,-126.89939041348994,1.0452061104894304,-218.55437824330977,-126.93801191549186,1.0523186960270694,0.6306893070241283,248.558645404986,1.0348980490438746,summer,2020-06-21,POOL_TOU
7,12,264,3,1.0330907061656351,0.32033698539590477,216.59941201951415,-126.90514020652795,1.045218899194767,-218.560090950181,-126.92946929485095,1.0523214010902893,0.5794983342043077,248.12468536573067,1.0330907061656351,summer,2020-06-21,POOL_TOU
7,13,276,2,1.0519417188887472,0.27602915318447535,216.48973846796738,-126.81076207667357,1.0446262684710677,-218.48129512457615,-126.88356648087523,1.0519417188887472,0.5377489738695181,248.5220016953087,1.0347445707192817,summer,2020-06-21,POOL_TOU
7,14,289,1,1.0445409544658582,0.28609245945623374,216.4736852537017,-126.79762724438793,1.0445409544658582,-218.5512690762384,-126.89511683261077,1.0522178135082145,0.5341119342855796,248.52397529971958,1.034752755311787,summer,2020-06-21,POOL_TOU
7,15,314,2,1.0520219802047055,0.27866014718765,216.48945045017462,-126.8107973436861,1.044625307949749,-218.5012701602326,-126.88755590570517,1.0520219802047055,0.5374609560769358,248.52196642829603,1.034744421288383,summer,2020-06-21,POOL_TOU
7,16,320,3,1.034664759648747,0.28457898689755434,216.48783751930188,-126.81172009874935,1.0446214551848427,-218.54479890064655,-126.89297896073907,1.0521900471483605,0.5251872712576637,248.50285967558432,1.034664759648747,summer,2020-06-21,POOL_TOU
7,17,327,3,1.0347169648024206,0.28362048016894237,216.48786733054231,-126.81154326018489,1.0446211901401485,-218.544769089407,-126.89280212217436,1.0521895701039792,0.52634035041523,248.51539577847157,1.0347169648024206,summer,2020-06-21,POOL_TOU
7,18,337,3,1.0310743318360507,0.3505764903911289,216.0046768046915,-126.80793100316555,1.0428781594342087,-218.6463967809738,-127.08065583128713,1.0529483311185148,0.3322217227179326,247.64085105931565,1.0310743318360507,summer,2020-06-21,POOL_TOU
7,19,342,3,1.0330048584501363,0.3144072309157138,216.1646653781048,-126.77775423243986,1.043389096542428,-218.6067745236912,-126.98599151706739,1.0526076748961768,0.39333980197271207,248.10443157342672,1.0330048584501363,summer,2020-06-21,POOL_TOU
7,20,349,1,1.043070161325716,0.325295608770202,216.07433510073648,-126.78034863899919,1.043070161325716,-218.62817172964625,-127.03221036433332,1.0527813761942388,0.3568514879514802,247.9621709849681,1.0324123155172773,summer,2020-06-21,POOL_TOU
7,21,387,1,1.0436316453243861,0.30931197139295985,216.22446932189908,-126.79093405576782,1.0436316453243861,-218.59887447848087,-126.97512861969074,1.0525565150934453,0.41486397463598496,248.1678758598731,1.0332691596413437,summer,2020-06-21,POOL_TOU
7,22,388,1,1.043046445968859,0.3257012546994317,216.07004407839383,-126.77640662098273,1.043046445968859,-218.628228459477,-127.03214977074002,1.0527814536749056,0.3567947581203346,247.9622315785625,1.0324125674636204,summer,2020-06-21,POOL_TOU
7,23,406,2,1.0529405929045714,0.33310893312389483,215.96782384555115,-126.78572225675748,1.0426990225298758,-218.64610567469728,-127.07745809288592,1.0529405929045714,0.31485940523424044,247.83477464840766,1.0318816538276583,summer,2020-06-21,POOL_TOU
7,24,458,3,1.0325016288386555,0.32286993200539327,216.06255878260504,-126.75210213188625,1.0429683579676379,-218.6222496124309,-126.99887513278233,1.05269033302508,0.3393349759317625,247.98364666418752,1.0325016288386555,summer,2020-06-21,POOL_TOU
7,25,502,1,1.0410108661320079,0.34952913339365127,215.6100545766852,-126.59426968110513,1.0410108661320079,-218.7461606250239,-127.03690523475598,1.0532159818373665,0.1760793058762045,247.81153573509775,1.0317843243847493,summer,2020-06-21,POOL_TOU
7,26,522,2,1.052481383556374,0.32501418214875316,215.86379899738327,-126.57196591842849,1.0418750843639915,-218.61752809366223,-126.90706998814443,1.052481383556374,0.2753092957651199,248.053840977105,1.0327935581903052,summer,2020-06-21,POOL_TOU
7,27,539,3,1.0318248604188345,0.33299079009732174,216.01194119744747,-126.73232602295609,1.0427449154305954,-218.62850112451696,-126.99847977199917,1.0527120130549878,0.2740745396345195,247.82118258795572,1.0318248604188345,summer,2020-06-21,POOL_TOU
7,28,556,3,1.0310688621249087,0.3461807163646535,216.01115404066596,-126.73485995442614,1.0427474274234447,-218.6292882812983,-127.00101370346911,1.0527201463358107,0.23235272309637517,247.63965119724796,1.0310688621249087,summer,2020-06-21,POOL_TOU
7,29,562,1,1.041345146652752,0.3464614389934361,215.6761082208167,-126.64033850933923,1.041345146652752,-218.73623468909366,-127.05407113900601,1.053216140500084,0.17097951352753812,247.77553139601613,1.0316344024734725,summer,2020-06-21,POOL_TOU
7,30,563,1,1.040820269526805,0.3519371114387706,215.56993766830124,-126.5721840057233,1.040820269526805,-218.74670681772548,-127.03654852657179,1.0532172025184972,0.1755331131737783,247.81189244328007,1.0317858079554008,summer,2020-06-21,POOL_TOU
7,31,611,1,1.0413889440628123,0.3459449528032935,215.68525796648362,-126.64553072420262,1.0413889440628123,-218.736110281133,-127.05415469741874,1.0532158673365686,0.17110392148820747,247.7754478376028,1.0316340549286782,summer,2020-06-21,POOL_TOU
7,32,614,3,1.032814727817046,0.32641210569504764,215.8183460259212,-126.52614832942434,1.0416153422686185,-218.6192043647407,-126.882634800074,1.0524363469715383,0.25207203529627326,248.05895015433464,1.032814727817046,summer,2020-06-21,POOL_TOU
7,33,619,3,1.0312442211548984,0.3474986724975663,215.67798162213518,-126.67399219731668,1.0414228281872142,-218.7305143338467,-127.07861761773415,1.0532468831161164,0.14365283738450368,247.68183587399764,1.0312442211548984,summer,2020-06-21,POOL_TOU
7,34,629,1,1.0415999255366393,0.34376076346617646,215.73690057380787,-126.65765582726829,1.0415999255366393,-218.72410865492296,-127.04396906660064,1.0531513573391493,0.21083250756524402,247.8203960115055,1.031821327833001,summer,2020-06-21,POOL_TOU
7,35,639,2,1.05320895207188,0.3444752520762605,215.6799020672373,-126.6731163353706,1.041427876063708,-218.71951427831686,-127.07941598897922,1.05320895207188,0.16251306558877643,247.72740159865597,1.0314339863553428,summer,2020-06-21,POOL_TOU
7,36,676,2,1.0531556091988046,0.34282926457478696,215.6810243429677,-126.66560860663617,1.0414160749994974,-218.70886708645764,-127.07223872518563,1.0531556091988046,0.16635665736412808,247.7443163099319,1.0315044227775905,summer,2020-06-21,POOL_TOU
7,37,682,2,1.0532049601883575,0.3443541736913641,215.68087599276126,-126.66568966750357,1.041415713303371,-218.71882359953534,-127.07869627498613,1.0532049601883575,0.16620830715761006,247.7442352490648,1.0315040848593935,summer,2020-06-21,POOL_TOU
7,38,688,2,1.052185357498844,0.3209486302920992,215.76564271185225,-126.469968166598,1.0413077433961837,-218.575040405437,-126.8386363210104,1.052185357498844,0.2416549603155175,248.10130236775487,1.0329910215543359,summer,2020-06-21,POOL_TOU
7,39,701,3,1.0329631891371378,0.3279929898265854,215.74520057541704,-126.4477876980423,1.0411876159903914,-218.618079936373,-126.84447690776172,1.0523525575209478,0.22610518525138734,248.0946322971548,1.0329631891371378,summer,2020-06-21,POOL_TOU
7,40,702,2,1.0523425961069934,0.32778890274865724,215.7443706330794,-126.43836843637631,1.0411648047590032,-218.61240375043997,-126.84949234365534,1.0523425961069934,0.2320312986742698,248.11654432943374,1.0330544444586778,summer,2020-06-21,POOL_TOU
7,41,755,2,1.052221343145016,0.3266623589467462,215.7467529833461,-126.40490859116548,1.0411029302806878,-218.5821676888258,-126.84357429715463,1.052221343145016,0.2361113049366125,248.1441738849866,1.0331694983987862,summer,2020-06-21,POOL_TOU
7,42,778,3,1.0329751818186563,0.32764995100293254,215.74518743165314,-126.44774554356088,1.0411874800284555,-218.61809308014125,-126.84443475327915,1.0523525167733254,0.22496254585740522,248.09751371187878,1.0329751818186563,summer,2020-06-21,POOL_TOU
7,43,780,3,1.0332988919519797,0.31811065103448355,215.75507542171138,-126.38121486803674,1.0410829630393734,-218.52210252883035,-126.80918011901862,1.0519331634929283,0.2335032539492688,248.17525381417258,1.0332988919519797,summer,2020-06-21,POOL_TOU
7,44,785,2,1.0523556007537742,0.3219646317415117,215.84747436154836,-126.554265399284,1.0417791746235106,-218.5920186263507,-126.89083919351283,1.0523556007537742,0.270140049094016,248.0615736061202,1.0328257299559622,summer,2020-06-21,POOL_TOU
7,45,813,2,1.0521843613905273,0.3254987112382147,215.746869798758,-126.40485951501783,1.041103246634892,-218.5742497320879,-126.83952218143395,1.0521843613905273,0.23622812034802568,248.14422296113415,1.0331697031942406,summer,2020-06-21,POOL_TOU
7,46,817,1,1.040031679721461,0.3532687646526993,215.53877832399309,-126.2509118257581,1.040031679721461,-218.62861232048397,-126.84144962462625,1.052384162774985,0.23100169045621347,248.11203455947157,1.0330356636621878,summer,2020-06-21,POOL_TOU
7,47,835,3,1.0333465065376646,0.3175399188497552,215.75512210749045,-126.38105505126795,1.0410827944423564,-218.5220558430513,-126.8090203022503,1.051932661391059,0.23592742597934127,248.18668748889087,1.0333465065376646,summer,2020-06-21,POOL_TOU
7,48,860,1,1.0396528329681263,0.3619368619671584,215.47162518182733,-126.18552698217349,1.0396528329681263,-218.6294961669626,-126.84044888815384,1.0523852549056765,0.2301178439762096,248.11303529594292,1.0330398268907934,summer,2020-06-21,POOL_TOU
7,49,861,1,1.0398285215551353,0.357890030519151,215.50276752187463,-126.21584882324426,1.0398285215551353,-218.6290862817507,-126.84091297436802,1.0523847484103634,0.23052772918816575,248.1125712097288,1.0330378962140683,summer,2020-06-21,POOL_TOU
7,50,886,2,1.0513688921751776,0.3081847119447936,215.78700140922342,-126.36144297614621,1.041156061585528,-218.37703934046922,-126.78912921244871,1.0513688921751776,0.2839374598926701,248.17551373823576,1.0333001930762378,summer,2020-06-21,POOL_TOU
7,51,896,1,1.0411107769661845,0.3270908032483824,215.74504999365487,-126.41154311404111,1.0411107769661845,-218.59063147694468,-126.83439778969853,1.0522326471309185,0.23360816517262295,248.1293440600959,1.033107743345293,summer,2020-06-21,POOL_TOU
7,52,898,1,1.0409967486412663,0.3201794995824754,215.7552461474179,-126.33995006126855,1.0409967486412663,-218.46995086249026,-126.79510453347389,1.0517159442285553,0.26570053957768264,248.17505933931835,1.0332982170667657,summer,2020-06-21,POOL_TOU
7,53,899,2,1.051262529341424,0.3047524688628363,215.78700140922336,-126.36144297614617,1.0411560615855278,-218.35140890936108,-126.78239613992449,1.051262529341424,0.2839374598926729,248.17551373823557,1.0333001930762369,summer,2020-06-21,POOL_TOU
7,54,900,1,1.0410540441475278,0.32816836253303266,215.73453960983093,-126.40252785697011,1.0410540441475278,-218.59077111641116,-126.83425846750634,1.0522328588836647,0.23346852570620052,248.12948338228807,1.0331083228774292,summer,2020-06-21,POOL_TOU
7,55,906,1,1.0410183818979712,0.31967307250983334,215.75913973705863,-126.34358326897427,1.0410183818979712,-218.4701443918465,-126.7947338192694,1.0517158663577741,0.26550701022168866,248.1754300535228,1.0332997597031284,summer,2020-06-21,POOL_TOU
8,1,34,1,1.0488089610957068,0.02637938384663144,218.16737690451237,-125.92408818595666,1.0488089610957068,-218.14173115762227,-126.17408733088135,1.0492372545469664,-0.13897007286602525,251.9942921800115,1.0491994799152975,summer,2020-06-21,POOL_TOU
8,2,47,2,1.0494373895068394,0.04091767300106662,218.05552760420966,-125.82397901463422,1.0481972750938044,-218.16334874488413,-126.23271104803328,1.0494373895068394,-0.22530978704709007,251.9978971306819,1.0492147492548136,summer,2020-06-21,POOL_TOU
8,3,70,1,1.0487952032959302,0.02652844246094451,218.1655718952039,-125.92060539495091,1.0487952032959302,-218.14175306594075,-126.17403592421307,1.049237226342878,-0.13899198118160846,251.99434358668452,1.0491996940015578,summer,2020-06-21,POOL_TOU
8,4,73,1,1.0468377188107063,0.0735245906984185,217.82727798146487,-125.56614833768064,1.0468377188107063,-218.19816043734767,-126.29709691353958,1.049697113857258,-0.37294604095099243,252.00931736462704,1.0492630279614479,summer,2020-06-21,POOL_TOU
8,5,74,1,1.0470680872929774,0.06657889764887877,217.86900261301923,-125.60455409818053,1.0470680872929774,-218.19760889334177,-126.29768716943745,1.0496963575176723,-0.3723944969450846,252.00872710872915,1.04926056698841,summer,2020-06-21,POOL_TOU
8,6,83,2,1.049366773662051,0.04073079820377069,218.0557450225942,-125.82387364776517,1.0481978399044838,-218.14868579501814,-126.22418739813389,1.049366773662051,-0.22509236866233076,251.99800249755074,1.049215187149435,summer,2020-06-21,POOL_TOU
8,7,178,2,1.0501753910541785,0.06021327201294737,217.95484270223986,-125.68573282766845,1.0475465386803908,-218.2467202409974,-126.44246759121563,1.0501753910541785,-0.4346104617448943,251.96707282541982,1.0490875509147366,summer,2020-06-21,POOL_TOU
8,8,208,3,1.049019884260494,0.05389123461310163,217.9533942918242,-125.68672476683074,1.047543377662555,-218.18916129977535,-126.40313029782182,1.0498859222042525,-0.4475760685050546,251.95079808000716,1.049019884260494,summer,2020-06-21,POOL_TOU
8,9,225,1,1.0474787749342631,0.05861027828872471,217.94091628603587,-125.67730305077177,1.0474787749342631,-218.18816402718917,-126.40679604405118,1.0498899803650366,-0.43625135613214855,251.96395150096131,1.049074566845208,summer,2020-06-21,POOL_TOU
8,10,248,2,1.0499950379479142,0.06159152375371683,217.95166788836508,-125.68940786321221,1.0475427315896835,-218.19413306294547,-126.44682360308595,1.0499950379479142,-0.4362992168635254,251.96219911476766,1.0490672709946423,summer,2020-06-21,POOL_TOU
8,11,249,2,1.0499421649318212,0.06159816218982709,217.9518542653542,-125.68937780672246,1.047543341298606,-218.18124537197355,-126.44373557829958,1.0499421649318212,-0.4361128398744124,251.96222917125743,1.0490673947937343,summer,2020-06-21,POOL_TOU
8,12,264,3,1.0491047757506304,0.05572332933754004,217.95340680195255,-125.68643445462514,1.0475428189514575,-218.18914878964998,-126.40283998561728,1.0498852712143316,-0.44823320800951033,251.97118598791073,1.0491047757506304,summer,2020-06-21,POOL_TOU
8,13,276,2,1.049937915292549,0.057544397280749546,217.98384741455007,-125.67086189281902,1.0476202300568118,-218.1752177932312,-126.45210030455021,1.049937915292549,-0.4577908619838266,251.9637525000276,1.0490738973975198,summer,2020-06-21,POOL_TOU
8,14,289,1,1.0475746290763304,0.055590345639761854,217.97709362183997,-125.66064814561089,1.0475746290763304,-218.15532364040283,-126.41936297049591,1.049797903655272,-0.4526833778606559,251.9623167221193,1.04906788100431,summer,2020-06-21,POOL_TOU
8,15,314,2,1.049902569585368,0.05677377268726161,217.98393328151613,-125.67076162347713,1.0476203312722743,-218.16973652771446,-126.44462807305108,1.049902569585368,-0.4577049950174899,251.9638527693691,1.0490743142271213,summer,2020-06-21,POOL_TOU
8,16,320,3,1.0491345511877845,0.05429670355086519,217.98305019285502,-125.66816951428311,1.0476117555667679,-218.15825167590623,-126.4201837733942,1.0498101651716814,-0.47354317227793946,251.97829110167586,1.0491345511877845,summer,2020-06-21,POOL_TOU
8,17,327,3,1.049223495137837,0.056490590922381324,217.98308056171834,-125.66786661380684,1.0476112352282196,-218.158221307044,-126.41988087291757,1.049809423445737,-0.4730166664257951,251.99965448264382,1.049223495137837,summer,2020-06-21,POOL_TOU
8,18,337,3,1.0488681928007688,0.04819673423695686,218.0754409249612,-125.63362422813798,1.0478732280829894,-218.07893729820447,-126.51595087848519,1.0497244850634269,-0.5194763151995846,251.91422710891473,1.0488681928007688,summer,2020-06-21,POOL_TOU
8,19,342,3,1.0488077641615703,0.04759837947602644,218.05958954345778,-125.65270515100771,1.047855703736625,-218.06052762200602,-126.4763376706553,1.04957542479044,-0.4798230243356874,251.899792119081,1.0488077641615703,summer,2020-06-21,POOL_TOU
8,20,349,1,1.048116088640769,0.0417275341163338,218.12620431890093,-125.66235795490661,1.048116088640769,-218.05534197316186,-126.50014732323632,1.0496064899161333,-0.4881076196569527,251.90519839753975,1.048830339883138,summer,2020-06-21,POOL_TOU
8,21,387,1,1.0480499024485501,0.042891194909487215,218.09961734595774,-125.67666062825343,1.0480499024485501,-218.06969477353704,-126.47040500535095,1.049596049073784,-0.4714974297699529,251.91450867392476,1.0488689722054936,summer,2020-06-21,POOL_TOU
8,22,388,1,1.0481016358927358,0.042092933982476974,218.12388184659153,-125.65943555708232,1.0481016358927358,-218.05537183242134,-126.50010332245455,1.0496065055216732,-0.4881374789168416,251.90524239832274,1.048830523324636,summer,2020-06-21,POOL_TOU
8,23,406,2,1.0499311847261323,0.0527862149751818,218.07263956032128,-125.62680336766248,1.0478489451557773,-218.11587718497134,-126.55120768201981,1.0499311847261323,-0.5158680706581414,251.91691815531578,1.0488793663021525,summer,2020-06-21,POOL_TOU
8,24,458,3,1.047616946002427,0.020298904602161508,218.062628260362,-125.64408035783478,1.047848737725975,-218.02833265906986,-126.48778489672077,1.0494833891483575,-0.5608078191820877,251.6136161492073,1.047616946002427,summer,2020-06-21,POOL_TOU
8,25,502,1,1.0478524670565672,0.052357407301046564,218.11357365282515,-125.55741556957567,1.0478524670565672,-218.12640107190558,-126.5502098072877,1.0499669998153391,-0.5439842047653803,251.97082348988974,1.0491040514019658,summer,2020-06-21,POOL_TOU
8,26,522,2,1.048798563444944,0.06268015757355329,218.08998786327695,-125.53537936070636,1.0477215865979435,-217.88355448715262,-126.4095680191827,1.048798563444944,-0.47415439681124444,252.02986386650556,1.0493492831149496,summer,2020-06-21,POOL_TOU
8,27,539,3,1.0491311609337752,0.055842711466481725,218.06870181116665,-125.61386762038849,1.047807854444866,-217.99968542542493,-126.46515748462718,1.0493329428890938,-0.5009890713934549,251.97742376276463,1.0491311609337752,summer,2020-06-21,POOL_TOU
8,28,556,3,1.0489794481162154,0.05165396923668186,218.068648317233,-125.61438415876475,1.047808734927553,-217.99973891935844,-126.46567402300344,1.0493342147283595,-0.5020063241116518,251.9409836284549,1.0489794481162154,summer,2020-06-21,POOL_TOU
8,29,562,1,1.0475585427383827,0.06146986676330832,218.06018048821076,-125.50866644057318,1.0475585427383827,-218.14750186180723,-126.55754134708224,1.0500583101442909,-0.5629628124049911,251.98775340985262,1.0491747139353758,summer,2020-06-21,POOL_TOU
8,30,563,1,1.0478818753806893,0.05142189060507812,218.12043034541418,-125.55966209942282,1.0478818753806893,-218.12630608035553,-126.55024906564755,1.0499667397425794,-0.5438892132160794,251.9707842315281,1.0491038870930864,summer,2020-06-21,POOL_TOU
8,31,611,1,1.0475638364767075,0.061262988788730544,218.06479158690337,-125.50320364892664,1.0475638364767075,-218.14743050849444,-126.55746868928003,1.0500579013655569,-0.56289145909231,251.98782606765423,1.049175015787786,summer,2020-06-21,POOL_TOU
8,32,614,3,1.0495267166216717,0.06660675757715354,218.08126607726732,-125.5151472424151,1.047648091751632,-217.89951280557497,-126.40975607694438,1.0488564285881308,-0.4900660660746974,252.07244908315053,1.0495267166216717,summer,2020-06-21,POOL_TOU
8,33,619,3,1.0493129817948144,0.06135348305431973,218.05828486514858,-125.53329062943162,1.0476028500745511,-218.16506125908472,-126.57067975120287,1.0501489992191058,-0.5918343972354617,252.0208962038995,1.0493129817948144,summer,2020-06-21,POOL_TOU
8,34,629,1,1.0476856310102232,0.05654139929021408,218.0676976394418,-125.55678961520944,1.0476856310102232,-218.1193521457285,-126.54133149936604,1.049923063852621,-0.5387291569075899,251.95919361260377,1.0490555825369898,summer,2020-06-21,POOL_TOU
8,35,639,2,1.0501846922636902,0.06191666245630892,218.057965865228,-125.53524482825429,1.0476057584695804,-218.16858719569066,-126.58168509631926,1.0501846922636902,-0.581339364393999,251.99767140049585,1.0492161819340624,summer,2020-06-21,POOL_TOU
8,36,676,2,1.05022388369348,0.06335569621992615,218.06031622796485,-125.53677354447119,1.047617415026851,-218.1717964977091,-126.59490983407575,1.05022388369348,-0.5764290080861554,251.99197720112286,1.0491924267555552,summer,2020-06-21,POOL_TOU
8,37,682,2,1.0503402275313112,0.06521406083604529,218.0599679634412,-125.53696770370908,1.0476165616982662,-218.19514985360033,-126.61033981740424,1.0503402275313112,-0.5767772726099549,251.9917830418851,1.0491916216773591,summer,2020-06-21,POOL_TOU
8,38,688,2,1.048780178383938,0.0696359782586901,218.06342452346607,-125.49578339102486,1.0475434926581924,-217.88184291574902,-126.40371887989866,1.048780178383938,-0.5031998705468794,252.07967153211018,1.0495568955698842,summer,2020-06-21,POOL_TOU
8,39,701,3,1.0496682861996263,0.07067103615009189,218.0433394171245,-125.48114044708497,1.0474406022437246,-217.95726640818856,-126.43198198040109,1.0491108612526792,-0.5369835467837195,252.1063554367776,1.0496682861996263,summer,2020-06-21,POOL_TOU
8,40,702,2,1.049427620375256,0.07403361771071652,218.0302445334216,-125.47276305124632,1.0473759493084156,-218.02043723792994,-126.47470195862365,1.049427620375256,-0.5522541927387132,252.1226312836453,1.0497361892385544,summer,2020-06-21,POOL_TOU
8,41,755,2,1.0499129639704063,0.08269635929911129,218.00787078513505,-125.45048261906864,1.0472489394990452,-218.1216107437053,-126.53260405349029,1.0499129639704063,-0.6051435006020971,252.19707522573373,1.0500466473738372,summer,2020-06-21,POOL_TOU
8,42,778,3,1.049725039389526,0.07215621381540425,218.04332969341246,-125.48094503893819,1.047440161340879,-217.95727613190502,-126.43178657225316,1.0491104880355528,-0.5386959619018885,252.1199826659522,1.049725039389526,summer,2020-06-21,POOL_TOU
8,43,780,3,1.0506233980084467,0.0926233275399392,218.0130846471605,-125.4322796876249,1.0472299572520625,-218.09059284755085,-126.49478667123685,1.0497222475745387,-0.637698307734295,252.3355181001284,1.0506233980084467,summer,2020-06-21,POOL_TOU
8,44,785,2,1.047944996480464,0.07774344096090449,218.0943141434087,-125.52614972583994,1.047718027990024,-217.68147519429073,-126.34934698019944,1.047944996480464,-0.4704955516646061,252.04130455693178,1.0493968887542422,summer,2020-06-21,POOL_TOU
8,45,813,2,1.0498290371009793,0.0822573541299024,218.0081251412394,-125.45034902492868,1.0472495799829673,-218.10451119348613,-126.52190946345387,1.0498290371009793,-0.6048891444981301,252.19720881987385,1.0500472010620236,summer,2020-06-21,POOL_TOU
8,46,817,1,1.0472129358463618,0.07538896308587216,218.0037070631256,-125.4403805347882,1.0472129358463618,-217.92981100260974,-126.41663638857425,1.0489799210686925,-0.5116227848167423,252.08709742997226,1.049587884444586,summer,2020-06-21,POOL_TOU
8,47,835,3,1.0506505653145124,0.09346592376963499,218.01311227583028,-125.43218850491787,1.0472298676335212,-218.09056521888098,-126.49469548853018,1.04972195758857,-0.6362457455170405,252.34204676899236,1.0506505653145124,summer,2020-06-21,POOL_TOU
8,48,860,1,1.0472299502659608,0.07498338387111136,218.00674539371144,-125.44329389723423,1.0472299502659608,-217.92977096497532,-126.41668102801826,1.048979870131897,-0.511582747183703,252.08705279052714,1.0495876982465924,summer,2020-06-21,POOL_TOU
8,49,861,1,1.0472228558308094,0.07515227293500183,218.00547851955668,-125.4420791136985,1.0472228558308094,-217.92978765920498,-126.4166624147459,1.0489798913701358,-0.5115994414133682,252.08707140379957,1.0495877758854104,summer,2020-06-21,POOL_TOU
8,50,886,2,1.050226781743706,0.08945436310307794,218.0122626604537,-125.46385236332078,1.047292553287789,-218.16461500533075,-126.6086722358991,1.050226781743706,-0.6364365210906116,252.22498666815784,1.0501631793439419,summer,2020-06-21,POOL_TOU
8,51,896,1,1.0472077787323497,0.07747193527412384,218.01287831785578,-125.42195653336131,1.0472077787323497,-218.02067927189563,-126.4619424276098,1.0494018355155665,-0.5736938817603258,252.15720417799218,1.0498803353290989,summer,2020-06-21,POOL_TOU
8,52,898,1,1.047411133675703,0.08091816244301081,218.04998356727,-125.45540279791066,1.047411133675703,-218.10942104359333,-126.53716696910823,1.0498785968731137,-0.6261506744095269,252.23708508017145,1.0502134447506846,summer,2020-06-21,POOL_TOU
8,53,899,2,1.050229203109083,0.08981354406742685,218.01226266045373,-125.46385236332074,1.047292553287789,-218.1637849321815,-126.61126117285825,1.050229203109083,-0.6364365210906073,252.22498666815773,1.0501631793439414,summer,2020-06-21,POOL_TOU
8,54,900,1,1.0471799588141466,0.07834191906030519,218.00635733199445,-125.4198922813201,1.0471799588141466,-218.02076969006825,-126.46190611818137,1.0494020853090722,-0.5737842999328894,252.15724048742067,1.049880487362625,summer,2020-06-21,POOL_TOU
8,55,906,1,1.0473861878915498,0.08174045796905274,218.04435535752,-125.45317092822077,1.0473861878915498,-218.10898340648652,-126.53727418961752,1.0498772447952303,-0.625713037302473,252.23697785966195,1.0502129938088323,summer,2020-06-21,POOL_TOU
9,1,34,1,1.0493463681336224,0.016876414874478045,218.38972965307357,-125.79686079485941,1.0493463681336224,-217.96424225816796,-126.1178634700039,1.0484803695088973,0.01811956591261346,251.83975427379517,1.0485558915790751,summer,2020-06-21,POOL_TOU
9,2,47,2,1.0484291954495373,0.020000365291991316,218.39862046295792,-125.75300814347192,1.049287325478355,-217.8919722662592,-126.2181633112509,1.0484291954495373,-0.016039363049701508,251.78227410332107,1.0483165674929236,summer,2020-06-21,POOL_TOU
9,3,70,1,1.0492431590390179,0.018721624929278723,218.3721595984914,-125.77770011565907,1.0492431590390179,-217.9644713091625,-126.1175724690281,1.0484805881621417,0.017890514920877544,251.84004527477575,1.0485571031178216,summer,2020-06-21,POOL_TOU
9,4,73,1,1.0490460713438141,0.034252165856298145,218.40888311943024,-125.61900378823425,1.0490460713438141,-217.80188190650193,-126.3461269575778,1.048371878368551,-0.08594150305481714,251.69097960282963,1.0479365141649977,summer,2020-06-21,POOL_TOU
9,5,74,1,1.0491823932621296,0.031129941082754818,218.4342528023796,-125.64056485889574,1.0491823932621296,-217.80154463451217,-126.34646041281734,1.0483713603488998,-0.08560423106503696,251.6906461475901,1.0479351253177345,summer,2020-06-21,POOL_TOU
9,6,83,2,1.048263715751296,0.014845908962669746,218.39915132403607,-125.7528054912849,1.049288819903597,-217.85588199432854,-126.20117471167183,1.048263715751296,-0.01550850197145979,251.78247675550793,1.0483174111137856,summer,2020-06-21,POOL_TOU
9,7,178,2,1.0486263407791427,0.032083207635258265,218.5493861145485,-125.71309509353878,1.0497484942954096,-217.77511822122452,-126.51396268154512,1.0486263407791427,-0.12010814610561739,251.59950744954145,1.0475557204741004,summer,2020-06-21,POOL_TOU
9,8,208,3,1.047502020778053,0.025531352981173646,218.54521072556608,-125.7148937609499,1.0497371590632687,-217.7398899506996,-126.48436385863822,1.0484376086578127,-0.139713018828284,251.5865998546658,1.047502020778053,summer,2020-06-21,POOL_TOU
9,9,225,1,1.0496777887938837,0.02712785306694565,218.5324154797953,-125.7085397485827,1.0496777887938837,-217.74412867883294,-126.49233842613489,1.048469546926446,-0.1276293072174212,251.59440015242402,1.0475344712350974,summer,2020-06-21,POOL_TOU
9,10,248,2,1.0487584076956822,0.03450650855321356,218.5390412837542,-125.7191732999599,1.0497237780928135,-217.7922158000422,-126.54767545611364,1.0487584076956822,-0.12972549815336268,251.59210975282812,1.0475249394297503,summer,2020-06-21,POOL_TOU
9,11,249,2,1.0487820181393015,0.03524443875765915,218.53896800111633,-125.71920731372946,1.0497235842328372,-217.79716599198957,-126.55044335230802,1.0487820181393015,-0.12979878079122908,251.59207573905866,1.047524797967963,summer,2020-06-21,POOL_TOU
9,12,264,3,1.047550671769066,0.02388514436019041,218.5451417309003,-125.71472167630114,1.0497365527980338,-217.73995894536836,-126.48419177399047,1.0484374971636403,-0.1454512524262321,251.59828148828595,1.047550671769066,summer,2020-06-21,POOL_TOU
9,13,276,2,1.0481537045102598,0.02209722206807054,218.63675632729917,-125.7066407863657,1.0500504428651984,-217.63061726337563,-126.53668365000514,1.0481537045102598,-0.10922330988351735,251.56843877815103,1.047426342818958,summer,2020-06-21,POOL_TOU
9,14,289,1,1.049935946725852,0.025196506917261764,218.6180833515205,-125.68394689057395,1.049935946725852,-217.64136865562858,-126.50571939597506,1.048127609843526,-0.10774172207944832,251.56568601697654,1.0474148788084283,summer,2020-06-21,POOL_TOU
9,15,314,2,1.047989851959841,0.017097797551980397,218.63729248572292,-125.70646164381125,1.0500520063569452,-217.59403204638107,-126.5213127547225,1.047989851959841,-0.10868715145943902,251.56861792070507,1.0474270877270666,summer,2020-06-21,POOL_TOU
9,16,320,3,1.0475190024540033,0.019486461725730327,218.63590160927828,-125.7032391201855,1.0500402983025334,-217.63686749877397,-126.50260821690415,1.0481048975764335,-0.12307703545460803,251.59068716363092,1.0475190024540033,summer,2020-06-21,POOL_TOU
9,17,327,3,1.0476124168189205,0.017035381602046117,218.63594028583722,-125.70292151531727,1.050039778790678,-217.63682882221605,-126.50229061203572,1.0481040938213684,-0.12204663009371439,251.61312371666227,1.0476124168189205,summer,2020-06-21,POOL_TOU
9,18,337,3,1.0463238101972272,0.04794992285323012,219.00936873063483,-125.7732278995834,1.051533712921049,-217.32732437336614,-126.67359350551243,1.0473491641023844,-0.02580315472251964,251.30365740168597,1.0463238101972272,summer,2020-06-21,POOL_TOU
9,19,342,3,1.0466505175404341,0.037404803739360816,218.81791413332303,-125.72520204354846,1.0507428985672111,-217.4623785941506,-126.60536292190233,1.047692049771996,-0.09281576854176211,251.38210941375866,1.0466505175404341,summer,2020-06-21,POOL_TOU
9,20,349,1,1.051405785089283,0.04202770931867194,218.97775729917902,-125.7665754041784,1.051405785089283,-217.38143811470334,-126.64363723344994,1.047481033919056,-0.04307721127945376,251.38621196935983,1.0466675428988241,summer,2020-06-21,POOL_TOU
9,21,387,1,1.0509153424103763,0.03515872057397883,218.85203160957326,-125.74895800537537,1.0509153424103763,-217.4818165917729,-126.59409817606307,1.0477383967310232,-0.08211171269142695,251.4414050680204,1.0468973844388332,summer,2020-06-21,POOL_TOU
9,22,388,1,1.051435476320389,0.042854839687833775,218.98483667914752,-125.76856770922427,1.051435476320389,-217.38133968751228,-126.64367311917293,1.047480755032173,-0.042978784088872436,251.38617608363802,1.0466673934154769,summer,2020-06-21,POOL_TOU
9,23,406,2,1.0471937802881452,0.03814089833786472,219.06270274071366,-125.77815432150722,1.0517364972768701,-217.27066378125855,-126.69668390917066,1.0471937802881452,0.012927541084373497,251.3638598752729,1.0465744641018764,summer,2020-06-21,POOL_TOU
9,24,458,3,1.0460829076219471,0.05301423767157604,218.8236173325574,-125.70733032760111,1.0507264201913036,-217.4291018757154,-126.61905960848478,1.0476010128139837,-0.14429745207670858,251.2457578600183,1.0460829076219471,summer,2020-06-21,POOL_TOU
9,25,502,1,1.0536571979193476,0.06770641788269406,219.55571390825972,-125.8458186326936,1.0536571979193476,-217.04331158093342,-126.72792865401023,1.0464417516491205,0.18920848119304312,251.40664312462155,1.0467528907995394,summer,2020-06-21,POOL_TOU
9,26,522,2,1.0471422310272414,0.015950955867400158,218.77380929291186,-125.58978246452997,1.0503028565567527,-217.32882275972295,-126.5722957752517,1.0471422310272414,-0.14027193414078162,251.47503943542586,1.0470375310051707,summer,2020-06-21,POOL_TOU
9,27,539,3,1.0469898745697401,0.02384090975047101,218.8122666643849,-125.67708862211559,1.0506227239227695,-217.41633637008925,-126.60687881300782,1.0475295612474977,-0.12226994273389762,251.46360281755852,1.0469898745697401,summer,2020-06-21,POOL_TOU
9,28,556,3,1.0468848691306316,0.02711013829743892,218.81225877625525,-125.6774483030924,1.050623441311002,-217.41634425821874,-126.60723849398467,1.0475303432335181,-0.12092299624814166,251.43838349985407,1.0468848691306316,summer,2020-06-21,POOL_TOU
9,29,562,1,1.0534492368490356,0.05585916081544993,219.51547362590335,-125.8155830064605,1.0534492368490356,-217.00640557889,-126.73104488145337,1.0463156000036276,0.20418276722898304,251.43122677848683,1.046855295644432,summer,2020-06-21,POOL_TOU
9,30,563,1,1.05383562908391,0.07294331031832597,219.593704259443,-125.86571716664236,1.05383562908391,-217.04279325233023,-126.72825201556635,1.0464405668325762,0.18972680979546638,251.40631976306346,1.0467515460834316,summer,2020-06-21,POOL_TOU
9,31,611,1,1.0535365417182936,0.058537508188099455,219.53511032102776,-125.82349005119706,1.0535365417182936,-217.00613511372129,-126.7311782400366,1.0463149075913898,0.2044532323976206,251.43109341990282,1.0468547413100873,summer,2020-06-21,POOL_TOU
9,32,614,3,1.0471222691241049,0.017476034288813724,218.7483931615233,-125.56666722660229,1.050163166781397,-217.38394292024952,-126.5870280957055,1.0473714185687872,-0.17572992617647293,251.49536936977867,1.0471222691241049,summer,2020-06-21,POOL_TOU
9,33,619,3,1.0471973842867932,0.04663049448551046,219.5136742664323,-125.80107660598624,1.0534127039814047,-216.96307015038232,-126.72130412269023,1.0461393417330724,0.2074207861266767,251.51338622346645,1.0471973842867932,summer,2020-06-21,POOL_TOU
9,34,629,1,1.0526742385381247,0.047898268887217516,219.32684222740974,-125.77036191137236,1.0526742385381247,-217.1133383402528,-126.70972543895289,1.0466553427436387,0.137720577287871,251.4014316605186,1.0467310530499363,summer,2020-06-21,POOL_TOU
9,35,639,2,1.0457418217088448,0.04923670911215521,219.52772335105152,-125.8018754314805,1.0534651091887057,-216.85753536255348,-126.71267892379947,1.0457418217088448,0.22908372057820073,251.46904456771716,1.0470128424371237,summer,2020-06-21,POOL_TOU
9,36,676,2,1.046352513690134,0.04851917376308649,219.50437890503778,-125.80998401648776,1.0533975669996984,-217.00205578745567,-126.75607151188215,1.046352513690134,0.20801365381509176,251.452168919668,1.0469425030460642,summer,2020-06-21,POOL_TOU
9,37,682,2,1.046479448299761,0.04804471515250586,219.50399245069002,-125.81018237285322,1.053396581686394,-217.02806027020404,-126.77199693641681,1.046479448299761,0.20762719946714134,251.45197056330267,1.0469416758431853,summer,2020-06-21,POOL_TOU
9,38,688,2,1.047233963537331,0.01217838068237821,218.71659944651026,-125.54156780223158,1.0499963357766353,-217.35091412069326,-126.57814200993168,1.047233963537331,-0.19040035846443545,251.4970292125649,1.047129224478116,summer,2020-06-21,POOL_TOU
9,39,701,3,1.0470484849595874,0.02442072595612431,218.67852857751407,-125.52544542725391,1.049825445049149,-217.46278712917248,-126.62374794530217,1.0477320356733029,-0.24693732071541333,251.47758821325593,1.0470484849595874,summer,2020-06-21,POOL_TOU
9,40,702,2,1.0480829860729457,0.031099033157822007,218.65359191675654,-125.51390496609578,1.0497114789924176,-217.53207485191572,-126.67226558085022,1.0480829860729457,-0.26161978362722654,251.50479872882158,1.0471618399691203,summer,2020-06-21,POOL_TOU
9,41,755,2,1.0488844760757607,0.04929646639803726,218.5625313670266,-125.46514627264233,1.0492815973296772,-217.70146305067658,-126.76391873515423,1.0488844760757607,-0.3624039766518427,251.53210612368017,1.0472760570505644,summer,2020-06-21,POOL_TOU
9,42,778,3,1.0471993410105087,0.020631914897954236,218.67858469598752,-125.52493203917571,1.0498245835621227,-217.46273101070327,-126.6232345572228,1.0477307581702533,-0.24571971688601305,251.5138216843717,1.0471993410105087,summer,2020-06-21,POOL_TOU
9,43,780,3,1.0475019961118348,0.03935106186524254,218.5145140169068,-125.41971493483143,1.0490140404884192,-217.7000822386296,-126.7198832546695,1.0487872610922513,-0.44543581430443957,251.58623839979285,1.0475019961118348,summer,2020-06-21,POOL_TOU
9,44,785,2,1.0468127338509339,0.010949184150453565,218.768338870273,-125.58032040476087,1.0502634899364074,-217.2482342465665,-126.55341896317888,1.0468127338509339,-0.1448863180340901,251.4800954164913,1.0470585928947493,summer,2020-06-21,POOL_TOU
9,45,813,2,1.0487872384990682,0.04626824032578525,218.56284324127463,-125.46502690968353,1.0492824760639499,-217.68026208977224,-126.75391663200091,1.0487872384990682,-0.3620921024043037,251.53222548663888,1.0472765521576404,summer,2020-06-21,POOL_TOU
9,46,817,1,1.0494305092350662,0.029215416627520804,218.61335540275155,-125.44844316439558,1.0494305092350662,-217.4247612592017,-126.5986931452991,1.0475427243942708,-0.2031028403924199,251.50074240900582,1.0471447260524478,summer,2020-06-21,POOL_TOU
9,47,835,3,1.047587179597949,0.0391604303849233,218.51462649021576,-125.4194309841007,1.0490138581148167,-217.6999697653204,-126.71959930393928,1.048786261621321,-0.43906194248885466,251.60670880999942,1.047587179597949,summer,2020-06-21,POOL_TOU
9,48,860,1,1.0495634361523747,0.02618545284787763,218.63711935937528,-125.47117612071679,1.0495634361523747,-217.42444805200884,-126.59904152658795,1.0475423273211073,-0.20278963320084736,251.50039402771577,1.047143274485966,summer,2020-06-21,POOL_TOU
9,49,861,1,1.0495542043643946,0.02638455063073802,218.63546899422423,-125.46959725382644,1.0495542043643946,-217.42446980358932,-126.59901733065605,1.047542354893571,-0.20281138478128166,251.50041822364773,1.0471433753007482,summer,2020-06-21,POOL_TOU
9,50,886,2,1.0494877742629063,0.0656101406220249,218.45513214217823,-125.3981600302029,1.0487549354398469,-217.83349583042025,-126.8251261126459,1.0494877742629063,-0.4586848993348717,251.5572067446924,1.0473812197077683,summer,2020-06-21,POOL_TOU
9,51,896,1,1.0496316570878848,0.03327578706088254,218.6498101464164,-125.48198111195462,1.0496316570878848,-217.55484595962517,-126.67274421306017,1.0481659205469638,-0.29802602401469047,251.51758412442763,1.0472152416436091,summer,2020-06-21,POOL_TOU
9,52,898,1,1.0486572072926195,0.05946659370564536,218.46265370922598,-125.33789575368915,1.0486572072926195,-217.75392943676266,-126.74206966223957,1.04902749440748,-0.44304754308578687,251.57179660171684,1.0474418490121034,summer,2020-06-21,POOL_TOU
9,53,899,2,1.0495610598342369,0.06790242688161863,218.4551321421783,-125.39816003020282,1.0487549354398469,-217.84875251292263,-126.83390430866602,1.0495610598342369,-0.4586848993348736,251.55720674469242,1.0473812197077685,summer,2020-06-21,POOL_TOU
9,54,900,1,1.0495211899036625,0.03516009710267397,218.62964040166216,-125.46382303558954,1.0495211899036625,-217.55511301318919,-126.67246466850047,1.0481662957829059,-0.29829307757868223,251.51786366898736,1.047216406868047,summer,2020-06-21,POOL_TOU
9,55,906,1,1.0485078386640156,0.06325480694888935,218.4354688174023,-125.31318833636868,1.0485078386640156,-217.7538563770066,-126.74152620915409,1.0490260932767719,-0.4429744833297488,251.5723400548023,1.0474441111853185,summer,2020-06-21,POOL_TOU
10,1,34,1,1.0477819196964349,0.11697769997557032,218.12587993118407,-125.50206307335448,1.0477819196964349,-217.54085968233835,-125.5345940072467,1.0457390556430686,-0.4724917889166933,252.26723603168315,1.0503375872503515,summer,2020-06-21,POOL_TOU
10,2,47,2,1.044729558969848,0.13786050134794292,218.06830381299142,-125.20186801456317,1.0469512486766708,-217.2893825598639,-125.48525640036965,1.044729558969848,-0.5218431090114635,252.4869836567391,1.0512529278734106,summer,2020-06-21,POOL_TOU
10,3,70,1,1.047730354039437,0.11547121272864636,218.1185333369985,-125.48999750184204,1.047730354039437,-217.5409511122304,-125.5344147455153,1.045739012313721,-0.47258321880574283,252.2674152934191,1.0503383343333452,summer,2020-06-21,POOL_TOU
10,4,73,1,1.0455970022747243,0.15062153843913814,217.9933152318042,-124.6785354522394,1.0455970022747243,-217.15997183689612,-125.40607150603809,1.044098085582498,-0.668268968510069,252.85334381309417,1.0527797305246502,summer,2020-06-21,POOL_TOU
10,5,74,1,1.0457263474716132,0.1509710295247788,218.01732185879672,-124.69913428805307,1.0457263474716132,-217.159652895983,-125.40638983237858,1.044097598425513,-0.6679500275970016,252.85302548675364,1.0527784016421504,summer,2020-06-21,POOL_TOU
10,6,83,2,1.04444498682518,0.14653088023333596,218.06921746225035,-125.20152130220735,1.046953828898003,-217.22725775296297,-125.45616246738267,1.04444498682518,-0.5209294597523417,252.48733036909454,1.0512543635808727,summer,2020-06-21,POOL_TOU
10,7,178,2,1.0437429180556068,0.17697332174691266,218.02799354264056,-124.50041638102724,1.0453543914848544,-217.05179977538978,-125.4227920115255,1.0437429180556068,-0.7704496639454842,253.0828053482299,1.053736318746326,summer,2020-06-21,POOL_TOU
10,8,208,3,1.0548983490923558,0.21395358548590535,218.02241058429772,-124.48719080006012,1.0453069003276154,-217.0405280079074,-125.37829810941712,1.0436096055667647,-0.8310642493282612,253.3617088557539,1.0548983490923558,summer,2020-06-21,POOL_TOU
10,9,225,1,1.0452227503964227,0.1806341076127212,218.0035090828226,-124.47953379426876,1.0452227503964227,-217.04229850997052,-125.39141341470429,1.043643304363415,-0.7891091239450958,253.10138616758348,1.0538139205384154,summer,2020-06-21,POOL_TOU
10,10,248,2,1.0438895104966275,0.17928182675990223,218.01699612633678,-124.49681350927649,1.0453071904128781,-217.06801951968245,-125.46509056889221,1.0438895104966275,-0.7904172745624906,253.09816881650912,1.053800541888499,summer,2020-06-21,POOL_TOU
10,11,249,2,1.0439593167298258,0.17732797763423971,218.0167582366194,-124.4968699825098,1.04530644689592,-217.08437362122538,-125.470299752932,1.0439593167298258,-0.7906551642798402,253.09811234327583,1.0538003098522817,summer,2020-06-21,POOL_TOU
10,12,264,3,1.0546531169178237,0.20668011300994393,218.022370356541,-124.48802911346999,1.0453084855811623,-217.04056823566725,-125.3791364228281,1.043611496526593,-0.829453897551414,253.3028145145411,1.0546531169178237,summer,2020-06-21,POOL_TOU
10,13,276,2,1.043135198671857,0.1886738685533192,218.0581131598143,-124.3808551320979,1.0452165601471348,-216.88691308508925,-125.41638187011124,1.043135198671857,-0.7752083400770398,253.12101184299908,1.0538954544403205,summer,2020-06-21,POOL_TOU
10,14,289,1,1.0449677002476052,0.18140794378993472,218.02000806263845,-124.32702097266123,1.0449677002476052,-216.92351559360733,-125.36893497356665,1.043168265513003,-0.7767497031282494,253.12627419382974,1.053917384249125,summer,2020-06-21,POOL_TOU
10,15,314,2,1.0428255644504736,0.1970034944627072,218.05913354487296,-124.38053228700201,1.0452195844747874,-216.81719075307615,-125.38839508029184,1.0428255644504736,-0.7741879550181496,253.12133468809466,1.053896785623898,summer,2020-06-21,POOL_TOU
10,16,320,3,1.0538532029365086,0.18410915991113927,218.05561429440607,-124.38024091443458,1.0452062556725443,-216.91437224612702,-125.37082406393664,1.043139241171203,-0.800280070216089,253.11078589639672,1.0538532029365086,summer,2020-06-21,POOL_TOU
10,17,327,3,1.0539093386021048,0.18586559193069402,218.05559241244487,-124.3800467709592,1.0452057760306273,-216.91439412808913,-125.37062992046103,1.0431389155579283,-0.8028368851053405,253.12426040294446,1.0539093386021048,summer,2020-06-21,POOL_TOU
10,18,337,3,1.0551149104108521,0.21361674652058904,218.2019041760023,-123.97300331343739,1.0448967321700247,-216.55596965735688,-125.26994332395442,1.0416371608108095,-0.8255116021862886,253.413740486431,1.0551149104108521,summer,2020-06-21,POOL_TOU
10,19,342,3,1.054439111864978,0.19649562737789228,218.09651431918138,-124.10844801236335,1.044794030598996,-216.71704830773893,-125.3141396362883,1.0423098485044746,-0.8334206568578503,253.25140197189822,1.054439111864978,summer,2020-06-21,POOL_TOU
10,20,349,1,1.045113697321165,0.19917782164403522,218.22517236428396,-124.03752916542732,1.045113697321165,-216.62159868611707,-125.28996579150743,1.0419154346455757,-0.8150940176343683,253.330178000148,1.0547668524047584,summer,2020-06-21,POOL_TOU
10,21,387,1,1.0452211026456826,0.19283045117566877,218.17416199605668,-124.17938896812375,1.0452211026456826,-216.73880570593323,-125.32351723407488,1.0424078152648746,-0.8192704468202048,253.2430511805082,1.054404150590916,summer,2020-06-21,POOL_TOU
10,22,388,1,1.0450475800437307,0.19828418666122377,218.216203723212,-124.02117181465913,1.0450475800437307,-216.62170855856482,-125.28972382754597,1.0419153262508152,-0.8152038900824423,253.33041996411052,1.0547678613087326,summer,2020-06-21,POOL_TOU
10,23,406,2,1.0416281390982147,0.21030943934188687,218.23242907465536,-123.94610107714372,1.0449519153797215,-216.53450514969467,-125.30271585339366,1.0416281390982147,-0.7805501248332828,253.41519834768508,1.0551203871003265,summer,2020-06-21,POOL_TOU
10,24,458,3,1.0540940616670835,0.18878219992184583,218.05199053777795,-124.01738841538187,1.044445426623309,-216.68446538898297,-125.29531229583485,1.042153167412248,-0.9272593628727118,253.1682018514845,1.0540940616670835,summer,2020-06-21,POOL_TOU
10,25,502,1,1.0456516343131714,0.23188069269429648,218.56006796306264,-123.70897252036866,1.0456516343131714,-216.09264254123553,-125.12411754203372,1.0396633916556794,-0.5899883708721925,253.64783421065854,1.0560868378509736,summer,2020-06-21,POOL_TOU
10,26,522,2,1.0413559232187315,0.23465889207040688,217.89762750161904,-123.75906493715144,1.0433552081365445,-216.52911022039544,-125.18146081950925,1.0413559232187315,-0.9714577117657821,253.4725478043362,1.0553619122565578,summer,2020-06-21,POOL_TOU
10,27,539,3,1.054825187772037,0.20899365568477038,218.01608716485921,-123.95967268949614,1.0441966924618902,-216.67459454479098,-125.2756155716918,1.0420765385705064,-0.9283161599598443,253.34379935337415,1.054825187772037,summer,2020-06-21,POOL_TOU
10,28,556,3,1.0547003130523713,0.2051591219349504,218.01609065383516,-123.9601012833805,1.0441975871116378,-216.67459105581494,-125.27604416557614,1.0420774191931905,-0.9258089559341875,253.31381620326215,1.0547003130523713,summer,2020-06-21,POOL_TOU
10,29,562,1,1.0458644003677777,0.24550627699830793,218.62293251440337,-123.70164409062377,1.0458644003677777,-215.96889671984457,-125.10161448821333,1.0391705837416487,-0.5374066247796153,253.69966873827752,1.0563021682221834,summer,2020-06-21,POOL_TOU
10,30,563,1,1.0456241798759236,0.23170279807115635,218.55563171124686,-123.7034237418283,1.0456241798759236,-216.09269961246363,-125.12403396896705,1.0396634229307713,-0.5900454421010701,253.6479177837234,1.056087186366215,summer,2020-06-21,POOL_TOU
10,31,611,1,1.0459888300416935,0.24424673398250224,218.65125372017522,-123.71227689301918,1.0459888300416935,-215.96850581263226,-125.10179587096295,1.0391695539215855,-0.5370157175674275,253.6994873555273,1.0563014095752221,summer,2020-06-21,POOL_TOU
10,32,614,3,1.0556604022439637,0.2302894391338429,217.83938676302034,-123.70390537042883,1.043030934455164,-216.6644783211573,-125.20647954882664,1.0418960190537163,-1.0312691467524324,253.5440027498132,1.0556604022439637,summer,2020-06-21,POOL_TOU
10,33,619,3,1.0569091228598337,0.27288649588418395,218.65556172885766,-123.67347810899146,1.045924902224514,-215.83576740942422,-125.0612883218933,1.0386067968147945,-0.5027035141469683,253.84551713780897,1.0569091228598337,summer,2020-06-21,POOL_TOU
10,34,629,1,1.0450033044444385,0.22805232380424348,218.38567516220567,-123.70093536221432,1.0450033044444385,-216.21111373096207,-125.14846413839483,1.0401410678510579,-0.6483046460610207,253.59869375180074,1.055882830784227,summer,2020-06-21,POOL_TOU
10,35,639,2,1.037767603272787,0.2875113037144141,218.68447455704498,-123.67345025115343,1.0460296284469268,-215.61862726682293,-125.03398084769246,1.037767603272787,-0.46204057710149554,253.77268845110356,1.056605573311578,summer,2020-06-21,POOL_TOU
10,36,676,2,1.0387820723112566,0.26102149830618665,218.63666247162212,-123.68909517270912,1.0458884264439006,-215.8611940002152,-125.10137237845177,1.0387820723112566,-0.5062492242564769,253.74235799464736,1.0564796413289488,summer,2020-06-21,POOL_TOU
10,37,682,2,1.0388439487042558,0.26013859700330444,218.63651567536752,-123.68927800080193,1.0458882692949811,-215.87050440571977,-125.11494542916898,1.0388439487042558,-0.5063960205112426,253.7421751665546,1.0564788813299981,summer,2020-06-21,POOL_TOU
10,38,688,2,1.041739859068408,0.23537449317554238,217.77111971784683,-123.64457203885053,1.0426617845993924,-216.63272774129925,-125.18646202036348,1.041739859068408,-1.0635207559304598,253.5392728959091,1.0556412639925408,summer,2020-06-21,POOL_TOU
10,39,701,3,1.0557102822700573,0.22603047192015663,217.70481274877042,-123.60263107909624,1.0423354883789624,-216.78910261629926,-125.24217142403576,1.042419644622163,-1.1440120173442836,253.555499303021,1.0557102822700573,summer,2020-06-21,POOL_TOU
10,40,702,2,1.0429719699724131,0.22257549261244072,217.66284741150497,-123.57594637162694,1.0421286885113767,-216.89889419889542,-125.31731334390707,1.0429719699724131,-1.171642531426098,253.5732974002328,1.0557849106641601,summer,2020-06-21,POOL_TOU
10,41,755,2,1.044032000570972,0.22316933370009068,217.52536559704436,-123.4742713372961,1.0414218985511021,-217.1259185076939,-125.4332946839315,1.044032000570972,-1.3122785214407235,253.63897984518653,1.0560612492506034,summer,2020-06-21,POOL_TOU
10,42,778,3,1.0557556649962299,0.2275843887141288,217.70467677695697,-123.60246578097609,1.042334656263496,-216.7892385881171,-125.24200612591439,1.0424197905492505,-1.154402818622708,253.56635224035733,1.0557556649962299,summer,2020-06-21,POOL_TOU
10,43,780,3,1.0566000462317386,0.23909442622303825,217.4589355980118,-123.39265610985386,1.0410136263012573,-217.10301578691656,-125.35684547554158,1.043790232683501,-1.4179555187102724,253.76782012490455,1.0566000462317386,summer,2020-06-21,POOL_TOU
10,44,785,2,1.0413868518776108,0.23683777177786658,217.87857072863838,-123.73813205411885,1.0432431723111208,-216.53156951346259,-125.19204844414087,1.0413868518776108,-0.9851086454941956,253.48603327141362,1.0554182790644087,summer,2020-06-21,POOL_TOU
10,45,813,2,1.043904920654139,0.22509842985274156,217.52577255205435,-123.47411431695423,1.0414230493690362,-217.0982607244266,-125.42015453753844,1.043904920654139,-1.311871566431107,253.63913686552846,1.0560618942442181,summer,2020-06-21,POOL_TOU
10,46,817,1,1.0413102146185116,0.23677866379614726,217.52587561372437,-123.41902505460902,1.0413102146185116,-216.7352827021024,-125.20923885874245,1.0421570218862921,-1.0853157929568416,253.55089778448436,1.0556900492921328,summer,2020-06-21,POOL_TOU
10,47,835,3,1.056563321715894,0.23796790225737105,217.45896107483293,-123.39278384333431,1.041013981024132,-217.1029903100954,-125.35697320902251,1.0437904067565387,-1.415497708421385,253.75901329887768,1.056563321715894,summer,2020-06-21,POOL_TOU
10,48,860,1,1.041655635750715,0.2333825822595889,217.58791523999955,-123.47779585883721,1.041655635750715,-216.73446440593676,-125.2101401645697,1.042155948962852,-1.0844974967925884,253.54999647865614,1.0556862820861255,summer,2020-06-21,POOL_TOU
10,49,861,1,1.0416463284495296,0.23346768425585995,217.58624371329233,-123.47621212789923,1.0416463284495296,-216.73448645290333,-125.21011587687083,1.0421559778609766,-1.0845195437591149,253.55002076635506,1.0556863836016952,summer,2020-06-21,POOL_TOU
10,50,886,2,1.0445736928733589,0.23500313224534994,217.38056077220187,-123.35117822618946,1.0406445851766088,-217.2340823447543,-125.50614924050888,1.0445736928733589,-1.432021993879131,253.694662211135,1.0562957808548281,summer,2020-06-21,POOL_TOU
10,51,896,1,1.0418743733614235,0.2205140197139929,217.6403600666467,-123.49182353631022,1.0418743733614235,-216.91869476608406,-125.30236550329882,1.0430122224729643,-1.2237276959652907,253.6054475112335,1.0559197930555935,summer,2020-06-21,POOL_TOU
10,52,898,1,1.0404942520024543,0.2294569838171285,217.39108144527998,-123.25944752186145,1.0404942520024543,-217.1649321571042,-125.38458297624163,1.044071231694791,-1.4160206299854643,253.7172903592545,1.0563896196176317,summer,2020-06-21,POOL_TOU
10,53,899,2,1.0447736953402937,0.2322914452231027,217.3805607722019,-123.35117822618943,1.0406445851766088,-217.27876291804648,-125.52483599505693,1.0447736953402937,-1.4320219938791234,253.69466221113493,1.056295780854828,summer,2020-06-21,POOL_TOU
10,54,900,1,1.0416697835699522,0.22213640427653356,217.60499066411944,-123.4545876576967,1.0416697835699522,-216.91915728819868,-125.30179867479345,1.04301270953799,-1.2241902180798565,253.606014339739,1.055922162360016,summer,2020-06-21,POOL_TOU
10,55,906,1,1.0401384435652998,0.23534992066349203,217.3257137659485,-123.20147318343473,1.0401384435652998,-217.1645983576173,-125.38389949115383,1.0440686051921058,-1.415686830498431,253.71797384434205,1.0563924575650994,summer,2020-06-21,POOL_TOU
11,1,34,1,1.051411792184502,0.06269891067883131,219.14616072402887,-125.47580879058239,1.051411792184502,-217.463280138754,-126.22341655097135,1.0468960776920737,-0.030746518243041972,251.84804820432885,1.0485904291531394,summer,2020-06-21,POOL_TOU
11,2,47,2,1.046435914863423,0.03907685570878472,219.23161289788436,-125.39593310584713,1.0515554054836254,-217.23601765488607,-126.39452112697748,1.046435914863423,0.0011645181990648102,251.8325748983329,1.0485259969458431,summer,2020-06-21,POOL_TOU
11,3,70,1,1.0514361547488336,0.06356370517278728,219.1528024038952,-125.47598500989452,1.0514361547488336,-217.46318598319655,-126.22342617041139,1.0468957587485226,-0.03065236268258441,251.84803858489343,1.048590389054029,summer,2020-06-21,POOL_TOU
11,4,73,1,1.052775895357434,0.05270669424827353,219.58658421749413,-125.36557053032858,1.052775895357434,-217.10013152427126,-126.63882880463422,1.0464590884453937,-0.0038969783734447445,251.80823388273978,1.0484246512051003,summer,2020-06-21,POOL_TOU
11,5,74,1,1.0528422145263725,0.05421198133169585,219.5995534223553,-125.37498045207519,1.0528422145263725,-217.0999573803732,-126.63897636751317,1.0464587717164655,-0.00372283447544967,251.80808631986082,1.0484240368037367,summer,2020-06-21,POOL_TOU
11,6,83,2,1.0460294379450163,0.039358766868604116,219.2329164143488,-125.3954338284928,1.0515590844769938,-217.14740768679587,-126.35268914524545,1.0460294379450163,0.00246803466363778,251.8330741756869,1.0485280757680249,summer,2020-06-21,POOL_TOU
11,7,178,2,1.0470266817112615,0.04555965820647101,219.63833350073665,-125.3210081835088,1.0528710536131973,-217.1115236335483,-126.88967996209372,1.0470266817112615,-0.043511516326676825,251.79051919966005,1.0483509101676385,summer,2020-06-21,POOL_TOU
11,8,208,3,1.048087044111658,0.047471552469509556,219.63710213769482,-125.32467794875281,1.052874172913202,-217.0184763622361,-126.82729559235577,1.0465611446907388,-0.0633723326472083,251.72714023664702,1.048087044111658,summer,2020-06-21,POOL_TOU
11,9,225,1,1.0528083354168891,0.037523899582736144,219.62385447258836,-125.31598861284016,1.0528083354168891,-217.01407002886913,-126.83540467908408,1.0465623412927108,-0.04452919270502991,251.78214987702808,1.0483160645339102,summer,2020-06-21,POOL_TOU
11,10,248,2,1.0466547004772861,0.030248109715726387,219.63650644372078,-125.33113486433524,1.0528853425411149,-216.99186567355756,-126.91733089613523,1.0466547004772861,-0.043940586703738765,251.7784624752459,1.0483007112977334,summer,2020-06-21,POOL_TOU
11,11,249,2,1.0467322855358578,0.03182821539901399,219.63625358232525,-125.33122196813385,1.0528846078742846,-217.00910606318703,-126.9247632702065,1.0467322855358578,-0.044193448099253546,251.77837537144734,1.0483003488180513,summer,2020-06-21,POOL_TOU
11,12,264,3,1.0485244935579117,0.034330196715258374,219.63714725396167,-125.32318043222799,1.052871246025393,-217.01843124597215,-126.82579807583193,1.0465578365548593,-0.068121081265121,251.83220460731218,1.0485244935579117,summer,2020-06-21,POOL_TOU
11,13,276,2,1.0463099542392411,0.03525393274664282,219.75115698546603,-125.26582734812182,1.0531652887361063,-216.91209526039742,-126.88971277085874,1.0463099542392411,-0.03642132894382793,251.82181667063244,1.048481215119623,summer,2020-06-21,POOL_TOU
11,14,289,1,1.0533566984667175,0.04582619480837262,219.7963854231034,-125.27931468116205,1.0533566984667175,-216.92781381555494,-126.84764939060338,1.0462780292752738,-0.031920852667750355,251.8215328124296,1.0484800307095765,summer,2020-06-21,POOL_TOU
11,15,314,2,1.046190165163444,0.033043369898989775,219.75158350064504,-125.26576683041067,1.0531667067333284,-216.88255873136637,-126.8832245309523,1.046190165163444,-0.035994813764593604,251.8218771883432,1.048481466834836,summer,2020-06-21,POOL_TOU
11,16,320,3,1.0484631257859551,0.04204107227337628,219.74873151360276,-125.26301769519726,1.053150722134193,-216.92576874471047,-126.84733340780963,1.0462700147783799,-0.06959667330504733,251.81746503221777,1.0484631257859551,summer,2020-06-21,POOL_TOU
11,17,327,3,1.0486766151345568,0.03559089434793412,219.7488534995178,-125.2622943729179,1.0531496719675106,-216.9256467587966,-126.84661008552992,1.046268056128067,-0.0648768009544865,251.86874167743255,1.0486766151345568,summer,2020-06-21,POOL_TOU
11,18,337,3,1.048140741432821,0.06747446288893197,220.23175184483168,-125.12079776389079,1.0546057336295767,-216.51594484723225,-126.94291915295024,1.0449986145153398,0.06513836023231048,251.74003668602273,1.048140741432821,summer,2020-06-21,POOL_TOU
11,19,342,3,1.0484593027043516,0.046016924392627764,219.93888237224843,-125.13351883227993,1.0535718706251578,-216.75394328948207,-126.9275021990134,1.045821132970191,-0.034841446641537314,251.8165540203627,1.0484593027043516,summer,2020-06-21,POOL_TOU
11,20,349,1,1.0546533458034617,0.06162457981661731,220.22489091228712,-125.15601906151744,1.0546533458034617,-216.61614323249177,-126.94574921596303,1.0453644832521898,0.04421111075699081,251.84863439240124,1.0485928781389107,summer,2020-06-21,POOL_TOU
11,21,387,1,1.0530554329933466,0.03222909568158903,219.81431403307207,-125.10163302658462,1.0530554329933466,-216.78151180059027,-126.9137254679015,1.0458912037969301,-0.03197918637785884,251.85265619589262,1.0486096155505522,summer,2020-06-21,POOL_TOU
11,22,388,1,1.054645406330621,0.062141026413437925,220.22823026433616,-125.14628336135193,1.054645406330621,-216.61608536597845,-126.94561449932046,1.0453639917854947,0.04426897727000441,251.84876910904515,1.0485934390852432,summer,2020-06-21,POOL_TOU
11,23,406,2,1.04418919150979,0.0578224906955129,220.30766101556708,-125.09812726951616,1.05483393500601,-216.34059734727487,-126.85762500306856,1.04418919150979,0.13158589433791917,251.88182103711256,1.0487311804603878,summer,2020-06-21,POOL_TOU
11,24,458,3,1.0488394151316711,0.03540557912319743,219.96751501558293,-125.08684702942716,1.0535794184192806,-216.727596240709,-126.9571829437219,1.0457889298660015,-0.0667536754489365,251.90784211918162,1.0488394151316711,summer,2020-06-21,POOL_TOU
11,25,502,1,1.0564840861218572,0.06802074160529015,220.81904767897433,-124.99972189433154,1.0564840861218572,-216.17203800644188,-126.92445503175604,1.0437247042310516,0.30520818513345527,252.1073889386766,1.0496709773940822,summer,2020-06-21,POOL_TOU
11,26,522,2,1.0455608618424306,0.01885441248429346,219.92076527292585,-124.98487236418731,1.0532003718286584,-216.6219713485471,-127.02907001205165,1.0455608618424306,-0.10932071558381717,251.90806648108568,1.0488404112202925,summer,2020-06-21,POOL_TOU
11,27,539,3,1.0490631672635546,0.02726319905419101,219.9553591664174,-125.06023887048842,1.0534806612097176,-216.73279330682013,-126.9764768822607,1.045848206289638,-0.08360392984390141,251.9615773684761,1.0490631672635546,summer,2020-06-21,POOL_TOU
11,28,556,3,1.0487992091932774,0.03547713610815085,219.95525828739576,-125.06113694174861,1.0534821442424915,-216.73289418584162,-126.97737495352091,1.0458504588629525,-0.08592364509182111,251.89817973902203,1.0487992091932774,summer,2020-06-21,POOL_TOU
11,29,562,1,1.0562843875225754,0.05372740985203391,220.79584453549273,-124.94334280015043,1.0562843875225754,-216.12706021438538,-126.92151915079809,1.043557028224706,0.31912276312088034,252.1820057680709,1.049981722293643,summer,2020-06-21,POOL_TOU
11,30,563,1,1.0563187536659098,0.06344331413846721,220.78892850882372,-124.97232091148564,1.0563187536659098,-216.17243648719926,-126.9240335323091,1.0437252463879476,0.3048097043753256,252.10781043812165,1.0496727303337572,summer,2020-06-21,POOL_TOU
11,31,611,1,1.0563803326978911,0.05697883371691788,220.82167428832466,-124.9444870934015,1.0563803326978911,-216.12669453149238,-126.92156308078276,1.0435558079455831,0.3194884460139173,252.1819618380856,1.0499815413154296,summer,2020-06-21,POOL_TOU
11,32,614,3,1.0492327880620778,0.02613762942302813,219.89093926482872,-124.96414377576494,1.05304976313127,-216.78505680022454,-127.10055938638939,1.0462971699289556,-0.15561721592917024,252.0022823255687,1.0492327880620778,summer,2020-06-21,POOL_TOU
11,33,619,3,1.0508476986872712,0.043544696977044425,220.7877113010016,-124.9248215312326,1.0562169383601971,-216.083184676726,-126.9071166185471,1.04336913749024,0.3079598383702112,252.39000803089553,1.0508476986872712,summer,2020-06-21,POOL_TOU
11,34,629,1,1.0561169495110168,0.06457702857757694,220.69254439261104,-125.04415874382869,1.0561169495110168,-216.23511369824246,-126.92776960102385,1.0439581684727413,0.26839019400867165,252.0434825426104,1.0494047235285549,summer,2020-06-21,POOL_TOU
11,35,639,2,1.043093338577124,0.04536836030846951,220.79983799744332,-124.93186305500338,1.0562753199493184,-215.99050841205718,-126.93409526450746,1.043093338577124,0.3340678399726426,252.27161317064795,1.0503548904709117,summer,2020-06-21,POOL_TOU
11,36,676,2,1.0434955436126763,0.04288292509995397,220.78058312465086,-124.94358040557547,1.0562295734241771,-216.09106480159048,-126.95364357939829,1.0434955436126763,0.3195081055986362,252.23738485778372,1.0502122996138354,summer,2020-06-21,POOL_TOU
11,37,682,2,1.0437502099500782,0.03935315483313458,220.7797966395826,-124.94395552831281,1.0562274927845323,-216.14413810832806,-126.98405481217074,1.0437502099500782,0.3187216205302029,252.2370097350465,1.0502107336173685,summer,2020-06-21,POOL_TOU
11,38,688,2,1.0461061227681046,0.02827783890463417,219.860992886431,-124.95252242300246,1.0529174541513373,-216.7197956830681,-127.121137610899,1.0461061227681046,-0.17256563118639998,251.887381243526,1.048754433854376,summer,2020-06-21,POOL_TOU
11,39,701,3,1.0482817635989405,0.058953661913552495,219.84825465917402,-124.98356811929341,1.052935221522524,-216.9164103679672,-127.26413342480382,1.04711347033832,-0.23511391043606714,251.77380571639932,1.0482817635989405,summer,2020-06-21,POOL_TOU
11,40,702,2,1.0479133394929496,0.07575618037484107,219.85525312149483,-125.01480775646802,1.053024839874554,-217.05122066897596,-127.41398036450113,1.0479133394929496,-0.2395138035905218,251.7861567056189,1.0483332052199155,summer,2020-06-21,POOL_TOU
11,41,755,2,1.049776769396975,0.12090573537560463,219.85897881026978,-125.11643418031686,1.0532475390834812,-217.36508890446657,-127.76329294228948,1.049776769396975,-0.3200652539422491,251.64946487858484,1.047764450504204,summer,2020-06-21,POOL_TOU
11,42,778,3,1.0485434913355118,0.051820218058524325,219.84817758337326,-124.98266442701414,1.0529330830026413,-216.91648744377216,-127.26322973252343,1.0471118431322652,-0.24528071198229215,251.8366572158196,1.0485434913355118,summer,2020-06-21,POOL_TOU
11,43,780,3,1.047714171291983,0.09804807036487301,219.89515208919076,-125.1402427997237,1.0534274670798929,-217.2208448423884,-127.72288042106275,1.0491737623917707,-0.3377866691987498,251.63736575824686,1.047714171291983,summer,2020-06-21,POOL_TOU
11,44,785,2,1.0462553595936124,0.03562269307906464,219.90792754635314,-124.97867847408645,1.053141159068102,-216.7694710014123,-127.10728768065529,1.0462553595936124,-0.1235811976239127,251.90743141158535,1.0488377945030862,summer,2020-06-21,POOL_TOU
11,45,813,2,1.0496695808127878,0.11759977656911381,219.8593048740695,-125.11626616707777,1.053248373011058,-217.34315154841732,-127.74981039868727,1.0496695808127878,-0.3197391901429424,251.6496328918239,1.047765148315017,summer,2020-06-21,POOL_TOU
11,46,817,1,1.051391283186513,0.079833318754627,219.58251092109555,-124.70064751026999,1.051391283186513,-216.85786398850678,-127.16943143359461,1.0467037151075198,-0.19132893263839226,251.88318979472325,1.0487370388423345,summer,2020-06-21,POOL_TOU
11,47,835,3,1.0472770379829273,0.10832430950047757,219.8951680746589,-125.14174368820348,1.0534306157712172,-217.2208288569203,-127.72438130954302,1.0491768724420443,-0.32874299522410044,251.53238796792363,1.0472770379829273,summer,2020-06-21,POOL_TOU
11,48,860,1,1.051798937379941,0.06888376344418003,219.65570061167512,-124.77003527980632,1.051798937379941,-216.85689868243836,-127.1704954991017,1.0467024892498058,-0.19036362657134415,251.88212572921506,1.0487326054726174,summer,2020-06-21,POOL_TOU
11,49,861,1,1.0518057671454677,0.06870693474267123,219.6569267128026,-124.77119793654411,1.0518057671454677,-216.85688251153383,-127.1705133282319,1.0467024687223914,-0.19034745566677044,251.8821079000849,1.0487325311886806,summer,2020-06-21,POOL_TOU
11,50,886,2,1.050036201422751,0.12377839664099721,219.91831866476255,-125.18888202583472,1.0536114708818638,-217.3186682404549,-127.96508086655957,1.050036201422751,-0.3393628380424946,251.54085098932083,1.0473123331713097,summer,2020-06-21,POOL_TOU
11,51,896,1,1.0535760176943025,0.08014319695392613,219.98123345761203,-125.0610671774493,1.0535760176943025,-217.05030721103404,-127.47175303150708,1.0480318528704369,-0.25603748736945714,251.73083567942055,1.0481029393195105,summer,2020-06-21,POOL_TOU
11,52,898,1,1.0540041092378132,0.1140987259890455,220.0409646138292,-125.16402575918634,1.0540041092378132,-217.24654268390833,-127.80897414331203,1.0494477145675625,-0.31968386364375756,251.57026724124333,1.0474347027621995,summer,2020-06-21,POOL_TOU
11,53,899,2,1.050385196153161,0.1349338726917381,219.91831866476258,-125.18888202583463,1.0536114708818636,-217.39664225816756,-127.99785485637923,1.050385196153161,-0.33936283804248696,251.54085098932072,1.0473123331713092,summer,2020-06-21,POOL_TOU
11,54,900,1,1.0536709653364627,0.07983520883077622,220.00100998357826,-125.07242212840386,1.0536709653364627,-217.05003845385926,-127.47193551706194,1.0480312727461814,-0.25576873019465385,251.73065319386578,1.0481021783884874,summer,2020-06-21,POOL_TOU
11,55,906,1,1.0537107203219511,0.11801163824029799,219.9863869584259,-125.117454974296,1.0537107203219511,-217.24472738639918,-127.80947231048465,1.0494422519263282,-0.3178685661343698,251.56976907407056,1.0474326190258871,summer,2020-06-21,POOL_TOU
12,1,34,1,1.049829101281462,0.016001424372228304,218.47401408105543,-125.88281980494946,1.049829101281462,-217.79512163080975,-126.17879649615308,1.0479981088987047,0.006357736030062452,251.6959465263414,1.0479571336101943,summer,2020-06-21,POOL_TOU
12,2,47,2,1.0479345653139551,0.010151860623899351,218.32505518917458,-125.80042010927774,1.0491204399249583,-217.70289525755612,-126.30744387315039,1.0479345653139551,-0.07766075116345243,251.6151725538696,1.0476208739833177,summer,2020-06-21,POOL_TOU
12,3,70,1,1.0497385005484694,0.013927816959205306,218.45978476671672,-125.86392870857512,1.0497385005484694,-217.79530351578256,-126.17851290402619,1.0479981722592024,0.006175851060086924,251.6962301184729,1.047958314350907,summer,2020-06-21,POOL_TOU
12,4,73,1,1.0486141900801094,0.033838762767549505,218.21102178016938,-125.75478063083318,1.0486141900801094,-217.8293544118442,-126.62085557300993,1.049045198589175,-0.30394482302342907,251.4467158008377,1.0469202051543516,summer,2020-06-21,POOL_TOU
12,5,74,1,1.0487979572999986,0.028631268535593037,218.24776954060815,-125.77940987867403,1.0487979572999986,-217.82885880286113,-126.62124480248524,1.04904422901291,-0.3034492140404425,251.44632657136242,1.0469185820737412,summer,2020-06-21,POOL_TOU
12,6,83,2,1.0471073434341809,0.0258984296470635,218.32759699763463,-125.79917523114858,1.049127021956103,-217.53154162186624,-126.20688165544414,1.0471073434341809,-0.07511894270329843,251.61641743199857,1.0476260539243516,summer,2020-06-21,POOL_TOU
12,7,178,2,1.0502651980481057,0.0640106832206936,218.05270501036725,-125.76707097422711,1.048068694037813,-217.99678748431427,-126.91576175919826,1.0502651980481057,-0.4859834320377363,251.3388532138241,1.0464723016217348,summer,2020-06-21,POOL_TOU
12,8,208,3,1.046770112235754,0.05412114798897553,218.04236409575486,-125.76618161781462,1.0480295478706223,-217.94210357017275,-126.86401540145924,1.049960036224807,-0.5210687802414984,251.41031055023626,1.046770112235754,summer,2020-06-21,POOL_TOU
12,9,225,1,1.047939808061275,0.05878551921854311,218.0194001139258,-125.76285624046484,1.047939808061275,-217.95816624628134,-126.8891455651372,1.0500704743732008,-0.5111248806066948,251.33678637462592,1.0464639038208399,summer,2020-06-21,POOL_TOU
12,10,248,2,1.0510165002840732,0.08307160447114657,218.02316010981775,-125.77960532687617,1.0479882151430546,-218.13379046611658,-127.03907703059022,1.0510165002840732,-0.5187102290108108,251.33091601907225,1.0464395268592332,summer,2020-06-21,POOL_TOU
12,11,249,2,1.051044657743831,0.0839390963963172,218.02308389212067,-125.77966891250016,1.0479880725634343,-218.138789972816,-127.0439304537091,1.051044657743831,-0.518786446707865,251.33085243344829,1.0464392627707189,summer,2020-06-21,POOL_TOU
12,12,264,3,1.0470553565910254,0.057155416798177816,218.04232813856117,-125.76520042824174,1.0480273770281063,-217.94213952736962,-126.8630342118875,1.0499581104216587,-0.5287664647993973,251.47880396638797,1.0470553565910254,summer,2020-06-21,POOL_TOU
12,13,276,2,1.0490893928501939,0.04178996237781411,218.03680992972534,-125.7491376157368,1.0479740606674774,-217.71482750910334,-126.83876179633893,1.0490893928501939,-0.5116397712156329,251.23952383269958,1.0460589482906217,summer,2020-06-21,POOL_TOU
12,14,289,1,1.0470692832395598,0.07872590663324196,217.84381737146597,-125.64880426959775,1.0470692832395598,-217.86547228743066,-126.88738483256769,1.0497332683442315,-0.5207154630892905,251.25818493909645,1.046136722836612,summer,2020-06-21,POOL_TOU
12,15,314,2,1.0492657918465162,0.04639412264505095,218.03636146382715,-125.74959562775778,1.0479733958958046,-217.74380181849514,-126.87319053775788,1.0492657918465162,-0.5120882371136249,251.2390658206783,1.046057045127402,summer,2020-06-21,POOL_TOU
12,16,320,3,1.0455112075057467,0.04359419939919382,218.02924904489626,-125.7582780420773,1.0479658049267955,-217.85498205658345,-126.89357877719436,1.0497085059196762,-0.5712671196164815,251.1078398593433,1.0455112075057467,summer,2020-06-21,POOL_TOU
12,17,327,3,1.045667402220916,0.04318642216174876,218.02930200159565,-125.75774608469804,1.0479648892981845,-217.85492909988503,-126.89304681981497,1.0497072006326877,-0.5703688856788602,251.1453564872804,1.045667402220916,summer,2020-06-21,POOL_TOU
12,18,337,3,1.0453884452752797,0.044799661378712184,218.37658150031942,-125.81398713248487,1.0493345272195693,-217.56191798820927,-127.19016586830982,1.0492769995053508,-0.44944583101789276,251.07860265232102,1.0453884452752797,summer,2020-06-21,POOL_TOU
12,19,342,3,1.0453038869113707,0.0546440488879712,218.12638893457202,-125.76289951883892,1.0483257835034556,-217.76487323138645,-127.09308450534911,1.0498027880243153,-0.5587204736174558,251.058074180067,1.0453038869113707,summer,2020-06-21,POOL_TOU
12,20,349,1,1.0494395714681282,0.038534870760036,218.3925661723075,-125.83678037236844,1.0494395714681282,-217.6479651976243,-127.15932307705759,1.0495215173393524,-0.4841972162937287,251.08871846493497,1.0454308322462618,summer,2020-06-21,POOL_TOU
12,21,387,1,1.0478787085409054,0.0668490900539621,218.0283004378054,-125.71805055285988,1.0478787085409054,-217.781752346686,-127.06439772498835,1.049803289044849,-0.5475462208139278,251.12893138993945,1.0455988036281034,summer,2020-06-21,POOL_TOU
12,22,388,1,1.0495523298702587,0.035791335079790224,218.41611198167442,-125.8501616449563,1.0495523298702587,-217.64764506928327,-127.15953838491794,1.0495208187033491,-0.48387708795295764,251.08850315707576,1.0454299332261778,summer,2020-06-21,POOL_TOU
12,23,406,2,1.049376474841258,0.053713362688767696,218.43446558735718,-125.81889361435688,1.049553556977694,-217.54622953345665,-127.2643198385928,1.049376474841258,-0.4140122433273087,251.12677038189588,1.045588741696752,summer,2020-06-21,POOL_TOU
12,24,458,3,1.0449628190584803,0.056254556192124106,218.11555210390995,-125.75862978134052,1.0482778154719192,-217.76635873142388,-127.15060672631915,1.0499288710356776,-0.6096814889642537,250.97603845785747,1.0449628190584803,summer,2020-06-21,POOL_TOU
12,25,502,1,1.0515212402052418,0.038043562863577546,218.9830521925107,-125.81302860869559,1.0515212402052418,-216.98467275735564,-127.17782339941508,1.0471768611449035,-0.145932400116646,251.3487136116245,1.0465115763677357,summer,2020-06-21,POOL_TOU
12,26,522,2,1.0499754400917725,0.0725637174961052,217.97046929001232,-125.63314509271963,1.0474935465258706,-217.77085708784125,-127.16508432108023,1.0499754400917725,-0.7034038075235871,251.12524769477432,1.0455850825598492,summer,2020-06-21,POOL_TOU
12,27,539,3,1.0445061608583626,0.06655816952333199,218.08248938885131,-125.74569656932913,1.0481316619417607,-217.7854172441098,-127.17325910730959,1.0500449539009034,-0.607325474691686,250.86636472720122,1.0445061608583626,summer,2020-06-21,POOL_TOU
12,28,556,3,1.044693756614991,0.0647297112535878,218.08249956753374,-125.74505376642408,1.0481303617866682,-217.7854070654272,-127.17261630440454,1.050043567720985,-0.6100069662553476,250.9114146739965,1.044693756614991,summer,2020-06-21,POOL_TOU
12,29,562,1,1.0519526816737812,0.04890991874901995,219.10790642261128,-125.80370261290086,1.0519526816737812,-216.83414121860145,-127.16824643952155,1.0466160179898685,-0.0748516928300379,251.41918095637791,1.0468048430596861,summer,2020-06-21,POOL_TOU
12,30,563,1,1.0512054802043898,0.045234964373158756,218.9146877899593,-125.77978456301511,1.0512054802043898,-216.98560824708147,-127.17727792182255,1.0471790730621566,-0.14686788984322885,251.34925908921522,1.0465138497776065,summer,2020-06-21,POOL_TOU
12,31,611,1,1.0521696530006628,0.04558635572245834,219.156294365876,-125.82408440436075,1.0521696530006628,-216.83347571107396,-127.16858780625302,1.0466143468584674,-0.07418618530259079,251.41883958964567,1.046803420929521,summer,2020-06-21,POOL_TOU
12,32,614,3,1.046093904676767,0.08567873897454431,217.92065416259717,-125.60262522527935,1.0472503933788655,-217.90015427024204,-127.20262475340165,1.050519150101552,-0.766280828792706,251.24727200456982,1.046093904676767,summer,2020-06-21,POOL_TOU
12,33,619,3,1.0477595639882078,0.08767944711282738,219.08947827697767,-125.7450743708666,1.0517646112618395,-216.72695812770013,-127.13731950704074,1.0461659348345425,-0.05815638194978974,251.64848806685427,1.0477595639882078,summer,2020-06-21,POOL_TOU
12,34,629,1,1.0508757861780262,0.03837967935980821,218.81162078867249,-125.80020226352771,1.0508757861780262,-217.1205456669742,-127.18484396807494,1.0476797381051497,-0.21464560932777008,251.29022246768187,1.046268248895372,summer,2020-06-21,POOL_TOU
12,35,639,2,1.046049775877292,0.08041561979052105,219.09727309163247,-125.75498419798394,1.0518132978805395,-216.6657812800668,-127.18644727251728,1.046049775877292,-0.03651524268284351,251.51846877333904,1.0472182008374247,summer,2020-06-21,POOL_TOU
12,36,676,2,1.0457217996173025,0.08343623980990302,219.08716078419883,-125.76322042799714,1.0517938537370268,-216.59950805023897,-127.14374209989693,1.0457217996173025,-0.041815316288348524,251.48593106612074,1.0470827308090145,summer,2020-06-21,POOL_TOU
12,37,682,2,1.045823978715285,0.08246065060505223,219.0869029287145,-125.76348872084387,1.0517934787537773,-216.61614134791756,-127.16388407611629,1.045823978715285,-0.042073171772744805,251.4856627732742,1.0470816139283763,summer,2020-06-21,POOL_TOU
12,38,688,2,1.0507036986545741,0.08975745201957598,217.8623675259231,-125.58275204544674,1.0469988180385617,-217.93614713159408,-127.22888756409147,1.0507036986545741,-0.7982096422499172,251.14065761420517,1.0456504228773535,summer,2020-06-21,POOL_TOU
12,39,701,3,1.0447150882487273,0.10063898516800396,217.80849359063942,-125.58449138831597,1.0468081071107767,-218.05355918960308,-127.30382061980092,1.0512831720779627,-0.8595272100202295,250.91580739278302,1.0447150882487273,summer,2020-06-21,POOL_TOU
12,40,702,2,1.0519102629377124,0.11620546971835546,217.77257235921155,-125.56666668434579,1.046641470140094,-218.1777000579422,-127.3899109870938,1.0519102629377124,-0.9074799152196785,251.14389276449793,1.0456654375773846,summer,2020-06-21,POOL_TOU
12,41,755,2,1.052531163728963,0.12896788850862229,217.58540701547614,-125.45166525676586,1.0457272007029474,-218.35719395560903,-127.37821075378106,1.052531163728963,-1.0949756479265922,251.2908459557811,1.0462803958587312,summer,2020-06-21,POOL_TOU
12,42,778,3,1.0454725345714484,0.09878686768984185,217.80855314267623,-125.58189745170318,1.046802927310821,-218.0534996375704,-127.30122668318697,1.0512775127665523,-0.869054553015556,251.0976973905337,1.0454725345714484,summer,2020-06-21,POOL_TOU
12,43,780,3,1.0472779888388999,0.14774388574290911,217.4234338309715,-125.35705077183503,1.0449461976028915,-218.56939640983933,-127.40876506443188,1.0533584818640984,-1.2840084245268046,251.52955388669804,1.0472779888388999,summer,2020-06-21,POOL_TOU
12,44,785,2,1.0501136145024856,0.07669750033618217,217.95330572708428,-125.62202798010254,1.0474085183768964,-217.79870131710612,-127.18321280396445,1.0501136145024856,-0.7192120549869009,251.13292185483965,1.0456172208666827,summer,2020-06-21,POOL_TOU
12,45,813,2,1.0528663152075084,0.13779938745660214,217.58442276990075,-125.4522632745418,1.0457248942136017,-218.42293361206367,-127.42526881472575,1.0528663152075084,-1.0959598935024613,251.29024793800514,1.0462779238498108,summer,2020-06-21,POOL_TOU
12,46,817,1,1.046002763976558,0.12399183455139577,217.68002559879437,-125.42003895496136,1.046002763976558,-217.98974796642148,-127.24603276156792,1.0509324225330334,-0.8165321635484325,251.14131592901492,1.0456534090601566,summer,2020-06-21,POOL_TOU
12,47,835,3,1.0472752291664587,0.14860020205107136,217.42353345431437,-125.35706724166008,1.0449465911964277,-218.56929678649644,-127.4087815342575,1.0533581580469207,-1.2769478298192474,251.52892701017754,1.0472752291664587,summer,2020-06-21,POOL_TOU
12,48,860,1,1.0462753746109361,0.11521795853656625,217.72867961892106,-125.46674535724826,1.0462753746109361,-217.9891068849346,-127.24674835174592,1.0509316193324878,-0.8158910820630406,251.14060033883595,1.0456504209814266,summer,2020-06-21,POOL_TOU
12,49,861,1,1.0462636015983444,0.11559670344427322,217.7265785526852,-125.46472812930354,1.0462636015983444,-217.98913456899294,-127.24671744603489,1.0509316540084512,-0.8159187661213411,251.140631244547,1.0456505500337319,summer,2020-06-21,POOL_TOU
12,50,886,2,1.055708356593476,0.20805472998010616,217.2021902442955,-125.34732595393261,1.0441280327130913,-219.04593886828636,-127.71194976301362,1.055708356593476,-1.3998761270002695,251.35985005901128,1.0465739974644197,summer,2020-06-21,POOL_TOU
12,51,896,1,1.0469499983853252,0.10129708203231545,217.85458798133814,-125.57276917493891,1.0469499983853252,-218.20984047899012,-127.3658069108702,1.0519752333670076,-0.9656593949755152,251.19590431903342,1.0458828937768252,summer,2020-06-21,POOL_TOU
12,52,898,1,1.0440546857859971,0.1806788525604423,217.23708068226892,-125.25158345789056,1.0440546857859971,-218.76700965225396,-127.48827046103384,1.0542360236627437,-1.3488742090427663,251.39874121056252,1.046734760631445,summer,2020-06-21,POOL_TOU
12,53,899,2,1.055851371517505,0.21199808904235004,217.20219024429545,-125.3473259539326,1.0441280327130908,-219.07472766498447,-127.7307685138438,1.055851371517505,-1.3998761270002766,251.35985005901128,1.0465739974644197,summer,2020-06-21,POOL_TOU
12,54,900,1,1.0468790467808071,0.10326150534271014,217.8398309056286,-125.56424718077731,1.0468790467808071,-218.21004097078205,-127.36567004528705,1.0519756670481948,-0.9658598867673893,251.19604118461663,1.045883466833271,summer,2020-06-21,POOL_TOU
12,55,906,1,1.0432732717316016,0.20407659152323188,217.0760801294554,-125.15508439896642,1.0432732717316016,-218.76634705476764,-127.48803231785563,1.054233140855331,-1.3482116115562792,251.39897935374066,1.0467357373479125,summer,2020-06-21,POOL_TOU
13,1,34,1,1.0520838609419718,0.17450987051424516,219.17122211045674,-125.75668230050705,1.0520838609419718,-217.79710145534327,-126.39267069806577,1.048451916159013,0.7671521620075968,251.19292286530168,1.0458676296138922,summer,2020-06-21,POOL_TOU
13,2,47,2,1.0478801658724628,0.1834411777009177,219.3636314161046,-125.90237984446632,1.0530806261712755,-217.52487607933116,-126.58780548189755,1.0478801658724628,0.8488279865221535,250.82818389586154,1.0443501109277626,summer,2020-06-21,POOL_TOU
13,3,70,1,1.0518649470465888,0.1745044872772795,219.12578436700517,-125.73022488640424,1.0518649470465888,-217.79771854583578,-126.39224618875498,1.0484532512364924,0.7665350715178861,251.19334737461722,1.045869389242152,summer,2020-06-21,POOL_TOU
13,4,73,1,1.0552236731297107,0.24994727840473377,219.784145651127,-126.20370418613224,1.0552236731297107,-217.45360815378163,-127.14466549394993,1.0487920796541288,0.9233626490724994,250.18544614409674,1.0416751329920877,summer,2020-06-21,POOL_TOU
13,5,74,1,1.0553853115862966,0.250346048428883,219.8149191050074,-126.22807390606144,1.0553853115862966,-217.45319713112923,-127.14504463565756,1.0487913991181919,0.9237736717248445,250.1850670023891,1.0416735607320051,summer,2020-06-21,POOL_TOU
13,6,83,2,1.0480269044258543,0.1865903639289642,219.36321792828937,-125.90267773207633,1.0530797504234506,-217.55224737979873,-126.61084083027397,1.0480269044258543,0.8484144987071441,250.82788600825137,1.0443488648302814,summer,2020-06-21,POOL_TOU
13,7,178,2,1.049568074847078,0.28145317256501456,219.95546694381886,-126.44690223411935,1.0563466077925647,-217.44476258519234,-127.52859647358329,1.049568074847078,0.946648243199858,249.78025328486476,1.0399884530451258,summer,2020-06-21,POOL_TOU
13,8,208,3,1.0401601843694495,0.26712782809520264,219.95958020408182,-126.44003817436446,1.056347212150796,-217.3517610632281,-127.44927515896525,1.0490669870693567,0.9248194409798339,249.82158137974676,1.0401601843694495,summer,2020-06-21,POOL_TOU
13,9,225,1,1.0562782344894999,0.271180477745602,219.94993525317918,-126.42357384547087,1.0562782344894999,-217.3380886821521,-127.43919704792728,1.048996655619399,0.9545587884204418,249.7918458547924,1.0400368446739618,summer,2020-06-21,POOL_TOU
13,10,248,2,1.0485964042455826,0.25968126259843854,219.96990111341927,-126.43690409207458,1.0563779648792113,-217.2367445995383,-127.42197602361637,1.0485964042455826,0.9598276050013935,249.79256463033556,1.040039921395755,summer,2020-06-21,POOL_TOU
13,11,249,2,1.0482865243737953,0.25379567693672356,219.97081675509912,-126.43636315831367,1.056380147771765,-217.1755058122069,-127.37927607228367,1.0482865243737953,0.9607432466812343,249.7931055640965,1.040042188257903,summer,2020-06-21,POOL_TOU
13,12,264,3,1.0404410503151715,0.2584455077574557,219.9595958051596,-126.4390754519722,1.0563452708484893,-217.35174546215322,-127.44831243657406,1.0490649034994826,0.9208283421476621,249.889054320932,1.0404410503151715,summer,2020-06-21,POOL_TOU
13,13,276,2,1.050299654192472,0.3136080047345416,220.07964493314907,-126.63610483175079,1.0571875420397792,-217.4644539689843,-127.84207565915969,1.050299654192472,0.9747701285579041,249.42499026139086,1.0385097473426832,summer,2020-06-21,POOL_TOU
13,14,289,1,1.0574012551042051,0.30215254768145666,220.14356161470556,-126.62793657954087,1.0574012551042051,-217.32723288846452,-127.69150304002855,1.049489439146082,0.9764254190871737,249.47142450074702,1.0387031056592215,summer,2020-06-21,POOL_TOU
13,15,314,2,1.0502127131881145,0.31154930729384245,220.07991768405813,-126.63598542981322,1.0571882784000826,-217.44599184756763,-127.8322773987373,1.0502127131881145,0.975042879467206,249.42510966332796,1.0385102489175138,summer,2020-06-21,POOL_TOU
13,16,320,3,1.0371748535180263,0.34088445871814005,220.07913229112737,-126.65541169552955,1.0572257858418233,-217.34488497009264,-127.75225386125877,1.0496809580848676,0.9787953518336887,249.10436028173072,1.0371748535180263,summer,2020-06-21,POOL_TOU
13,17,327,3,1.0376947956735871,0.3245874006434142,220.0791002291016,-126.65362463316599,1.0572219588239369,-217.34491703211933,-127.75046679889505,1.0496773028058626,0.9671153206971937,249.2292853597024,1.0376947956735871,summer,2020-06-21,POOL_TOU
13,18,337,3,1.0363039060921504,0.3547302127354388,220.61352285041306,-126.89609049929406,1.0596540830653751,-217.08743062902565,-128.14449676719735,1.0495862174438828,1.1115894326228366,248.894618859109,1.0363039060921504,summer,2020-06-21,POOL_TOU
13,19,342,3,1.036974432829841,0.33348678731909887,220.4058932128205,-126.79057058826095,1.058685666777705,-217.12162052755758,-127.96234106102159,1.0493235256011715,1.0815380245573547,249.05579835475072,1.036974432829841,summer,2020-06-21,POOL_TOU
13,20,349,1,1.0592437313463632,0.34187235799359705,220.52910371068523,-126.84518773174601,1.0592437313463632,-217.09375537361674,-128.06093248354284,1.0494320785117108,1.1094634064603586,248.99536923022603,1.0367233450312432,summer,2020-06-21,POOL_TOU
13,21,387,1,1.0590325980425654,0.3338391529797625,220.48479023951555,-126.8205243438703,1.0590325980425654,-217.14081996143224,-127.93001941763829,1.049324076821529,1.0789977092901917,249.12445304125566,1.0372602338037542,summer,2020-06-21,POOL_TOU
13,22,388,1,1.058823287659954,0.3366360644360279,220.43775663364468,-126.80146799383988,1.058823287659954,-217.09500610561045,-128.06021357493077,1.0494350430336041,1.1082126744663803,248.99608813883913,1.0367263150475814,summer,2020-06-21,POOL_TOU
13,23,406,2,1.0499924341891742,0.3543865972928749,220.6804951421289,-126.91762235158744,1.0599404958290266,-217.14266361657374,-128.24284434045717,1.0499924341891742,1.143901102635969,248.9591149525491,1.0365730477002282,summer,2020-06-21,POOL_TOU
13,24,458,3,1.0348843429311154,0.38967863406602415,220.45290844493434,-126.83577877599116,1.0589492063640484,-217.061452271356,-128.03057028832455,1.049252006913746,1.0804930182161925,248.5538051472294,1.0348843429311154,summer,2020-06-21,POOL_TOU
13,25,502,1,1.0627321368964995,0.3723328778582271,221.3729507204424,-127.05828891287388,1.0627321368964995,-216.8891673734772,-128.3576369721758,1.0493271193382974,1.331925656786064,249.03050146751323,1.036874159766286,summer,2020-06-21,POOL_TOU
13,26,522,2,1.048316484858454,0.32270224984936097,220.5379451423509,-126.72857293891614,1.0590336483249496,-216.85146979033763,-127.94429985523936,1.048316484858454,1.1588212959887265,249.04495762070445,1.0369307442513824,summer,2020-06-21,POOL_TOU
13,27,539,3,1.035734782320922,0.36181987705713886,220.47061409684963,-126.824078532622,1.058988813464629,-217.02165838706895,-128.02503125350066,1.0490975824510442,1.1202716449731565,248.75788770143978,1.035734782320922,summer,2020-06-21,POOL_TOU
13,28,556,3,1.035865384559526,0.3576070561021981,220.47054443521532,-126.82362469662726,1.058987619851082,-217.02172804870312,-128.0245774175059,1.0490968721744776,1.1129990765213125,248.78928840764044,1.035865384559526,summer,2020-06-21,POOL_TOU
13,29,562,1,1.0623622309244265,0.3613110818609659,221.3004120644396,-127.00619721632738,1.0623622309244265,-216.8924676499426,-128.38962515230887,1.049406782198813,1.3275947757131086,249.07480115037086,1.0370585062971558,summer,2020-06-21,POOL_TOU
13,30,563,1,1.0626266329584129,0.3711578650851636,221.35198607704527,-127.04391112919849,1.0626266329584129,-216.88944976890645,-128.35741027458164,1.04932765047629,1.331643261356077,249.0307281651055,1.036875097339365,summer,2020-06-21,POOL_TOU
13,31,611,1,1.0625087684894217,0.3641604903061616,221.33518710049825,-127.01631053561833,1.0625087684894217,-216.89198451013965,-128.3898060708439,1.0494054348670472,1.328077915515884,249.07462023183513,1.037057763762202,summer,2020-06-21,POOL_TOU
13,32,614,3,1.037420604475888,0.310919699817641,220.54981581987977,-126.70028298923879,1.0590178235499093,-216.84918997063173,-127.93202819156154,1.0482823465663034,1.1482078951300392,249.16266153709375,1.037420604475888,summer,2020-06-21,POOL_TOU
13,33,619,3,1.0376970823656617,0.33808572430986855,221.24559577918558,-126.99800785706965,1.0621473128805043,-216.92731139333634,-128.4171277656908,1.0495899546379777,1.2826845553780903,249.22841024913006,1.0376970823656617,summer,2020-06-21,POOL_TOU
13,34,629,1,1.0619253702145992,0.3635136189419048,221.17257290103234,-127.01813450080772,1.0619253702145992,-216.92915036994484,-128.31613613468554,1.0493824052844578,1.2928138292700835,249.0075162584026,1.0367776020451906,summer,2020-06-21,POOL_TOU
13,35,639,2,1.050053775571667,0.35449798896010876,221.2351136391784,-127.01155367563979,1.0621375415688508,-217.00298282106255,-128.50797618555848,1.050053775571667,1.2854514633065004,249.12477472545393,1.03726565228661,summer,2020-06-21,POOL_TOU
13,36,676,2,1.0494783808707462,0.34786044940452593,221.25495117337195,-127.00761921595262,1.0622010170207774,-216.8836250621202,-128.4383134087821,1.0494783808707462,1.3094832821117783,249.11052884607355,1.037206860303051,summer,2020-06-21,POOL_TOU
13,37,682,2,1.0495428911464728,0.3480764408059327,221.25481462993713,-127.00784097178436,1.06220098362625,-216.89201223177028,-128.4545572663287,1.0495428911464728,1.3093467386769244,249.11030709024195,1.0372059340285922,summer,2020-06-21,POOL_TOU
13,38,688,2,1.047882144536303,0.3142625584612738,220.56374390023058,-126.68003124862116,1.0590261102753893,-216.755091528136,-127.90236009060102,1.047882144536303,1.1697617012540151,249.08722118953918,1.037106923166912,summer,2020-06-21,POOL_TOU
13,39,701,3,1.0367621707626749,0.33321891334938525,220.58702833922143,-126.67101425769444,1.0590914826914515,-216.8049275374991,-127.92717746133881,1.0481133605976813,1.171416048272121,249.00441065531245,1.0367621707626749,summer,2020-06-21,POOL_TOU
13,40,702,2,1.04744470616743,0.3090241650802411,220.61554730476217,-126.64382413012864,1.0591380899586198,-216.67127026701723,-127.83767460397355,1.04744470616743,1.1780806336158047,249.13971039367954,1.0373256271530904,summer,2020-06-21,POOL_TOU
13,41,755,2,1.0492198860731474,0.33138656643042086,220.70616302628125,-126.63322908930955,1.0594433585593583,-217.01079778796097,-128.10123485913266,1.0492198860731474,1.1504105142563172,249.26912696776435,1.0378639197834572,summer,2020-06-21,POOL_TOU
13,42,778,3,1.0365456108069193,0.3400556893769343,220.5870415665126,-126.6717586318119,1.0590930738219302,-216.80491431021235,-127.92792183545508,1.048114888169208,1.1762722537295276,248.9523743072917,1.0365456108069193,summer,2020-06-21,POOL_TOU
13,43,780,3,1.0390483755225213,0.28632196391056847,220.86143589916588,-126.59612786019134,1.05992732709037,-216.71544004011736,-127.90160785114287,1.0477383719260778,1.1840235560281742,249.55345264765526,1.0390483755225213,summer,2020-06-21,POOL_TOU
13,44,785,2,1.048149081962701,0.3160592380630162,220.54456637992664,-126.71877798113987,1.0590372332011464,-216.79982622345327,-127.95270314932941,1.048149081962701,1.1620338694848087,249.05595159192362,1.0369765803962807,summer,2020-06-21,POOL_TOU
13,45,813,2,1.049146095775548,0.3297465677732401,220.70639510033703,-126.63312887804906,1.0594439890188756,-216.9950817195386,-128.09299471987023,1.049146095775548,1.150642588311724,249.26922717902485,1.037864341476801,summer,2020-06-21,POOL_TOU
13,46,817,1,1.058558935121322,0.3199045384106509,220.48236371031803,-126.59642809582145,1.058558935121322,-216.8214125701348,-127.92031837658496,1.0481579626601536,1.167137689125999,249.09113025106274,1.0371231474437996,summer,2020-06-21,POOL_TOU
13,47,835,3,1.0390238221834343,0.2871380363015052,220.8614759885758,-126.59621535206706,1.0599276530570336,-216.71539995070734,-127.90169534301904,1.047738413329086,1.1872917718550904,249.54753988843186,1.0390238221834343,summer,2020-06-21,POOL_TOU
13,48,860,1,1.058594801937279,0.31999954203728803,220.48877425799517,-126.60256359333802,1.058594801937279,-216.82132808288037,-127.92041239930133,1.0481578586099602,1.1672221763792383,249.09103622834522,1.0371227576249344,summer,2020-06-21,POOL_TOU
13,49,861,1,1.0585879277424248,0.31998101436938303,220.48754563250304,-126.60138765054879,1.0585879277424248,-216.82134427540788,-127.92039437873943,1.0481578785507704,1.1672059838517355,249.0910542489072,1.037122832338314,summer,2020-06-21,POOL_TOU
13,50,886,2,1.0467916796700991,0.3016300856489257,221.07125404388492,-126.62271190966452,1.0607403404454743,-216.46283622019683,-127.88221514721081,1.0467916796700991,1.339044172617661,249.38764529001793,1.038361295430484,summer,2020-06-21,POOL_TOU
13,51,896,1,1.0588846101855018,0.31691192672496726,220.58699771341807,-126.57126244386917,1.0588846101855018,-216.81400818618192,-127.92459812106478,1.0481404655297355,1.1578108639539215,249.20038939728755,1.0375778709026535,summer,2020-06-21,POOL_TOU
13,52,898,1,1.0613164275923523,0.32447977573014464,221.19935277274806,-126.67745099486838,1.0613164275923523,-216.57184897330478,-127.89893962890613,1.0472178950762068,1.3119410754894094,249.38103109575258,1.0383331572934404,summer,2020-06-21,POOL_TOU
13,53,899,2,1.046300398179074,0.2951976362752072,221.07125404388495,-126.62271190966455,1.0607403404454747,-216.3685041637258,-127.80991019204039,1.046300398179074,1.3390441726176523,249.3876452900179,1.038361295430484,summer,2020-06-21,POOL_TOU
13,54,900,1,1.0584015071044384,0.31116232333067645,220.48214232444542,-126.52086192899338,1.0584015071044384,-216.81544364418951,-127.92376983916257,1.0481438605495494,1.1563754059463576,249.20121767918977,1.0375812917359077,summer,2020-06-21,POOL_TOU
13,55,906,1,1.0612786605886393,0.3240946248701693,221.1931084648527,-126.67010197742334,1.0612786605886393,-216.56954801985881,-127.89991389057893,1.0472117087134438,1.3142420289355656,249.38005683407997,1.0383291513727524,summer,2020-06-21,POOL_TOU
14,1,34,1,1.050958772677552,0.10000729394238186,218.84330586694261,-125.78507645712698,1.050958772677552,-217.96756335700798,-126.1421155694838,1.0485429119895917,0.3202675782516503,251.59449674197154,1.0475355873252574,summer,2020-06-21,POOL_TOU
14,2,47,2,1.0484486900337817,0.10481247042932545,218.81385089849834,-125.74649600436521,1.0507724022202296,-217.8790651890656,-126.24978149464499,1.0484486900337817,0.3074707192320078,251.4466468471482,1.0469199359084165,summer,2020-06-21,POOL_TOU
14,3,70,1,1.0509532590343744,0.10044262944026403,218.8440641865883,-125.78109963717301,1.0509532590343744,-217.9675483241756,-126.14205989167732,1.048542741701221,0.3202826110869895,251.59455241978267,1.0475358192239714,summer,2020-06-21,POOL_TOU
14,4,73,1,1.0514958586929586,0.13279737784673853,218.98618482018463,-125.79533798829458,1.0514958586929586,-217.81518441494546,-126.47020074786064,1.0486790864461997,0.24416497146151217,251.17480728852243,1.0457878205692022,summer,2020-06-21,POOL_TOU
14,5,74,1,1.0516129647710997,0.13340773105824813,219.00875874131256,-125.81250706485818,1.0516129647710997,-217.8148821506374,-126.47046881974792,1.0486785585443854,0.24446723576955282,251.17453921663517,1.045786705654135,summer,2020-06-21,POOL_TOU
14,6,83,2,1.047777630945942,0.09067507609544417,218.81585564376965,-125.74536762090713,1.050777298398611,-217.74469088470732,-126.16020959755659,1.047777630945942,0.30947546450365243,251.44777523060597,1.0469246442637434,summer,2020-06-21,POOL_TOU
14,7,178,2,1.0495847301108843,0.14810211614173815,218.8770824561191,-125.81183750070336,1.051136223516558,-217.92918610425605,-126.70696243524934,1.0495847301108843,0.14863222244100274,251.00136579790623,1.045065371522054,summer,2020-06-21,POOL_TOU
14,8,208,3,1.0450673517752056,0.13490917053543133,218.868594713526,-125.81442403652945,1.0511109521231408,-217.84349376034544,-126.65033111896732,1.0491577724413284,0.10281348245796351,251.0018643605419,1.0450673517752056,summer,2020-06-21,POOL_TOU
14,9,225,1,1.0510098080505932,0.13706892804991455,218.84580873107967,-125.8053184992033,1.0510098080505932,-217.85221282347786,-126.66807380442505,1.0492262869585582,0.13158762444062738,250.99245956641712,1.045028250073315,summer,2020-06-21,POOL_TOU
14,10,248,2,1.0498883427919932,0.1493782268402196,218.85589510420405,-125.82433314015037,1.051085673663487,-217.96472796327257,-126.79089879887522,1.0498883427919932,0.12692461125218218,250.98754557035028,1.0450077802438853,summer,2020-06-21,POOL_TOU
14,11,249,2,1.0498494940632113,0.1481182641367235,218.8560357498672,-125.82431854429251,1.0510861510436373,-217.95495983297906,-126.78913447972167,1.0498494940632113,0.1270652569153692,250.9875601662082,1.0450078413112505,summer,2020-06-21,POOL_TOU
14,12,264,3,1.0451708195796046,0.13109256725433188,218.86836211890505,-125.8140513854838,1.05110933928183,-217.84372635496936,-126.64995846792279,1.049157829825423,0.08456426142229118,251.0267218341746,1.0451708195796046,summer,2020-06-21,POOL_TOU
14,13,276,2,1.0482474646554527,0.12942995051956435,218.9364290995717,-125.78682300049876,1.05129856853762,-217.62832922614191,-126.58541291244659,1.0482474646554527,0.17059878876985868,250.9350200811952,1.0447891938035998,summer,2020-06-21,POOL_TOU
14,14,289,1,1.0515094078249394,0.14392398242092494,218.9811433792879,-125.81064631370742,1.0515094078249394,-217.72917853752764,-126.6333134750135,1.0487107012301455,0.1720370474640296,250.92430582101485,1.0447445881836674,summer,2020-06-21,POOL_TOU
14,15,314,2,1.0485829142741738,0.13576056707971587,218.9354590918947,-125.7874530241798,1.0512963734368037,-217.69290323847758,-126.63463621065922,1.0485829142741738,0.1696287810931596,250.93439005751378,1.0447865679099675,summer,2020-06-21,POOL_TOU
14,16,320,3,1.0449767459873478,0.1339581189089422,218.93376540352511,-125.78194585144497,1.0512788362154826,-217.72343199655432,-126.61826855213555,1.0486585264206687,0.14765073663524575,250.98008049534894,1.0449767459873478,summer,2020-06-21,POOL_TOU
14,17,327,3,1.0451003308688176,0.13020775508367213,218.93379262999758,-125.78152386897742,1.0512780592647675,-217.72340477008268,-126.61784656966772,1.048657545162716,0.14732852222485035,251.00976302388025,1.0451003308688176,summer,2020-06-21,POOL_TOU
14,18,337,3,1.0426525632753714,0.17515112845187486,218.68740781974415,-125.7273774339938,1.0502763050391002,-217.6890392646697,-126.77217926265226,1.0488570825869838,0.04790858059035588,250.42190245783786,1.0426525632753714,summer,2020-06-21,POOL_TOU
14,19,342,3,1.0435425069068567,0.16030429067031,218.91799266105386,-125.78490493382002,1.0512280321056027,-217.62307530499115,-126.72013390423648,1.0485106992193292,0.15607744738014825,250.63560306899078,1.0435425069068567,summer,2020-06-21,POOL_TOU
14,20,349,1,1.0515830074520707,0.17124658844149496,218.99003190925387,-125.83065896324747,1.0515830074520707,-217.62365546778875,-126.7576928964981,1.0485914855383203,0.13767592949209595,250.55737302895628,1.0432167447402505,summer,2020-06-21,POOL_TOU
14,21,387,1,1.051761266580927,0.16132666414578345,219.03456667767608,-125.83908760113535,1.051761266580927,-217.63060565977116,-126.7125722873924,1.048521952222664,0.16950452412083614,250.6898443122346,1.0437683811207799,summer,2020-06-21,POOL_TOU
14,22,388,1,1.0517590630876286,0.17336566610917992,219.02783263605752,-125.84974581552765,1.0517590630876286,-217.62313896310036,-126.75800452502703,1.0485902803114346,0.13819243418009775,250.5570614004285,1.0432154484328737,summer,2020-06-21,POOL_TOU
14,23,406,2,1.049376193626351,0.17733338430829831,218.58546160856642,-125.68633461321107,1.049823153290093,-217.7987780704967,-126.8314918042317,1.049376193626351,0.02630070562332342,250.4774142723358,1.0428836780283874,summer,2020-06-21,POOL_TOU
14,24,458,3,1.0434984636760671,0.15651109345506042,218.9071889443348,-125.76333683817847,1.0511442929344406,-217.5873906667407,-126.72480288676964,1.0483920903036674,0.11350395813930592,250.62504776133702,1.0434984636760671,summer,2020-06-21,POOL_TOU
14,25,502,1,1.0453461683946583,0.18437228356102353,217.63642685326116,-125.17968535853291,1.0453461683946583,-217.85306266800788,-126.5876379807616,1.0490610483332024,-0.2074433624772538,250.43971315361563,1.0427270582285937,summer,2020-06-21,POOL_TOU
14,26,522,2,1.0478686770328411,0.1611265578623989,218.94532670201025,-125.72020096966006,1.0511925370121376,-217.4437442773255,-126.72163727347004,1.0478686770328411,0.18683788231112095,250.52556289944118,1.0430844331950693,summer,2020-06-21,POOL_TOU
14,27,539,3,1.0435535041552855,0.15440730794662585,218.91514279344642,-125.75118504399411,1.0511478058813357,-217.55948224523928,-126.72232283032623,1.0482864840306834,0.1485729869946878,250.63824892429906,1.0435535041552855,summer,2020-06-21,POOL_TOU
14,28,556,3,1.0434348747514963,0.1579982763236307,218.91511045908396,-125.75158963460818,1.0511485282157749,-217.55951457960165,-126.72272742094034,1.0482874482218012,0.1484458200653884,250.6097568558748,1.0434348747514963,summer,2020-06-21,POOL_TOU
14,29,562,1,1.0448676119011822,0.18960187195423384,217.53487802606878,-125.12570865605815,1.0448676119011822,-217.83447352677464,-126.57139278665906,1.0489601462923397,-0.22220393339461536,250.38713628028063,1.042508202820249,summer,2020-06-21,POOL_TOU
14,30,563,1,1.0453327917206432,0.18459860264169012,217.6338788932543,-125.1776714541028,1.0453327917206432,-217.8530967037058,-126.58760664343362,1.049061105308148,-0.20747739817600191,250.43974449094176,1.042727188821519,summer,2020-06-21,POOL_TOU
14,31,611,1,1.0454190459683799,0.1848256062869745,217.6580388902124,-125.17721651573123,1.0454190459683799,-217.83277922786678,-126.57225641177202,1.048955853334972,-0.22050963448679217,250.38627265516703,1.042504600809764,summer,2020-06-21,POOL_TOU
14,32,614,3,1.0431213258770733,0.15939748849040278,218.95094277950966,-125.70921753127837,1.0511900443627753,-217.43497060092903,-126.72414234361973,1.0478423676725934,0.15789255220207724,250.53444361595925,1.0431213258770733,summer,2020-06-21,POOL_TOU
14,33,619,3,1.0414432972400771,0.19429556479378798,217.76327787684303,-125.31222351807925,1.0460791532039062,-217.79145084047448,-126.63577513414401,1.0489399862811215,-0.19031768510229394,250.1313958874547,1.0414432972400771,summer,2020-06-21,POOL_TOU
14,34,629,1,1.0477698929402104,0.17161256498520264,218.15612286850458,-125.44369079704025,1.0477698929402104,-217.80066008612687,-126.64472717161722,1.0489918690820932,-0.12685030560876848,250.4407991806428,1.0427313560379181,summer,2020-06-21,POOL_TOU
14,35,639,2,1.0494117630563664,0.193544527898089,217.75234815427348,-125.32050580678391,1.046056911502375,-217.86968159889344,-126.726647740992,1.0494117630563664,-0.2056320423060546,250.2460204995596,1.0419205967092862,summer,2020-06-21,POOL_TOU
14,36,676,2,1.0477939328087977,0.14811715525394717,217.77486158703093,-125.27918198677358,1.046052349806121,-217.56989246273412,-126.46921134469663,1.0477939328087977,-0.1860446776404679,250.31237344293848,1.0421967988421108,summer,2020-06-21,POOL_TOU
14,37,682,2,1.04831289979,0.16328832346028951,217.77332242556403,-125.28007741996554,1.0460486540254827,-217.6729058781794,-126.54001844066921,1.04831289979,-0.18758383910757925,250.31147800974674,1.0421930754149062,summer,2020-06-21,POOL_TOU
14,38,688,2,1.0465342193970573,0.14272906833080293,218.96634389516012,-125.6981123929678,1.0512226346870384,-217.1540397358411,-126.58220266675882,1.0465342193970573,0.21252187094444663,250.47696555973724,1.0428821794115966,summer,2020-06-21,POOL_TOU
14,39,701,3,1.0417949176078727,0.19984844797729756,219.00426335063833,-125.7441793837144,1.0514550524070594,-217.42405559806485,-126.80758865598555,1.0479781001629451,0.22028908367685354,250.21582269562845,1.0417949176078727,summer,2020-06-21,POOL_TOU
14,40,702,2,1.0485048961187284,0.19145383133288238,219.05733772065892,-125.76904566967735,1.051698242120682,-217.5054662428108,-126.919129419026,1.0485048961187284,0.22573486312520327,250.3558278528841,1.0423778607663408,summer,2020-06-21,POOL_TOU
14,41,755,2,1.0489466541119967,0.2134582205409545,219.21642130664262,-125.83803073555713,1.0524156732786423,-217.54001557503872,-127.07039053005187,1.0489466541119967,0.2636848045938318,250.2536304020464,1.0419525078091267,summer,2020-06-21,POOL_TOU
14,42,778,3,1.042520988494226,0.17736254630831447,219.00429893089762,-125.74169070670375,1.0514500215040514,-217.4240200178098,-126.80509997897377,1.047972751924753,0.20963948695367457,250.39021795024723,1.042520988494226,summer,2020-06-21,POOL_TOU
14,43,780,3,1.0418763385564618,0.2067465281042368,219.32662792552154,-125.84312302145133,1.052824199143949,-217.3612836611164,-126.9965905729073,1.048149104771847,0.3026356938591662,250.23529215917458,1.0418763385564618,summer,2020-06-21,POOL_TOU
14,44,785,2,1.04793275307821,0.16126800823477574,218.94771829645006,-125.71734627235809,1.0511952538062992,-217.44091137185427,-126.75705874746662,1.04793275307821,0.1889696352141557,250.5166762209049,1.0430474394330798,summer,2020-06-21,POOL_TOU
14,45,813,2,1.0490576543298744,0.21565850793507152,219.21610636205008,-125.83825139079707,1.0524149934094345,-217.5608966368755,-127.08749930429215,1.0490576543298744,0.26336986000093543,250.25340974680634,1.041951587712231,summer,2020-06-21,POOL_TOU
14,46,817,1,1.0493200668205171,0.16174273486848081,218.56006373854655,-125.48800199876746,1.0493200668205171,-217.41978736735632,-126.73423475106902,1.0478089112113558,0.19847871763898564,250.46495543333236,1.0428321262903557,summer,2020-06-21,POOL_TOU
14,47,835,3,1.041484901554495,0.21906782008537778,219.3266704994579,-125.84446947449372,1.0528271428737055,-217.36124108718008,-126.99793702595001,1.0481517798322104,0.31272514150542235,250.14126523658638,1.041484901554495,summer,2020-06-21,POOL_TOU
14,48,860,1,1.0499648868128335,0.1624133400081501,218.69929997559325,-125.55653180103774,1.0499648868128335,-217.41788295769334,-126.73535739514352,1.0478044148078314,0.20038312730076704,250.4638327892567,1.0428274583828505,summer,2020-06-21,POOL_TOU
14,49,861,1,1.0499438894677284,0.16255653621597366,218.69554688734868,-125.55294010204847,1.0499438894677284,-217.41793242157758,-126.73530235416784,1.047804477324603,0.2003336634165803,250.46388783023247,1.0428276873857378,summer,2020-06-21,POOL_TOU
14,50,886,2,1.0477004217499635,0.2101700473988861,219.4704854987325,-125.83026271257611,1.0533171284601446,-217.2376255810696,-126.99460620775736,1.0477004217499635,0.3990691845743298,250.22834503439924,1.041847976609085,summer,2020-06-21,POOL_TOU
14,51,896,1,1.0526623903526307,0.2028507424631883,219.2867021083653,-125.83461768560464,1.0526623903526307,-217.41568267376707,-126.91970126269969,1.048183240801451,0.2607082326488435,250.30999960344397,1.0421871925837,summer,2020-06-21,POOL_TOU
14,52,898,1,1.0536345184106395,0.22486536602886964,219.56307344886602,-125.8220228643406,1.0536345184106395,-217.26966623018018,-126.98541023503384,1.0477962718282023,0.38518511799439054,250.22485636513505,1.0418333606712435,summer,2020-06-21,POOL_TOU
14,53,899,2,1.047165415190739,0.20072553680763433,219.4704854987325,-125.83026271257609,1.0533171284601446,-217.1318962733397,-126.92085635872411,1.047165415190739,0.3990691845743241,250.22834503439933,1.0418479766090853,summer,2020-06-21,POOL_TOU
14,54,900,1,1.0528253303059052,0.20486319110938894,219.32145582115672,-125.85268269749015,1.0528253303059052,-217.41520835673998,-126.91999511135386,1.048182152091065,0.2611825496759408,250.30970575478986,1.0421859711796748,summer,2020-06-21,POOL_TOU
14,55,906,1,1.0537303777228313,0.22526201163007975,219.5806975491172,-125.83757375964271,1.0537303777228313,-217.26813655372507,-126.98527727576705,1.0477904938392755,0.3867147944496001,250.22498932440155,1.0418339240811283,summer,2020-06-21,POOL_TOU
15,1,34,1,1.0503186141065233,0.0507398972339618,218.5322534565095,-126.0172080039727,1.0503186141065233,-218.10434223682321,-126.36608373756913,1.0495030260594864,0.17537521257718194,251.66802299012974,1.0478411257131448,summer,2020-06-21,POOL_TOU
15,2,47,2,1.0499394345071418,0.06620586402941056,218.394179403136,-125.99767694246864,1.0497800001989677,-218.13544402124543,-126.52142671461525,1.0499394345071418,0.10183364322559113,251.52372684537372,1.0472401680545411,summer,2020-06-21,POOL_TOU
15,3,70,1,1.0503194907683078,0.051077116538041416,218.5337878442457,-126.01496861373003,1.0503194907683078,-218.104318041602,-126.36605357129312,1.0495028759283833,0.1753994078012489,251.66805315641048,1.047841251383153,summer,2020-06-21,POOL_TOU
15,4,73,1,1.049484006645093,0.0843741802876344,218.2941979105933,-126.02869314177038,1.049484006645093,-218.2032668663003,-126.74224257355027,1.0506451892622033,-0.04360776816834801,251.27630790778096,1.0462099485302967,summer,2020-06-21,POOL_TOU
15,5,74,1,1.049228059697698,0.08770955201773968,218.23881933102473,-126.00166618164447,1.049228059697698,-218.2040245550899,-126.74179932273685,1.0506469902453672,-0.04436545695797177,251.2767511585943,1.046211794594356,summer,2020-06-21,POOL_TOU
15,6,83,2,1.0494514274526352,0.05097102824497522,218.39564859161837,-125.99687983755678,1.0497836402437348,-218.03680954139875,-126.45787205560413,1.0494514274526352,0.10330283170814752,251.52452395028533,1.0472434893617286,summer,2020-06-21,POOL_TOU
15,7,178,2,1.0516048942094944,0.10590457888674384,218.2678618321231,-126.09712601288534,1.0495315474970925,-218.32923754627942,-126.98420457818887,1.0516048942094944,-0.1402608082481717,251.10879116983074,1.045512625918323,summer,2020-06-21,POOL_TOU
15,8,208,3,1.0457432393529762,0.08861018268681843,218.25990872885677,-126.09518054132457,1.049498823046313,-218.27007742073764,-126.93677872658034,1.0512926954692747,-0.17309507370672753,251.1641589033155,1.0457432393529762,summer,2020-06-21,POOL_TOU
15,9,225,1,1.049394597086679,0.09752972884140769,218.2366036681732,-126.08547869278952,1.049394597086679,-218.28099578187636,-126.95267314267069,1.0513652625697412,-0.1586814272443974,251.10941089808713,1.0455152518609927,summer,2020-06-21,POOL_TOU
15,10,248,2,1.0519940632438092,0.1147050193967358,218.24633591776333,-126.1034392050706,1.0494670935490702,-218.39844176052512,-127.05112843336101,1.0519940632438092,-0.1635854237885267,251.1055037345502,1.0454989971642115,summer,2020-06-21,POOL_TOU
15,11,249,2,1.0519865982588557,0.11446875105158821,218.24636209402527,-126.10343464843908,1.0494671784245797,-218.39663348120655,-127.0506712584907,1.0519865982588557,-0.16355924752662343,251.10550829118176,1.045499016065129,summer,2020-06-21,POOL_TOU
15,12,264,3,1.0459679675749227,0.08388041288438007,218.25983213829684,-126.09440379242515,1.049496929101245,-218.2701540113006,-126.93600197768198,1.0512913452929349,-0.18255764714035289,251.21812692815257,1.0459679675749227,summer,2020-06-21,POOL_TOU
15,13,276,2,1.0516223854033016,0.11371104342584513,218.29970551499423,-126.15574666036574,1.049768454395131,-218.27365759491644,-127.08806673143978,1.0516223854033016,-0.12285690129693037,250.9256821819273,1.044750198453382,summer,2020-06-21,POOL_TOU
15,14,289,1,1.0500598348119183,0.09715944309242201,218.37860858976217,-126.15907362600872,1.0500598348119183,-218.19653300898608,-126.98775191443951,1.0511347431332554,-0.12654150722196475,250.97423098884792,1.0449523430713694,summer,2020-06-21,POOL_TOU
15,15,314,2,1.0516363879769348,0.11412573114505274,218.29966812885127,-126.15577934826018,1.049768387719641,-218.276102032831,-127.09055228289208,1.0516363879769348,-0.12289428743969003,250.92564949403243,1.0447500624308381,summer,2020-06-21,POOL_TOU
15,16,320,3,1.0435712206245158,0.12710241822356286,218.29784156456472,-126.1774111231074,1.0498068714164566,-218.21008382130634,-127.04394262999354,1.0513012003706839,-0.1383618251514901,250.642509870945,1.0435712206245158,summer,2020-06-21,POOL_TOU
15,17,327,3,1.0436484655722114,0.12631102272004754,218.29806967695376,-126.17716318386437,1.0498071771072655,-218.2098557089184,-127.04369469075021,1.0512998601768875,-0.12370307718982729,250.66107005139548,1.0436484655722114,summer,2020-06-21,POOL_TOU
15,18,337,3,1.0450099470907492,0.07964740670344123,218.33903559885377,-125.94342899636119,1.049468260176972,-217.91106655800223,-126.85891849099119,1.0498376793742876,-0.1429252967580164,250.98805739716732,1.0450099470907492,summer,2020-06-21,POOL_TOU
15,19,342,3,1.0440277904533748,0.11247821127469455,218.32341347902727,-126.03240289255977,1.049597075817855,-218.04619310958466,-126.93761031167024,1.050488739088263,-0.12325049527261633,250.75217566740469,1.0440277904533748,summer,2020-06-21,POOL_TOU
15,20,349,1,1.0500530409871744,0.07858769043520218,218.45773767927298,-126.01873810309434,1.0500530409871744,-217.9605975987737,-126.89357498699594,1.0500885017134953,-0.12053281043817117,251.04430405970808,1.0452440858169374,summer,2020-06-21,POOL_TOU
15,21,387,1,1.050058713732064,0.08661220542454377,218.42047914568494,-126.0860302458582,1.050058713732064,-218.05970544251335,-126.94252247103346,1.0505476497119628,-0.12985756336082896,250.99671126564934,1.0450459486248291,summer,2020-06-21,POOL_TOU
15,22,388,1,1.0502359762236684,0.07818253768132039,218.49760279205162,-126.03756089863074,1.0502359762236684,-217.96005148677244,-126.8938850765231,1.050087186273629,-0.1199866984372359,251.0439939701821,1.0452427936441693,summer,2020-06-21,POOL_TOU
15,23,406,2,1.0499872673172337,0.08223185793377692,218.3293061650475,-125.90507858368568,1.0493533936616,-217.94131491601343,-126.8783702410577,1.0499872673172337,-0.12025652082323747,251.1036546236685,1.0454911962759423,summer,2020-06-21,POOL_TOU
15,24,458,3,1.0459518610518228,0.07253071965859667,218.27634293473153,-125.94544444360263,1.0492463554070983,-218.03552858236958,-126.87880869403709,1.0503272074089074,-0.19092291837139083,251.2142522809351,1.0459518610518228,summer,2020-06-21,POOL_TOU
15,25,502,1,1.0474007560467022,0.07576835721805322,218.06396654477308,-125.42609731532134,1.0474007560467022,-217.47013512871163,-126.41744401467136,1.047326526181118,-0.03283835644233777,251.4792601782023,1.0470549504616498,summer,2020-06-21,POOL_TOU
15,26,522,2,1.0501626856104422,0.07759100310136317,218.1083490255774,-125.78922298545582,1.0483154655371258,-218.03631243875247,-126.798878502715,1.0501626856104422,-0.2768155833649813,251.2507701714155,1.0461042391813797,summer,2020-06-21,POOL_TOU
15,27,539,3,1.045934680409141,0.07462746541402454,218.23861237654742,-125.90725063923092,1.049030813398386,-218.04283592381876,-126.85912362844911,1.050312284709701,-0.21518359737139325,251.21010626237512,1.045934680409141,summer,2020-06-21,POOL_TOU
15,28,556,3,1.0457805759549232,0.07697808634272156,218.23859524451913,-125.90777807720613,1.0490318490235702,-218.04285305584696,-126.85965106642423,1.0503134507225276,-0.21359796684440727,251.17309514700145,1.0457805759549232,summer,2020-06-21,POOL_TOU
15,29,562,1,1.048998773867864,0.02842804855127133,218.45528438310302,-125.51549234780262,1.048998773867864,-217.2794263011558,-126.33141230774895,1.0464600389950787,0.058109260677702716,251.55550322323685,1.0473724137765785,summer,2020-06-21,POOL_TOU
15,30,563,1,1.0474952222653933,0.07283795200324546,218.0838297016284,-125.437069339168,1.0474952222653933,-217.469864730664,-126.41762115360699,1.0473259235198942,-0.032567958395518556,251.47908303926488,1.0470542127824625,summer,2020-06-21,POOL_TOU
15,31,611,1,1.0491837139488287,0.022607509125144514,218.49556000952242,-125.53455482047453,1.0491837139488287,-217.27887461465437,-126.33172624171178,1.0464587102494696,0.05866094717906205,251.55518928927336,1.047371107219413,summer,2020-06-21,POOL_TOU
15,32,614,3,1.0456815582529448,0.08762322046183253,218.06937145365208,-125.75447794630396,1.0481026110263223,-218.07229372954484,-126.78950878638334,1.050272583479467,-0.3023835772644241,251.14922208909377,1.0456815582529448,summer,2020-06-21,POOL_TOU
15,33,619,3,1.0480923665270645,0.045740127137859105,218.46047339963454,-125.45534349360013,1.0488927690554117,-217.1652853082409,-126.25490303174672,1.0458890831485692,0.08341233953193887,251.7284127195051,1.0480923665270645,summer,2020-06-21,POOL_TOU
15,34,629,1,1.0491952385912098,0.037669792510673816,218.41296734925336,-125.6837495455356,1.0491952385912098,-217.55890378274051,-126.53405658093234,1.0478900908311475,-0.03727896907544823,251.3709219570849,1.0466038777956335,summer,2020-06-21,POOL_TOU
15,35,639,2,1.0463260008348658,0.04221663736861581,218.4500894378001,-125.46698662416647,1.0488794203075889,-217.24101877153407,-126.33342034330249,1.0463260008348658,0.08584124272218893,251.63819843953044,1.0477167552456224,summer,2020-06-21,POOL_TOU
15,36,676,2,1.0445006191824566,0.05646049064422483,218.4737110009594,-125.46192052906139,1.0489542015404112,-216.85991752170557,-126.1166530169856,1.0445006191824566,0.11337770612348715,251.62742945077383,1.047671963048081,summer,2020-06-21,POOL_TOU
15,37,682,2,1.0444419888261902,0.05679680642345153,218.4738174138507,-125.46168020294273,1.0489540874533851,-216.85373754122304,-126.09926832860856,1.0444419888261902,0.1134841190147785,251.62766977689262,1.0476729638656095,summer,2020-06-21,POOL_TOU
15,38,688,2,1.0489606776661426,0.04817452588144222,218.0325644105377,-125.68840555659203,1.0478324391330953,-217.8185979383683,-126.59896534834232,1.0489606776661426,-0.32148543777887717,251.36556210858566,1.046582406069567,summer,2020-06-21,POOL_TOU
15,39,701,3,1.0470749345847372,0.08710022150784498,217.94350905345968,-125.64031708326205,1.0474112080749607,-218.1628813147561,-126.74908865947624,1.0505141111443543,-0.41199185450881365,251.48372459170082,1.0470749345847372,summer,2020-06-21,POOL_TOU
15,40,702,2,1.0510435328385939,0.10314757080584953,217.8760131337791,-125.61515217284011,1.0471154140382994,-218.27557022442403,-126.80824497448666,1.0510435328385939,-0.4542635299319281,251.48090575258135,1.0470635012566485,summer,2020-06-21,POOL_TOU
15,41,755,2,1.052368939126103,0.13222206594510966,217.82959583603045,-125.58270518149475,1.0468805086525224,-218.5575956547124,-126.95649843531702,1.052368939126103,-0.5555329319209449,251.60537161110753,1.0475825705413453,summer,2020-06-21,POOL_TOU
15,42,778,3,1.0473346217083657,0.08680516036410638,217.94350494440073,-125.63942587453407,1.0474093400428688,-218.16288542381938,-126.74819745074721,1.050512261894763,-0.4169850709806979,251.5460875069219,1.0473346217083657,summer,2020-06-21,POOL_TOU
15,43,780,3,1.0486208052299515,0.10325927066206438,217.94176701007902,-125.56327421747113,1.047244754203729,-218.37470419119325,-126.82684370709039,1.0514393376297961,-0.5533423099810181,251.8547378728152,1.0486208052299515,summer,2020-06-21,POOL_TOU
15,44,785,2,1.0506434557180022,0.0926161552582254,218.09073633977115,-125.77705914522517,1.0482266390655495,-218.13740929074558,-126.8547289721515,1.0506434557180022,-0.2883779813998547,251.2617146281948,1.0461498614599551,summer,2020-06-21,POOL_TOU
15,45,813,2,1.0523075633635328,0.13055488577495175,217.82978891008935,-125.5826220797642,1.0468810322706872,-218.54451924776146,-126.94966188313916,1.0523075633635328,-0.5553398578625475,251.60545471283817,1.0475829147668945,summer,2020-06-21,POOL_TOU
15,46,817,1,1.047292184540892,0.09593845930541711,217.93134570858962,-125.60417558068872,1.047292184540892,-218.09513817023696,-126.7410117746674,1.0502533420791043,-0.3439202056863344,251.38374468710091,1.0466582343200996,summer,2020-06-21,POOL_TOU
15,47,835,3,1.048574061391343,0.10320137336567409,217.94178663132416,-125.56343601133632,1.0472451612786342,-218.37468456994793,-126.82700550095605,1.0514396053021668,-0.5511145511787798,251.84351590241656,1.048574061391343,summer,2020-06-21,POOL_TOU
15,48,860,1,1.0473727622785785,0.09350256959335466,217.94572497113032,-125.61798301598341,1.0473727622785785,-218.09494870835297,-126.74122331458108,1.0502531025795148,-0.3437307438036569,251.38353314718591,1.0466573524778662,summer,2020-06-21,POOL_TOU
15,49,861,1,1.0473509214749195,0.09416192611169195,217.94182749149843,-125.6142403948621,1.0473509214749195,-218.09500006159553,-126.74116597506337,1.0502531674909108,-0.34378209704620644,251.38359048670372,1.046657591507904,summer,2020-06-21,POOL_TOU
15,50,886,2,1.0516482903847024,0.10665969915821893,218.06975863022245,-125.61715678714954,1.0478185029114733,-218.3752619053738,-126.92578260295821,1.0516482903847024,-0.48042679556723644,251.66918595146743,1.0478476226267028,summer,2020-06-21,POOL_TOU
15,51,896,1,1.0455019758844686,0.1399172127862358,217.53436921044758,-125.43188698128448,1.0455019758844686,-218.3404585303773,-126.77966716131544,1.0512173957241384,-0.5291260489199285,251.55285372245683,1.047363671413088,summer,2020-06-21,POOL_TOU
15,52,898,1,1.048437230376996,0.08533843324716464,218.2215048620522,-125.65143467453078,1.048437230376996,-218.3275247649523,-126.87090621365073,1.0513616398425787,-0.47627269417794377,251.6758557722429,1.047875360059356,summer,2020-06-21,POOL_TOU
15,53,899,2,1.0513708135063098,0.09880298690281217,218.0697586302224,-125.61715678714951,1.047818502911473,-218.31867013580882,-126.89052730545652,1.0513708135063098,-0.48042679556724,251.66918595146743,1.0478476226267028,summer,2020-06-21,POOL_TOU
15,54,900,1,1.0452234327446506,0.1480361935978451,217.47504725001278,-125.40083896343566,1.0452234327446506,-218.3412679260995,-126.77916256664027,1.0512192550936479,-0.5299354446420753,251.55335831713202,1.047365779424544,summer,2020-06-21,POOL_TOU
15,55,906,1,1.0484058398721283,0.08608431382668472,218.21377305108277,-125.64975354798352,1.0484058398721283,-218.32531688889662,-126.87173198486711,1.051355419172528,-0.47406481812204004,251.67503000102636,1.0478719045419855,summer,2020-06-21,POOL_TOU
16,1,34,1,1.0496431475794867,0.033548450015491976,218.4758981153559,-125.790065075945,1.0496431475794867,-217.8965328065089,-126.1807802635149,1.0483676184476804,0.10951119730916911,251.72610895830618,1.0480828162655587,summer,2020-06-21,POOL_TOU
16,2,47,2,1.0482427833611954,0.03744061041349802,218.4507563964522,-125.72725903679412,1.0494219654830024,-217.80086746104936,-126.2860738036077,1.0482427833611954,0.07087602092759404,251.63353183095168,1.047697306028476,summer,2020-06-21,POOL_TOU
16,3,70,1,1.049615400829034,0.034102148577360894,218.47173076040235,-125.78394712870426,1.049615400829034,-217.89658544825014,-126.18068889357937,1.048367617477513,0.10945855557082045,251.72620032824642,1.0480831965965853,summer,2020-06-21,POOL_TOU
16,4,73,1,1.0496627768472606,0.055454400323264076,218.5519570984833,-125.66732934785807,1.0496627768472606,-217.74448573897607,-126.49892702745909,1.0484846122496116,-0.012491710968749082,251.47242260632825,1.047026474023981,summer,2020-06-21,POOL_TOU
16,5,74,1,1.0495917929840242,0.05727979779207668,218.54183311220905,-125.65073386528218,1.0495917929840242,-217.74461176783487,-126.49868044295978,1.0484845502388336,-0.012617739827578259,251.47266919082756,1.0470275007253718,summer,2020-06-21,POOL_TOU
16,6,83,2,1.04820768242259,0.03631311521644731,218.45088055299303,-125.72723994578409,1.0494223738636101,-217.7922773037162,-126.28408188637704,1.04820768242259,0.07100017746851227,251.6335509219614,1.0476973856612186,summer,2020-06-21,POOL_TOU
16,7,178,2,1.048936563512369,0.06756383917605384,218.49601707863687,-125.6653304075664,1.0494567218520394,-217.76196223856252,-126.68484200103923,1.048936563512369,-0.08790947696436975,251.35742378087815,1.0465477295056977,summer,2020-06-21,POOL_TOU
16,8,208,3,1.0464493486364272,0.06050792507384823,218.49390196096715,-125.66762309948952,1.049453847169659,-217.71564848346418,-126.65383792338618,1.0487049733824867,-0.09924014922991552,251.3337906687932,1.0464493486364272,summer,2020-06-21,POOL_TOU
16,9,225,1,1.0493734810696371,0.06173673752505907,218.47816791637305,-125.65626440765901,1.0493734810696371,-217.71464875732138,-126.65922809994689,1.0487126607061514,-0.08987423587659164,251.35169734687088,1.046523889913079,summer,2020-06-21,POOL_TOU
16,10,248,2,1.0488912791572678,0.0654976905325957,218.49125735679834,-125.67149885451443,1.0494523479150255,-217.73114076279532,-126.71618561416207,1.0488912791572678,-0.0901745075828668,251.34926916700337,1.0465137804314557,summer,2020-06-21,POOL_TOU
16,11,249,2,1.048780477842921,0.06206146999065027,218.49165153405963,-125.67144281083827,1.0494536542219994,-217.70384426511703,-126.71018130089116,1.048780477842921,-0.08978033032160504,251.34932521067958,1.0465140131864668,summer,2020-06-21,POOL_TOU
16,12,264,3,1.0464741708448686,0.0598068124475354,218.49387635058042,-125.66753601284655,1.0494535739585051,-217.71567409385403,-126.6537508367444,1.0487048832249486,-0.10149269383682345,251.3397515109888,1.0464741708448686,summer,2020-06-21,POOL_TOU
16,13,276,2,1.0491347928722294,0.07602341390009482,218.5059402263246,-125.65295646236049,1.049466852885818,-217.7500536346077,-126.79994804854805,1.0491347928722294,-0.12409160840548306,251.28505783920892,1.046246491419122,summer,2020-06-21,POOL_TOU
16,14,289,1,1.0496703607440956,0.06078182790292574,218.56046424824873,-125.65618767114911,1.0496703607440956,-217.67174866146942,-126.69827744154794,1.0486400519845045,-0.11515116967370827,251.30579440643282,1.04633281212258,summer,2020-06-21,POOL_TOU
16,15,314,2,1.0491455082336056,0.07635390733051975,218.50591730301628,-125.65299318551027,1.0494668463692456,-217.75146436794412,-126.80263970411225,1.0491455082336056,-0.12411453171355329,251.28502111605874,1.046246338566369,summer,2020-06-21,POOL_TOU
16,16,320,3,1.0457666411693622,0.06951368942869118,218.50341268384366,-125.65871198816127,1.0494696764499818,-217.6857549394682,-126.72754825261175,1.0487517625207259,-0.16326062986423664,251.1697860842969,1.0457666411693622,summer,2020-06-21,POOL_TOU
16,17,327,3,1.0459918660081617,0.06532790920053232,218.50360021900173,-125.65795327995647,1.049468778500985,-217.6855674043111,-126.72678954440664,1.048749498417411,-0.15413914817446284,251.22388584429035,1.0459918660081617,summer,2020-06-21,POOL_TOU
16,18,337,3,1.0455415575010554,0.06077799466340262,218.68673429480043,-125.45822703162509,1.049715780082473,-217.2841037562243,-126.66005601555906,1.0471653107055827,-0.09309643020544385,251.115761806753,1.0455415575010554,summer,2020-06-21,POOL_TOU
16,19,342,3,1.0460259709852033,0.061205034078939693,218.53246845702208,-125.50700570023258,1.0492598320521267,-217.50935014594103,-126.6901463039336,1.048038691616638,-0.1554793197233407,251.23207627537138,1.0460259709852033,summer,2020-06-21,POOL_TOU
16,20,349,1,1.0496452019474043,0.05302641445531582,218.65170518552713,-125.48521478139861,1.0496452019474043,-217.39238882537143,-126.67410334038358,1.04758428769512,-0.10320654685327467,251.2768723925859,1.0462123713020524,summer,2020-06-21,POOL_TOU
16,21,387,1,1.049625487768409,0.05523570997356495,218.60503001215932,-125.55700232232645,1.049625487768409,-217.52542132056482,-126.69178290170358,1.0480999422051591,-0.1321075487864165,251.29753686980766,1.0462984659138421,summer,2020-06-21,POOL_TOU
16,22,388,1,1.049606717735186,0.053321456256350375,218.64335243831454,-125.48119961908999,1.049606717735186,-217.3925031732106,-126.67403735582779,1.047584560734241,-0.10332089469281484,251.27693837714287,1.0462126462299077,summer,2020-06-21,POOL_TOU
16,23,406,2,1.047027776232256,0.052478983375698555,218.74191663454584,-125.42671350515704,1.04984980297317,-217.24390080319156,-126.66342942296173,1.047027776232256,-0.02571425226236284,251.26676893445438,1.0461702219402385,summer,2020-06-21,POOL_TOU
16,24,458,3,1.0467777830450107,0.053819661322439434,218.4771318555507,-125.4405244587519,1.0489221928913117,-217.50306963332255,-126.67823157405239,1.0479911280712828,-0.19046957714402946,251.41262073663776,1.0467777830450107,summer,2020-06-21,POOL_TOU
16,25,502,1,1.050927600768114,0.02490603232836874,219.21891950774145,-125.11420294986117,1.050927600768114,-216.56630010726786,-126.3054459528944,1.043839805585283,0.2836002725461691,251.50362694843508,1.047157060363858,summer,2020-06-21,POOL_TOU
16,26,522,2,1.048192191330461,0.07194849136855404,218.249651310751,-125.30793087315529,1.0478259323422927,-217.55076941080577,-126.69228373656907,1.048192191330461,-0.30639182930453424,251.40813598087016,1.0467595873301736,summer,2020-06-21,POOL_TOU
16,27,539,3,1.0467279071753264,0.05812082244857446,218.42660006819577,-125.40923042293693,1.048674858321274,-217.51918794238594,-126.68048327816486,1.0480538379054767,-0.21875606124710203,251.40061863880885,1.0467279071753264,summer,2020-06-21,POOL_TOU
16,28,556,3,1.0466146467173505,0.05904119153510561,218.42657616716193,-125.4096172247861,1.0486755739056783,-217.51921184341964,-126.68087008001389,1.048054734392735,-0.21838681984586966,251.37341631191327,1.0466146467173505,summer,2020-06-21,POOL_TOU
16,29,562,1,1.0507644204531705,0.010158238811555104,219.21905290032458,-125.03488247450797,1.0507644204531705,-216.3981170935401,-126.2066718213551,1.0430277306045315,0.3472124850263805,251.57538170990193,1.0474561491820256,summer,2020-06-21,POOL_TOU
16,30,563,1,1.0510269242043813,0.025106883105780867,219.23134142011338,-125.14056316450966,1.0510269242043813,-216.5661518990782,-126.30583370652083,1.043840085894016,0.28374848073512476,251.5032391948068,1.0471554466162194,summer,2020-06-21,POOL_TOU
16,31,611,1,1.0507486263628867,0.010347898603433821,219.22151945823308,-125.0229008396994,1.0507486263628867,-216.39806921855904,-126.20650426628501,1.0430272069552629,0.347260360007491,251.5755492649714,1.047456847086039,summer,2020-06-21,POOL_TOU
16,32,614,3,1.046818535455453,0.07798882963549827,218.1965368933491,-125.2769833886995,1.0475699909737544,-217.59162161481473,-126.70185308546706,1.0483592270338393,-0.3428973195164656,251.42224688016816,1.046818535455453,summer,2020-06-21,POOL_TOU
16,33,619,3,1.0478308278814668,0.023605080287413666,219.2880422721226,-125.0452370875548,1.0510352963570764,-216.27532393142866,-126.15354679029767,1.0424746601123163,0.37740058745720917,251.665327808455,1.0478308278814668,summer,2020-06-21,POOL_TOU
16,34,629,1,1.050897076523765,0.0275545127498248,219.13390653689018,-125.24826769407672,1.050897076523765,-216.72655235716582,-126.3955424954338,1.0446051547716722,0.21174160586364651,251.43636984970382,1.0468767352749742,summer,2020-06-21,POOL_TOU
16,35,639,2,1.0429330652759154,0.007398149599321347,219.27781546240678,-125.0575990940007,1.0510238055116727,-216.3495648310529,-126.24477761234672,1.0429330652759154,0.3801793933597386,251.61369134927497,1.0476158528225712,summer,2020-06-21,POOL_TOU
16,36,676,2,1.0410599817465558,0.06182664230016411,219.30175937106426,-125.0431401888189,1.0510805850990326,-215.96847809900052,-126.00523896540166,1.0410599817465558,0.40742833496239356,251.62034401119573,1.0476437292677463,summer,2020-06-21,POOL_TOU
16,37,682,2,1.0408683737412026,0.06796318665601375,219.3022810230315,-125.04271394438013,1.0510815928262276,-215.93421303194,-125.97264753229459,1.0408683737412026,0.40794998692951684,251.62077025563465,1.047645507488895,summer,2020-06-21,POOL_TOU
16,38,688,2,1.0478523888473688,0.07334125038075733,218.13924947118315,-125.23848497555294,1.0472833281333322,-217.4738821617735,-126.66213616855858,1.0478523888473688,-0.36536925082556604,251.4440197441098,1.0469093202868542,summer,2020-06-21,POOL_TOU
16,39,701,3,1.0466716425429836,0.08764635508141486,218.10639042991758,-125.22824215006881,1.0471434471430026,-217.6507978903991,-126.74087116657464,1.048653893375472,-0.4206893300421717,251.38684829728015,1.0466716425429836,summer,2020-06-21,POOL_TOU
16,40,702,2,1.0488874803744936,0.09707403724477831,218.10133681138146,-125.21880456260148,1.0471056345484582,-217.68937954488865,-126.78610212904081,1.0488874803744936,-0.42069215491080425,251.4592640645515,1.046973151246802,summer,2020-06-21,POOL_TOU
16,41,755,2,1.049720589389242,0.11851210910491068,218.1110170249443,-125.21861747522019,1.0471402001428551,-217.818396408923,-126.96213258880469,1.049720589389242,-0.4715443020115945,251.50683779477265,1.047171603733206,summer,2020-06-21,POOL_TOU
16,42,778,3,1.0468118163544415,0.08835675882682385,218.10649667091425,-125.22776909384336,1.0471428500374613,-217.6506916494069,-126.74039811034818,1.0486525199872334,-0.41575019741917035,251.42052318561986,1.0468118163544415,summer,2020-06-21,POOL_TOU
16,43,780,3,1.04776101098411,0.10756910270116574,218.13966001858054,-125.20680011185163,1.0472191328138585,-217.80133151620623,-126.90694936609044,1.0495435151235926,-0.5086200149300559,251.64832832388393,1.04776101098411,summer,2020-06-21,POOL_TOU
16,44,785,2,1.0485532921401268,0.08302814041930132,218.22760460383154,-125.29737513361519,1.0477244436384068,-217.6248687291861,-126.73738284788163,1.0485532921401268,-0.3196222630454525,251.4127571449128,1.046778896500676,summer,2020-06-21,POOL_TOU
16,45,813,2,1.0495588122490074,0.11542516098645411,218.11160101593183,-125.2185527880387,1.0471421747412593,-217.77785858814613,-126.95452101367722,1.0495588122490074,-0.4709603110245069,251.50690248195414,1.0471718685073037,summer,2020-06-21,POOL_TOU
16,46,817,1,1.0452250639122154,0.14412588361413237,217.70469277093406,-125.0025201115261,1.0452250639122154,-217.62956540344982,-126.70183157144322,1.0484957084536843,-0.38734541379047494,251.45206923996295,1.0469429719515455,summer,2020-06-21,POOL_TOU
16,47,835,3,1.0477450575960774,0.10786106842134048,218.1396996817199,-125.20685775284436,1.0472193955081575,-217.80129185306703,-126.90700700708366,1.0495434932608894,-0.5055392507130676,251.6445028757569,1.0477450575960774,summer,2020-06-21,POOL_TOU
16,48,860,1,1.0459093842291698,0.12372385893309427,217.851081647681,-125.07764612254823,1.0459093842291698,-217.62756645882467,-126.70305557770838,1.0484910799746427,-0.38534646916680293,251.45084523369658,1.0469378629174348,summer,2020-06-21,POOL_TOU
16,49,861,1,1.0458897629966328,0.12435764865777198,217.84757462278276,-125.07428971365749,1.0458897629966328,-217.62761267950742,-126.7030041426499,1.0484911385356244,-0.38539268984950514,251.45089666875518,1.0469380773662895,summer,2020-06-21,POOL_TOU
16,50,886,2,1.0504617255777167,0.12867314082448197,218.1556964561674,-125.2540555591075,1.0473749937293657,-217.9542915049457,-127.0824621245862,1.0504617255777167,-0.5107916362684188,251.5125617342705,1.0471957549071838,summer,2020-06-21,POOL_TOU
16,51,896,1,1.0468678724405744,0.1081014491834203,218.07645379981523,-125.14744414983842,1.0468678724405744,-217.7147519542979,-126.8083257812284,1.049025335370861,-0.44356465814446505,251.48658462514484,1.0470870661634335,summer,2020-06-21,POOL_TOU
16,52,898,1,1.0476081426851682,0.10829478679698222,218.23047169614657,-125.23627093763378,1.0476081426851682,-217.8340256768338,-126.97329841083646,1.0498002211471549,-0.4881934702771559,251.53038742537183,1.0472697866669654,summer,2020-06-21,POOL_TOU
16,53,899,2,1.0504613542572623,0.12900408056298854,218.15569645616728,-125.25405555910748,1.0473749937293653,-217.95160239891322,-127.08689694685617,1.0504613542572623,-0.510791636268417,251.51256173427046,1.0471957549071835,summer,2020-06-21,POOL_TOU
16,54,900,1,1.0468265535836485,0.10903133837212914,218.0657663378316,-125.14612949127326,1.0468265535836485,-217.7149023599861,-126.80829565550559,1.0490258133701338,-0.44371506383257525,251.4866147508677,1.0470871926989118,summer,2020-06-21,POOL_TOU
16,55,906,1,1.047760684426737,0.10486653872638906,218.2670500945432,-125.24613850739081,1.047760684426737,-217.8334370643076,-126.97328986624636,1.049798085928562,-0.4876048577507114,251.53039596996186,1.0472698174892723,summer,2020-06-21,POOL_TOU
17,1,34,1,1.0504024119398723,0.0786560492248166,218.70786755550827,-125.75255810950566,1.0504024119398723,-217.61796836145595,-126.30087822114824,1.0476150070992643,0.3182958188841304,251.30287185490042,1.0463213732616645,summer,2020-06-21,POOL_TOU
17,2,47,2,1.0470477344012925,0.07134747583861656,218.8472842263631,-125.82376168975375,1.0510534063921302,-217.33034966326235,-126.52456994758109,1.0470477344012925,0.3116350924808073,251.0524332561988,1.0452786172458663,summer,2020-06-21,POOL_TOU
17,3,70,1,1.0503690223987443,0.07881325410445085,218.7018700979633,-125.74690035649313,1.0503690223987443,-217.6180474926915,-126.30079142735127,1.0476151106578153,0.31821668765147243,251.30295864870212,1.0463217342173823,summer,2020-06-21,POOL_TOU
17,4,73,1,1.0521277283151047,0.12505992586581155,219.05154107963622,-125.98616912657248,1.0521277283151047,-217.4497252808596,-127.02335134086725,1.0485232609495663,0.17682674474825388,250.61271404203632,1.0434472639259411,summer,2020-06-21,POOL_TOU
17,5,74,1,1.052106593464561,0.12525528365468336,219.0484932978278,-125.98128679790294,1.052106593464561,-217.44976334308757,-127.02327872233532,1.0485232452823081,0.17678868252025903,250.6127866605682,1.0434475661673948,summer,2020-06-21,POOL_TOU
17,6,83,2,1.0466849616151364,0.06213203658395461,218.84848698900942,-125.82339718648225,1.0510569913710606,-217.24808085527116,-126.49270413180994,1.0466849616151364,0.3128378551274125,251.05279775947005,1.0452801411128074,summer,2020-06-21,POOL_TOU
17,7,178,2,1.0489083930579703,0.13373348042774347,219.10200787518383,-126.08998212452802,1.052525405063256,-217.38556563724677,-127.3162526902016,1.0489083930579703,0.07928840154611545,250.33693561368852,1.042298829909356,summer,2020-06-21,POOL_TOU
17,8,208,3,1.0423719083466243,0.1394576749698538,219.09770045581715,-126.08931676158831,1.0525084791985044,-217.45740205495923,-127.32704860146386,1.0491892062395252,0.06241577542707586,250.35449220149954,1.0423719083466243,summer,2020-06-21,POOL_TOU
17,9,225,1,1.0524468899544916,0.1418563988188631,219.0851983064244,-126.08138463826242,1.0524468899544916,-217.45966886799044,-127.33187762347416,1.0492075101584797,0.07192287856998268,250.33725211187047,1.0423001384140635,summer,2020-06-21,POOL_TOU
17,10,248,2,1.0493596057498,0.14383336731323076,219.09375983761788,-126.09203083097182,1.0524998954564806,-217.48265354349948,-127.36491753052022,1.0493596057498,0.07091256891418932,250.33576545268534,1.0422939473843447,summer,2020-06-21,POOL_TOU
17,11,249,2,1.0493931052160734,0.14455072036114686,219.0936627706003,-126.09209324797031,1.0524996748067292,-217.48911867297892,-127.36979923426748,1.0493931052160734,0.07081550189659672,250.33570303568683,1.042293687391555,summer,2020-06-21,POOL_TOU
17,12,264,3,1.042487136455707,0.13586981014790414,219.09768076166193,-126.08891990371026,1.0525075839493654,-217.45742174911751,-127.32665174358684,1.0491884420974602,0.0589417749104154,250.38216826786044,1.042487136455707,summer,2020-06-21,POOL_TOU
17,13,276,2,1.0499221013938487,0.16180692633410912,219.14386104520932,-126.16333787664347,1.0528287957573792,-217.5200330200703,-127.56833074930071,1.0499221013938487,-0.0027058081157229235,250.1423376253885,1.041488552684059,summer,2020-06-21,POOL_TOU
17,14,289,1,1.0527444422438375,0.16065567521202967,219.13902842134115,-126.13112321796265,1.0527444422438375,-217.47775064749854,-127.52132974216099,1.0496712487074618,0.012882063221075286,250.14500849096004,1.041499674376483,summer,2020-06-21,POOL_TOU
17,15,314,2,1.0499281459896055,0.16190927042031883,219.14384537655715,-126.16335290765741,1.0528287704444292,-217.5210504619511,-127.56946565076869,1.0499281459896055,-0.0027214767676214504,250.14232259437432,1.0414884901018815,summer,2020-06-21,POOL_TOU
17,16,320,3,1.0416971448832413,0.1497822995309493,219.1385562943077,-126.15959461379083,1.052801878399877,-217.49171155530945,-127.52496557422783,1.0497290489373154,-0.0881641942649467,250.1924213032664,1.0416971448832413,summer,2020-06-21,POOL_TOU
17,17,327,3,1.0415656640948368,0.1544843439065088,219.13883405047864,-126.1600665929426,1.0528038611001564,-217.49143379913954,-127.52543755337929,1.049729045297756,-0.06622921243080632,250.160849315255,1.0415656640948368,summer,2020-06-21,POOL_TOU
17,18,337,3,1.0372090715288516,0.2541595707474364,219.3982322683713,-126.55853653898734,1.0545679994214943,-217.56817692283684,-128.35140315410814,1.0517478905709805,-0.14499195832123765,249.11445945289816,1.0372090715288516,summer,2020-06-21,POOL_TOU
17,19,342,3,1.0392934870484778,0.20209945083683242,219.32245184572662,-126.34872070608495,1.0538583575800182,-217.4304087012013,-127.9642513723259,1.0504353778361888,-0.034882694960132694,249.6151293606597,1.0392934870484778,summer,2020-06-21,POOL_TOU
17,20,349,1,1.0541401497830873,0.21679774522844497,219.36152879078475,-126.4164660724827,1.0541401497830873,-217.487446134554,-128.1624208350279,1.0510587050554288,-0.05958834645421791,249.47909207511267,1.0387271039090464,summer,2020-06-21,POOL_TOU
17,21,387,1,1.0539275059452415,0.19342636152844528,219.34470686155908,-126.3433588035436,1.0539275059452415,-217.43351923563074,-127.90888935294892,1.0503296455173243,-0.014757718635800101,249.72609488958375,1.0397554929802901,summer,2020-06-21,POOL_TOU
17,22,388,1,1.0540523434290707,0.21795890117555847,219.34987732141545,-126.3944470266385,1.0540523434290707,-217.48758805004692,-128.16209557274712,1.0510585265731387,-0.05973026194759824,249.47941733739452,1.0387284583070333,summer,2020-06-21,POOL_TOU
17,23,406,2,1.0530385000353668,0.25869725564826046,219.42714779098938,-126.59748011992542,1.0547533071219002,-217.79680562390942,-128.57389121565,1.0530385000353668,-0.10704495258508887,249.2733910189464,1.0378707164166614,summer,2020-06-21,POOL_TOU
17,24,458,3,1.039289852881183,0.19585913148150164,219.36617776062386,-126.36893018588327,1.05405811235049,-217.38526393048394,-128.04569677925946,1.0504454544138693,-0.03599230835074366,249.61425635713456,1.039289852881183,summer,2020-06-21,POOL_TOU
17,25,502,1,1.0577085103855657,0.26753118533643344,220.09121274872763,-126.86673551377024,1.0577085103855657,-217.47195517922188,-128.75564894091525,1.0522593344151083,0.0516799466543858,249.1429796572724,1.0373276644213982,summer,2020-06-21,POOL_TOU
17,26,522,2,1.049228186210345,0.18266180996633063,219.48203190416473,-126.35131723057354,1.0544395270182125,-217.02866021739038,-128.07489255185573,1.049228186210345,0.021191760199028953,249.46790799397974,1.038680512169483,summer,2020-06-21,POOL_TOU
17,27,539,3,1.0387040027449888,0.20945200244693715,219.38839599705744,-126.37129727358472,1.0541431910108927,-217.3454754086081,-128.06886263937025,1.0503516790924694,-0.04576265828243079,249.47354660947457,1.0387040027449888,summer,2020-06-21,POOL_TOU
17,28,556,3,1.03874949332221,0.20828160397237247,219.38849750857167,-126.37114883184637,1.054143248760771,-217.34537389709374,-128.06871419763183,1.0503510011933634,-0.03944062466063258,249.48447351195432,1.03874949332221,summer,2020-06-21,POOL_TOU
17,29,562,1,1.0568863359060217,0.25533184840624723,219.89192339047432,-126.81704452599787,1.0568863359060217,-217.49349357793537,-128.8365703682039,1.052508178334801,0.03656695124290562,249.12165810212764,1.0372388791995544,summer,2020-06-21,POOL_TOU
17,30,563,1,1.0573616865735045,0.2626807835464509,220.01310598824725,-126.83543763192905,1.0573616865735045,-217.4730311433555,-128.75512066987935,1.0522620687616764,0.05060398251997176,249.14350792830643,1.0373298630024155,summer,2020-06-21,POOL_TOU
17,31,611,1,1.0569569409723159,0.2561136693375471,219.90780504466477,-126.82344995432321,1.0569569409723159,-217.49327484381803,-128.83667837312473,1.0525076239637363,0.03678568536015211,249.12155009720618,1.0372384296461101,summer,2020-06-21,POOL_TOU
17,32,614,3,1.0387270783898062,0.1989739809482425,219.48374523424067,-126.35008120988482,1.0544431418421256,-217.19474185877763,-128.15565971416106,1.0499946260682504,-0.0010190465019499608,249.47909306024857,1.0387270783898062,summer,2020-06-21,POOL_TOU
17,33,619,3,1.0372623380367714,0.2499519752765953,219.86270467639338,-126.84579640430913,1.056840770961866,-217.52360517522493,-128.90858021985508,1.0527688692859782,0.006917661311883393,249.12729497964554,1.0372623380367714,summer,2020-06-21,POOL_TOU
17,34,629,1,1.0560650214068819,0.252448683953499,219.7389262203157,-126.68748189941513,1.0560650214068819,-217.51254323206135,-128.66175762187265,1.05220567494559,0.00566050748652903,249.18649127001026,1.0375088066125795,summer,2020-06-21,POOL_TOU
17,35,639,2,1.053000140542818,0.2560644367363849,219.85753248518958,-126.85194767636622,1.0568349170743947,-217.5612855502213,-128.95394864688836,1.053000140542818,0.008784456400975528,249.10124450653262,1.037153874957283,summer,2020-06-21,POOL_TOU
17,36,676,2,1.0530425496834508,0.25356296007464857,219.86713679304904,-126.8471930479901,1.0568596609958676,-217.53782620834542,-129.01348845200306,1.0530425496834508,0.02015511388455342,249.10205136795534,1.0371572371423579,summer,2020-06-21,POOL_TOU
17,37,682,2,1.0528887527140816,0.2509035186852778,219.8675244030976,-126.84679011254012,1.056860220521155,-217.51282100413613,-128.98323638944314,1.0528887527140816,0.02054272393292919,249.1024543034054,1.0371589149296465,summer,2020-06-21,POOL_TOU
17,38,688,2,1.049224673250184,0.18433243115142756,219.49343155764993,-126.35240000408987,1.0544829106609384,-216.99165371631204,-128.1359217070831,1.049224673250184,0.0010976114485987283,249.40352068235788,1.0384124264725538,summer,2020-06-21,POOL_TOU
17,39,701,3,1.0377580865450688,0.22653162256440668,219.51998234561344,-126.4130159807401,1.0547046412016448,-217.25255432885928,-128.3076924080149,1.0505236989568176,-0.0558751367170027,249.24635655518887,1.0377580865450688,summer,2020-06-21,POOL_TOU
17,40,702,2,1.0517974549385931,0.24696603402374268,219.56331705841782,-126.46382832384604,1.0549665769169814,-217.4750647880586,-128.53250492017497,1.0517974549385931,-0.03779099076937764,249.26321191275173,1.037828251087993,summer,2020-06-21,POOL_TOU
17,41,755,2,1.0512387427333874,0.24743011514057375,219.840681927544,-126.6284574764302,1.0563093970174047,-217.27322252712221,-128.61016909095343,1.0512387427333874,0.034719797667557846,249.12293471340672,1.037244193377013,summer,2020-06-21,POOL_TOU
17,42,778,3,1.0377779590291958,0.22565334186511746,219.51987268218642,-126.41293955204846,1.054704086725204,-217.25266399229073,-128.30761597932232,1.0505239302822769,-0.06395512035752336,249.25112754080672,1.0377779590291958,summer,2020-06-21,POOL_TOU
17,43,780,3,1.0368313357694936,0.25679977994748854,220.0342042968667,-126.73251219175906,1.0572238421714073,-217.16912726754484,-128.6419555401044,1.0509332431014082,0.06717150677649004,249.02376887787588,1.0368313357694936,summer,2020-06-21,POOL_TOU
17,44,785,2,1.0500751333869882,0.2043498893848478,219.48040672721322,-126.35212210797492,1.0544353347327062,-217.21512638121897,-128.15916196362747,1.0500751333869882,0.013645402577851868,249.45699506193992,1.0386350730700669,summer,2020-06-21,POOL_TOU
17,45,813,2,1.051171288507214,0.2455347925078647,219.84091827354445,-126.62841478066551,1.0563101609967183,-217.25690374076257,-128.605932480528,1.051171288507214,0.03495614366753087,249.12297740917148,1.0372443712820116,summer,2020-06-21,POOL_TOU
17,46,817,1,1.052726012193277,0.21807430319979537,219.1752941482413,-126.05921639946294,1.052726012193277,-217.21710121903106,-128.21114930095825,1.050192222960178,-0.016659612453613016,249.3939460550414,1.0383725640172978,summer,2020-06-21,POOL_TOU
17,47,835,3,1.0367152770418866,0.2603191461276936,220.03410762920538,-126.73290309306121,1.0572243057145712,-217.16922393520625,-128.64234644140706,1.0509344188774348,0.06246872939048489,248.9958953814649,1.0367152770418866,summer,2020-06-21,POOL_TOU
17,48,860,1,1.0533403123271543,0.21356464953445845,219.28500990979697,-126.16438018229844,1.0533403123271543,-217.2156553963131,-128.21276069705416,1.0501904491899512,-0.015213789737030935,249.39233465894443,1.038365854450156,summer,2020-06-21,POOL_TOU
17,49,861,1,1.0533282721843824,0.2136362488092644,219.28285976487166,-126.16231864706394,1.0533282721843824,-217.21568373005587,-128.2127291093771,1.05019048393029,-0.015242123479750121,249.39236624662152,1.0383659859752956,summer,2020-06-21,POOL_TOU
17,50,886,2,1.0509836548219846,0.26733184247984637,220.26283392719805,-126.84599582990796,1.058284547924042,-217.11259528167847,-128.76108085619734,1.0509836548219846,0.18141974794857116,248.9722756773608,1.036617177005443,summer,2020-06-21,POOL_TOU
17,51,896,1,1.0555341971801786,0.2374803364588075,219.69977874760423,-126.50004816413798,1.0555341971801786,-217.26307043043263,-128.45844323561323,1.050880711343686,-0.004385058980556016,249.21200774015296,1.0376150464639762,summer,2020-06-21,POOL_TOU
17,52,898,1,1.0591993679541207,0.28263655566117013,220.4736307666243,-126.92022702007155,1.0591993679541207,-217.08160726986358,-128.718705847124,1.0507826872872343,0.18961144012889547,248.97910334065722,1.0366456299584552,summer,2020-06-21,POOL_TOU
17,53,899,2,1.0510375048027205,0.2681660917665402,220.26283392719793,-126.84599582990792,1.0582845479240417,-217.12279307791056,-128.76924058668968,1.0510375048027205,0.1814197479485753,248.9722756773607,1.0366171770054426,summer,2020-06-21,POOL_TOU
17,54,900,1,1.0554332010285377,0.23822171294023126,219.68476303097893,-126.47751329884603,1.0554332010285377,-217.2632595820309,-128.4581070415314,1.05088067684644,-0.004574210578754923,249.21234393423484,1.0376164462503223,summer,2020-06-21,POOL_TOU
17,55,906,1,1.059655365920508,0.29071072727894465,220.57331374510454,-126.96658751403602,1.059655365920508,-217.079188988697,-128.7198724609308,1.050776504025836,0.1920297212955028,248.97793672685037,1.0366407803824846,summer,2020-06-21,POOL_TOU
18,1,34,1,1.0492357242013484,0.0776513425346228,218.4949579083543,-125.5606757898784,1.0492357242013484,-217.9065498669337,-125.51959308884909,1.0470269147379796,-0.2203689714497759,252.1905760989533,1.050016965763366,summer,2020-06-21,POOL_TOU
18,2,47,2,1.0458691472397001,0.08289088361135243,218.5421265524769,-125.35910888234461,1.0489881739360383,-217.6508956949583,-125.40631460899371,1.0458691472397001,-0.22078413073033928,252.341817849316,1.050646674716398,summer,2020-06-21,POOL_TOU
18,3,70,1,1.0493839458876637,0.0821325993349401,218.52811985723264,-125.57441786538182,1.0493839458876637,-217.90609352891843,-125.51982382514007,1.0470257478630343,-0.2199126334316095,252.19034536266685,1.0500160034153583,summer,2020-06-21,POOL_TOU
18,4,73,1,1.0489776477447,0.09128954668279056,218.70168902331307,-125.0754355458084,1.0489776477447,-217.52367169389146,-125.27190889157777,1.045130818488838,-0.27057970238386,252.58836270237498,1.051673386107522,summer,2020-06-21,POOL_TOU
18,5,74,1,1.0489056189890476,0.0893612069372006,218.68632597237826,-125.06745172314899,1.0489056189890476,-217.52388137012488,-125.27177902138959,1.045131305155026,-0.2707893786173137,252.58849257256318,1.051673927768155,summer,2020-06-21,POOL_TOU
18,6,83,2,1.0459173671668907,0.08215839668728839,218.54193200123487,-125.35908479410695,1.0489874213927926,-217.66464146777756,-125.4056556629201,1.0459173671668907,-0.22097868197214676,252.34184193755343,1.050646775718792,summer,2020-06-21,POOL_TOU
18,7,178,2,1.044446103064058,0.0920210119935556,218.66947380749303,-124.85844324323344,1.0484129359294616,-217.3908444810636,-125.1730220642599,1.044446103064058,-0.3178212744219319,252.7435089821238,1.052319579211677,summer,2020-06-21,POOL_TOU
18,8,208,3,1.051981228075706,0.09380575155833325,218.66874501266048,-124.86111566739271,1.0484158181840229,-217.4041548097231,-125.1706474764735,1.0444891965186904,-0.3437608130069667,252.66221055554382,1.051981228075706,summer,2020-06-21,POOL_TOU
18,9,225,1,1.0483351238911451,0.08930989530808488,218.65584656672917,-124.84461900773611,1.0483351238911451,-217.3964321425535,-125.16506798888071,1.0444497399186816,-0.3132685384908651,252.7383441168228,1.0522980512135933,summer,2020-06-21,POOL_TOU
18,10,248,2,1.04422242197609,0.09714137939161047,218.67358682657743,-124.85879306169754,1.0484285295377052,-217.33602590194815,-125.16056178104073,1.04422242197609,-0.31029280873079945,252.7382025645575,1.052297446565285,summer,2020-06-21,POOL_TOU
18,11,249,2,1.04413399908477,0.09957201454457273,218.673893172311,-124.85873221892928,1.0484295115816642,-217.31490295041357,-125.15468528178776,1.04413399908477,-0.3099864629972128,252.7382634073258,1.052297698323868,summer,2020-06-21,POOL_TOU
18,12,264,3,1.0521531170877028,0.09364514072839422,218.6688469443656,-124.86053350681242,1.0484149848296305,-217.404052878021,-125.17006531589433,1.0444876193071344,-0.3396994015609888,252.7034999955978,1.0521531170877028,summer,2020-06-21,POOL_TOU
18,13,276,2,1.0441121433282943,0.09472483509502806,218.68169914789988,-124.72065686928437,1.0481728061743365,-217.3355856089549,-125.1082441337991,1.0441121433282943,-0.3540287046163317,252.87179827991812,1.052853922280854,summer,2020-06-21,POOL_TOU
18,14,289,1,1.0481891667108945,0.09074822035042203,218.69775671079535,-124.70043091609153,1.0481891667108945,-217.368441695843,-125.10189111342761,1.0442175098552153,-0.3554149128037511,252.87680162654576,1.052874762208832,summer,2020-06-21,POOL_TOU
18,15,314,2,1.0441453661342417,0.09378257518651895,218.6815852759358,-124.72068228250959,1.0481724467524276,-217.343422464601,-125.11062430354603,1.0441453661342417,-0.35414257658024517,252.8717728666925,1.0528538171347492,summer,2020-06-21,POOL_TOU
18,16,320,3,1.0527341255699558,0.09305477196825032,218.68023151904404,-124.72246493481093,1.0481712277557726,-217.36611482862463,-125.10523510837814,1.0442160582462012,-0.36529298277221256,252.84300972872632,1.0527341255699558,summer,2020-06-21,POOL_TOU
18,17,327,3,1.052769270295378,0.09316918660572247,218.68025113574427,-124.72234581357654,1.0481710529859198,-217.36609521192548,-125.1051159871435,1.0442157400526482,-0.36454877392809976,252.85145179133437,1.052769270295378,summer,2020-06-21,POOL_TOU
18,18,337,3,1.0541356810769846,0.09416529804738376,218.6141497838282,-124.26169632836856,1.0469828969951995,-217.27793926520891,-124.86490671658846,1.0433989513635078,-0.5204321764697324,253.17936110437412,1.0541356810769846,summer,2020-06-21,POOL_TOU
18,19,342,3,1.0540082142249878,0.09994257148806844,218.66937395533967,-124.40374052249528,1.047475119670724,-217.28821895299183,-124.92018981444538,1.0435507633612824,-0.4652525565636391,253.1488537691812,1.0540082142249878,summer,2020-06-21,POOL_TOU
18,20,349,1,1.0468052051614005,0.08974138900780991,218.58090565841164,-124.23381813475471,1.0468052051614005,-217.2836476576207,-124.86795748796597,1.0434258872984947,-0.49464217597929055,253.24515907598914,1.0544094206575187,summer,2020-06-21,POOL_TOU
18,21,387,1,1.0476322935149458,0.10038898345811546,218.6869394749183,-124.44920176360746,1.0476322935149458,-217.29753345189968,-124.9431700445728,1.0436320746504835,-0.44386882329294924,253.1418012740076,1.0539786907467206,summer,2020-06-21,POOL_TOU
18,22,388,1,1.04669955191045,0.0868881097739733,218.5640779493598,-124.21207088212579,1.04669955191045,-217.2838633922741,-124.86763054037169,1.0434259878197332,-0.4948579106330633,253.24548602358465,1.054410783683404,summer,2020-06-21,POOL_TOU
18,23,406,2,1.0433533841124385,0.09427345903392464,218.60934860347135,-124.23181491030154,1.0469040428007552,-217.26977535327057,-124.85714789544565,1.0433533841124385,-0.508499638913018,253.2566045377846,1.0544571889717098,summer,2020-06-21,POOL_TOU
18,24,458,3,1.0550420048630604,0.11428525707534862,218.68532843896497,-124.30583580209225,1.0473313582575474,-217.2533753140028,-124.85452201323248,1.0432887334711105,-0.5001734992392898,253.3970811349985,1.0550420048630604,summer,2020-06-21,POOL_TOU
18,25,502,1,1.046291665566213,0.08845931134692218,218.56810162655296,-124.00658675520295,1.046291665566213,-217.2319450915686,-124.74700692906647,1.0429883780899114,-0.5342978943121776,253.3995807214179,1.0550527020906413,summer,2020-06-21,POOL_TOU
18,26,522,2,1.042446976514066,0.1305550721067436,218.78562187528306,-124.1039893138904,1.0472795062941096,-217.11030055933705,-124.69771854653455,1.042446976514066,-0.5120388579663349,253.62034119545345,1.0559716635797651,summer,2020-06-21,POOL_TOU
18,27,539,3,1.0546222669378076,0.10990462899266926,218.70458134151636,-124.26948799464596,1.0473262756001651,-217.2305486696862,-124.82969787984105,1.0431548320063773,-0.5162822202219259,253.2962369225665,1.0546222669378076,summer,2020-06-21,POOL_TOU
18,28,556,3,1.0544525289653917,0.10895214889225086,218.7044273972346,-124.27005900146706,1.0473268928366792,-217.2307026139677,-124.83026888666214,1.0431565722732619,-0.5240434039227377,253.2554536192793,1.0544525289653917,summer,2020-06-21,POOL_TOU
18,29,562,1,1.0457899058426543,0.08485414716960406,218.4798331686188,-123.91794675032845,1.0457899058426543,-217.2291725821889,-124.72077252952457,1.0429239768006242,-0.5519501582282075,253.43784219709852,1.0552121640969558,summer,2020-06-21,POOL_TOU
18,30,563,1,1.0462886378159224,0.0885901914374348,218.56673655488518,-124.00751910957112,1.0462886378159224,-217.2319654812444,-124.74701871044982,1.0429884761364216,-0.5343182839888857,253.39956894003265,1.0550526532169713,summer,2020-06-21,POOL_TOU
18,31,611,1,1.0457176953494929,0.08329979806518063,218.46819633002744,-123.90330937512365,1.0457176953494929,-217.22932219898144,-124.7205521387836,1.0429240601408127,-0.5520997750207676,253.43806258783886,1.0552130830669226,summer,2020-06-21,POOL_TOU
18,32,614,3,1.0563647381448167,0.13375262978213748,218.80828402892416,-124.05401254777824,1.0472589366139116,-217.11132975349375,-124.66562286586138,1.0423841432753327,-0.5244172934353476,253.71472385373727,1.0563647381448167,summer,2020-06-21,POOL_TOU
18,33,619,3,1.055404092693094,0.09667484814563704,218.52621871558134,-123.95561247736302,1.0460352666074881,-217.21261299075894,-124.7151837107324,1.0428525977912269,-0.5692238994719717,253.4839010761041,1.055404092693094,summer,2020-06-21,POOL_TOU
18,34,629,1,1.0464794361353786,0.08725169964662301,218.59981062884356,-124.04208751986224,1.0464794361353786,-217.23811044529438,-124.77075243981321,1.0430598754257454,-0.5231982096395852,253.3656687364715,1.0549114105731205,summer,2020-06-21,POOL_TOU
18,35,639,2,1.042843618837581,0.09380823977600845,218.52765752477285,-123.95793109197784,1.0460452403359242,-217.2030533993632,-124.72750133674482,1.042843618837581,-0.5547193679328286,253.45692725138866,1.0552916513002613,summer,2020-06-21,POOL_TOU
18,36,676,2,1.0427419538384604,0.09629417406759623,218.52800600630897,-123.95925159078074,1.0460492150424865,-217.18236164607126,-124.71450077453284,1.0427419538384604,-0.5512951068624642,253.45078722442122,1.0552660557375908,summer,2020-06-21,POOL_TOU
18,37,682,2,1.0427654890648557,0.0955830951627258,218.52793972219501,-123.95929963264477,1.0460490736858576,-217.18674787301322,-124.71821368513146,1.0427654890648557,-0.551361390976505,253.45073918255724,1.055265856312077,summer,2020-06-21,POOL_TOU
18,38,688,2,1.0418839189950926,0.14645220490571795,218.83976124242412,-123.99563538560427,1.0472531058056187,-217.01138309429325,-124.59841020176482,1.0418839189950926,-0.5190319394027179,253.78890185867579,1.0566735377209302,summer,2020-06-21,POOL_TOU
18,39,701,3,1.058224751998779,0.1719956385269529,218.89615757834196,-123.93778837357357,1.0473387197386286,-217.03945655813854,-124.5666866044279,1.041919532330908,-0.5713287479006733,254.16135755522507,1.058224751998779,summer,2020-06-21,POOL_TOU
18,40,702,2,1.0416376066072373,0.15118500285102524,218.95945845963578,-123.9467689742235,1.0475864952941196,-216.9572717510169,-124.57384357198826,1.0416376066072373,-0.4939844062084062,253.88621065806706,1.0570784821469807,summer,2020-06-21,POOL_TOU
18,41,755,2,1.0417864174058311,0.14284402753696157,219.06179934091895,-123.96633172194598,1.0479974442595916,-216.96229874428724,-124.63685538847957,1.0417864174058311,-0.4604227401091576,253.85547149180374,1.0569502346184054,summer,2020-06-21,POOL_TOU
18,42,778,3,1.0581539955779249,0.17151223231611373,218.89599068674224,-123.93801889803787,1.0473385879658086,-217.03962344974252,-124.56691712889112,1.0419206127632434,-0.5817939909637981,254.14433965517605,1.0581539955779249,summer,2020-06-21,POOL_TOU
18,43,780,3,1.0568847054809394,0.14766745015561372,219.08180449980281,-123.96675563782685,1.0480708051018273,-216.92738696261424,-124.62423168463543,1.041634195472129,-0.46870875283557184,253.83971766293263,1.0568847054809394,summer,2020-06-21,POOL_TOU
18,44,785,2,1.0428047368498152,0.11936414232364072,218.7918494745893,-124.08659987978471,1.0472663397943698,-217.18641400707813,-124.73772333646376,1.0428047368498152,-0.5167509186011514,253.64865398160222,1.0560895857806796,summer,2020-06-21,POOL_TOU
18,45,813,2,1.0417617434322055,0.14362046921529198,219.06188701341227,-123.9663193728114,1.047997736627255,-216.95622687321642,-124.63552803828706,1.0417617434322055,-0.4603350676162675,253.8554838409383,1.0569502853729744,summer,2020-06-21,POOL_TOU
18,46,817,1,1.0466097497647158,0.12750774014757493,218.73223663274368,-123.87194791326544,1.0466097497647158,-217.07100882078615,-124.60230025481626,1.0421072831305063,-0.5244976258244574,253.8165495221962,1.05678869762124,summer,2020-06-21,POOL_TOU
18,47,835,3,1.0568639947575176,0.14744568843673939,219.08178786579376,-123.96682546504931,1.0480708880027152,-216.92740359662332,-124.62430151185838,1.0416344003506266,-0.4695044457063127,253.8347419297847,1.0568639947575176,summer,2020-06-21,POOL_TOU
18,48,860,1,1.0466057440291072,0.12743952531344097,218.73151662633776,-123.8712669372327,1.0466057440291072,-217.0710183187658,-124.60228981016702,1.0421072957782243,-0.5245071238054213,253.81655996684424,1.0567887411900325,summer,2020-06-21,POOL_TOU
18,49,861,1,1.0466260849973754,0.12778689448251532,218.73517277808628,-123.8747249242184,1.0466260849973754,-217.07097008858813,-124.60234284791451,1.0421072315548014,-0.5244588936276748,253.8165069290968,1.0567885199484537,summer,2020-06-21,POOL_TOU
18,50,886,2,1.0414395412000235,0.1496699411146105,219.11738397661284,-123.96556370569114,1.048197292721997,-216.86589240849668,-124.63741350154588,1.0414395412000235,-0.43164959154075294,253.8435086387162,1.0569002158576748,summer,2020-06-21,POOL_TOU
18,51,896,1,1.048621306248661,0.15110166008032627,219.2213880284418,-123.98854310329855,1.048621306248661,-216.955293046886,-124.60011476816409,1.0416849326847384,-0.4573952300459413,253.86917487716042,1.0570072669300536,summer,2020-06-21,POOL_TOU
18,52,898,1,1.0482519359098117,0.14698300571009992,219.1354678165812,-123.96025141175643,1.0482519359098117,-216.89785584201883,-124.62679227061489,1.0415328948110416,-0.4383194504535451,253.84565683819403,1.0569092076399091,summer,2020-06-21,POOL_TOU
18,53,899,2,1.0413835471111375,0.1514558919239327,219.1173839766128,-123.96556370569112,1.0481972927219967,-216.852173064397,-124.63429533911383,1.0413835471111375,-0.43164959154074584,253.8435086387162,1.0569002158576748,summer,2020-06-21,POOL_TOU
18,54,900,1,1.0485038236720516,0.14799236565194834,219.2010373961261,-123.96720829384486,1.0485038236720516,-216.95555926621248,-124.59978990462842,1.0416852202493994,-0.4576614493723461,253.8694997406961,1.057008621521995,summer,2020-06-21,POOL_TOU
18,55,906,1,1.0482140329684606,0.14623124673469234,219.12808962373873,-123.95480514314893,1.0482140329684606,-216.89744189910206,-124.6268123837407,1.0415314421650876,-0.4379055075366296,253.84563672506818,1.0569091209227894,summer,2020-06-21,POOL_TOU
19,1,34,1,1.0463887598637407,0.13756371435021322,217.5007484996355,-125.91582084316181,1.0463887598637407,-218.19533022948266,-126.28645357057607,1.0496647163319681,-0.47125516702751225,252.2434211614558,1.0502384225876198,summer,2020-06-21,POOL_TOU
19,2,47,2,1.0508272466078485,0.15765629455728045,217.3005418860696,-125.72137145496242,1.045261762146057,-218.44020448135143,-126.42075990369601,1.0508272466078485,-0.6329241829681808,252.35232417756853,1.050693321252144,summer,2020-06-21,POOL_TOU
19,3,70,1,1.0463676395143218,0.13785704014321093,217.49708242032426,-125.912028806032,1.0463676395143218,-218.19537824276364,-126.28639577704602,1.0496647688129408,-0.4713031803055556,252.2434789549906,1.050238663588914,summer,2020-06-21,POOL_TOU
19,4,73,1,1.0435449011871472,0.1895764564255236,217.04544369416558,-125.33871514941916,1.0435449011871472,-218.39396873826232,-126.2650356486837,1.0503359630705877,-0.8426566584567894,252.58406355006582,1.0516607351804677,summer,2020-06-21,POOL_TOU
19,5,74,1,1.0435265786337333,0.19006143064978015,217.0415928793054,-125.33658360334992,1.0435265786337333,-218.39402115483102,-126.26500124431867,1.0503360803096573,-0.8427090750255436,252.5840979544308,1.0516608791532238,summer,2020-06-21,POOL_TOU
19,6,83,2,1.050302321934226,0.15918661214251056,217.30215260603998,-125.7205768761239,1.0452659102614303,-218.3316494596802,-126.35663478355958,1.050302321934226,-0.6313134629976536,252.3531187564069,1.0506966127385027,summer,2020-06-21,POOL_TOU
19,7,178,2,1.050317913350612,0.2142527572802864,216.86252499820242,-125.11733901969038,1.042424523482296,-218.41345307851302,-126.22266481688519,1.050317913350612,-0.9686587538893341,252.71669260512735,1.0522148243402527,summer,2020-06-21,POOL_TOU
19,8,208,3,1.0517397269864222,0.19827207829176707,216.86891199107615,-125.12064703775701,1.0424544405271288,-218.40953283042748,-126.21474004432385,1.0502872717929035,-0.9888705762519618,252.60250565592258,1.0517397269864222,summer,2020-06-21,POOL_TOU
19,9,225,1,1.0424363700082242,0.21280252327781832,216.87104693165963,-125.10826114921602,1.0424363700082242,-218.38704466132594,-126.19826564199772,1.050171883442399,-0.9485029800562663,252.71107527441322,1.0521911179625394,summer,2020-06-21,POOL_TOU
19,10,248,2,1.0494363799222297,0.21968150261063754,216.88755744878813,-125.1146356412071,1.0425091775746118,-218.21048169474722,-126.15073332320462,1.0494363799222297,-0.940198751394975,252.71256998750314,1.052197212079463,summer,2020-06-21,POOL_TOU
19,11,249,2,1.0491902168564542,0.22275800336078733,216.88840524031983,-125.11445492448017,1.0425118591846518,-218.15209047184766,-126.13360681303294,1.0491902168564542,-0.9393509598632978,252.71275070423007,1.052197951376936,summer,2020-06-21,POOL_TOU
19,12,264,3,1.0518852913842909,0.20262560787369485,216.869032099299,-125.12015632174683,1.0424538526624874,-218.40941272220758,-126.21424932831475,1.0502858165382605,-0.983053981236483,252.6374899480909,1.0518852913842909,summer,2020-06-21,POOL_TOU
19,13,276,2,1.0521494864690824,0.2413474616047817,216.6885595497956,-124.9743038589476,1.0414995331122725,-218.8057600618203,-126.42299220526833,1.0521494864690824,-1.1151681036497911,252.82562072329756,1.052670866195101,summer,2020-06-21,POOL_TOU
19,14,289,1,1.0416023229936247,0.2291914780392568,216.72398878645524,-124.96228565557001,1.0416023229936247,-218.5602368237871,-126.22580721833279,1.050853641866805,-1.0982875189161045,252.84350786241913,1.0527450324333258,summer,2020-06-21,POOL_TOU
19,15,314,2,1.051713449653806,0.23822158918552402,216.68986101374898,-124.97356796835948,1.041502696363672,-218.7185430873731,-126.36460813443715,1.051713449653806,-1.1138666396961503,252.82635661388534,1.052673906220436,summer,2020-06-21,POOL_TOU
19,16,320,3,1.0525090676643285,0.22833843650449115,216.69067856847852,-124.97538170385613,1.0415094178903512,-218.58412364194928,-126.26284610858583,1.0510168943236562,-1.1227310302644637,252.78672646733028,1.0525090676643285,summer,2020-06-21,POOL_TOU
19,17,327,3,1.0525214300347616,0.22865469592010354,216.6906802074156,-124.9753394172933,1.0415093358389003,-218.58412200301316,-126.26280382202279,1.0510168003498792,-1.1228395777789912,252.78969518033796,1.0525214300347616,summer,2020-06-21,POOL_TOU
19,18,337,3,1.0542994777911117,0.2720141434284158,216.37860810072496,-124.39750597154953,1.039182788524498,-218.60359940994493,-125.97435706648983,1.0504868666758258,-1.31954837282283,253.21579815424087,1.0542994777911117,summer,2020-06-21,POOL_TOU
19,19,342,3,1.0550594320883089,0.2901633934027663,216.42173857494055,-124.5331398340519,1.0396200122484442,-218.63007259403804,-126.01983851835183,1.0506769229928796,-1.314208355391038,253.39835246646112,1.0550594320883089,summer,2020-06-21,POOL_TOU
19,20,349,1,1.038917306856934,0.2840594641989052,216.31686795983282,-124.37696458203133,1.038917306856934,-218.63038200058108,-125.98372453765596,1.0506029576729756,-1.3208937576029731,253.25413349442476,1.0544591172217224,summer,2020-06-21,POOL_TOU
19,21,387,1,1.0398996377758818,0.2650188376906343,216.465595182518,-124.59157758724552,1.0398996377758818,-218.62010053209997,-126.04719238328435,1.050697833346001,-1.2674322614441325,253.16726328354056,1.0540962929035242,summer,2020-06-21,POOL_TOU
19,22,388,1,1.0390527298786845,0.280567849398944,216.34181219485606,-124.39883407410089,1.0390527298786845,-218.63005110249438,-125.98406191814111,1.0506024653023018,-1.3205628595165404,253.25379611394084,1.0544577053441793,summer,2020-06-21,POOL_TOU
19,23,406,2,1.0503699670264532,0.27730003211621695,216.38888272817374,-124.36994493764199,1.039162688746606,-218.5780066617661,-125.9625357362042,1.0503699670264532,-1.3024852971058218,253.26184807905355,1.054490840149416,summer,2020-06-21,POOL_TOU
19,24,458,3,1.0546513071492731,0.2834201749587511,216.31921920112453,-124.43061297488579,1.0390371505095897,-218.6643008971583,-125.98889018075293,1.0507360596969209,-1.3685205829291298,253.3000410203302,1.0546513071492731,summer,2020-06-21,POOL_TOU
19,25,502,1,1.039307403331057,0.26846777735401,216.53435719819603,-124.18637124974371,1.039307403331057,-218.46683724419697,-125.86450775783365,1.0497651470945695,-1.2481772823576611,253.35116562516802,1.0548615780909796,summer,2020-06-21,POOL_TOU
19,26,522,2,1.0506671805867465,0.3179832097197237,216.0679382943895,-124.16891786928598,1.0375870560439906,-218.70725790025344,-125.88114529886808,1.0506671805867465,-1.5051132757177041,253.5216459344411,1.055577187399905,summer,2020-06-21,POOL_TOU
19,27,539,3,1.0544602370476441,0.2803261748058955,216.26152385255332,-124.38098377602269,1.038725893036157,-218.6867433787667,-125.97593937568737,1.0507901077434898,-1.4120388089902196,253.2539106701361,1.0544602370476441,summer,2020-06-21,POOL_TOU
19,28,556,3,1.0542576919894895,0.27432687908830056,216.26132452564045,-124.38166453454258,1.0387265867516262,-218.6869427056794,-125.9766201342072,1.0507922416886952,-1.4223972879020441,253.2052051276439,1.0542576919894895,summer,2020-06-21,POOL_TOU
19,29,562,1,1.0378320437448922,0.30459345805352506,216.25472488176882,-123.96168086104787,1.0378320437448922,-218.4797916130398,-125.81309988567111,1.049705053590223,-1.2811969271519834,253.40014685978196,1.055066199221669,summer,2020-06-21,POOL_TOU
19,30,563,1,1.039528374180849,0.26204531310680734,216.5814199266486,-124.21098844430729,1.039528374180849,-218.466195099251,-125.864907868117,1.0497636620659834,-1.247535137412535,253.35076551488288,1.0548598990500124,summer,2020-06-21,POOL_TOU
19,31,611,1,1.0375406303334567,0.3123194487992046,216.20326896934168,-123.9107067499198,1.0375406303334567,-218.48046792245566,-125.81232067103039,1.049705874778004,-1.281873236568056,253.40092607442193,1.0550694577461932,summer,2020-06-21,POOL_TOU
19,32,614,3,1.0558077198772335,0.32409790525599225,216.00354230809512,-124.10795823108997,1.0372281302540676,-218.78970806763263,-125.87507610862693,1.0509521182922705,-1.5510172210943305,253.5767390537587,1.0558077198772335,summer,2020-06-21,POOL_TOU
19,33,619,3,1.055050006934031,0.29040046047487766,216.36467707425726,-124.06072861792416,1.0384343101286306,-218.4514385397473,-125.81559247963358,1.0496079340456608,-1.2733484864258497,253.39629734443304,1.055050006934031,summer,2020-06-21,POOL_TOU
19,34,629,1,1.0391060801237268,0.27597588030615117,216.4604345398625,-124.21805621858478,1.0391060801237268,-218.49492428307127,-125.8905701213524,1.0499206468236861,-1.259303165542664,253.32715449572132,1.0547618362146611,summer,2020-06-21,POOL_TOU
19,35,639,2,1.0496066851709194,0.2920660082451706,216.36550024509935,-124.06214641678015,1.0384402197151554,-218.4450700367013,-125.82604840270564,1.0496066851709194,-1.2696395406891468,253.3953303635936,1.0550459033923765,summer,2020-06-21,POOL_TOU
19,36,676,2,1.0494365669616188,0.29179683081308394,216.3653030238187,-124.05958570695529,1.0384342040203445,-218.41021850692366,-125.80469362005324,1.0494365669616188,-1.2692548415314544,253.3980308218471,1.0550571388110699,summer,2020-06-21,POOL_TOU
19,37,682,2,1.049424595187501,0.2920536714563967,216.36535361703278,-124.05959647024834,1.0384344090522153,-218.4066201517628,-125.8051799183905,1.049424595187501,-1.2692042483175217,253.39802005855404,1.055057092942667,summer,2020-06-21,POOL_TOU
19,38,688,2,1.0508853325156762,0.33522440108255364,215.93017753504986,-124.0348130774073,1.0368115600064003,-218.79185074663363,-125.83918203047176,1.0508853325156762,-1.5905378885912729,253.65013277811104,1.056114314048514,summer,2020-06-21,POOL_TOU
19,39,701,3,1.0572948392241708,0.3647000066401185,215.85803825984317,-123.9637274816058,1.0364036970134014,-218.88269760823533,-125.83322523372351,1.0512008721974726,-1.6700157369862418,253.93316392644917,1.0572948392241708,summer,2020-06-21,POOL_TOU
19,40,702,2,1.0510515881915459,0.3515226031607342,215.80864007549405,-123.94452561961283,1.036185528006313,-218.8391387703834,-125.83705211545573,1.0510515881915459,-1.6739285187881765,253.72820625536224,1.0564416066306725,summer,2020-06-21,POOL_TOU
19,41,755,2,1.0537344987375137,0.3713043295706121,215.64779329447552,-123.94944082185273,1.0356150443690122,-219.38945249775674,-126.17268654345486,1.0537344987375137,-1.8095479564594596,253.67267080444583,1.0562142620990371,summer,2020-06-21,POOL_TOU
19,42,778,3,1.0569356803570849,0.3558615078651741,215.8580657789608,-123.96496110643236,1.0364063542808486,-218.88267008912197,-125.83445885854896,1.0512033327992738,-1.6615758599288193,253.8469554896269,1.0569356803570849,summer,2020-06-21,POOL_TOU
19,43,780,3,1.0561314493397733,0.35722300185277606,215.65293189825638,-123.94328996635748,1.035620832212715,-219.1563990218877,-126.01208258200089,1.0525599818033113,-1.8187790025559485,253.65271449745825,1.0561314493397733,summer,2020-06-21,POOL_TOU
19,44,785,2,1.0509554144189976,0.3211733420487304,216.0427417446289,-124.14628247988425,1.037449140203624,-218.77496122900482,-125.9022920115817,1.0509554144189976,-1.5212883899181167,253.54319044032405,1.0556672901032107,summer,2020-06-21,POOL_TOU
19,45,813,2,1.0532849800310604,0.36729247817891336,215.64914868190658,-123.94871027160032,1.0356184212780914,-219.29843268293774,-126.11439158013968,1.0532849800310604,-1.8081925690286837,253.673401354698,1.056217263489288,summer,2020-06-21,POOL_TOU
19,46,817,1,1.0358134844784737,0.3594807023005532,215.75116797289817,-123.86516849881116,1.0358134844784737,-218.84584550536172,-125.84123275690328,1.051084472360306,-1.6080400576481413,253.67285688537754,1.056209385323802,summer,2020-06-21,POOL_TOU
19,47,835,3,1.0561283635056953,0.35713100412481913,215.65292806598632,-123.94330028730155,1.0356208397917328,-219.15640285415788,-126.0120929029455,1.0525600170557223,-1.818992766851089,253.65197179697773,1.0561283635056953,summer,2020-06-21,POOL_TOU
19,48,860,1,1.0358837651849029,0.35764342163131624,215.7637301325851,-123.87719004193777,1.0358837651849029,-218.84567994173167,-125.84141698146065,1.0510842571306613,-1.6078744940193541,253.67267266081896,1.0562086139354232,summer,2020-06-21,POOL_TOU
19,49,861,1,1.035928027091865,0.35648899838285897,215.77164136127013,-123.88476144293487,1.035928027091865,-218.8455756759668,-125.84153300894972,1.0510841216078817,-1.607770228254454,253.67255663332995,1.0562081281034974,summer,2020-06-21,POOL_TOU
19,50,886,2,1.0524758526426956,0.3610397958730374,215.66223971960005,-123.93402160365848,1.0356352042582124,-219.13014459369145,-126.01720573409604,1.0524758526426956,-1.8016766621421634,253.66777199820322,1.0561936327567998,summer,2020-06-21,POOL_TOU
19,51,896,1,1.035052089748164,0.3746994429189526,215.59131334890574,-123.77631813477154,1.035052089748164,-219.03201716378533,-125.89881281119278,1.051875962544193,-1.7418632353528962,253.72572960117967,1.0564331990067881,summer,2020-06-21,POOL_TOU
19,52,898,1,1.0356057043569467,0.3597007113647915,215.6622290963845,-123.9198193920165,1.0356057043569467,-219.14621990866615,-126.01032618538396,1.052519595624042,-1.8041833097428397,253.66918456652763,1.0561995881304205,summer,2020-06-21,POOL_TOU
19,53,899,2,1.0524857238213141,0.36100365406691143,215.66223971959997,-123.93402160365848,1.0356352042582122,-219.13253090926477,-126.01781191519949,1.0524857238213141,-1.8016766621421672,253.66777199820325,1.0561936327567998,summer,2020-06-21,POOL_TOU
19,54,900,1,1.0352563505646821,0.3688890517022973,215.6312969558398,-123.80520682209355,1.0352563505646821,-219.03148015373736,-125.89926601262681,1.0518749644091603,-1.7413262253048627,253.72527639974578,1.0564312967621852,summer,2020-06-21,POOL_TOU
19,55,906,1,1.0356125528288087,0.3594393800741814,215.66428605840466,-123.91954108969823,1.0356125528288087,-219.14617699627968,-126.01013730028944,1.052519048715036,-1.8041403973561168,253.66937345162205,1.056200373278715,summer,2020-06-21,POOL_TOU
20,1,34,1,1.0472424694017175,0.07986301936199193,217.89479968255458,-125.64366222965853,1.0472424694017175,-218.0140285508952,-126.2097746629886,1.0488514681563421,-0.12515775989877428,252.0098927264622,1.0492644039488832,summer,2020-06-21,POOL_TOU
20,2,47,2,1.049171801457878,0.09463919804124109,217.89309353316227,-125.49496422475411,1.046927184421097,-218.04275681829867,-126.31369069642614,1.049171801457878,-0.18970157644780697,252.02485603698796,1.0493268728034792,summer,2020-06-21,POOL_TOU
20,3,70,1,1.047225418373685,0.08034070782467727,217.89182354226435,-125.64062525340486,1.047225418373685,-218.01406757267796,-126.2097283342583,1.0488515121234838,-0.12519678167854645,252.00993905519724,1.0492645969231258,summer,2020-06-21,POOL_TOU
20,4,73,1,1.0460262396904783,0.11574561305155678,217.86307843876187,-125.11311603579887,1.0460262396904783,-217.87723020501605,-126.26847729971789,1.0484811086712993,-0.24392540297161563,252.09646502287654,1.0496252168910931,summer,2020-06-21,POOL_TOU
20,5,74,1,1.0461443792949632,0.1120230372977191,217.8839480561268,-125.13375208562815,1.0461443792949632,-217.87695586487143,-126.26879279351488,1.0484807790613149,-0.24365106282709356,252.0961495290795,1.049623902202291,summer,2020-06-21,POOL_TOU
20,6,83,2,1.0495154500501411,0.1010732273441844,217.89210146851482,-125.49561366720862,1.046924954639807,-218.1087722874417,-126.36438976958954,1.0495154500501411,-0.19069364109502596,252.02420659453318,1.0493241719134825,summer,2020-06-21,POOL_TOU
20,7,178,2,1.0480834881164385,0.10327319987520352,218.0312545741406,-125.07290002815483,1.0465501816525749,-217.74526698201154,-126.30568423401816,1.0480834881164385,-0.2503994982227135,252.09623772586374,1.0496242969492833,summer,2020-06-21,POOL_TOU
20,8,208,3,1.0492699054322865,0.09784881147619989,218.02799567427616,-125.08048733174593,1.0465541315503206,-217.76264441302393,-126.32137270604784,1.0481788486746624,-0.26955075263193073,252.01110098369435,1.0492699054322865,summer,2020-06-21,POOL_TOU
20,9,225,1,1.046467234436961,0.10796397080135749,218.01100904816573,-125.0681553298711,1.046467234436961,-217.75827595506095,-126.32907151995556,1.0481792005661148,-0.25080483756589417,252.0807932502067,1.0495599942921012,summer,2020-06-21,POOL_TOU
20,10,248,2,1.0482565853653663,0.11419914215309364,218.02698980034498,-125.08639483715173,1.0465627387013015,-217.73826971418296,-126.40057508581344,1.0482565853653663,-0.25016416860212093,252.07719307016902,1.0495450019980757,summer,2020-06-21,POOL_TOU
20,11,249,2,1.0483557828926147,0.11801944221173917,218.02680871288607,-125.08679975905402,1.0465629236958436,-217.74880784866048,-126.42987576075753,1.0483557828926147,-0.25034525606099944,252.07678814826673,1.0495433168212074,summer,2020-06-21,POOL_TOU
20,12,264,3,1.049300309139856,0.09836750027785782,218.02801807997676,-125.08038468759281,1.046553999802811,-217.76262200732626,-126.32127006189586,1.0481785535385497,-0.26852431476734,252.01840437654573,1.049300309139856,summer,2020-06-21,POOL_TOU
20,13,276,2,1.0481811638484981,0.10992996976024397,218.08974678136818,-124.9679964206897,1.0465442142266694,-217.75660808478787,-126.3328861052486,1.0481811638484981,-0.257399467004884,252.14217439316064,1.0498155873609254,summer,2020-06-21,POOL_TOU
20,14,289,1,1.0461727547633086,0.11523504432326764,218.02914934071606,-124.89429760867671,1.0461727547633086,-217.70893033789335,-126.27764324007086,1.047894040020017,-0.2559530085277557,252.15598982939036,1.0498731029252537,summer,2020-06-21,POOL_TOU
20,15,314,2,1.0480387187908788,0.10717569839599174,218.0901747501047,-124.96776194969813,1.0465452749197757,-217.7278882800454,-126.31421346091922,1.0480387187908788,-0.256971498268027,252.14240886415203,1.0498165617824857,summer,2020-06-21,POOL_TOU
20,16,320,3,1.0495856880276473,0.09970538607808803,218.0888954010688,-124.97214547366734,1.046549727366116,-217.7136782993907,-126.2943525188374,1.0479460475096871,-0.2686860022755019,252.0869458914778,1.0495856880276473,summer,2020-06-21,POOL_TOU
20,17,327,3,1.0495670118743141,0.0992908919190368,218.08886917944636,-124.97220759880265,1.046549761244693,-217.713704521014,-126.29441464397247,1.0479462717381423,-0.2701934951898566,252.08245868186137,1.0495670118743141,summer,2020-06-21,POOL_TOU
20,18,337,3,1.05027050065461,0.07300954421670618,218.6551610850042,-124.70797597849747,1.0480506685173345,-217.26794680829633,-126.18395128473468,1.0461102391232708,-0.0624356856129528,252.2515580835028,1.05027050065461,summer,2020-06-21,POOL_TOU
20,19,342,3,1.0503904210516897,0.09572645288996205,218.2996361883401,-124.7260383191797,1.04680240570157,-217.50227611838173,-126.18893617861353,1.0469644523507318,-0.2211348222750459,252.2802710997229,1.0503904210516897,summer,2020-06-21,POOL_TOU
20,20,349,1,1.0471124778317988,0.09412554021888156,218.42938090246642,-124.64900481348438,1.0471124778317988,-217.39047420598047,-126.17001503674952,1.0465222925158222,-0.1505783051633413,252.31543077710083,1.0505365948634995,summer,2020-06-21,POOL_TOU
20,21,387,1,1.0477922922985587,0.06794636131437015,218.4978782189569,-124.85831340283919,1.0477922922985587,-217.51580571011974,-126.2064955485322,1.0470498666026269,-0.20844435212587964,252.27712139764697,1.0503772620222995,summer,2020-06-21,POOL_TOU
20,22,388,1,1.0472354430758828,0.09028204276442083,218.45481347145792,-124.66402501536366,1.0472354430758828,-217.39012903245398,-126.17025564700802,1.0465215524079294,-0.15023313163739482,252.3151901668436,1.0505355922060455,summer,2020-06-21,POOL_TOU
20,23,406,2,1.0457935348524305,0.06671394063081833,218.7835655871121,-124.71854026997482,1.0485368845980918,-217.1793365895909,-126.18505711899132,1.0457935348524305,0.007035121741317206,252.27138860480343,1.0503530349263863,summer,2020-06-21,POOL_TOU
20,24,458,3,1.0501428507545123,0.09088262384617916,218.2306183916506,-124.61057209834536,1.0463144376143083,-217.5016657269184,-126.13719905463799,1.046854170336141,-0.314609820840949,252.22071093375357,1.0501428507545123,summer,2020-06-21,POOL_TOU
20,25,502,1,1.054081936342664,0.06500405590682644,220.1552926562447,-125.00068313114893,1.054081936342664,-216.59262955985804,-126.2404440623797,1.0437981939824452,0.4950615747274511,252.17114938877583,1.0499377034531379,summer,2020-06-21,POOL_TOU
20,26,522,2,1.04661950514205,0.1430607581638619,217.92211026452824,-124.29568831529832,1.044549000229672,-217.52650353353522,-125.981939305149,1.04661950514205,-0.4217364106081163,252.64852835319948,1.0519247529724696,summer,2020-06-21,POOL_TOU
20,27,539,3,1.0520433334239288,0.12781849594883107,218.16175555985288,-124.52397645732083,1.0458866849271562,-217.51643856059064,-126.08786923109051,1.0468043599598367,-0.3411840316408892,252.67713038229354,1.0520433334239288,summer,2020-06-21,POOL_TOU
20,28,556,3,1.0515972944031031,0.1186789510714618,218.16166619080212,-124.5255000923253,1.0458895065178015,-217.51652792964134,-126.0893928660949,1.0468078633304438,-0.3393950723667745,252.57000406339313,1.0515972944031031,summer,2020-06-21,POOL_TOU
20,29,562,1,1.05297099715491,0.041636858962185726,219.96187241022585,-124.80091378922572,1.05297099715491,-216.52290581822638,-126.20761798219073,1.043478562452505,0.5306128173957496,252.1893626816281,1.0500138368809053,summer,2020-06-21,POOL_TOU
20,30,563,1,1.0540090864916503,0.06301446677789199,220.1393503327914,-124.99332433670342,1.0540090864916503,-216.59284813428613,-126.24032244998739,1.0437987252604677,0.49484300029860484,252.17127100116642,1.0499382080093118,summer,2020-06-21,POOL_TOU
20,31,611,1,1.0523010120043743,0.039244067935721015,219.82722111768513,-124.71215270809424,1.0523010120043743,-216.52472342232335,-126.20621286746551,1.0434821545236264,0.528795213298723,252.19076779635265,1.0500196712853445,summer,2020-06-21,POOL_TOU
20,32,614,3,1.0528389606487618,0.1654409562428506,217.837888417103,-124.22825156291097,1.044105291185451,-217.60559451907847,-125.97136085015094,1.0468824117719877,-0.48992588718914876,252.86797804543812,1.0528389606487618,summer,2020-06-21,POOL_TOU
20,33,619,3,1.0499664042375956,0.028838349991717353,219.87944947881348,-124.80401299468045,1.052678901487936,-216.47095930741403,-126.19687961730689,1.0432691918475583,0.5476538733983193,252.17793396045164,1.0499664042375956,summer,2020-06-21,POOL_TOU
20,34,629,1,1.0508268591101702,0.04390140720842703,219.42404441748286,-124.70514512971864,1.0508268591101702,-216.7687347979807,-126.2077723155065,1.0443632892659935,0.3478423123793208,252.21617330872564,1.05012413969881,summer,2020-06-21,POOL_TOU
20,35,639,2,1.043139808832429,0.024640018516267882,219.88382810365593,-124.80326243947799,1.05269321377583,-216.43866178324893,-126.1905797419229,1.043139808832429,0.555089920914635,252.18639429200115,1.0500016971439041,summer,2020-06-21,POOL_TOU
20,36,676,2,1.0430523098383524,0.02178557216743291,219.87790320507838,-124.80283222292356,1.052670875702966,-216.41952328061348,-126.18168174895465,1.0430523098383524,0.5496620712473155,252.188449606839,1.050010205098648,summer,2020-06-21,POOL_TOU
20,37,682,2,1.042993047402436,0.02030675461694276,219.87811204890244,-124.80279805289649,1.052671561689741,-216.40508463068815,-126.17818715166399,1.042993047402436,0.5498709150711775,252.18848377686612,1.0500103492636519,summer,2020-06-21,POOL_TOU
20,38,688,2,1.0478546313571424,0.17693845249779366,217.73304705099656,-124.17832530934837,1.0436231253613104,-217.80815264253087,-126.08753270741661,1.0478546313571424,-0.5214986850452092,252.70260744908987,1.0521506906983114,summer,2020-06-21,POOL_TOU
20,39,701,3,1.0521004689082747,0.16806552985958262,217.64689508473265,-124.10750930193684,1.0431654681191982,-217.68514871535163,-125.94692054882232,1.0471181226037998,-0.5603612620669897,252.6904620763678,1.0521004689082747,summer,2020-06-21,POOL_TOU
20,40,702,2,1.046875817024814,0.17694836289862034,217.58048349977344,-124.04703306289005,1.0428005406433227,-217.6430843114808,-125.90341482233585,1.046875817024814,-0.5743935642575219,252.7455120440027,1.0523298046458727,summer,2020-06-21,POOL_TOU
20,41,755,2,1.0474512365128086,0.19594899808682817,217.44098346332416,-123.94098191171872,1.0420772747621774,-217.78868966196467,-125.92770235610962,1.0474512365128086,-0.6383377221077501,252.7658573799235,1.052415152615248,summer,2020-06-21,POOL_TOU
20,42,778,3,1.0521044351629882,0.16808566612354595,217.64688967178063,-124.10749529930818,1.0431654196617544,-217.68515412830791,-125.9469065461927,1.0471181129144747,-0.5608141028397472,252.6914136800798,1.0521044351629882,summer,2020-06-21,POOL_TOU
20,43,780,3,1.0522966836875332,0.1902567151717721,217.42383537824526,-123.9222226703713,1.0419765686318434,-217.74126218738667,-125.88557301311097,1.0471924865642295,-0.6521395427087747,252.73736845712682,1.0522966836875332,summer,2020-06-21,POOL_TOU
20,44,785,2,1.0462625165277397,0.14596495621809782,217.89451869518933,-124.27012934756384,1.0443964880378118,-217.4456826245727,-125.95040747840959,1.0462625165277397,-0.43516145099189796,252.6675556856343,1.0520040695360602,summer,2020-06-21,POOL_TOU
20,45,813,2,1.047330350643359,0.19418384216570217,217.44135575644256,-123.94080174087648,1.0420782499539545,-217.7635804457576,-125.9131246894774,1.047330350643359,-0.6379654289898273,252.76603755076573,1.0524158988558168,summer,2020-06-21,POOL_TOU
20,46,817,1,1.0428722524100944,0.18480480201739097,217.59832639068404,-124.05051149482856,1.0428722524100944,-217.67347560243576,-125.96668798057502,1.0471172757522236,-0.5301768066569933,252.71177155660186,1.0521889213282507,summer,2020-06-21,POOL_TOU
20,47,835,3,1.0522916511718712,0.19012623163176476,217.42382821822972,-123.9222394126959,1.0419765772496454,-217.74126934740232,-125.88558975543609,1.0471925472626384,-0.6525523442978758,252.73615868950952,1.0522916511718712,summer,2020-06-21,POOL_TOU
20,48,860,1,1.0429469861186251,0.18248877515388812,217.61172304178385,-124.06325440190382,1.0429469861186251,-217.67329895785085,-125.96688334615224,1.0471170466049622,-0.5300001620735227,252.71157619102365,1.0521881063663794,summer,2020-06-21,POOL_TOU
20,49,861,1,1.0429449169738114,0.18255286102964874,217.61135213764575,-124.06290157906336,1.0429449169738114,-217.67330384847176,-125.96687793693343,1.0471170529485758,-0.530005052694415,252.7115816002425,1.0521881289307706,summer,2020-06-21,POOL_TOU
20,50,886,2,1.0468823297262104,0.1944798570206827,217.41704132224777,-123.88964404699753,1.0418848303051447,-217.6726856064432,-125.8553556741617,1.0468823297262104,-0.6341900349287641,252.77622613231716,1.0524582801774236,summer,2020-06-21,POOL_TOU
20,51,896,1,1.0410666184614192,0.2241677581217777,217.26884589583776,-123.75277575017917,1.0410666184614192,-217.74498595115787,-125.87814225590084,1.047190424347078,-0.6262692244403527,252.78352154533812,1.0524885729228188,summer,2020-06-21,POOL_TOU
20,52,898,1,1.0416850061292808,0.20055952622170287,217.37904777239433,-123.85938074051538,1.0416850061292808,-217.7252216192316,-125.865720111457,1.0470932963830977,-0.6430191980007552,252.77506768090387,1.052453549754887,summer,2020-06-21,POOL_TOU
20,53,899,2,1.046904284364997,0.19459221450666161,217.4170413222478,-123.88964404699745,1.0418848303051444,-217.67799392724226,-125.85670927357337,1.046904284364997,-0.6341900349287639,252.7762261323171,1.0524582801774234,summer,2020-06-21,POOL_TOU
20,54,900,1,1.041000860440654,0.22623149870860723,217.25898402662426,-123.73817887550993,1.041000860440654,-217.74511039808962,-125.87792434226562,1.0471904188372239,-0.6263936713720617,252.7837394589734,1.0524894815055112,summer,2020-06-21,POOL_TOU
20,55,906,1,1.0416893946917005,0.20033752560940044,217.3802396187657,-123.85941808849483,1.0416893946917005,-217.72562533027292,-125.86520780846456,1.047093684067744,-0.6434229090420168,252.77557998389625,1.0524556870415807,summer,2020-06-21,POOL_TOU
21,1,34,1,1.0487361904705046,0.08957659213102773,218.13601309467194,-125.94345974149694,1.0487361904705046,-218.1792778620004,-126.53895178184393,1.0501339167826769,0.13058836186868691,251.72964728933738,1.0480975902525296,summer,2020-06-21,POOL_TOU
21,2,47,2,1.0508884894599984,0.10743734531203777,218.1325393214446,-125.96424690481217,1.048766943340225,-218.2682285539174,-126.74674293215428,1.0508884894599984,0.06656651354470498,251.57494283065316,1.047453360931767,summer,2020-06-21,POOL_TOU
21,3,70,1,1.0487136739430294,0.09029976633248539,218.13200885416302,-125.93957937011871,1.0487136739430294,-218.1793305841798,-126.53889237121061,1.0501339825685267,0.1305356396921802,251.72970669997545,1.0480978374998062,summer,2020-06-21,POOL_TOU
21,4,73,1,1.0487520957723626,0.11593193042042939,218.15152492569544,-125.92423072677258,1.0487520957723626,-218.20076582342958,-126.87985598743953,1.050924084045557,0.01423417585809498,251.36081867821156,1.0465618021174001,summer,2020-06-21,POOL_TOU
21,5,74,1,1.0487599589025602,0.11570299658137041,218.15293898045763,-125.92555868657395,1.0487599589025602,-218.200747159778,-126.87987636606638,1.0509240595204135,0.014252839509700983,251.36079829958467,1.0465617172736854,summer,2020-06-21,POOL_TOU
21,6,83,2,1.0512332442171277,0.11761009402912545,218.13154710662783,-125.96490435885114,1.0487647347213065,-218.33421223374555,-126.7980036091215,1.0512332442171277,0.06557429872819116,251.574285376614,1.0474506224820004,summer,2020-06-21,POOL_TOU
21,7,178,2,1.0506685480406373,0.10852150329836796,218.23415091630332,-125.95868458140725,1.0491217570722517,-218.0796990696994,-126.9658931024682,1.0506685480406373,0.0031039057067301108,251.208918114675,1.0459293498130773,summer,2020-06-21,POOL_TOU
21,8,208,3,1.045615370338205,0.1167994100712094,218.23752897151783,-125.96094388770538,1.0491386408168468,-218.1396944107155,-126.98109502364416,1.0509162710429911,-0.008074684601929475,251.1335071321538,1.045615370338205,summer,2020-06-21,POOL_TOU
21,9,225,1,1.049109319237349,0.11587743219729942,218.2360411195574,-125.94943336077314,1.049109319237349,-218.12448475499764,-126.96882775303814,1.0508358464425585,0.01638695490683065,251.205275222123,1.0459141844706734,summer,2020-06-21,POOL_TOU
21,10,248,2,1.0502867471181907,0.0995721788074694,218.2501893733356,-125.95607024454306,1.0491741521334386,-217.99553652748534,-126.92819668500516,1.0502867471181907,0.022302331622070716,251.2065359597067,1.045919435553697,summer,2020-06-21,POOL_TOU
21,11,249,2,1.0501670111157047,0.09631681737559918,218.25060168191305,-125.9559815001034,1.0491754542816731,-217.96714349770525,-126.9198075849422,1.0501670111157047,0.022714640199518306,251.20662470414638,1.0459198052024126,summer,2020-06-21,POOL_TOU
21,12,264,3,1.0456411888662995,0.11669729517052733,218.23755657877828,-125.96085738325178,1.0491385603270011,-218.13966680345808,-126.98100851919173,1.0509159905088752,-0.006598919941449999,251.1397082102746,1.0456411888662995,summer,2020-06-21,POOL_TOU
21,13,276,2,1.0526220197240432,0.16409834934240006,218.21916082658285,-125.97892107425717,1.049109825691764,-218.4417145216776,-127.27656231422371,1.0526220197240432,-0.06589752361476647,251.11729734420672,1.0455479149889937,summer,2020-06-21,POOL_TOU
21,14,289,1,1.0498843274391472,0.11852397618828803,218.40223918698064,-126.0338454878972,1.0498843274391472,-218.2233337933895,-127.10099755790633,1.0514684149190012,-0.04971949485650436,251.12981076162558,1.0456000001421246,summer,2020-06-21,POOL_TOU
21,15,314,2,1.052164843442065,0.1498841760358417,218.22052686994695,-125.97815339810786,1.0491131533942646,-218.35014481624262,-127.21561227481544,1.052164843442065,-0.06453148025039325,251.11806502035577,1.0455511097957038,summer,2020-06-21,POOL_TOU
21,16,320,3,1.0454408492755518,0.13245923700825984,218.22155582571165,-125.97889925959166,1.0491184162781038,-218.24441501354883,-127.13020816392277,1.0516054739157907,-0.06872881496100189,251.0915817862163,1.0454408492755518,summer,2020-06-21,POOL_TOU
21,17,327,3,1.0454740460719183,0.13233669277273613,218.2215914756889,-125.97878803939089,1.049118313305076,-218.24437936357268,-127.1300969437219,1.051605112573011,-0.06682055927834524,251.0995554321718,1.0454740460719183,summer,2020-06-21,POOL_TOU
21,18,337,3,1.04483901220467,0.16880139318521442,217.9836132005443,-125.81364612614223,1.047916436213501,-218.41906934668376,-127.23269416054235,1.0524486083337374,-0.25961676840904013,250.94690904873096,1.04483901220467,summer,2020-06-21,POOL_TOU
21,19,342,3,1.04518218804272,0.14550697370114135,218.1319095518927,-125.86781052671057,1.0485639390779744,-218.2639333203104,-127.14568586926663,1.0517081317551142,-0.14635325591211884,251.02942386649056,1.04518218804272,summer,2020-06-21,POOL_TOU
21,20,349,1,1.0487213973628025,0.15037242707790302,218.17056865214542,-125.87648064201467,1.0487213973628025,-218.31862236229583,-127.19490215453513,1.0520080321305825,-0.18046542224028023,251.00718823289657,1.0450897006003241,summer,2020-06-21,POOL_TOU
21,21,387,1,1.048631101446933,0.14321804533747629,218.14381033047457,-125.87946152761403,1.048631101446933,-218.25886045665908,-127.13857360686909,1.0516749757955535,-0.13089263421011685,251.0575136249505,1.0452991065393573,summer,2020-06-21,POOL_TOU
21,22,388,1,1.04917511357587,0.14362918078657694,218.26979730925837,-125.9225506108251,1.04917511357587,-218.3172621914434,-127.19566289269086,1.052004733353633,-0.17910525138828504,251.00642749474193,1.045086529147883,summer,2020-06-21,POOL_TOU
21,23,406,2,1.0526431001485794,0.17439449931022288,217.91699459969956,-125.78431440425618,1.0476151584454523,-218.46587655928937,-127.24514452501725,1.0526431001485794,-0.28799662224866496,250.992582715316,1.0450293071375691,summer,2020-06-21,POOL_TOU
21,24,458,3,1.045038910049762,0.14785956908419698,218.109501215199,-125.83020455256285,1.0484048773855916,-218.25289974166137,-127.14054914748296,1.0516576712669217,-0.17178676902712398,250.99499556143084,1.045038910049762,summer,2020-06-21,POOL_TOU
21,25,502,1,1.0452161590621913,0.24244535460906036,217.38187971317004,-125.5587824280941,1.0452161590621913,-218.96040417092834,-127.39557560185273,1.054737661345152,-0.5918218958958767,251.01082101158582,1.0451074607367261,summer,2020-06-21,POOL_TOU
21,26,522,2,1.0509525776119868,0.13873603386524405,218.08899416999532,-125.68412506298574,1.048027097254197,-218.1237934642366,-127.02573581181666,1.0509525776119868,-0.17219902071436544,251.12708632518246,1.0455888820437655,summer,2020-06-21,POOL_TOU
21,27,539,3,1.0448297541008162,0.14849361099785305,218.10228731821567,-125.80637574477433,1.048329284781613,-218.23521690424377,-127.12587201765697,1.0515632945973135,-0.1901576308132374,250.94474770400203,1.0448297541008162,summer,2020-06-21,POOL_TOU
21,28,556,3,1.0448133636052492,0.1486074254014195,218.10227075488572,-125.80643074246747,1.0483293394597273,-218.23523346757364,-127.12592701535009,1.051563469446818,-0.19102667608463758,250.9408104110994,1.0448133636052492,summer,2020-06-21,POOL_TOU
21,29,562,1,1.0445538502279714,0.2640652292816005,217.23000054505533,-125.50368765614685,1.0445538502279714,-219.09462522687858,-127.46018926986586,1.0553559859793666,-0.6702491268355231,250.99791713792695,1.045054555477969,summer,2020-06-21,POOL_TOU
21,30,563,1,1.0452184778739908,0.242368518462387,217.38223101916142,-125.55928770552273,1.0452184778739908,-218.96039972204443,-127.39558315567402,1.054737661151112,-0.5918174470127667,251.01081345776262,1.0451074292421654,summer,2020-06-21,POOL_TOU
21,31,611,1,1.0443864480861533,0.26888987497010464,217.20015668301141,-125.47497171581122,1.0443864480861533,-219.09501838799596,-127.45974938656533,1.055356479947112,-0.670642287952915,250.99835702122678,1.045056391334856,summer,2020-06-21,POOL_TOU
21,32,614,3,1.0456067782339091,0.14343023828914758,218.07719920236585,-125.65063178950453,1.0479149217685773,-218.153338260427,-127.01637169626196,1.0510392620151923,-0.18649177325502758,251.13137438503006,1.0456067782339091,summer,2020-06-21,POOL_TOU
21,33,619,3,1.0448672438868198,0.26175999814467504,217.25572322803285,-125.59609977897044,1.0448391034001372,-219.17118119932536,-127.5357732840444,1.0557897563245777,-0.7091211959252268,250.95282207733888,1.0448672438868198,summer,2020-06-21,POOL_TOU
21,34,629,1,1.0456903797138395,0.22808127618149798,217.49468848180533,-125.59119359314273,1.0456903797138395,-218.8391036559099,-127.34974619476323,1.0542051711440816,-0.5176838397411229,251.01294018644262,1.0451156018753587,summer,2020-06-21,POOL_TOU
21,35,639,2,1.0556056881797835,0.257339416490527,217.26165389087234,-125.59464604634108,1.0448574518573168,-219.12722336549666,-127.5234145190242,1.0556056881797835,-0.7012805607173309,250.96198821350725,1.0449053159771664,summer,2020-06-21,POOL_TOU
21,36,676,2,1.0565812918997113,0.28589865401906106,217.2498072485524,-125.59697630336767,1.0448196053323238,-219.32587189536167,-127.64792556532498,1.0565812918997113,-0.7128645439867822,250.96126463393077,1.0449024391927162,summer,2020-06-21,POOL_TOU
21,37,682,2,1.0569831110264312,0.2981677900799584,217.2486060569682,-125.59764996881164,1.0448166794097897,-219.40639835271455,-127.70142443796523,1.0569831110264312,-0.7140657355710086,250.96059096848677,1.0448996485598028,summer,2020-06-21,POOL_TOU
21,38,688,2,1.0507753257479466,0.13836816611112165,218.0643753631433,-125.60797352483529,1.047779996220619,-218.10257665744928,-126.9775691711431,1.0507753257479466,-0.1910676998201816,251.18690691658375,1.0458380068305475,summer,2020-06-21,POOL_TOU
21,39,701,3,1.045926657530268,0.14574839497613018,218.01175003563978,-125.55264298336729,1.0474751490605811,-218.16646834411847,-126.96079755948867,1.0509701049603257,-0.23145705501177846,251.20816487811535,1.045926657530268,summer,2020-06-21,POOL_TOU
21,40,702,2,1.0509042076456228,0.14593160032346167,217.96318228916135,-125.49988604831756,1.0471902971037599,-218.1687686119013,-126.9253739652855,1.0509042076456228,-0.25409429881795115,251.28565614066954,1.046249389808955,summer,2020-06-21,POOL_TOU
21,41,755,2,1.050950165399598,0.15140191190252106,217.8483894994829,-125.35955498433756,1.0464845892289876,-218.22623212130213,-126.84851583545469,1.050950165399598,-0.3388290740700483,251.4541070848492,1.0469511649988528,summer,2020-06-21,POOL_TOU
21,42,778,3,1.0459209209558802,0.14574495338744842,218.0117430250455,-125.5526621425288,1.0474751635762092,-218.16647535471733,-126.96081671864918,1.0509701703113083,-0.23184663650327614,251.20678672096452,1.0459209209558802,summer,2020-06-21,POOL_TOU
21,43,780,3,1.0476689224062374,0.15178605551341015,217.7995204961189,-125.29851266274407,1.0461814778996805,-218.28224558887885,-126.82045345161441,1.0510930997290269,-0.4132347010925794,251.62638538094632,1.0476689224062374,summer,2020-06-21,POOL_TOU
21,44,785,2,1.0509577548516007,0.13976685324490373,218.0852535198206,-125.67111627108258,1.0479865593842834,-218.1283444426495,-127.02039175525542,1.0509577548516007,-0.1749698194441419,251.13666106054055,1.0456287552201318,summer,2020-06-21,POOL_TOU
21,45,813,2,1.0509195879246616,0.15064616250799814,217.84849596598556,-125.35953478656074,1.0464849314960962,-218.21888611040782,-126.8465398479354,1.0509195879246616,-0.3387226075678233,251.45412728262622,1.046951248496692,summer,2020-06-21,POOL_TOU
21,46,817,1,1.0484400147991992,0.13518380745021688,218.23385697804534,-125.63132049617596,1.0484400147991992,-218.14616762284777,-126.98501155347364,1.05094776745399,-0.19405267063385212,251.19607491013667,1.045876188054871,summer,2020-06-21,POOL_TOU
21,47,835,3,1.0478912606928132,0.15086788324566303,217.79944353087387,-125.2977442132518,1.0461796046662912,-218.282322554124,-126.81968500212264,1.051091769509887,-0.42267968153889174,251.67977046889715,1.0478912606928132,summer,2020-06-21,POOL_TOU
21,48,860,1,1.0480206047141754,0.14195783808075366,218.13961326451033,-125.59312391554708,1.0480206047141754,-218.14746541907502,-126.98436799711966,1.0509510893576706,-0.19535046686232369,251.1967184664894,1.0458788717430105,summer,2020-06-21,POOL_TOU
21,49,861,1,1.0480324655762148,0.14164497751598873,218.14173077703754,-125.5951553942777,1.0480324655762148,-218.14743751666796,-126.98439912288309,1.0509510541515343,-0.1953225644552346,251.19668734072602,1.0458787420579898,summer,2020-06-21,POOL_TOU
21,50,886,2,1.0514085699348688,0.16535107149628547,217.74693015437094,-125.28659013368276,1.045966928696244,-218.34022226531127,-126.87148942093032,1.0514085699348688,-0.42089157446995634,251.54607749465205,1.047334607110155,summer,2020-06-21,POOL_TOU
21,51,896,1,1.0461208496677994,0.17059023854080899,217.77613374699126,-125.3099614558638,1.0461208496677994,-218.22144911044862,-126.88321176044188,1.0510055535341316,-0.3027004301014437,251.36829278476068,1.0465936783517267,summer,2020-06-21,POOL_TOU
21,52,898,1,1.0457862826301958,0.16696894522054456,217.72051635699336,-125.24549745607321,1.0457862826301958,-218.3179377487161,-126.83331602770193,1.05124849826103,-0.4131077207113675,251.55433742211156,1.0473689442375007,summer,2020-06-21,POOL_TOU
21,53,899,2,1.0516186264924978,0.1713319317637719,217.74693015437092,-125.28659013368274,1.0459669286962439,-218.38324132709047,-126.89787294774553,1.0516186264924978,-0.4208915744699631,251.546077494652,1.0473346071101548,summer,2020-06-21,POOL_TOU
21,54,900,1,1.0461021336541043,0.1711707494798602,217.77290576116778,-125.306558246738,1.0461021336541043,-218.221491317266,-126.88315995956876,1.0510055970419336,-0.3027426369187805,251.36834458563388,1.0465938942404727,summer,2020-06-21,POOL_TOU
21,55,906,1,1.045770939096688,0.16740000150813147,217.7180693539142,-125.2423607326266,1.045770939096688,-218.3183971992882,-126.8327957638233,1.0512490642046852,-0.41356717128311626,251.5548576859903,1.0473711135400103,summer,2020-06-21,POOL_TOU
22,1,34,1,1.0471158877078088,0.12416389405303199,217.76703698905524,-125.80420651872777,1.0471158877078088,-218.0625318256873,-125.78727584609847,1.0481461682451068,-0.5812426270017907,252.4681047421755,1.0511748643846686,summer,2020-06-21,POOL_TOU
22,2,47,2,1.0478543964073384,0.1434994644668734,217.73790049988017,-125.63705666431318,1.0466628548519048,-218.01150195083875,-125.73549170962114,1.0478543964073384,-0.6544475779084689,252.6783220019575,1.0520508644950526,summer,2020-06-21,POOL_TOU
22,3,70,1,1.0469623061986066,0.12319612827324966,217.73968569026906,-125.77781113851009,1.0469623061986066,-218.06289206658167,-125.78687159678427,1.0481466264743933,-0.5816028678931839,252.4685089914944,1.0511765509602435,summer,2020-06-21,POOL_TOU
22,4,73,1,1.0454911870008974,0.17424085191821087,217.6191101917194,-125.27961361534791,1.0454911870008974,-217.94622673475376,-125.60807485255722,1.047353972408702,-0.7780884457518227,253.04149239135361,1.0535644069079926,summer,2020-06-21,POOL_TOU
22,5,74,1,1.0454890735637539,0.17423645795015894,217.61875902987828,-125.27920619996358,1.0454890735637539,-217.9462312864439,-125.60806868900994,1.0473539760141863,-0.7780929974419876,253.0414985549009,1.0535644326285905,summer,2020-06-21,POOL_TOU
22,6,83,2,1.047927873737292,0.14206920373854584,217.73770643028365,-125.63723324191768,1.0466625224148354,-218.02415449282555,-125.74887682941336,1.047927873737292,-0.6546416475047537,252.67814542435252,1.0520501313950095,summer,2020-06-21,POOL_TOU
22,7,178,2,1.0467581839814086,0.20018706797963381,217.61535247340285,-125.1064549216838,1.0451181111477224,-217.83567641087024,-125.51331929382725,1.0467581839814086,-0.8375660701868792,253.26733093797245,1.0545054900261996,summer,2020-06-21,POOL_TOU
22,8,208,3,1.054686442155005,0.2028296251511653,217.6211408807875,-125.10155792967535,1.0451288434090005,-217.85152956121718,-125.50766826717287,1.0468036305986632,-0.8471001056185605,253.31076014037905,1.054686442155005,summer,2020-06-21,POOL_TOU
22,9,225,1,1.0450674003039808,0.19861931003046915,217.61425006074217,-125.08393383924684,1.0450674003039808,-217.83166798499647,-125.49293017728068,1.0467013437418697,-0.8226940259487485,253.27594635833114,1.0545411579041661,summer,2020-06-21,POOL_TOU
22,10,248,2,1.0458579791843137,0.22121197449138547,217.63759483843552,-125.09659566906237,1.0451779409228388,-217.6331957856926,-125.43165738001302,1.0458579791843137,-0.8143541902304919,253.2776281581595,1.0545480479649152,summer,2020-06-21,POOL_TOU
22,11,249,2,1.0459166499254269,0.21953419303063987,217.6373924197551,-125.09663784763809,1.0451772977550784,-217.64714239044085,-125.4356786509445,1.0459166499254269,-0.8145566089108921,253.27758597958385,1.0545478750618995,summer,2020-06-21,POOL_TOU
22,12,264,3,1.054567257007657,0.19916588166557886,217.6211344143656,-125.10196630027004,1.0451296674557788,-217.85153602764217,-125.50807663776867,1.046804502706548,-0.8453965584727363,253.28214005607842,1.054567257007657,summer,2020-06-21,POOL_TOU
22,13,276,2,1.0468963253153944,0.21104087985190378,217.55496900796555,-124.98545667828027,1.0446491084001797,-217.88395202542208,-125.49598580237536,1.0468963253153944,-0.9316681346131694,253.42194652152264,1.0551506090770555,summer,2020-06-21,POOL_TOU
22,14,289,1,1.044525009735313,0.20487831633806547,217.52673894395141,-124.97476165813922,1.044525009735313,-217.92768176966797,-125.52348894739274,1.0471112520366697,-0.9226449877768026,253.39402929157262,1.0550342366789631,summer,2020-06-21,POOL_TOU
22,15,314,2,1.0468718538081705,0.21169482934151104,217.55505344558452,-124.98543911711474,1.0446493768151275,-217.8781341150354,-125.49431069016923,1.0468718538081705,-0.9315836969939907,253.4219640826878,1.0551506809015396,summer,2020-06-21,POOL_TOU
22,16,320,3,1.055762318236578,0.2246180239045577,217.55324758179245,-124.97075767259525,1.0446124080701666,-217.92325638799304,-125.49184215075114,1.0470295257196152,-0.9624850452703023,253.56875131931528,1.055762318236578,summer,2020-06-21,POOL_TOU
22,17,327,3,1.0559781997773283,0.2312924934006352,217.55327364051738,-124.97001903214769,1.0446109702874509,-217.92323032926927,-125.49110351030329,1.047027896997585,-0.9645609561576522,253.6205937407394,1.0559781997773283,summer,2020-06-21,POOL_TOU
22,18,337,3,1.0550881890311483,0.20188875645254087,217.349410128759,-124.78175074369828,1.0434845416720575,-218.08200123915185,-125.64587438056311,1.0479223571629477,-1.15446488092551,253.40603744509946,1.0550881890311483,summer,2020-06-21,POOL_TOU
22,19,342,3,1.0553079455888112,0.2079878482568198,217.43114869973022,-124.85702794457887,1.043935740535642,-218.030624185563,-125.59735648411468,1.0476361632635494,-1.0851112015012119,253.45912502621283,1.0553079455888112,summer,2020-06-21,POOL_TOU
22,20,349,1,1.0435539004736851,0.21186618193883414,217.36403244659482,-124.78973920668922,1.0435539004736851,-218.06375960894096,-125.6205036837168,1.047803815537216,-1.1220914995795281,253.48679103607483,1.0554238046130413,summer,2020-06-21,POOL_TOU
22,21,387,1,1.0440100712781237,0.21028032604142652,217.44318529305585,-124.87191718899528,1.0440100712781237,-218.0177859922018,-125.58820061844588,1.0475708172621019,-1.0589696728976625,253.4723308863108,1.055362468452369,summer,2020-06-21,POOL_TOU
22,22,388,1,1.0435395637335294,0.21198287413705563,217.3614700704906,-124.78728650883677,1.0435395637335294,-218.06379337927143,-125.62046609792819,1.0478038592568293,-1.1221252699102784,253.4868286218648,1.0554239617255012,summer,2020-06-21,POOL_TOU
22,23,406,2,1.0475909653594127,0.2174699909333441,217.3344934338985,-124.75690996689443,1.0433791867070377,-218.0014777918488,-125.62619919930547,1.0475909653594127,-1.148121259408718,253.46264391629765,1.0553237523952683,summer,2020-06-21,POOL_TOU
22,24,458,3,1.0555110852237097,0.2116730863320315,217.40622920655343,-124.81166473210315,1.0437517174947173,-218.05897659309156,-125.61214901081455,1.0477691959468616,-1.13619337252526,253.5076912880103,1.0555110852237097,summer,2020-06-21,POOL_TOU
22,25,502,1,1.042379393196404,0.19991260888036516,217.15534683805112,-124.58664104023948,1.042379393196404,-218.35678722110117,-125.77338940059595,1.0491787390029819,-1.2950078530452975,253.45824822028817,1.0553083982387996,summer,2020-06-21,POOL_TOU
22,26,522,2,1.047994432850195,0.2242678390852326,217.38338746997437,-124.7657374144954,1.0435740402978713,-218.08087659581446,-125.68249874513248,1.047994432850195,-1.2098881840087385,253.5929993634478,1.0558676882715028,summer,2020-06-21,POOL_TOU
22,27,539,3,1.0566776632673187,0.24615169261010914,217.3998144401717,-124.7844309121858,1.0436721033709586,-218.07166062961934,-125.61223664339876,1.0478151399119782,-1.1829500668958468,253.787666510177,1.0566776632673187,summer,2020-06-21,POOL_TOU
22,28,556,3,1.0563185660134422,0.23490644499929678,217.39981310908922,-124.78566250161974,1.043674651256819,-218.07166196070165,-125.61346823283273,1.0478177041806795,-1.1765404504478423,253.70144822168456,1.0563185660134422,summer,2020-06-21,POOL_TOU
22,29,562,1,1.041749025703946,0.21075990493020919,217.0002877376746,-124.55266288489939,1.041749025703946,-218.45130721268632,-125.82523766912654,1.04962750334629,-1.3516921983062475,253.4432469932756,1.0552471724961043,summer,2020-06-21,POOL_TOU
22,30,563,1,1.0425075797709837,0.19611794066058744,217.1875756785235,-124.59233292208931,1.0425075797709837,-218.35633551236958,-125.77350478493747,1.0491773490783003,-1.2945561443145508,253.4581328359446,1.0553079082251982,summer,2020-06-21,POOL_TOU
22,31,611,1,1.0416658295087555,0.21226712767588105,216.98541667375778,-124.53843156139126,1.0416658295087555,-218.45150320637921,-125.82501958098076,1.0496277572621624,-1.3518881919992027,253.44346508142087,1.0552480848638575,summer,2020-06-21,POOL_TOU
22,32,614,3,1.0558076399371692,0.21933523123842255,217.37205487340003,-124.76100383966586,1.0435233067433305,-218.13496535206903,-125.71822938963953,1.0482638355794307,-1.2368365128781111,253.57844691842487,1.0558076399371692,summer,2020-06-21,POOL_TOU
22,33,619,3,1.0550677568151519,0.20450256807059428,217.0245448684656,-124.62505295099362,1.0419866792270525,-218.4994763222512,-125.8831943508532,1.0499217381306352,-1.378783729065413,253.4000087721409,1.0550677568151519,summer,2020-06-21,POOL_TOU
22,34,629,1,1.042380619663895,0.20730792149445268,217.14252654496883,-124.609576063741,1.042380619663895,-218.29219334144167,-125.73521906832075,1.0488663690651128,-1.2623964035707387,253.46527178894522,1.0553369560851569,summer,2020-06-21,POOL_TOU
22,35,639,2,1.0496891365424852,0.20899132288757202,217.0320163589303,-124.62316029431824,1.0420097319615176,-218.44416527296974,-125.86728916651826,1.0496891365424852,-1.368698362221164,253.4123089767898,1.0551187413581908,summer,2020-06-21,POOL_TOU
22,36,676,2,1.0505554242788566,0.20497692529378597,217.01820190411215,-124.62539533746778,1.041964487214382,-218.6237777758696,-125.97231933845822,1.0505554242788566,-1.3821509253659185,253.4122426761525,1.0551187693150614,summer,2020-06-21,POOL_TOU
22,37,682,2,1.0508769790808528,0.2044682743458331,217.01723950412136,-124.62593272150843,1.0419621266179708,-218.6883083875002,-126.0150176932536,1.0508769790808528,-1.3831133253568344,253.41170529211175,1.055116553767251,summer,2020-06-21,POOL_TOU
22,38,688,2,1.0488988601025957,0.2182009947130701,217.35770888653218,-124.75403205936477,1.0434570527890672,-218.24795654955938,-125.82761302540897,1.0488988601025957,-1.2609309087445506,253.60071378515192,1.055900842822986,summer,2020-06-21,POOL_TOU
22,39,701,3,1.0558281852974911,0.21783639347702838,217.37363288050636,-124.74428467850207,1.0434943551826965,-218.168601002629,-125.76449525123743,1.0484813643494288,-1.2818818895924766,253.58315780792347,1.0558281852974911,summer,2020-06-21,POOL_TOU
22,40,702,2,1.0484331511658609,0.224624784240873,217.39250568745464,-124.73381678321938,1.0435408182231833,-218.15258902956768,-125.76908484910801,1.0484331511658609,-1.281960716975141,253.64001544153996,1.0560649154472463,summer,2020-06-21,POOL_TOU
22,41,755,2,1.0487077929617572,0.23439194119767742,217.36108833374675,-124.68373041108825,1.0433235819006783,-218.21149075643092,-125.7989852817684,1.0487077929617572,-1.3596913425904884,253.7477752326704,1.0565152612265243,summer,2020-06-21,POOL_TOU
22,42,778,3,1.0558420144905338,0.21826915505413946,217.3736478598165,-124.74423830026154,1.0434943131635783,-218.16858602332343,-125.76444887299584,1.0484812138790376,-1.2810782152631826,253.58648337561146,1.0558420144905338,summer,2020-06-21,POOL_TOU
22,43,780,3,1.0570155890133668,0.24547891684780856,217.28490480580876,-124.64372728910318,1.0429655648178684,-218.32313104198963,-125.82840199747274,1.0491716695958453,-1.4841027784399319,253.8672477191711,1.0570155890133668,summer,2020-06-21,POOL_TOU
22,44,785,2,1.0480698359164262,0.22374180214836392,217.37972105289614,-124.7637129056231,1.0435566046434186,-218.0950962746375,-125.6940943586418,1.0480698359164262,-1.2180127376606056,253.5938611548545,1.0558714383000822,summer,2020-06-21,POOL_TOU
22,45,813,2,1.0486762635082159,0.2350951029692651,217.36119756222985,-124.6837086724313,1.043323931352427,-218.20395954275367,-125.79688684938354,1.0486762635082159,-1.3595821141078268,253.7477969713273,1.056515349299155,summer,2020-06-21,POOL_TOU
22,46,817,1,1.04300047852282,0.22671835540641347,217.27862793081562,-124.67151882955405,1.04300047852282,-218.16809456128533,-125.74904596336555,1.0484474141598081,-1.2653036638761217,253.6077661550161,1.0559302962692827,summer,2020-06-21,POOL_TOU
22,47,835,3,1.057499016312896,0.2605666173852446,217.28503510558255,-124.64207836216596,1.0429626192748687,-218.32300074221575,-125.82675307053591,1.0491677713592058,-1.4836881284716061,253.98336058757792,1.057499016312896,summer,2020-06-21,POOL_TOU
22,48,860,1,1.0430835241378256,0.2258056431571601,217.29347495864272,-124.685720584792,1.0430835241378256,-218.16789887734018,-125.74926360574256,1.0484471607930517,-1.2651079799323068,253.60754851263786,1.0559293860437247,summer,2020-06-21,POOL_TOU
22,49,861,1,1.0430625307824262,0.22603369858116554,217.28972179097332,-124.68213039695061,1.0430625307824262,-218.16794834397174,-125.74920858614749,1.0484472248366794,-1.2651574465638395,253.60760353223301,1.0559296161469827,summer,2020-06-21,POOL_TOU
22,50,886,2,1.050082264982492,0.24660393992171395,217.19019285114754,-124.67610884983357,1.0426906405989578,-218.45979133804906,-126.02922467860475,1.050082264982492,-1.5148898675501472,253.7736755061254,1.0566267573378423,summer,2020-06-21,POOL_TOU
22,51,896,1,1.0440114848188644,0.21367489912493398,217.52206707386003,-124.7351399054252,1.0440114848188644,-218.17628314837617,-125.79131932626943,1.0485648554329903,-1.2950233147898595,253.67769013062136,1.0562220514069722,summer,2020-06-21,POOL_TOU
22,52,898,1,1.0425302981990365,0.24427057930367543,217.18057864838298,-124.6154933949814,1.0425302981990365,-218.40707422387484,-125.90464027970341,1.049632990353299,-1.4901747518846695,253.80171955692092,1.0567429098213628,summer,2020-06-21,POOL_TOU
22,53,899,2,1.0509231564855912,0.23802492265699213,217.19019285114754,-124.67610884983351,1.0426906405989578,-218.63568759314782,-126.12848888845156,1.0509231564855912,-1.5148898675501505,253.77367550612536,1.0566267573378423,summer,2020-06-21,POOL_TOU
22,54,900,1,1.0445923059114195,0.20401961397400462,217.64980310063743,-124.7928137982424,1.0445923059114195,-218.17453046638627,-125.79227544132263,1.0485605219063445,-1.2932706327999237,253.67673401556823,1.0562180333659894,summer,2020-06-21,POOL_TOU
22,55,906,1,1.042490697212226,0.24472340950619703,217.17371270763385,-124.60834815943036,1.042490697212226,-218.40751410639604,-125.90414883060073,1.0496335551563978,-1.4906146344057138,253.80221100602344,1.0567449667303546,summer,2020-06-21,POOL_TOU
23,1,34,1,1.0506639861737332,0.09308274042814861,218.86037322385283,-125.61320479307297,1.0506639861737332,-217.9065651461044,-125.64090350951905,1.0472791691585126,0.1640460801219207,251.98267007826047,1.049151153105148,summer,2020-06-21,POOL_TOU
23,2,47,2,1.0460599646294173,0.1103529165262542,219.17039859096178,-125.63950854072532,1.0518381730525468,-217.58081250373385,-125.61955579275708,1.0460599646294173,0.2838190542138184,251.96263651844012,1.0490681849277244,summer,2020-06-21,POOL_TOU
23,3,70,1,1.0505383796294567,0.09050623413274245,218.8379407169534,-125.59168483867555,1.0505383796294567,-217.90686073987106,-125.64057378538574,1.047279549626494,0.16375048635815548,251.9829998023985,1.0491525251383869,summer,2020-06-21,POOL_TOU
23,4,73,1,1.0538062271694497,0.1515643513834488,219.69140746387265,-125.68088362739391,1.0538062271694497,-217.2637859550589,-125.6515392459808,1.0449837084604916,0.4465477121586084,251.92068774180518,1.0488945099475746,summer,2020-06-21,POOL_TOU
23,5,74,1,1.0540474538585907,0.15895374910345522,219.74348250441753,-125.70653210419772,1.0540474538585907,-217.26307371571454,-125.65195937598855,1.044982017133685,0.44725995150295267,251.92026761179744,1.0488927659645824,summer,2020-06-21,POOL_TOU
23,6,83,2,1.046108555991554,0.11048700912417099,219.17023090973052,-125.63954346731555,1.0518376396820126,-217.59236577751633,-125.62288601098008,1.046108555991554,0.2836513729826686,251.9626015918496,1.0490680387218427,summer,2020-06-21,POOL_TOU
23,7,178,2,1.044078594114494,0.15540659610551633,219.8126581013315,-125.63886722937288,1.0541576341604628,-217.02652179531853,-125.62753316519692,1.044078594114494,0.5166043956526314,251.9097078775764,1.0488493520530329,summer,2020-06-21,POOL_TOU
23,8,208,3,1.0487279445005424,0.15869335236491378,219.81507030585152,-125.6390581415497,1.054166748200303,-217.04798745029575,-125.63123703305432,1.0441636700070571,0.5137740482967131,251.88055421718957,1.0487279445005424,summer,2020-06-21,POOL_TOU
23,9,225,1,1.0541270099293032,0.15469518260762086,219.81020544985205,-125.62833585655797,1.0541270099293032,-217.03814077905568,-125.62313225831461,1.0441112831993964,0.5252096078840862,251.90964074762005,1.0488491466396608,summer,2020-06-21,POOL_TOU
23,10,248,2,1.0437181469244539,0.15781793114387396,219.8230255666554,-125.6358436692804,1.0541888637491617,-216.94573146080546,-125.59429646643915,1.0437181469244539,0.5292873963127902,251.9104489322474,1.0488525471119838,summer,2020-06-21,POOL_TOU
23,11,249,2,1.0436929530074366,0.15794378997256198,219.82311246142342,-125.63582540743276,1.0541891401311436,-216.93974524959714,-125.59255933272983,1.0436929530074366,0.5293742910808453,251.91046719409502,1.0488526239067697,summer,2020-06-21,POOL_TOU
23,12,264,3,1.0487221214278966,0.1588523166701239,219.81506369557397,-125.63907761210773,1.054166764533551,-217.04799406057623,-125.63125650361336,1.0441637344379031,0.5134141333611716,251.87915637589973,1.0487221214278966,summer,2020-06-21,POOL_TOU
23,13,276,2,1.0438144285983972,0.16291693792527795,219.91958897664514,-125.63080617759587,1.05452754027357,-216.94620106026596,-125.63963462959705,1.0438144285983972,0.539271939190606,251.90585045236645,1.0488334891693212,summer,2020-06-21,POOL_TOU
23,14,289,1,1.0543897647608846,0.15845878183039624,219.89448237890718,-125.60804436423129,1.0543897647608846,-216.97959848963924,-125.64899628908186,1.043954293885064,0.5357808461692316,251.9097447086658,1.048849672178342,summer,2020-06-21,POOL_TOU
23,15,314,2,1.0437921284602523,0.16299413816960004,219.91966592178235,-125.63079007105387,1.0545277851868893,-216.9408999431909,-125.63810090134248,1.0437921284602523,0.539348884328022,251.90586655890803,1.0488335569159808,summer,2020-06-21,POOL_TOU
23,16,320,3,1.0487107001152502,0.16551966811166122,219.91854319207096,-125.63300468301225,1.0545282999949908,-216.97560431817772,-125.64986596293669,1.0439417172398933,0.5329478798290869,251.87637265125392,1.0487107001152502,summer,2020-06-21,POOL_TOU
23,17,327,3,1.0487351741957878,0.164861718640693,219.91857029815966,-125.63292279847666,1.0545282288753612,-216.97557721209012,-125.64978407840077,1.0439414487227023,0.5344129556228304,251.8822476889205,1.0487351741957878,summer,2020-06-21,POOL_TOU
23,18,337,3,1.0493823472039476,0.1729646110063655,220.10008681991116,-125.42006167571068,1.054745458539574,-216.72861221831195,-125.52847483944336,1.0427985136697004,0.5524085003239639,252.0376457712659,1.0493823472039476,summer,2020-06-21,POOL_TOU
23,19,342,3,1.0487815969068555,0.1821928473281534,220.16590716172354,-125.59968888730961,1.0553539645180257,-216.79837868432782,-125.66201961460045,1.0433286066311056,0.5855430508580333,251.8932837484628,1.0487815969068555,summer,2020-06-21,POOL_TOU
23,20,349,1,1.054846263463702,0.16834599995088392,220.10021940135664,-125.46872403808474,1.054846263463702,-216.7625276578601,-125.5947300963248,1.0430589807022763,0.573292705348949,251.99868334889243,1.0492203185013635,summer,2020-06-21,POOL_TOU
23,21,387,1,1.0560569400971058,0.2018038507379442,220.3116251052805,-125.684991131039,1.0560569400971058,-216.81165827038566,-125.66558128599944,1.0433838791956933,0.5935212994355453,251.9089306716055,1.048846821743328,summer,2020-06-21,POOL_TOU
23,22,388,1,1.0547390325041448,0.16516478818040817,220.0810023649192,-125.4504305546453,1.0547390325041448,-216.76278103321874,-125.59444964910554,1.043059308106614,0.5730393299899557,251.9989637961126,1.0492214837643556,summer,2020-06-21,POOL_TOU
23,23,406,2,1.0423069153529942,0.1664285090734663,220.08235330051522,-125.36099168785326,1.0545595580785323,-216.63311420333662,-125.45777669711471,1.0423069153529942,0.5618091772573317,252.15087581562335,1.0498538753138198,summer,2020-06-21,POOL_TOU
23,24,458,3,1.0498355682250105,0.16979754066586009,220.23621275336083,-125.60354879349973,1.0556161951456744,-216.75859087567335,-125.68187355901779,1.043226747681462,0.5691615117517614,252.14646236102885,1.0498355682250105,summer,2020-06-21,POOL_TOU
23,25,502,1,1.0527642546176599,0.12699201670804858,219.8415622591583,-124.91224069737898,1.0527642546176599,-216.68764639996368,-125.15863906699305,1.0418798992666856,0.4712478620561291,252.6566212095015,1.0519588125067265,summer,2020-06-21,POOL_TOU
23,26,522,2,1.0431930472109483,0.2109151001708021,220.49003241445797,-125.77436604052834,1.056886539232549,-216.6366083550228,-125.87590687791162,1.0431930472109483,0.6891458537937845,251.63265633609976,1.0476975483613968,summer,2020-06-21,POOL_TOU
23,27,539,3,1.048385009517715,0.19506704302267608,220.29082210519766,-125.64692293615109,1.0559031705830915,-216.73696731620083,-125.73154017866734,1.0432526130571553,0.6107000048265528,251.79797228140586,1.048385009517715,summer,2020-06-21,POOL_TOU
23,28,556,3,1.0483878455919837,0.19499090890524404,220.29082524914483,-125.6469134482729,1.055903162381829,-216.73696417225352,-125.73153069078914,1.043252581911867,0.6108699851363294,251.79865303291896,1.0483878455919837,summer,2020-06-21,POOL_TOU
23,29,562,1,1.052513306695157,0.12365128467170255,219.8225956917384,-124.82359859940657,1.052513306695157,-216.66355514152175,-125.0784036601377,1.041625981113657,0.46181156693384706,252.7951586915154,1.05253555139525,summer,2020-06-21,POOL_TOU
23,30,563,1,1.0527524700875333,0.12661505710327922,219.83941214292173,-124.91029550221485,1.0527524700875333,-216.68767485795124,-125.15860913194467,1.0418799395298692,0.47121940406785773,252.65665114454777,1.051958936922588,summer,2020-06-21,POOL_TOU
23,31,611,1,1.052442601100356,0.12137226616328589,219.80990086509462,-124.81156353842216,1.052442601100356,-216.66372257518714,-125.07821910141288,1.0416262006718433,0.4616441332684569,252.79534325023948,1.0525363185463708,summer,2020-06-21,POOL_TOU
23,32,614,3,1.0473973367486387,0.21795390884937965,220.54323209043167,-125.81315575124256,1.0571589622921111,-216.64215905020208,-125.92953270278731,1.0433252179844537,0.7013952856589799,251.5605180720044,1.0473973367486387,summer,2020-06-21,POOL_TOU
23,33,619,3,1.0538165783244058,0.1309652667990494,219.87420430656766,-124.78185439085759,1.0526143694986811,-216.62352721868515,-124.99542143255222,1.0413089295546076,0.45063070913317754,253.10285347476102,1.0538165783244058,summer,2020-06-21,POOL_TOU
23,34,629,1,1.0531704867376943,0.13480274941874548,219.8925826105658,-125.01992717979941,1.0531704867376943,-216.69701538831154,-125.23831747535282,1.042079639951144,0.49021967784708226,252.5276601212008,1.0514220235330174,summer,2020-06-21,POOL_TOU
23,35,639,2,1.0411311736354112,0.1344140494431798,219.88022338366196,-124.7847992381261,1.0526422168625598,-216.57904996056808,-124.98707889093443,1.0411311736354112,0.4703635641756523,252.9505418631078,1.0531825667619332,summer,2020-06-21,POOL_TOU
23,36,676,2,1.0412845592921416,0.13305821269105536,219.8711540347633,-124.81090601417822,1.0526630318456203,-216.603595321214,-125.01824944295468,1.0412845592921416,0.46656274789825136,252.89415613373103,1.052947771151401,summer,2020-06-21,POOL_TOU
23,37,682,2,1.0412946148589004,0.13287049495719286,219.871119344416,-124.81091325998321,1.052662921129305,-216.60598538768295,-125.01893981432862,1.0412946148589004,0.46652805755084176,252.89414888792615,1.0529477407164787,summer,2020-06-21,POOL_TOU
23,38,688,2,1.0431932779000124,0.22315250920788243,220.60617558275152,-125.8570680886238,1.0574771931580473,-216.5811004917507,-125.97149949894515,1.0431932779000124,0.722810022956873,251.50569487961167,1.0471693291360444,summer,2020-06-21,POOL_TOU
23,39,701,3,1.046601593738589,0.2345017447025329,220.63301584241455,-125.9058771483051,1.057674969101247,-216.64879770248783,-126.05954873600962,1.0436212576291,0.7039570797666137,251.36939043186436,1.046601593738589,summer,2020-06-21,POOL_TOU
23,40,702,2,1.0437101615124722,0.23029625491343222,220.6491242735899,-125.93204723429048,1.0577872271929099,-216.6481457388854,-126.10312088321116,1.0437101615124722,0.7123039560037665,251.37675404799785,1.0466323505491533,summer,2020-06-21,POOL_TOU
23,41,755,2,1.0446401514045887,0.23352748556050043,220.59610271147284,-126.02025429915804,1.0577776273371784,-216.79980374125535,-126.28655712193269,1.0446401514045887,0.6307497178428163,251.2131109671131,1.045950103945458,summer,2020-06-21,POOL_TOU
23,42,778,3,1.046523216101156,0.23677032749120266,220.63292871793016,-125.90613931199962,1.0576751950465297,-216.64888482697657,-126.0598108997032,1.0436221201250262,0.6992425899093646,251.3505789560606,1.046523216101156,summer,2020-06-21,POOL_TOU
23,43,780,3,1.0450953223200716,0.24668571983091894,220.50413860063423,-126.07109421929356,1.0575502194032216,-216.95893631834156,-126.41469701362293,1.0454812130797009,0.5217150875774423,251.00806113240085,1.0450953223200716,summer,2020-06-21,POOL_TOU
23,44,785,2,1.0431518848818937,0.2131646606314757,220.5113388175982,-125.78884964695587,1.056993474685762,-216.61708696824576,-125.88982364406132,1.0431518848818937,0.6960131353628245,251.6100881297971,1.0476036628016914,summer,2020-06-21,POOL_TOU
23,45,813,2,1.044609744947538,0.23339344896180514,220.59620789736906,-126.02023274452984,1.0577779630937738,-216.79255453698553,-126.28449291641898,1.044609744947538,0.6308549037386328,251.21313252174127,1.0459501947893737,summer,2020-06-21,POOL_TOU
23,46,817,1,1.0588539028266428,0.2653684999288697,220.91386880592574,-125.98499640750398,1.0588539028266428,-216.62434531320162,-126.0054029352538,1.0434198913439832,0.7295391761895514,251.48321569635578,1.047075816463987,summer,2020-06-21,POOL_TOU
23,47,835,3,1.0451938495002153,0.24363438712601682,220.5042483719065,-126.07076461831565,1.0575499350324462,-216.95882654706926,-126.41436741264555,1.0454801272995788,0.5276587835018595,251.03171279315626,1.0451938495002153,summer,2020-06-21,POOL_TOU
23,48,860,1,1.0582880039916611,0.24786815191867537,220.7887930127759,-125.92995480395707,1.0582880039916611,-216.626063027228,-126.00448706191558,1.043424156088195,0.7278214621619586,251.4841315696931,1.0470796090406842,summer,2020-06-21,POOL_TOU
23,49,861,1,1.0582777657445444,0.2475832773398026,220.7869580928892,-125.92820865993373,1.0582777657445444,-216.62608722115937,-126.0044602920873,1.0434241871217529,0.7277972682306288,251.4841583395214,1.0470797202071103,summer,2020-06-21,POOL_TOU
23,50,886,2,1.0472794528062548,0.22526055482108112,220.36470782190764,-126.12197250236248,1.0571514930847608,-217.3027034650978,-126.68258407156262,1.0472794528062548,0.4236937264921896,251.04227221412395,1.0452369942381754,summer,2020-06-21,POOL_TOU
23,51,896,1,1.058427243484625,0.25007549826639985,220.78516810715766,-126.00379279923587,1.058427243484625,-216.70701389869254,-126.1884131895909,1.0441006537497022,0.6995995689806909,251.30490132547075,1.0463330383369391,summer,2020-06-21,POOL_TOU
23,52,898,1,1.0571076366446854,0.22523452015171647,220.38586985897356,-126.06377735085873,1.0571076366446854,-217.10753566927443,-126.5147328747668,1.046225481399525,0.47097678643379187,251.07569803979024,1.045376516014341,summer,2020-06-21,POOL_TOU
23,53,899,2,1.0479745556949789,0.228541452363625,220.36470782190767,-126.12197250236248,1.057151493084761,-217.44333234964938,-126.77284079666869,1.0479745556949789,0.42369372649219894,251.04227221412387,1.045236994238175,summer,2020-06-21,POOL_TOU
23,54,900,1,1.0589976392975684,0.2673657339745216,220.91083136381485,-126.05999156617189,1.0589976392975684,-216.70528907965559,-126.18934612975454,1.0440964024506298,0.7013243880177314,251.30396838530717,1.0463291739943459,summer,2020-06-21,POOL_TOU
23,55,906,1,1.057074479447634,0.22455490057188449,220.38008960514924,-126.05784361497956,1.057074479447634,-217.1078676329863,-126.51436225738873,1.0462258986755002,0.47064482272213826,251.0760686571681,1.0453780565163084,summer,2020-06-21,POOL_TOU
