Season,Date,Case,Hour,Customer,LoadKW,PVKW,ChargeKW,DischargeKW,StartEnergyKWh,EndEnergyKWh,NetImportKW,BuyEURPerKWh
winter,2020-01-19,POOL_FLAT,0,1,0.46942,0.0,0.0,0.0,2.0,2.0,0.46942,0.2007
winter,2020-01-19,POOL_FLAT,0,2,0.14336,0.0,0.0,0.0,2.0,2.0,0.14336,0.2007
winter,2020-01-19,POOL_FLAT,0,3,0.98003,0.00076,0.0,0.0,2.0,2.0,0.97927,0.2007
winter,2020-01-19,POOL_FLAT,0,4,1.18451,0.0,0.0,0.0,2.0,2.0,1.18451,0.2007
winter,2020-01-19,POOL_FLAT,0,5,0.08516,0.0,0.0,0.0,2.0,2.0,0.08516,0.2007
winter,2020-01-19,POOL_FLAT,0,6,0.66602,0.0,0.0,0.0,2.0,2.0,0.66602,0.2007
winter,2020-01-19,POOL_FLAT,0,7,0.77193,0.0,0.0,0.0,2.0,2.0,0.77193,0.2007
winter,2020-01-19,POOL_FLAT,0,8,0.3435899999999999,0.0,0.0,0.0,2.0,2.0,0.3435899999999999,0.2007
winter,2020-01-19,POOL_FLAT,0,9,0.59529,0.0,0.0,0.0,2.0,2.0,0.59529,0.2007
winter,2020-01-19,POOL_FLAT,0,10,0.88743,0.0,0.0,0.0,2.0,2.0,0.88743,0.2007
winter,2020-01-19,POOL_FLAT,0,11,0.76248,0.0,0.0,0.0,2.0,2.0,0.76248,0.2007
winter,2020-01-19,POOL_FLAT,0,12,0.2718399999999999,0.0,0.0,0.0,2.0,2.0,0.2718399999999999,0.2007
winter,2020-01-19,POOL_FLAT,0,13,0.19238,0.00076,0.0,0.0,2.0,2.0,0.19161999999999998,0.2007
winter,2020-01-19,POOL_FLAT,0,14,0.38896,0.0,0.0,0.0,2.0,2.0,0.38896,0.2007
winter,2020-01-19,POOL_FLAT,0,15,0.8579199999999999,0.0,0.0,0.0,2.0,2.0,0.8579199999999999,0.2007
winter,2020-01-19,POOL_FLAT,0,16,0.41683,0.0,0.0,0.0,2.0,2.0,0.41683,0.2007
winter,2020-01-19,POOL_FLAT,0,17,0.05145,0.0,0.0,0.0,2.0,2.0,0.05145,0.2007
winter,2020-01-19,POOL_FLAT,0,18,0.38722,0.0,0.0,0.0,2.0,2.0,0.38722,0.2007
winter,2020-01-19,POOL_FLAT,0,19,0.73333,0.0,0.0,0.0,2.0,2.0,0.73333,0.2007
winter,2020-01-19,POOL_FLAT,0,20,0.23467,0.0,0.0,0.0,2.0,2.0,0.23467,0.2007
winter,2020-01-19,POOL_FLAT,0,21,0.46942,0.0,0.0,0.0,2.0,2.0,0.46942,0.2007
winter,2020-01-19,POOL_FLAT,0,22,0.14336,0.0,0.0,0.0,2.0,2.0,0.14336,0.2007
winter,2020-01-19,POOL_FLAT,0,23,0.98003,0.00076,0.0,0.0,2.0,2.0,0.97927,0.2007
winter,2020-01-19,POOL_FLAT,0,24,1.18451,0.0,0.0,0.0,2.0,2.0,1.18451,0.2007
winter,2020-01-19,POOL_FLAT,0,25,0.08516,0.0,0.0,0.0,2.0,2.0,0.08516,0.2007
winter,2020-01-19,POOL_FLAT,0,26,0.66602,0.0,0.0,0.0,2.0,2.0,0.66602,0.2007
winter,2020-01-19,POOL_FLAT,0,27,0.77193,0.0,0.0,0.0,2.0,2.0,0.77193,0.2007
winter,2020-01-19,POOL_FLAT,0,28,0.3435899999999999,0.0,0.0,0.0,2.0,2.0,0.3435899999999999,0.2007
winter,2020-01-19,POOL_FLAT,0,29,0.59529,0.0,0.0,0.0,2.0,2.0,0.59529,0.2007
winter,2020-01-19,POOL_FLAT,0,30,0.88743,0.0,0.0,0.0,2.0,2.0,0.88743,0.2007
winter,2020-01-19,POOL_FLAT,0,31,0.76248,0.0,0.0,0.0,2.0,2.0,0.76248,0.2007
winter,2020-01-19,POOL_FLAT,0,32,0.2718399999999999,0.0,0.0,0.0,2.0,2.0,0.2718399999999999,0.2007
winter,2020-01-19,POOL_FLAT,0,33,0.19238,0.00076,0.0,0.0,2.0,2.0,0.19161999999999998,0.2007
winter,2020-01-19,POOL_FLAT,0,34,0.38896,0.0,0.0,0.0,2.0,2.0,0.38896,0.2007
winter,2020-01-19,POOL_FLAT,0,35,0.8579199999999999,0.0,0.0,0.0,2.0,2.0,0.8579199999999999,0.2007
winter,2020-01-19,POOL_FLAT,0,36,0.41683,0.0,0.0,0.0,2.0,2.0,0.41683,0.2007
winter,2020-01-19,POOL_FLAT,0,37,0.05145,0.0,0.0,0.0,2.0,2.0,0.05145,0.2007
winter,2020-01-19,POOL_FLAT,0,38,0.38722,0.0,0.0,0.0,2.0,2.0,0.38722,0.2007
winter,2020-01-19,POOL_FLAT,0,39,0.73333,0.0,0.0,0.0,2.0,2.0,0.73333,0.2007
winter,2020-01-19,POOL_FLAT,0,40,0.23467,0.0,0.0,0.0,2.0,2.0,0.23467,0.2007
winter,2020-01-19,POOL_FLAT,0,41,0.46942,0.0,0.0,0.0,2.0,2.0,0.46942,0.2007
winter,2020-01-19,POOL_FLAT,0,42,0.14336,0.0,0.0,0.0,2.0,2.0,0.14336,0.2007
winter,2020-01-19,POOL_FLAT,0,43,0.98003,0.00076,0.0,0.0,2.0,2.0,0.97927,0.2007
winter,2020-01-19,POOL_FLAT,0,44,1.18451,0.0,0.0,0.0,2.0,2.0,1.18451,0.2007
winter,2020-01-19,POOL_FLAT,0,45,0.08516,0.0,0.0,0.0,2.0,2.0,0.08516,0.2007
winter,2020-01-19,POOL_FLAT,0,46,0.66602,0.0,0.0,0.0,2.0,2.0,0.66602,0.2007
winter,2020-01-19,POOL_FLAT,0,47,0.77193,0.0,0.0,0.0,2.0,2.0,0.77193,0.2007
winter,2020-01-19,POOL_FLAT,0,48,0.3435899999999999,0.0,0.0,0.0,2.0,2.0,0.3435899999999999,0.2007
winter,2020-01-19,POOL_FLAT,0,49,0.59529,0.0,0.0,0.0,2.0,2.0,0.59529,0.2007
winter,2020-01-19,POOL_FLAT,0,50,0.88743,0.0,0.0,0.0,2.0,2.0,0.88743,0.2007
winter,2020-01-19,POOL_FLAT,0,51,0.76248,0.0,0.0,0.0,2.0,2.0,0.76248,0.2007
winter,2020-01-19,POOL_FLAT,0,52,0.2718399999999999,0.0,0.0,0.0,2.0,2.0,0.2718399999999999,0.2007
winter,2020-01-19,POOL_FLAT,0,53,0.19238,0.00076,0.0,0.0,2.0,2.0,0.19161999999999998,0.2007
winter,2020-01-19,POOL_FLAT,0,54,0.38896,0.0,0.0,0.0,2.0,2.0,0.38896,0.2007
winter,2020-01-19,POOL_FLAT,0,55,0.8579199999999999,0.0,0.0,0.0,2.0,2.0,0.8579199999999999,0.2007
winter,2020-01-19,POOL_FLAT,1,1,0.46144,0.0,0.0,0.0,2.0,2.0,0.46144,0.2007
winter,2020-01-19,POOL_FLAT,1,2,0.16539,0.0,0.0,0.0,2.0,2.0,0.16539,0.2007
winter,2020-01-19,POOL_FLAT,1,3,0.46997,0.0,0.0,0.0,2.0,2.0,0.46997,0.2007
winter,2020-01-19,POOL_FLAT,1,4,1.19836,0.0,0.0,0.0,2.0,2.0,1.19836,0.2007
winter,2020-01-19,POOL_FLAT,1,5,0.0879699999999999,0.0095,0.0,0.0,2.0,2.0,0.0784699999999999,0.2007
winter,2020-01-19,POOL_FLAT,1,6,0.41813,0.0,0.0,0.0,2.0,2.0,0.41813,0.2007
winter,2020-01-19,POOL_FLAT,1,7,2.98465,0.0,0.0,0.0,2.0,2.0,2.98465,0.2007
winter,2020-01-19,POOL_FLAT,1,8,3.15676,0.0,0.0,0.0,2.0,2.0,3.15676,0.2007
winter,2020-01-19,POOL_FLAT,1,9,0.26427,0.0,0.0,0.0,2.0,2.0,0.26427,0.2007
winter,2020-01-19,POOL_FLAT,1,10,2.8178400000000003,0.0,0.0,0.0,2.0,2.0,2.8178400000000003,0.2007
winter,2020-01-19,POOL_FLAT,1,11,0.28,0.0,0.0,0.0,2.0,2.0,0.28,0.2007
winter,2020-01-19,POOL_FLAT,1,12,0.13388,0.0,0.0,0.0,2.0,2.0,0.13388,0.2007
winter,2020-01-19,POOL_FLAT,1,13,0.18568,0.0,0.0,0.0,2.0,2.0,0.18568,0.2007
winter,2020-01-19,POOL_FLAT,1,14,0.23972,0.0,0.0,0.0,2.0,2.0,0.23972,0.2007
winter,2020-01-19,POOL_FLAT,1,15,0.45122,0.0095,0.0,0.0,2.0,2.0,0.44172,0.2007
winter,2020-01-19,POOL_FLAT,1,16,0.36337,0.0,0.0,0.0,2.0,2.0,0.36337,0.2007
winter,2020-01-19,POOL_FLAT,1,17,0.06622,0.0,0.0,0.0,2.0,2.0,0.06622,0.2007
winter,2020-01-19,POOL_FLAT,1,18,0.35807,0.0,0.0,0.0,2.0,2.0,0.35807,0.2007
winter,2020-01-19,POOL_FLAT,1,19,0.3718,0.0,0.0,0.0,2.0,2.0,0.3718,0.2007
winter,2020-01-19,POOL_FLAT,1,20,0.21303,0.0,0.0,0.0,2.0,2.0,0.21303,0.2007
winter,2020-01-19,POOL_FLAT,1,21,0.46144,0.0,0.0,0.0,2.0,2.0,0.46144,0.2007
winter,2020-01-19,POOL_FLAT,1,22,0.16539,0.0,0.0,0.0,2.0,2.0,0.16539,0.2007
winter,2020-01-19,POOL_FLAT,1,23,0.46997,0.0,0.0,0.0,2.0,2.0,0.46997,0.2007
winter,2020-01-19,POOL_FLAT,1,24,1.19836,0.0,0.0,0.0,2.0,2.0,1.19836,0.2007
winter,2020-01-19,POOL_FLAT,1,25,0.0879699999999999,0.0095,0.0,0.0,2.0,2.0,0.0784699999999999,0.2007
winter,2020-01-19,POOL_FLAT,1,26,0.41813,0.0,0.0,0.0,2.0,2.0,0.41813,0.2007
winter,2020-01-19,POOL_FLAT,1,27,2.98465,0.0,0.0,0.0,2.0,2.0,2.98465,0.2007
winter,2020-01-19,POOL_FLAT,1,28,3.15676,0.0,0.0,0.0,2.0,2.0,3.15676,0.2007
winter,2020-01-19,POOL_FLAT,1,29,0.26427,0.0,0.0,0.0,2.0,2.0,0.26427,0.2007
winter,2020-01-19,POOL_FLAT,1,30,2.8178400000000003,0.0,0.0,0.0,2.0,2.0,2.8178400000000003,0.2007
winter,2020-01-19,POOL_FLAT,1,31,0.28,0.0,0.0,0.0,2.0,2.0,0.28,0.2007
winter,2020-01-19,POOL_FLAT,1,32,0.13388,0.0,0.0,0.0,2.0,2.0,0.13388,0.2007
winter,2020-01-19,POOL_FLAT,1,33,0.18568,0.0,0.0,0.0,2.0,2.0,0.18568,0.2007
winter,2020-01-19,POOL_FLAT,1,34,0.23972,0.0,0.0,0.0,2.0,2.0,0.23972,0.2007
winter,2020-01-19,POOL_FLAT,1,35,0.45122,0.0095,0.0,0.0,2.0,2.0,0.44172,0.2007
winter,2020-01-19,POOL_FLAT,1,36,0.36337,0.0,0.0,0.0,2.0,2.0,0.36337,0.2007
winter,2020-01-19,POOL_FLAT,1,37,0.06622,0.0,0.0,0.0,2.0,2.0,0.06622,0.2007
winter,2020-01-19,POOL_FLAT,1,38,0.35807,0.0,0.0,0.0,2.0,2.0,0.35807,0.2007
winter,2020-01-19,POOL_FLAT,1,39,0.3718,0.0,0.0,0.0,2.0,2.0,0.3718,0.2007
winter,2020-01-19,POOL_FLAT,1,40,0.21303,0.0,0.0,0.0,2.0,2.0,0.21303,0.2007
winter,2020-01-19,POOL_FLAT,1,41,0.46144,0.0,0.0,0.0,2.0,2.0,0.46144,0.2007
winter,2020-01-19,POOL_FLAT,1,42,0.16539,0.0,0.0,0.0,2.0,2.0,0.16539,0.2007
winter,2020-01-19,POOL_FLAT,1,43,0.46997,0.0,0.0,0.0,2.0,2.0,0.46997,0.2007
winter,2020-01-19,POOL_FLAT,1,44,1.19836,0.0,0.0,0.0,2.0,2.0,1.19836,0.2007
winter,2020-01-19,POOL_FLAT,1,45,0.0879699999999999,0.0095,0.0,0.0,2.0,2.0,0.0784699999999999,0.2007
winter,2020-01-19,POOL_FLAT,1,46,0.41813,0.0,0.0,0.0,2.0,2.0,0.41813,0.2007
winter,2020-01-19,POOL_FLAT,1,47,2.98465,0.0,0.0,0.0,2.0,2.0,2.98465,0.2007
winter,2020-01-19,POOL_FLAT,1,48,3.15676,0.0,0.0,0.0,2.0,2.0,3.15676,0.2007
winter,2020-01-19,POOL_FLAT,1,49,0.26427,0.0,0.0,0.0,2.0,2.0,0.26427,0.2007
winter,2020-01-19,POOL_FLAT,1,50,2.8178400000000003,0.0,0.0,0.0,2.0,2.0,2.8178400000000003,0.2007
winter,2020-01-19,POOL_FLAT,1,51,0.28,0.0,0.0,0.0,2.0,2.0,0.28,0.2007
winter,2020-01-19,POOL_FLAT,1,52,0.13388,0.0,0.0,0.0,2.0,2.0,0.13388,0.2007
winter,2020-01-19,POOL_FLAT,1,53,0.18568,0.0,0.0,0.0,2.0,2.0,0.18568,0.2007
winter,2020-01-19,POOL_FLAT,1,54,0.23972,0.0,0.0,0.0,2.0,2.0,0.23972,0.2007
winter,2020-01-19,POOL_FLAT,1,55,0.45122,0.0095,0.0,0.0,2.0,2.0,0.44172,0.2007
winter,2020-01-19,POOL_FLAT,2,1,0.49073,0.0,0.0,0.0,2.0,2.0,0.49073,0.2007
winter,2020-01-19,POOL_FLAT,2,2,0.16926,0.000675,0.0,0.0,2.0,2.0,0.16858499999999998,0.2007
winter,2020-01-19,POOL_FLAT,2,3,0.280615,0.0001,0.0,0.0,2.0,2.0,0.280515,0.2007
winter,2020-01-19,POOL_FLAT,2,4,1.21503,0.0,0.0,0.0,2.0,2.0,1.21503,0.2007
winter,2020-01-19,POOL_FLAT,2,5,0.08989,0.00068,0.0,0.0,2.0,2.0,0.08921,0.2007
winter,2020-01-19,POOL_FLAT,2,6,0.22774,0.0,0.0,0.0,2.0,2.0,0.22774,0.2007
winter,2020-01-19,POOL_FLAT,2,7,3.23071,0.0,0.0,0.0,2.0,2.0,3.23071,0.2007
winter,2020-01-19,POOL_FLAT,2,8,3.2867800000000003,0.0,0.0,0.0,2.0,2.0,3.2867800000000003,0.2007
winter,2020-01-19,POOL_FLAT,2,9,0.212445,0.0,0.0,0.0,2.0,2.0,0.212445,0.2007
winter,2020-01-19,POOL_FLAT,2,10,2.87623,0.0,0.0,0.0,2.0,2.0,2.87623,0.2007
winter,2020-01-19,POOL_FLAT,2,11,0.22441,0.0,0.0,0.0,2.0,2.0,0.22441,0.2007
winter,2020-01-19,POOL_FLAT,2,12,0.10595,0.000675,0.0,0.0,2.0,2.0,0.10527500000000001,0.2007
winter,2020-01-19,POOL_FLAT,2,13,0.18572,0.0001,0.0,0.0,2.0,2.0,0.18562,0.2007
winter,2020-01-19,POOL_FLAT,2,14,0.2545,0.0,0.0,0.0,2.0,2.0,0.2545,0.2007
winter,2020-01-19,POOL_FLAT,2,15,0.17254,0.00068,0.0,0.0,2.0,2.0,0.17186,0.2007
winter,2020-01-19,POOL_FLAT,2,16,0.31737,0.0,0.0,0.0,2.0,2.0,0.31737,0.2007
winter,2020-01-19,POOL_FLAT,2,17,0.04118,0.0,0.0,0.0,2.0,2.0,0.04118,0.2007
winter,2020-01-19,POOL_FLAT,2,18,0.6720499999999999,0.0,0.0,0.0,2.0,2.0,0.6720499999999999,0.2007
winter,2020-01-19,POOL_FLAT,2,19,0.16955,0.0,0.0,0.0,2.0,2.0,0.16955,0.2007
winter,2020-01-19,POOL_FLAT,2,20,0.11077,0.0,0.0,0.0,2.0,2.0,0.11077,0.2007
winter,2020-01-19,POOL_FLAT,2,21,0.49073,0.0,0.0,0.0,2.0,2.0,0.49073,0.2007
winter,2020-01-19,POOL_FLAT,2,22,0.16926,0.000675,0.0,0.0,2.0,2.0,0.16858499999999998,0.2007
winter,2020-01-19,POOL_FLAT,2,23,0.280615,0.0001,0.0,0.0,2.0,2.0,0.280515,0.2007
winter,2020-01-19,POOL_FLAT,2,24,1.21503,0.0,0.0,0.0,2.0,2.0,1.21503,0.2007
winter,2020-01-19,POOL_FLAT,2,25,0.08989,0.00068,0.0,0.0,2.0,2.0,0.08921,0.2007
winter,2020-01-19,POOL_FLAT,2,26,0.22774,0.0,0.0,0.0,2.0,2.0,0.22774,0.2007
winter,2020-01-19,POOL_FLAT,2,27,3.23071,0.0,0.0,0.0,2.0,2.0,3.23071,0.2007
winter,2020-01-19,POOL_FLAT,2,28,3.2867800000000003,0.0,0.0,0.0,2.0,2.0,3.2867800000000003,0.2007
winter,2020-01-19,POOL_FLAT,2,29,0.212445,0.0,0.0,0.0,2.0,2.0,0.212445,0.2007
winter,2020-01-19,POOL_FLAT,2,30,2.87623,0.0,0.0,0.0,2.0,2.0,2.87623,0.2007
winter,2020-01-19,POOL_FLAT,2,31,0.22441,0.0,0.0,0.0,2.0,2.0,0.22441,0.2007
winter,2020-01-19,POOL_FLAT,2,32,0.10595,0.000675,0.0,0.0,2.0,2.0,0.10527500000000001,0.2007
winter,2020-01-19,POOL_FLAT,2,33,0.18572,0.0001,0.0,0.0,2.0,2.0,0.18562,0.2007
winter,2020-01-19,POOL_FLAT,2,34,0.2545,0.0,0.0,0.0,2.0,2.0,0.2545,0.2007
winter,2020-01-19,POOL_FLAT,2,35,0.17254,0.00068,0.0,0.0,2.0,2.0,0.17186,0.2007
winter,2020-01-19,POOL_FLAT,2,36,0.31737,0.0,0.0,0.0,2.0,2.0,0.31737,0.2007
winter,2020-01-19,POOL_FLAT,2,37,0.04118,0.0,0.0,0.0,2.0,2.0,0.04118,0.2007
winter,2020-01-19,POOL_FLAT,2,38,0.6720499999999999,0.0,0.0,0.0,2.0,2.0,0.6720499999999999,0.2007
winter,2020-01-19,POOL_FLAT,2,39,0.16955,0.0,0.0,0.0,2.0,2.0,0.16955,0.2007
winter,2020-01-19,POOL_FLAT,2,40,0.11077,0.0,0.0,0.0,2.0,2.0,0.11077,0.2007
winter,2020-01-19,POOL_FLAT,2,41,0.49073,0.0,0.0,0.0,2.0,2.0,0.49073,0.2007
winter,2020-01-19,POOL_FLAT,2,42,0.16926,0.000675,0.0,0.0,2.0,2.0,0.16858499999999998,0.2007
winter,2020-01-19,POOL_FLAT,2,43,0.280615,0.0001,0.0,0.0,2.0,2.0,0.280515,0.2007
winter,2020-01-19,POOL_FLAT,2,44,1.21503,0.0,0.0,0.0,2.0,2.0,1.21503,0.2007
winter,2020-01-19,POOL_FLAT,2,45,0.08989,0.00068,0.0,0.0,2.0,2.0,0.08921,0.2007
winter,2020-01-19,POOL_FLAT,2,46,0.22774,0.0,0.0,0.0,2.0,2.0,0.22774,0.2007
winter,2020-01-19,POOL_FLAT,2,47,3.23071,0.0,0.0,0.0,2.0,2.0,3.23071,0.2007
winter,2020-01-19,POOL_FLAT,2,48,3.2867800000000003,0.0,0.0,0.0,2.0,2.0,3.2867800000000003,0.2007
winter,2020-01-19,POOL_FLAT,2,49,0.212445,0.0,0.0,0.0,2.0,2.0,0.212445,0.2007
winter,2020-01-19,POOL_FLAT,2,50,2.87623,0.0,0.0,0.0,2.0,2.0,2.87623,0.2007
winter,2020-01-19,POOL_FLAT,2,51,0.22441,0.0,0.0,0.0,2.0,2.0,0.22441,0.2007
winter,2020-01-19,POOL_FLAT,2,52,0.10595,0.000675,0.0,0.0,2.0,2.0,0.10527500000000001,0.2007
winter,2020-01-19,POOL_FLAT,2,53,0.18572,0.0001,0.0,0.0,2.0,2.0,0.18562,0.2007
winter,2020-01-19,POOL_FLAT,2,54,0.2545,0.0,0.0,0.0,2.0,2.0,0.2545,0.2007
winter,2020-01-19,POOL_FLAT,2,55,0.17254,0.00068,0.0,0.0,2.0,2.0,0.17186,0.2007
winter,2020-01-19,POOL_FLAT,3,1,0.465755,0.0,0.0,0.0,2.0,2.0,0.465755,0.2007
winter,2020-01-19,POOL_FLAT,3,2,0.16897,0.0,0.0,0.0,2.0,2.0,0.16897,0.2007
winter,2020-01-19,POOL_FLAT,3,3,0.1866399999999999,0.0001199999999999,0.0,0.0,2.0,2.0,0.18652,0.2007
winter,2020-01-19,POOL_FLAT,3,4,1.16099,0.0,0.0,0.0,2.0,2.0,1.16099,0.2007
winter,2020-01-19,POOL_FLAT,3,5,0.09126,0.0,0.0,0.0,2.0,2.0,0.09126,0.2007
winter,2020-01-19,POOL_FLAT,3,6,0.02234,0.0,0.0,0.0,2.0,2.0,0.02234,0.2007
winter,2020-01-19,POOL_FLAT,3,7,3.109,0.0,0.0,0.0,2.0,2.0,3.109,0.2007
winter,2020-01-19,POOL_FLAT,3,8,3.2398200000000004,0.0,0.0,0.0,2.0,2.0,3.2398200000000004,0.2007
winter,2020-01-19,POOL_FLAT,3,9,0.42926,0.0,0.0,0.0,2.0,2.0,0.42926,0.2007
winter,2020-01-19,POOL_FLAT,3,10,2.0835749999999997,0.0,0.0,0.0,2.0,2.0,2.0835749999999997,0.2007
winter,2020-01-19,POOL_FLAT,3,11,0.25261,0.0,0.0,0.0,2.0,2.0,0.25261,0.2007
winter,2020-01-19,POOL_FLAT,3,12,0.137175,0.0,0.0,0.0,2.0,2.0,0.137175,0.2007
winter,2020-01-19,POOL_FLAT,3,13,0.18566,0.0001199999999999,0.0,0.0,2.0,2.0,0.1855400000000001,0.2007
winter,2020-01-19,POOL_FLAT,3,14,0.23723,0.0,0.0,0.0,2.0,2.0,0.23723,0.2007
winter,2020-01-19,POOL_FLAT,3,15,0.15339,0.0,0.0,0.0,2.0,2.0,0.15339,0.2007
winter,2020-01-19,POOL_FLAT,3,16,0.30463,0.0,0.0,0.0,2.0,2.0,0.30463,0.2007
winter,2020-01-19,POOL_FLAT,3,17,0.04154,0.0,0.0,0.0,2.0,2.0,0.04154,0.2007
winter,2020-01-19,POOL_FLAT,3,18,0.31318,0.0,0.0,0.0,2.0,2.0,0.31318,0.2007
winter,2020-01-19,POOL_FLAT,3,19,0.16728,0.0,0.0,0.0,2.0,2.0,0.16728,0.2007
winter,2020-01-19,POOL_FLAT,3,20,0.06895,0.0,0.0,0.0,2.0,2.0,0.06895,0.2007
winter,2020-01-19,POOL_FLAT,3,21,0.465755,0.0,0.0,0.0,2.0,2.0,0.465755,0.2007
winter,2020-01-19,POOL_FLAT,3,22,0.16897,0.0,0.0,0.0,2.0,2.0,0.16897,0.2007
winter,2020-01-19,POOL_FLAT,3,23,0.1866399999999999,0.0001199999999999,0.0,0.0,2.0,2.0,0.18652,0.2007
winter,2020-01-19,POOL_FLAT,3,24,1.16099,0.0,0.0,0.0,2.0,2.0,1.16099,0.2007
winter,2020-01-19,POOL_FLAT,3,25,0.09126,0.0,0.0,0.0,2.0,2.0,0.09126,0.2007
winter,2020-01-19,POOL_FLAT,3,26,0.02234,0.0,0.0,0.0,2.0,2.0,0.02234,0.2007
winter,2020-01-19,POOL_FLAT,3,27,3.109,0.0,0.0,0.0,2.0,2.0,3.109,0.2007
winter,2020-01-19,POOL_FLAT,3,28,3.2398200000000004,0.0,0.0,0.0,2.0,2.0,3.2398200000000004,0.2007
winter,2020-01-19,POOL_FLAT,3,29,0.42926,0.0,0.0,0.0,2.0,2.0,0.42926,0.2007
winter,2020-01-19,POOL_FLAT,3,30,2.0835749999999997,0.0,0.0,0.0,2.0,2.0,2.0835749999999997,0.2007
winter,2020-01-19,POOL_FLAT,3,31,0.25261,0.0,0.0,0.0,2.0,2.0,0.25261,0.2007
winter,2020-01-19,POOL_FLAT,3,32,0.137175,0.0,0.0,0.0,2.0,2.0,0.137175,0.2007
winter,2020-01-19,POOL_FLAT,3,33,0.18566,0.0001199999999999,0.0,0.0,2.0,2.0,0.1855400000000001,0.2007
winter,2020-01-19,POOL_FLAT,3,34,0.23723,0.0,0.0,0.0,2.0,2.0,0.23723,0.2007
winter,2020-01-19,POOL_FLAT,3,35,0.15339,0.0,0.0,0.0,2.0,2.0,0.15339,0.2007
winter,2020-01-19,POOL_FLAT,3,36,0.30463,0.0,0.0,0.0,2.0,2.0,0.30463,0.2007
winter,2020-01-19,POOL_FLAT,3,37,0.04154,0.0,0.0,0.0,2.0,2.0,0.04154,0.2007
winter,2020-01-19,POOL_FLAT,3,38,0.31318,0.0,0.0,0.0,2.0,2.0,0.31318,0.2007
winter,2020-01-19,POOL_FLAT,3,39,0.16728,0.0,0.0,0.0,2.0,2.0,0.16728,0.2007
winter,2020-01-19,POOL_FLAT,3,40,0.06895,0.0,0.0,0.0,2.0,2.0,0.06895,0.2007
winter,2020-01-19,POOL_FLAT,3,41,0.465755,0.0,0.0,0.0,2.0,2.0,0.465755,0.2007
winter,2020-01-19,POOL_FLAT,3,42,0.16897,0.0,0.0,0.0,2.0,2.0,0.16897,0.2007
winter,2020-01-19,POOL_FLAT,3,43,0.1866399999999999,0.0001199999999999,0.0,0.0,2.0,2.0,0.18652,0.2007
winter,2020-01-19,POOL_FLAT,3,44,1.16099,0.0,0.0,0.0,2.0,2.0,1.16099,0.2007
winter,2020-01-19,POOL_FLAT,3,45,0.09126,0.0,0.0,0.0,2.0,2.0,0.09126,0.2007
winter,2020-01-19,POOL_FLAT,3,46,0.02234,0.0,0.0,0.0,2.0,2.0,0.02234,0.2007
winter,2020-01-19,POOL_FLAT,3,47,3.109,0.0,0.0,0.0,2.0,2.0,3.109,0.2007
winter,2020-01-19,POOL_FLAT,3,48,3.2398200000000004,0.0,0.0,0.0,2.0,2.0,3.2398200000000004,0.2007
winter,2020-01-19,POOL_FLAT,3,49,0.42926,0.0,0.0,0.0,2.0,2.0,0.42926,0.2007
winter,2020-01-19,POOL_FLAT,3,50,2.0835749999999997,0.0,0.0,0.0,2.0,2.0,2.0835749999999997,0.2007
winter,2020-01-19,POOL_FLAT,3,51,0.25261,0.0,0.0,0.0,2.0,2.0,0.25261,0.2007
winter,2020-01-19,POOL_FLAT,3,52,0.137175,0.0,0.0,0.0,2.0,2.0,0.137175,0.2007
winter,2020-01-19,POOL_FLAT,3,53,0.18566,0.0001199999999999,0.0,0.0,2.0,2.0,0.1855400000000001,0.2007
winter,2020-01-19,POOL_FLAT,3,54,0.23723,0.0,0.0,0.0,2.0,2.0,0.23723,0.2007
winter,2020-01-19,POOL_FLAT,3,55,0.15339,0.0,0.0,0.0,2.0,2.0,0.15339,0.2007
winter,2020-01-19,POOL_FLAT,4,1,0.4915799999999999,0.0,0.0,0.0,2.0,2.0,0.4915799999999999,0.2007
winter,2020-01-19,POOL_FLAT,4,2,0.12237,0.0,0.0,0.0,2.0,2.0,0.12237,0.2007
winter,2020-01-19,POOL_FLAT,4,3,0.21517,0.0,0.0,0.0,2.0,2.0,0.21517,0.2007
winter,2020-01-19,POOL_FLAT,4,4,1.13746,0.0,0.0,0.0,2.0,2.0,1.13746,0.2007
winter,2020-01-19,POOL_FLAT,4,5,0.09315,0.0,0.0,0.0,2.0,2.0,0.09315,0.2007
winter,2020-01-19,POOL_FLAT,4,6,0.32393,0.0,0.0,0.0,2.0,2.0,0.32393,0.2007
winter,2020-01-19,POOL_FLAT,4,7,0.5422100000000001,0.0,0.0,0.0,2.0,2.0,0.5422100000000001,0.2007
winter,2020-01-19,POOL_FLAT,4,8,0.34132,0.0,0.0,0.0,2.0,2.0,0.34132,0.2007
winter,2020-01-19,POOL_FLAT,4,9,0.19088,0.0,0.0,0.0,2.0,2.0,0.19088,0.2007
winter,2020-01-19,POOL_FLAT,4,10,0.1279,0.0,0.0,0.0,2.0,2.0,0.1279,0.2007
winter,2020-01-19,POOL_FLAT,4,11,0.22688,0.0,0.0,0.0,2.0,2.0,0.22688,0.2007
winter,2020-01-19,POOL_FLAT,4,12,0.14414,0.0,0.0,0.0,2.0,2.0,0.14414,0.2007
winter,2020-01-19,POOL_FLAT,4,13,0.51488,0.0,0.0,0.0,2.0,2.0,0.51488,0.2007
winter,2020-01-19,POOL_FLAT,4,14,0.23438,0.0,0.0,0.0,2.0,2.0,0.23438,0.2007
winter,2020-01-19,POOL_FLAT,4,15,0.18492,0.0,0.0,0.0,2.0,2.0,0.18492,0.2007
winter,2020-01-19,POOL_FLAT,4,16,0.30766,0.0,0.0,0.0,2.0,2.0,0.30766,0.2007
winter,2020-01-19,POOL_FLAT,4,17,0.040715,0.0,0.0,0.0,2.0,2.0,0.040715,0.2007
winter,2020-01-19,POOL_FLAT,4,18,0.33394,0.0,0.0,0.0,2.0,2.0,0.33394,0.2007
winter,2020-01-19,POOL_FLAT,4,19,0.22365,0.0,0.0,0.0,2.0,2.0,0.22365,0.2007
winter,2020-01-19,POOL_FLAT,4,20,0.06943,0.0,0.0,0.0,2.0,2.0,0.06943,0.2007
winter,2020-01-19,POOL_FLAT,4,21,0.4915799999999999,0.0,0.0,0.0,2.0,2.0,0.4915799999999999,0.2007
winter,2020-01-19,POOL_FLAT,4,22,0.12237,0.0,0.0,0.0,2.0,2.0,0.12237,0.2007
winter,2020-01-19,POOL_FLAT,4,23,0.21517,0.0,0.0,0.0,2.0,2.0,0.21517,0.2007
winter,2020-01-19,POOL_FLAT,4,24,1.13746,0.0,0.0,0.0,2.0,2.0,1.13746,0.2007
winter,2020-01-19,POOL_FLAT,4,25,0.09315,0.0,0.0,0.0,2.0,2.0,0.09315,0.2007
winter,2020-01-19,POOL_FLAT,4,26,0.32393,0.0,0.0,0.0,2.0,2.0,0.32393,0.2007
winter,2020-01-19,POOL_FLAT,4,27,0.5422100000000001,0.0,0.0,0.0,2.0,2.0,0.5422100000000001,0.2007
winter,2020-01-19,POOL_FLAT,4,28,0.34132,0.0,0.0,0.0,2.0,2.0,0.34132,0.2007
winter,2020-01-19,POOL_FLAT,4,29,0.19088,0.0,0.0,0.0,2.0,2.0,0.19088,0.2007
winter,2020-01-19,POOL_FLAT,4,30,0.1279,0.0,0.0,0.0,2.0,2.0,0.1279,0.2007
winter,2020-01-19,POOL_FLAT,4,31,0.22688,0.0,0.0,0.0,2.0,2.0,0.22688,0.2007
winter,2020-01-19,POOL_FLAT,4,32,0.14414,0.0,0.0,0.0,2.0,2.0,0.14414,0.2007
winter,2020-01-19,POOL_FLAT,4,33,0.51488,0.0,0.0,0.0,2.0,2.0,0.51488,0.2007
winter,2020-01-19,POOL_FLAT,4,34,0.23438,0.0,0.0,0.0,2.0,2.0,0.23438,0.2007
winter,2020-01-19,POOL_FLAT,4,35,0.18492,0.0,0.0,0.0,2.0,2.0,0.18492,0.2007
winter,2020-01-19,POOL_FLAT,4,36,0.30766,0.0,0.0,0.0,2.0,2.0,0.30766,0.2007
winter,2020-01-19,POOL_FLAT,4,37,0.040715,0.0,0.0,0.0,2.0,2.0,0.040715,0.2007
winter,2020-01-19,POOL_FLAT,4,38,0.33394,0.0,0.0,0.0,2.0,2.0,0.33394,0.2007
winter,2020-01-19,POOL_FLAT,4,39,0.22365,0.0,0.0,0.0,2.0,2.0,0.22365,0.2007
winter,2020-01-19,POOL_FLAT,4,40,0.06943,0.0,0.0,0.0,2.0,2.0,0.06943,0.2007
winter,2020-01-19,POOL_FLAT,4,41,0.4915799999999999,0.0,0.0,0.0,2.0,2.0,0.4915799999999999,0.2007
winter,2020-01-19,POOL_FLAT,4,42,0.12237,0.0,0.0,0.0,2.0,2.0,0.12237,0.2007
winter,2020-01-19,POOL_FLAT,4,43,0.21517,0.0,0.0,0.0,2.0,2.0,0.21517,0.2007
winter,2020-01-19,POOL_FLAT,4,44,1.13746,0.0,0.0,0.0,2.0,2.0,1.13746,0.2007
winter,2020-01-19,POOL_FLAT,4,45,0.09315,0.0,0.0,0.0,2.0,2.0,0.09315,0.2007
winter,2020-01-19,POOL_FLAT,4,46,0.32393,0.0,0.0,0.0,2.0,2.0,0.32393,0.2007
winter,2020-01-19,POOL_FLAT,4,47,0.5422100000000001,0.0,0.0,0.0,2.0,2.0,0.5422100000000001,0.2007
winter,2020-01-19,POOL_FLAT,4,48,0.34132,0.0,0.0,0.0,2.0,2.0,0.34132,0.2007
winter,2020-01-19,POOL_FLAT,4,49,0.19088,0.0,0.0,0.0,2.0,2.0,0.19088,0.2007
winter,2020-01-19,POOL_FLAT,4,50,0.1279,0.0,0.0,0.0,2.0,2.0,0.1279,0.2007
winter,2020-01-19,POOL_FLAT,4,51,0.22688,0.0,0.0,0.0,2.0,2.0,0.22688,0.2007
winter,2020-01-19,POOL_FLAT,4,52,0.14414,0.0,0.0,0.0,2.0,2.0,0.14414,0.2007
winter,2020-01-19,POOL_FLAT,4,53,0.51488,0.0,0.0,0.0,2.0,2.0,0.51488,0.2007
winter,2020-01-19,POOL_FLAT,4,54,0.23438,0.0,0.0,0.0,2.0,2.0,0.23438,0.2007
winter,2020-01-19,POOL_FLAT,4,55,0.18492,0.0,0.0,0.0,2.0,2.0,0.18492,0.2007
winter,2020-01-19,POOL_FLAT,5,1,0.47675,0.0,0.0,0.0,2.0,2.0,0.47675,0.2007
winter,2020-01-19,POOL_FLAT,5,2,0.14314,0.0,0.0,0.0,2.0,2.0,0.14314,0.2007
winter,2020-01-19,POOL_FLAT,5,3,0.1912299999999999,0.0,0.0,0.0,2.0,2.0,0.1912299999999999,0.2007
winter,2020-01-19,POOL_FLAT,5,4,1.06387,0.0,0.0,0.0,2.0,2.0,1.06387,0.2007
winter,2020-01-19,POOL_FLAT,5,5,0.087,0.0,0.0,0.0,2.0,2.0,0.087,0.2007
winter,2020-01-19,POOL_FLAT,5,6,0.2822099999999999,0.0,0.0,0.0,2.0,2.0,0.2822099999999999,0.2007
winter,2020-01-19,POOL_FLAT,5,7,0.2604599999999999,0.0,0.0,0.0,2.0,2.0,0.2604599999999999,0.2007
winter,2020-01-19,POOL_FLAT,5,8,0.2374399999999999,0.0,0.0,0.0,2.0,2.0,0.2374399999999999,0.2007
winter,2020-01-19,POOL_FLAT,5,9,0.1501299999999999,0.0,0.0,0.0,2.0,2.0,0.1501299999999999,0.2007
winter,2020-01-19,POOL_FLAT,5,10,0.0899399999999999,0.0,0.0,0.0,2.0,2.0,0.0899399999999999,0.2007
winter,2020-01-19,POOL_FLAT,5,11,0.24211,0.0,0.0,0.0,2.0,2.0,0.24211,0.2007
winter,2020-01-19,POOL_FLAT,5,12,0.10857,0.0,0.0,0.0,2.0,2.0,0.10857,0.2007
winter,2020-01-19,POOL_FLAT,5,13,0.43997,0.0,0.0,0.0,2.0,2.0,0.43997,0.2007
winter,2020-01-19,POOL_FLAT,5,14,0.24752,0.0,0.0,0.0,2.0,2.0,0.24752,0.2007
winter,2020-01-19,POOL_FLAT,5,15,0.37299,0.0,0.0,0.0,2.0,2.0,0.37299,0.2007
winter,2020-01-19,POOL_FLAT,5,16,0.4161499999999999,0.0,0.0,0.0,2.0,2.0,0.4161499999999999,0.2007
winter,2020-01-19,POOL_FLAT,5,17,0.04873,0.0,0.0,0.0,2.0,2.0,0.04873,0.2007
winter,2020-01-19,POOL_FLAT,5,18,0.29648,0.0,0.0,0.0,2.0,2.0,0.29648,0.2007
winter,2020-01-19,POOL_FLAT,5,19,0.26607,0.0,0.0,0.0,2.0,2.0,0.26607,0.2007
winter,2020-01-19,POOL_FLAT,5,20,0.10792,0.0,0.0,0.0,2.0,2.0,0.10792,0.2007
winter,2020-01-19,POOL_FLAT,5,21,0.47675,0.0,0.0,0.0,2.0,2.0,0.47675,0.2007
winter,2020-01-19,POOL_FLAT,5,22,0.14314,0.0,0.0,0.0,2.0,2.0,0.14314,0.2007
winter,2020-01-19,POOL_FLAT,5,23,0.1912299999999999,0.0,0.0,0.0,2.0,2.0,0.1912299999999999,0.2007
winter,2020-01-19,POOL_FLAT,5,24,1.06387,0.0,0.0,0.0,2.0,2.0,1.06387,0.2007
winter,2020-01-19,POOL_FLAT,5,25,0.087,0.0,0.0,0.0,2.0,2.0,0.087,0.2007
winter,2020-01-19,POOL_FLAT,5,26,0.2822099999999999,0.0,0.0,0.0,2.0,2.0,0.2822099999999999,0.2007
winter,2020-01-19,POOL_FLAT,5,27,0.2604599999999999,0.0,0.0,0.0,2.0,2.0,0.2604599999999999,0.2007
winter,2020-01-19,POOL_FLAT,5,28,0.2374399999999999,0.0,0.0,0.0,2.0,2.0,0.2374399999999999,0.2007
winter,2020-01-19,POOL_FLAT,5,29,0.1501299999999999,0.0,0.0,0.0,2.0,2.0,0.1501299999999999,0.2007
winter,2020-01-19,POOL_FLAT,5,30,0.0899399999999999,0.0,0.0,0.0,2.0,2.0,0.0899399999999999,0.2007
winter,2020-01-19,POOL_FLAT,5,31,0.24211,0.0,0.0,0.0,2.0,2.0,0.24211,0.2007
winter,2020-01-19,POOL_FLAT,5,32,0.10857,0.0,0.0,0.0,2.0,2.0,0.10857,0.2007
winter,2020-01-19,POOL_FLAT,5,33,0.43997,0.0,0.0,0.0,2.0,2.0,0.43997,0.2007
winter,2020-01-19,POOL_FLAT,5,34,0.24752,0.0,0.0,0.0,2.0,2.0,0.24752,0.2007
winter,2020-01-19,POOL_FLAT,5,35,0.37299,0.0,0.0,0.0,2.0,2.0,0.37299,0.2007
winter,2020-01-19,POOL_FLAT,5,36,0.4161499999999999,0.0,0.0,0.0,2.0,2.0,0.4161499999999999,0.2007
winter,2020-01-19,POOL_FLAT,5,37,0.04873,0.0,0.0,0.0,2.0,2.0,0.04873,0.2007
winter,2020-01-19,POOL_FLAT,5,38,0.29648,0.0,0.0,0.0,2.0,2.0,0.29648,0.2007
winter,2020-01-19,POOL_FLAT,5,39,0.26607,0.0,0.0,0.0,2.0,2.0,0.26607,0.2007
winter,2020-01-19,POOL_FLAT,5,40,0.10792,0.0,0.0,0.0,2.0,2.0,0.10792,0.2007
winter,2020-01-19,POOL_FLAT,5,41,0.47675,0.0,0.0,0.0,2.0,2.0,0.47675,0.2007
winter,2020-01-19,POOL_FLAT,5,42,0.14314,0.0,0.0,0.0,2.0,2.0,0.14314,0.2007
winter,2020-01-19,POOL_FLAT,5,43,0.1912299999999999,0.0,0.0,0.0,2.0,2.0,0.1912299999999999,0.2007
winter,2020-01-19,POOL_FLAT,5,44,1.06387,0.0,0.0,0.0,2.0,2.0,1.06387,0.2007
winter,2020-01-19,POOL_FLAT,5,45,0.087,0.0,0.0,0.0,2.0,2.0,0.087,0.2007
winter,2020-01-19,POOL_FLAT,5,46,0.2822099999999999,0.0,0.0,0.0,2.0,2.0,0.2822099999999999,0.2007
winter,2020-01-19,POOL_FLAT,5,47,0.2604599999999999,0.0,0.0,0.0,2.0,2.0,0.2604599999999999,0.2007
winter,2020-01-19,POOL_FLAT,5,48,0.2374399999999999,0.0,0.0,0.0,2.0,2.0,0.2374399999999999,0.2007
winter,2020-01-19,POOL_FLAT,5,49,0.1501299999999999,0.0,0.0,0.0,2.0,2.0,0.1501299999999999,0.2007
winter,2020-01-19,POOL_FLAT,5,50,0.0899399999999999,0.0,0.0,0.0,2.0,2.0,0.0899399999999999,0.2007
winter,2020-01-19,POOL_FLAT,5,51,0.24211,0.0,0.0,0.0,2.0,2.0,0.24211,0.2007
winter,2020-01-19,POOL_FLAT,5,52,0.10857,0.0,0.0,0.0,2.0,2.0,0.10857,0.2007
winter,2020-01-19,POOL_FLAT,5,53,0.43997,0.0,0.0,0.0,2.0,2.0,0.43997,0.2007
winter,2020-01-19,POOL_FLAT,5,54,0.24752,0.0,0.0,0.0,2.0,2.0,0.24752,0.2007
winter,2020-01-19,POOL_FLAT,5,55,0.37299,0.0,0.0,0.0,2.0,2.0,0.37299,0.2007
winter,2020-01-19,POOL_FLAT,6,1,0.50644,0.0,0.0,0.0,2.0,2.0,0.50644,0.2007
winter,2020-01-19,POOL_FLAT,6,2,0.12776,0.0,0.0,0.0,2.0,2.0,0.12776,0.2007
winter,2020-01-19,POOL_FLAT,6,3,1.22307,0.0,0.0,0.0,2.0,2.0,1.22307,0.2007
winter,2020-01-19,POOL_FLAT,6,4,1.17881,0.0,0.0,0.0,2.0,2.0,1.17881,0.2007
winter,2020-01-19,POOL_FLAT,6,5,0.1167899999999999,0.0,0.0,0.0,2.0,2.0,0.1167899999999999,0.2007
winter,2020-01-19,POOL_FLAT,6,6,0.46588,0.0,0.0,0.0,2.0,2.0,0.46588,0.2007
winter,2020-01-19,POOL_FLAT,6,7,0.30487,0.0,0.0,0.0,2.0,2.0,0.30487,0.2007
winter,2020-01-19,POOL_FLAT,6,8,0.20527,0.0,0.0,0.0,2.0,2.0,0.20527,0.2007
winter,2020-01-19,POOL_FLAT,6,9,0.23306,0.0,0.0,0.0,2.0,2.0,0.23306,0.2007
winter,2020-01-19,POOL_FLAT,6,10,0.40293,0.0,0.0,0.0,2.0,2.0,0.40293,0.2007
winter,2020-01-19,POOL_FLAT,6,11,2.5975300000000003,0.0,0.0,0.0,2.0,2.0,2.5975300000000003,0.2007
winter,2020-01-19,POOL_FLAT,6,12,0.14171,0.0,0.0,0.0,2.0,2.0,0.14171,0.2007
winter,2020-01-19,POOL_FLAT,6,13,0.84017,0.0,0.0,0.0,2.0,2.0,0.84017,0.2007
winter,2020-01-19,POOL_FLAT,6,14,0.31962,0.0,0.0,0.0,2.0,2.0,0.31962,0.2007
winter,2020-01-19,POOL_FLAT,6,15,0.17339,0.0,0.0,0.0,2.0,2.0,0.17339,0.2007
winter,2020-01-19,POOL_FLAT,6,16,0.36549,0.0,0.0,0.0,2.0,2.0,0.36549,0.2007
winter,2020-01-19,POOL_FLAT,6,17,0.04784,0.0,0.0,0.0,2.0,2.0,0.04784,0.2007
winter,2020-01-19,POOL_FLAT,6,18,0.3020199999999999,0.0,0.0,0.0,2.0,2.0,0.3020199999999999,0.2007
winter,2020-01-19,POOL_FLAT,6,19,0.31215,0.0,0.0,0.0,2.0,2.0,0.31215,0.2007
winter,2020-01-19,POOL_FLAT,6,20,0.0809899999999999,0.0,0.0,0.0,2.0,2.0,0.0809899999999999,0.2007
winter,2020-01-19,POOL_FLAT,6,21,0.50644,0.0,0.0,0.0,2.0,2.0,0.50644,0.2007
winter,2020-01-19,POOL_FLAT,6,22,0.12776,0.0,0.0,0.0,2.0,2.0,0.12776,0.2007
winter,2020-01-19,POOL_FLAT,6,23,1.22307,0.0,0.0,0.0,2.0,2.0,1.22307,0.2007
winter,2020-01-19,POOL_FLAT,6,24,1.17881,0.0,0.0,0.0,2.0,2.0,1.17881,0.2007
winter,2020-01-19,POOL_FLAT,6,25,0.1167899999999999,0.0,0.0,0.0,2.0,2.0,0.1167899999999999,0.2007
winter,2020-01-19,POOL_FLAT,6,26,0.46588,0.0,0.0,0.0,2.0,2.0,0.46588,0.2007
winter,2020-01-19,POOL_FLAT,6,27,0.30487,0.0,0.0,0.0,2.0,2.0,0.30487,0.2007
winter,2020-01-19,POOL_FLAT,6,28,0.20527,0.0,0.0,0.0,2.0,2.0,0.20527,0.2007
winter,2020-01-19,POOL_FLAT,6,29,0.23306,0.0,0.0,0.0,2.0,2.0,0.23306,0.2007
winter,2020-01-19,POOL_FLAT,6,30,0.40293,0.0,0.0,0.0,2.0,2.0,0.40293,0.2007
winter,2020-01-19,POOL_FLAT,6,31,2.5975300000000003,0.0,0.0,0.0,2.0,2.0,2.5975300000000003,0.2007
winter,2020-01-19,POOL_FLAT,6,32,0.14171,0.0,0.0,0.0,2.0,2.0,0.14171,0.2007
winter,2020-01-19,POOL_FLAT,6,33,0.84017,0.0,0.0,0.0,2.0,2.0,0.84017,0.2007
winter,2020-01-19,POOL_FLAT,6,34,0.31962,0.0,0.0,0.0,2.0,2.0,0.31962,0.2007
winter,2020-01-19,POOL_FLAT,6,35,0.17339,0.0,0.0,0.0,2.0,2.0,0.17339,0.2007
winter,2020-01-19,POOL_FLAT,6,36,0.36549,0.0,0.0,0.0,2.0,2.0,0.36549,0.2007
winter,2020-01-19,POOL_FLAT,6,37,0.04784,0.0,0.0,0.0,2.0,2.0,0.04784,0.2007
winter,2020-01-19,POOL_FLAT,6,38,0.3020199999999999,0.0,0.0,0.0,2.0,2.0,0.3020199999999999,0.2007
winter,2020-01-19,POOL_FLAT,6,39,0.31215,0.0,0.0,0.0,2.0,2.0,0.31215,0.2007
winter,2020-01-19,POOL_FLAT,6,40,0.0809899999999999,0.0,0.0,0.0,2.0,2.0,0.0809899999999999,0.2007
winter,2020-01-19,POOL_FLAT,6,41,0.50644,0.0,0.0,0.0,2.0,2.0,0.50644,0.2007
winter,2020-01-19,POOL_FLAT,6,42,0.12776,0.0,0.0,0.0,2.0,2.0,0.12776,0.2007
winter,2020-01-19,POOL_FLAT,6,43,1.22307,0.0,0.0,0.0,2.0,2.0,1.22307,0.2007
winter,2020-01-19,POOL_FLAT,6,44,1.17881,0.0,0.0,0.0,2.0,2.0,1.17881,0.2007
winter,2020-01-19,POOL_FLAT,6,45,0.1167899999999999,0.0,0.0,0.0,2.0,2.0,0.1167899999999999,0.2007
winter,2020-01-19,POOL_FLAT,6,46,0.46588,0.0,0.0,0.0,2.0,2.0,0.46588,0.2007
winter,2020-01-19,POOL_FLAT,6,47,0.30487,0.0,0.0,0.0,2.0,2.0,0.30487,0.2007
winter,2020-01-19,POOL_FLAT,6,48,0.20527,0.0,0.0,0.0,2.0,2.0,0.20527,0.2007
winter,2020-01-19,POOL_FLAT,6,49,0.23306,0.0,0.0,0.0,2.0,2.0,0.23306,0.2007
winter,2020-01-19,POOL_FLAT,6,50,0.40293,0.0,0.0,0.0,2.0,2.0,0.40293,0.2007
winter,2020-01-19,POOL_FLAT,6,51,2.5975300000000003,0.0,0.0,0.0,2.0,2.0,2.5975300000000003,0.2007
winter,2020-01-19,POOL_FLAT,6,52,0.14171,0.0,0.0,0.0,2.0,2.0,0.14171,0.2007
winter,2020-01-19,POOL_FLAT,6,53,0.84017,0.0,0.0,0.0,2.0,2.0,0.84017,0.2007
winter,2020-01-19,POOL_FLAT,6,54,0.31962,0.0,0.0,0.0,2.0,2.0,0.31962,0.2007
winter,2020-01-19,POOL_FLAT,6,55,0.17339,0.0,0.0,0.0,2.0,2.0,0.17339,0.2007
winter,2020-01-19,POOL_FLAT,7,1,0.57421,0.0,0.0,0.0,2.0,2.0,0.57421,0.2007
winter,2020-01-19,POOL_FLAT,7,2,0.1645,0.0001,0.0,0.0,2.0,2.0,0.16440000000000002,0.2007
winter,2020-01-19,POOL_FLAT,7,3,3.02445,0.01661,0.0,0.0,2.0,2.0,3.00784,0.2007
winter,2020-01-19,POOL_FLAT,7,4,1.43007,0.0,0.0,0.0,2.0,2.0,1.43007,0.2007
winter,2020-01-19,POOL_FLAT,7,5,0.2747699999999999,0.00908,0.0,0.0,2.0,2.0,0.2656899999999999,0.2007
winter,2020-01-19,POOL_FLAT,7,6,0.34985,0.0,0.0,0.0,2.0,2.0,0.34985,0.2007
winter,2020-01-19,POOL_FLAT,7,7,0.15852,0.0,0.0,0.0,2.0,2.0,0.15852,0.2007
winter,2020-01-19,POOL_FLAT,7,8,0.26961,0.0,0.0,0.0,2.0,2.0,0.26961,0.2007
winter,2020-01-19,POOL_FLAT,7,9,0.2430999999999999,0.0,0.0,0.0,2.0,2.0,0.2430999999999999,0.2007
winter,2020-01-19,POOL_FLAT,7,10,0.25401,0.0,0.0,0.0,2.0,2.0,0.25401,0.2007
winter,2020-01-19,POOL_FLAT,7,11,0.34797,0.0,0.0,0.0,2.0,2.0,0.34797,0.2007
winter,2020-01-19,POOL_FLAT,7,12,0.2157899999999999,0.0001,0.0,0.0,2.0,2.0,0.2156899999999999,0.2007
winter,2020-01-19,POOL_FLAT,7,13,0.46985,0.01661,0.0,0.0,2.0,2.0,0.45324,0.2007
winter,2020-01-19,POOL_FLAT,7,14,0.50193,0.0,0.0,0.0,2.0,2.0,0.50193,0.2007
winter,2020-01-19,POOL_FLAT,7,15,0.1566399999999999,0.00908,0.0,0.0,2.0,2.0,0.14755999999999989,0.2007
winter,2020-01-19,POOL_FLAT,7,16,0.30187,0.0,0.0,0.0,2.0,2.0,0.30187,0.2007
winter,2020-01-19,POOL_FLAT,7,17,0.04861,0.0,0.0,0.0,2.0,2.0,0.04861,0.2007
winter,2020-01-19,POOL_FLAT,7,18,0.29083,0.0,0.0,0.0,2.0,2.0,0.29083,0.2007
winter,2020-01-19,POOL_FLAT,7,19,0.31451,0.0,0.0,0.0,2.0,2.0,0.31451,0.2007
winter,2020-01-19,POOL_FLAT,7,20,0.05627,0.0,0.0,0.0,2.0,2.0,0.05627,0.2007
winter,2020-01-19,POOL_FLAT,7,21,0.57421,0.0,0.0,0.0,2.0,2.0,0.57421,0.2007
winter,2020-01-19,POOL_FLAT,7,22,0.1645,0.0001,0.0,0.0,2.0,2.0,0.16440000000000002,0.2007
winter,2020-01-19,POOL_FLAT,7,23,3.02445,0.01661,0.0,0.0,2.0,2.0,3.00784,0.2007
winter,2020-01-19,POOL_FLAT,7,24,1.43007,0.0,0.0,0.0,2.0,2.0,1.43007,0.2007
winter,2020-01-19,POOL_FLAT,7,25,0.2747699999999999,0.00908,0.0,0.0,2.0,2.0,0.2656899999999999,0.2007
winter,2020-01-19,POOL_FLAT,7,26,0.34985,0.0,0.0,0.0,2.0,2.0,0.34985,0.2007
winter,2020-01-19,POOL_FLAT,7,27,0.15852,0.0,0.0,0.0,2.0,2.0,0.15852,0.2007
winter,2020-01-19,POOL_FLAT,7,28,0.26961,0.0,0.0,0.0,2.0,2.0,0.26961,0.2007
winter,2020-01-19,POOL_FLAT,7,29,0.2430999999999999,0.0,0.0,0.0,2.0,2.0,0.2430999999999999,0.2007
winter,2020-01-19,POOL_FLAT,7,30,0.25401,0.0,0.0,0.0,2.0,2.0,0.25401,0.2007
winter,2020-01-19,POOL_FLAT,7,31,0.34797,0.0,0.0,0.0,2.0,2.0,0.34797,0.2007
winter,2020-01-19,POOL_FLAT,7,32,0.2157899999999999,0.0001,0.0,0.0,2.0,2.0,0.2156899999999999,0.2007
winter,2020-01-19,POOL_FLAT,7,33,0.46985,0.01661,0.0,0.0,2.0,2.0,0.45324,0.2007
winter,2020-01-19,POOL_FLAT,7,34,0.50193,0.0,0.0,0.0,2.0,2.0,0.50193,0.2007
winter,2020-01-19,POOL_FLAT,7,35,0.1566399999999999,0.00908,0.0,0.0,2.0,2.0,0.14755999999999989,0.2007
winter,2020-01-19,POOL_FLAT,7,36,0.30187,0.0,0.0,0.0,2.0,2.0,0.30187,0.2007
winter,2020-01-19,POOL_FLAT,7,37,0.04861,0.0,0.0,0.0,2.0,2.0,0.04861,0.2007
winter,2020-01-19,POOL_FLAT,7,38,0.29083,0.0,0.0,0.0,2.0,2.0,0.29083,0.2007
winter,2020-01-19,POOL_FLAT,7,39,0.31451,0.0,0.0,0.0,2.0,2.0,0.31451,0.2007
winter,2020-01-19,POOL_FLAT,7,40,0.05627,0.0,0.0,0.0,2.0,2.0,0.05627,0.2007
winter,2020-01-19,POOL_FLAT,7,41,0.57421,0.0,0.0,0.0,2.0,2.0,0.57421,0.2007
winter,2020-01-19,POOL_FLAT,7,42,0.1645,0.0001,0.0,0.0,2.0,2.0,0.16440000000000002,0.2007
winter,2020-01-19,POOL_FLAT,7,43,3.02445,0.01661,0.0,0.0,2.0,2.0,3.00784,0.2007
winter,2020-01-19,POOL_FLAT,7,44,1.43007,0.0,0.0,0.0,2.0,2.0,1.43007,0.2007
winter,2020-01-19,POOL_FLAT,7,45,0.2747699999999999,0.00908,0.0,0.0,2.0,2.0,0.2656899999999999,0.2007
winter,2020-01-19,POOL_FLAT,7,46,0.34985,0.0,0.0,0.0,2.0,2.0,0.34985,0.2007
winter,2020-01-19,POOL_FLAT,7,47,0.15852,0.0,0.0,0.0,2.0,2.0,0.15852,0.2007
winter,2020-01-19,POOL_FLAT,7,48,0.26961,0.0,0.0,0.0,2.0,2.0,0.26961,0.2007
winter,2020-01-19,POOL_FLAT,7,49,0.2430999999999999,0.0,0.0,0.0,2.0,2.0,0.2430999999999999,0.2007
winter,2020-01-19,POOL_FLAT,7,50,0.25401,0.0,0.0,0.0,2.0,2.0,0.25401,0.2007
winter,2020-01-19,POOL_FLAT,7,51,0.34797,0.0,0.0,0.0,2.0,2.0,0.34797,0.2007
winter,2020-01-19,POOL_FLAT,7,52,0.2157899999999999,0.0001,0.0,0.0,2.0,2.0,0.2156899999999999,0.2007
winter,2020-01-19,POOL_FLAT,7,53,0.46985,0.01661,0.0,0.0,2.0,2.0,0.45324,0.2007
winter,2020-01-19,POOL_FLAT,7,54,0.50193,0.0,0.0,0.0,2.0,2.0,0.50193,0.2007
winter,2020-01-19,POOL_FLAT,7,55,0.1566399999999999,0.00908,0.0,0.0,2.0,2.0,0.14755999999999989,0.2007
winter,2020-01-19,POOL_FLAT,8,1,0.4936999999999999,0.0,0.0,0.0,2.0,2.0,0.4936999999999999,0.2007
winter,2020-01-19,POOL_FLAT,8,2,0.5461800000000001,0.00296,0.0,0.0,2.0,2.0,0.5432200000000001,0.2007
winter,2020-01-19,POOL_FLAT,8,3,0.7269,0.00839,0.0,0.0,2.0,2.0,0.71851,0.2007
winter,2020-01-19,POOL_FLAT,8,4,1.3461500000000002,0.0,0.0,0.0,2.0,2.0,1.3461500000000002,0.2007
winter,2020-01-19,POOL_FLAT,8,5,0.151,0.00329,0.0,0.0,2.0,2.0,0.14771,0.2007
winter,2020-01-19,POOL_FLAT,8,6,0.3645199999999999,0.0,0.0,0.0,2.0,2.0,0.3645199999999999,0.2007
winter,2020-01-19,POOL_FLAT,8,7,0.77708,0.00093,0.0,0.0,2.0,2.0,0.77615,0.2007
winter,2020-01-19,POOL_FLAT,8,8,0.26477,0.0,0.0,0.0,2.0,2.0,0.26477,0.2007
winter,2020-01-19,POOL_FLAT,8,9,0.43462,0.0,0.0,0.0,2.0,2.0,0.43462,0.2007
winter,2020-01-19,POOL_FLAT,8,10,0.85066,0.00581,0.0,0.0,2.0,2.0,0.84485,0.2007
winter,2020-01-19,POOL_FLAT,8,11,0.28067,0.0,0.0,0.0,2.0,2.0,0.28067,0.2007
winter,2020-01-19,POOL_FLAT,8,12,0.42843,0.00296,0.0,0.0,2.0,2.0,0.42546999999999996,0.2007
winter,2020-01-19,POOL_FLAT,8,13,0.44531,0.00839,0.0,0.0,2.0,2.0,0.43692,0.2007
winter,2020-01-19,POOL_FLAT,8,14,2.75946,0.0,0.0,0.0,2.0,2.0,2.75946,0.2007
winter,2020-01-19,POOL_FLAT,8,15,0.6941900000000001,0.00329,0.0,0.0,2.0,2.0,0.6909000000000001,0.2007
winter,2020-01-19,POOL_FLAT,8,16,0.29844,0.0,0.0,0.0,2.0,2.0,0.29844,0.2007
winter,2020-01-19,POOL_FLAT,8,17,0.96027,0.00093,0.0,0.0,2.0,2.0,0.95934,0.2007
winter,2020-01-19,POOL_FLAT,8,18,0.39279,0.0,0.0,0.0,2.0,2.0,0.39279,0.2007
winter,2020-01-19,POOL_FLAT,8,19,1.2531,0.0,0.0,0.0,2.0,2.0,1.2531,0.2007
winter,2020-01-19,POOL_FLAT,8,20,0.05906,0.00581,0.0,0.0,2.0,2.0,0.05325,0.2007
winter,2020-01-19,POOL_FLAT,8,21,0.4936999999999999,0.0,0.0,0.0,2.0,2.0,0.4936999999999999,0.2007
winter,2020-01-19,POOL_FLAT,8,22,0.5461800000000001,0.00296,0.0,0.0,2.0,2.0,0.5432200000000001,0.2007
winter,2020-01-19,POOL_FLAT,8,23,0.7269,0.00839,0.0,0.0,2.0,2.0,0.71851,0.2007
winter,2020-01-19,POOL_FLAT,8,24,1.3461500000000002,0.0,0.0,0.0,2.0,2.0,1.3461500000000002,0.2007
winter,2020-01-19,POOL_FLAT,8,25,0.151,0.00329,0.0,0.0,2.0,2.0,0.14771,0.2007
winter,2020-01-19,POOL_FLAT,8,26,0.3645199999999999,0.0,0.0,0.0,2.0,2.0,0.3645199999999999,0.2007
winter,2020-01-19,POOL_FLAT,8,27,0.77708,0.00093,0.0,0.0,2.0,2.0,0.77615,0.2007
winter,2020-01-19,POOL_FLAT,8,28,0.26477,0.0,0.0,0.0,2.0,2.0,0.26477,0.2007
winter,2020-01-19,POOL_FLAT,8,29,0.43462,0.0,0.0,0.0,2.0,2.0,0.43462,0.2007
winter,2020-01-19,POOL_FLAT,8,30,0.85066,0.00581,0.0,0.0,2.0,2.0,0.84485,0.2007
winter,2020-01-19,POOL_FLAT,8,31,0.28067,0.0,0.0,0.0,2.0,2.0,0.28067,0.2007
winter,2020-01-19,POOL_FLAT,8,32,0.42843,0.00296,0.0,0.0,2.0,2.0,0.42546999999999996,0.2007
winter,2020-01-19,POOL_FLAT,8,33,0.44531,0.00839,0.0,0.0,2.0,2.0,0.43692,0.2007
winter,2020-01-19,POOL_FLAT,8,34,2.75946,0.0,0.0,0.0,2.0,2.0,2.75946,0.2007
winter,2020-01-19,POOL_FLAT,8,35,0.6941900000000001,0.00329,0.0,0.0,2.0,2.0,0.6909000000000001,0.2007
winter,2020-01-19,POOL_FLAT,8,36,0.29844,0.0,0.0,0.0,2.0,2.0,0.29844,0.2007
winter,2020-01-19,POOL_FLAT,8,37,0.96027,0.00093,0.0,0.0,2.0,2.0,0.95934,0.2007
winter,2020-01-19,POOL_FLAT,8,38,0.39279,0.0,0.0,0.0,2.0,2.0,0.39279,0.2007
winter,2020-01-19,POOL_FLAT,8,39,1.2531,0.0,0.0,0.0,2.0,2.0,1.2531,0.2007
winter,2020-01-19,POOL_FLAT,8,40,0.05906,0.00581,0.0,0.0,2.0,2.0,0.05325,0.2007
winter,2020-01-19,POOL_FLAT,8,41,0.4936999999999999,0.0,0.0,0.0,2.0,2.0,0.4936999999999999,0.2007
winter,2020-01-19,POOL_FLAT,8,42,0.5461800000000001,0.00296,0.0,0.0,2.0,2.0,0.5432200000000001,0.2007
winter,2020-01-19,POOL_FLAT,8,43,0.7269,0.00839,0.0,0.0,2.0,2.0,0.71851,0.2007
winter,2020-01-19,POOL_FLAT,8,44,1.3461500000000002,0.0,0.0,0.0,2.0,2.0,1.3461500000000002,0.2007
winter,2020-01-19,POOL_FLAT,8,45,0.151,0.00329,0.0,0.0,2.0,2.0,0.14771,0.2007
winter,2020-01-19,POOL_FLAT,8,46,0.3645199999999999,0.0,0.0,0.0,2.0,2.0,0.3645199999999999,0.2007
winter,2020-01-19,POOL_FLAT,8,47,0.77708,0.00093,0.0,0.0,2.0,2.0,0.77615,0.2007
winter,2020-01-19,POOL_FLAT,8,48,0.26477,0.0,0.0,0.0,2.0,2.0,0.26477,0.2007
winter,2020-01-19,POOL_FLAT,8,49,0.43462,0.0,0.0,0.0,2.0,2.0,0.43462,0.2007
winter,2020-01-19,POOL_FLAT,8,50,0.85066,0.00581,0.0,0.0,2.0,2.0,0.84485,0.2007
winter,2020-01-19,POOL_FLAT,8,51,0.28067,0.0,0.0,0.0,2.0,2.0,0.28067,0.2007
winter,2020-01-19,POOL_FLAT,8,52,0.42843,0.00296,0.0,0.0,2.0,2.0,0.42546999999999996,0.2007
winter,2020-01-19,POOL_FLAT,8,53,0.44531,0.00839,0.0,0.0,2.0,2.0,0.43692,0.2007
winter,2020-01-19,POOL_FLAT,8,54,2.75946,0.0,0.0,0.0,2.0,2.0,2.75946,0.2007
winter,2020-01-19,POOL_FLAT,8,55,0.6941900000000001,0.00329,0.0,0.0,2.0,2.0,0.6909000000000001,0.2007
winter,2020-01-19,POOL_FLAT,9,1,0.28878,0.17667,0.0,0.0,2.0,2.0,0.11210999999999999,0.2007
winter,2020-01-19,POOL_FLAT,9,2,0.8251900000000001,0.26811,0.0,0.0,2.0,2.0,0.55708,0.2007
winter,2020-01-19,POOL_FLAT,9,3,0.28739,0.338,0.0,0.0,2.0,2.0,-0.050610000000000044,0.2007
winter,2020-01-19,POOL_FLAT,9,4,1.21107,0.00184,0.0,0.0,2.0,2.0,1.20923,0.2007
winter,2020-01-19,POOL_FLAT,9,5,0.70074,0.04204,0.0,0.0,2.0,2.0,0.6587000000000001,0.2007
winter,2020-01-19,POOL_FLAT,9,6,0.26962,0.0,0.0,0.0,2.0,2.0,0.26962,0.2007
winter,2020-01-19,POOL_FLAT,9,7,1.68424,0.1592599999999999,0.0,0.0,2.0,2.0,1.52498,0.2007
winter,2020-01-19,POOL_FLAT,9,8,0.5865199999999999,0.0,0.0,0.0,2.0,2.0,0.5865199999999999,0.2007
winter,2020-01-19,POOL_FLAT,9,9,0.4747699999999999,0.0,0.0,0.0,2.0,2.0,0.4747699999999999,0.2007
winter,2020-01-19,POOL_FLAT,9,10,1.56536,0.45473,0.0,0.0,2.0,2.0,1.11063,0.2007
winter,2020-01-19,POOL_FLAT,9,11,1.45331,0.17667,0.0,0.0,2.0,2.0,1.27664,0.2007
winter,2020-01-19,POOL_FLAT,9,12,0.79836,0.26811,0.0,0.0,2.0,2.0,0.5302499999999999,0.2007
winter,2020-01-19,POOL_FLAT,9,13,0.26748,0.338,0.0,0.0,2.0,2.0,-0.07052000000000003,0.2007
winter,2020-01-19,POOL_FLAT,9,14,1.15515,0.00184,0.0,0.0,2.0,2.0,1.1533099999999998,0.2007
winter,2020-01-19,POOL_FLAT,9,15,0.72746,0.04204,0.0,0.0,2.0,2.0,0.68542,0.2007
winter,2020-01-19,POOL_FLAT,9,16,0.28678,0.0,0.0,0.0,2.0,2.0,0.28678,0.2007
winter,2020-01-19,POOL_FLAT,9,17,0.73088,0.1592599999999999,0.0,0.0,2.0,2.0,0.57162,0.2007
winter,2020-01-19,POOL_FLAT,9,18,0.80402,0.0,0.0,0.0,2.0,2.0,0.80402,0.2007
winter,2020-01-19,POOL_FLAT,9,19,1.03276,0.0,0.0,0.0,2.0,2.0,1.03276,0.2007
winter,2020-01-19,POOL_FLAT,9,20,0.32555,0.45473,0.0,0.0,2.0,2.0,-0.12918000000000002,0.2007
winter,2020-01-19,POOL_FLAT,9,21,0.28878,0.17667,0.0,0.0,2.0,2.0,0.11210999999999999,0.2007
winter,2020-01-19,POOL_FLAT,9,22,0.8251900000000001,0.26811,0.0,0.0,2.0,2.0,0.55708,0.2007
winter,2020-01-19,POOL_FLAT,9,23,0.28739,0.338,0.0,0.0,2.0,2.0,-0.050610000000000044,0.2007
winter,2020-01-19,POOL_FLAT,9,24,1.21107,0.00184,0.0,0.0,2.0,2.0,1.20923,0.2007
winter,2020-01-19,POOL_FLAT,9,25,0.70074,0.04204,0.0,0.0,2.0,2.0,0.6587000000000001,0.2007
winter,2020-01-19,POOL_FLAT,9,26,0.26962,0.0,0.0,0.0,2.0,2.0,0.26962,0.2007
winter,2020-01-19,POOL_FLAT,9,27,1.68424,0.1592599999999999,0.0,0.0,2.0,2.0,1.52498,0.2007
winter,2020-01-19,POOL_FLAT,9,28,0.5865199999999999,0.0,0.0,0.0,2.0,2.0,0.5865199999999999,0.2007
winter,2020-01-19,POOL_FLAT,9,29,0.4747699999999999,0.0,0.0,0.0,2.0,2.0,0.4747699999999999,0.2007
winter,2020-01-19,POOL_FLAT,9,30,1.56536,0.45473,0.0,0.0,2.0,2.0,1.11063,0.2007
winter,2020-01-19,POOL_FLAT,9,31,1.45331,0.17667,0.0,0.0,2.0,2.0,1.27664,0.2007
winter,2020-01-19,POOL_FLAT,9,32,0.79836,0.26811,0.0,0.0,2.0,2.0,0.5302499999999999,0.2007
winter,2020-01-19,POOL_FLAT,9,33,0.26748,0.338,0.0,0.0,2.0,2.0,-0.07052000000000003,0.2007
winter,2020-01-19,POOL_FLAT,9,34,1.15515,0.00184,0.0,0.0,2.0,2.0,1.1533099999999998,0.2007
winter,2020-01-19,POOL_FLAT,9,35,0.72746,0.04204,0.0,0.0,2.0,2.0,0.68542,0.2007
winter,2020-01-19,POOL_FLAT,9,36,0.28678,0.0,0.0,0.0,2.0,2.0,0.28678,0.2007
winter,2020-01-19,POOL_FLAT,9,37,0.73088,0.1592599999999999,0.0,0.0,2.0,2.0,0.57162,0.2007
winter,2020-01-19,POOL_FLAT,9,38,0.80402,0.0,0.0,0.0,2.0,2.0,0.80402,0.2007
winter,2020-01-19,POOL_FLAT,9,39,1.03276,0.0,0.0,0.0,2.0,2.0,1.03276,0.2007
winter,2020-01-19,POOL_FLAT,9,40,0.32555,0.45473,0.0,0.0,2.0,2.0,-0.12918000000000002,0.2007
winter,2020-01-19,POOL_FLAT,9,41,0.28878,0.17667,0.0,0.0,2.0,2.0,0.11210999999999999,0.2007
winter,2020-01-19,POOL_FLAT,9,42,0.8251900000000001,0.26811,0.0,0.0,2.0,2.0,0.55708,0.2007
winter,2020-01-19,POOL_FLAT,9,43,0.28739,0.338,0.0,0.0,2.0,2.0,-0.050610000000000044,0.2007
winter,2020-01-19,POOL_FLAT,9,44,1.21107,0.00184,0.0,0.0,2.0,2.0,1.20923,0.2007
winter,2020-01-19,POOL_FLAT,9,45,0.70074,0.04204,0.0,0.0,2.0,2.0,0.6587000000000001,0.2007
winter,2020-01-19,POOL_FLAT,9,46,0.26962,0.0,0.0,0.0,2.0,2.0,0.26962,0.2007
winter,2020-01-19,POOL_FLAT,9,47,1.68424,0.1592599999999999,0.0,0.0,2.0,2.0,1.52498,0.2007
winter,2020-01-19,POOL_FLAT,9,48,0.5865199999999999,0.0,0.0,0.0,2.0,2.0,0.5865199999999999,0.2007
winter,2020-01-19,POOL_FLAT,9,49,0.4747699999999999,0.0,0.0,0.0,2.0,2.0,0.4747699999999999,0.2007
winter,2020-01-19,POOL_FLAT,9,50,1.56536,0.45473,0.0,0.0,2.0,2.0,1.11063,0.2007
winter,2020-01-19,POOL_FLAT,9,51,1.45331,0.17667,0.0,0.0,2.0,2.0,1.27664,0.2007
winter,2020-01-19,POOL_FLAT,9,52,0.79836,0.26811,0.0,0.0,2.0,2.0,0.5302499999999999,0.2007
winter,2020-01-19,POOL_FLAT,9,53,0.26748,0.338,0.0,0.0,2.0,2.0,-0.07052000000000003,0.2007
winter,2020-01-19,POOL_FLAT,9,54,1.15515,0.00184,0.0,0.0,2.0,2.0,1.1533099999999998,0.2007
winter,2020-01-19,POOL_FLAT,9,55,0.72746,0.04204,0.0,0.0,2.0,2.0,0.68542,0.2007
winter,2020-01-19,POOL_FLAT,10,1,0.65666,0.84115,0.0,0.0,2.0,2.0,-0.18448999999999993,0.2007
winter,2020-01-19,POOL_FLAT,10,2,0.5889800000000001,0.95118,0.0,0.0,2.0,2.0,-0.36219999999999997,0.2007
winter,2020-01-19,POOL_FLAT,10,3,0.95344,1.08319,0.0,0.0,2.0,2.0,-0.12975000000000014,0.2007
winter,2020-01-19,POOL_FLAT,10,4,0.36585,0.09639,0.0,0.0,2.0,2.0,0.26946000000000003,0.2007
winter,2020-01-19,POOL_FLAT,10,5,1.0045,0.3560299999999999,0.0,0.0,2.0,2.0,0.6484700000000001,0.2007
winter,2020-01-19,POOL_FLAT,10,6,0.45912,0.0,0.0,0.0,2.0,2.0,0.45912,0.2007
winter,2020-01-19,POOL_FLAT,10,7,0.64807,0.7052200000000001,0.0,0.0,2.0,2.0,-0.057150000000000034,0.2007
winter,2020-01-19,POOL_FLAT,10,8,0.09731,0.0,0.0,0.0,2.0,2.0,0.09731,0.2007
winter,2020-01-19,POOL_FLAT,10,9,0.3576999999999999,0.0,0.0,0.0,2.0,2.0,0.3576999999999999,0.2007
winter,2020-01-19,POOL_FLAT,10,10,0.2453199999999999,1.15025,0.0,0.0,2.0,2.0,-0.9049300000000001,0.2007
winter,2020-01-19,POOL_FLAT,10,11,0.39316,0.84115,0.0,0.0,2.0,2.0,-0.44798999999999994,0.2007
winter,2020-01-19,POOL_FLAT,10,12,0.15481,0.95118,0.0,0.0,2.0,2.0,-0.79637,0.2007
winter,2020-01-19,POOL_FLAT,10,13,0.22181,1.08319,0.0,0.0,2.0,2.0,-0.86138,0.2007
winter,2020-01-19,POOL_FLAT,10,14,0.26344,0.09639,0.0,0.0,2.0,2.0,0.16705,0.2007
winter,2020-01-19,POOL_FLAT,10,15,0.71757,0.3560299999999999,0.0,0.0,2.0,2.0,0.36154000000000014,0.2007
winter,2020-01-19,POOL_FLAT,10,16,0.3882,0.0,0.0,0.0,2.0,2.0,0.3882,0.2007
winter,2020-01-19,POOL_FLAT,10,17,1.55563,0.7052200000000001,0.0,0.0,2.0,2.0,0.85041,0.2007
winter,2020-01-19,POOL_FLAT,10,18,3.0002600000000004,0.0,0.0,0.0,2.0,2.0,3.0002600000000004,0.2007
winter,2020-01-19,POOL_FLAT,10,19,0.89474,0.0,0.0,0.0,2.0,2.0,0.89474,0.2007
winter,2020-01-19,POOL_FLAT,10,20,0.94378,1.15025,0.0,0.0,2.0,2.0,-0.20647000000000004,0.2007
winter,2020-01-19,POOL_FLAT,10,21,0.65666,0.84115,0.0,0.0,2.0,2.0,-0.18448999999999993,0.2007
winter,2020-01-19,POOL_FLAT,10,22,0.5889800000000001,0.95118,0.0,0.0,2.0,2.0,-0.36219999999999997,0.2007
winter,2020-01-19,POOL_FLAT,10,23,0.95344,1.08319,0.0,0.0,2.0,2.0,-0.12975000000000014,0.2007
winter,2020-01-19,POOL_FLAT,10,24,0.36585,0.09639,0.0,0.0,2.0,2.0,0.26946000000000003,0.2007
winter,2020-01-19,POOL_FLAT,10,25,1.0045,0.3560299999999999,0.0,0.0,2.0,2.0,0.6484700000000001,0.2007
winter,2020-01-19,POOL_FLAT,10,26,0.45912,0.0,0.0,0.0,2.0,2.0,0.45912,0.2007
winter,2020-01-19,POOL_FLAT,10,27,0.64807,0.7052200000000001,0.0,0.0,2.0,2.0,-0.057150000000000034,0.2007
winter,2020-01-19,POOL_FLAT,10,28,0.09731,0.0,0.0,0.0,2.0,2.0,0.09731,0.2007
winter,2020-01-19,POOL_FLAT,10,29,0.3576999999999999,0.0,0.0,0.0,2.0,2.0,0.3576999999999999,0.2007
winter,2020-01-19,POOL_FLAT,10,30,0.2453199999999999,1.15025,0.0,0.0,2.0,2.0,-0.9049300000000001,0.2007
winter,2020-01-19,POOL_FLAT,10,31,0.39316,0.84115,0.0,0.0,2.0,2.0,-0.44798999999999994,0.2007
winter,2020-01-19,POOL_FLAT,10,32,0.15481,0.95118,0.0,0.0,2.0,2.0,-0.79637,0.2007
winter,2020-01-19,POOL_FLAT,10,33,0.22181,1.08319,0.0,0.0,2.0,2.0,-0.86138,0.2007
winter,2020-01-19,POOL_FLAT,10,34,0.26344,0.09639,0.0,0.0,2.0,2.0,0.16705,0.2007
winter,2020-01-19,POOL_FLAT,10,35,0.71757,0.3560299999999999,0.0,0.0,2.0,2.0,0.36154000000000014,0.2007
winter,2020-01-19,POOL_FLAT,10,36,0.3882,0.0,0.0,0.0,2.0,2.0,0.3882,0.2007
winter,2020-01-19,POOL_FLAT,10,37,1.55563,0.7052200000000001,0.0,0.0,2.0,2.0,0.85041,0.2007
winter,2020-01-19,POOL_FLAT,10,38,3.0002600000000004,0.0,0.0,0.0,2.0,2.0,3.0002600000000004,0.2007
winter,2020-01-19,POOL_FLAT,10,39,0.89474,0.0,0.0,0.0,2.0,2.0,0.89474,0.2007
winter,2020-01-19,POOL_FLAT,10,40,0.94378,1.15025,0.0,0.0,2.0,2.0,-0.20647000000000004,0.2007
winter,2020-01-19,POOL_FLAT,10,41,0.65666,0.84115,0.0,0.0,2.0,2.0,-0.18448999999999993,0.2007
winter,2020-01-19,POOL_FLAT,10,42,0.5889800000000001,0.95118,0.0,0.0,2.0,2.0,-0.36219999999999997,0.2007
winter,2020-01-19,POOL_FLAT,10,43,0.95344,1.08319,0.0,0.0,2.0,2.0,-0.12975000000000014,0.2007
winter,2020-01-19,POOL_FLAT,10,44,0.36585,0.09639,0.0,0.0,2.0,2.0,0.26946000000000003,0.2007
winter,2020-01-19,POOL_FLAT,10,45,1.0045,0.3560299999999999,0.0,0.0,2.0,2.0,0.6484700000000001,0.2007
winter,2020-01-19,POOL_FLAT,10,46,0.45912,0.0,0.0,0.0,2.0,2.0,0.45912,0.2007
winter,2020-01-19,POOL_FLAT,10,47,0.64807,0.7052200000000001,0.0,0.0,2.0,2.0,-0.057150000000000034,0.2007
winter,2020-01-19,POOL_FLAT,10,48,0.09731,0.0,0.0,0.0,2.0,2.0,0.09731,0.2007
winter,2020-01-19,POOL_FLAT,10,49,0.3576999999999999,0.0,0.0,0.0,2.0,2.0,0.3576999999999999,0.2007
winter,2020-01-19,POOL_FLAT,10,50,0.2453199999999999,1.15025,0.0,0.0,2.0,2.0,-0.9049300000000001,0.2007
winter,2020-01-19,POOL_FLAT,10,51,0.39316,0.84115,0.0,0.0,2.0,2.0,-0.44798999999999994,0.2007
winter,2020-01-19,POOL_FLAT,10,52,0.15481,0.95118,0.0,0.0,2.0,2.0,-0.79637,0.2007
winter,2020-01-19,POOL_FLAT,10,53,0.22181,1.08319,0.0,0.0,2.0,2.0,-0.86138,0.2007
winter,2020-01-19,POOL_FLAT,10,54,0.26344,0.09639,0.0,0.0,2.0,2.0,0.16705,0.2007
winter,2020-01-19,POOL_FLAT,10,55,0.71757,0.3560299999999999,0.0,0.0,2.0,2.0,0.36154000000000014,0.2007
winter,2020-01-19,POOL_FLAT,11,1,0.68928,1.1491300000000002,0.0,0.0,2.0,2.0,-0.4598500000000002,0.2007
winter,2020-01-19,POOL_FLAT,11,2,1.01868,1.22537,0.0,0.0,2.0,2.0,-0.20669000000000004,0.2007
winter,2020-01-19,POOL_FLAT,11,3,0.91697,1.27068,0.0,0.0,2.0,2.0,-0.3537100000000001,0.2007
winter,2020-01-19,POOL_FLAT,11,4,1.6826,0.13024,0.0,0.0,2.0,2.0,1.5523600000000002,0.2007
winter,2020-01-19,POOL_FLAT,11,5,0.23813,0.77844,0.0,0.0,2.0,2.0,-0.5403100000000001,0.2007
winter,2020-01-19,POOL_FLAT,11,6,1.1905599999999998,0.0,0.0,0.0,2.0,2.0,1.1905599999999998,0.2007
winter,2020-01-19,POOL_FLAT,11,7,0.34292,0.90462,0.0,0.0,2.0,2.0,-0.5617,0.2007
winter,2020-01-19,POOL_FLAT,11,8,0.13981,0.0,0.0,0.0,2.0,2.0,0.13981,0.2007
winter,2020-01-19,POOL_FLAT,11,9,0.51655,0.0,0.0,0.0,2.0,2.0,0.51655,0.2007
winter,2020-01-19,POOL_FLAT,11,10,0.38137,1.30156,0.0,0.0,2.0,2.0,-0.9201900000000001,0.2007
winter,2020-01-19,POOL_FLAT,11,11,1.54293,1.1491300000000002,0.0,0.0,2.0,2.0,0.3937999999999997,0.2007
winter,2020-01-19,POOL_FLAT,11,12,0.1510699999999999,1.22537,0.0,0.0,2.0,2.0,-1.0743000000000003,0.2007
winter,2020-01-19,POOL_FLAT,11,13,0.20425,1.27068,0.0,0.0,2.0,2.0,-1.06643,0.2007
winter,2020-01-19,POOL_FLAT,11,14,3.40206,0.13024,0.0,0.0,2.0,2.0,3.27182,0.2007
winter,2020-01-19,POOL_FLAT,11,15,1.46191,0.77844,0.0,0.0,2.0,2.0,0.68347,0.2007
winter,2020-01-19,POOL_FLAT,11,16,0.40458,0.0,0.0,0.0,2.0,2.0,0.40458,0.2007
winter,2020-01-19,POOL_FLAT,11,17,0.7599199999999999,0.90462,0.0,0.0,2.0,2.0,-0.14470000000000005,0.2007
winter,2020-01-19,POOL_FLAT,11,18,0.53124,0.0,0.0,0.0,2.0,2.0,0.53124,0.2007
winter,2020-01-19,POOL_FLAT,11,19,0.84178,0.0,0.0,0.0,2.0,2.0,0.84178,0.2007
winter,2020-01-19,POOL_FLAT,11,20,1.06364,1.30156,0.0,0.0,2.0,2.0,-0.23792000000000013,0.2007
winter,2020-01-19,POOL_FLAT,11,21,0.68928,1.1491300000000002,0.0,0.0,2.0,2.0,-0.4598500000000002,0.2007
winter,2020-01-19,POOL_FLAT,11,22,1.01868,1.22537,0.0,0.0,2.0,2.0,-0.20669000000000004,0.2007
winter,2020-01-19,POOL_FLAT,11,23,0.91697,1.27068,0.0,0.0,2.0,2.0,-0.3537100000000001,0.2007
winter,2020-01-19,POOL_FLAT,11,24,1.6826,0.13024,0.0,0.0,2.0,2.0,1.5523600000000002,0.2007
winter,2020-01-19,POOL_FLAT,11,25,0.23813,0.77844,0.0,0.0,2.0,2.0,-0.5403100000000001,0.2007
winter,2020-01-19,POOL_FLAT,11,26,1.1905599999999998,0.0,0.0,0.0,2.0,2.0,1.1905599999999998,0.2007
winter,2020-01-19,POOL_FLAT,11,27,0.34292,0.90462,0.0,0.0,2.0,2.0,-0.5617,0.2007
winter,2020-01-19,POOL_FLAT,11,28,0.13981,0.0,0.0,0.0,2.0,2.0,0.13981,0.2007
winter,2020-01-19,POOL_FLAT,11,29,0.51655,0.0,0.0,0.0,2.0,2.0,0.51655,0.2007
winter,2020-01-19,POOL_FLAT,11,30,0.38137,1.30156,0.0,0.0,2.0,2.0,-0.9201900000000001,0.2007
winter,2020-01-19,POOL_FLAT,11,31,1.54293,1.1491300000000002,0.0,0.0,2.0,2.0,0.3937999999999997,0.2007
winter,2020-01-19,POOL_FLAT,11,32,0.1510699999999999,1.22537,0.0,0.0,2.0,2.0,-1.0743000000000003,0.2007
winter,2020-01-19,POOL_FLAT,11,33,0.20425,1.27068,0.0,0.0,2.0,2.0,-1.06643,0.2007
winter,2020-01-19,POOL_FLAT,11,34,3.40206,0.13024,0.0,0.0,2.0,2.0,3.27182,0.2007
winter,2020-01-19,POOL_FLAT,11,35,1.46191,0.77844,0.0,0.0,2.0,2.0,0.68347,0.2007
winter,2020-01-19,POOL_FLAT,11,36,0.40458,0.0,0.0,0.0,2.0,2.0,0.40458,0.2007
winter,2020-01-19,POOL_FLAT,11,37,0.7599199999999999,0.90462,0.0,0.0,2.0,2.0,-0.14470000000000005,0.2007
winter,2020-01-19,POOL_FLAT,11,38,0.53124,0.0,0.0,0.0,2.0,2.0,0.53124,0.2007
winter,2020-01-19,POOL_FLAT,11,39,0.84178,0.0,0.0,0.0,2.0,2.0,0.84178,0.2007
winter,2020-01-19,POOL_FLAT,11,40,1.06364,1.30156,0.0,0.0,2.0,2.0,-0.23792000000000013,0.2007
winter,2020-01-19,POOL_FLAT,11,41,0.68928,1.1491300000000002,0.0,0.0,2.0,2.0,-0.4598500000000002,0.2007
winter,2020-01-19,POOL_FLAT,11,42,1.01868,1.22537,0.0,0.0,2.0,2.0,-0.20669000000000004,0.2007
winter,2020-01-19,POOL_FLAT,11,43,0.91697,1.27068,0.0,0.0,2.0,2.0,-0.3537100000000001,0.2007
winter,2020-01-19,POOL_FLAT,11,44,1.6826,0.13024,0.0,0.0,2.0,2.0,1.5523600000000002,0.2007
winter,2020-01-19,POOL_FLAT,11,45,0.23813,0.77844,0.0,0.0,2.0,2.0,-0.5403100000000001,0.2007
winter,2020-01-19,POOL_FLAT,11,46,1.1905599999999998,0.0,0.0,0.0,2.0,2.0,1.1905599999999998,0.2007
winter,2020-01-19,POOL_FLAT,11,47,0.34292,0.90462,0.0,0.0,2.0,2.0,-0.5617,0.2007
winter,2020-01-19,POOL_FLAT,11,48,0.13981,0.0,0.0,0.0,2.0,2.0,0.13981,0.2007
winter,2020-01-19,POOL_FLAT,11,49,0.51655,0.0,0.0,0.0,2.0,2.0,0.51655,0.2007
winter,2020-01-19,POOL_FLAT,11,50,0.38137,1.30156,0.0,0.0,2.0,2.0,-0.9201900000000001,0.2007
winter,2020-01-19,POOL_FLAT,11,51,1.54293,1.1491300000000002,0.0,0.0,2.0,2.0,0.3937999999999997,0.2007
winter,2020-01-19,POOL_FLAT,11,52,0.1510699999999999,1.22537,0.0,0.0,2.0,2.0,-1.0743000000000003,0.2007
winter,2020-01-19,POOL_FLAT,11,53,0.20425,1.27068,0.0,0.0,2.0,2.0,-1.06643,0.2007
winter,2020-01-19,POOL_FLAT,11,54,3.40206,0.13024,0.0,0.0,2.0,2.0,3.27182,0.2007
winter,2020-01-19,POOL_FLAT,11,55,1.46191,0.77844,0.0,0.0,2.0,2.0,0.68347,0.2007
winter,2020-01-19,POOL_FLAT,12,1,0.28392,1.0897,0.0,0.0,2.0,2.0,-0.8057799999999999,0.2007
winter,2020-01-19,POOL_FLAT,12,2,0.8841100000000001,0.6834600000000001,0.0,0.0,2.0,2.0,0.20065,0.2007
winter,2020-01-19,POOL_FLAT,12,3,1.27927,0.64807,0.0,0.0,2.0,2.0,0.6311999999999999,0.2007
winter,2020-01-19,POOL_FLAT,12,4,0.33193,0.2433199999999999,0.0,0.0,2.0,2.0,0.0886100000000001,0.2007
winter,2020-01-19,POOL_FLAT,12,5,0.12538,0.92783,0.0,0.0,2.0,2.0,-0.8024500000000001,0.2007
winter,2020-01-19,POOL_FLAT,12,6,0.6497200000000001,0.0,0.0,0.0,2.0,2.0,0.6497200000000001,0.2007
winter,2020-01-19,POOL_FLAT,12,7,1.9318,0.7765299999999999,0.0,0.0,2.0,2.0,1.15527,0.2007
winter,2020-01-19,POOL_FLAT,12,8,0.1059399999999999,0.0,0.0,0.0,2.0,2.0,0.1059399999999999,0.2007
winter,2020-01-19,POOL_FLAT,12,9,1.09244,0.0,0.0,0.0,2.0,2.0,1.09244,0.2007
winter,2020-01-19,POOL_FLAT,12,10,0.5804199999999999,1.34695,0.0,0.0,2.0,2.0,-0.7665300000000002,0.2007
winter,2020-01-19,POOL_FLAT,12,11,1.86754,1.0897,0.0,0.0,2.0,2.0,0.7778400000000001,0.2007
winter,2020-01-19,POOL_FLAT,12,12,0.18214,0.6834600000000001,0.0,0.0,2.0,2.0,-0.5013200000000001,0.2007
winter,2020-01-19,POOL_FLAT,12,13,0.19665,0.64807,0.0,0.0,2.0,2.0,-0.45142000000000004,0.2007
winter,2020-01-19,POOL_FLAT,12,14,1.78164,0.2433199999999999,0.0,0.0,2.0,2.0,1.53832,0.2007
winter,2020-01-19,POOL_FLAT,12,15,2.1806799999999997,0.92783,0.0,0.0,2.0,2.0,1.2528499999999996,0.2007
winter,2020-01-19,POOL_FLAT,12,16,0.30651,0.0,0.0,0.0,2.0,2.0,0.30651,0.2007
winter,2020-01-19,POOL_FLAT,12,17,0.40276,0.7765299999999999,0.0,0.0,2.0,2.0,-0.37376999999999994,0.2007
winter,2020-01-19,POOL_FLAT,12,18,2.31541,0.0,0.0,0.0,2.0,2.0,2.31541,0.2007
winter,2020-01-19,POOL_FLAT,12,19,0.7955800000000001,0.0,0.0,0.0,2.0,2.0,0.7955800000000001,0.2007
winter,2020-01-19,POOL_FLAT,12,20,0.51017,1.34695,0.0,0.0,2.0,2.0,-0.8367800000000001,0.2007
winter,2020-01-19,POOL_FLAT,12,21,0.28392,1.0897,0.0,0.0,2.0,2.0,-0.8057799999999999,0.2007
winter,2020-01-19,POOL_FLAT,12,22,0.8841100000000001,0.6834600000000001,0.0,0.0,2.0,2.0,0.20065,0.2007
winter,2020-01-19,POOL_FLAT,12,23,1.27927,0.64807,0.0,0.0,2.0,2.0,0.6311999999999999,0.2007
winter,2020-01-19,POOL_FLAT,12,24,0.33193,0.2433199999999999,0.0,0.0,2.0,2.0,0.0886100000000001,0.2007
winter,2020-01-19,POOL_FLAT,12,25,0.12538,0.92783,0.0,0.0,2.0,2.0,-0.8024500000000001,0.2007
winter,2020-01-19,POOL_FLAT,12,26,0.6497200000000001,0.0,0.0,0.0,2.0,2.0,0.6497200000000001,0.2007
winter,2020-01-19,POOL_FLAT,12,27,1.9318,0.7765299999999999,0.0,0.0,2.0,2.0,1.15527,0.2007
winter,2020-01-19,POOL_FLAT,12,28,0.1059399999999999,0.0,0.0,0.0,2.0,2.0,0.1059399999999999,0.2007
winter,2020-01-19,POOL_FLAT,12,29,1.09244,0.0,0.0,0.0,2.0,2.0,1.09244,0.2007
winter,2020-01-19,POOL_FLAT,12,30,0.5804199999999999,1.34695,0.0,0.0,2.0,2.0,-0.7665300000000002,0.2007
winter,2020-01-19,POOL_FLAT,12,31,1.86754,1.0897,0.0,0.0,2.0,2.0,0.7778400000000001,0.2007
winter,2020-01-19,POOL_FLAT,12,32,0.18214,0.6834600000000001,0.0,0.0,2.0,2.0,-0.5013200000000001,0.2007
winter,2020-01-19,POOL_FLAT,12,33,0.19665,0.64807,0.0,0.0,2.0,2.0,-0.45142000000000004,0.2007
winter,2020-01-19,POOL_FLAT,12,34,1.78164,0.2433199999999999,0.0,0.0,2.0,2.0,1.53832,0.2007
winter,2020-01-19,POOL_FLAT,12,35,2.1806799999999997,0.92783,0.0,0.0,2.0,2.0,1.2528499999999996,0.2007
winter,2020-01-19,POOL_FLAT,12,36,0.30651,0.0,0.0,0.0,2.0,2.0,0.30651,0.2007
winter,2020-01-19,POOL_FLAT,12,37,0.40276,0.7765299999999999,0.0,0.0,2.0,2.0,-0.37376999999999994,0.2007
winter,2020-01-19,POOL_FLAT,12,38,2.31541,0.0,0.0,0.0,2.0,2.0,2.31541,0.2007
winter,2020-01-19,POOL_FLAT,12,39,0.7955800000000001,0.0,0.0,0.0,2.0,2.0,0.7955800000000001,0.2007
winter,2020-01-19,POOL_FLAT,12,40,0.51017,1.34695,0.0,0.0,2.0,2.0,-0.8367800000000001,0.2007
winter,2020-01-19,POOL_FLAT,12,41,0.28392,1.0897,0.0,0.0,2.0,2.0,-0.8057799999999999,0.2007
winter,2020-01-19,POOL_FLAT,12,42,0.8841100000000001,0.6834600000000001,0.0,0.0,2.0,2.0,0.20065,0.2007
winter,2020-01-19,POOL_FLAT,12,43,1.27927,0.64807,0.0,0.0,2.0,2.0,0.6311999999999999,0.2007
winter,2020-01-19,POOL_FLAT,12,44,0.33193,0.2433199999999999,0.0,0.0,2.0,2.0,0.0886100000000001,0.2007
winter,2020-01-19,POOL_FLAT,12,45,0.12538,0.92783,0.0,0.0,2.0,2.0,-0.8024500000000001,0.2007
winter,2020-01-19,POOL_FLAT,12,46,0.6497200000000001,0.0,0.0,0.0,2.0,2.0,0.6497200000000001,0.2007
winter,2020-01-19,POOL_FLAT,12,47,1.9318,0.7765299999999999,0.0,0.0,2.0,2.0,1.15527,0.2007
winter,2020-01-19,POOL_FLAT,12,48,0.1059399999999999,0.0,0.0,0.0,2.0,2.0,0.1059399999999999,0.2007
winter,2020-01-19,POOL_FLAT,12,49,1.09244,0.0,0.0,0.0,2.0,2.0,1.09244,0.2007
winter,2020-01-19,POOL_FLAT,12,50,0.5804199999999999,1.34695,0.0,0.0,2.0,2.0,-0.7665300000000002,0.2007
winter,2020-01-19,POOL_FLAT,12,51,1.86754,1.0897,0.0,0.0,2.0,2.0,0.7778400000000001,0.2007
winter,2020-01-19,POOL_FLAT,12,52,0.18214,0.6834600000000001,0.0,0.0,2.0,2.0,-0.5013200000000001,0.2007
winter,2020-01-19,POOL_FLAT,12,53,0.19665,0.64807,0.0,0.0,2.0,2.0,-0.45142000000000004,0.2007
winter,2020-01-19,POOL_FLAT,12,54,1.78164,0.2433199999999999,0.0,0.0,2.0,2.0,1.53832,0.2007
winter,2020-01-19,POOL_FLAT,12,55,2.1806799999999997,0.92783,0.0,0.0,2.0,2.0,1.2528499999999996,0.2007
winter,2020-01-19,POOL_FLAT,13,1,0.28473,0.6267,0.0,0.0,2.0,2.0,-0.34197000000000005,0.2007
winter,2020-01-19,POOL_FLAT,13,2,1.08467,0.48323,0.0,0.0,2.0,2.0,0.60144,0.2007
winter,2020-01-19,POOL_FLAT,13,3,1.53212,0.38277,0.0,0.0,2.0,2.0,1.1493499999999999,0.2007
winter,2020-01-19,POOL_FLAT,13,4,4.01096,0.28002,0.0,0.0,2.0,2.0,3.73094,0.2007
winter,2020-01-19,POOL_FLAT,13,5,0.41738,0.8177000000000001,0.0,0.0,2.0,2.0,-0.4003200000000001,0.2007
winter,2020-01-19,POOL_FLAT,13,6,0.52052,0.0,0.0,0.0,2.0,2.0,0.52052,0.2007
winter,2020-01-19,POOL_FLAT,13,7,3.0449499999999996,0.39076,0.0,0.0,2.0,2.0,2.65419,0.2007
winter,2020-01-19,POOL_FLAT,13,8,1.40887,0.0,0.0,0.0,2.0,2.0,1.40887,0.2007
winter,2020-01-19,POOL_FLAT,13,9,0.85273,0.0,0.0,0.0,2.0,2.0,0.85273,0.2007
winter,2020-01-19,POOL_FLAT,13,10,1.28772,0.68472,0.0,0.0,2.0,2.0,0.603,0.2007
winter,2020-01-19,POOL_FLAT,13,11,0.86164,0.6267,0.0,0.0,2.0,2.0,0.23493999999999993,0.2007
winter,2020-01-19,POOL_FLAT,13,12,0.22615,0.48323,0.0,0.0,2.0,2.0,-0.25708,0.2007
winter,2020-01-19,POOL_FLAT,13,13,0.20788,0.38277,0.0,0.0,2.0,2.0,-0.17489,0.2007
winter,2020-01-19,POOL_FLAT,13,14,2.6428499999999997,0.28002,0.0,0.0,2.0,2.0,2.3628299999999998,0.2007
winter,2020-01-19,POOL_FLAT,13,15,1.10122,0.8177000000000001,0.0,0.0,2.0,2.0,0.28352,0.2007
winter,2020-01-19,POOL_FLAT,13,16,0.29902,0.0,0.0,0.0,2.0,2.0,0.29902,0.2007
winter,2020-01-19,POOL_FLAT,13,17,0.09982,0.39076,0.0,0.0,2.0,2.0,-0.29094,0.2007
winter,2020-01-19,POOL_FLAT,13,18,2.13745,0.0,0.0,0.0,2.0,2.0,2.13745,0.2007
winter,2020-01-19,POOL_FLAT,13,19,1.3038299999999998,0.0,0.0,0.0,2.0,2.0,1.3038299999999998,0.2007
winter,2020-01-19,POOL_FLAT,13,20,2.77072,0.68472,0.0,0.0,2.0,2.0,2.086,0.2007
winter,2020-01-19,POOL_FLAT,13,21,0.28473,0.6267,0.0,0.0,2.0,2.0,-0.34197000000000005,0.2007
winter,2020-01-19,POOL_FLAT,13,22,1.08467,0.48323,0.0,0.0,2.0,2.0,0.60144,0.2007
winter,2020-01-19,POOL_FLAT,13,23,1.53212,0.38277,0.0,0.0,2.0,2.0,1.1493499999999999,0.2007
winter,2020-01-19,POOL_FLAT,13,24,4.01096,0.28002,0.0,0.0,2.0,2.0,3.73094,0.2007
winter,2020-01-19,POOL_FLAT,13,25,0.41738,0.8177000000000001,0.0,0.0,2.0,2.0,-0.4003200000000001,0.2007
winter,2020-01-19,POOL_FLAT,13,26,0.52052,0.0,0.0,0.0,2.0,2.0,0.52052,0.2007
winter,2020-01-19,POOL_FLAT,13,27,3.0449499999999996,0.39076,0.0,0.0,2.0,2.0,2.65419,0.2007
winter,2020-01-19,POOL_FLAT,13,28,1.40887,0.0,0.0,0.0,2.0,2.0,1.40887,0.2007
winter,2020-01-19,POOL_FLAT,13,29,0.85273,0.0,0.0,0.0,2.0,2.0,0.85273,0.2007
winter,2020-01-19,POOL_FLAT,13,30,1.28772,0.68472,0.0,0.0,2.0,2.0,0.603,0.2007
winter,2020-01-19,POOL_FLAT,13,31,0.86164,0.6267,0.0,0.0,2.0,2.0,0.23493999999999993,0.2007
winter,2020-01-19,POOL_FLAT,13,32,0.22615,0.48323,0.0,0.0,2.0,2.0,-0.25708,0.2007
winter,2020-01-19,POOL_FLAT,13,33,0.20788,0.38277,0.0,0.0,2.0,2.0,-0.17489,0.2007
winter,2020-01-19,POOL_FLAT,13,34,2.6428499999999997,0.28002,0.0,0.0,2.0,2.0,2.3628299999999998,0.2007
winter,2020-01-19,POOL_FLAT,13,35,1.10122,0.8177000000000001,0.0,0.0,2.0,2.0,0.28352,0.2007
winter,2020-01-19,POOL_FLAT,13,36,0.29902,0.0,0.0,0.0,2.0,2.0,0.29902,0.2007
winter,2020-01-19,POOL_FLAT,13,37,0.09982,0.39076,0.0,0.0,2.0,2.0,-0.29094,0.2007
winter,2020-01-19,POOL_FLAT,13,38,2.13745,0.0,0.0,0.0,2.0,2.0,2.13745,0.2007
winter,2020-01-19,POOL_FLAT,13,39,1.3038299999999998,0.0,0.0,0.0,2.0,2.0,1.3038299999999998,0.2007
winter,2020-01-19,POOL_FLAT,13,40,2.77072,0.68472,0.0,0.0,2.0,2.0,2.086,0.2007
winter,2020-01-19,POOL_FLAT,13,41,0.28473,0.6267,0.0,0.0,2.0,2.0,-0.34197000000000005,0.2007
winter,2020-01-19,POOL_FLAT,13,42,1.08467,0.48323,0.0,0.0,2.0,2.0,0.60144,0.2007
winter,2020-01-19,POOL_FLAT,13,43,1.53212,0.38277,0.0,0.0,2.0,2.0,1.1493499999999999,0.2007
winter,2020-01-19,POOL_FLAT,13,44,4.01096,0.28002,0.0,0.0,2.0,2.0,3.73094,0.2007
winter,2020-01-19,POOL_FLAT,13,45,0.41738,0.8177000000000001,0.0,0.0,2.0,2.0,-0.4003200000000001,0.2007
winter,2020-01-19,POOL_FLAT,13,46,0.52052,0.0,0.0,0.0,2.0,2.0,0.52052,0.2007
winter,2020-01-19,POOL_FLAT,13,47,3.0449499999999996,0.39076,0.0,0.0,2.0,2.0,2.65419,0.2007
winter,2020-01-19,POOL_FLAT,13,48,1.40887,0.0,0.0,0.0,2.0,2.0,1.40887,0.2007
winter,2020-01-19,POOL_FLAT,13,49,0.85273,0.0,0.0,0.0,2.0,2.0,0.85273,0.2007
winter,2020-01-19,POOL_FLAT,13,50,1.28772,0.68472,0.0,0.0,2.0,2.0,0.603,0.2007
winter,2020-01-19,POOL_FLAT,13,51,0.86164,0.6267,0.0,0.0,2.0,2.0,0.23493999999999993,0.2007
winter,2020-01-19,POOL_FLAT,13,52,0.22615,0.48323,0.0,0.0,2.0,2.0,-0.25708,0.2007
winter,2020-01-19,POOL_FLAT,13,53,0.20788,0.38277,0.0,0.0,2.0,2.0,-0.17489,0.2007
winter,2020-01-19,POOL_FLAT,13,54,2.6428499999999997,0.28002,0.0,0.0,2.0,2.0,2.3628299999999998,0.2007
winter,2020-01-19,POOL_FLAT,13,55,1.10122,0.8177000000000001,0.0,0.0,2.0,2.0,0.28352,0.2007
winter,2020-01-19,POOL_FLAT,14,1,0.48845,0.47725,0.0,0.0,2.0,2.0,0.011199999999999988,0.2007
winter,2020-01-19,POOL_FLAT,14,2,0.9453,0.66411,0.0,0.0,2.0,2.0,0.28119000000000005,0.2007
winter,2020-01-19,POOL_FLAT,14,3,0.40512,0.5415800000000001,0.0,0.0,2.0,2.0,-0.13646000000000008,0.2007
winter,2020-01-19,POOL_FLAT,14,4,1.67902,0.59849,0.0,0.0,2.0,2.0,1.08053,0.2007
winter,2020-01-19,POOL_FLAT,14,5,0.20943,0.7797799999999999,0.0,0.0,2.0,2.0,-0.5703499999999999,0.2007
winter,2020-01-19,POOL_FLAT,14,6,0.3825,0.0,0.0,0.0,2.0,2.0,0.3825,0.2007
winter,2020-01-19,POOL_FLAT,14,7,1.84696,0.24671,0.0,0.0,2.0,2.0,1.60025,0.2007
winter,2020-01-19,POOL_FLAT,14,8,0.37147,0.0,0.0,0.0,2.0,2.0,0.37147,0.2007
winter,2020-01-19,POOL_FLAT,14,9,0.41287,0.0,0.0,0.0,2.0,2.0,0.41287,0.2007
winter,2020-01-19,POOL_FLAT,14,10,1.72752,0.7594099999999999,0.0,0.0,2.0,2.0,0.96811,0.2007
winter,2020-01-19,POOL_FLAT,14,11,0.47258,0.47725,0.0,0.0,2.0,2.0,-0.0046700000000000075,0.2007
winter,2020-01-19,POOL_FLAT,14,12,0.23802,0.66411,0.0,0.0,2.0,2.0,-0.42608999999999997,0.2007
winter,2020-01-19,POOL_FLAT,14,13,0.1847299999999999,0.5415800000000001,0.0,0.0,2.0,2.0,-0.35685000000000017,0.2007
winter,2020-01-19,POOL_FLAT,14,14,2.0802400000000003,0.59849,0.0,0.0,2.0,2.0,1.4817500000000003,0.2007
winter,2020-01-19,POOL_FLAT,14,15,2.76156,0.7797799999999999,0.0,0.0,2.0,2.0,1.9817799999999999,0.2007
winter,2020-01-19,POOL_FLAT,14,16,0.3737799999999999,0.0,0.0,0.0,2.0,2.0,0.3737799999999999,0.2007
winter,2020-01-19,POOL_FLAT,14,17,0.1766599999999999,0.24671,0.0,0.0,2.0,2.0,-0.07005000000000011,0.2007
winter,2020-01-19,POOL_FLAT,14,18,0.69565,0.0,0.0,0.0,2.0,2.0,0.69565,0.2007
winter,2020-01-19,POOL_FLAT,14,19,0.56916,0.0,0.0,0.0,2.0,2.0,0.56916,0.2007
winter,2020-01-19,POOL_FLAT,14,20,0.6789,0.7594099999999999,0.0,0.0,2.0,2.0,-0.08050999999999997,0.2007
winter,2020-01-19,POOL_FLAT,14,21,0.48845,0.47725,0.0,0.0,2.0,2.0,0.011199999999999988,0.2007
winter,2020-01-19,POOL_FLAT,14,22,0.9453,0.66411,0.0,0.0,2.0,2.0,0.28119000000000005,0.2007
winter,2020-01-19,POOL_FLAT,14,23,0.40512,0.5415800000000001,0.0,0.0,2.0,2.0,-0.13646000000000008,0.2007
winter,2020-01-19,POOL_FLAT,14,24,1.67902,0.59849,0.0,0.0,2.0,2.0,1.08053,0.2007
winter,2020-01-19,POOL_FLAT,14,25,0.20943,0.7797799999999999,0.0,0.0,2.0,2.0,-0.5703499999999999,0.2007
winter,2020-01-19,POOL_FLAT,14,26,0.3825,0.0,0.0,0.0,2.0,2.0,0.3825,0.2007
winter,2020-01-19,POOL_FLAT,14,27,1.84696,0.24671,0.0,0.0,2.0,2.0,1.60025,0.2007
winter,2020-01-19,POOL_FLAT,14,28,0.37147,0.0,0.0,0.0,2.0,2.0,0.37147,0.2007
winter,2020-01-19,POOL_FLAT,14,29,0.41287,0.0,0.0,0.0,2.0,2.0,0.41287,0.2007
winter,2020-01-19,POOL_FLAT,14,30,1.72752,0.7594099999999999,0.0,0.0,2.0,2.0,0.96811,0.2007
winter,2020-01-19,POOL_FLAT,14,31,0.47258,0.47725,0.0,0.0,2.0,2.0,-0.0046700000000000075,0.2007
winter,2020-01-19,POOL_FLAT,14,32,0.23802,0.66411,0.0,0.0,2.0,2.0,-0.42608999999999997,0.2007
winter,2020-01-19,POOL_FLAT,14,33,0.1847299999999999,0.5415800000000001,0.0,0.0,2.0,2.0,-0.35685000000000017,0.2007
winter,2020-01-19,POOL_FLAT,14,34,2.0802400000000003,0.59849,0.0,0.0,2.0,2.0,1.4817500000000003,0.2007
winter,2020-01-19,POOL_FLAT,14,35,2.76156,0.7797799999999999,0.0,0.0,2.0,2.0,1.9817799999999999,0.2007
winter,2020-01-19,POOL_FLAT,14,36,0.3737799999999999,0.0,0.0,0.0,2.0,2.0,0.3737799999999999,0.2007
winter,2020-01-19,POOL_FLAT,14,37,0.1766599999999999,0.24671,0.0,0.0,2.0,2.0,-0.07005000000000011,0.2007
winter,2020-01-19,POOL_FLAT,14,38,0.69565,0.0,0.0,0.0,2.0,2.0,0.69565,0.2007
winter,2020-01-19,POOL_FLAT,14,39,0.56916,0.0,0.0,0.0,2.0,2.0,0.56916,0.2007
winter,2020-01-19,POOL_FLAT,14,40,0.6789,0.7594099999999999,0.0,0.0,2.0,2.0,-0.08050999999999997,0.2007
winter,2020-01-19,POOL_FLAT,14,41,0.48845,0.47725,0.0,0.0,2.0,2.0,0.011199999999999988,0.2007
winter,2020-01-19,POOL_FLAT,14,42,0.9453,0.66411,0.0,0.0,2.0,2.0,0.28119000000000005,0.2007
winter,2020-01-19,POOL_FLAT,14,43,0.40512,0.5415800000000001,0.0,0.0,2.0,2.0,-0.13646000000000008,0.2007
winter,2020-01-19,POOL_FLAT,14,44,1.67902,0.59849,0.0,0.0,2.0,2.0,1.08053,0.2007
winter,2020-01-19,POOL_FLAT,14,45,0.20943,0.7797799999999999,0.0,0.0,2.0,2.0,-0.5703499999999999,0.2007
winter,2020-01-19,POOL_FLAT,14,46,0.3825,0.0,0.0,0.0,2.0,2.0,0.3825,0.2007
winter,2020-01-19,POOL_FLAT,14,47,1.84696,0.24671,0.0,0.0,2.0,2.0,1.60025,0.2007
winter,2020-01-19,POOL_FLAT,14,48,0.37147,0.0,0.0,0.0,2.0,2.0,0.37147,0.2007
winter,2020-01-19,POOL_FLAT,14,49,0.41287,0.0,0.0,0.0,2.0,2.0,0.41287,0.2007
winter,2020-01-19,POOL_FLAT,14,50,1.72752,0.7594099999999999,0.0,0.0,2.0,2.0,0.96811,0.2007
winter,2020-01-19,POOL_FLAT,14,51,0.47258,0.47725,0.0,0.0,2.0,2.0,-0.0046700000000000075,0.2007
winter,2020-01-19,POOL_FLAT,14,52,0.23802,0.66411,0.0,0.0,2.0,2.0,-0.42608999999999997,0.2007
winter,2020-01-19,POOL_FLAT,14,53,0.1847299999999999,0.5415800000000001,0.0,0.0,2.0,2.0,-0.35685000000000017,0.2007
winter,2020-01-19,POOL_FLAT,14,54,2.0802400000000003,0.59849,0.0,0.0,2.0,2.0,1.4817500000000003,0.2007
winter,2020-01-19,POOL_FLAT,14,55,2.76156,0.7797799999999999,0.0,0.0,2.0,2.0,1.9817799999999999,0.2007
winter,2020-01-19,POOL_FLAT,15,1,1.09119,0.20423,0.0,0.0,2.0,2.0,0.8869600000000001,0.2007
winter,2020-01-19,POOL_FLAT,15,2,0.54955,0.34406,0.0,0.0,2.0,2.0,0.20549,0.2007
winter,2020-01-19,POOL_FLAT,15,3,0.34874,0.24364,0.0,0.0,2.0,2.0,0.1051,0.2007
winter,2020-01-19,POOL_FLAT,15,4,1.81535,0.32864,0.0,0.0,2.0,2.0,1.48671,0.2007
winter,2020-01-19,POOL_FLAT,15,5,0.14093,0.34345,0.0,0.0,2.0,2.0,-0.20251999999999998,0.2007
winter,2020-01-19,POOL_FLAT,15,6,0.5251699999999999,0.0,0.0,0.0,2.0,2.0,0.5251699999999999,0.2007
winter,2020-01-19,POOL_FLAT,15,7,5.574019999999999,0.13227,0.0,0.0,2.0,2.0,5.441749999999999,0.2007
winter,2020-01-19,POOL_FLAT,15,8,0.15574,0.0,0.0,0.0,2.0,2.0,0.15574,0.2007
winter,2020-01-19,POOL_FLAT,15,9,0.39632,0.0,0.0,0.0,2.0,2.0,0.39632,0.2007
winter,2020-01-19,POOL_FLAT,15,10,2.39118,0.23708,0.0,0.0,2.0,2.0,2.1540999999999997,0.2007
winter,2020-01-19,POOL_FLAT,15,11,2.030875,0.20423,0.0,0.0,2.0,2.0,1.826645,0.2007
winter,2020-01-19,POOL_FLAT,15,12,0.25013,0.34406,0.0,0.0,2.0,2.0,-0.09392999999999996,0.2007
winter,2020-01-19,POOL_FLAT,15,13,0.1786599999999999,0.24364,0.0,0.0,2.0,2.0,-0.0649800000000001,0.2007
winter,2020-01-19,POOL_FLAT,15,14,3.56425,0.32864,0.0,0.0,2.0,2.0,3.23561,0.2007
winter,2020-01-19,POOL_FLAT,15,15,0.80196,0.34345,0.0,0.0,2.0,2.0,0.45851000000000003,0.2007
winter,2020-01-19,POOL_FLAT,15,16,0.41325,0.0,0.0,0.0,2.0,2.0,0.41325,0.2007
winter,2020-01-19,POOL_FLAT,15,17,0.18233,0.13227,0.0,0.0,2.0,2.0,0.05005999999999999,0.2007
winter,2020-01-19,POOL_FLAT,15,18,0.26032,0.0,0.0,0.0,2.0,2.0,0.26032,0.2007
winter,2020-01-19,POOL_FLAT,15,19,1.04152,0.0,0.0,0.0,2.0,2.0,1.04152,0.2007
winter,2020-01-19,POOL_FLAT,15,20,0.07094,0.23708,0.0,0.0,2.0,2.0,-0.16614,0.2007
winter,2020-01-19,POOL_FLAT,15,21,1.09119,0.20423,0.0,0.0,2.0,2.0,0.8869600000000001,0.2007
winter,2020-01-19,POOL_FLAT,15,22,0.54955,0.34406,0.0,0.0,2.0,2.0,0.20549,0.2007
winter,2020-01-19,POOL_FLAT,15,23,0.34874,0.24364,0.0,0.0,2.0,2.0,0.1051,0.2007
winter,2020-01-19,POOL_FLAT,15,24,1.81535,0.32864,0.0,0.0,2.0,2.0,1.48671,0.2007
winter,2020-01-19,POOL_FLAT,15,25,0.14093,0.34345,0.0,0.0,2.0,2.0,-0.20251999999999998,0.2007
winter,2020-01-19,POOL_FLAT,15,26,0.5251699999999999,0.0,0.0,0.0,2.0,2.0,0.5251699999999999,0.2007
winter,2020-01-19,POOL_FLAT,15,27,5.574019999999999,0.13227,0.0,0.0,2.0,2.0,5.441749999999999,0.2007
winter,2020-01-19,POOL_FLAT,15,28,0.15574,0.0,0.0,0.0,2.0,2.0,0.15574,0.2007
winter,2020-01-19,POOL_FLAT,15,29,0.39632,0.0,0.0,0.0,2.0,2.0,0.39632,0.2007
winter,2020-01-19,POOL_FLAT,15,30,2.39118,0.23708,0.0,0.0,2.0,2.0,2.1540999999999997,0.2007
winter,2020-01-19,POOL_FLAT,15,31,2.030875,0.20423,0.0,0.0,2.0,2.0,1.826645,0.2007
winter,2020-01-19,POOL_FLAT,15,32,0.25013,0.34406,0.0,0.0,2.0,2.0,-0.09392999999999996,0.2007
winter,2020-01-19,POOL_FLAT,15,33,0.1786599999999999,0.24364,0.0,0.0,2.0,2.0,-0.0649800000000001,0.2007
winter,2020-01-19,POOL_FLAT,15,34,3.56425,0.32864,0.0,0.0,2.0,2.0,3.23561,0.2007
winter,2020-01-19,POOL_FLAT,15,35,0.80196,0.34345,0.0,0.0,2.0,2.0,0.45851000000000003,0.2007
winter,2020-01-19,POOL_FLAT,15,36,0.41325,0.0,0.0,0.0,2.0,2.0,0.41325,0.2007
winter,2020-01-19,POOL_FLAT,15,37,0.18233,0.13227,0.0,0.0,2.0,2.0,0.05005999999999999,0.2007
winter,2020-01-19,POOL_FLAT,15,38,0.26032,0.0,0.0,0.0,2.0,2.0,0.26032,0.2007
winter,2020-01-19,POOL_FLAT,15,39,1.04152,0.0,0.0,0.0,2.0,2.0,1.04152,0.2007
winter,2020-01-19,POOL_FLAT,15,40,0.07094,0.23708,0.0,0.0,2.0,2.0,-0.16614,0.2007
winter,2020-01-19,POOL_FLAT,15,41,1.09119,0.20423,0.0,0.0,2.0,2.0,0.8869600000000001,0.2007
winter,2020-01-19,POOL_FLAT,15,42,0.54955,0.34406,0.0,0.0,2.0,2.0,0.20549,0.2007
winter,2020-01-19,POOL_FLAT,15,43,0.34874,0.24364,0.0,0.0,2.0,2.0,0.1051,0.2007
winter,2020-01-19,POOL_FLAT,15,44,1.81535,0.32864,0.0,0.0,2.0,2.0,1.48671,0.2007
winter,2020-01-19,POOL_FLAT,15,45,0.14093,0.34345,0.0,0.0,2.0,2.0,-0.20251999999999998,0.2007
winter,2020-01-19,POOL_FLAT,15,46,0.5251699999999999,0.0,0.0,0.0,2.0,2.0,0.5251699999999999,0.2007
winter,2020-01-19,POOL_FLAT,15,47,5.574019999999999,0.13227,0.0,0.0,2.0,2.0,5.441749999999999,0.2007
winter,2020-01-19,POOL_FLAT,15,48,0.15574,0.0,0.0,0.0,2.0,2.0,0.15574,0.2007
winter,2020-01-19,POOL_FLAT,15,49,0.39632,0.0,0.0,0.0,2.0,2.0,0.39632,0.2007
winter,2020-01-19,POOL_FLAT,15,50,2.39118,0.23708,0.0,0.0,2.0,2.0,2.1540999999999997,0.2007
winter,2020-01-19,POOL_FLAT,15,51,2.030875,0.20423,0.0,0.0,2.0,2.0,1.826645,0.2007
winter,2020-01-19,POOL_FLAT,15,52,0.25013,0.34406,0.0,0.0,2.0,2.0,-0.09392999999999996,0.2007
winter,2020-01-19,POOL_FLAT,15,53,0.1786599999999999,0.24364,0.0,0.0,2.0,2.0,-0.0649800000000001,0.2007
winter,2020-01-19,POOL_FLAT,15,54,3.56425,0.32864,0.0,0.0,2.0,2.0,3.23561,0.2007
winter,2020-01-19,POOL_FLAT,15,55,0.80196,0.34345,0.0,0.0,2.0,2.0,0.45851000000000003,0.2007
winter,2020-01-19,POOL_FLAT,16,1,1.48791,0.02228,0.0,0.0,2.0,2.0,1.46563,0.2007
winter,2020-01-19,POOL_FLAT,16,2,0.52976,0.0461,0.0,0.0,2.0,2.0,0.48366,0.2007
winter,2020-01-19,POOL_FLAT,16,3,0.37981,0.03279,0.0,0.0,2.0,2.0,0.34702,0.2007
winter,2020-01-19,POOL_FLAT,16,4,0.71386,0.02673,0.0,0.0,2.0,2.0,0.68713,0.2007
winter,2020-01-19,POOL_FLAT,16,5,0.31504,0.0493,0.0,0.0,2.0,2.0,0.26574,0.2007
winter,2020-01-19,POOL_FLAT,16,6,1.15578,0.0,0.0,0.0,2.0,2.0,1.15578,0.2007
winter,2020-01-19,POOL_FLAT,16,7,4.6636999999999995,0.0343,0.0,0.0,2.0,2.0,4.6293999999999995,0.2007
winter,2020-01-19,POOL_FLAT,16,8,0.17259,0.0,0.0,0.0,2.0,2.0,0.17259,0.2007
winter,2020-01-19,POOL_FLAT,16,9,1.21904,0.0,0.0,0.0,2.0,2.0,1.21904,0.2007
winter,2020-01-19,POOL_FLAT,16,10,0.31235,0.03214,0.0,0.0,2.0,2.0,0.28021,0.2007
winter,2020-01-19,POOL_FLAT,16,11,3.2413499999999997,0.02228,0.0,0.0,2.0,2.0,3.21907,0.2007
winter,2020-01-19,POOL_FLAT,16,12,0.2575199999999999,0.0461,0.0,0.0,2.0,2.0,0.2114199999999999,0.2007
winter,2020-01-19,POOL_FLAT,16,13,0.18918,0.03279,0.0,0.0,2.0,2.0,0.15638999999999997,0.2007
winter,2020-01-19,POOL_FLAT,16,14,1.59533,0.02673,0.0,0.0,2.0,2.0,1.5686,0.2007
winter,2020-01-19,POOL_FLAT,16,15,0.78767,0.0493,0.0,0.0,2.0,2.0,0.73837,0.2007
winter,2020-01-19,POOL_FLAT,16,16,0.32131,0.0,0.0,0.0,2.0,2.0,0.32131,0.2007
winter,2020-01-19,POOL_FLAT,16,17,0.13871,0.0343,0.0,0.0,2.0,2.0,0.10441,0.2007
winter,2020-01-19,POOL_FLAT,16,18,0.53812,0.0,0.0,0.0,2.0,2.0,0.53812,0.2007
winter,2020-01-19,POOL_FLAT,16,19,0.96522,0.0,0.0,0.0,2.0,2.0,0.96522,0.2007
winter,2020-01-19,POOL_FLAT,16,20,0.0620799999999999,0.03214,0.0,0.0,2.0,2.0,0.029939999999999897,0.2007
winter,2020-01-19,POOL_FLAT,16,21,1.48791,0.02228,0.0,0.0,2.0,2.0,1.46563,0.2007
winter,2020-01-19,POOL_FLAT,16,22,0.52976,0.0461,0.0,0.0,2.0,2.0,0.48366,0.2007
winter,2020-01-19,POOL_FLAT,16,23,0.37981,0.03279,0.0,0.0,2.0,2.0,0.34702,0.2007
winter,2020-01-19,POOL_FLAT,16,24,0.71386,0.02673,0.0,0.0,2.0,2.0,0.68713,0.2007
winter,2020-01-19,POOL_FLAT,16,25,0.31504,0.0493,0.0,0.0,2.0,2.0,0.26574,0.2007
winter,2020-01-19,POOL_FLAT,16,26,1.15578,0.0,0.0,0.0,2.0,2.0,1.15578,0.2007
winter,2020-01-19,POOL_FLAT,16,27,4.6636999999999995,0.0343,0.0,0.0,2.0,2.0,4.6293999999999995,0.2007
winter,2020-01-19,POOL_FLAT,16,28,0.17259,0.0,0.0,0.0,2.0,2.0,0.17259,0.2007
winter,2020-01-19,POOL_FLAT,16,29,1.21904,0.0,0.0,0.0,2.0,2.0,1.21904,0.2007
winter,2020-01-19,POOL_FLAT,16,30,0.31235,0.03214,0.0,0.0,2.0,2.0,0.28021,0.2007
winter,2020-01-19,POOL_FLAT,16,31,3.2413499999999997,0.02228,0.0,0.0,2.0,2.0,3.21907,0.2007
winter,2020-01-19,POOL_FLAT,16,32,0.2575199999999999,0.0461,0.0,0.0,2.0,2.0,0.2114199999999999,0.2007
winter,2020-01-19,POOL_FLAT,16,33,0.18918,0.03279,0.0,0.0,2.0,2.0,0.15638999999999997,0.2007
winter,2020-01-19,POOL_FLAT,16,34,1.59533,0.02673,0.0,0.0,2.0,2.0,1.5686,0.2007
winter,2020-01-19,POOL_FLAT,16,35,0.78767,0.0493,0.0,0.0,2.0,2.0,0.73837,0.2007
winter,2020-01-19,POOL_FLAT,16,36,0.32131,0.0,0.0,0.0,2.0,2.0,0.32131,0.2007
winter,2020-01-19,POOL_FLAT,16,37,0.13871,0.0343,0.0,0.0,2.0,2.0,0.10441,0.2007
winter,2020-01-19,POOL_FLAT,16,38,0.53812,0.0,0.0,0.0,2.0,2.0,0.53812,0.2007
winter,2020-01-19,POOL_FLAT,16,39,0.96522,0.0,0.0,0.0,2.0,2.0,0.96522,0.2007
winter,2020-01-19,POOL_FLAT,16,40,0.0620799999999999,0.03214,0.0,0.0,2.0,2.0,0.029939999999999897,0.2007
winter,2020-01-19,POOL_FLAT,16,41,1.48791,0.02228,0.0,0.0,2.0,2.0,1.46563,0.2007
winter,2020-01-19,POOL_FLAT,16,42,0.52976,0.0461,0.0,0.0,2.0,2.0,0.48366,0.2007
winter,2020-01-19,POOL_FLAT,16,43,0.37981,0.03279,0.0,0.0,2.0,2.0,0.34702,0.2007
winter,2020-01-19,POOL_FLAT,16,44,0.71386,0.02673,0.0,0.0,2.0,2.0,0.68713,0.2007
winter,2020-01-19,POOL_FLAT,16,45,0.31504,0.0493,0.0,0.0,2.0,2.0,0.26574,0.2007
winter,2020-01-19,POOL_FLAT,16,46,1.15578,0.0,0.0,0.0,2.0,2.0,1.15578,0.2007
winter,2020-01-19,POOL_FLAT,16,47,4.6636999999999995,0.0343,0.0,0.0,2.0,2.0,4.6293999999999995,0.2007
winter,2020-01-19,POOL_FLAT,16,48,0.17259,0.0,0.0,0.0,2.0,2.0,0.17259,0.2007
winter,2020-01-19,POOL_FLAT,16,49,1.21904,0.0,0.0,0.0,2.0,2.0,1.21904,0.2007
winter,2020-01-19,POOL_FLAT,16,50,0.31235,0.03214,0.0,0.0,2.0,2.0,0.28021,0.2007
winter,2020-01-19,POOL_FLAT,16,51,3.2413499999999997,0.02228,0.0,0.0,2.0,2.0,3.21907,0.2007
winter,2020-01-19,POOL_FLAT,16,52,0.2575199999999999,0.0461,0.0,0.0,2.0,2.0,0.2114199999999999,0.2007
winter,2020-01-19,POOL_FLAT,16,53,0.18918,0.03279,0.0,0.0,2.0,2.0,0.15638999999999997,0.2007
winter,2020-01-19,POOL_FLAT,16,54,1.59533,0.02673,0.0,0.0,2.0,2.0,1.5686,0.2007
winter,2020-01-19,POOL_FLAT,16,55,0.78767,0.0493,0.0,0.0,2.0,2.0,0.73837,0.2007
winter,2020-01-19,POOL_FLAT,17,1,0.75142,5e-05,0.0,0.0,2.0,2.0,0.75137,0.2007
winter,2020-01-19,POOL_FLAT,17,2,1.80947,0.00257,0.0,0.0,2.0,2.0,1.8069,0.2007
winter,2020-01-19,POOL_FLAT,17,3,0.43063,0.00017,0.0,0.0,2.0,2.0,0.43046,0.2007
winter,2020-01-19,POOL_FLAT,17,4,2.98338,0.0,0.0,0.0,2.0,2.0,2.98338,0.2007
winter,2020-01-19,POOL_FLAT,17,5,0.4826,0.01016,0.0,0.0,2.0,2.0,0.47243999999999997,0.2007
winter,2020-01-19,POOL_FLAT,17,6,1.21294,0.0,0.0,0.0,2.0,2.0,1.21294,0.2007
winter,2020-01-19,POOL_FLAT,17,7,2.98061,0.0,0.0,0.0,2.0,2.0,2.98061,0.2007
winter,2020-01-19,POOL_FLAT,17,8,0.36007,0.0,0.0,0.0,2.0,2.0,0.36007,0.2007
winter,2020-01-19,POOL_FLAT,17,9,0.8843300000000001,0.0,0.0,0.0,2.0,2.0,0.8843300000000001,0.2007
winter,2020-01-19,POOL_FLAT,17,10,0.5824400000000001,0.0,0.0,0.0,2.0,2.0,0.5824400000000001,0.2007
winter,2020-01-19,POOL_FLAT,17,11,3.01306,5e-05,0.0,0.0,2.0,2.0,3.01301,0.2007
winter,2020-01-19,POOL_FLAT,17,12,0.27591,0.00257,0.0,0.0,2.0,2.0,0.27333999999999997,0.2007
winter,2020-01-19,POOL_FLAT,17,13,1.1985,0.00017,0.0,0.0,2.0,2.0,1.19833,0.2007
winter,2020-01-19,POOL_FLAT,17,14,5.45247,0.0,0.0,0.0,2.0,2.0,5.45247,0.2007
winter,2020-01-19,POOL_FLAT,17,15,0.81808,0.01016,0.0,0.0,2.0,2.0,0.8079200000000001,0.2007
winter,2020-01-19,POOL_FLAT,17,16,0.27298,0.0,0.0,0.0,2.0,2.0,0.27298,0.2007
winter,2020-01-19,POOL_FLAT,17,17,1.54895,0.0,0.0,0.0,2.0,2.0,1.54895,0.2007
winter,2020-01-19,POOL_FLAT,17,18,1.0201900000000002,0.0,0.0,0.0,2.0,2.0,1.0201900000000002,0.2007
winter,2020-01-19,POOL_FLAT,17,19,0.29527,0.0,0.0,0.0,2.0,2.0,0.29527,0.2007
winter,2020-01-19,POOL_FLAT,17,20,0.23232,0.0,0.0,0.0,2.0,2.0,0.23232,0.2007
winter,2020-01-19,POOL_FLAT,17,21,0.75142,5e-05,0.0,0.0,2.0,2.0,0.75137,0.2007
winter,2020-01-19,POOL_FLAT,17,22,1.80947,0.00257,0.0,0.0,2.0,2.0,1.8069,0.2007
winter,2020-01-19,POOL_FLAT,17,23,0.43063,0.00017,0.0,0.0,2.0,2.0,0.43046,0.2007
winter,2020-01-19,POOL_FLAT,17,24,2.98338,0.0,0.0,0.0,2.0,2.0,2.98338,0.2007
winter,2020-01-19,POOL_FLAT,17,25,0.4826,0.01016,0.0,0.0,2.0,2.0,0.47243999999999997,0.2007
winter,2020-01-19,POOL_FLAT,17,26,1.21294,0.0,0.0,0.0,2.0,2.0,1.21294,0.2007
winter,2020-01-19,POOL_FLAT,17,27,2.98061,0.0,0.0,0.0,2.0,2.0,2.98061,0.2007
winter,2020-01-19,POOL_FLAT,17,28,0.36007,0.0,0.0,0.0,2.0,2.0,0.36007,0.2007
winter,2020-01-19,POOL_FLAT,17,29,0.8843300000000001,0.0,0.0,0.0,2.0,2.0,0.8843300000000001,0.2007
winter,2020-01-19,POOL_FLAT,17,30,0.5824400000000001,0.0,0.0,0.0,2.0,2.0,0.5824400000000001,0.2007
winter,2020-01-19,POOL_FLAT,17,31,3.01306,5e-05,0.0,0.0,2.0,2.0,3.01301,0.2007
winter,2020-01-19,POOL_FLAT,17,32,0.27591,0.00257,0.0,0.0,2.0,2.0,0.27333999999999997,0.2007
winter,2020-01-19,POOL_FLAT,17,33,1.1985,0.00017,0.0,0.0,2.0,2.0,1.19833,0.2007
winter,2020-01-19,POOL_FLAT,17,34,5.45247,0.0,0.0,0.0,2.0,2.0,5.45247,0.2007
winter,2020-01-19,POOL_FLAT,17,35,0.81808,0.01016,0.0,0.0,2.0,2.0,0.8079200000000001,0.2007
winter,2020-01-19,POOL_FLAT,17,36,0.27298,0.0,0.0,0.0,2.0,2.0,0.27298,0.2007
winter,2020-01-19,POOL_FLAT,17,37,1.54895,0.0,0.0,0.0,2.0,2.0,1.54895,0.2007
winter,2020-01-19,POOL_FLAT,17,38,1.0201900000000002,0.0,0.0,0.0,2.0,2.0,1.0201900000000002,0.2007
winter,2020-01-19,POOL_FLAT,17,39,0.29527,0.0,0.0,0.0,2.0,2.0,0.29527,0.2007
winter,2020-01-19,POOL_FLAT,17,40,0.23232,0.0,0.0,0.0,2.0,2.0,0.23232,0.2007
winter,2020-01-19,POOL_FLAT,17,41,0.75142,5e-05,0.0,0.0,2.0,2.0,0.75137,0.2007
winter,2020-01-19,POOL_FLAT,17,42,1.80947,0.00257,0.0,0.0,2.0,2.0,1.8069,0.2007
winter,2020-01-19,POOL_FLAT,17,43,0.43063,0.00017,0.0,0.0,2.0,2.0,0.43046,0.2007
winter,2020-01-19,POOL_FLAT,17,44,2.98338,0.0,0.0,0.0,2.0,2.0,2.98338,0.2007
winter,2020-01-19,POOL_FLAT,17,45,0.4826,0.01016,0.0,0.0,2.0,2.0,0.47243999999999997,0.2007
winter,2020-01-19,POOL_FLAT,17,46,1.21294,0.0,0.0,0.0,2.0,2.0,1.21294,0.2007
winter,2020-01-19,POOL_FLAT,17,47,2.98061,0.0,0.0,0.0,2.0,2.0,2.98061,0.2007
winter,2020-01-19,POOL_FLAT,17,48,0.36007,0.0,0.0,0.0,2.0,2.0,0.36007,0.2007
winter,2020-01-19,POOL_FLAT,17,49,0.8843300000000001,0.0,0.0,0.0,2.0,2.0,0.8843300000000001,0.2007
winter,2020-01-19,POOL_FLAT,17,50,0.5824400000000001,0.0,0.0,0.0,2.0,2.0,0.5824400000000001,0.2007
winter,2020-01-19,POOL_FLAT,17,51,3.01306,5e-05,0.0,0.0,2.0,2.0,3.01301,0.2007
winter,2020-01-19,POOL_FLAT,17,52,0.27591,0.00257,0.0,0.0,2.0,2.0,0.27333999999999997,0.2007
winter,2020-01-19,POOL_FLAT,17,53,1.1985,0.00017,0.0,0.0,2.0,2.0,1.19833,0.2007
winter,2020-01-19,POOL_FLAT,17,54,5.45247,0.0,0.0,0.0,2.0,2.0,5.45247,0.2007
winter,2020-01-19,POOL_FLAT,17,55,0.81808,0.01016,0.0,0.0,2.0,2.0,0.8079200000000001,0.2007
winter,2020-01-19,POOL_FLAT,18,1,0.29925,0.0,0.0,0.0,2.0,2.0,0.29925,0.2007
winter,2020-01-19,POOL_FLAT,18,2,0.89974,0.00032,0.0,0.0,2.0,2.0,0.89942,0.2007
winter,2020-01-19,POOL_FLAT,18,3,0.4424,0.00086,0.0,0.0,2.0,2.0,0.44154,0.2007
winter,2020-01-19,POOL_FLAT,18,4,2.85994,0.0,0.0,0.0,2.0,2.0,2.85994,0.2007
winter,2020-01-19,POOL_FLAT,18,5,0.7570800000000001,0.01251,0.0,0.0,2.0,2.0,0.7445700000000001,0.2007
winter,2020-01-19,POOL_FLAT,18,6,0.60414,0.0,0.0,0.0,2.0,2.0,0.60414,0.2007
winter,2020-01-19,POOL_FLAT,18,7,3.89543,0.0,0.0,0.0,2.0,2.0,3.89543,0.2007
winter,2020-01-19,POOL_FLAT,18,8,0.92703,0.0,0.0,0.0,2.0,2.0,0.92703,0.2007
winter,2020-01-19,POOL_FLAT,18,9,0.6234700000000001,0.0,0.0,0.0,2.0,2.0,0.6234700000000001,0.2007
winter,2020-01-19,POOL_FLAT,18,10,1.17178,0.0,0.0,0.0,2.0,2.0,1.17178,0.2007
winter,2020-01-19,POOL_FLAT,18,11,2.30637,0.0,0.0,0.0,2.0,2.0,2.30637,0.2007
winter,2020-01-19,POOL_FLAT,18,12,0.5562,0.00032,0.0,0.0,2.0,2.0,0.55588,0.2007
winter,2020-01-19,POOL_FLAT,18,13,0.43722,0.00086,0.0,0.0,2.0,2.0,0.43635999999999997,0.2007
winter,2020-01-19,POOL_FLAT,18,14,2.2051399999999997,0.0,0.0,0.0,2.0,2.0,2.2051399999999997,0.2007
winter,2020-01-19,POOL_FLAT,18,15,1.3759400000000002,0.01251,0.0,0.0,2.0,2.0,1.3634300000000001,0.2007
winter,2020-01-19,POOL_FLAT,18,16,0.3403,0.0,0.0,0.0,2.0,2.0,0.3403,0.2007
winter,2020-01-19,POOL_FLAT,18,17,0.20682,0.0,0.0,0.0,2.0,2.0,0.20682,0.2007
winter,2020-01-19,POOL_FLAT,18,18,1.63422,0.0,0.0,0.0,2.0,2.0,1.63422,0.2007
winter,2020-01-19,POOL_FLAT,18,19,1.06582,0.0,0.0,0.0,2.0,2.0,1.06582,0.2007
winter,2020-01-19,POOL_FLAT,18,20,0.18544,0.0,0.0,0.0,2.0,2.0,0.18544,0.2007
winter,2020-01-19,POOL_FLAT,18,21,0.29925,0.0,0.0,0.0,2.0,2.0,0.29925,0.2007
winter,2020-01-19,POOL_FLAT,18,22,0.89974,0.00032,0.0,0.0,2.0,2.0,0.89942,0.2007
winter,2020-01-19,POOL_FLAT,18,23,0.4424,0.00086,0.0,0.0,2.0,2.0,0.44154,0.2007
winter,2020-01-19,POOL_FLAT,18,24,2.85994,0.0,0.0,0.0,2.0,2.0,2.85994,0.2007
winter,2020-01-19,POOL_FLAT,18,25,0.7570800000000001,0.01251,0.0,0.0,2.0,2.0,0.7445700000000001,0.2007
winter,2020-01-19,POOL_FLAT,18,26,0.60414,0.0,0.0,0.0,2.0,2.0,0.60414,0.2007
winter,2020-01-19,POOL_FLAT,18,27,3.89543,0.0,0.0,0.0,2.0,2.0,3.89543,0.2007
winter,2020-01-19,POOL_FLAT,18,28,0.92703,0.0,0.0,0.0,2.0,2.0,0.92703,0.2007
winter,2020-01-19,POOL_FLAT,18,29,0.6234700000000001,0.0,0.0,0.0,2.0,2.0,0.6234700000000001,0.2007
winter,2020-01-19,POOL_FLAT,18,30,1.17178,0.0,0.0,0.0,2.0,2.0,1.17178,0.2007
winter,2020-01-19,POOL_FLAT,18,31,2.30637,0.0,0.0,0.0,2.0,2.0,2.30637,0.2007
winter,2020-01-19,POOL_FLAT,18,32,0.5562,0.00032,0.0,0.0,2.0,2.0,0.55588,0.2007
winter,2020-01-19,POOL_FLAT,18,33,0.43722,0.00086,0.0,0.0,2.0,2.0,0.43635999999999997,0.2007
winter,2020-01-19,POOL_FLAT,18,34,2.2051399999999997,0.0,0.0,0.0,2.0,2.0,2.2051399999999997,0.2007
winter,2020-01-19,POOL_FLAT,18,35,1.3759400000000002,0.01251,0.0,0.0,2.0,2.0,1.3634300000000001,0.2007
winter,2020-01-19,POOL_FLAT,18,36,0.3403,0.0,0.0,0.0,2.0,2.0,0.3403,0.2007
winter,2020-01-19,POOL_FLAT,18,37,0.20682,0.0,0.0,0.0,2.0,2.0,0.20682,0.2007
winter,2020-01-19,POOL_FLAT,18,38,1.63422,0.0,0.0,0.0,2.0,2.0,1.63422,0.2007
winter,2020-01-19,POOL_FLAT,18,39,1.06582,0.0,0.0,0.0,2.0,2.0,1.06582,0.2007
winter,2020-01-19,POOL_FLAT,18,40,0.18544,0.0,0.0,0.0,2.0,2.0,0.18544,0.2007
winter,2020-01-19,POOL_FLAT,18,41,0.29925,0.0,0.0,0.0,2.0,2.0,0.29925,0.2007
winter,2020-01-19,POOL_FLAT,18,42,0.89974,0.00032,0.0,0.0,2.0,2.0,0.89942,0.2007
winter,2020-01-19,POOL_FLAT,18,43,0.4424,0.00086,0.0,0.0,2.0,2.0,0.44154,0.2007
winter,2020-01-19,POOL_FLAT,18,44,2.85994,0.0,0.0,0.0,2.0,2.0,2.85994,0.2007
winter,2020-01-19,POOL_FLAT,18,45,0.7570800000000001,0.01251,0.0,0.0,2.0,2.0,0.7445700000000001,0.2007
winter,2020-01-19,POOL_FLAT,18,46,0.60414,0.0,0.0,0.0,2.0,2.0,0.60414,0.2007
winter,2020-01-19,POOL_FLAT,18,47,3.89543,0.0,0.0,0.0,2.0,2.0,3.89543,0.2007
winter,2020-01-19,POOL_FLAT,18,48,0.92703,0.0,0.0,0.0,2.0,2.0,0.92703,0.2007
winter,2020-01-19,POOL_FLAT,18,49,0.6234700000000001,0.0,0.0,0.0,2.0,2.0,0.6234700000000001,0.2007
winter,2020-01-19,POOL_FLAT,18,50,1.17178,0.0,0.0,0.0,2.0,2.0,1.17178,0.2007
winter,2020-01-19,POOL_FLAT,18,51,2.30637,0.0,0.0,0.0,2.0,2.0,2.30637,0.2007
winter,2020-01-19,POOL_FLAT,18,52,0.5562,0.00032,0.0,0.0,2.0,2.0,0.55588,0.2007
winter,2020-01-19,POOL_FLAT,18,53,0.43722,0.00086,0.0,0.0,2.0,2.0,0.43635999999999997,0.2007
winter,2020-01-19,POOL_FLAT,18,54,2.2051399999999997,0.0,0.0,0.0,2.0,2.0,2.2051399999999997,0.2007
winter,2020-01-19,POOL_FLAT,18,55,1.3759400000000002,0.01251,0.0,0.0,2.0,2.0,1.3634300000000001,0.2007
winter,2020-01-19,POOL_FLAT,19,1,0.02617,0.0,0.0,0.0,2.0,2.0,0.02617,0.2007
winter,2020-01-19,POOL_FLAT,19,2,0.56435,5e-05,0.0,0.0,2.0,2.0,0.5643,0.2007
winter,2020-01-19,POOL_FLAT,19,3,0.24653,0.0001699999999999,0.0,0.0,2.0,2.0,0.2463600000000001,0.2007
winter,2020-01-19,POOL_FLAT,19,4,3.61312,0.0,0.0,0.0,2.0,2.0,3.61312,0.2007
winter,2020-01-19,POOL_FLAT,19,5,0.36651,0.0081199999999999,0.0,0.0,2.0,2.0,0.3583900000000001,0.2007
winter,2020-01-19,POOL_FLAT,19,6,0.7699900000000001,0.0,0.0,0.0,2.0,2.0,0.7699900000000001,0.2007
winter,2020-01-19,POOL_FLAT,19,7,4.029780000000001,0.0,0.0,0.0,2.0,2.0,4.029780000000001,0.2007
winter,2020-01-19,POOL_FLAT,19,8,0.85139,0.0,0.0,0.0,2.0,2.0,0.85139,0.2007
winter,2020-01-19,POOL_FLAT,19,9,0.55879,0.0,0.0,0.0,2.0,2.0,0.55879,0.2007
winter,2020-01-19,POOL_FLAT,19,10,0.58253,0.0,0.0,0.0,2.0,2.0,0.58253,0.2007
winter,2020-01-19,POOL_FLAT,19,11,0.93491,0.0,0.0,0.0,2.0,2.0,0.93491,0.2007
winter,2020-01-19,POOL_FLAT,19,12,0.44567,5e-05,0.0,0.0,2.0,2.0,0.44562,0.2007
winter,2020-01-19,POOL_FLAT,19,13,0.26606,0.0001699999999999,0.0,0.0,2.0,2.0,0.2658900000000001,0.2007
winter,2020-01-19,POOL_FLAT,19,14,1.19845,0.0,0.0,0.0,2.0,2.0,1.19845,0.2007
winter,2020-01-19,POOL_FLAT,19,15,1.1319,0.0081199999999999,0.0,0.0,2.0,2.0,1.12378,0.2007
winter,2020-01-19,POOL_FLAT,19,16,0.42089,0.0,0.0,0.0,2.0,2.0,0.42089,0.2007
winter,2020-01-19,POOL_FLAT,19,17,0.38353,0.0,0.0,0.0,2.0,2.0,0.38353,0.2007
winter,2020-01-19,POOL_FLAT,19,18,1.0336,0.0,0.0,0.0,2.0,2.0,1.0336,0.2007
winter,2020-01-19,POOL_FLAT,19,19,0.91813,0.0,0.0,0.0,2.0,2.0,0.91813,0.2007
winter,2020-01-19,POOL_FLAT,19,20,0.50628,0.0,0.0,0.0,2.0,2.0,0.50628,0.2007
winter,2020-01-19,POOL_FLAT,19,21,0.02617,0.0,0.0,0.0,2.0,2.0,0.02617,0.2007
winter,2020-01-19,POOL_FLAT,19,22,0.56435,5e-05,0.0,0.0,2.0,2.0,0.5643,0.2007
winter,2020-01-19,POOL_FLAT,19,23,0.24653,0.0001699999999999,0.0,0.0,2.0,2.0,0.2463600000000001,0.2007
winter,2020-01-19,POOL_FLAT,19,24,3.61312,0.0,0.0,0.0,2.0,2.0,3.61312,0.2007
winter,2020-01-19,POOL_FLAT,19,25,0.36651,0.0081199999999999,0.0,0.0,2.0,2.0,0.3583900000000001,0.2007
winter,2020-01-19,POOL_FLAT,19,26,0.7699900000000001,0.0,0.0,0.0,2.0,2.0,0.7699900000000001,0.2007
winter,2020-01-19,POOL_FLAT,19,27,4.029780000000001,0.0,0.0,0.0,2.0,2.0,4.029780000000001,0.2007
winter,2020-01-19,POOL_FLAT,19,28,0.85139,0.0,0.0,0.0,2.0,2.0,0.85139,0.2007
winter,2020-01-19,POOL_FLAT,19,29,0.55879,0.0,0.0,0.0,2.0,2.0,0.55879,0.2007
winter,2020-01-19,POOL_FLAT,19,30,0.58253,0.0,0.0,0.0,2.0,2.0,0.58253,0.2007
winter,2020-01-19,POOL_FLAT,19,31,0.93491,0.0,0.0,0.0,2.0,2.0,0.93491,0.2007
winter,2020-01-19,POOL_FLAT,19,32,0.44567,5e-05,0.0,0.0,2.0,2.0,0.44562,0.2007
winter,2020-01-19,POOL_FLAT,19,33,0.26606,0.0001699999999999,0.0,0.0,2.0,2.0,0.2658900000000001,0.2007
winter,2020-01-19,POOL_FLAT,19,34,1.19845,0.0,0.0,0.0,2.0,2.0,1.19845,0.2007
winter,2020-01-19,POOL_FLAT,19,35,1.1319,0.0081199999999999,0.0,0.0,2.0,2.0,1.12378,0.2007
winter,2020-01-19,POOL_FLAT,19,36,0.42089,0.0,0.0,0.0,2.0,2.0,0.42089,0.2007
winter,2020-01-19,POOL_FLAT,19,37,0.38353,0.0,0.0,0.0,2.0,2.0,0.38353,0.2007
winter,2020-01-19,POOL_FLAT,19,38,1.0336,0.0,0.0,0.0,2.0,2.0,1.0336,0.2007
winter,2020-01-19,POOL_FLAT,19,39,0.91813,0.0,0.0,0.0,2.0,2.0,0.91813,0.2007
winter,2020-01-19,POOL_FLAT,19,40,0.50628,0.0,0.0,0.0,2.0,2.0,0.50628,0.2007
winter,2020-01-19,POOL_FLAT,19,41,0.02617,0.0,0.0,0.0,2.0,2.0,0.02617,0.2007
winter,2020-01-19,POOL_FLAT,19,42,0.56435,5e-05,0.0,0.0,2.0,2.0,0.5643,0.2007
winter,2020-01-19,POOL_FLAT,19,43,0.24653,0.0001699999999999,0.0,0.0,2.0,2.0,0.2463600000000001,0.2007
winter,2020-01-19,POOL_FLAT,19,44,3.61312,0.0,0.0,0.0,2.0,2.0,3.61312,0.2007
winter,2020-01-19,POOL_FLAT,19,45,0.36651,0.0081199999999999,0.0,0.0,2.0,2.0,0.3583900000000001,0.2007
winter,2020-01-19,POOL_FLAT,19,46,0.7699900000000001,0.0,0.0,0.0,2.0,2.0,0.7699900000000001,0.2007
winter,2020-01-19,POOL_FLAT,19,47,4.029780000000001,0.0,0.0,0.0,2.0,2.0,4.029780000000001,0.2007
winter,2020-01-19,POOL_FLAT,19,48,0.85139,0.0,0.0,0.0,2.0,2.0,0.85139,0.2007
winter,2020-01-19,POOL_FLAT,19,49,0.55879,0.0,0.0,0.0,2.0,2.0,0.55879,0.2007
winter,2020-01-19,POOL_FLAT,19,50,0.58253,0.0,0.0,0.0,2.0,2.0,0.58253,0.2007
winter,2020-01-19,POOL_FLAT,19,51,0.93491,0.0,0.0,0.0,2.0,2.0,0.93491,0.2007
winter,2020-01-19,POOL_FLAT,19,52,0.44567,5e-05,0.0,0.0,2.0,2.0,0.44562,0.2007
winter,2020-01-19,POOL_FLAT,19,53,0.26606,0.0001699999999999,0.0,0.0,2.0,2.0,0.2658900000000001,0.2007
winter,2020-01-19,POOL_FLAT,19,54,1.19845,0.0,0.0,0.0,2.0,2.0,1.19845,0.2007
winter,2020-01-19,POOL_FLAT,19,55,1.1319,0.0081199999999999,0.0,0.0,2.0,2.0,1.12378,0.2007
winter,2020-01-19,POOL_FLAT,20,1,0.05033,0.0,0.0,0.0,2.0,2.0,0.05033,0.2007
winter,2020-01-19,POOL_FLAT,20,2,0.6257699999999999,0.00068,0.0,0.0,2.0,2.0,0.6250899999999999,0.2007
winter,2020-01-19,POOL_FLAT,20,3,0.48163,0.00027,0.0,0.0,2.0,2.0,0.48136,0.2007
winter,2020-01-19,POOL_FLAT,20,4,2.27217,0.0,0.0,0.0,2.0,2.0,2.27217,0.2007
winter,2020-01-19,POOL_FLAT,20,5,0.38424,0.0089,0.0,0.0,2.0,2.0,0.37534,0.2007
winter,2020-01-19,POOL_FLAT,20,6,0.35197,0.0,0.0,0.0,2.0,2.0,0.35197,0.2007
winter,2020-01-19,POOL_FLAT,20,7,2.78634,0.0,0.0,0.0,2.0,2.0,2.78634,0.2007
winter,2020-01-19,POOL_FLAT,20,8,1.27002,0.0,0.0,0.0,2.0,2.0,1.27002,0.2007
winter,2020-01-19,POOL_FLAT,20,9,1.17786,0.0,0.0,0.0,2.0,2.0,1.17786,0.2007
winter,2020-01-19,POOL_FLAT,20,10,0.20074,0.0,0.0,0.0,2.0,2.0,0.20074,0.2007
winter,2020-01-19,POOL_FLAT,20,11,0.93003,0.0,0.0,0.0,2.0,2.0,0.93003,0.2007
winter,2020-01-19,POOL_FLAT,20,12,0.3903399999999999,0.00068,0.0,0.0,2.0,2.0,0.3896599999999999,0.2007
winter,2020-01-19,POOL_FLAT,20,13,0.33032,0.00027,0.0,0.0,2.0,2.0,0.33005,0.2007
winter,2020-01-19,POOL_FLAT,20,14,0.8673,0.0,0.0,0.0,2.0,2.0,0.8673,0.2007
winter,2020-01-19,POOL_FLAT,20,15,0.98631,0.0089,0.0,0.0,2.0,2.0,0.97741,0.2007
winter,2020-01-19,POOL_FLAT,20,16,0.34937,0.0,0.0,0.0,2.0,2.0,0.34937,0.2007
winter,2020-01-19,POOL_FLAT,20,17,0.22843,0.0,0.0,0.0,2.0,2.0,0.22843,0.2007
winter,2020-01-19,POOL_FLAT,20,18,1.2629,0.0,0.0,0.0,2.0,2.0,1.2629,0.2007
winter,2020-01-19,POOL_FLAT,20,19,0.82712,0.0,0.0,0.0,2.0,2.0,0.82712,0.2007
winter,2020-01-19,POOL_FLAT,20,20,0.2793899999999999,0.0,0.0,0.0,2.0,2.0,0.2793899999999999,0.2007
winter,2020-01-19,POOL_FLAT,20,21,0.05033,0.0,0.0,0.0,2.0,2.0,0.05033,0.2007
winter,2020-01-19,POOL_FLAT,20,22,0.6257699999999999,0.00068,0.0,0.0,2.0,2.0,0.6250899999999999,0.2007
winter,2020-01-19,POOL_FLAT,20,23,0.48163,0.00027,0.0,0.0,2.0,2.0,0.48136,0.2007
winter,2020-01-19,POOL_FLAT,20,24,2.27217,0.0,0.0,0.0,2.0,2.0,2.27217,0.2007
winter,2020-01-19,POOL_FLAT,20,25,0.38424,0.0089,0.0,0.0,2.0,2.0,0.37534,0.2007
winter,2020-01-19,POOL_FLAT,20,26,0.35197,0.0,0.0,0.0,2.0,2.0,0.35197,0.2007
winter,2020-01-19,POOL_FLAT,20,27,2.78634,0.0,0.0,0.0,2.0,2.0,2.78634,0.2007
winter,2020-01-19,POOL_FLAT,20,28,1.27002,0.0,0.0,0.0,2.0,2.0,1.27002,0.2007
winter,2020-01-19,POOL_FLAT,20,29,1.17786,0.0,0.0,0.0,2.0,2.0,1.17786,0.2007
winter,2020-01-19,POOL_FLAT,20,30,0.20074,0.0,0.0,0.0,2.0,2.0,0.20074,0.2007
winter,2020-01-19,POOL_FLAT,20,31,0.93003,0.0,0.0,0.0,2.0,2.0,0.93003,0.2007
winter,2020-01-19,POOL_FLAT,20,32,0.3903399999999999,0.00068,0.0,0.0,2.0,2.0,0.3896599999999999,0.2007
winter,2020-01-19,POOL_FLAT,20,33,0.33032,0.00027,0.0,0.0,2.0,2.0,0.33005,0.2007
winter,2020-01-19,POOL_FLAT,20,34,0.8673,0.0,0.0,0.0,2.0,2.0,0.8673,0.2007
winter,2020-01-19,POOL_FLAT,20,35,0.98631,0.0089,0.0,0.0,2.0,2.0,0.97741,0.2007
winter,2020-01-19,POOL_FLAT,20,36,0.34937,0.0,0.0,0.0,2.0,2.0,0.34937,0.2007
winter,2020-01-19,POOL_FLAT,20,37,0.22843,0.0,0.0,0.0,2.0,2.0,0.22843,0.2007
winter,2020-01-19,POOL_FLAT,20,38,1.2629,0.0,0.0,0.0,2.0,2.0,1.2629,0.2007
winter,2020-01-19,POOL_FLAT,20,39,0.82712,0.0,0.0,0.0,2.0,2.0,0.82712,0.2007
winter,2020-01-19,POOL_FLAT,20,40,0.2793899999999999,0.0,0.0,0.0,2.0,2.0,0.2793899999999999,0.2007
winter,2020-01-19,POOL_FLAT,20,41,0.05033,0.0,0.0,0.0,2.0,2.0,0.05033,0.2007
winter,2020-01-19,POOL_FLAT,20,42,0.6257699999999999,0.00068,0.0,0.0,2.0,2.0,0.6250899999999999,0.2007
winter,2020-01-19,POOL_FLAT,20,43,0.48163,0.00027,0.0,0.0,2.0,2.0,0.48136,0.2007
winter,2020-01-19,POOL_FLAT,20,44,2.27217,0.0,0.0,0.0,2.0,2.0,2.27217,0.2007
winter,2020-01-19,POOL_FLAT,20,45,0.38424,0.0089,0.0,0.0,2.0,2.0,0.37534,0.2007
winter,2020-01-19,POOL_FLAT,20,46,0.35197,0.0,0.0,0.0,2.0,2.0,0.35197,0.2007
winter,2020-01-19,POOL_FLAT,20,47,2.78634,0.0,0.0,0.0,2.0,2.0,2.78634,0.2007
winter,2020-01-19,POOL_FLAT,20,48,1.27002,0.0,0.0,0.0,2.0,2.0,1.27002,0.2007
winter,2020-01-19,POOL_FLAT,20,49,1.17786,0.0,0.0,0.0,2.0,2.0,1.17786,0.2007
winter,2020-01-19,POOL_FLAT,20,50,0.20074,0.0,0.0,0.0,2.0,2.0,0.20074,0.2007
winter,2020-01-19,POOL_FLAT,20,51,0.93003,0.0,0.0,0.0,2.0,2.0,0.93003,0.2007
winter,2020-01-19,POOL_FLAT,20,52,0.3903399999999999,0.00068,0.0,0.0,2.0,2.0,0.3896599999999999,0.2007
winter,2020-01-19,POOL_FLAT,20,53,0.33032,0.00027,0.0,0.0,2.0,2.0,0.33005,0.2007
winter,2020-01-19,POOL_FLAT,20,54,0.8673,0.0,0.0,0.0,2.0,2.0,0.8673,0.2007
winter,2020-01-19,POOL_FLAT,20,55,0.98631,0.0089,0.0,0.0,2.0,2.0,0.97741,0.2007
winter,2020-01-19,POOL_FLAT,21,1,0.04401,0.0,0.0,0.0,2.0,2.0,0.04401,0.2007
winter,2020-01-19,POOL_FLAT,21,2,0.5430900000000001,0.00117,0.0,0.0,2.0,2.0,0.5419200000000001,0.2007
winter,2020-01-19,POOL_FLAT,21,3,0.47059,0.00057,0.0,0.0,2.0,2.0,0.47002,0.2007
winter,2020-01-19,POOL_FLAT,21,4,2.7205700000000004,0.0,0.0,0.0,2.0,2.0,2.7205700000000004,0.2007
winter,2020-01-19,POOL_FLAT,21,5,0.28185,0.00771,0.0,0.0,2.0,2.0,0.27414,0.2007
winter,2020-01-19,POOL_FLAT,21,6,0.57409,0.0,0.0,0.0,2.0,2.0,0.57409,0.2007
winter,2020-01-19,POOL_FLAT,21,7,2.9932399999999997,0.0,0.0,0.0,2.0,2.0,2.9932399999999997,0.2007
winter,2020-01-19,POOL_FLAT,21,8,0.3857199999999999,0.0,0.0,0.0,2.0,2.0,0.3857199999999999,0.2007
winter,2020-01-19,POOL_FLAT,21,9,0.5722,0.0,0.0,0.0,2.0,2.0,0.5722,0.2007
winter,2020-01-19,POOL_FLAT,21,10,0.11364,0.0,0.0,0.0,2.0,2.0,0.11364,0.2007
winter,2020-01-19,POOL_FLAT,21,11,2.68991,0.0,0.0,0.0,2.0,2.0,2.68991,0.2007
winter,2020-01-19,POOL_FLAT,21,12,0.22531,0.00117,0.0,0.0,2.0,2.0,0.22414,0.2007
winter,2020-01-19,POOL_FLAT,21,13,0.26286,0.00057,0.0,0.0,2.0,2.0,0.26228999999999997,0.2007
winter,2020-01-19,POOL_FLAT,21,14,1.13352,0.0,0.0,0.0,2.0,2.0,1.13352,0.2007
winter,2020-01-19,POOL_FLAT,21,15,1.24017,0.00771,0.0,0.0,2.0,2.0,1.2324599999999999,0.2007
winter,2020-01-19,POOL_FLAT,21,16,0.2936499999999999,0.0,0.0,0.0,2.0,2.0,0.2936499999999999,0.2007
winter,2020-01-19,POOL_FLAT,21,17,0.2388,0.0,0.0,0.0,2.0,2.0,0.2388,0.2007
winter,2020-01-19,POOL_FLAT,21,18,1.09779,0.0,0.0,0.0,2.0,2.0,1.09779,0.2007
winter,2020-01-19,POOL_FLAT,21,19,0.8546,0.0,0.0,0.0,2.0,2.0,0.8546,0.2007
winter,2020-01-19,POOL_FLAT,21,20,0.42817,0.0,0.0,0.0,2.0,2.0,0.42817,0.2007
winter,2020-01-19,POOL_FLAT,21,21,0.04401,0.0,0.0,0.0,2.0,2.0,0.04401,0.2007
winter,2020-01-19,POOL_FLAT,21,22,0.5430900000000001,0.00117,0.0,0.0,2.0,2.0,0.5419200000000001,0.2007
winter,2020-01-19,POOL_FLAT,21,23,0.47059,0.00057,0.0,0.0,2.0,2.0,0.47002,0.2007
winter,2020-01-19,POOL_FLAT,21,24,2.7205700000000004,0.0,0.0,0.0,2.0,2.0,2.7205700000000004,0.2007
winter,2020-01-19,POOL_FLAT,21,25,0.28185,0.00771,0.0,0.0,2.0,2.0,0.27414,0.2007
winter,2020-01-19,POOL_FLAT,21,26,0.57409,0.0,0.0,0.0,2.0,2.0,0.57409,0.2007
winter,2020-01-19,POOL_FLAT,21,27,2.9932399999999997,0.0,0.0,0.0,2.0,2.0,2.9932399999999997,0.2007
winter,2020-01-19,POOL_FLAT,21,28,0.3857199999999999,0.0,0.0,0.0,2.0,2.0,0.3857199999999999,0.2007
winter,2020-01-19,POOL_FLAT,21,29,0.5722,0.0,0.0,0.0,2.0,2.0,0.5722,0.2007
winter,2020-01-19,POOL_FLAT,21,30,0.11364,0.0,0.0,0.0,2.0,2.0,0.11364,0.2007
winter,2020-01-19,POOL_FLAT,21,31,2.68991,0.0,0.0,0.0,2.0,2.0,2.68991,0.2007
winter,2020-01-19,POOL_FLAT,21,32,0.22531,0.00117,0.0,0.0,2.0,2.0,0.22414,0.2007
winter,2020-01-19,POOL_FLAT,21,33,0.26286,0.00057,0.0,0.0,2.0,2.0,0.26228999999999997,0.2007
winter,2020-01-19,POOL_FLAT,21,34,1.13352,0.0,0.0,0.0,2.0,2.0,1.13352,0.2007
winter,2020-01-19,POOL_FLAT,21,35,1.24017,0.00771,0.0,0.0,2.0,2.0,1.2324599999999999,0.2007
winter,2020-01-19,POOL_FLAT,21,36,0.2936499999999999,0.0,0.0,0.0,2.0,2.0,0.2936499999999999,0.2007
winter,2020-01-19,POOL_FLAT,21,37,0.2388,0.0,0.0,0.0,2.0,2.0,0.2388,0.2007
winter,2020-01-19,POOL_FLAT,21,38,1.09779,0.0,0.0,0.0,2.0,2.0,1.09779,0.2007
winter,2020-01-19,POOL_FLAT,21,39,0.8546,0.0,0.0,0.0,2.0,2.0,0.8546,0.2007
winter,2020-01-19,POOL_FLAT,21,40,0.42817,0.0,0.0,0.0,2.0,2.0,0.42817,0.2007
winter,2020-01-19,POOL_FLAT,21,41,0.04401,0.0,0.0,0.0,2.0,2.0,0.04401,0.2007
winter,2020-01-19,POOL_FLAT,21,42,0.5430900000000001,0.00117,0.0,0.0,2.0,2.0,0.5419200000000001,0.2007
winter,2020-01-19,POOL_FLAT,21,43,0.47059,0.00057,0.0,0.0,2.0,2.0,0.47002,0.2007
winter,2020-01-19,POOL_FLAT,21,44,2.7205700000000004,0.0,0.0,0.0,2.0,2.0,2.7205700000000004,0.2007
winter,2020-01-19,POOL_FLAT,21,45,0.28185,0.00771,0.0,0.0,2.0,2.0,0.27414,0.2007
winter,2020-01-19,POOL_FLAT,21,46,0.57409,0.0,0.0,0.0,2.0,2.0,0.57409,0.2007
winter,2020-01-19,POOL_FLAT,21,47,2.9932399999999997,0.0,0.0,0.0,2.0,2.0,2.9932399999999997,0.2007
winter,2020-01-19,POOL_FLAT,21,48,0.3857199999999999,0.0,0.0,0.0,2.0,2.0,0.3857199999999999,0.2007
winter,2020-01-19,POOL_FLAT,21,49,0.5722,0.0,0.0,0.0,2.0,2.0,0.5722,0.2007
winter,2020-01-19,POOL_FLAT,21,50,0.11364,0.0,0.0,0.0,2.0,2.0,0.11364,0.2007
winter,2020-01-19,POOL_FLAT,21,51,2.68991,0.0,0.0,0.0,2.0,2.0,2.68991,0.2007
winter,2020-01-19,POOL_FLAT,21,52,0.22531,0.00117,0.0,0.0,2.0,2.0,0.22414,0.2007
winter,2020-01-19,POOL_FLAT,21,53,0.26286,0.00057,0.0,0.0,2.0,2.0,0.26228999999999997,0.2007
winter,2020-01-19,POOL_FLAT,21,54,1.13352,0.0,0.0,0.0,2.0,2.0,1.13352,0.2007
winter,2020-01-19,POOL_FLAT,21,55,1.24017,0.00771,0.0,0.0,2.0,2.0,1.2324599999999999,0.2007
winter,2020-01-19,POOL_FLAT,22,1,0.02308,0.0,0.0,0.0,2.0,2.0,0.02308,0.2007
winter,2020-01-19,POOL_FLAT,22,2,0.95414,0.00277,0.0,0.0,2.0,2.0,0.9513699999999999,0.2007
winter,2020-01-19,POOL_FLAT,22,3,0.52936,0.0008,0.0,0.0,2.0,2.0,0.52856,0.2007
winter,2020-01-19,POOL_FLAT,22,4,1.4928800000000002,0.0,0.0,0.0,2.0,2.0,1.4928800000000002,0.2007
winter,2020-01-19,POOL_FLAT,22,5,0.15613,0.00569,0.0,0.0,2.0,2.0,0.15044,0.2007
winter,2020-01-19,POOL_FLAT,22,6,1.21623,0.0,0.0,0.0,2.0,2.0,1.21623,0.2007
winter,2020-01-19,POOL_FLAT,22,7,3.40842,0.0,0.0,0.0,2.0,2.0,3.40842,0.2007
winter,2020-01-19,POOL_FLAT,22,8,0.33393,0.0,0.0,0.0,2.0,2.0,0.33393,0.2007
winter,2020-01-19,POOL_FLAT,22,9,0.8605600000000001,0.0,0.0,0.0,2.0,2.0,0.8605600000000001,0.2007
winter,2020-01-19,POOL_FLAT,22,10,0.1048299999999999,0.0,0.0,0.0,2.0,2.0,0.1048299999999999,0.2007
winter,2020-01-19,POOL_FLAT,22,11,2.6374899999999997,0.0,0.0,0.0,2.0,2.0,2.6374899999999997,0.2007
winter,2020-01-19,POOL_FLAT,22,12,0.13918,0.00277,0.0,0.0,2.0,2.0,0.13641,0.2007
winter,2020-01-19,POOL_FLAT,22,13,0.24586,0.0008,0.0,0.0,2.0,2.0,0.24506,0.2007
winter,2020-01-19,POOL_FLAT,22,14,0.8861,0.0,0.0,0.0,2.0,2.0,0.8861,0.2007
winter,2020-01-19,POOL_FLAT,22,15,3.00439,0.00569,0.0,0.0,2.0,2.0,2.9987,0.2007
winter,2020-01-19,POOL_FLAT,22,16,0.33013,0.0,0.0,0.0,2.0,2.0,0.33013,0.2007
winter,2020-01-19,POOL_FLAT,22,17,0.43271,0.0,0.0,0.0,2.0,2.0,0.43271,0.2007
winter,2020-01-19,POOL_FLAT,22,18,0.73707,0.0,0.0,0.0,2.0,2.0,0.73707,0.2007
winter,2020-01-19,POOL_FLAT,22,19,0.93692,0.0,0.0,0.0,2.0,2.0,0.93692,0.2007
winter,2020-01-19,POOL_FLAT,22,20,0.2775,0.0,0.0,0.0,2.0,2.0,0.2775,0.2007
winter,2020-01-19,POOL_FLAT,22,21,0.02308,0.0,0.0,0.0,2.0,2.0,0.02308,0.2007
winter,2020-01-19,POOL_FLAT,22,22,0.95414,0.00277,0.0,0.0,2.0,2.0,0.9513699999999999,0.2007
winter,2020-01-19,POOL_FLAT,22,23,0.52936,0.0008,0.0,0.0,2.0,2.0,0.52856,0.2007
winter,2020-01-19,POOL_FLAT,22,24,1.4928800000000002,0.0,0.0,0.0,2.0,2.0,1.4928800000000002,0.2007
winter,2020-01-19,POOL_FLAT,22,25,0.15613,0.00569,0.0,0.0,2.0,2.0,0.15044,0.2007
winter,2020-01-19,POOL_FLAT,22,26,1.21623,0.0,0.0,0.0,2.0,2.0,1.21623,0.2007
winter,2020-01-19,POOL_FLAT,22,27,3.40842,0.0,0.0,0.0,2.0,2.0,3.40842,0.2007
winter,2020-01-19,POOL_FLAT,22,28,0.33393,0.0,0.0,0.0,2.0,2.0,0.33393,0.2007
winter,2020-01-19,POOL_FLAT,22,29,0.8605600000000001,0.0,0.0,0.0,2.0,2.0,0.8605600000000001,0.2007
winter,2020-01-19,POOL_FLAT,22,30,0.1048299999999999,0.0,0.0,0.0,2.0,2.0,0.1048299999999999,0.2007
winter,2020-01-19,POOL_FLAT,22,31,2.6374899999999997,0.0,0.0,0.0,2.0,2.0,2.6374899999999997,0.2007
winter,2020-01-19,POOL_FLAT,22,32,0.13918,0.00277,0.0,0.0,2.0,2.0,0.13641,0.2007
winter,2020-01-19,POOL_FLAT,22,33,0.24586,0.0008,0.0,0.0,2.0,2.0,0.24506,0.2007
winter,2020-01-19,POOL_FLAT,22,34,0.8861,0.0,0.0,0.0,2.0,2.0,0.8861,0.2007
winter,2020-01-19,POOL_FLAT,22,35,3.00439,0.00569,0.0,0.0,2.0,2.0,2.9987,0.2007
winter,2020-01-19,POOL_FLAT,22,36,0.33013,0.0,0.0,0.0,2.0,2.0,0.33013,0.2007
winter,2020-01-19,POOL_FLAT,22,37,0.43271,0.0,0.0,0.0,2.0,2.0,0.43271,0.2007
winter,2020-01-19,POOL_FLAT,22,38,0.73707,0.0,0.0,0.0,2.0,2.0,0.73707,0.2007
winter,2020-01-19,POOL_FLAT,22,39,0.93692,0.0,0.0,0.0,2.0,2.0,0.93692,0.2007
winter,2020-01-19,POOL_FLAT,22,40,0.2775,0.0,0.0,0.0,2.0,2.0,0.2775,0.2007
winter,2020-01-19,POOL_FLAT,22,41,0.02308,0.0,0.0,0.0,2.0,2.0,0.02308,0.2007
winter,2020-01-19,POOL_FLAT,22,42,0.95414,0.00277,0.0,0.0,2.0,2.0,0.9513699999999999,0.2007
winter,2020-01-19,POOL_FLAT,22,43,0.52936,0.0008,0.0,0.0,2.0,2.0,0.52856,0.2007
winter,2020-01-19,POOL_FLAT,22,44,1.4928800000000002,0.0,0.0,0.0,2.0,2.0,1.4928800000000002,0.2007
winter,2020-01-19,POOL_FLAT,22,45,0.15613,0.00569,0.0,0.0,2.0,2.0,0.15044,0.2007
winter,2020-01-19,POOL_FLAT,22,46,1.21623,0.0,0.0,0.0,2.0,2.0,1.21623,0.2007
winter,2020-01-19,POOL_FLAT,22,47,3.40842,0.0,0.0,0.0,2.0,2.0,3.40842,0.2007
winter,2020-01-19,POOL_FLAT,22,48,0.33393,0.0,0.0,0.0,2.0,2.0,0.33393,0.2007
winter,2020-01-19,POOL_FLAT,22,49,0.8605600000000001,0.0,0.0,0.0,2.0,2.0,0.8605600000000001,0.2007
winter,2020-01-19,POOL_FLAT,22,50,0.1048299999999999,0.0,0.0,0.0,2.0,2.0,0.1048299999999999,0.2007
winter,2020-01-19,POOL_FLAT,22,51,2.6374899999999997,0.0,0.0,0.0,2.0,2.0,2.6374899999999997,0.2007
winter,2020-01-19,POOL_FLAT,22,52,0.13918,0.00277,0.0,0.0,2.0,2.0,0.13641,0.2007
winter,2020-01-19,POOL_FLAT,22,53,0.24586,0.0008,0.0,0.0,2.0,2.0,0.24506,0.2007
winter,2020-01-19,POOL_FLAT,22,54,0.8861,0.0,0.0,0.0,2.0,2.0,0.8861,0.2007
winter,2020-01-19,POOL_FLAT,22,55,3.00439,0.00569,0.0,0.0,2.0,2.0,2.9987,0.2007
winter,2020-01-19,POOL_FLAT,23,1,0.048505,0.0,0.0,0.0,2.0,2.0,0.048505,0.2007
winter,2020-01-19,POOL_FLAT,23,2,0.5540900000000001,0.00175,0.0,0.0,2.0,2.0,0.55234,0.2007
winter,2020-01-19,POOL_FLAT,23,3,0.50776,0.00204,0.0,0.0,2.0,2.0,0.50572,0.2007
winter,2020-01-19,POOL_FLAT,23,4,1.297,0.0,0.0,0.0,2.0,2.0,1.297,0.2007
winter,2020-01-19,POOL_FLAT,23,5,0.0940699999999999,0.0002,0.0,0.0,2.0,2.0,0.0938699999999999,0.2007
winter,2020-01-19,POOL_FLAT,23,6,1.18616,0.0,0.0,0.0,2.0,2.0,1.18616,0.2007
winter,2020-01-19,POOL_FLAT,23,7,2.93496,0.0,0.0,0.0,2.0,2.0,2.93496,0.2007
winter,2020-01-19,POOL_FLAT,23,8,0.3503799999999999,0.0,0.0,0.0,2.0,2.0,0.3503799999999999,0.2007
winter,2020-01-19,POOL_FLAT,23,9,0.66707,0.0,0.0,0.0,2.0,2.0,0.66707,0.2007
winter,2020-01-19,POOL_FLAT,23,10,0.0589,0.0,0.0,0.0,2.0,2.0,0.0589,0.2007
winter,2020-01-19,POOL_FLAT,23,11,0.68253,0.0,0.0,0.0,2.0,2.0,0.68253,0.2007
winter,2020-01-19,POOL_FLAT,23,12,0.17472,0.00175,0.0,0.0,2.0,2.0,0.17296999999999998,0.2007
winter,2020-01-19,POOL_FLAT,23,13,0.2261999999999999,0.00204,0.0,0.0,2.0,2.0,0.22415999999999991,0.2007
winter,2020-01-19,POOL_FLAT,23,14,0.65158,0.0,0.0,0.0,2.0,2.0,0.65158,0.2007
winter,2020-01-19,POOL_FLAT,23,15,2.06857,0.0002,0.0,0.0,2.0,2.0,2.06837,0.2007
winter,2020-01-19,POOL_FLAT,23,16,0.39654,0.0,0.0,0.0,2.0,2.0,0.39654,0.2007
winter,2020-01-19,POOL_FLAT,23,17,0.1234,0.0,0.0,0.0,2.0,2.0,0.1234,0.2007
winter,2020-01-19,POOL_FLAT,23,18,0.37361,0.0,0.0,0.0,2.0,2.0,0.37361,0.2007
winter,2020-01-19,POOL_FLAT,23,19,0.83627,0.0,0.0,0.0,2.0,2.0,0.83627,0.2007
winter,2020-01-19,POOL_FLAT,23,20,0.35638,0.0,0.0,0.0,2.0,2.0,0.35638,0.2007
winter,2020-01-19,POOL_FLAT,23,21,0.048505,0.0,0.0,0.0,2.0,2.0,0.048505,0.2007
winter,2020-01-19,POOL_FLAT,23,22,0.5540900000000001,0.00175,0.0,0.0,2.0,2.0,0.55234,0.2007
winter,2020-01-19,POOL_FLAT,23,23,0.50776,0.00204,0.0,0.0,2.0,2.0,0.50572,0.2007
winter,2020-01-19,POOL_FLAT,23,24,1.297,0.0,0.0,0.0,2.0,2.0,1.297,0.2007
winter,2020-01-19,POOL_FLAT,23,25,0.0940699999999999,0.0002,0.0,0.0,2.0,2.0,0.0938699999999999,0.2007
winter,2020-01-19,POOL_FLAT,23,26,1.18616,0.0,0.0,0.0,2.0,2.0,1.18616,0.2007
winter,2020-01-19,POOL_FLAT,23,27,2.93496,0.0,0.0,0.0,2.0,2.0,2.93496,0.2007
winter,2020-01-19,POOL_FLAT,23,28,0.3503799999999999,0.0,0.0,0.0,2.0,2.0,0.3503799999999999,0.2007
winter,2020-01-19,POOL_FLAT,23,29,0.66707,0.0,0.0,0.0,2.0,2.0,0.66707,0.2007
winter,2020-01-19,POOL_FLAT,23,30,0.0589,0.0,0.0,0.0,2.0,2.0,0.0589,0.2007
winter,2020-01-19,POOL_FLAT,23,31,0.68253,0.0,0.0,0.0,2.0,2.0,0.68253,0.2007
winter,2020-01-19,POOL_FLAT,23,32,0.17472,0.00175,0.0,0.0,2.0,2.0,0.17296999999999998,0.2007
winter,2020-01-19,POOL_FLAT,23,33,0.2261999999999999,0.00204,0.0,0.0,2.0,2.0,0.22415999999999991,0.2007
winter,2020-01-19,POOL_FLAT,23,34,0.65158,0.0,0.0,0.0,2.0,2.0,0.65158,0.2007
winter,2020-01-19,POOL_FLAT,23,35,2.06857,0.0002,0.0,0.0,2.0,2.0,2.06837,0.2007
winter,2020-01-19,POOL_FLAT,23,36,0.39654,0.0,0.0,0.0,2.0,2.0,0.39654,0.2007
winter,2020-01-19,POOL_FLAT,23,37,0.1234,0.0,0.0,0.0,2.0,2.0,0.1234,0.2007
winter,2020-01-19,POOL_FLAT,23,38,0.37361,0.0,0.0,0.0,2.0,2.0,0.37361,0.2007
winter,2020-01-19,POOL_FLAT,23,39,0.83627,0.0,0.0,0.0,2.0,2.0,0.83627,0.2007
winter,2020-01-19,POOL_FLAT,23,40,0.35638,0.0,0.0,0.0,2.0,2.0,0.35638,0.2007
winter,2020-01-19,POOL_FLAT,23,41,0.048505,0.0,0.0,0.0,2.0,2.0,0.048505,0.2007
winter,2020-01-19,POOL_FLAT,23,42,0.5540900000000001,0.00175,0.0,0.0,2.0,2.0,0.55234,0.2007
winter,2020-01-19,POOL_FLAT,23,43,0.50776,0.00204,0.0,0.0,2.0,2.0,0.50572,0.2007
winter,2020-01-19,POOL_FLAT,23,44,1.297,0.0,0.0,0.0,2.0,2.0,1.297,0.2007
winter,2020-01-19,POOL_FLAT,23,45,0.0940699999999999,0.0002,0.0,0.0,2.0,2.0,0.0938699999999999,0.2007
winter,2020-01-19,POOL_FLAT,23,46,1.18616,0.0,0.0,0.0,2.0,2.0,1.18616,0.2007
winter,2020-01-19,POOL_FLAT,23,47,2.93496,0.0,0.0,0.0,2.0,2.0,2.93496,0.2007
winter,2020-01-19,POOL_FLAT,23,48,0.3503799999999999,0.0,0.0,0.0,2.0,2.0,0.3503799999999999,0.2007
winter,2020-01-19,POOL_FLAT,23,49,0.66707,0.0,0.0,0.0,2.0,2.0,0.66707,0.2007
winter,2020-01-19,POOL_FLAT,23,50,0.0589,0.0,0.0,0.0,2.0,2.0,0.0589,0.2007
winter,2020-01-19,POOL_FLAT,23,51,0.68253,0.0,0.0,0.0,2.0,2.0,0.68253,0.2007
winter,2020-01-19,POOL_FLAT,23,52,0.17472,0.00175,0.0,0.0,2.0,2.0,0.17296999999999998,0.2007
winter,2020-01-19,POOL_FLAT,23,53,0.2261999999999999,0.00204,0.0,0.0,2.0,2.0,0.22415999999999991,0.2007
winter,2020-01-19,POOL_FLAT,23,54,0.65158,0.0,0.0,0.0,2.0,2.0,0.65158,0.2007
winter,2020-01-19,POOL_FLAT,23,55,2.06857,0.0002,0.0,0.0,2.0,2.0,2.06837,0.2007
summer,2020-06-21,POOL_TOU,0,1,0.01881,0.0,0.0,0.0,2.0,2.0,0.01881,0.0991
summer,2020-06-21,POOL_TOU,0,2,0.23137,0.0,0.0,0.0,2.0,2.0,0.23137,0.0991
summer,2020-06-21,POOL_TOU,0,3,0.37448,0.0,0.0,0.0,2.0,2.0,0.37448,0.0991
summer,2020-06-21,POOL_TOU,0,4,0.2386899999999999,0.0,0.0,0.0,2.0,2.0,0.2386899999999999,0.0991
summer,2020-06-21,POOL_TOU,0,5,0.1601,0.00405,0.0,0.0,2.0,2.0,0.15605,0.0991
summer,2020-06-21,POOL_TOU,0,6,0.48084,0.0,0.0,0.0,2.0,2.0,0.48084,0.0991
summer,2020-06-21,POOL_TOU,0,7,0.76036,0.0,0.0,0.0,2.0,2.0,0.76036,0.0991
summer,2020-06-21,POOL_TOU,0,8,0.19162,0.0,0.0,0.0,2.0,2.0,0.19162,0.0991
summer,2020-06-21,POOL_TOU,0,9,0.13009,0.0,0.0,0.0,2.0,2.0,0.13009,0.0991
summer,2020-06-21,POOL_TOU,0,10,1.03681,0.0,0.0,0.0,2.0,2.0,1.03681,0.0991
summer,2020-06-21,POOL_TOU,0,11,1.35404,0.0,0.0,0.0,2.0,2.0,1.35404,0.0991
summer,2020-06-21,POOL_TOU,0,12,0.141455,0.0,0.0,0.0,2.0,2.0,0.141455,0.0991
summer,2020-06-21,POOL_TOU,0,13,0.08936,0.0,0.0,0.0,2.0,2.0,0.08936,0.0991
summer,2020-06-21,POOL_TOU,0,14,0.44548,0.0,0.0,0.0,2.0,2.0,0.44548,0.0991
summer,2020-06-21,POOL_TOU,0,15,0.24488,0.00405,0.0,0.0,2.0,2.0,0.24083,0.0991
summer,2020-06-21,POOL_TOU,0,16,0.4117099999999999,0.0,0.0,0.0,2.0,2.0,0.4117099999999999,0.0991
summer,2020-06-21,POOL_TOU,0,17,0.10457,0.0,0.0,0.0,2.0,2.0,0.10457,0.0991
summer,2020-06-21,POOL_TOU,0,18,1.03771,0.0,0.0,0.0,2.0,2.0,1.03771,0.0991
summer,2020-06-21,POOL_TOU,0,19,0.95934,0.0,0.0,0.0,2.0,2.0,0.95934,0.0991
summer,2020-06-21,POOL_TOU,0,20,0.18496,0.0,0.0,0.0,2.0,2.0,0.18496,0.0991
summer,2020-06-21,POOL_TOU,0,21,0.01881,0.0,0.0,0.0,2.0,2.0,0.01881,0.0991
summer,2020-06-21,POOL_TOU,0,22,0.23137,0.0,0.0,0.0,2.0,2.0,0.23137,0.0991
summer,2020-06-21,POOL_TOU,0,23,0.37448,0.0,0.0,0.0,2.0,2.0,0.37448,0.0991
summer,2020-06-21,POOL_TOU,0,24,0.2386899999999999,0.0,0.0,0.0,2.0,2.0,0.2386899999999999,0.0991
summer,2020-06-21,POOL_TOU,0,25,0.1601,0.00405,0.0,0.0,2.0,2.0,0.15605,0.0991
summer,2020-06-21,POOL_TOU,0,26,0.48084,0.0,0.0,0.0,2.0,2.0,0.48084,0.0991
summer,2020-06-21,POOL_TOU,0,27,0.76036,0.0,0.0,0.0,2.0,2.0,0.76036,0.0991
summer,2020-06-21,POOL_TOU,0,28,0.19162,0.0,0.0,0.0,2.0,2.0,0.19162,0.0991
summer,2020-06-21,POOL_TOU,0,29,0.13009,0.0,0.0,0.0,2.0,2.0,0.13009,0.0991
summer,2020-06-21,POOL_TOU,0,30,1.03681,0.0,0.0,0.0,2.0,2.0,1.03681,0.0991
summer,2020-06-21,POOL_TOU,0,31,1.35404,0.0,0.0,0.0,2.0,2.0,1.35404,0.0991
summer,2020-06-21,POOL_TOU,0,32,0.141455,0.0,0.0,0.0,2.0,2.0,0.141455,0.0991
summer,2020-06-21,POOL_TOU,0,33,0.08936,0.0,0.0,0.0,2.0,2.0,0.08936,0.0991
summer,2020-06-21,POOL_TOU,0,34,0.44548,0.0,0.0,0.0,2.0,2.0,0.44548,0.0991
summer,2020-06-21,POOL_TOU,0,35,0.24488,0.00405,0.0,0.0,2.0,2.0,0.24083,0.0991
summer,2020-06-21,POOL_TOU,0,36,0.4117099999999999,0.0,0.0,0.0,2.0,2.0,0.4117099999999999,0.0991
summer,2020-06-21,POOL_TOU,0,37,0.10457,0.0,0.0,0.0,2.0,2.0,0.10457,0.0991
summer,2020-06-21,POOL_TOU,0,38,1.03771,0.0,0.0,0.0,2.0,2.0,1.03771,0.0991
summer,2020-06-21,POOL_TOU,0,39,0.95934,0.0,0.0,0.0,2.0,2.0,0.95934,0.0991
summer,2020-06-21,POOL_TOU,0,40,0.18496,0.0,0.0,0.0,2.0,2.0,0.18496,0.0991
summer,2020-06-21,POOL_TOU,0,41,0.01881,0.0,0.0,0.0,2.0,2.0,0.01881,0.0991
summer,2020-06-21,POOL_TOU,0,42,0.23137,0.0,0.0,0.0,2.0,2.0,0.23137,0.0991
summer,2020-06-21,POOL_TOU,0,43,0.37448,0.0,0.0,0.0,2.0,2.0,0.37448,0.0991
summer,2020-06-21,POOL_TOU,0,44,0.2386899999999999,0.0,0.0,0.0,2.0,2.0,0.2386899999999999,0.0991
summer,2020-06-21,POOL_TOU,0,45,0.1601,0.00405,0.0,0.0,2.0,2.0,0.15605,0.0991
summer,2020-06-21,POOL_TOU,0,46,0.48084,0.0,0.0,0.0,2.0,2.0,0.48084,0.0991
summer,2020-06-21,POOL_TOU,0,47,0.76036,0.0,0.0,0.0,2.0,2.0,0.76036,0.0991
summer,2020-06-21,POOL_TOU,0,48,0.19162,0.0,0.0,0.0,2.0,2.0,0.19162,0.0991
summer,2020-06-21,POOL_TOU,0,49,0.13009,0.0,0.0,0.0,2.0,2.0,0.13009,0.0991
summer,2020-06-21,POOL_TOU,0,50,1.03681,0.0,0.0,0.0,2.0,2.0,1.03681,0.0991
summer,2020-06-21,POOL_TOU,0,51,1.35404,0.0,0.0,0.0,2.0,2.0,1.35404,0.0991
summer,2020-06-21,POOL_TOU,0,52,0.141455,0.0,0.0,0.0,2.0,2.0,0.141455,0.0991
summer,2020-06-21,POOL_TOU,0,53,0.08936,0.0,0.0,0.0,2.0,2.0,0.08936,0.0991
summer,2020-06-21,POOL_TOU,0,54,0.44548,0.0,0.0,0.0,2.0,2.0,0.44548,0.0991
summer,2020-06-21,POOL_TOU,0,55,0.24488,0.00405,0.0,0.0,2.0,2.0,0.24083,0.0991
summer,2020-06-21,POOL_TOU,1,1,0.06253,0.00015,0.0,0.0,2.0,2.0,0.062380000000000005,0.0991
summer,2020-06-21,POOL_TOU,1,2,0.45212,0.0,0.0,0.0,2.0,2.0,0.45212,0.0991
summer,2020-06-21,POOL_TOU,1,3,0.36562,0.0,0.0,0.0,2.0,2.0,0.36562,0.0991
summer,2020-06-21,POOL_TOU,1,4,0.1624499999999999,0.0,0.0,0.0,2.0,2.0,0.1624499999999999,0.0991
summer,2020-06-21,POOL_TOU,1,5,0.14978,0.00323,0.0,0.0,2.0,2.0,0.14654999999999999,0.0991
summer,2020-06-21,POOL_TOU,1,6,0.23263,0.0,0.0,0.0,2.0,2.0,0.23263,0.0991
summer,2020-06-21,POOL_TOU,1,7,0.65667,0.0,0.0,0.0,2.0,2.0,0.65667,0.0991
summer,2020-06-21,POOL_TOU,1,8,0.1301,0.0,0.0,0.0,2.0,2.0,0.1301,0.0991
summer,2020-06-21,POOL_TOU,1,9,0.2164,0.0,0.0,0.0,2.0,2.0,0.2164,0.0991
summer,2020-06-21,POOL_TOU,1,10,0.92602,0.0,0.0,0.0,2.0,2.0,0.92602,0.0991
summer,2020-06-21,POOL_TOU,1,11,0.16817,0.00015,0.0,0.0,2.0,2.0,0.16801999999999997,0.0991
summer,2020-06-21,POOL_TOU,1,12,0.13843,0.0,0.0,0.0,2.0,2.0,0.13843,0.0991
summer,2020-06-21,POOL_TOU,1,13,0.08888,0.0,0.0,0.0,2.0,2.0,0.08888,0.0991
summer,2020-06-21,POOL_TOU,1,14,1.00882,0.0,0.0,0.0,2.0,2.0,1.00882,0.0991
summer,2020-06-21,POOL_TOU,1,15,0.24367,0.00323,0.0,0.0,2.0,2.0,0.24044,0.0991
summer,2020-06-21,POOL_TOU,1,16,0.43898,0.0,0.0,0.0,2.0,2.0,0.43898,0.0991
summer,2020-06-21,POOL_TOU,1,17,0.05891,0.0,0.0,0.0,2.0,2.0,0.05891,0.0991
summer,2020-06-21,POOL_TOU,1,18,0.76438,0.0,0.0,0.0,2.0,2.0,0.76438,0.0991
summer,2020-06-21,POOL_TOU,1,19,0.74687,0.0,0.0,0.0,2.0,2.0,0.74687,0.0991
summer,2020-06-21,POOL_TOU,1,20,0.07962,0.0,0.0,0.0,2.0,2.0,0.07962,0.0991
summer,2020-06-21,POOL_TOU,1,21,0.06253,0.00015,0.0,0.0,2.0,2.0,0.062380000000000005,0.0991
summer,2020-06-21,POOL_TOU,1,22,0.45212,0.0,0.0,0.0,2.0,2.0,0.45212,0.0991
summer,2020-06-21,POOL_TOU,1,23,0.36562,0.0,0.0,0.0,2.0,2.0,0.36562,0.0991
summer,2020-06-21,POOL_TOU,1,24,0.1624499999999999,0.0,0.0,0.0,2.0,2.0,0.1624499999999999,0.0991
summer,2020-06-21,POOL_TOU,1,25,0.14978,0.00323,0.0,0.0,2.0,2.0,0.14654999999999999,0.0991
summer,2020-06-21,POOL_TOU,1,26,0.23263,0.0,0.0,0.0,2.0,2.0,0.23263,0.0991
summer,2020-06-21,POOL_TOU,1,27,0.65667,0.0,0.0,0.0,2.0,2.0,0.65667,0.0991
summer,2020-06-21,POOL_TOU,1,28,0.1301,0.0,0.0,0.0,2.0,2.0,0.1301,0.0991
summer,2020-06-21,POOL_TOU,1,29,0.2164,0.0,0.0,0.0,2.0,2.0,0.2164,0.0991
summer,2020-06-21,POOL_TOU,1,30,0.92602,0.0,0.0,0.0,2.0,2.0,0.92602,0.0991
summer,2020-06-21,POOL_TOU,1,31,0.16817,0.00015,0.0,0.0,2.0,2.0,0.16801999999999997,0.0991
summer,2020-06-21,POOL_TOU,1,32,0.13843,0.0,0.0,0.0,2.0,2.0,0.13843,0.0991
summer,2020-06-21,POOL_TOU,1,33,0.08888,0.0,0.0,0.0,2.0,2.0,0.08888,0.0991
summer,2020-06-21,POOL_TOU,1,34,1.00882,0.0,0.0,0.0,2.0,2.0,1.00882,0.0991
summer,2020-06-21,POOL_TOU,1,35,0.24367,0.00323,0.0,0.0,2.0,2.0,0.24044,0.0991
summer,2020-06-21,POOL_TOU,1,36,0.43898,0.0,0.0,0.0,2.0,2.0,0.43898,0.0991
summer,2020-06-21,POOL_TOU,1,37,0.05891,0.0,0.0,0.0,2.0,2.0,0.05891,0.0991
summer,2020-06-21,POOL_TOU,1,38,0.76438,0.0,0.0,0.0,2.0,2.0,0.76438,0.0991
summer,2020-06-21,POOL_TOU,1,39,0.74687,0.0,0.0,0.0,2.0,2.0,0.74687,0.0991
summer,2020-06-21,POOL_TOU,1,40,0.07962,0.0,0.0,0.0,2.0,2.0,0.07962,0.0991
summer,2020-06-21,POOL_TOU,1,41,0.06253,0.00015,0.0,0.0,2.0,2.0,0.062380000000000005,0.0991
summer,2020-06-21,POOL_TOU,1,42,0.45212,0.0,0.0,0.0,2.0,2.0,0.45212,0.0991
summer,2020-06-21,POOL_TOU,1,43,0.36562,0.0,0.0,0.0,2.0,2.0,0.36562,0.0991
summer,2020-06-21,POOL_TOU,1,44,0.1624499999999999,0.0,0.0,0.0,2.0,2.0,0.1624499999999999,0.0991
summer,2020-06-21,POOL_TOU,1,45,0.14978,0.00323,0.0,0.0,2.0,2.0,0.14654999999999999,0.0991
summer,2020-06-21,POOL_TOU,1,46,0.23263,0.0,0.0,0.0,2.0,2.0,0.23263,0.0991
summer,2020-06-21,POOL_TOU,1,47,0.65667,0.0,0.0,0.0,2.0,2.0,0.65667,0.0991
summer,2020-06-21,POOL_TOU,1,48,0.1301,0.0,0.0,0.0,2.0,2.0,0.1301,0.0991
summer,2020-06-21,POOL_TOU,1,49,0.2164,0.0,0.0,0.0,2.0,2.0,0.2164,0.0991
summer,2020-06-21,POOL_TOU,1,50,0.92602,0.0,0.0,0.0,2.0,2.0,0.92602,0.0991
summer,2020-06-21,POOL_TOU,1,51,0.16817,0.00015,0.0,0.0,2.0,2.0,0.16801999999999997,0.0991
summer,2020-06-21,POOL_TOU,1,52,0.13843,0.0,0.0,0.0,2.0,2.0,0.13843,0.0991
summer,2020-06-21,POOL_TOU,1,53,0.08888,0.0,0.0,0.0,2.0,2.0,0.08888,0.0991
summer,2020-06-21,POOL_TOU,1,54,1.00882,0.0,0.0,0.0,2.0,2.0,1.00882,0.0991
summer,2020-06-21,POOL_TOU,1,55,0.24367,0.00323,0.0,0.0,2.0,2.0,0.24044,0.0991
summer,2020-06-21,POOL_TOU,2,1,0.03495,0.0,0.0,0.0,2.0,2.0,0.03495,0.0991
summer,2020-06-21,POOL_TOU,2,2,0.081,0.0,0.0,0.0,2.0,2.0,0.081,0.0991
summer,2020-06-21,POOL_TOU,2,3,0.31211,0.0,0.0,0.0,2.0,2.0,0.31211,0.0991
summer,2020-06-21,POOL_TOU,2,4,0.206495,0.0,0.0,0.0,2.0,2.0,0.206495,0.0991
summer,2020-06-21,POOL_TOU,2,5,0.14334,0.00333,0.0,0.0,2.0,2.0,0.14001,0.0991
summer,2020-06-21,POOL_TOU,2,6,0.37833,0.0,0.0,0.0,2.0,2.0,0.37833,0.0991
summer,2020-06-21,POOL_TOU,2,7,0.35801,0.0,0.0,0.0,2.0,2.0,0.35801,0.0991
summer,2020-06-21,POOL_TOU,2,8,0.19625,0.0,0.0,0.0,2.0,2.0,0.19625,0.0991
summer,2020-06-21,POOL_TOU,2,9,0.14009,0.0,0.0,0.0,2.0,2.0,0.14009,0.0991
summer,2020-06-21,POOL_TOU,2,10,0.45412,0.0,0.0,0.0,2.0,2.0,0.45412,0.0991
summer,2020-06-21,POOL_TOU,2,11,0.15483,0.0,0.0,0.0,2.0,2.0,0.15483,0.0991
summer,2020-06-21,POOL_TOU,2,12,0.19406,0.0,0.0,0.0,2.0,2.0,0.19406,0.0991
summer,2020-06-21,POOL_TOU,2,13,0.41573,0.0,0.0,0.0,2.0,2.0,0.41573,0.0991
summer,2020-06-21,POOL_TOU,2,14,0.7306699999999999,0.0,0.0,0.0,2.0,2.0,0.7306699999999999,0.0991
summer,2020-06-21,POOL_TOU,2,15,0.250875,0.00333,0.0,0.0,2.0,2.0,0.24754500000000002,0.0991
summer,2020-06-21,POOL_TOU,2,16,0.33229,0.0,0.0,0.0,2.0,2.0,0.33229,0.0991
summer,2020-06-21,POOL_TOU,2,17,0.063235,0.0,0.0,0.0,2.0,2.0,0.063235,0.0991
summer,2020-06-21,POOL_TOU,2,18,0.67099,0.0,0.0,0.0,2.0,2.0,0.67099,0.0991
summer,2020-06-21,POOL_TOU,2,19,0.138225,0.0,0.0,0.0,2.0,2.0,0.138225,0.0991
summer,2020-06-21,POOL_TOU,2,20,0.11813,0.0,0.0,0.0,2.0,2.0,0.11813,0.0991
summer,2020-06-21,POOL_TOU,2,21,0.03495,0.0,0.0,0.0,2.0,2.0,0.03495,0.0991
summer,2020-06-21,POOL_TOU,2,22,0.081,0.0,0.0,0.0,2.0,2.0,0.081,0.0991
summer,2020-06-21,POOL_TOU,2,23,0.31211,0.0,0.0,0.0,2.0,2.0,0.31211,0.0991
summer,2020-06-21,POOL_TOU,2,24,0.206495,0.0,0.0,0.0,2.0,2.0,0.206495,0.0991
summer,2020-06-21,POOL_TOU,2,25,0.14334,0.00333,0.0,0.0,2.0,2.0,0.14001,0.0991
summer,2020-06-21,POOL_TOU,2,26,0.37833,0.0,0.0,0.0,2.0,2.0,0.37833,0.0991
summer,2020-06-21,POOL_TOU,2,27,0.35801,0.0,0.0,0.0,2.0,2.0,0.35801,0.0991
summer,2020-06-21,POOL_TOU,2,28,0.19625,0.0,0.0,0.0,2.0,2.0,0.19625,0.0991
summer,2020-06-21,POOL_TOU,2,29,0.14009,0.0,0.0,0.0,2.0,2.0,0.14009,0.0991
summer,2020-06-21,POOL_TOU,2,30,0.45412,0.0,0.0,0.0,2.0,2.0,0.45412,0.0991
summer,2020-06-21,POOL_TOU,2,31,0.15483,0.0,0.0,0.0,2.0,2.0,0.15483,0.0991
summer,2020-06-21,POOL_TOU,2,32,0.19406,0.0,0.0,0.0,2.0,2.0,0.19406,0.0991
summer,2020-06-21,POOL_TOU,2,33,0.41573,0.0,0.0,0.0,2.0,2.0,0.41573,0.0991
summer,2020-06-21,POOL_TOU,2,34,0.7306699999999999,0.0,0.0,0.0,2.0,2.0,0.7306699999999999,0.0991
summer,2020-06-21,POOL_TOU,2,35,0.250875,0.00333,0.0,0.0,2.0,2.0,0.24754500000000002,0.0991
summer,2020-06-21,POOL_TOU,2,36,0.33229,0.0,0.0,0.0,2.0,2.0,0.33229,0.0991
summer,2020-06-21,POOL_TOU,2,37,0.063235,0.0,0.0,0.0,2.0,2.0,0.063235,0.0991
summer,2020-06-21,POOL_TOU,2,38,0.67099,0.0,0.0,0.0,2.0,2.0,0.67099,0.0991
summer,2020-06-21,POOL_TOU,2,39,0.138225,0.0,0.0,0.0,2.0,2.0,0.138225,0.0991
summer,2020-06-21,POOL_TOU,2,40,0.11813,0.0,0.0,0.0,2.0,2.0,0.11813,0.0991
summer,2020-06-21,POOL_TOU,2,41,0.03495,0.0,0.0,0.0,2.0,2.0,0.03495,0.0991
summer,2020-06-21,POOL_TOU,2,42,0.081,0.0,0.0,0.0,2.0,2.0,0.081,0.0991
summer,2020-06-21,POOL_TOU,2,43,0.31211,0.0,0.0,0.0,2.0,2.0,0.31211,0.0991
summer,2020-06-21,POOL_TOU,2,44,0.206495,0.0,0.0,0.0,2.0,2.0,0.206495,0.0991
summer,2020-06-21,POOL_TOU,2,45,0.14334,0.00333,0.0,0.0,2.0,2.0,0.14001,0.0991
summer,2020-06-21,POOL_TOU,2,46,0.37833,0.0,0.0,0.0,2.0,2.0,0.37833,0.0991
summer,2020-06-21,POOL_TOU,2,47,0.35801,0.0,0.0,0.0,2.0,2.0,0.35801,0.0991
summer,2020-06-21,POOL_TOU,2,48,0.19625,0.0,0.0,0.0,2.0,2.0,0.19625,0.0991
summer,2020-06-21,POOL_TOU,2,49,0.14009,0.0,0.0,0.0,2.0,2.0,0.14009,0.0991
summer,2020-06-21,POOL_TOU,2,50,0.45412,0.0,0.0,0.0,2.0,2.0,0.45412,0.0991
summer,2020-06-21,POOL_TOU,2,51,0.15483,0.0,0.0,0.0,2.0,2.0,0.15483,0.0991
summer,2020-06-21,POOL_TOU,2,52,0.19406,0.0,0.0,0.0,2.0,2.0,0.19406,0.0991
summer,2020-06-21,POOL_TOU,2,53,0.41573,0.0,0.0,0.0,2.0,2.0,0.41573,0.0991
summer,2020-06-21,POOL_TOU,2,54,0.7306699999999999,0.0,0.0,0.0,2.0,2.0,0.7306699999999999,0.0991
summer,2020-06-21,POOL_TOU,2,55,0.250875,0.00333,0.0,0.0,2.0,2.0,0.24754500000000002,0.0991
summer,2020-06-21,POOL_TOU,3,1,0.04451,0.0,0.0,0.0,2.0,2.0,0.04451,0.0991
summer,2020-06-21,POOL_TOU,3,2,0.1229,0.0,0.0,0.0,2.0,2.0,0.1229,0.0991
summer,2020-06-21,POOL_TOU,3,3,0.2196699999999999,0.0,0.0,0.0,2.0,2.0,0.2196699999999999,0.0991
summer,2020-06-21,POOL_TOU,3,4,0.24317,0.0,0.0,0.0,2.0,2.0,0.24317,0.0991
summer,2020-06-21,POOL_TOU,3,5,0.1670499999999999,0.0038399999999999,0.0,0.0,2.0,2.0,0.16321,0.0991
summer,2020-06-21,POOL_TOU,3,6,0.19665,0.0,0.0,0.0,2.0,2.0,0.19665,0.0991
summer,2020-06-21,POOL_TOU,3,7,0.2753299999999999,0.0,0.0,0.0,2.0,2.0,0.2753299999999999,0.0991
summer,2020-06-21,POOL_TOU,3,8,0.14994,0.0,0.0,0.0,2.0,2.0,0.14994,0.0991
summer,2020-06-21,POOL_TOU,3,9,0.11714,0.0,0.0,0.0,2.0,2.0,0.11714,0.0991
summer,2020-06-21,POOL_TOU,3,10,0.44523,0.0,0.0,0.0,2.0,2.0,0.44523,0.0991
summer,2020-06-21,POOL_TOU,3,11,0.11807,0.0,0.0,0.0,2.0,2.0,0.11807,0.0991
summer,2020-06-21,POOL_TOU,3,12,0.13958,0.0,0.0,0.0,2.0,2.0,0.13958,0.0991
summer,2020-06-21,POOL_TOU,3,13,0.2703,0.0,0.0,0.0,2.0,2.0,0.2703,0.0991
summer,2020-06-21,POOL_TOU,3,14,0.2309,0.0,0.0,0.0,2.0,2.0,0.2309,0.0991
summer,2020-06-21,POOL_TOU,3,15,0.16412,0.0038399999999999,0.0,0.0,2.0,2.0,0.1602800000000001,0.0991
summer,2020-06-21,POOL_TOU,3,16,0.2863,0.0,0.0,0.0,2.0,2.0,0.2863,0.0991
summer,2020-06-21,POOL_TOU,3,17,0.04724,0.0,0.0,0.0,2.0,2.0,0.04724,0.0991
summer,2020-06-21,POOL_TOU,3,18,0.63677,0.0,0.0,0.0,2.0,2.0,0.63677,0.0991
summer,2020-06-21,POOL_TOU,3,19,0.12912,0.0,0.0,0.0,2.0,2.0,0.12912,0.0991
summer,2020-06-21,POOL_TOU,3,20,0.12256,0.0,0.0,0.0,2.0,2.0,0.12256,0.0991
summer,2020-06-21,POOL_TOU,3,21,0.04451,0.0,0.0,0.0,2.0,2.0,0.04451,0.0991
summer,2020-06-21,POOL_TOU,3,22,0.1229,0.0,0.0,0.0,2.0,2.0,0.1229,0.0991
summer,2020-06-21,POOL_TOU,3,23,0.2196699999999999,0.0,0.0,0.0,2.0,2.0,0.2196699999999999,0.0991
summer,2020-06-21,POOL_TOU,3,24,0.24317,0.0,0.0,0.0,2.0,2.0,0.24317,0.0991
summer,2020-06-21,POOL_TOU,3,25,0.1670499999999999,0.0038399999999999,0.0,0.0,2.0,2.0,0.16321,0.0991
summer,2020-06-21,POOL_TOU,3,26,0.19665,0.0,0.0,0.0,2.0,2.0,0.19665,0.0991
summer,2020-06-21,POOL_TOU,3,27,0.2753299999999999,0.0,0.0,0.0,2.0,2.0,0.2753299999999999,0.0991
summer,2020-06-21,POOL_TOU,3,28,0.14994,0.0,0.0,0.0,2.0,2.0,0.14994,0.0991
summer,2020-06-21,POOL_TOU,3,29,0.11714,0.0,0.0,0.0,2.0,2.0,0.11714,0.0991
summer,2020-06-21,POOL_TOU,3,30,0.44523,0.0,0.0,0.0,2.0,2.0,0.44523,0.0991
summer,2020-06-21,POOL_TOU,3,31,0.11807,0.0,0.0,0.0,2.0,2.0,0.11807,0.0991
summer,2020-06-21,POOL_TOU,3,32,0.13958,0.0,0.0,0.0,2.0,2.0,0.13958,0.0991
summer,2020-06-21,POOL_TOU,3,33,0.2703,0.0,0.0,0.0,2.0,2.0,0.2703,0.0991
summer,2020-06-21,POOL_TOU,3,34,0.2309,0.0,0.0,0.0,2.0,2.0,0.2309,0.0991
summer,2020-06-21,POOL_TOU,3,35,0.16412,0.0038399999999999,0.0,0.0,2.0,2.0,0.1602800000000001,0.0991
summer,2020-06-21,POOL_TOU,3,36,0.2863,0.0,0.0,0.0,2.0,2.0,0.2863,0.0991
summer,2020-06-21,POOL_TOU,3,37,0.04724,0.0,0.0,0.0,2.0,2.0,0.04724,0.0991
summer,2020-06-21,POOL_TOU,3,38,0.63677,0.0,0.0,0.0,2.0,2.0,0.63677,0.0991
summer,2020-06-21,POOL_TOU,3,39,0.12912,0.0,0.0,0.0,2.0,2.0,0.12912,0.0991
summer,2020-06-21,POOL_TOU,3,40,0.12256,0.0,0.0,0.0,2.0,2.0,0.12256,0.0991
summer,2020-06-21,POOL_TOU,3,41,0.04451,0.0,0.0,0.0,2.0,2.0,0.04451,0.0991
summer,2020-06-21,POOL_TOU,3,42,0.1229,0.0,0.0,0.0,2.0,2.0,0.1229,0.0991
summer,2020-06-21,POOL_TOU,3,43,0.2196699999999999,0.0,0.0,0.0,2.0,2.0,0.2196699999999999,0.0991
summer,2020-06-21,POOL_TOU,3,44,0.24317,0.0,0.0,0.0,2.0,2.0,0.24317,0.0991
summer,2020-06-21,POOL_TOU,3,45,0.1670499999999999,0.0038399999999999,0.0,0.0,2.0,2.0,0.16321,0.0991
summer,2020-06-21,POOL_TOU,3,46,0.19665,0.0,0.0,0.0,2.0,2.0,0.19665,0.0991
summer,2020-06-21,POOL_TOU,3,47,0.2753299999999999,0.0,0.0,0.0,2.0,2.0,0.2753299999999999,0.0991
summer,2020-06-21,POOL_TOU,3,48,0.14994,0.0,0.0,0.0,2.0,2.0,0.14994,0.0991
summer,2020-06-21,POOL_TOU,3,49,0.11714,0.0,0.0,0.0,2.0,2.0,0.11714,0.0991
summer,2020-06-21,POOL_TOU,3,50,0.44523,0.0,0.0,0.0,2.0,2.0,0.44523,0.0991
summer,2020-06-21,POOL_TOU,3,51,0.11807,0.0,0.0,0.0,2.0,2.0,0.11807,0.0991
summer,2020-06-21,POOL_TOU,3,52,0.13958,0.0,0.0,0.0,2.0,2.0,0.13958,0.0991
summer,2020-06-21,POOL_TOU,3,53,0.2703,0.0,0.0,0.0,2.0,2.0,0.2703,0.0991
summer,2020-06-21,POOL_TOU,3,54,0.2309,0.0,0.0,0.0,2.0,2.0,0.2309,0.0991
summer,2020-06-21,POOL_TOU,3,55,0.16412,0.0038399999999999,0.0,0.0,2.0,2.0,0.1602800000000001,0.0991
summer,2020-06-21,POOL_TOU,4,1,0.0536899999999999,0.00021,0.0,0.0,2.0,2.0,0.053479999999999896,0.0991
summer,2020-06-21,POOL_TOU,4,2,0.07926,0.0,0.0,0.0,2.0,2.0,0.07926,0.0991
summer,2020-06-21,POOL_TOU,4,3,0.22629,0.0,0.0,0.0,2.0,2.0,0.22629,0.0991
summer,2020-06-21,POOL_TOU,4,4,0.18831,0.0,0.0,0.0,2.0,2.0,0.18831,0.0991
summer,2020-06-21,POOL_TOU,4,5,0.14428,0.00441,0.0,0.0,2.0,2.0,0.13987,0.0991
summer,2020-06-21,POOL_TOU,4,6,0.320015,0.0,0.0,0.0,2.0,2.0,0.320015,0.0991
summer,2020-06-21,POOL_TOU,4,7,0.26876,0.0,0.0,0.0,2.0,2.0,0.26876,0.0991
summer,2020-06-21,POOL_TOU,4,8,0.11406,0.0,0.0,0.0,2.0,2.0,0.11406,0.0991
summer,2020-06-21,POOL_TOU,4,9,0.20023,0.0,0.0,0.0,2.0,2.0,0.20023,0.0991
summer,2020-06-21,POOL_TOU,4,10,0.4416899999999999,0.0,0.0,0.0,2.0,2.0,0.4416899999999999,0.0991
summer,2020-06-21,POOL_TOU,4,11,0.13856,0.00021,0.0,0.0,2.0,2.0,0.13835,0.0991
summer,2020-06-21,POOL_TOU,4,12,0.10861,0.0,0.0,0.0,2.0,2.0,0.10861,0.0991
summer,2020-06-21,POOL_TOU,4,13,0.6250399999999999,0.0,0.0,0.0,2.0,2.0,0.6250399999999999,0.0991
summer,2020-06-21,POOL_TOU,4,14,0.23004,0.0,0.0,0.0,2.0,2.0,0.23004,0.0991
summer,2020-06-21,POOL_TOU,4,15,0.18055,0.00441,0.0,0.0,2.0,2.0,0.17614,0.0991
summer,2020-06-21,POOL_TOU,4,16,0.271205,0.0,0.0,0.0,2.0,2.0,0.271205,0.0991
summer,2020-06-21,POOL_TOU,4,17,0.03537,0.0,0.0,0.0,2.0,2.0,0.03537,0.0991
summer,2020-06-21,POOL_TOU,4,18,0.6721900000000001,0.0,0.0,0.0,2.0,2.0,0.6721900000000001,0.0991
summer,2020-06-21,POOL_TOU,4,19,0.17651,0.0,0.0,0.0,2.0,2.0,0.17651,0.0991
summer,2020-06-21,POOL_TOU,4,20,0.06933,0.0,0.0,0.0,2.0,2.0,0.06933,0.0991
summer,2020-06-21,POOL_TOU,4,21,0.0536899999999999,0.00021,0.0,0.0,2.0,2.0,0.053479999999999896,0.0991
summer,2020-06-21,POOL_TOU,4,22,0.07926,0.0,0.0,0.0,2.0,2.0,0.07926,0.0991
summer,2020-06-21,POOL_TOU,4,23,0.22629,0.0,0.0,0.0,2.0,2.0,0.22629,0.0991
summer,2020-06-21,POOL_TOU,4,24,0.18831,0.0,0.0,0.0,2.0,2.0,0.18831,0.0991
summer,2020-06-21,POOL_TOU,4,25,0.14428,0.00441,0.0,0.0,2.0,2.0,0.13987,0.0991
summer,2020-06-21,POOL_TOU,4,26,0.320015,0.0,0.0,0.0,2.0,2.0,0.320015,0.0991
summer,2020-06-21,POOL_TOU,4,27,0.26876,0.0,0.0,0.0,2.0,2.0,0.26876,0.0991
summer,2020-06-21,POOL_TOU,4,28,0.11406,0.0,0.0,0.0,2.0,2.0,0.11406,0.0991
summer,2020-06-21,POOL_TOU,4,29,0.20023,0.0,0.0,0.0,2.0,2.0,0.20023,0.0991
summer,2020-06-21,POOL_TOU,4,30,0.4416899999999999,0.0,0.0,0.0,2.0,2.0,0.4416899999999999,0.0991
summer,2020-06-21,POOL_TOU,4,31,0.13856,0.00021,0.0,0.0,2.0,2.0,0.13835,0.0991
summer,2020-06-21,POOL_TOU,4,32,0.10861,0.0,0.0,0.0,2.0,2.0,0.10861,0.0991
summer,2020-06-21,POOL_TOU,4,33,0.6250399999999999,0.0,0.0,0.0,2.0,2.0,0.6250399999999999,0.0991
summer,2020-06-21,POOL_TOU,4,34,0.23004,0.0,0.0,0.0,2.0,2.0,0.23004,0.0991
summer,2020-06-21,POOL_TOU,4,35,0.18055,0.00441,0.0,0.0,2.0,2.0,0.17614,0.0991
summer,2020-06-21,POOL_TOU,4,36,0.271205,0.0,0.0,0.0,2.0,2.0,0.271205,0.0991
summer,2020-06-21,POOL_TOU,4,37,0.03537,0.0,0.0,0.0,2.0,2.0,0.03537,0.0991
summer,2020-06-21,POOL_TOU,4,38,0.6721900000000001,0.0,0.0,0.0,2.0,2.0,0.6721900000000001,0.0991
summer,2020-06-21,POOL_TOU,4,39,0.17651,0.0,0.0,0.0,2.0,2.0,0.17651,0.0991
summer,2020-06-21,POOL_TOU,4,40,0.06933,0.0,0.0,0.0,2.0,2.0,0.06933,0.0991
summer,2020-06-21,POOL_TOU,4,41,0.0536899999999999,0.00021,0.0,0.0,2.0,2.0,0.053479999999999896,0.0991
summer,2020-06-21,POOL_TOU,4,42,0.07926,0.0,0.0,0.0,2.0,2.0,0.07926,0.0991
summer,2020-06-21,POOL_TOU,4,43,0.22629,0.0,0.0,0.0,2.0,2.0,0.22629,0.0991
summer,2020-06-21,POOL_TOU,4,44,0.18831,0.0,0.0,0.0,2.0,2.0,0.18831,0.0991
summer,2020-06-21,POOL_TOU,4,45,0.14428,0.00441,0.0,0.0,2.0,2.0,0.13987,0.0991
summer,2020-06-21,POOL_TOU,4,46,0.320015,0.0,0.0,0.0,2.0,2.0,0.320015,0.0991
summer,2020-06-21,POOL_TOU,4,47,0.26876,0.0,0.0,0.0,2.0,2.0,0.26876,0.0991
summer,2020-06-21,POOL_TOU,4,48,0.11406,0.0,0.0,0.0,2.0,2.0,0.11406,0.0991
summer,2020-06-21,POOL_TOU,4,49,0.20023,0.0,0.0,0.0,2.0,2.0,0.20023,0.0991
summer,2020-06-21,POOL_TOU,4,50,0.4416899999999999,0.0,0.0,0.0,2.0,2.0,0.4416899999999999,0.0991
summer,2020-06-21,POOL_TOU,4,51,0.13856,0.00021,0.0,0.0,2.0,2.0,0.13835,0.0991
summer,2020-06-21,POOL_TOU,4,52,0.10861,0.0,0.0,0.0,2.0,2.0,0.10861,0.0991
summer,2020-06-21,POOL_TOU,4,53,0.6250399999999999,0.0,0.0,0.0,2.0,2.0,0.6250399999999999,0.0991
summer,2020-06-21,POOL_TOU,4,54,0.23004,0.0,0.0,0.0,2.0,2.0,0.23004,0.0991
summer,2020-06-21,POOL_TOU,4,55,0.18055,0.00441,0.0,0.0,2.0,2.0,0.17614,0.0991
summer,2020-06-21,POOL_TOU,5,1,0.02599,5e-05,0.0,0.0,2.0,2.0,0.025939999999999998,0.0991
summer,2020-06-21,POOL_TOU,5,2,0.19119,0.0,0.0,0.0,2.0,2.0,0.19119,0.0991
summer,2020-06-21,POOL_TOU,5,3,1.87569,0.0,0.0,0.0,2.0,2.0,1.87569,0.0991
summer,2020-06-21,POOL_TOU,5,4,0.13185,0.0,0.0,0.0,2.0,2.0,0.13185,0.0991
summer,2020-06-21,POOL_TOU,5,5,0.15959,0.00332,0.0,0.0,2.0,2.0,0.15627000000000002,0.0991
summer,2020-06-21,POOL_TOU,5,6,0.10392,0.0,0.0,0.0,2.0,2.0,0.10392,0.0991
summer,2020-06-21,POOL_TOU,5,7,0.2644499999999999,0.0,0.0,0.0,2.0,2.0,0.2644499999999999,0.0991
summer,2020-06-21,POOL_TOU,5,8,1.81928,0.0,0.0,0.0,2.0,2.0,1.81928,0.0991
summer,2020-06-21,POOL_TOU,5,9,0.13653,0.0,0.0,0.0,2.0,2.0,0.13653,0.0991
summer,2020-06-21,POOL_TOU,5,10,0.69136,0.0,0.0,0.0,2.0,2.0,0.69136,0.0991
summer,2020-06-21,POOL_TOU,5,11,0.12877,5e-05,0.0,0.0,2.0,2.0,0.12872,0.0991
summer,2020-06-21,POOL_TOU,5,12,0.15346,0.0,0.0,0.0,2.0,2.0,0.15346,0.0991
summer,2020-06-21,POOL_TOU,5,13,0.08533,0.0,0.0,0.0,2.0,2.0,0.08533,0.0991
summer,2020-06-21,POOL_TOU,5,14,0.2927,0.0,0.0,0.0,2.0,2.0,0.2927,0.0991
summer,2020-06-21,POOL_TOU,5,15,0.20703,0.00332,0.0,0.0,2.0,2.0,0.20371,0.0991
summer,2020-06-21,POOL_TOU,5,16,0.2912,0.0,0.0,0.0,2.0,2.0,0.2912,0.0991
summer,2020-06-21,POOL_TOU,5,17,0.03562,0.0,0.0,0.0,2.0,2.0,0.03562,0.0991
summer,2020-06-21,POOL_TOU,5,18,0.7575299999999999,0.0,0.0,0.0,2.0,2.0,0.7575299999999999,0.0991
summer,2020-06-21,POOL_TOU,5,19,0.13096,0.0,0.0,0.0,2.0,2.0,0.13096,0.0991
summer,2020-06-21,POOL_TOU,5,20,0.09728,0.0,0.0,0.0,2.0,2.0,0.09728,0.0991
summer,2020-06-21,POOL_TOU,5,21,0.02599,5e-05,0.0,0.0,2.0,2.0,0.025939999999999998,0.0991
summer,2020-06-21,POOL_TOU,5,22,0.19119,0.0,0.0,0.0,2.0,2.0,0.19119,0.0991
summer,2020-06-21,POOL_TOU,5,23,1.87569,0.0,0.0,0.0,2.0,2.0,1.87569,0.0991
summer,2020-06-21,POOL_TOU,5,24,0.13185,0.0,0.0,0.0,2.0,2.0,0.13185,0.0991
summer,2020-06-21,POOL_TOU,5,25,0.15959,0.00332,0.0,0.0,2.0,2.0,0.15627000000000002,0.0991
summer,2020-06-21,POOL_TOU,5,26,0.10392,0.0,0.0,0.0,2.0,2.0,0.10392,0.0991
summer,2020-06-21,POOL_TOU,5,27,0.2644499999999999,0.0,0.0,0.0,2.0,2.0,0.2644499999999999,0.0991
summer,2020-06-21,POOL_TOU,5,28,1.81928,0.0,0.0,0.0,2.0,2.0,1.81928,0.0991
summer,2020-06-21,POOL_TOU,5,29,0.13653,0.0,0.0,0.0,2.0,2.0,0.13653,0.0991
summer,2020-06-21,POOL_TOU,5,30,0.69136,0.0,0.0,0.0,2.0,2.0,0.69136,0.0991
summer,2020-06-21,POOL_TOU,5,31,0.12877,5e-05,0.0,0.0,2.0,2.0,0.12872,0.0991
summer,2020-06-21,POOL_TOU,5,32,0.15346,0.0,0.0,0.0,2.0,2.0,0.15346,0.0991
summer,2020-06-21,POOL_TOU,5,33,0.08533,0.0,0.0,0.0,2.0,2.0,0.08533,0.0991
summer,2020-06-21,POOL_TOU,5,34,0.2927,0.0,0.0,0.0,2.0,2.0,0.2927,0.0991
summer,2020-06-21,POOL_TOU,5,35,0.20703,0.00332,0.0,0.0,2.0,2.0,0.20371,0.0991
summer,2020-06-21,POOL_TOU,5,36,0.2912,0.0,0.0,0.0,2.0,2.0,0.2912,0.0991
summer,2020-06-21,POOL_TOU,5,37,0.03562,0.0,0.0,0.0,2.0,2.0,0.03562,0.0991
summer,2020-06-21,POOL_TOU,5,38,0.7575299999999999,0.0,0.0,0.0,2.0,2.0,0.7575299999999999,0.0991
summer,2020-06-21,POOL_TOU,5,39,0.13096,0.0,0.0,0.0,2.0,2.0,0.13096,0.0991
summer,2020-06-21,POOL_TOU,5,40,0.09728,0.0,0.0,0.0,2.0,2.0,0.09728,0.0991
summer,2020-06-21,POOL_TOU,5,41,0.02599,5e-05,0.0,0.0,2.0,2.0,0.025939999999999998,0.0991
summer,2020-06-21,POOL_TOU,5,42,0.19119,0.0,0.0,0.0,2.0,2.0,0.19119,0.0991
summer,2020-06-21,POOL_TOU,5,43,1.87569,0.0,0.0,0.0,2.0,2.0,1.87569,0.0991
summer,2020-06-21,POOL_TOU,5,44,0.13185,0.0,0.0,0.0,2.0,2.0,0.13185,0.0991
summer,2020-06-21,POOL_TOU,5,45,0.15959,0.00332,0.0,0.0,2.0,2.0,0.15627000000000002,0.0991
summer,2020-06-21,POOL_TOU,5,46,0.10392,0.0,0.0,0.0,2.0,2.0,0.10392,0.0991
summer,2020-06-21,POOL_TOU,5,47,0.2644499999999999,0.0,0.0,0.0,2.0,2.0,0.2644499999999999,0.0991
summer,2020-06-21,POOL_TOU,5,48,1.81928,0.0,0.0,0.0,2.0,2.0,1.81928,0.0991
summer,2020-06-21,POOL_TOU,5,49,0.13653,0.0,0.0,0.0,2.0,2.0,0.13653,0.0991
summer,2020-06-21,POOL_TOU,5,50,0.69136,0.0,0.0,0.0,2.0,2.0,0.69136,0.0991
summer,2020-06-21,POOL_TOU,5,51,0.12877,5e-05,0.0,0.0,2.0,2.0,0.12872,0.0991
summer,2020-06-21,POOL_TOU,5,52,0.15346,0.0,0.0,0.0,2.0,2.0,0.15346,0.0991
summer,2020-06-21,POOL_TOU,5,53,0.08533,0.0,0.0,0.0,2.0,2.0,0.08533,0.0991
summer,2020-06-21,POOL_TOU,5,54,0.2927,0.0,0.0,0.0,2.0,2.0,0.2927,0.0991
summer,2020-06-21,POOL_TOU,5,55,0.20703,0.00332,0.0,0.0,2.0,2.0,0.20371,0.0991
summer,2020-06-21,POOL_TOU,6,1,0.05176,0.03257,0.0,0.0,2.0,2.0,0.01919,0.0991
summer,2020-06-21,POOL_TOU,6,2,0.46499,0.02724,0.0,0.0,2.0,2.0,0.43775000000000003,0.0991
summer,2020-06-21,POOL_TOU,6,3,1.91908,0.02565,0.0,0.0,2.0,2.0,1.89343,0.0991
summer,2020-06-21,POOL_TOU,6,4,0.13459,0.00233,0.0,0.0,2.0,2.0,0.13226,0.0991
summer,2020-06-21,POOL_TOU,6,5,0.14374,0.03791,0.0,0.0,2.0,2.0,0.10583000000000001,0.0991
summer,2020-06-21,POOL_TOU,6,6,0.17467,0.0,0.0,0.0,2.0,2.0,0.17467,0.0991
summer,2020-06-21,POOL_TOU,6,7,0.15353,0.05621,0.0,0.0,2.0,2.0,0.09731999999999999,0.0991
summer,2020-06-21,POOL_TOU,6,8,3.64989,0.0,0.0,0.0,2.0,2.0,3.64989,0.0991
summer,2020-06-21,POOL_TOU,6,9,0.1290799999999999,0.0,0.0,0.0,2.0,2.0,0.1290799999999999,0.0991
summer,2020-06-21,POOL_TOU,6,10,0.4487,0.04276,0.0,0.0,2.0,2.0,0.40593999999999997,0.0991
summer,2020-06-21,POOL_TOU,6,11,0.1300799999999999,0.03257,0.0,0.0,2.0,2.0,0.09750999999999989,0.0991
summer,2020-06-21,POOL_TOU,6,12,0.20747,0.02724,0.0,0.0,2.0,2.0,0.18023,0.0991
summer,2020-06-21,POOL_TOU,6,13,0.35869,0.02565,0.0,0.0,2.0,2.0,0.33304,0.0991
summer,2020-06-21,POOL_TOU,6,14,0.29748,0.00233,0.0,0.0,2.0,2.0,0.29515,0.0991
summer,2020-06-21,POOL_TOU,6,15,0.17515,0.03791,0.0,0.0,2.0,2.0,0.13724,0.0991
summer,2020-06-21,POOL_TOU,6,16,0.28491,0.0,0.0,0.0,2.0,2.0,0.28491,0.0991
summer,2020-06-21,POOL_TOU,6,17,0.05067,0.05621,0.0,0.0,2.0,2.0,-0.005540000000000003,0.0991
summer,2020-06-21,POOL_TOU,6,18,0.61985,0.0,0.0,0.0,2.0,2.0,0.61985,0.0991
summer,2020-06-21,POOL_TOU,6,19,0.13252,0.0,0.0,0.0,2.0,2.0,0.13252,0.0991
summer,2020-06-21,POOL_TOU,6,20,0.17438,0.04276,0.0,0.0,2.0,2.0,0.13162000000000001,0.0991
summer,2020-06-21,POOL_TOU,6,21,0.05176,0.03257,0.0,0.0,2.0,2.0,0.01919,0.0991
summer,2020-06-21,POOL_TOU,6,22,0.46499,0.02724,0.0,0.0,2.0,2.0,0.43775000000000003,0.0991
summer,2020-06-21,POOL_TOU,6,23,1.91908,0.02565,0.0,0.0,2.0,2.0,1.89343,0.0991
summer,2020-06-21,POOL_TOU,6,24,0.13459,0.00233,0.0,0.0,2.0,2.0,0.13226,0.0991
summer,2020-06-21,POOL_TOU,6,25,0.14374,0.03791,0.0,0.0,2.0,2.0,0.10583000000000001,0.0991
summer,2020-06-21,POOL_TOU,6,26,0.17467,0.0,0.0,0.0,2.0,2.0,0.17467,0.0991
summer,2020-06-21,POOL_TOU,6,27,0.15353,0.05621,0.0,0.0,2.0,2.0,0.09731999999999999,0.0991
summer,2020-06-21,POOL_TOU,6,28,3.64989,0.0,0.0,0.0,2.0,2.0,3.64989,0.0991
summer,2020-06-21,POOL_TOU,6,29,0.1290799999999999,0.0,0.0,0.0,2.0,2.0,0.1290799999999999,0.0991
summer,2020-06-21,POOL_TOU,6,30,0.4487,0.04276,0.0,0.0,2.0,2.0,0.40593999999999997,0.0991
summer,2020-06-21,POOL_TOU,6,31,0.1300799999999999,0.03257,0.0,0.0,2.0,2.0,0.09750999999999989,0.0991
summer,2020-06-21,POOL_TOU,6,32,0.20747,0.02724,0.0,0.0,2.0,2.0,0.18023,0.0991
summer,2020-06-21,POOL_TOU,6,33,0.35869,0.02565,0.0,0.0,2.0,2.0,0.33304,0.0991
summer,2020-06-21,POOL_TOU,6,34,0.29748,0.00233,0.0,0.0,2.0,2.0,0.29515,0.0991
summer,2020-06-21,POOL_TOU,6,35,0.17515,0.03791,0.0,0.0,2.0,2.0,0.13724,0.0991
summer,2020-06-21,POOL_TOU,6,36,0.28491,0.0,0.0,0.0,2.0,2.0,0.28491,0.0991
summer,2020-06-21,POOL_TOU,6,37,0.05067,0.05621,0.0,0.0,2.0,2.0,-0.005540000000000003,0.0991
summer,2020-06-21,POOL_TOU,6,38,0.61985,0.0,0.0,0.0,2.0,2.0,0.61985,0.0991
summer,2020-06-21,POOL_TOU,6,39,0.13252,0.0,0.0,0.0,2.0,2.0,0.13252,0.0991
summer,2020-06-21,POOL_TOU,6,40,0.17438,0.04276,0.0,0.0,2.0,2.0,0.13162000000000001,0.0991
summer,2020-06-21,POOL_TOU,6,41,0.05176,0.03257,0.0,0.0,2.0,2.0,0.01919,0.0991
summer,2020-06-21,POOL_TOU,6,42,0.46499,0.02724,0.0,0.0,2.0,2.0,0.43775000000000003,0.0991
summer,2020-06-21,POOL_TOU,6,43,1.91908,0.02565,0.0,0.0,2.0,2.0,1.89343,0.0991
summer,2020-06-21,POOL_TOU,6,44,0.13459,0.00233,0.0,0.0,2.0,2.0,0.13226,0.0991
summer,2020-06-21,POOL_TOU,6,45,0.14374,0.03791,0.0,0.0,2.0,2.0,0.10583000000000001,0.0991
summer,2020-06-21,POOL_TOU,6,46,0.17467,0.0,0.0,0.0,2.0,2.0,0.17467,0.0991
summer,2020-06-21,POOL_TOU,6,47,0.15353,0.05621,0.0,0.0,2.0,2.0,0.09731999999999999,0.0991
summer,2020-06-21,POOL_TOU,6,48,3.64989,0.0,0.0,0.0,2.0,2.0,3.64989,0.0991
summer,2020-06-21,POOL_TOU,6,49,0.1290799999999999,0.0,0.0,0.0,2.0,2.0,0.1290799999999999,0.0991
summer,2020-06-21,POOL_TOU,6,50,0.4487,0.04276,0.0,0.0,2.0,2.0,0.40593999999999997,0.0991
summer,2020-06-21,POOL_TOU,6,51,0.1300799999999999,0.03257,0.0,0.0,2.0,2.0,0.09750999999999989,0.0991
summer,2020-06-21,POOL_TOU,6,52,0.20747,0.02724,0.0,0.0,2.0,2.0,0.18023,0.0991
summer,2020-06-21,POOL_TOU,6,53,0.35869,0.02565,0.0,0.0,2.0,2.0,0.33304,0.0991
summer,2020-06-21,POOL_TOU,6,54,0.29748,0.00233,0.0,0.0,2.0,2.0,0.29515,0.0991
summer,2020-06-21,POOL_TOU,6,55,0.17515,0.03791,0.0,0.0,2.0,2.0,0.13724,0.0991
summer,2020-06-21,POOL_TOU,7,1,0.00284,0.2871499999999999,0.0,0.0,2.0,2.0,-0.2843099999999999,0.0991
summer,2020-06-21,POOL_TOU,7,2,0.23582,0.1664,0.0,0.0,2.0,2.0,0.06942000000000001,0.0991
summer,2020-06-21,POOL_TOU,7,3,0.34912,0.27268,0.0,0.0,2.0,2.0,0.07644000000000001,0.0991
summer,2020-06-21,POOL_TOU,7,4,0.3729599999999999,0.03468,0.0,0.0,2.0,2.0,0.3382799999999999,0.0991
summer,2020-06-21,POOL_TOU,7,5,0.13305,0.13678,0.0,0.0,2.0,2.0,-0.003730000000000011,0.0991
summer,2020-06-21,POOL_TOU,7,6,0.01582,0.0,0.0,0.0,2.0,2.0,0.01582,0.0991
summer,2020-06-21,POOL_TOU,7,7,0.06729,0.3917,0.0,0.0,2.0,2.0,-0.32441,0.0991
summer,2020-06-21,POOL_TOU,7,8,3.65804,0.0,3.3,0.0,2.0,5.135,6.9580400000000004,0.0991
summer,2020-06-21,POOL_TOU,7,9,0.20018,0.0,0.0,0.0,2.0,2.0,0.20018,0.0991
summer,2020-06-21,POOL_TOU,7,10,0.41554,0.29586,0.0,0.0,2.0,2.0,0.11968000000000001,0.0991
summer,2020-06-21,POOL_TOU,7,11,0.1440449999999999,0.2871499999999999,0.0,0.0,2.0,2.0,-0.143105,0.0991
summer,2020-06-21,POOL_TOU,7,12,0.38081,0.1664,0.0,0.0,2.0,2.0,0.21441,0.0991
summer,2020-06-21,POOL_TOU,7,13,0.90564,0.27268,0.0,0.0,2.0,2.0,0.63296,0.0991
summer,2020-06-21,POOL_TOU,7,14,0.28205,0.03468,0.0,0.0,2.0,2.0,0.24737000000000003,0.0991
summer,2020-06-21,POOL_TOU,7,15,0.20209,0.13678,0.0,0.0,2.0,2.0,0.06530999999999998,0.0991
summer,2020-06-21,POOL_TOU,7,16,0.29337,0.0,0.0,0.0,2.0,2.0,0.29337,0.0991
summer,2020-06-21,POOL_TOU,7,17,0.22634,0.3917,0.0,0.0,2.0,2.0,-0.16535999999999998,0.0991
summer,2020-06-21,POOL_TOU,7,18,0.71881,0.0,2.5456497504889004,0.0,2.0,4.4183672629644555,3.2644597504889004,0.0991
summer,2020-06-21,POOL_TOU,7,19,0.17625,0.0,0.0,0.0,2.0,2.0,0.17625,0.0991
summer,2020-06-21,POOL_TOU,7,20,0.17952,0.29586,0.0,0.0,2.0,2.0,-0.11634,0.0991
summer,2020-06-21,POOL_TOU,7,21,0.00284,0.2871499999999999,0.0,0.0,2.0,2.0,-0.2843099999999999,0.0991
summer,2020-06-21,POOL_TOU,7,22,0.23582,0.1664,0.0,0.0,2.0,2.0,0.06942000000000001,0.0991
summer,2020-06-21,POOL_TOU,7,23,0.34912,0.27268,0.0,0.0,2.0,2.0,0.07644000000000001,0.0991
summer,2020-06-21,POOL_TOU,7,24,0.3729599999999999,0.03468,0.0,0.0,2.0,2.0,0.3382799999999999,0.0991
summer,2020-06-21,POOL_TOU,7,25,0.13305,0.13678,0.0,0.0,2.0,2.0,-0.003730000000000011,0.0991
summer,2020-06-21,POOL_TOU,7,26,0.01582,0.0,0.0,0.0,2.0,2.0,0.01582,0.0991
summer,2020-06-21,POOL_TOU,7,27,0.06729,0.3917,0.0,0.0,2.0,2.0,-0.32441,0.0991
summer,2020-06-21,POOL_TOU,7,28,3.65804,0.0,0.0,0.0,2.0,2.0,3.65804,0.0991
summer,2020-06-21,POOL_TOU,7,29,0.20018,0.0,0.0,0.0,2.0,2.0,0.20018,0.0991
summer,2020-06-21,POOL_TOU,7,30,0.41554,0.29586,1.6374072022160673,0.0,2.0,3.5555368421052638,1.7570872022160673,0.0991
summer,2020-06-21,POOL_TOU,7,31,0.1440449999999999,0.2871499999999999,0.0,0.0,2.0,2.0,-0.143105,0.0991
summer,2020-06-21,POOL_TOU,7,32,0.38081,0.1664,0.0,0.0,2.0,2.0,0.21441,0.0991
summer,2020-06-21,POOL_TOU,7,33,0.90564,0.27268,0.0,0.0,2.0,2.0,0.63296,0.0991
summer,2020-06-21,POOL_TOU,7,34,0.28205,0.03468,0.0,0.0,2.0,2.0,0.24737000000000003,0.0991
summer,2020-06-21,POOL_TOU,7,35,0.20209,0.13678,-0.0,0.0,2.0,2.0,0.06530999999999998,0.0991
summer,2020-06-21,POOL_TOU,7,36,0.29337,0.0,0.0,0.0,2.0,2.0,0.29337,0.0991
summer,2020-06-21,POOL_TOU,7,37,0.22634,0.3917,0.0,0.0,2.0,2.0,-0.16535999999999998,0.0991
summer,2020-06-21,POOL_TOU,7,38,0.71881,0.0,0.0,0.0,2.0,2.0,0.71881,0.0991
summer,2020-06-21,POOL_TOU,7,39,0.17625,0.0,0.0,0.0,2.0,2.0,0.17625,0.0991
summer,2020-06-21,POOL_TOU,7,40,0.17952,0.29586,0.0,0.0,2.0,2.0,-0.11634,0.0991
summer,2020-06-21,POOL_TOU,7,41,0.00284,0.2871499999999999,0.0,0.0,2.0,2.0,-0.2843099999999999,0.0991
summer,2020-06-21,POOL_TOU,7,42,0.23582,0.1664,0.0,0.0,2.0,2.0,0.06942000000000001,0.0991
summer,2020-06-21,POOL_TOU,7,43,0.34912,0.27268,0.0,0.0,2.0,2.0,0.07644000000000001,0.0991
summer,2020-06-21,POOL_TOU,7,44,0.3729599999999999,0.03468,0.0,0.0,2.0,2.0,0.3382799999999999,0.0991
summer,2020-06-21,POOL_TOU,7,45,0.13305,0.13678,0.0,0.0,2.0,2.0,-0.003730000000000011,0.0991
summer,2020-06-21,POOL_TOU,7,46,0.01582,0.0,0.0,0.0,2.0,2.0,0.01582,0.0991
summer,2020-06-21,POOL_TOU,7,47,0.06729,0.3917,0.0,0.0,2.0,2.0,-0.32441,0.0991
summer,2020-06-21,POOL_TOU,7,48,3.65804,0.0,0.0,0.0,2.0,2.0,3.65804,0.0991
summer,2020-06-21,POOL_TOU,7,49,0.20018,0.0,0.0,0.0,2.0,2.0,0.20018,0.0991
summer,2020-06-21,POOL_TOU,7,50,0.41554,0.29586,0.0,0.0,2.0,2.0,0.11968000000000001,0.0991
summer,2020-06-21,POOL_TOU,7,51,0.1440449999999999,0.2871499999999999,0.0,0.0,2.0,2.0,-0.143105,0.0991
summer,2020-06-21,POOL_TOU,7,52,0.38081,0.1664,0.0,0.0,2.0,2.0,0.21441,0.0991
summer,2020-06-21,POOL_TOU,7,53,0.90564,0.27268,0.0,0.0,2.0,2.0,0.63296,0.0991
summer,2020-06-21,POOL_TOU,7,54,0.28205,0.03468,0.0,0.0,2.0,2.0,0.24737000000000003,0.0991
summer,2020-06-21,POOL_TOU,7,55,0.20209,0.13678,0.0,0.0,2.0,2.0,0.06530999999999998,0.0991
summer,2020-06-21,POOL_TOU,8,1,0.05132,0.77051,0.0,0.0,2.0,2.0,-0.71919,0.2007
summer,2020-06-21,POOL_TOU,8,2,0.17638,0.46,0.0,0.0,2.0,2.0,-0.28362,0.2007
summer,2020-06-21,POOL_TOU,8,3,0.26948,0.73981,0.0,-0.0,2.0,2.0,-0.47032999999999997,0.2007
summer,2020-06-21,POOL_TOU,8,4,2.8394700000000004,0.04433,0.0,-0.0,2.0,2.0,2.7951400000000004,0.2007
summer,2020-06-21,POOL_TOU,8,5,0.15697,0.2492899999999999,0.0,-0.0,2.0,2.0,-0.0923199999999999,0.2007
summer,2020-06-21,POOL_TOU,8,6,0.29467,0.0,0.0,0.0,2.0,2.0,0.29467,0.2007
summer,2020-06-21,POOL_TOU,8,7,0.11275,0.94917,0.0,-0.0,2.0,2.0,-0.8364199999999999,0.2007
summer,2020-06-21,POOL_TOU,8,8,0.32008,0.0,0.0,0.0,5.135,5.135,0.32008,0.2007
summer,2020-06-21,POOL_TOU,8,9,0.16794,0.0,0.0,0.0,2.0,2.0,0.16794,0.2007
summer,2020-06-21,POOL_TOU,8,10,0.2996399999999999,0.6881499999999999,0.0,0.0,2.0,2.0,-0.38851,0.2007
summer,2020-06-21,POOL_TOU,8,11,0.88518,0.77051,0.0,0.0,2.0,2.0,0.11466999999999994,0.2007
summer,2020-06-21,POOL_TOU,8,12,0.19591,0.46,0.0,0.0,2.0,2.0,-0.26409000000000005,0.2007
summer,2020-06-21,POOL_TOU,8,13,0.41117,0.73981,0.0,-0.0,2.0,2.0,-0.32864,0.2007
summer,2020-06-21,POOL_TOU,8,14,0.23308,0.04433,0.0,0.0,2.0,2.0,0.18875,0.2007
summer,2020-06-21,POOL_TOU,8,15,0.17063,0.2492899999999999,0.0,0.0,2.0,2.0,-0.0786599999999999,0.2007
summer,2020-06-21,POOL_TOU,8,16,0.2997599999999999,0.0,0.0,0.0,2.0,2.0,0.2997599999999999,0.2007
summer,2020-06-21,POOL_TOU,8,17,0.21365,0.94917,0.0,0.0,2.0,2.0,-0.73552,0.2007
summer,2020-06-21,POOL_TOU,8,18,0.58863,0.0,0.0,0.6250700000000011,4.4183672629644555,3.760398841911823,-0.03644000000000114,0.2007
summer,2020-06-21,POOL_TOU,8,19,0.1346399999999999,0.0,0.0,0.0,2.0,2.0,0.1346399999999999,0.2007
summer,2020-06-21,POOL_TOU,8,20,0.08397,0.6881499999999999,0.0,-0.0,2.0,2.0,-0.6041799999999999,0.2007
summer,2020-06-21,POOL_TOU,8,21,0.05132,0.77051,0.0,-0.0,2.0,2.0,-0.71919,0.2007
summer,2020-06-21,POOL_TOU,8,22,0.17638,0.46,0.0,-0.0,2.0,2.0,-0.28362,0.2007
summer,2020-06-21,POOL_TOU,8,23,0.26948,0.73981,0.0,0.0,2.0,2.0,-0.47032999999999997,0.2007
summer,2020-06-21,POOL_TOU,8,24,2.8394700000000004,0.04433,0.0,0.0,2.0,2.0,2.7951400000000004,0.2007
summer,2020-06-21,POOL_TOU,8,25,0.15697,0.2492899999999999,0.0,0.0,2.0,2.0,-0.0923199999999999,0.2007
summer,2020-06-21,POOL_TOU,8,26,0.29467,0.0,0.0,0.0,2.0,2.0,0.29467,0.2007
summer,2020-06-21,POOL_TOU,8,27,0.11275,0.94917,0.0,0.0,2.0,2.0,-0.8364199999999999,0.2007
summer,2020-06-21,POOL_TOU,8,28,0.32008,0.0,0.0,-0.0,2.0,2.0,0.32008,0.2007
summer,2020-06-21,POOL_TOU,8,29,0.16794,0.0,0.0,0.0,2.0,2.0,0.16794,0.2007
summer,2020-06-21,POOL_TOU,8,30,0.2996399999999999,0.6881499999999999,0.0,0.0,3.5555368421052638,3.5555368421052638,-0.38851,0.2007
summer,2020-06-21,POOL_TOU,8,31,0.88518,0.77051,0.0,-0.0,2.0,2.0,0.11466999999999994,0.2007
summer,2020-06-21,POOL_TOU,8,32,0.19591,0.46,0.0,0.0,2.0,2.0,-0.26409000000000005,0.2007
summer,2020-06-21,POOL_TOU,8,33,0.41117,0.73981,0.0,-0.0,2.0,2.0,-0.32864,0.2007
summer,2020-06-21,POOL_TOU,8,34,0.23308,0.04433,0.0,-0.0,2.0,2.0,0.18875,0.2007
summer,2020-06-21,POOL_TOU,8,35,0.17063,0.2492899999999999,0.0,0.0,2.0,2.0,-0.0786599999999999,0.2007
summer,2020-06-21,POOL_TOU,8,36,0.2997599999999999,0.0,0.0,-0.0,2.0,2.0,0.2997599999999999,0.2007
summer,2020-06-21,POOL_TOU,8,37,0.21365,0.94917,0.0,0.0,2.0,2.0,-0.73552,0.2007
summer,2020-06-21,POOL_TOU,8,38,0.58863,0.0,0.0,-0.0,2.0,2.0,0.58863,0.2007
summer,2020-06-21,POOL_TOU,8,39,0.1346399999999999,0.0,0.0,0.0,2.0,2.0,0.1346399999999999,0.2007
summer,2020-06-21,POOL_TOU,8,40,0.08397,0.6881499999999999,0.0,0.0,2.0,2.0,-0.6041799999999999,0.2007
summer,2020-06-21,POOL_TOU,8,41,0.05132,0.77051,0.0,-0.0,2.0,2.0,-0.71919,0.2007
summer,2020-06-21,POOL_TOU,8,42,0.17638,0.46,0.0,0.0,2.0,2.0,-0.28362,0.2007
summer,2020-06-21,POOL_TOU,8,43,0.26948,0.73981,0.0,-0.0,2.0,2.0,-0.47032999999999997,0.2007
summer,2020-06-21,POOL_TOU,8,44,2.8394700000000004,0.04433,0.0,-0.0,2.0,2.0,2.7951400000000004,0.2007
summer,2020-06-21,POOL_TOU,8,45,0.15697,0.2492899999999999,0.0,-0.0,2.0,2.0,-0.0923199999999999,0.2007
summer,2020-06-21,POOL_TOU,8,46,0.29467,0.0,0.0,0.0,2.0,2.0,0.29467,0.2007
summer,2020-06-21,POOL_TOU,8,47,0.11275,0.94917,0.0,0.0,2.0,2.0,-0.8364199999999999,0.2007
summer,2020-06-21,POOL_TOU,8,48,0.32008,0.0,0.0,0.0,2.0,2.0,0.32008,0.2007
summer,2020-06-21,POOL_TOU,8,49,0.16794,0.0,0.0,0.0,2.0,2.0,0.16794,0.2007
summer,2020-06-21,POOL_TOU,8,50,0.2996399999999999,0.6881499999999999,0.0,-0.0,2.0,2.0,-0.38851,0.2007
summer,2020-06-21,POOL_TOU,8,51,0.88518,0.77051,0.0,0.0,2.0,2.0,0.11466999999999994,0.2007
summer,2020-06-21,POOL_TOU,8,52,0.19591,0.46,0.0,0.0,2.0,2.0,-0.26409000000000005,0.2007
summer,2020-06-21,POOL_TOU,8,53,0.41117,0.73981,0.0,0.0,2.0,2.0,-0.32864,0.2007
summer,2020-06-21,POOL_TOU,8,54,0.23308,0.04433,0.0,-0.0,2.0,2.0,0.18875,0.2007
summer,2020-06-21,POOL_TOU,8,55,0.17063,0.2492899999999999,0.0,0.0,2.0,2.0,-0.0786599999999999,0.2007
summer,2020-06-21,POOL_TOU,9,1,0.01028,0.85263,0.0,-0.0,2.0,2.0,-0.84235,0.2007
summer,2020-06-21,POOL_TOU,9,2,0.18383,0.69952,0.0,0.0,2.0,2.0,-0.51569,0.2007
summer,2020-06-21,POOL_TOU,9,3,0.94791,0.84565,0.0,-0.0,2.0,2.0,0.10226000000000002,0.2007
summer,2020-06-21,POOL_TOU,9,4,1.81924,0.22808,0.0,-0.0,2.0,2.0,1.59116,0.2007
summer,2020-06-21,POOL_TOU,9,5,0.44174,0.5681499999999999,0.0,-0.0,2.0,2.0,-0.1264099999999999,0.2007
summer,2020-06-21,POOL_TOU,9,6,0.82265,0.0,0.0,0.0,2.0,2.0,0.82265,0.2007
summer,2020-06-21,POOL_TOU,9,7,0.2773899999999999,0.90561,0.0,-0.0,2.0,2.0,-0.6282200000000001,0.2007
summer,2020-06-21,POOL_TOU,9,8,0.19578,0.0,0.0,0.0,5.135,5.135,0.19578,0.2007
summer,2020-06-21,POOL_TOU,9,9,0.13578,0.0,0.0,-0.0,2.0,2.0,0.13578,0.2007
summer,2020-06-21,POOL_TOU,9,10,0.34204,0.68753,0.0,-0.0,2.0,2.0,-0.34548999999999996,0.2007
summer,2020-06-21,POOL_TOU,9,11,0.27781,0.85263,0.0,-0.0,2.0,2.0,-0.57482,0.2007
summer,2020-06-21,POOL_TOU,9,12,0.5484199999999999,0.69952,0.0,-0.0,2.0,2.0,-0.15110000000000012,0.2007
summer,2020-06-21,POOL_TOU,9,13,0.19174,0.84565,0.0,0.0,2.0,2.0,-0.65391,0.2007
summer,2020-06-21,POOL_TOU,9,14,0.6133500000000001,0.22808,0.0,0.0,2.0,2.0,0.38527000000000006,0.2007
summer,2020-06-21,POOL_TOU,9,15,1.37166,0.5681499999999999,0.0,-0.0,2.0,2.0,0.8035100000000002,0.2007
summer,2020-06-21,POOL_TOU,9,16,0.28438,0.0,0.0,-0.0,2.0,2.0,0.28438,0.2007
summer,2020-06-21,POOL_TOU,9,17,0.07234,0.90561,0.0,-0.0,2.0,2.0,-0.8332700000000001,0.2007
summer,2020-06-21,POOL_TOU,9,18,0.92298,0.0,0.0,0.0,3.760398841911823,3.760398841911823,0.92298,0.2007
summer,2020-06-21,POOL_TOU,9,19,0.61197,0.0,0.0,-0.0,2.0,2.0,0.61197,0.2007
summer,2020-06-21,POOL_TOU,9,20,0.1427199999999999,0.68753,0.0,-0.0,2.0,2.0,-0.54481,0.2007
summer,2020-06-21,POOL_TOU,9,21,0.01028,0.85263,0.0,-0.0,2.0,2.0,-0.84235,0.2007
summer,2020-06-21,POOL_TOU,9,22,0.18383,0.69952,0.0,-0.0,2.0,2.0,-0.51569,0.2007
summer,2020-06-21,POOL_TOU,9,23,0.94791,0.84565,0.0,0.0,2.0,2.0,0.10226000000000002,0.2007
summer,2020-06-21,POOL_TOU,9,24,1.81924,0.22808,0.0,0.0,2.0,2.0,1.59116,0.2007
summer,2020-06-21,POOL_TOU,9,25,0.44174,0.5681499999999999,0.0,-0.0,2.0,2.0,-0.1264099999999999,0.2007
summer,2020-06-21,POOL_TOU,9,26,0.82265,0.0,0.0,0.0,2.0,2.0,0.82265,0.2007
summer,2020-06-21,POOL_TOU,9,27,0.2773899999999999,0.90561,0.0,-0.0,2.0,2.0,-0.6282200000000001,0.2007
summer,2020-06-21,POOL_TOU,9,28,0.19578,0.0,0.0,0.0,2.0,2.0,0.19578,0.2007
summer,2020-06-21,POOL_TOU,9,29,0.13578,0.0,0.0,-0.0,2.0,2.0,0.13578,0.2007
summer,2020-06-21,POOL_TOU,9,30,0.34204,0.68753,0.0,1.4777600000000009,3.5555368421052638,2.0,-1.8232500000000007,0.2007
summer,2020-06-21,POOL_TOU,9,31,0.27781,0.85263,0.0,-0.0,2.0,2.0,-0.57482,0.2007
summer,2020-06-21,POOL_TOU,9,32,0.5484199999999999,0.69952,0.0,-0.0,2.0,2.0,-0.15110000000000012,0.2007
summer,2020-06-21,POOL_TOU,9,33,0.19174,0.84565,0.0,0.0,2.0,2.0,-0.65391,0.2007
summer,2020-06-21,POOL_TOU,9,34,0.6133500000000001,0.22808,0.0,0.0,2.0,2.0,0.38527000000000006,0.2007
summer,2020-06-21,POOL_TOU,9,35,1.37166,0.5681499999999999,0.0,0.0,2.0,2.0,0.8035100000000002,0.2007
summer,2020-06-21,POOL_TOU,9,36,0.28438,0.0,0.0,0.0,2.0,2.0,0.28438,0.2007
summer,2020-06-21,POOL_TOU,9,37,0.07234,0.90561,0.0,-0.0,2.0,2.0,-0.8332700000000001,0.2007
summer,2020-06-21,POOL_TOU,9,38,0.92298,0.0,0.0,0.0,2.0,2.0,0.92298,0.2007
summer,2020-06-21,POOL_TOU,9,39,0.61197,0.0,0.0,0.0,2.0,2.0,0.61197,0.2007
summer,2020-06-21,POOL_TOU,9,40,0.1427199999999999,0.68753,0.0,0.0,2.0,2.0,-0.54481,0.2007
summer,2020-06-21,POOL_TOU,9,41,0.01028,0.85263,0.0,-0.0,2.0,2.0,-0.84235,0.2007
summer,2020-06-21,POOL_TOU,9,42,0.18383,0.69952,0.0,0.0,2.0,2.0,-0.51569,0.2007
summer,2020-06-21,POOL_TOU,9,43,0.94791,0.84565,0.0,-0.0,2.0,2.0,0.10226000000000002,0.2007
summer,2020-06-21,POOL_TOU,9,44,1.81924,0.22808,0.0,-0.0,2.0,2.0,1.59116,0.2007
summer,2020-06-21,POOL_TOU,9,45,0.44174,0.5681499999999999,0.0,-0.0,2.0,2.0,-0.1264099999999999,0.2007
summer,2020-06-21,POOL_TOU,9,46,0.82265,0.0,0.0,-0.0,2.0,2.0,0.82265,0.2007
summer,2020-06-21,POOL_TOU,9,47,0.2773899999999999,0.90561,0.0,-0.0,2.0,2.0,-0.6282200000000001,0.2007
summer,2020-06-21,POOL_TOU,9,48,0.19578,0.0,0.0,0.0,2.0,2.0,0.19578,0.2007
summer,2020-06-21,POOL_TOU,9,49,0.13578,0.0,0.0,-0.0,2.0,2.0,0.13578,0.2007
summer,2020-06-21,POOL_TOU,9,50,0.34204,0.68753,0.0,-0.0,2.0,2.0,-0.34548999999999996,0.2007
summer,2020-06-21,POOL_TOU,9,51,0.27781,0.85263,0.0,0.0,2.0,2.0,-0.57482,0.2007
summer,2020-06-21,POOL_TOU,9,52,0.5484199999999999,0.69952,0.0,-0.0,2.0,2.0,-0.15110000000000012,0.2007
summer,2020-06-21,POOL_TOU,9,53,0.19174,0.84565,0.0,-0.0,2.0,2.0,-0.65391,0.2007
summer,2020-06-21,POOL_TOU,9,54,0.6133500000000001,0.22808,0.0,0.0,2.0,2.0,0.38527000000000006,0.2007
summer,2020-06-21,POOL_TOU,9,55,1.37166,0.5681499999999999,0.0,-0.0,2.0,2.0,0.8035100000000002,0.2007
summer,2020-06-21,POOL_TOU,10,1,0.05467,1.26439,0.0,-0.0,2.0,2.0,-1.20972,0.2007
summer,2020-06-21,POOL_TOU,10,2,0.99196,1.19374,0.0,-0.0,2.0,2.0,-0.20178000000000007,0.2007
summer,2020-06-21,POOL_TOU,10,3,0.79073,1.37275,0.0,-0.0,2.0,2.0,-0.5820199999999999,0.2007
summer,2020-06-21,POOL_TOU,10,4,1.94167,0.6163200000000001,0.0,-0.0,2.0,2.0,1.3253499999999998,0.2007
summer,2020-06-21,POOL_TOU,10,5,0.60191,0.89997,0.0,-0.0,2.0,2.0,-0.2980600000000001,0.2007
summer,2020-06-21,POOL_TOU,10,6,2.06031,0.0,0.0,-0.0,2.0,2.0,2.06031,0.2007
summer,2020-06-21,POOL_TOU,10,7,0.79353,1.18272,0.0,-0.0,2.0,2.0,-0.38919000000000004,0.2007
summer,2020-06-21,POOL_TOU,10,8,0.44298,0.0,0.0,2.97825,5.135,2.0,-2.53527,0.2007
summer,2020-06-21,POOL_TOU,10,9,0.22865,0.0,0.0,-0.0,2.0,2.0,0.22865,0.2007
summer,2020-06-21,POOL_TOU,10,10,1.0932,1.20529,0.0,-0.0,2.0,2.0,-0.11209000000000002,0.2007
summer,2020-06-21,POOL_TOU,10,11,0.48773,1.26439,0.0,-0.0,2.0,2.0,-0.7766599999999999,0.2007
summer,2020-06-21,POOL_TOU,10,12,0.61291,1.19374,0.0,-0.0,2.0,2.0,-0.5808300000000001,0.2007
summer,2020-06-21,POOL_TOU,10,13,0.26936,1.37275,0.0,-0.0,2.0,2.0,-1.1033899999999999,0.2007
summer,2020-06-21,POOL_TOU,10,14,1.41141,0.6163200000000001,0.0,-0.0,2.0,2.0,0.79509,0.2007
summer,2020-06-21,POOL_TOU,10,15,2.58856,0.89997,0.0,-0.0,2.0,2.0,1.68859,0.2007
summer,2020-06-21,POOL_TOU,10,16,0.27432,0.0,0.0,-0.0,2.0,2.0,0.27432,0.2007
summer,2020-06-21,POOL_TOU,10,17,0.88279,1.18272,0.0,-0.0,2.0,2.0,-0.29993000000000003,0.2007
summer,2020-06-21,POOL_TOU,10,18,1.2133,0.0,0.0,1.6723788998162317,3.760398841911823,2.0,-0.4590788998162316,0.2007
summer,2020-06-21,POOL_TOU,10,19,0.16099,0.0,0.0,-0.0,2.0,2.0,0.16099,0.2007
summer,2020-06-21,POOL_TOU,10,20,0.2510799999999999,1.20529,0.0,-0.0,2.0,2.0,-0.95421,0.2007
summer,2020-06-21,POOL_TOU,10,21,0.05467,1.26439,0.0,-0.0,2.0,2.0,-1.20972,0.2007
summer,2020-06-21,POOL_TOU,10,22,0.99196,1.19374,0.0,-0.0,2.0,2.0,-0.20178000000000007,0.2007
summer,2020-06-21,POOL_TOU,10,23,0.79073,1.37275,0.0,-0.0,2.0,2.0,-0.5820199999999999,0.2007
summer,2020-06-21,POOL_TOU,10,24,1.94167,0.6163200000000001,0.0,-0.0,2.0,2.0,1.3253499999999998,0.2007
summer,2020-06-21,POOL_TOU,10,25,0.60191,0.89997,0.0,-0.0,2.0,2.0,-0.2980600000000001,0.2007
summer,2020-06-21,POOL_TOU,10,26,2.06031,0.0,0.0,-0.0,2.0,2.0,2.06031,0.2007
summer,2020-06-21,POOL_TOU,10,27,0.79353,1.18272,0.0,-0.0,2.0,2.0,-0.38919000000000004,0.2007
summer,2020-06-21,POOL_TOU,10,28,0.44298,0.0,0.0,-0.0,2.0,2.0,0.44298,0.2007
summer,2020-06-21,POOL_TOU,10,29,0.22865,0.0,0.0,-0.0,2.0,2.0,0.22865,0.2007
summer,2020-06-21,POOL_TOU,10,30,1.0932,1.20529,0.0,-0.0,2.0,2.0,-0.11209000000000002,0.2007
summer,2020-06-21,POOL_TOU,10,31,0.48773,1.26439,0.0,-0.0,2.0,2.0,-0.7766599999999999,0.2007
summer,2020-06-21,POOL_TOU,10,32,0.61291,1.19374,0.0,-0.0,2.0,2.0,-0.5808300000000001,0.2007
summer,2020-06-21,POOL_TOU,10,33,0.26936,1.37275,0.0,-0.0,2.0,2.0,-1.1033899999999999,0.2007
summer,2020-06-21,POOL_TOU,10,34,1.41141,0.6163200000000001,0.0,-0.0,2.0,2.0,0.79509,0.2007
summer,2020-06-21,POOL_TOU,10,35,2.58856,0.89997,0.0,0.0,2.0,2.0,1.68859,0.2007
summer,2020-06-21,POOL_TOU,10,36,0.27432,0.0,0.0,-0.0,2.0,2.0,0.27432,0.2007
summer,2020-06-21,POOL_TOU,10,37,0.88279,1.18272,0.0,-0.0,2.0,2.0,-0.29993000000000003,0.2007
summer,2020-06-21,POOL_TOU,10,38,1.2133,0.0,0.0,-0.0,2.0,2.0,1.2133,0.2007
summer,2020-06-21,POOL_TOU,10,39,0.16099,0.0,0.0,-0.0,2.0,2.0,0.16099,0.2007
summer,2020-06-21,POOL_TOU,10,40,0.2510799999999999,1.20529,0.0,-0.0,2.0,2.0,-0.95421,0.2007
summer,2020-06-21,POOL_TOU,10,41,0.05467,1.26439,0.0,-0.0,2.0,2.0,-1.20972,0.2007
summer,2020-06-21,POOL_TOU,10,42,0.99196,1.19374,0.0,-0.0,2.0,2.0,-0.20178000000000007,0.2007
summer,2020-06-21,POOL_TOU,10,43,0.79073,1.37275,0.0,-0.0,2.0,2.0,-0.5820199999999999,0.2007
summer,2020-06-21,POOL_TOU,10,44,1.94167,0.6163200000000001,0.0,-0.0,2.0,2.0,1.3253499999999998,0.2007
summer,2020-06-21,POOL_TOU,10,45,0.60191,0.89997,0.0,-0.0,2.0,2.0,-0.2980600000000001,0.2007
summer,2020-06-21,POOL_TOU,10,46,2.06031,0.0,0.0,-0.0,2.0,2.0,2.06031,0.2007
summer,2020-06-21,POOL_TOU,10,47,0.79353,1.18272,0.0,-0.0,2.0,2.0,-0.38919000000000004,0.2007
summer,2020-06-21,POOL_TOU,10,48,0.44298,0.0,0.0,-0.0,2.0,2.0,0.44298,0.2007
summer,2020-06-21,POOL_TOU,10,49,0.22865,0.0,0.0,-0.0,2.0,2.0,0.22865,0.2007
summer,2020-06-21,POOL_TOU,10,50,1.0932,1.20529,0.0,0.0,2.0,2.0,-0.11209000000000002,0.2007
summer,2020-06-21,POOL_TOU,10,51,0.48773,1.26439,0.0,-0.0,2.0,2.0,-0.7766599999999999,0.2007
summer,2020-06-21,POOL_TOU,10,52,0.61291,1.19374,0.0,-0.0,2.0,2.0,-0.5808300000000001,0.2007
summer,2020-06-21,POOL_TOU,10,53,0.26936,1.37275,0.0,-0.0,2.0,2.0,-1.1033899999999999,0.2007
summer,2020-06-21,POOL_TOU,10,54,1.41141,0.6163200000000001,0.0,-0.0,2.0,2.0,0.79509,0.2007
summer,2020-06-21,POOL_TOU,10,55,2.58856,0.89997,0.0,-0.0,2.0,2.0,1.68859,0.2007
summer,2020-06-21,POOL_TOU,11,1,0.04292,1.84166,0.0,0.0,2.0,2.0,-1.79874,0.2007
summer,2020-06-21,POOL_TOU,11,2,0.93296,1.70629,0.0,0.0,2.0,2.0,-0.7733300000000001,0.2007
summer,2020-06-21,POOL_TOU,11,3,0.29659,1.91747,0.0,0.0,2.0,2.0,-1.62088,0.2007
summer,2020-06-21,POOL_TOU,11,4,0.69151,1.00342,0.0,0.0,2.0,2.0,-0.31191,0.2007
summer,2020-06-21,POOL_TOU,11,5,0.21349,1.3688399999999998,0.0,0.0,2.0,2.0,-1.1553499999999999,0.2007
summer,2020-06-21,POOL_TOU,11,6,2.48479,0.0,0.0,0.0,2.0,2.0,2.48479,0.2007
summer,2020-06-21,POOL_TOU,11,7,0.25995,1.59795,0.0,0.0,2.0,2.0,-1.338,0.2007
summer,2020-06-21,POOL_TOU,11,8,0.62279,0.0,0.93668698060942,0.0,2.0,2.889852631578949,1.55947698060942,0.2007
summer,2020-06-21,POOL_TOU,11,9,0.1877299999999999,0.0,0.0,0.0,2.0,2.0,0.1877299999999999,0.2007
summer,2020-06-21,POOL_TOU,11,10,1.68025,1.5496800000000002,0.0,0.0,2.0,2.0,0.13056999999999985,0.2007
summer,2020-06-21,POOL_TOU,11,11,1.22619,1.84166,0.0,0.0,2.0,2.0,-0.6154700000000002,0.2007
summer,2020-06-21,POOL_TOU,11,12,0.26893,1.70629,0.0,0.0,2.0,2.0,-1.43736,0.2007
summer,2020-06-21,POOL_TOU,11,13,0.24571,1.91747,1.176351052631574,0.0,2.0,3.117533499999995,-0.495408947368426,0.2007
summer,2020-06-21,POOL_TOU,11,14,0.28923,1.00342,0.0,0.0,2.0,2.0,-0.71419,0.2007
summer,2020-06-21,POOL_TOU,11,15,1.91039,1.3688399999999998,0.0,0.0,2.0,2.0,0.5415500000000002,0.2007
summer,2020-06-21,POOL_TOU,11,16,0.8938200000000001,0.0,0.0,0.0,2.0,2.0,0.8938200000000001,0.2007
summer,2020-06-21,POOL_TOU,11,17,0.22405,1.59795,0.0,0.0,2.0,2.0,-1.3739,0.2007
summer,2020-06-21,POOL_TOU,11,18,1.72391,0.0,0.0,0.0,2.0,2.0,1.72391,0.2007
summer,2020-06-21,POOL_TOU,11,19,0.5203300000000001,0.0,0.0,0.0,2.0,2.0,0.5203300000000001,0.2007
summer,2020-06-21,POOL_TOU,11,20,0.2338599999999999,1.5496800000000002,0.0,0.0,2.0,2.0,-1.3158200000000002,0.2007
summer,2020-06-21,POOL_TOU,11,21,0.04292,1.84166,3.3,0.0,2.0,5.135,1.5012599999999998,0.2007
summer,2020-06-21,POOL_TOU,11,22,0.93296,1.70629,0.0,0.0,2.0,2.0,-0.7733300000000001,0.2007
summer,2020-06-21,POOL_TOU,11,23,0.29659,1.91747,3.3,0.0,2.0,5.135,1.6791199999999997,0.2007
summer,2020-06-21,POOL_TOU,11,24,0.69151,1.00342,0.0,0.0,2.0,2.0,-0.31191,0.2007
summer,2020-06-21,POOL_TOU,11,25,0.21349,1.3688399999999998,-0.0,0.0,2.0,2.0,-1.1553499999999999,0.2007
summer,2020-06-21,POOL_TOU,11,26,2.48479,0.0,0.0,0.0,2.0,2.0,2.48479,0.2007
summer,2020-06-21,POOL_TOU,11,27,0.25995,1.59795,0.0,0.0,2.0,2.0,-1.338,0.2007
summer,2020-06-21,POOL_TOU,11,28,0.62279,0.0,0.0,0.0,2.0,2.0,0.62279,0.2007
summer,2020-06-21,POOL_TOU,11,29,0.1877299999999999,0.0,0.0,0.0,2.0,2.0,0.1877299999999999,0.2007
summer,2020-06-21,POOL_TOU,11,30,1.68025,1.5496800000000002,0.0,0.0,2.0,2.0,0.13056999999999985,0.2007
summer,2020-06-21,POOL_TOU,11,31,1.22619,1.84166,0.0,0.0,2.0,2.0,-0.6154700000000002,0.2007
summer,2020-06-21,POOL_TOU,11,32,0.26893,1.70629,0.0,0.0,2.0,2.0,-1.43736,0.2007
summer,2020-06-21,POOL_TOU,11,33,0.24571,1.91747,0.0,0.0,2.0,2.0,-1.67176,0.2007
summer,2020-06-21,POOL_TOU,11,34,0.28923,1.00342,0.0,0.0,2.0,2.0,-0.71419,0.2007
summer,2020-06-21,POOL_TOU,11,35,1.91039,1.3688399999999998,0.0,0.0,2.0,2.0,0.5415500000000002,0.2007
summer,2020-06-21,POOL_TOU,11,36,0.8938200000000001,0.0,0.0,0.0,2.0,2.0,0.8938200000000001,0.2007
summer,2020-06-21,POOL_TOU,11,37,0.22405,1.59795,0.0,0.0,2.0,2.0,-1.3739,0.2007
summer,2020-06-21,POOL_TOU,11,38,1.72391,0.0,0.0,0.0,2.0,2.0,1.72391,0.2007
summer,2020-06-21,POOL_TOU,11,39,0.5203300000000001,0.0,0.7130193905817164,0.0,2.0,2.6773684210526305,1.2333493905817163,0.2007
summer,2020-06-21,POOL_TOU,11,40,0.2338599999999999,1.5496800000000002,0.0,0.0,2.0,2.0,-1.3158200000000002,0.2007
summer,2020-06-21,POOL_TOU,11,41,0.04292,1.84166,0.0,0.0,2.0,2.0,-1.79874,0.2007
summer,2020-06-21,POOL_TOU,11,42,0.93296,1.70629,-0.0,0.0,2.0,2.0,-0.7733300000000001,0.2007
summer,2020-06-21,POOL_TOU,11,43,0.29659,1.91747,0.0,0.0,2.0,2.0,-1.62088,0.2007
summer,2020-06-21,POOL_TOU,11,44,0.69151,1.00342,0.0,0.0,2.0,2.0,-0.31191,0.2007
summer,2020-06-21,POOL_TOU,11,45,0.21349,1.3688399999999998,0.0,0.0,2.0,2.0,-1.1553499999999999,0.2007
summer,2020-06-21,POOL_TOU,11,46,2.48479,0.0,0.0,0.0,2.0,2.0,2.48479,0.2007
summer,2020-06-21,POOL_TOU,11,47,0.25995,1.59795,3.3,0.0,2.0,5.135,1.9619999999999997,0.2007
summer,2020-06-21,POOL_TOU,11,48,0.62279,0.0,0.0,0.0,2.0,2.0,0.62279,0.2007
summer,2020-06-21,POOL_TOU,11,49,0.1877299999999999,0.0,0.0,0.0,2.0,2.0,0.1877299999999999,0.2007
summer,2020-06-21,POOL_TOU,11,50,1.68025,1.5496800000000002,0.0,0.0,2.0,2.0,0.13056999999999985,0.2007
summer,2020-06-21,POOL_TOU,11,51,1.22619,1.84166,-0.0,0.0,2.0,2.0,-0.6154700000000002,0.2007
summer,2020-06-21,POOL_TOU,11,52,0.26893,1.70629,0.0,0.0,2.0,2.0,-1.43736,0.2007
summer,2020-06-21,POOL_TOU,11,53,0.24571,1.91747,-0.0,0.0,2.0,2.0,-1.67176,0.2007
summer,2020-06-21,POOL_TOU,11,54,0.28923,1.00342,-0.0,0.0,2.0,2.0,-0.71419,0.2007
summer,2020-06-21,POOL_TOU,11,55,1.91039,1.3688399999999998,0.0,0.0,2.0,2.0,0.5415500000000002,0.2007
summer,2020-06-21,POOL_TOU,12,1,0.0277,2.0318799999999997,0.0,0.0,2.0,2.0,-2.00418,0.2007
summer,2020-06-21,POOL_TOU,12,2,0.17612,1.98616,-0.0,0.0,2.0,2.0,-1.8100399999999999,0.2007
summer,2020-06-21,POOL_TOU,12,3,1.07859,1.99725,0.0,0.0,2.0,2.0,-0.91866,0.2007
summer,2020-06-21,POOL_TOU,12,4,1.22012,0.3937,0.0,0.0,2.0,2.0,0.8264200000000002,0.2007
summer,2020-06-21,POOL_TOU,12,5,0.19777,1.70667,0.0,0.0,2.0,2.0,-1.5089,0.2007
summer,2020-06-21,POOL_TOU,12,6,1.58424,0.0,3.3,0.0,2.0,5.135,4.88424,0.2007
summer,2020-06-21,POOL_TOU,12,7,0.55131,1.66349,0.0,0.0,2.0,2.0,-1.11218,0.2007
summer,2020-06-21,POOL_TOU,12,8,0.25932,0.0,0.0,0.0,2.889852631578949,2.889852631578949,0.25932,0.2007
summer,2020-06-21,POOL_TOU,12,9,0.17653,0.0,0.0,0.0,2.0,2.0,0.17653,0.2007
summer,2020-06-21,POOL_TOU,12,10,0.2956,1.60814,0.0,0.0,2.0,2.0,-1.3125399999999998,0.2007
summer,2020-06-21,POOL_TOU,12,11,0.43975,2.0318799999999997,0.0,0.0,2.0,2.0,-1.5921299999999996,0.2007
summer,2020-06-21,POOL_TOU,12,12,0.40658,1.98616,0.0,0.0,2.0,2.0,-1.57958,0.2007
summer,2020-06-21,POOL_TOU,12,13,0.2006399999999999,1.99725,3.3,0.0,3.117533499999995,6.252533499999995,1.5033899999999998,0.2007
summer,2020-06-21,POOL_TOU,12,14,0.23521,0.3937,3.3,0.0,2.0,5.135,3.14151,0.2007
summer,2020-06-21,POOL_TOU,12,15,1.91623,1.70667,0.0,0.0,2.0,2.0,0.2095600000000002,0.2007
summer,2020-06-21,POOL_TOU,12,16,1.20826,0.0,0.0,0.0,2.0,2.0,1.20826,0.2007
summer,2020-06-21,POOL_TOU,12,17,1.8398,1.66349,0.0,0.0,2.0,2.0,0.1763100000000002,0.2007
summer,2020-06-21,POOL_TOU,12,18,0.45758,0.0,0.0,0.0,2.0,2.0,0.45758,0.2007
summer,2020-06-21,POOL_TOU,12,19,0.68621,0.0,0.0,0.0,2.0,2.0,0.68621,0.2007
summer,2020-06-21,POOL_TOU,12,20,0.52547,1.60814,0.0,0.0,2.0,2.0,-1.0826699999999998,0.2007
summer,2020-06-21,POOL_TOU,12,21,0.0277,2.0318799999999997,3.3,0.0,5.135,8.27,1.29582,0.2007
summer,2020-06-21,POOL_TOU,12,22,0.17612,1.98616,0.4669111357340574,0.0,2.0,2.4435655789473545,-1.3431288642659425,0.2007
summer,2020-06-21,POOL_TOU,12,23,1.07859,1.99725,0.0,0.0,5.135,5.135,-0.91866,0.2007
summer,2020-06-21,POOL_TOU,12,24,1.22012,0.3937,0.0,0.0,2.0,2.0,0.8264200000000002,0.2007
summer,2020-06-21,POOL_TOU,12,25,0.19777,1.70667,0.0,0.0,2.0,2.0,-1.5089,0.2007
summer,2020-06-21,POOL_TOU,12,26,1.58424,0.0,0.0,0.0,2.0,2.0,1.58424,0.2007
summer,2020-06-21,POOL_TOU,12,27,0.55131,1.66349,3.3,0.0,2.0,5.135,2.18782,0.2007
summer,2020-06-21,POOL_TOU,12,28,0.25932,0.0,0.0,0.0,2.0,2.0,0.25932,0.2007
summer,2020-06-21,POOL_TOU,12,29,0.17653,0.0,0.0,0.0,2.0,2.0,0.17653,0.2007
summer,2020-06-21,POOL_TOU,12,30,0.2956,1.60814,2.4534288642659385,0.0,2.0,4.330757421052642,1.1408888642659387,0.2007
summer,2020-06-21,POOL_TOU,12,31,0.43975,2.0318799999999997,0.0,0.0,2.0,2.0,-1.5921299999999996,0.2007
summer,2020-06-21,POOL_TOU,12,32,0.40658,1.98616,-0.0,0.0,2.0,2.0,-1.57958,0.2007
summer,2020-06-21,POOL_TOU,12,33,0.2006399999999999,1.99725,0.0,0.0,2.0,2.0,-1.79661,0.2007
summer,2020-06-21,POOL_TOU,12,34,0.23521,0.3937,0.0,0.0,2.0,2.0,-0.15849,0.2007
summer,2020-06-21,POOL_TOU,12,35,1.91623,1.70667,0.0,0.0,2.0,2.0,0.2095600000000002,0.2007
summer,2020-06-21,POOL_TOU,12,36,1.20826,0.0,0.0,0.0,2.0,2.0,1.20826,0.2007
summer,2020-06-21,POOL_TOU,12,37,1.8398,1.66349,0.0,0.0,2.0,2.0,0.1763100000000002,0.2007
summer,2020-06-21,POOL_TOU,12,38,0.45758,0.0,0.0,0.0,2.0,2.0,0.45758,0.2007
summer,2020-06-21,POOL_TOU,12,39,0.68621,0.0,3.3,0.0,2.6773684210526305,5.81236842105263,3.98621,0.2007
summer,2020-06-21,POOL_TOU,12,40,0.52547,1.60814,0.0,0.0,2.0,2.0,-1.0826699999999998,0.2007
summer,2020-06-21,POOL_TOU,12,41,0.0277,2.0318799999999997,3.3,0.0,2.0,5.135,1.29582,0.2007
summer,2020-06-21,POOL_TOU,12,42,0.17612,1.98616,0.0,0.0,2.0,2.0,-1.8100399999999999,0.2007
summer,2020-06-21,POOL_TOU,12,43,1.07859,1.99725,0.0,0.0,2.0,2.0,-0.91866,0.2007
summer,2020-06-21,POOL_TOU,12,44,1.22012,0.3937,0.0,0.0,2.0,2.0,0.8264200000000002,0.2007
summer,2020-06-21,POOL_TOU,12,45,0.19777,1.70667,0.0,0.0,2.0,2.0,-1.5089,0.2007
summer,2020-06-21,POOL_TOU,12,46,1.58424,0.0,0.0,0.0,2.0,2.0,1.58424,0.2007
summer,2020-06-21,POOL_TOU,12,47,0.55131,1.66349,0.0,0.0,5.135,5.135,-1.11218,0.2007
summer,2020-06-21,POOL_TOU,12,48,0.25932,0.0,0.0,0.0,2.0,2.0,0.25932,0.2007
summer,2020-06-21,POOL_TOU,12,49,0.17653,0.0,0.0,0.0,2.0,2.0,0.17653,0.2007
summer,2020-06-21,POOL_TOU,12,50,0.2956,1.60814,0.0,0.0,2.0,2.0,-1.3125399999999998,0.2007
summer,2020-06-21,POOL_TOU,12,51,0.43975,2.0318799999999997,0.0,0.0,2.0,2.0,-1.5921299999999996,0.2007
summer,2020-06-21,POOL_TOU,12,52,0.40658,1.98616,0.0,0.0,2.0,2.0,-1.57958,0.2007
summer,2020-06-21,POOL_TOU,12,53,0.2006399999999999,1.99725,0.0,0.0,2.0,2.0,-1.79661,0.2007
summer,2020-06-21,POOL_TOU,12,54,0.23521,0.3937,-0.0,0.0,2.0,2.0,-0.15849,0.2007
summer,2020-06-21,POOL_TOU,12,55,1.91623,1.70667,3.3,0.0,2.0,5.135,3.50956,0.2007
summer,2020-06-21,POOL_TOU,13,1,0.07388,1.83276,0.0,0.0,2.0,2.0,-1.75888,0.2007
summer,2020-06-21,POOL_TOU,13,2,0.15056,1.68554,3.3,0.0,2.0,5.135,1.7650199999999998,0.2007
summer,2020-06-21,POOL_TOU,13,3,0.4761499999999999,1.63625,1.4424875346260424,0.0,2.0,3.37036315789474,0.28238753462604227,0.2007
summer,2020-06-21,POOL_TOU,13,4,1.7625,1.12049,0.0,0.0,2.0,2.0,0.64201,0.2007
summer,2020-06-21,POOL_TOU,13,5,0.3400899999999999,1.75228,0.0,0.0,2.0,2.0,-1.4121900000000003,0.2007
summer,2020-06-21,POOL_TOU,13,6,0.49669,0.0,0.0,0.0,5.135,5.135,0.49669,0.2007
summer,2020-06-21,POOL_TOU,13,7,0.27386,1.50448,0.0,0.0,2.0,2.0,-1.23062,0.2007
summer,2020-06-21,POOL_TOU,13,8,0.48837,0.0,0.0,0.0,2.889852631578949,2.889852631578949,0.48837,0.2007
summer,2020-06-21,POOL_TOU,13,9,0.23016,0.0,0.0,0.0,2.0,2.0,0.23016,0.2007
summer,2020-06-21,POOL_TOU,13,10,0.87991,1.59221,0.0,0.0,2.0,2.0,-0.7122999999999999,0.2007
summer,2020-06-21,POOL_TOU,13,11,0.85065,1.83276,3.3,0.0,2.0,5.135,2.31789,0.2007
summer,2020-06-21,POOL_TOU,13,12,0.34324,1.68554,0.0,0.0,2.0,2.0,-1.3423,0.2007
summer,2020-06-21,POOL_TOU,13,13,0.29884,1.63625,0.0,0.0,6.252533499999995,6.252533499999995,-1.33741,0.2007
summer,2020-06-21,POOL_TOU,13,14,0.30482,1.12049,0.0,0.0,5.135,5.135,-0.81567,0.2007
summer,2020-06-21,POOL_TOU,13,15,0.7667999999999999,1.75228,0.0,0.0,2.0,2.0,-0.9854800000000001,0.2007
summer,2020-06-21,POOL_TOU,13,16,0.31185,0.0,3.3,0.0,2.0,5.135,3.61185,0.2007
summer,2020-06-21,POOL_TOU,13,17,1.20263,1.50448,0.0,0.0,2.0,2.0,-0.30184999999999995,0.2007
summer,2020-06-21,POOL_TOU,13,18,1.0459,0.0,0.0,0.0,2.0,2.0,1.0459,0.2007
summer,2020-06-21,POOL_TOU,13,19,0.28948,0.0,0.0,0.0,2.0,2.0,0.28948,0.2007
summer,2020-06-21,POOL_TOU,13,20,0.25112,1.59221,0.0,0.0,2.0,2.0,-1.34109,0.2007
summer,2020-06-21,POOL_TOU,13,21,0.07388,1.83276,0.0,0.0,8.27,8.27,-1.75888,0.2007
summer,2020-06-21,POOL_TOU,13,22,0.15056,1.68554,3.3,0.0,2.4435655789473545,5.578565578947354,1.7650199999999998,0.2007
summer,2020-06-21,POOL_TOU,13,23,0.4761499999999999,1.63625,0.0,0.0,5.135,5.135,-1.1601000000000001,0.2007
summer,2020-06-21,POOL_TOU,13,24,1.7625,1.12049,3.3,0.0,2.0,5.135,3.94201,0.2007
summer,2020-06-21,POOL_TOU,13,25,0.3400899999999999,1.75228,0.0,0.0,2.0,2.0,-1.4121900000000003,0.2007
summer,2020-06-21,POOL_TOU,13,26,0.49669,0.0,0.0,0.0,2.0,2.0,0.49669,0.2007
summer,2020-06-21,POOL_TOU,13,27,0.27386,1.50448,3.3,0.0,5.135,8.27,2.0693799999999998,0.2007
summer,2020-06-21,POOL_TOU,13,28,0.48837,0.0,0.0,0.0,2.0,2.0,0.48837,0.2007
summer,2020-06-21,POOL_TOU,13,29,0.23016,0.0,0.0,0.0,2.0,2.0,0.23016,0.2007
summer,2020-06-21,POOL_TOU,13,30,0.87991,1.59221,0.0,0.0,4.330757421052642,4.330757421052642,-0.7122999999999999,0.2007
summer,2020-06-21,POOL_TOU,13,31,0.85065,1.83276,0.0,0.0,2.0,2.0,-0.9821099999999999,0.2007
summer,2020-06-21,POOL_TOU,13,32,0.34324,1.68554,0.0,0.0,2.0,2.0,-1.3423,0.2007
summer,2020-06-21,POOL_TOU,13,33,0.29884,1.63625,0.0,0.0,2.0,2.0,-1.33741,0.2007
summer,2020-06-21,POOL_TOU,13,34,0.30482,1.12049,0.0,0.0,2.0,2.0,-0.81567,0.2007
summer,2020-06-21,POOL_TOU,13,35,0.7667999999999999,1.75228,0.0,0.0,2.0,2.0,-0.9854800000000001,0.2007
summer,2020-06-21,POOL_TOU,13,36,0.31185,0.0,0.0,0.0,2.0,2.0,0.31185,0.2007
summer,2020-06-21,POOL_TOU,13,37,1.20263,1.50448,0.0,0.0,2.0,2.0,-0.30184999999999995,0.2007
summer,2020-06-21,POOL_TOU,13,38,1.0459,0.0,0.0,0.0,2.0,2.0,1.0459,0.2007
summer,2020-06-21,POOL_TOU,13,39,0.28948,0.0,0.0,0.0,5.81236842105263,5.81236842105263,0.28948,0.2007
summer,2020-06-21,POOL_TOU,13,40,0.25112,1.59221,3.3,0.0,2.0,5.135,1.95891,0.2007
summer,2020-06-21,POOL_TOU,13,41,0.07388,1.83276,0.0,0.0,5.135,5.135,-1.75888,0.2007
summer,2020-06-21,POOL_TOU,13,42,0.15056,1.68554,3.3,0.0,2.0,5.135,1.7650199999999998,0.2007
summer,2020-06-21,POOL_TOU,13,43,0.4761499999999999,1.63625,0.0,0.0,2.0,2.0,-1.1601000000000001,0.2007
summer,2020-06-21,POOL_TOU,13,44,1.7625,1.12049,0.0,0.0,2.0,2.0,0.64201,0.2007
summer,2020-06-21,POOL_TOU,13,45,0.3400899999999999,1.75228,0.0,0.0,2.0,2.0,-1.4121900000000003,0.2007
summer,2020-06-21,POOL_TOU,13,46,0.49669,0.0,0.0,0.0,2.0,2.0,0.49669,0.2007
summer,2020-06-21,POOL_TOU,13,47,0.27386,1.50448,0.0,0.0,5.135,5.135,-1.23062,0.2007
summer,2020-06-21,POOL_TOU,13,48,0.48837,0.0,0.0,0.0,2.0,2.0,0.48837,0.2007
summer,2020-06-21,POOL_TOU,13,49,0.23016,0.0,0.0,0.0,2.0,2.0,0.23016,0.2007
summer,2020-06-21,POOL_TOU,13,50,0.87991,1.59221,0.0,0.0,2.0,2.0,-0.7122999999999999,0.2007
summer,2020-06-21,POOL_TOU,13,51,0.85065,1.83276,0.0,0.0,2.0,2.0,-0.9821099999999999,0.2007
summer,2020-06-21,POOL_TOU,13,52,0.34324,1.68554,-0.0,0.0,2.0,2.0,-1.3423,0.2007
summer,2020-06-21,POOL_TOU,13,53,0.29884,1.63625,3.3,0.0,2.0,5.135,1.9625899999999998,0.2007
summer,2020-06-21,POOL_TOU,13,54,0.30482,1.12049,3.093362465373954,0.0,2.0,4.938694342105256,2.277692465373954,0.2007
summer,2020-06-21,POOL_TOU,13,55,0.7667999999999999,1.75228,0.0,0.0,5.135,5.135,-0.9854800000000001,0.2007
summer,2020-06-21,POOL_TOU,14,1,0.02667,1.73202,0.0,0.0,2.0,2.0,-1.70535,0.2007
summer,2020-06-21,POOL_TOU,14,2,0.0954,1.97571,0.0,0.0,5.135,5.135,-1.8803100000000001,0.2007
summer,2020-06-21,POOL_TOU,14,3,0.40191,1.72143,0.0,0.0,3.37036315789474,3.37036315789474,-1.31952,0.2007
summer,2020-06-21,POOL_TOU,14,4,1.21959,1.3656700000000002,0.0,0.0,2.0,2.0,-0.1460800000000002,0.2007
summer,2020-06-21,POOL_TOU,14,5,0.28446,1.91584,0.0,0.0,2.0,2.0,-1.63138,0.2007
summer,2020-06-21,POOL_TOU,14,6,0.2957599999999999,0.0,3.3,0.0,5.135,8.27,3.59576,0.2007
summer,2020-06-21,POOL_TOU,14,7,0.14924,1.53975,0.0,0.0,2.0,2.0,-1.39051,0.2007
summer,2020-06-21,POOL_TOU,14,8,0.23483,0.0,0.0,0.0,2.889852631578949,2.889852631578949,0.23483,0.2007
summer,2020-06-21,POOL_TOU,14,9,0.22984,0.0,0.0,0.0,2.0,2.0,0.22984,0.2007
summer,2020-06-21,POOL_TOU,14,10,0.4266399999999999,1.59554,0.0,0.0,2.0,2.0,-1.1689,0.2007
summer,2020-06-21,POOL_TOU,14,11,0.93099,1.73202,0.0,0.0,5.135,5.135,-0.8010299999999999,0.2007
summer,2020-06-21,POOL_TOU,14,12,1.49163,1.97571,0.0,0.0,2.0,2.0,-0.48408000000000007,0.2007
summer,2020-06-21,POOL_TOU,14,13,0.23748,1.72143,3.3,0.0,6.252533499999995,9.387533499999995,1.8160499999999997,0.2007
summer,2020-06-21,POOL_TOU,14,14,0.22351,1.3656700000000002,0.3565096952908582,0.0,5.135,5.473684210526315,-0.7856503047091419,0.2007
summer,2020-06-21,POOL_TOU,14,15,0.88505,1.91584,0.0,0.0,2.0,2.0,-1.03079,0.2007
summer,2020-06-21,POOL_TOU,14,16,0.30057,0.0,0.0,0.0,5.135,5.135,0.30057,0.2007
summer,2020-06-21,POOL_TOU,14,17,0.27165,1.53975,0.0,0.0,2.0,2.0,-1.2681,0.2007
summer,2020-06-21,POOL_TOU,14,18,1.16057,0.0,0.0,0.0,2.0,2.0,1.16057,0.2007
summer,2020-06-21,POOL_TOU,14,19,0.3450899999999999,0.0,0.0,0.0,2.0,2.0,0.3450899999999999,0.2007
summer,2020-06-21,POOL_TOU,14,20,0.27072,1.59554,0.0,0.0,2.0,2.0,-1.3248199999999999,0.2007
summer,2020-06-21,POOL_TOU,14,21,0.02667,1.73202,0.0,0.0,8.27,8.27,-1.70535,0.2007
summer,2020-06-21,POOL_TOU,14,22,0.0954,1.97571,0.0,0.0,5.578565578947354,5.578565578947354,-1.8803100000000001,0.2007
summer,2020-06-21,POOL_TOU,14,23,0.40191,1.72143,0.0,0.0,5.135,5.135,-1.31952,0.2007
summer,2020-06-21,POOL_TOU,14,24,1.21959,1.3656700000000002,0.0,0.0,5.135,5.135,-0.1460800000000002,0.2007
summer,2020-06-21,POOL_TOU,14,25,0.28446,1.91584,3.3,0.0,2.0,5.135,1.6686199999999998,0.2007
summer,2020-06-21,POOL_TOU,14,26,0.2957599999999999,0.0,0.0,0.0,2.0,2.0,0.2957599999999999,0.2007
summer,2020-06-21,POOL_TOU,14,27,0.14924,1.53975,0.7130193905817164,0.0,8.27,8.94736842105263,-0.6774906094182835,0.2007
summer,2020-06-21,POOL_TOU,14,28,0.23483,0.0,0.0,0.0,2.0,2.0,0.23483,0.2007
summer,2020-06-21,POOL_TOU,14,29,0.22984,0.0,3.3,0.0,2.0,5.135,3.5298399999999996,0.2007
summer,2020-06-21,POOL_TOU,14,30,0.4266399999999999,1.59554,3.3,0.0,4.330757421052642,7.465757421052642,2.1311,0.2007
summer,2020-06-21,POOL_TOU,14,31,0.93099,1.73202,0.0,0.0,2.0,2.0,-0.8010299999999999,0.2007
summer,2020-06-21,POOL_TOU,14,32,1.49163,1.97571,0.0,0.0,2.0,2.0,-0.48408000000000007,0.2007
summer,2020-06-21,POOL_TOU,14,33,0.23748,1.72143,3.3,0.0,2.0,5.135,1.8160499999999997,0.2007
summer,2020-06-21,POOL_TOU,14,34,0.22351,1.3656700000000002,0.0,0.0,2.0,2.0,-1.14216,0.2007
summer,2020-06-21,POOL_TOU,14,35,0.88505,1.91584,0.0,0.0,2.0,2.0,-1.03079,0.2007
summer,2020-06-21,POOL_TOU,14,36,0.30057,0.0,3.3,0.0,2.0,5.135,3.60057,0.2007
summer,2020-06-21,POOL_TOU,14,37,0.27165,1.53975,0.0,0.0,2.0,2.0,-1.2681,0.2007
summer,2020-06-21,POOL_TOU,14,38,1.16057,0.0,3.3,0.0,2.0,5.135,4.46057,0.2007
summer,2020-06-21,POOL_TOU,14,39,0.3450899999999999,0.0,3.3,0.0,5.81236842105263,8.94736842105263,3.6450899999999997,0.2007
summer,2020-06-21,POOL_TOU,14,40,0.27072,1.59554,0.0,0.0,5.135,5.135,-1.3248199999999999,0.2007
summer,2020-06-21,POOL_TOU,14,41,0.02667,1.73202,1.1747409141274257,0.0,5.135,6.251003868421054,-0.5306090858725743,0.2007
summer,2020-06-21,POOL_TOU,14,42,0.0954,1.97571,0.0,0.0,5.135,5.135,-1.8803100000000001,0.2007
summer,2020-06-21,POOL_TOU,14,43,0.40191,1.72143,0.0,0.0,2.0,2.0,-1.31952,0.2007
summer,2020-06-21,POOL_TOU,14,44,1.21959,1.3656700000000002,0.0,0.0,2.0,2.0,-0.1460800000000002,0.2007
summer,2020-06-21,POOL_TOU,14,45,0.28446,1.91584,0.0,0.0,2.0,2.0,-1.63138,0.2007
summer,2020-06-21,POOL_TOU,14,46,0.2957599999999999,0.0,3.3,0.0,2.0,5.135,3.59576,0.2007
summer,2020-06-21,POOL_TOU,14,47,0.14924,1.53975,3.3,0.0,5.135,8.27,1.90949,0.2007
summer,2020-06-21,POOL_TOU,14,48,0.23483,0.0,0.0,0.0,2.0,2.0,0.23483,0.2007
summer,2020-06-21,POOL_TOU,14,49,0.22984,0.0,0.0,0.0,2.0,2.0,0.22984,0.2007
summer,2020-06-21,POOL_TOU,14,50,0.4266399999999999,1.59554,0.0,0.0,2.0,2.0,-1.1689,0.2007
summer,2020-06-21,POOL_TOU,14,51,0.93099,1.73202,0.0,0.0,2.0,2.0,-0.8010299999999999,0.2007
summer,2020-06-21,POOL_TOU,14,52,1.49163,1.97571,0.0,0.0,2.0,2.0,-0.48408000000000007,0.2007
summer,2020-06-21,POOL_TOU,14,53,0.23748,1.72143,3.3,0.0,5.135,8.27,1.8160499999999997,0.2007
summer,2020-06-21,POOL_TOU,14,54,0.22351,1.3656700000000002,0.0,0.0,4.938694342105256,4.938694342105256,-1.14216,0.2007
summer,2020-06-21,POOL_TOU,14,55,0.88505,1.91584,0.0,0.0,5.135,5.135,-1.03079,0.2007
summer,2020-06-21,POOL_TOU,15,1,0.06323,1.5239200000000002,0.0,0.0,2.0,2.0,-1.4606900000000003,0.2007
summer,2020-06-21,POOL_TOU,15,2,0.25489,1.84454,0.0,0.0,5.135,5.135,-1.58965,0.2007
summer,2020-06-21,POOL_TOU,15,3,0.3109599999999999,1.48268,0.0,0.0,3.37036315789474,3.37036315789474,-1.17172,0.2007
summer,2020-06-21,POOL_TOU,15,4,0.2186,1.37696,0.0,0.0,2.0,2.0,-1.15836,0.2007
summer,2020-06-21,POOL_TOU,15,5,0.27579,1.44584,3.3,0.0,2.0,5.135,2.12995,0.2007
summer,2020-06-21,POOL_TOU,15,6,0.5830599999999999,0.0,1.821052631578948,0.0,8.27,10.0,2.404112631578948,0.2007
summer,2020-06-21,POOL_TOU,15,7,0.23527,1.27932,0.0,0.0,2.0,2.0,-1.04405,0.2007
summer,2020-06-21,POOL_TOU,15,8,0.21628,0.0,0.0,0.0,2.889852631578949,2.889852631578949,0.21628,0.2007
summer,2020-06-21,POOL_TOU,15,9,0.2282,0.0,0.0,0.0,2.0,2.0,0.2282,0.2007
summer,2020-06-21,POOL_TOU,15,10,0.17695,1.15843,0.0,0.0,2.0,2.0,-0.9814800000000001,0.2007
summer,2020-06-21,POOL_TOU,15,11,0.25718,1.5239200000000002,0.3565096952908582,0.0,5.135,5.473684210526315,-0.910230304709142,0.2007
summer,2020-06-21,POOL_TOU,15,12,0.60478,1.84454,0.0,0.0,2.0,2.0,-1.23976,0.2007
summer,2020-06-21,POOL_TOU,15,13,0.30273,1.48268,0.6447015789473739,0.0,9.387533499999995,10.0,-0.5352484210526262,0.2007
summer,2020-06-21,POOL_TOU,15,14,0.24155,1.37696,0.0,0.0,5.473684210526315,5.473684210526315,-1.13541,0.2007
summer,2020-06-21,POOL_TOU,15,15,0.52461,1.44584,0.0,0.0,2.0,2.0,-0.92123,0.2007
summer,2020-06-21,POOL_TOU,15,16,1.57097,0.0,0.0,0.0,5.135,5.135,1.57097,0.2007
summer,2020-06-21,POOL_TOU,15,17,0.22131,1.27932,3.3,0.0,2.0,5.135,2.24199,0.2007
summer,2020-06-21,POOL_TOU,15,18,1.24725,0.0,0.0,0.0,2.0,2.0,1.24725,0.2007
summer,2020-06-21,POOL_TOU,15,19,0.27164,0.0,3.3,0.0,2.0,5.135,3.57164,0.2007
summer,2020-06-21,POOL_TOU,15,20,0.38018,1.15843,0.0,0.0,2.0,2.0,-0.7782500000000001,0.2007
summer,2020-06-21,POOL_TOU,15,21,0.06323,1.5239200000000002,0.0,0.0,8.27,8.27,-1.4606900000000003,0.2007
summer,2020-06-21,POOL_TOU,15,22,0.25489,1.84454,0.0,0.0,5.578565578947354,5.578565578947354,-1.58965,0.2007
summer,2020-06-21,POOL_TOU,15,23,0.3109599999999999,1.48268,0.0,0.0,5.135,5.135,-1.17172,0.2007
summer,2020-06-21,POOL_TOU,15,24,0.2186,1.37696,0.0,0.0,5.135,5.135,-1.15836,0.2007
summer,2020-06-21,POOL_TOU,15,25,0.27579,1.44584,3.3,0.0,5.135,8.27,2.12995,0.2007
summer,2020-06-21,POOL_TOU,15,26,0.5830599999999999,0.0,0.0,0.0,2.0,2.0,0.5830599999999999,0.2007
summer,2020-06-21,POOL_TOU,15,27,0.23527,1.27932,0.0,0.0,8.94736842105263,8.94736842105263,-1.04405,0.2007
summer,2020-06-21,POOL_TOU,15,28,0.21628,0.0,0.0,0.0,2.0,2.0,0.21628,0.2007
summer,2020-06-21,POOL_TOU,15,29,0.2282,0.0,0.0,0.0,5.135,5.135,0.2282,0.2007
summer,2020-06-21,POOL_TOU,15,30,0.17695,1.15843,2.667623767313009,0.0,7.465757421052642,10.0,1.6861437673130089,0.2007
summer,2020-06-21,POOL_TOU,15,31,0.25718,1.5239200000000002,0.0,0.0,2.0,2.0,-1.2667400000000002,0.2007
summer,2020-06-21,POOL_TOU,15,32,0.60478,1.84454,3.3,0.0,2.0,5.135,2.06024,0.2007
summer,2020-06-21,POOL_TOU,15,33,0.30273,1.48268,0.0,0.0,5.135,5.135,-1.17995,0.2007
summer,2020-06-21,POOL_TOU,15,34,0.24155,1.37696,0.0,0.0,2.0,2.0,-1.13541,0.2007
summer,2020-06-21,POOL_TOU,15,35,0.52461,1.44584,0.0,0.0,2.0,2.0,-0.92123,0.2007
summer,2020-06-21,POOL_TOU,15,36,1.57097,0.0,0.3565096952908582,0.0,5.135,5.473684210526315,1.9274796952908582,0.2007
summer,2020-06-21,POOL_TOU,15,37,0.22131,1.27932,3.3,0.0,2.0,5.135,2.24199,0.2007
summer,2020-06-21,POOL_TOU,15,38,1.24725,0.0,3.3,0.0,5.135,8.27,4.54725,0.2007
summer,2020-06-21,POOL_TOU,15,39,0.27164,0.0,0.0,0.0,8.94736842105263,8.94736842105263,0.27164,0.2007
summer,2020-06-21,POOL_TOU,15,40,0.38018,1.15843,0.0,0.0,5.135,5.135,-0.7782500000000001,0.2007
summer,2020-06-21,POOL_TOU,15,41,0.06323,1.5239200000000002,0.0,0.0,6.251003868421054,6.251003868421054,-1.4606900000000003,0.2007
summer,2020-06-21,POOL_TOU,15,42,0.25489,1.84454,0.0,0.0,5.135,5.135,-1.58965,0.2007
summer,2020-06-21,POOL_TOU,15,43,0.3109599999999999,1.48268,0.0,0.0,2.0,2.0,-1.17172,0.2007
summer,2020-06-21,POOL_TOU,15,44,0.2186,1.37696,0.0,0.0,2.0,2.0,-1.15836,0.2007
summer,2020-06-21,POOL_TOU,15,45,0.27579,1.44584,0.0,0.0,2.0,2.0,-1.17005,0.2007
summer,2020-06-21,POOL_TOU,15,46,0.5830599999999999,0.0,0.0,0.0,5.135,5.135,0.5830599999999999,0.2007
summer,2020-06-21,POOL_TOU,15,47,0.23527,1.27932,0.0,0.0,8.27,8.27,-1.04405,0.2007
summer,2020-06-21,POOL_TOU,15,48,0.21628,0.0,0.0,0.0,2.0,2.0,0.21628,0.2007
summer,2020-06-21,POOL_TOU,15,49,0.2282,0.0,0.0,0.0,2.0,2.0,0.2282,0.2007
summer,2020-06-21,POOL_TOU,15,50,0.17695,1.15843,0.0,0.0,2.0,2.0,-0.9814800000000001,0.2007
summer,2020-06-21,POOL_TOU,15,51,0.25718,1.5239200000000002,3.3,0.0,2.0,5.135,2.0332599999999994,0.2007
summer,2020-06-21,POOL_TOU,15,52,0.60478,1.84454,0.0,0.0,2.0,2.0,-1.23976,0.2007
summer,2020-06-21,POOL_TOU,15,53,0.30273,1.48268,1.821052631578948,0.0,8.27,10.0,0.6411026315789479,0.2007
summer,2020-06-21,POOL_TOU,15,54,0.24155,1.37696,3.3,0.0,4.938694342105256,8.073694342105256,2.1645899999999996,0.2007
summer,2020-06-21,POOL_TOU,15,55,0.52461,1.44584,0.0,0.0,5.135,5.135,-0.92123,0.2007
summer,2020-06-21,POOL_TOU,16,1,0.0248,1.12449,0.0,0.0,2.0,2.0,-1.09969,0.2007
summer,2020-06-21,POOL_TOU,16,2,0.14542,0.30188,0.3565096952908582,0.0,5.135,5.473684210526315,0.2000496952908582,0.2007
summer,2020-06-21,POOL_TOU,16,3,0.38056,1.04825,0.0,0.0,3.37036315789474,3.37036315789474,-0.6676899999999999,0.2007
summer,2020-06-21,POOL_TOU,16,4,0.21267,0.96604,0.0,0.0,2.0,2.0,-0.75337,0.2007
summer,2020-06-21,POOL_TOU,16,5,1.93345,1.81684,0.0,0.0,5.135,5.135,0.11660999999999988,0.2007
summer,2020-06-21,POOL_TOU,16,6,0.4652099999999999,0.0,0.0,0.0,10.0,10.0,0.4652099999999999,0.2007
summer,2020-06-21,POOL_TOU,16,7,0.15844,0.84566,0.0,0.0,2.0,2.0,-0.6872199999999999,0.2007
summer,2020-06-21,POOL_TOU,16,8,0.20374,0.0,0.0,0.0,2.889852631578949,2.889852631578949,0.20374,0.2007
summer,2020-06-21,POOL_TOU,16,9,0.20837,0.0,0.0,0.0,2.0,2.0,0.20837,0.2007
summer,2020-06-21,POOL_TOU,16,10,0.14088,0.87658,0.0,0.0,2.0,2.0,-0.7357,0.2007
summer,2020-06-21,POOL_TOU,16,11,1.4403,1.12449,0.0,0.0,5.473684210526315,5.473684210526315,0.3158099999999999,0.2007
summer,2020-06-21,POOL_TOU,16,12,0.31343,0.30188,0.0,0.0,2.0,2.0,0.011550000000000005,0.2007
summer,2020-06-21,POOL_TOU,16,13,0.45116,1.04825,0.0,0.0,10.0,10.0,-0.5970899999999999,0.2007
summer,2020-06-21,POOL_TOU,16,14,0.25342,0.96604,0.0,0.0,5.473684210526315,5.473684210526315,-0.71262,0.2007
summer,2020-06-21,POOL_TOU,16,15,0.84027,1.81684,0.0,0.0,2.0,2.0,-0.97657,0.2007
summer,2020-06-21,POOL_TOU,16,16,1.43223,0.0,0.0,0.0,5.135,5.135,1.43223,0.2007
summer,2020-06-21,POOL_TOU,16,17,0.4729099999999999,0.84566,0.0,0.0,5.135,5.135,-0.3727500000000001,0.2007
summer,2020-06-21,POOL_TOU,16,18,2.07365,0.0,0.0,0.0,2.0,2.0,2.07365,0.2007
summer,2020-06-21,POOL_TOU,16,19,0.92631,0.0,0.0,0.0,5.135,5.135,0.92631,0.2007
summer,2020-06-21,POOL_TOU,16,20,0.23574,0.87658,0.0,0.0,2.0,2.0,-0.6408400000000001,0.2007
summer,2020-06-21,POOL_TOU,16,21,0.0248,1.12449,0.0,0.0,8.27,8.27,-1.09969,0.2007
summer,2020-06-21,POOL_TOU,16,22,0.14542,0.30188,0.0,0.0,5.578565578947354,5.578565578947354,-0.15646,0.2007
summer,2020-06-21,POOL_TOU,16,23,0.38056,1.04825,0.0,0.0,5.135,5.135,-0.6676899999999999,0.2007
summer,2020-06-21,POOL_TOU,16,24,0.21267,0.96604,0.0,0.0,5.135,5.135,-0.75337,0.2007
summer,2020-06-21,POOL_TOU,16,25,1.93345,1.81684,0.0,0.0,8.27,8.27,0.11660999999999988,0.2007
summer,2020-06-21,POOL_TOU,16,26,0.4652099999999999,0.0,0.0,0.0,2.0,2.0,0.4652099999999999,0.2007
summer,2020-06-21,POOL_TOU,16,27,0.15844,0.84566,0.0,0.0,8.94736842105263,8.94736842105263,-0.6872199999999999,0.2007
summer,2020-06-21,POOL_TOU,16,28,0.20374,0.0,0.0,0.0,2.0,2.0,0.20374,0.2007
summer,2020-06-21,POOL_TOU,16,29,0.20837,0.0,0.0,0.0,5.135,5.135,0.20837,0.2007
summer,2020-06-21,POOL_TOU,16,30,0.14088,0.87658,0.0,0.0,10.0,10.0,-0.7357,0.2007
summer,2020-06-21,POOL_TOU,16,31,1.4403,1.12449,0.0,0.0,2.0,2.0,0.3158099999999999,0.2007
summer,2020-06-21,POOL_TOU,16,32,0.31343,0.30188,0.0,0.0,5.135,5.135,0.011550000000000005,0.2007
summer,2020-06-21,POOL_TOU,16,33,0.45116,1.04825,0.0,0.0,5.135,5.135,-0.5970899999999999,0.2007
summer,2020-06-21,POOL_TOU,16,34,0.25342,0.96604,0.0,0.0,2.0,2.0,-0.71262,0.2007
summer,2020-06-21,POOL_TOU,16,35,0.84027,1.81684,0.0,0.0,2.0,2.0,-0.97657,0.2007
summer,2020-06-21,POOL_TOU,16,36,1.43223,0.0,0.0,0.0,5.473684210526315,5.473684210526315,1.43223,0.2007
summer,2020-06-21,POOL_TOU,16,37,0.4729099999999999,0.84566,3.3,0.0,5.135,8.27,2.92725,0.2007
summer,2020-06-21,POOL_TOU,16,38,2.07365,0.0,0.0,0.0,8.27,8.27,2.07365,0.2007
summer,2020-06-21,POOL_TOU,16,39,0.92631,0.0,0.0,0.0,8.94736842105263,8.94736842105263,0.92631,0.2007
summer,2020-06-21,POOL_TOU,16,40,0.23574,0.87658,0.3565096952908582,0.0,5.135,5.473684210526315,-0.2843303047091419,0.2007
summer,2020-06-21,POOL_TOU,16,41,0.0248,1.12449,0.0,0.0,6.251003868421054,6.251003868421054,-1.09969,0.2007
summer,2020-06-21,POOL_TOU,16,42,0.14542,0.30188,0.0,0.0,5.135,5.135,-0.15646,0.2007
summer,2020-06-21,POOL_TOU,16,43,0.38056,1.04825,0.0,0.0,2.0,2.0,-0.6676899999999999,0.2007
summer,2020-06-21,POOL_TOU,16,44,0.21267,0.96604,0.0,0.0,2.0,2.0,-0.75337,0.2007
summer,2020-06-21,POOL_TOU,16,45,1.93345,1.81684,0.0,0.0,2.0,2.0,0.11660999999999988,0.2007
summer,2020-06-21,POOL_TOU,16,46,0.4652099999999999,0.0,3.3,0.0,5.135,8.27,3.7652099999999997,0.2007
summer,2020-06-21,POOL_TOU,16,47,0.15844,0.84566,0.0,0.0,8.27,8.27,-0.6872199999999999,0.2007
summer,2020-06-21,POOL_TOU,16,48,0.20374,0.0,0.0,0.0,2.0,2.0,0.20374,0.2007
summer,2020-06-21,POOL_TOU,16,49,0.20837,0.0,0.0,0.0,2.0,2.0,0.20837,0.2007
summer,2020-06-21,POOL_TOU,16,50,0.14088,0.87658,0.0,0.0,2.0,2.0,-0.7357,0.2007
summer,2020-06-21,POOL_TOU,16,51,1.4403,1.12449,0.0,0.0,5.135,5.135,0.3158099999999999,0.2007
summer,2020-06-21,POOL_TOU,16,52,0.31343,0.30188,0.0,0.0,2.0,2.0,0.011550000000000005,0.2007
summer,2020-06-21,POOL_TOU,16,53,0.45116,1.04825,0.0,0.0,10.0,10.0,-0.5970899999999999,0.2007
summer,2020-06-21,POOL_TOU,16,54,0.25342,0.96604,1.0451406094182856,0.0,8.073694342105256,9.066577921052627,0.33252060941828554,0.2007
summer,2020-06-21,POOL_TOU,16,55,0.84027,1.81684,0.0,0.0,5.135,5.135,-0.97657,0.2007
summer,2020-06-21,POOL_TOU,17,1,0.0621899999999999,0.69566,0.0,0.0,2.0,2.0,-0.6334700000000001,0.2007
summer,2020-06-21,POOL_TOU,17,2,1.31435,0.8334900000000001,0.0,0.0,5.473684210526315,5.473684210526315,0.48085999999999984,0.2007
summer,2020-06-21,POOL_TOU,17,3,0.29366,0.54511,0.0,0.0,3.37036315789474,3.37036315789474,-0.25145,0.2007
summer,2020-06-21,POOL_TOU,17,4,0.24046,0.65377,0.0,0.0,2.0,2.0,-0.41330999999999996,0.2007
summer,2020-06-21,POOL_TOU,17,5,0.74295,0.89634,0.0,0.0,5.135,5.135,-0.15339000000000003,0.2007
summer,2020-06-21,POOL_TOU,17,6,3.32113,0.0,0.0,0.0,10.0,10.0,3.32113,0.2007
summer,2020-06-21,POOL_TOU,17,7,1.14571,0.43029,0.0,0.0,2.0,2.0,0.71542,0.2007
summer,2020-06-21,POOL_TOU,17,8,0.18092,0.0,0.0,0.0,2.889852631578949,2.889852631578949,0.18092,0.2007
summer,2020-06-21,POOL_TOU,17,9,0.14943,0.0,0.0,0.0,2.0,2.0,0.14943,0.2007
summer,2020-06-21,POOL_TOU,17,10,0.22845,0.32508,0.0,0.0,2.0,2.0,-0.09663,0.2007
summer,2020-06-21,POOL_TOU,17,11,0.27017,0.69566,0.0,0.0,5.473684210526315,5.473684210526315,-0.4254899999999999,0.2007
summer,2020-06-21,POOL_TOU,17,12,0.26164,0.8334900000000001,0.0,-0.0,2.0,2.0,-0.5718500000000001,0.2007
summer,2020-06-21,POOL_TOU,17,13,0.2450099999999999,0.54511,0.0,-0.0,10.0,10.0,-0.3001000000000001,0.2007
summer,2020-06-21,POOL_TOU,17,14,1.03115,0.65377,0.0,0.0,5.473684210526315,5.473684210526315,0.37738000000000005,0.2007
summer,2020-06-21,POOL_TOU,17,15,0.39956,0.89634,0.0,0.0,2.0,2.0,-0.49678,0.2007
summer,2020-06-21,POOL_TOU,17,16,2.1327,0.0,0.0,2.97825,5.135,2.0,-0.8455500000000002,0.2007
summer,2020-06-21,POOL_TOU,17,17,0.75178,0.43029,0.0,0.0,5.135,5.135,0.32149,0.2007
summer,2020-06-21,POOL_TOU,17,18,3.16632,0.0,0.0,-0.0,2.0,2.0,3.16632,0.2007
summer,2020-06-21,POOL_TOU,17,19,0.72499,0.0,0.0,0.0,5.135,5.135,0.72499,0.2007
summer,2020-06-21,POOL_TOU,17,20,0.27974,0.32508,0.0,0.0,2.0,2.0,-0.04533999999999999,0.2007
summer,2020-06-21,POOL_TOU,17,21,0.0621899999999999,0.69566,0.0,0.0,8.27,8.27,-0.6334700000000001,0.2007
summer,2020-06-21,POOL_TOU,17,22,1.31435,0.8334900000000001,0.0,0.0,5.578565578947354,5.578565578947354,0.48085999999999984,0.2007
summer,2020-06-21,POOL_TOU,17,23,0.29366,0.54511,0.0,2.97825,5.135,2.0,-3.2297000000000002,0.2007
summer,2020-06-21,POOL_TOU,17,24,0.24046,0.65377,0.0,0.0,5.135,5.135,-0.41330999999999996,0.2007
summer,2020-06-21,POOL_TOU,17,25,0.74295,0.89634,0.0,2.6565000000000003,8.27,5.473684210526315,-2.80989,0.2007
summer,2020-06-21,POOL_TOU,17,26,3.32113,0.0,0.0,0.0,2.0,2.0,3.32113,0.2007
summer,2020-06-21,POOL_TOU,17,27,1.14571,0.43029,0.0,0.0,8.94736842105263,8.94736842105263,0.71542,0.2007
summer,2020-06-21,POOL_TOU,17,28,0.18092,0.0,0.0,-0.0,2.0,2.0,0.18092,0.2007
summer,2020-06-21,POOL_TOU,17,29,0.14943,0.0,0.0,0.0,5.135,5.135,0.14943,0.2007
summer,2020-06-21,POOL_TOU,17,30,0.22845,0.32508,0.0,0.0,10.0,10.0,-0.09663,0.2007
summer,2020-06-21,POOL_TOU,17,31,0.27017,0.69566,0.0,-0.0,2.0,2.0,-0.4254899999999999,0.2007
summer,2020-06-21,POOL_TOU,17,32,0.26164,0.8334900000000001,0.0,0.0,5.135,5.135,-0.5718500000000001,0.2007
summer,2020-06-21,POOL_TOU,17,33,0.2450099999999999,0.54511,0.0,0.0,5.135,5.135,-0.3001000000000001,0.2007
summer,2020-06-21,POOL_TOU,17,34,1.03115,0.65377,0.0,-0.0,2.0,2.0,0.37738000000000005,0.2007
summer,2020-06-21,POOL_TOU,17,35,0.39956,0.89634,0.0,0.0,2.0,2.0,-0.49678,0.2007
summer,2020-06-21,POOL_TOU,17,36,2.1327,0.0,0.0,3.3,5.473684210526315,2.0,-1.1673,0.2007
summer,2020-06-21,POOL_TOU,17,37,0.75178,0.43029,0.0,0.0,8.27,8.27,0.32149,0.2007
summer,2020-06-21,POOL_TOU,17,38,3.16632,0.0,0.0,0.0,8.27,8.27,3.16632,0.2007
summer,2020-06-21,POOL_TOU,17,39,0.72499,0.0,0.0,0.0,8.94736842105263,8.94736842105263,0.72499,0.2007
summer,2020-06-21,POOL_TOU,17,40,0.27974,0.32508,0.0,3.3,5.473684210526315,2.0,-3.3453399999999998,0.2007
summer,2020-06-21,POOL_TOU,17,41,0.0621899999999999,0.69566,0.0,0.0,6.251003868421054,6.251003868421054,-0.6334700000000001,0.2007
summer,2020-06-21,POOL_TOU,17,42,1.31435,0.8334900000000001,0.0,0.0,5.135,5.135,0.48085999999999984,0.2007
summer,2020-06-21,POOL_TOU,17,43,0.29366,0.54511,0.0,0.0,2.0,2.0,-0.25145,0.2007
summer,2020-06-21,POOL_TOU,17,44,0.24046,0.65377,0.0,0.0,2.0,2.0,-0.41330999999999996,0.2007
summer,2020-06-21,POOL_TOU,17,45,0.74295,0.89634,0.0,0.0,2.0,2.0,-0.15339000000000003,0.2007
summer,2020-06-21,POOL_TOU,17,46,3.32113,0.0,0.0,0.0,8.27,8.27,3.32113,0.2007
summer,2020-06-21,POOL_TOU,17,47,1.14571,0.43029,0.0,0.0,8.27,8.27,0.71542,0.2007
summer,2020-06-21,POOL_TOU,17,48,0.18092,0.0,0.0,0.0,2.0,2.0,0.18092,0.2007
summer,2020-06-21,POOL_TOU,17,49,0.14943,0.0,0.0,0.0,2.0,2.0,0.14943,0.2007
summer,2020-06-21,POOL_TOU,17,50,0.22845,0.32508,0.0,0.0,2.0,2.0,-0.09663,0.2007
summer,2020-06-21,POOL_TOU,17,51,0.27017,0.69566,0.0,0.0,5.135,5.135,-0.4254899999999999,0.2007
summer,2020-06-21,POOL_TOU,17,52,0.26164,0.8334900000000001,0.0,0.0,2.0,2.0,-0.5718500000000001,0.2007
summer,2020-06-21,POOL_TOU,17,53,0.2450099999999999,0.54511,0.0,0.05707999999999273,10.0,9.939915789473693,-0.35717999999999284,0.2007
summer,2020-06-21,POOL_TOU,17,54,1.03115,0.65377,0.0,0.0,9.066577921052627,9.066577921052627,0.37738000000000005,0.2007
summer,2020-06-21,POOL_TOU,17,55,0.39956,0.89634,0.0,2.97825,5.135,2.0,-3.4750300000000003,0.2007
summer,2020-06-21,POOL_TOU,18,1,0.05274,0.28317,0.0,-0.0,2.0,2.0,-0.23042999999999997,0.2007
summer,2020-06-21,POOL_TOU,18,2,1.44719,0.49601,0.0,0.0,5.473684210526315,5.473684210526315,0.9511799999999999,0.2007
summer,2020-06-21,POOL_TOU,18,3,0.22802,0.25342,0.0,1.301845000000003,3.37036315789474,2.0,-1.3272450000000031,0.2007
summer,2020-06-21,POOL_TOU,18,4,0.22521,1.20528,0.0,0.0,2.0,2.0,-0.9800699999999999,0.2007
summer,2020-06-21,POOL_TOU,18,5,0.32366,0.38067,0.0,0.0,5.135,5.135,-0.057010000000000005,0.2007
summer,2020-06-21,POOL_TOU,18,6,0.5420499999999999,0.0,0.0,0.0,10.0,10.0,0.5420499999999999,0.2007
summer,2020-06-21,POOL_TOU,18,7,0.42457,0.2687,0.0,0.0,2.0,2.0,0.15587,0.2007
summer,2020-06-21,POOL_TOU,18,8,0.97361,0.0,0.0,0.0,2.889852631578949,2.889852631578949,0.97361,0.2007
summer,2020-06-21,POOL_TOU,18,9,0.22885,0.0,0.0,0.0,2.0,2.0,0.22885,0.2007
summer,2020-06-21,POOL_TOU,18,10,0.22169,0.25792,0.0,0.0,2.0,2.0,-0.036229999999999984,0.2007
summer,2020-06-21,POOL_TOU,18,11,1.08646,0.28317,0.0,0.0,5.473684210526315,5.473684210526315,0.8032900000000001,0.2007
summer,2020-06-21,POOL_TOU,18,12,0.24201,0.49601,0.0,0.0,2.0,2.0,-0.254,0.2007
summer,2020-06-21,POOL_TOU,18,13,0.5036,0.25342,0.0,0.0,10.0,10.0,0.25018000000000007,0.2007
summer,2020-06-21,POOL_TOU,18,14,1.08467,1.20528,0.0,0.0,5.473684210526315,5.473684210526315,-0.12060999999999988,0.2007
summer,2020-06-21,POOL_TOU,18,15,0.3903999999999999,0.38067,0.0,-0.0,2.0,2.0,0.009729999999999905,0.2007
summer,2020-06-21,POOL_TOU,18,16,0.27162,0.0,0.0,0.0,2.0,2.0,0.27162,0.2007
summer,2020-06-21,POOL_TOU,18,17,0.30671,0.2687,0.0,0.0,5.135,5.135,0.03800999999999999,0.2007
summer,2020-06-21,POOL_TOU,18,18,0.97655,0.0,0.0,0.0,2.0,2.0,0.97655,0.2007
summer,2020-06-21,POOL_TOU,18,19,0.4465699999999999,0.0,0.0,0.0,5.135,5.135,0.4465699999999999,0.2007
summer,2020-06-21,POOL_TOU,18,20,0.8048,0.25792,0.0,0.0,2.0,2.0,0.54688,0.2007
summer,2020-06-21,POOL_TOU,18,21,0.05274,0.28317,0.0,0.0,8.27,8.27,-0.23042999999999997,0.2007
summer,2020-06-21,POOL_TOU,18,22,1.44719,0.49601,0.0,0.0,5.578565578947354,5.578565578947354,0.9511799999999999,0.2007
summer,2020-06-21,POOL_TOU,18,23,0.22802,0.25342,0.0,-0.0,2.0,2.0,-0.025399999999999978,0.2007
summer,2020-06-21,POOL_TOU,18,24,0.22521,1.20528,0.0,0.0,5.135,5.135,-0.9800699999999999,0.2007
summer,2020-06-21,POOL_TOU,18,25,0.32366,0.38067,0.0,0.0,5.473684210526315,5.473684210526315,-0.057010000000000005,0.2007
summer,2020-06-21,POOL_TOU,18,26,0.5420499999999999,0.0,0.0,0.0,2.0,2.0,0.5420499999999999,0.2007
summer,2020-06-21,POOL_TOU,18,27,0.42457,0.2687,0.0,0.0,8.94736842105263,8.94736842105263,0.15587,0.2007
summer,2020-06-21,POOL_TOU,18,28,0.97361,0.0,0.0,0.0,2.0,2.0,0.97361,0.2007
summer,2020-06-21,POOL_TOU,18,29,0.22885,0.0,0.0,0.0,5.135,5.135,0.22885,0.2007
summer,2020-06-21,POOL_TOU,18,30,0.22169,0.25792,0.0,0.0,10.0,10.0,-0.036229999999999984,0.2007
summer,2020-06-21,POOL_TOU,18,31,1.08646,0.28317,0.0,0.0,2.0,2.0,0.8032900000000001,0.2007
summer,2020-06-21,POOL_TOU,18,32,0.24201,0.49601,0.0,0.0,5.135,5.135,-0.254,0.2007
summer,2020-06-21,POOL_TOU,18,33,0.5036,0.25342,0.0,0.6339449999999985,5.135,4.467689473684212,-0.38376499999999847,0.2007
summer,2020-06-21,POOL_TOU,18,34,1.08467,1.20528,0.0,0.0,2.0,2.0,-0.12060999999999988,0.2007
summer,2020-06-21,POOL_TOU,18,35,0.3903999999999999,0.38067,0.0,-0.0,2.0,2.0,0.009729999999999905,0.2007
summer,2020-06-21,POOL_TOU,18,36,0.27162,0.0,0.0,0.0,2.0,2.0,0.27162,0.2007
summer,2020-06-21,POOL_TOU,18,37,0.30671,0.2687,0.0,0.0,8.27,8.27,0.03800999999999999,0.2007
summer,2020-06-21,POOL_TOU,18,38,0.97655,0.0,0.0,0.0,8.27,8.27,0.97655,0.2007
summer,2020-06-21,POOL_TOU,18,39,0.4465699999999999,0.0,0.0,3.3,8.94736842105263,5.473684210526315,-2.85343,0.2007
summer,2020-06-21,POOL_TOU,18,40,0.8048,0.25792,0.0,0.0,2.0,2.0,0.54688,0.2007
summer,2020-06-21,POOL_TOU,18,41,0.05274,0.28317,0.0,0.0,6.251003868421054,6.251003868421054,-0.23042999999999997,0.2007
summer,2020-06-21,POOL_TOU,18,42,1.44719,0.49601,0.0,2.97825,5.135,2.0,-2.02707,0.2007
summer,2020-06-21,POOL_TOU,18,43,0.22802,0.25342,0.0,-0.0,2.0,2.0,-0.025399999999999978,0.2007
summer,2020-06-21,POOL_TOU,18,44,0.22521,1.20528,0.0,0.0,2.0,2.0,-0.9800699999999999,0.2007
summer,2020-06-21,POOL_TOU,18,45,0.32366,0.38067,0.0,0.0,2.0,2.0,-0.057010000000000005,0.2007
summer,2020-06-21,POOL_TOU,18,46,0.5420499999999999,0.0,0.0,0.0,8.27,8.27,0.5420499999999999,0.2007
summer,2020-06-21,POOL_TOU,18,47,0.42457,0.2687,0.0,0.0,8.27,8.27,0.15587,0.2007
summer,2020-06-21,POOL_TOU,18,48,0.97361,0.0,0.0,-0.0,2.0,2.0,0.97361,0.2007
summer,2020-06-21,POOL_TOU,18,49,0.22885,0.0,0.0,0.0,2.0,2.0,0.22885,0.2007
summer,2020-06-21,POOL_TOU,18,50,0.22169,0.25792,0.0,0.0,2.0,2.0,-0.036229999999999984,0.2007
summer,2020-06-21,POOL_TOU,18,51,1.08646,0.28317,0.0,2.97825,5.135,2.0,-2.17496,0.2007
summer,2020-06-21,POOL_TOU,18,52,0.24201,0.49601,0.0,0.0,2.0,2.0,-0.254,0.2007
summer,2020-06-21,POOL_TOU,18,53,0.5036,0.25342,0.0,0.0,9.939915789473693,9.939915789473693,0.25018000000000007,0.2007
summer,2020-06-21,POOL_TOU,18,54,1.08467,1.20528,0.0,0.0,9.066577921052627,9.066577921052627,-0.12060999999999988,0.2007
summer,2020-06-21,POOL_TOU,18,55,0.3903999999999999,0.38067,0.0,0.0,2.0,2.0,0.009729999999999905,0.2007
summer,2020-06-21,POOL_TOU,19,1,0.03456,0.13947,0.0,0.0,2.0,2.0,-0.10491,0.2007
summer,2020-06-21,POOL_TOU,19,2,0.13093,0.2189199999999999,0.0,3.3,5.473684210526315,2.0,-3.38799,0.2007
summer,2020-06-21,POOL_TOU,19,3,0.20393,0.12956,0.0,0.0,2.0,2.0,0.07436999999999999,0.2007
summer,2020-06-21,POOL_TOU,19,4,0.34048,0.52259,0.0,0.0,2.0,2.0,-0.18211,0.2007
summer,2020-06-21,POOL_TOU,19,5,0.38106,0.32997,0.0,0.0,5.135,5.135,0.051090000000000024,0.2007
summer,2020-06-21,POOL_TOU,19,6,0.97605,0.0,0.0,0.0,10.0,10.0,0.97605,0.2007
summer,2020-06-21,POOL_TOU,19,7,0.28891,0.16752,0.0,-0.0,2.0,2.0,0.12139,0.2007
summer,2020-06-21,POOL_TOU,19,8,1.12268,0.0,0.0,0.0,2.889852631578949,2.889852631578949,1.12268,0.2007
summer,2020-06-21,POOL_TOU,19,9,0.12702,0.0,0.0,0.0,2.0,2.0,0.12702,0.2007
summer,2020-06-21,POOL_TOU,19,10,0.23194,0.16601,0.0,-0.0,2.0,2.0,0.06593000000000002,0.2007
summer,2020-06-21,POOL_TOU,19,11,2.5562,0.13947,0.0,0.0,5.473684210526315,5.473684210526315,2.41673,0.2007
summer,2020-06-21,POOL_TOU,19,12,0.25917,0.2189199999999999,0.0,0.0,2.0,2.0,0.04025000000000012,0.2007
summer,2020-06-21,POOL_TOU,19,13,0.13271,0.12956,0.0,3.3,10.0,6.526315789473685,-3.29685,0.2007
summer,2020-06-21,POOL_TOU,19,14,0.27115,0.52259,0.0,0.0,5.473684210526315,5.473684210526315,-0.25144,0.2007
summer,2020-06-21,POOL_TOU,19,15,0.32385,0.32997,0.0,-0.0,2.0,2.0,-0.006119999999999959,0.2007
summer,2020-06-21,POOL_TOU,19,16,0.23096,0.0,0.0,-0.0,2.0,2.0,0.23096,0.2007
summer,2020-06-21,POOL_TOU,19,17,0.4690299999999999,0.16752,0.0,0.0,5.135,5.135,0.3015099999999999,0.2007
summer,2020-06-21,POOL_TOU,19,18,0.57545,0.0,0.0,0.0,2.0,2.0,0.57545,0.2007
summer,2020-06-21,POOL_TOU,19,19,0.28854,0.0,0.0,2.97825,5.135,2.0,-2.68971,0.2007
summer,2020-06-21,POOL_TOU,19,20,1.33249,0.16601,0.0,0.0,2.0,2.0,1.16648,0.2007
summer,2020-06-21,POOL_TOU,19,21,0.03456,0.13947,0.0,0.0,8.27,8.27,-0.10491,0.2007
summer,2020-06-21,POOL_TOU,19,22,0.13093,0.2189199999999999,0.0,0.0,5.578565578947354,5.578565578947354,-0.0879899999999999,0.2007
summer,2020-06-21,POOL_TOU,19,23,0.20393,0.12956,0.0,0.0,2.0,2.0,0.07436999999999999,0.2007
summer,2020-06-21,POOL_TOU,19,24,0.34048,0.52259,0.0,0.0,5.135,5.135,-0.18211,0.2007
summer,2020-06-21,POOL_TOU,19,25,0.38106,0.32997,0.0,0.0,5.473684210526315,5.473684210526315,0.051090000000000024,0.2007
summer,2020-06-21,POOL_TOU,19,26,0.97605,0.0,0.0,0.0,2.0,2.0,0.97605,0.2007
summer,2020-06-21,POOL_TOU,19,27,0.28891,0.16752,0.0,0.0,8.94736842105263,8.94736842105263,0.12139,0.2007
summer,2020-06-21,POOL_TOU,19,28,1.12268,0.0,0.0,0.0,2.0,2.0,1.12268,0.2007
summer,2020-06-21,POOL_TOU,19,29,0.12702,0.0,0.0,0.0,5.135,5.135,0.12702,0.2007
summer,2020-06-21,POOL_TOU,19,30,0.23194,0.16601,0.0,2.045900000000006,10.0,7.846421052631573,-1.9799700000000058,0.2007
summer,2020-06-21,POOL_TOU,19,31,2.5562,0.13947,0.0,0.0,2.0,2.0,2.41673,0.2007
summer,2020-06-21,POOL_TOU,19,32,0.25917,0.2189199999999999,0.0,0.0,5.135,5.135,0.04025000000000012,0.2007
summer,2020-06-21,POOL_TOU,19,33,0.13271,0.12956,0.0,0.0,4.467689473684212,4.467689473684212,0.003149999999999986,0.2007
summer,2020-06-21,POOL_TOU,19,34,0.27115,0.52259,0.0,0.0,2.0,2.0,-0.25144,0.2007
summer,2020-06-21,POOL_TOU,19,35,0.32385,0.32997,0.0,0.0,2.0,2.0,-0.006119999999999959,0.2007
summer,2020-06-21,POOL_TOU,19,36,0.23096,0.0,0.0,0.0,2.0,2.0,0.23096,0.2007
summer,2020-06-21,POOL_TOU,19,37,0.4690299999999999,0.16752,0.0,0.0,8.27,8.27,0.3015099999999999,0.2007
summer,2020-06-21,POOL_TOU,19,38,0.57545,0.0,0.0,0.0,8.27,8.27,0.57545,0.2007
summer,2020-06-21,POOL_TOU,19,39,0.28854,0.0,0.0,3.3,5.473684210526315,2.0,-3.0114599999999996,0.2007
summer,2020-06-21,POOL_TOU,19,40,1.33249,0.16601,0.0,0.0,2.0,2.0,1.16648,0.2007
summer,2020-06-21,POOL_TOU,19,41,0.03456,0.13947,0.0,3.3,6.251003868421054,2.7773196578947386,-3.4049099999999997,0.2007
summer,2020-06-21,POOL_TOU,19,42,0.13093,0.2189199999999999,0.0,0.0,2.0,2.0,-0.0879899999999999,0.2007
summer,2020-06-21,POOL_TOU,19,43,0.20393,0.12956,0.0,0.0,2.0,2.0,0.07436999999999999,0.2007
summer,2020-06-21,POOL_TOU,19,44,0.34048,0.52259,0.0,0.0,2.0,2.0,-0.18211,0.2007
summer,2020-06-21,POOL_TOU,19,45,0.38106,0.32997,0.0,-0.0,2.0,2.0,0.051090000000000024,0.2007
summer,2020-06-21,POOL_TOU,19,46,0.97605,0.0,0.0,0.0,8.27,8.27,0.97605,0.2007
summer,2020-06-21,POOL_TOU,19,47,0.28891,0.16752,0.0,0.0,8.27,8.27,0.12139,0.2007
summer,2020-06-21,POOL_TOU,19,48,1.12268,0.0,0.0,0.0,2.0,2.0,1.12268,0.2007
summer,2020-06-21,POOL_TOU,19,49,0.12702,0.0,0.0,0.0,2.0,2.0,0.12702,0.2007
summer,2020-06-21,POOL_TOU,19,50,0.23194,0.16601,0.0,-0.0,2.0,2.0,0.06593000000000002,0.2007
summer,2020-06-21,POOL_TOU,19,51,2.5562,0.13947,0.0,-0.0,2.0,2.0,2.41673,0.2007
summer,2020-06-21,POOL_TOU,19,52,0.25917,0.2189199999999999,0.0,0.0,2.0,2.0,0.04025000000000012,0.2007
summer,2020-06-21,POOL_TOU,19,53,0.13271,0.12956,0.0,0.0,9.939915789473693,9.939915789473693,0.003149999999999986,0.2007
summer,2020-06-21,POOL_TOU,19,54,0.27115,0.52259,0.0,0.0,9.066577921052627,9.066577921052627,-0.25144,0.2007
summer,2020-06-21,POOL_TOU,19,55,0.32385,0.32997,0.0,-0.0,2.0,2.0,-0.006119999999999959,0.2007
summer,2020-06-21,POOL_TOU,20,1,0.05621,0.05098,0.0,-0.0,2.0,2.0,0.0052300000000000055,0.2007
summer,2020-06-21,POOL_TOU,20,2,0.30444,0.06262,0.0,0.0,2.0,2.0,0.24181999999999998,0.2007
summer,2020-06-21,POOL_TOU,20,3,0.18505,0.05353,0.0,0.0,2.0,2.0,0.13152,0.2007
summer,2020-06-21,POOL_TOU,20,4,1.86467,0.17131,0.0,0.0,2.0,2.0,1.69336,0.2007
summer,2020-06-21,POOL_TOU,20,5,0.3085299999999999,0.09026,0.0,0.0,5.135,5.135,0.2182699999999999,0.2007
summer,2020-06-21,POOL_TOU,20,6,0.75218,0.0,0.0,3.3,10.0,6.526315789473685,-2.5478199999999998,0.2007
summer,2020-06-21,POOL_TOU,20,7,0.29189,0.08136,0.0,0.0,2.0,2.0,0.21053,0.2007
summer,2020-06-21,POOL_TOU,20,8,0.5963200000000001,0.0,0.0,0.0,2.889852631578949,2.889852631578949,0.5963200000000001,0.2007
summer,2020-06-21,POOL_TOU,20,9,0.23781,0.0,0.0,-0.0,2.0,2.0,0.23781,0.2007
summer,2020-06-21,POOL_TOU,20,10,0.3533799999999999,0.07801,0.0,0.0,2.0,2.0,0.2753699999999999,0.2007
summer,2020-06-21,POOL_TOU,20,11,2.6008400000000003,0.05098,0.0,3.3,5.473684210526315,2.0,-0.7501399999999996,0.2007
summer,2020-06-21,POOL_TOU,20,12,0.37472,0.06262,0.0,0.0,2.0,2.0,0.3121,0.2007
summer,2020-06-21,POOL_TOU,20,13,0.16464,0.05353,0.0,1.0000000000000016,6.526315789473685,5.473684210526315,-0.8888900000000015,0.2007
summer,2020-06-21,POOL_TOU,20,14,1.47597,0.17131,0.0,0.0,5.473684210526315,5.473684210526315,1.30466,0.2007
summer,2020-06-21,POOL_TOU,20,15,0.35036,0.09026,0.0,-0.0,2.0,2.0,0.2601,0.2007
summer,2020-06-21,POOL_TOU,20,16,0.168,0.0,0.0,0.0,2.0,2.0,0.168,0.2007
summer,2020-06-21,POOL_TOU,20,17,0.7234499999999999,0.08136,0.0,0.0,5.135,5.135,0.6420899999999999,0.2007
summer,2020-06-21,POOL_TOU,20,18,0.4905899999999999,0.0,0.0,0.0,2.0,2.0,0.4905899999999999,0.2007
summer,2020-06-21,POOL_TOU,20,19,0.30845,0.0,0.0,0.0,2.0,2.0,0.30845,0.2007
summer,2020-06-21,POOL_TOU,20,20,0.83399,0.07801,0.0,0.0,2.0,2.0,0.75598,0.2007
summer,2020-06-21,POOL_TOU,20,21,0.05621,0.05098,0.0,3.3,8.27,4.7963157894736845,-3.2947699999999998,0.2007
summer,2020-06-21,POOL_TOU,20,22,0.30444,0.06262,0.0,0.5227372999999979,5.578565578947354,5.028315789473672,-0.28091729999999787,0.2007
summer,2020-06-21,POOL_TOU,20,23,0.18505,0.05353,0.0,0.0,2.0,2.0,0.13152,0.2007
summer,2020-06-21,POOL_TOU,20,24,1.86467,0.17131,0.0,0.0,5.135,5.135,1.69336,0.2007
summer,2020-06-21,POOL_TOU,20,25,0.3085299999999999,0.09026,0.0,3.3,5.473684210526315,2.0,-3.08173,0.2007
summer,2020-06-21,POOL_TOU,20,26,0.75218,0.0,0.0,0.0,2.0,2.0,0.75218,0.2007
summer,2020-06-21,POOL_TOU,20,27,0.29189,0.08136,0.0,3.3,8.94736842105263,5.473684210526315,-3.08947,0.2007
summer,2020-06-21,POOL_TOU,20,28,0.5963200000000001,0.0,0.0,0.0,2.0,2.0,0.5963200000000001,0.2007
summer,2020-06-21,POOL_TOU,20,29,0.23781,0.0,0.0,2.97825,5.135,2.0,-2.74044,0.2007
summer,2020-06-21,POOL_TOU,20,30,0.3533799999999999,0.07801,0.0,3.3,7.846421052631573,4.372736842105258,-3.02463,0.2007
summer,2020-06-21,POOL_TOU,20,31,2.6008400000000003,0.05098,0.0,0.0,2.0,2.0,2.5498600000000002,0.2007
summer,2020-06-21,POOL_TOU,20,32,0.37472,0.06262,0.0,2.97825,5.135,2.0,-2.66615,0.2007
summer,2020-06-21,POOL_TOU,20,33,0.16464,0.05353,0.0,0.0,4.467689473684212,4.467689473684212,0.11111000000000001,0.2007
summer,2020-06-21,POOL_TOU,20,34,1.47597,0.17131,0.0,0.0,2.0,2.0,1.30466,0.2007
summer,2020-06-21,POOL_TOU,20,35,0.35036,0.09026,0.0,-0.0,2.0,2.0,0.2601,0.2007
summer,2020-06-21,POOL_TOU,20,36,0.168,0.0,0.0,-0.0,2.0,2.0,0.168,0.2007
summer,2020-06-21,POOL_TOU,20,37,0.7234499999999999,0.08136,0.0,0.0,8.27,8.27,0.6420899999999999,0.2007
summer,2020-06-21,POOL_TOU,20,38,0.4905899999999999,0.0,0.0,3.3,8.27,4.7963157894736845,-2.8094099999999997,0.2007
summer,2020-06-21,POOL_TOU,20,39,0.30845,0.0,0.0,0.0,2.0,2.0,0.30845,0.2007
summer,2020-06-21,POOL_TOU,20,40,0.83399,0.07801,0.0,-0.0,2.0,2.0,0.75598,0.2007
summer,2020-06-21,POOL_TOU,20,41,0.05621,0.05098,0.0,0.7384536750000017,2.7773196578947386,2.0,-0.7332236750000017,0.2007
summer,2020-06-21,POOL_TOU,20,42,0.30444,0.06262,0.0,0.0,2.0,2.0,0.24181999999999998,0.2007
summer,2020-06-21,POOL_TOU,20,43,0.18505,0.05353,0.0,-0.0,2.0,2.0,0.13152,0.2007
summer,2020-06-21,POOL_TOU,20,44,1.86467,0.17131,0.0,0.0,2.0,2.0,1.69336,0.2007
summer,2020-06-21,POOL_TOU,20,45,0.3085299999999999,0.09026,0.0,-0.0,2.0,2.0,0.2182699999999999,0.2007
summer,2020-06-21,POOL_TOU,20,46,0.75218,0.0,0.0,0.0,8.27,8.27,0.75218,0.2007
summer,2020-06-21,POOL_TOU,20,47,0.29189,0.08136,0.0,0.0,8.27,8.27,0.21053,0.2007
summer,2020-06-21,POOL_TOU,20,48,0.5963200000000001,0.0,0.0,0.0,2.0,2.0,0.5963200000000001,0.2007
summer,2020-06-21,POOL_TOU,20,49,0.23781,0.0,0.0,0.0,2.0,2.0,0.23781,0.2007
summer,2020-06-21,POOL_TOU,20,50,0.3533799999999999,0.07801,0.0,0.0,2.0,2.0,0.2753699999999999,0.2007
summer,2020-06-21,POOL_TOU,20,51,2.6008400000000003,0.05098,0.0,-0.0,2.0,2.0,2.5498600000000002,0.2007
summer,2020-06-21,POOL_TOU,20,52,0.37472,0.06262,0.0,0.0,2.0,2.0,0.3121,0.2007
summer,2020-06-21,POOL_TOU,20,53,0.16464,0.05353,0.0,0.0,9.939915789473693,9.939915789473693,0.11111000000000001,0.2007
summer,2020-06-21,POOL_TOU,20,54,1.47597,0.17131,0.0,0.11324902499999681,9.066577921052627,8.94736842105263,1.191410975000003,0.2007
summer,2020-06-21,POOL_TOU,20,55,0.35036,0.09026,0.0,0.0,2.0,2.0,0.2601,0.2007
summer,2020-06-21,POOL_TOU,21,1,0.00661,5.9999999999999995e-05,0.0,0.0,2.0,2.0,0.00655,0.2007
summer,2020-06-21,POOL_TOU,21,2,0.2509,0.00457,0.0,-0.0,2.0,2.0,0.24633000000000002,0.2007
summer,2020-06-21,POOL_TOU,21,3,0.17622,0.00222,0.0,-0.0,2.0,2.0,0.174,0.2007
summer,2020-06-21,POOL_TOU,21,4,0.39105,0.0158,0.0,-0.0,2.0,2.0,0.37525000000000003,0.2007
summer,2020-06-21,POOL_TOU,21,5,0.29629,0.0197,0.0,0.0,5.135,5.135,0.27659,0.2007
summer,2020-06-21,POOL_TOU,21,6,0.74202,0.0,0.0,3.3,6.526315789473685,3.0526315789473695,-2.5579799999999997,0.2007
summer,2020-06-21,POOL_TOU,21,7,0.8365699999999999,0.0120299999999999,0.0,0.0,2.0,2.0,0.82454,0.2007
summer,2020-06-21,POOL_TOU,21,8,0.55423,0.0,0.0,0.0,2.889852631578949,2.889852631578949,0.55423,0.2007
summer,2020-06-21,POOL_TOU,21,9,0.12827,0.0,0.0,0.0,2.0,2.0,0.12827,0.2007
summer,2020-06-21,POOL_TOU,21,10,0.32101,0.00878,0.0,0.0,2.0,2.0,0.31223,0.2007
summer,2020-06-21,POOL_TOU,21,11,1.45668,5.9999999999999995e-05,0.0,0.0,2.0,2.0,1.45662,0.2007
summer,2020-06-21,POOL_TOU,21,12,0.31148,0.00457,0.0,0.0,2.0,2.0,0.30690999999999996,0.2007
summer,2020-06-21,POOL_TOU,21,13,0.11393,0.00222,0.0,3.3,5.473684210526315,2.0,-3.18829,0.2007
summer,2020-06-21,POOL_TOU,21,14,0.6025499999999999,0.0158,0.0,3.3,5.473684210526315,2.0,-2.71325,0.2007
summer,2020-06-21,POOL_TOU,21,15,0.3977799999999999,0.0197,0.0,0.0,2.0,2.0,0.3780799999999999,0.2007
summer,2020-06-21,POOL_TOU,21,16,0.2575199999999999,0.0,0.0,-0.0,2.0,2.0,0.2575199999999999,0.2007
summer,2020-06-21,POOL_TOU,21,17,0.05934,0.0120299999999999,0.0,0.0,5.135,5.135,0.047310000000000095,0.2007
summer,2020-06-21,POOL_TOU,21,18,0.68659,0.0,0.0,0.0,2.0,2.0,0.68659,0.2007
summer,2020-06-21,POOL_TOU,21,19,0.23598,0.0,0.0,0.0,2.0,2.0,0.23598,0.2007
summer,2020-06-21,POOL_TOU,21,20,0.2276699999999999,0.00878,0.0,0.0,2.0,2.0,0.2188899999999999,0.2007
summer,2020-06-21,POOL_TOU,21,21,0.00661,5.9999999999999995e-05,0.0,0.0,4.7963157894736845,4.7963157894736845,0.00655,0.2007
summer,2020-06-21,POOL_TOU,21,22,0.2509,0.00457,0.0,2.8768999999999885,5.028315789473672,2.0,-2.6305699999999885,0.2007
summer,2020-06-21,POOL_TOU,21,23,0.17622,0.00222,0.0,-0.0,2.0,2.0,0.174,0.2007
summer,2020-06-21,POOL_TOU,21,24,0.39105,0.0158,0.0,0.0,5.135,5.135,0.37525000000000003,0.2007
summer,2020-06-21,POOL_TOU,21,25,0.29629,0.0197,0.0,0.0,2.0,2.0,0.27659,0.2007
summer,2020-06-21,POOL_TOU,21,26,0.74202,0.0,0.0,-0.0,2.0,2.0,0.74202,0.2007
summer,2020-06-21,POOL_TOU,21,27,0.8365699999999999,0.0120299999999999,0.0,0.0,5.473684210526315,5.473684210526315,0.82454,0.2007
summer,2020-06-21,POOL_TOU,21,28,0.55423,0.0,0.0,0.0,2.0,2.0,0.55423,0.2007
summer,2020-06-21,POOL_TOU,21,29,0.12827,0.0,0.0,0.0,2.0,2.0,0.12827,0.2007
summer,2020-06-21,POOL_TOU,21,30,0.32101,0.00878,0.0,0.0,4.372736842105258,4.372736842105258,0.31223,0.2007
summer,2020-06-21,POOL_TOU,21,31,1.45668,5.9999999999999995e-05,0.0,-0.0,2.0,2.0,1.45662,0.2007
summer,2020-06-21,POOL_TOU,21,32,0.31148,0.00457,0.0,0.0,2.0,2.0,0.30690999999999996,0.2007
summer,2020-06-21,POOL_TOU,21,33,0.11393,0.00222,0.0,0.0,4.467689473684212,4.467689473684212,0.11171,0.2007
summer,2020-06-21,POOL_TOU,21,34,0.6025499999999999,0.0158,0.0,0.0,2.0,2.0,0.5867499999999999,0.2007
summer,2020-06-21,POOL_TOU,21,35,0.3977799999999999,0.0197,0.0,0.0,2.0,2.0,0.3780799999999999,0.2007
summer,2020-06-21,POOL_TOU,21,36,0.2575199999999999,0.0,0.0,0.0,2.0,2.0,0.2575199999999999,0.2007
summer,2020-06-21,POOL_TOU,21,37,0.05934,0.0120299999999999,0.0,3.3,8.27,4.7963157894736845,-3.25269,0.2007
summer,2020-06-21,POOL_TOU,21,38,0.68659,0.0,0.0,0.0,4.7963157894736845,4.7963157894736845,0.68659,0.2007
summer,2020-06-21,POOL_TOU,21,39,0.23598,0.0,0.0,0.0,2.0,2.0,0.23598,0.2007
summer,2020-06-21,POOL_TOU,21,40,0.2276699999999999,0.00878,0.0,0.0,2.0,2.0,0.2188899999999999,0.2007
summer,2020-06-21,POOL_TOU,21,41,0.00661,5.9999999999999995e-05,0.0,0.0,2.0,2.0,0.00655,0.2007
summer,2020-06-21,POOL_TOU,21,42,0.2509,0.00457,0.0,0.0,2.0,2.0,0.24633000000000002,0.2007
summer,2020-06-21,POOL_TOU,21,43,0.17622,0.00222,0.0,0.0,2.0,2.0,0.174,0.2007
summer,2020-06-21,POOL_TOU,21,44,0.39105,0.0158,0.0,0.0,2.0,2.0,0.37525000000000003,0.2007
summer,2020-06-21,POOL_TOU,21,45,0.29629,0.0197,0.0,0.0,2.0,2.0,0.27659,0.2007
summer,2020-06-21,POOL_TOU,21,46,0.74202,0.0,0.0,2.6565000000000003,8.27,5.473684210526315,-1.9144800000000002,0.2007
summer,2020-06-21,POOL_TOU,21,47,0.8365699999999999,0.0120299999999999,0.0,2.6565000000000003,8.27,5.473684210526315,-1.8319600000000003,0.2007
summer,2020-06-21,POOL_TOU,21,48,0.55423,0.0,0.0,0.0,2.0,2.0,0.55423,0.2007
summer,2020-06-21,POOL_TOU,21,49,0.12827,0.0,0.0,0.0,2.0,2.0,0.12827,0.2007
summer,2020-06-21,POOL_TOU,21,50,0.32101,0.00878,0.0,0.0,2.0,2.0,0.31223,0.2007
summer,2020-06-21,POOL_TOU,21,51,1.45668,5.9999999999999995e-05,0.0,0.0,2.0,2.0,1.45662,0.2007
summer,2020-06-21,POOL_TOU,21,52,0.31148,0.00457,0.0,0.0,2.0,2.0,0.30690999999999996,0.2007
summer,2020-06-21,POOL_TOU,21,53,0.11393,0.00222,0.0,0.9429200000000095,9.939915789473693,8.94736842105263,-0.8312100000000096,0.2007
summer,2020-06-21,POOL_TOU,21,54,0.6025499999999999,0.0158,0.0,0.0,8.94736842105263,8.94736842105263,0.5867499999999999,0.2007
summer,2020-06-21,POOL_TOU,21,55,0.3977799999999999,0.0197,0.0,0.0,2.0,2.0,0.3780799999999999,0.2007
summer,2020-06-21,POOL_TOU,22,1,0.0605799999999999,0.0002399999999999,0.0,-0.0,2.0,2.0,0.06034,0.2007
summer,2020-06-21,POOL_TOU,22,2,0.22047,2.9999999999999997e-05,0.0,0.0,2.0,2.0,0.22044,0.2007
summer,2020-06-21,POOL_TOU,22,3,1.2036,0.00607,0.0,-0.0,2.0,2.0,1.19753,0.2007
summer,2020-06-21,POOL_TOU,22,4,0.32179,0.0,0.0,0.0,2.0,2.0,0.32179,0.2007
summer,2020-06-21,POOL_TOU,22,5,0.35666,0.00867,0.0,0.0,5.135,5.135,0.34798999999999997,0.2007
summer,2020-06-21,POOL_TOU,22,6,0.60978,0.0,0.0,1.000000000000001,3.0526315789473695,2.0,-0.3902200000000011,0.2007
summer,2020-06-21,POOL_TOU,22,7,0.37053,0.0,0.0,0.0,2.0,2.0,0.37053,0.2007
summer,2020-06-21,POOL_TOU,22,8,0.24443,0.0,0.0,0.8453600000000016,2.889852631578949,2.0,-0.6009300000000015,0.2007
summer,2020-06-21,POOL_TOU,22,9,0.23249,0.0,0.0,0.0,2.0,2.0,0.23249,0.2007
summer,2020-06-21,POOL_TOU,22,10,1.45662,0.0,0.0,0.0,2.0,2.0,1.45662,0.2007
summer,2020-06-21,POOL_TOU,22,11,0.89854,0.0002399999999999,0.0,-0.0,2.0,2.0,0.8983000000000001,0.2007
summer,2020-06-21,POOL_TOU,22,12,0.24906,2.9999999999999997e-05,0.0,0.0,2.0,2.0,0.24903,0.2007
summer,2020-06-21,POOL_TOU,22,13,0.15811,0.00607,0.0,-0.0,2.0,2.0,0.15204,0.2007
summer,2020-06-21,POOL_TOU,22,14,0.50236,0.0,0.0,-0.0,2.0,2.0,0.50236,0.2007
summer,2020-06-21,POOL_TOU,22,15,0.4840299999999999,0.00867,0.0,-0.0,2.0,2.0,0.4753599999999999,0.2007
summer,2020-06-21,POOL_TOU,22,16,0.22991,0.0,0.0,0.0,2.0,2.0,0.22991,0.2007
summer,2020-06-21,POOL_TOU,22,17,0.09026,0.0,0.0,2.97825,5.135,2.0,-2.8879900000000003,0.2007
summer,2020-06-21,POOL_TOU,22,18,0.88371,0.0,0.0,0.0,2.0,2.0,0.88371,0.2007
summer,2020-06-21,POOL_TOU,22,19,0.36028,0.0,0.0,-0.0,2.0,2.0,0.36028,0.2007
summer,2020-06-21,POOL_TOU,22,20,0.22265,0.0,0.0,0.0,2.0,2.0,0.22265,0.2007
summer,2020-06-21,POOL_TOU,22,21,0.0605799999999999,0.0002399999999999,0.0,0.0,4.7963157894736845,4.7963157894736845,0.06034,0.2007
summer,2020-06-21,POOL_TOU,22,22,0.22047,2.9999999999999997e-05,0.0,0.0,2.0,2.0,0.22044,0.2007
summer,2020-06-21,POOL_TOU,22,23,1.2036,0.00607,0.0,-0.0,2.0,2.0,1.19753,0.2007
summer,2020-06-21,POOL_TOU,22,24,0.32179,0.0,0.0,0.0,5.135,5.135,0.32179,0.2007
summer,2020-06-21,POOL_TOU,22,25,0.35666,0.00867,0.0,-0.0,2.0,2.0,0.34798999999999997,0.2007
summer,2020-06-21,POOL_TOU,22,26,0.60978,0.0,0.0,0.0,2.0,2.0,0.60978,0.2007
summer,2020-06-21,POOL_TOU,22,27,0.37053,0.0,0.0,3.3,5.473684210526315,2.0,-2.92947,0.2007
summer,2020-06-21,POOL_TOU,22,28,0.24443,0.0,0.0,0.0,2.0,2.0,0.24443,0.2007
summer,2020-06-21,POOL_TOU,22,29,0.23249,0.0,0.0,0.0,2.0,2.0,0.23249,0.2007
summer,2020-06-21,POOL_TOU,22,30,1.45662,0.0,0.0,2.2540999999999953,4.372736842105258,2.0,-0.7974799999999953,0.2007
summer,2020-06-21,POOL_TOU,22,31,0.89854,0.0002399999999999,0.0,-0.0,2.0,2.0,0.8983000000000001,0.2007
summer,2020-06-21,POOL_TOU,22,32,0.24906,2.9999999999999997e-05,0.0,-0.0,2.0,2.0,0.24903,0.2007
summer,2020-06-21,POOL_TOU,22,33,0.15811,0.00607,0.0,0.0,4.467689473684212,4.467689473684212,0.15204,0.2007
summer,2020-06-21,POOL_TOU,22,34,0.50236,0.0,0.0,-0.0,2.0,2.0,0.50236,0.2007
summer,2020-06-21,POOL_TOU,22,35,0.4840299999999999,0.00867,0.0,-0.0,2.0,2.0,0.4753599999999999,0.2007
summer,2020-06-21,POOL_TOU,22,36,0.22991,0.0,0.0,0.0,2.0,2.0,0.22991,0.2007
summer,2020-06-21,POOL_TOU,22,37,0.09026,0.0,0.0,2.6565000000000003,4.7963157894736845,2.0,-2.5662400000000005,0.2007
summer,2020-06-21,POOL_TOU,22,38,0.88371,0.0,0.0,2.6565000000000003,4.7963157894736845,2.0,-1.7727900000000003,0.2007
summer,2020-06-21,POOL_TOU,22,39,0.36028,0.0,0.0,0.0,2.0,2.0,0.36028,0.2007
summer,2020-06-21,POOL_TOU,22,40,0.22265,0.0,0.0,0.0,2.0,2.0,0.22265,0.2007
summer,2020-06-21,POOL_TOU,22,41,0.0605799999999999,0.0002399999999999,0.0,-0.0,2.0,2.0,0.06034,0.2007
summer,2020-06-21,POOL_TOU,22,42,0.22047,2.9999999999999997e-05,0.0,-0.0,2.0,2.0,0.22044,0.2007
summer,2020-06-21,POOL_TOU,22,43,1.2036,0.00607,0.0,-0.0,2.0,2.0,1.19753,0.2007
summer,2020-06-21,POOL_TOU,22,44,0.32179,0.0,0.0,-0.0,2.0,2.0,0.32179,0.2007
summer,2020-06-21,POOL_TOU,22,45,0.35666,0.00867,0.0,0.0,2.0,2.0,0.34798999999999997,0.2007
summer,2020-06-21,POOL_TOU,22,46,0.60978,0.0,0.0,0.0,5.473684210526315,5.473684210526315,0.60978,0.2007
summer,2020-06-21,POOL_TOU,22,47,0.37053,0.0,0.0,3.3,5.473684210526315,2.0,-2.92947,0.2007
summer,2020-06-21,POOL_TOU,22,48,0.24443,0.0,0.0,-0.0,2.0,2.0,0.24443,0.2007
summer,2020-06-21,POOL_TOU,22,49,0.23249,0.0,0.0,-0.0,2.0,2.0,0.23249,0.2007
summer,2020-06-21,POOL_TOU,22,50,1.45662,0.0,0.0,-0.0,2.0,2.0,1.45662,0.2007
summer,2020-06-21,POOL_TOU,22,51,0.89854,0.0002399999999999,0.0,0.0,2.0,2.0,0.8983000000000001,0.2007
summer,2020-06-21,POOL_TOU,22,52,0.24906,2.9999999999999997e-05,0.0,0.0,2.0,2.0,0.24903,0.2007
summer,2020-06-21,POOL_TOU,22,53,0.15811,0.00607,0.0,3.3,8.94736842105263,5.473684210526315,-3.14796,0.2007
summer,2020-06-21,POOL_TOU,22,54,0.50236,0.0,0.0,3.3,8.94736842105263,5.473684210526315,-2.79764,0.2007
summer,2020-06-21,POOL_TOU,22,55,0.4840299999999999,0.00867,0.0,0.0,2.0,2.0,0.4753599999999999,0.2007
summer,2020-06-21,POOL_TOU,23,1,0.02662,7.000000000000001e-05,0.0,-0.0,2.0,2.0,0.02655,0.2007
summer,2020-06-21,POOL_TOU,23,2,0.80562,0.00093,0.0,-0.0,2.0,2.0,0.80469,0.2007
summer,2020-06-21,POOL_TOU,23,3,0.968915,0.00437,0.0,-0.0,2.0,2.0,0.964545,0.2007
summer,2020-06-21,POOL_TOU,23,4,0.43036,0.0,0.0,-0.0,2.0,2.0,0.43036,0.2007
summer,2020-06-21,POOL_TOU,23,5,0.30441,0.00708,0.0,2.97825,5.135,2.0,-2.68092,0.2007
summer,2020-06-21,POOL_TOU,23,6,0.38776,0.0,0.0,-0.0,2.0,2.0,0.38776,0.2007
summer,2020-06-21,POOL_TOU,23,7,0.3374,0.0,0.0,-0.0,2.0,2.0,0.3374,0.2007
summer,2020-06-21,POOL_TOU,23,8,0.17759,0.0,0.0,-0.0,2.0,2.0,0.17759,0.2007
summer,2020-06-21,POOL_TOU,23,9,0.13631,0.0,0.0,-0.0,2.0,2.0,0.13631,0.2007
summer,2020-06-21,POOL_TOU,23,10,0.466,0.0,0.0,-0.0,2.0,2.0,0.466,0.2007
summer,2020-06-21,POOL_TOU,23,11,0.70533,7.000000000000001e-05,0.0,-0.0,2.0,2.0,0.70526,0.2007
summer,2020-06-21,POOL_TOU,23,12,0.18571,0.00093,0.0,-0.0,2.0,2.0,0.18478,0.2007
summer,2020-06-21,POOL_TOU,23,13,0.10567,0.00437,0.0,-0.0,2.0,2.0,0.1013,0.2007
summer,2020-06-21,POOL_TOU,23,14,0.45073,0.0,0.0,-0.0,2.0,2.0,0.45073,0.2007
summer,2020-06-21,POOL_TOU,23,15,0.38615,0.00708,0.0,-0.0,2.0,2.0,0.37907,0.2007
summer,2020-06-21,POOL_TOU,23,16,0.23031,0.0,0.0,-0.0,2.0,2.0,0.23031,0.2007
summer,2020-06-21,POOL_TOU,23,17,0.12053,0.0,0.0,-0.0,2.0,2.0,0.12053,0.2007
summer,2020-06-21,POOL_TOU,23,18,0.72936,0.0,0.0,-0.0,2.0,2.0,0.72936,0.2007
summer,2020-06-21,POOL_TOU,23,19,0.3040899999999999,0.0,0.0,-0.0,2.0,2.0,0.3040899999999999,0.2007
summer,2020-06-21,POOL_TOU,23,20,0.26985,0.0,0.0,-0.0,2.0,2.0,0.26985,0.2007
summer,2020-06-21,POOL_TOU,23,21,0.02662,7.000000000000001e-05,0.0,2.6565000000000003,4.7963157894736845,2.0,-2.6299500000000005,0.2007
summer,2020-06-21,POOL_TOU,23,22,0.80562,0.00093,0.0,-0.0,2.0,2.0,0.80469,0.2007
summer,2020-06-21,POOL_TOU,23,23,0.968915,0.00437,0.0,-0.0,2.0,2.0,0.964545,0.2007
summer,2020-06-21,POOL_TOU,23,24,0.43036,0.0,0.0,2.97825,5.135,2.0,-2.54789,0.2007
summer,2020-06-21,POOL_TOU,23,25,0.30441,0.00708,0.0,-0.0,2.0,2.0,0.29733000000000004,0.2007
summer,2020-06-21,POOL_TOU,23,26,0.38776,0.0,0.0,-0.0,2.0,2.0,0.38776,0.2007
summer,2020-06-21,POOL_TOU,23,27,0.3374,0.0,0.0,-0.0,2.0,2.0,0.3374,0.2007
summer,2020-06-21,POOL_TOU,23,28,0.17759,0.0,0.0,-0.0,2.0,2.0,0.17759,0.2007
summer,2020-06-21,POOL_TOU,23,29,0.13631,0.0,0.0,-0.0,2.0,2.0,0.13631,0.2007
summer,2020-06-21,POOL_TOU,23,30,0.466,0.0,0.0,-0.0,2.0,2.0,0.466,0.2007
summer,2020-06-21,POOL_TOU,23,31,0.70533,7.000000000000001e-05,0.0,-0.0,2.0,2.0,0.70526,0.2007
summer,2020-06-21,POOL_TOU,23,32,0.18571,0.00093,0.0,-0.0,2.0,2.0,0.18478,0.2007
summer,2020-06-21,POOL_TOU,23,33,0.10567,0.00437,0.0,2.344305000000001,4.467689473684212,2.0,-2.243005000000001,0.2007
summer,2020-06-21,POOL_TOU,23,34,0.45073,0.0,0.0,-0.0,2.0,2.0,0.45073,0.2007
summer,2020-06-21,POOL_TOU,23,35,0.38615,0.00708,0.0,-0.0,2.0,2.0,0.37907,0.2007
summer,2020-06-21,POOL_TOU,23,36,0.23031,0.0,0.0,-0.0,2.0,2.0,0.23031,0.2007
summer,2020-06-21,POOL_TOU,23,37,0.12053,0.0,0.0,-0.0,2.0,2.0,0.12053,0.2007
summer,2020-06-21,POOL_TOU,23,38,0.72936,0.0,0.0,-0.0,2.0,2.0,0.72936,0.2007
summer,2020-06-21,POOL_TOU,23,39,0.3040899999999999,0.0,0.0,-0.0,2.0,2.0,0.3040899999999999,0.2007
summer,2020-06-21,POOL_TOU,23,40,0.26985,0.0,0.0,-0.0,2.0,2.0,0.26985,0.2007
summer,2020-06-21,POOL_TOU,23,41,0.02662,7.000000000000001e-05,0.0,-0.0,2.0,2.0,0.02655,0.2007
summer,2020-06-21,POOL_TOU,23,42,0.80562,0.00093,0.0,-0.0,2.0,2.0,0.80469,0.2007
summer,2020-06-21,POOL_TOU,23,43,0.968915,0.00437,0.0,-0.0,2.0,2.0,0.964545,0.2007
summer,2020-06-21,POOL_TOU,23,44,0.43036,0.0,0.0,-0.0,2.0,2.0,0.43036,0.2007
summer,2020-06-21,POOL_TOU,23,45,0.30441,0.00708,0.0,-0.0,2.0,2.0,0.29733000000000004,0.2007
summer,2020-06-21,POOL_TOU,23,46,0.38776,0.0,0.0,3.3,5.473684210526315,2.0,-2.9122399999999997,0.2007
summer,2020-06-21,POOL_TOU,23,47,0.3374,0.0,0.0,-0.0,2.0,2.0,0.3374,0.2007
summer,2020-06-21,POOL_TOU,23,48,0.17759,0.0,0.0,-0.0,2.0,2.0,0.17759,0.2007
summer,2020-06-21,POOL_TOU,23,49,0.13631,0.0,0.0,-0.0,2.0,2.0,0.13631,0.2007
summer,2020-06-21,POOL_TOU,23,50,0.466,0.0,0.0,-0.0,2.0,2.0,0.466,0.2007
summer,2020-06-21,POOL_TOU,23,51,0.70533,7.000000000000001e-05,0.0,-0.0,2.0,2.0,0.70526,0.2007
summer,2020-06-21,POOL_TOU,23,52,0.18571,0.00093,0.0,-0.0,2.0,2.0,0.18478,0.2007
summer,2020-06-21,POOL_TOU,23,53,0.10567,0.00437,0.0,3.3,5.473684210526315,2.0,-3.1986999999999997,0.2007
summer,2020-06-21,POOL_TOU,23,54,0.45073,0.0,0.0,3.3,5.473684210526315,2.0,-2.8492699999999997,0.2007
summer,2020-06-21,POOL_TOU,23,55,0.38615,0.00708,0.0,-0.0,2.0,2.0,0.37907,0.2007
