Date,Signal,SameTimestampMatchedFinitePoints,SameTimestampPearsonR,SameTimestampRMSE_W,SameTimestampMAE_W,SameTimestampP99AbsoluteError_W,SameTimestampRoundingAgreementFraction,SameTimestampEquivalentOnMeasuredSlope,SameTimestampEquivalentOnMeasuredIntercept_W,SameTimestampPassR0p99,Unnamed6PresentRows,Unnamed6AbsentRows,Unnamed6PresentFraction,LagSearchMinimumMinutes,LagSearchMaximumMinutes,LagMinimumFinitePoints,BestLagDiagnosticStatus,BestWhTimestampOffsetMinutes,BestLagAtSearchBoundary,BestLagMatchedFinitePoints,BestLagPearsonR,BestLagRMSE_W,BestLagMAE_W,BestLagP99AbsoluteError_W,BestLagEquivalentOnMeasuredSlope,BestLagEquivalentOnMeasuredIntercept_W,BestLagPassR0p99,AlignmentCategory,AlignmentRule,AlignmentAffectedByUnnamed6,AlignmentSelectedMapping,MappedComparisonScope,MappedComparisonScopeDescription,AlignmentPassMinimumFinitePoints,AlignmentSelectedMatchedFinitePoints,AlignmentSelectedPearsonR,AlignmentSelectedRMSE_W,AlignmentSelectedMAE_W,AlignmentSelectedP99AbsoluteError_W,AlignmentSelectedPassR0p99,CandidateSameDate0MatchedFinitePoints,CandidateSameDate0PearsonR,CandidateSameDate0PassR0p99,CandidateSameDatePlus60CoreMatchedFinitePoints,CandidateSameDatePlus60CorePearsonR,CandidateSameDatePlus60CorePassR0p99,CandidateSameDatePlus60Continuous24hMatchedFinitePoints,CandidateSameDatePlus60Continuous24hPearsonR,CandidateSameDatePlus60Continuous24hPassR0p99,CandidateTransposePlus60CoreMatchedFinitePoints,CandidateTransposePlus60CorePearsonR,CandidateTransposePlus60CorePassR0p99,CandidateTransposePlus60Continuous24hMatchedFinitePoints,CandidateTransposePlus60Continuous24hPearsonR,CandidateTransposePlus60Continuous24hPassR0p99
2020-01-01,Production,1377,0.9999992441003729,0.10097563285948039,0.05098039215686285,0.20000000000001705,1.0,1.0000395729793727,-0.01258652138318439,True,0,1380,0.0,-1440,1440,60,ok,0,False,1377,0.9999992441003729,0.10097563285948039,0.05098039215686285,0.20000000000001705,1.0000395729793727,-0.01258652138318439,True,unaffected_same0,frozen_rule_based_v2,False,same_date_0,source_and_mapped_target_w_status_both_endpoints,finite mapped W/Wh pairs requiring the released W-status observation proxy at both endpoints on both the source W timestamps and mapped-target Wh timestamps; W status is not proof of Wh ground truth,60,1375,0.9999992438154173,0.10104904299848226,0.05105454545454556,0.20000000000001705,True,1375,0.9999992438154173,True,1311,0.7731158108639153,False,1366,0.7755452877379378,False,1311,0.7731158108639153,False,1366,0.7755452877379378,False
2020-01-01,Consumption,1377,0.9999166526955514,7.34445977078088,0.3982570806100215,0.20000000000027285,0.9985475671750181,0.9998734208345227,0.31303685571811,True,0,1380,0.0,-1440,1440,60,ok,0,False,1377,0.9999166526955514,7.34445977078088,0.3982570806100215,0.20000000000027285,0.9998734208345227,0.31303685571811,True,unaffected_same0,frozen_rule_based_v2,False,same_date_0,source_and_mapped_target_w_status_both_endpoints,finite mapped W/Wh pairs requiring the released W-status observation proxy at both endpoints on both the source W timestamps and mapped-target Wh timestamps; W status is not proof of Wh ground truth,60,1375,0.9999999596916066,0.1615380619375668,0.13047272727272693,0.20000000000027285,True,1375,0.9999999596916066,True,1311,0.35491521474420445,False,1366,0.3588958393085526,False,1311,0.35491521474420445,False,1366,0.3588958393085526,False
2020-01-02,Production,1437,,374.47756878060534,169.15073068893525,1263.3360000000002,0.6882393876130828,,,False,1437,3,0.9979166666666667,-1440,1440,60,no_eligible_finite_variance_candidate,,,,,,,,,,,unresolved,frozen_rule_based_v2,True,none,source_and_mapped_target_w_status_both_endpoints,finite mapped W/Wh pairs requiring the released W-status observation proxy at both endpoints on both the source W timestamps and mapped-target Wh timestamps; W status is not proof of Wh ground truth,60,0,,,,,False,1435,,False,1375,,False,1433,,False,1371,,False,1431,,False
2020-01-02,Consumption,1437,0.08494983071541387,3090.1187122656347,2343.7700765483646,8459.56000000001,0.0,0.037068664611406225,810.5154594492062,False,1437,3,0.9979166666666667,-1440,1440,60,ok,1268,False,1437,0.2129718756749143,3133.9234142717223,2346.5729297146836,8076.960000000028,0.06836161738490588,405.90546699766173,False,unresolved,frozen_rule_based_v2,True,none,source_and_mapped_target_w_status_both_endpoints,finite mapped W/Wh pairs requiring the released W-status observation proxy at both endpoints on both the source W timestamps and mapped-target Wh timestamps; W status is not proof of Wh ground truth,60,0,,,,,False,1435,0.08483909269167463,False,1375,-0.022531523665896332,False,1433,-0.017083627981298755,False,1371,-0.007485638957885956,False,1431,-0.03731067136695044,False
2020-01-03,Production,1439,,134.3583900767521,48.931063238359975,645.2879999999997,0.6448922863099374,,,False,1439,1,0.9993055555555556,-1440,1440,60,no_eligible_finite_variance_candidate,,,,,,,,,,,unresolved,frozen_rule_based_v2,True,none,source_and_mapped_target_w_status_both_endpoints,finite mapped W/Wh pairs requiring the released W-status observation proxy at both endpoints on both the source W timestamps and mapped-target Wh timestamps; W status is not proof of Wh ground truth,60,0,,,,,False,1438,,False,1378,,False,1434,,False,1375,,False,1435,,False
2020-01-03,Consumption,1439,0.09270493964468972,2719.436811018854,2049.002571230021,7049.052,0.0,0.03590626342760105,462.29277470611737,False,1439,1,0.9993055555555556,-1440,1440,60,ok,-663,False,1439,0.25253885103909396,2485.476701415657,1914.9529534398887,4896.271999999957,0.12399065607450596,560.2892029489785,False,unresolved,frozen_rule_based_v2,True,none,source_and_mapped_target_w_status_both_endpoints,finite mapped W/Wh pairs requiring the released W-status observation proxy at both endpoints on both the source W timestamps and mapped-target Wh timestamps; W status is not proof of Wh ground truth,60,0,,,,,False,1438,0.09289913128518733,False,1378,-0.004932858367452769,False,1434,-0.005168430497322684,False,1375,0.20591772773585926,False,1435,0.20200822532363252,False
2020-01-04,Production,1438,,295.67847261088804,144.10848400556327,1263.215999999995,0.5535465924895688,,,False,1438,2,0.9986111111111111,-1440,1440,60,no_eligible_finite_variance_candidate,,,,,,,,,,,unresolved,frozen_rule_based_v2,True,none,source_and_mapped_target_w_status_both_endpoints,finite mapped W/Wh pairs requiring the released W-status observation proxy at both endpoints on both the source W timestamps and mapped-target Wh timestamps; W status is not proof of Wh ground truth,60,0,,,,,False,1436,,False,1376,,False,1432,,False,1372,,False,1432,,False
2020-01-04,Consumption,1438,0.033848968073943164,2567.650370152627,1973.6561196105702,7349.147999999996,0.0,0.03197999059552738,1014.8685553672414,False,1438,2,0.9986111111111111,-1440,1440,60,ok,588,False,1438,0.20980306695013068,2361.8551428837923,1838.1748261474272,5363.089999999999,0.2020265845209127,708.3723550048596,False,unresolved,frozen_rule_based_v2,True,none,source_and_mapped_target_w_status_both_endpoints,finite mapped W/Wh pairs requiring the released W-status observation proxy at both endpoints on both the source W timestamps and mapped-target Wh timestamps; W status is not proof of Wh ground truth,60,0,,,,,False,1436,0.03440695215288178,False,1376,-0.0013988580339278451,False,1432,-0.0033705369847594675,False,1372,-0.0041247435646064225,False,1432,-0.003415594832115958,False
2020-01-05,Production,1438,,649.2018250638264,360.87955493741305,2222.579999999999,0.46801112656467314,,,False,1438,2,0.9986111111111111,-1440,1440,60,no_eligible_finite_variance_candidate,,,,,,,,,,,unresolved,frozen_rule_based_v2,True,none,source_and_mapped_target_w_status_both_endpoints,finite mapped W/Wh pairs requiring the released W-status observation proxy at both endpoints on both the source W timestamps and mapped-target Wh timestamps; W status is not proof of Wh ground truth,60,0,,,,,False,1436,,False,1376,,False,1432,,False,1369,,False,1429,,False
2020-01-05,Consumption,1438,0.007510700879142245,2222.5820879440007,1769.8454798331013,3397.8379999999997,0.0,0.0046342847746887374,651.2161350048954,False,1438,2,0.9986111111111111,-1440,1440,60,ok,-320,False,1438,0.14198271340603963,2234.174628406557,1743.1306675938806,5134.247999999999,0.12611011161572996,630.1610258292883,False,unresolved,frozen_rule_based_v2,True,none,source_and_mapped_target_w_status_both_endpoints,finite mapped W/Wh pairs requiring the released W-status observation proxy at both endpoints on both the source W timestamps and mapped-target Wh timestamps; W status is not proof of Wh ground truth,60,0,,,,,False,1436,0.00804855001830547,False,1376,0.04040699399246016,False,1432,0.036955987403854654,False,1369,-0.004593580992579463,False,1429,-0.00503242324209791,False
2020-01-06,Production,1438,,291.7149878880987,185.1538247566064,753.4679999999995,0.4471488178025035,,,False,1438,2,0.9986111111111111,-1440,1440,60,no_eligible_finite_variance_candidate,,,,,,,,,,,unresolved,frozen_rule_based_v2,True,none,source_and_mapped_target_w_status_both_endpoints,finite mapped W/Wh pairs requiring the released W-status observation proxy at both endpoints on both the source W timestamps and mapped-target Wh timestamps; W status is not proof of Wh ground truth,60,0,,,,,False,1436,,False,1376,,False,1432,,False,1373,,False,1431,,False
2020-01-06,Consumption,1438,0.0015976124790631693,2979.700894422548,2175.160361613352,9546.645999999972,0.0006954102920723226,0.00021957130491266814,321.04448627577386,False,1438,2,0.9986111111111111,-1440,1440,60,ok,917,False,1438,0.3284976077499134,2867.6400316229756,2126.953755215577,8886.646,0.06763204763140368,192.7824092260475,False,unresolved,frozen_rule_based_v2,True,none,source_and_mapped_target_w_status_both_endpoints,finite mapped W/Wh pairs requiring the released W-status observation proxy at both endpoints on both the source W timestamps and mapped-target Wh timestamps; W status is not proof of Wh ground truth,60,0,,,,,False,1436,0.0015978034668190154,False,1376,0.010371614358076368,False,1432,0.00906274437869617,False,1373,-0.11964863800328976,False,1431,-0.11287888919099433,False
2020-01-07,Production,1438,,555.9935702192731,350.1972183588317,1756.4459999999995,0.4242002781641168,,,False,1438,2,0.9986111111111111,-1440,1440,60,no_eligible_finite_variance_candidate,,,,,,,,,,,unresolved,frozen_rule_based_v2,True,none,source_and_mapped_target_w_status_both_endpoints,finite mapped W/Wh pairs requiring the released W-status observation proxy at both endpoints on both the source W timestamps and mapped-target Wh timestamps; W status is not proof of Wh ground truth,60,0,,,,,False,1436,,False,1376,,False,1432,,False,1373,,False,1433,,False
2020-01-07,Consumption,1438,0.007315205986657785,3335.562894205873,2518.7853268428375,9370.835999999994,0.0,0.0026655577706237252,590.7094188611745,False,1438,2,0.9986111111111111,-1440,1440,60,ok,206,False,1438,0.22268810690773921,3180.75859353515,2402.06050069541,7468.839999999999,0.0808015110660109,393.80159219016264,False,unresolved,frozen_rule_based_v2,True,none,source_and_mapped_target_w_status_both_endpoints,finite mapped W/Wh pairs requiring the released W-status observation proxy at both endpoints on both the source W timestamps and mapped-target Wh timestamps; W status is not proof of Wh ground truth,60,0,,,,,False,1436,0.007471964280836852,False,1376,0.07319633031219568,False,1432,0.07114271865366838,False,1373,-0.07605041981288026,False,1433,-0.07247886655298766,False
2020-01-08,Production,1434,,723.6258878559513,425.4391213389121,1926.21,0.41352859135285913,,,False,1434,6,0.9958333333333333,-1440,1440,60,no_eligible_finite_variance_candidate,,,,,,,,,,,unresolved,frozen_rule_based_v2,True,none,source_and_mapped_target_w_status_both_endpoints,finite mapped W/Wh pairs requiring the released W-status observation proxy at both endpoints on both the source W timestamps and mapped-target Wh timestamps; W status is not proof of Wh ground truth,60,0,,,,,False,1430,,False,1364,,False,1364,,False,1368,,False,1428,,False
2020-01-08,Consumption,1434,0.024036540316652942,2944.308833949953,2303.8933751743375,6796.364000000002,0.0,0.012923436371367926,1020.5605667907848,False,1434,6,0.9958333333333333,-1440,1440,60,ok,95,False,1434,0.15920677332865474,2796.4542599930446,2216.413248508128,5931.782000000004,0.0854222265438873,869.0149490555108,False,unresolved,frozen_rule_based_v2,True,none,source_and_mapped_target_w_status_both_endpoints,finite mapped W/Wh pairs requiring the released W-status observation proxy at both endpoints on both the source W timestamps and mapped-target Wh timestamps; W status is not proof of Wh ground truth,60,0,,,,,False,1430,0.024675249053674294,False,1364,0.11509871333778163,False,1364,0.11509871333778163,False,1368,0.029684570123755676,False,1428,0.0331187876715421,False
2020-01-09,Production,1379,0.9999999640104071,0.1147561023069309,0.06584481508339418,0.20000000000004547,1.0,0.999991088081039,0.00330958641535517,True,0,1440,0.0,-1440,1440,60,ok,0,False,1379,0.9999999640104071,0.1147561023069309,0.06584481508339418,0.20000000000004547,0.999991088081039,0.00330958641535517,True,unaffected_same0,frozen_rule_based_v2,False,same_date_0,source_and_mapped_target_w_status_both_endpoints,finite mapped W/Wh pairs requiring the released W-status observation proxy at both endpoints on both the source W timestamps and mapped-target Wh timestamps; W status is not proof of Wh ground truth,60,1377,0.9999999639890075,0.11483940983318919,0.06594045025417616,0.20000000000004547,True,1377,0.9999999639890075,True,1315,0.8126054973743935,False,1375,0.816125469312693,False,1315,0.4124086699833045,False,1375,0.41936048571865253,False
2020-01-09,Consumption,1379,0.9999928377125102,4.586204365906443,0.2569978245105198,0.20000000000027285,0.9992748368382887,0.999953384308116,0.1638453839078693,True,0,1440,0.0,-1440,1440,60,ok,0,False,1379,0.9999928377125102,4.586204365906443,0.2569978245105198,0.20000000000027285,0.999953384308116,0.1638453839078693,True,unaffected_same0,frozen_rule_based_v2,False,same_date_0,source_and_mapped_target_w_status_both_endpoints,finite mapped W/Wh pairs requiring the released W-status observation proxy at both endpoints on both the source W timestamps and mapped-target Wh timestamps; W status is not proof of Wh ground truth,60,1377,0.999999990915815,0.16347710536851043,0.13362381989833463,0.20000000000027285,True,1377,0.999999990915815,True,1315,-0.0036432824478425034,False,1375,0.005541551845012824,False,1315,0.058946253178307206,False,1375,0.04007652859430182,False
2020-01-10,Production,1439,0.999999944294652,0.10531398502230625,0.05545517720639321,0.20000000000004547,1.0,1.0000160715644708,0.0003533823409611614,True,0,1440,0.0,-1440,1440,60,ok,0,False,1439,0.999999944294652,0.10531398502230625,0.05545517720639321,0.20000000000004547,1.0000160715644708,0.0003533823409611614,True,unaffected_same0,frozen_rule_based_v2,False,same_date_0,source_and_mapped_target_w_status_both_endpoints,finite mapped W/Wh pairs requiring the released W-status observation proxy at both endpoints on both the source W timestamps and mapped-target Wh timestamps; W status is not proof of Wh ground truth,60,1438,0.9999999442824283,0.10535059687288986,0.05549374130737123,0.20000000000004547,True,1438,0.9999999442824283,True,1376,0.4762149367999765,False,1436,0.48343893719181663,False,1374,0.10847687987564905,False,1434,0.11771147193881626,False
2020-01-10,Consumption,1439,0.9999927638870238,3.462520462028384,0.22599027102154626,0.20000000000027285,0.9993050729673384,0.9999425122688869,0.1290944761810806,True,0,1440,0.0,-1440,1440,60,ok,0,False,1439,0.9999927638870238,3.462520462028384,0.22599027102154626,0.20000000000027285,0.9999425122688869,0.1290944761810806,True,unaffected_same0,frozen_rule_based_v2,False,same_date_0,source_and_mapped_target_w_status_both_endpoints,finite mapped W/Wh pairs requiring the released W-status observation proxy at both endpoints on both the source W timestamps and mapped-target Wh timestamps; W status is not proof of Wh ground truth,60,1438,0.9999999837108338,0.16426174031833188,0.13490959666203414,0.20000000000027285,True,1438,0.9999999837108338,True,1376,0.1114985109752362,False,1436,0.11280066866601572,False,1374,0.13118538731995708,False,1434,0.11200129690094425,False
2020-01-11,Production,1437,0.9988635689674147,2.0015373353851897,0.09171885873347248,0.20000000000000284,0.9993041057759221,1.0017941856070403,0.01373967457119818,True,0,1440,0.0,-1440,1440,60,ok,0,False,1437,0.9988635689674147,2.0015373353851897,0.09171885873347248,0.20000000000000284,1.0017941856070403,0.01373967457119818,True,unaffected_same0,frozen_rule_based_v2,False,same_date_0,source_and_mapped_target_w_status_both_endpoints,finite mapped W/Wh pairs requiring the released W-status observation proxy at both endpoints on both the source W timestamps and mapped-target Wh timestamps; W status is not proof of Wh ground truth,60,1434,0.9999977784863883,0.08837601926445919,0.03905160390516037,0.20000000000000284,True,1434,0.9999977784863883,True,1368,0.5779592255622531,False,1428,0.5819774333722316,False,1371,0.6205617342974897,False,1431,0.6239759893847717,False
2020-01-11,Consumption,1437,0.9982494100498327,85.920529545363,3.1171885873347263,0.20000000000027285,0.9979123173277662,1.00193104909482,0.8214223392242275,True,0,1440,0.0,-1440,1440,60,ok,0,False,1437,0.9982494100498327,85.920529545363,3.1171885873347263,0.20000000000027285,1.00193104909482,0.8214223392242275,True,unaffected_same0,frozen_rule_based_v2,False,same_date_0,source_and_mapped_target_w_status_both_endpoints,finite mapped W/Wh pairs requiring the released W-status observation proxy at both endpoints on both the source W timestamps and mapped-target Wh timestamps; W status is not proof of Wh ground truth,60,1434,0.9999999935179039,0.16474484730663583,0.13570432357043402,0.20000000000027285,True,1434,0.9999999935179039,True,1368,0.15518585279951594,False,1428,0.16556480553240166,False,1371,-0.16617070246868446,False,1431,-0.16632876601419413,False
2020-01-12,Production,1438,0.9999998066342223,0.09241016387090822,0.0426981919332407,0.20000000000004547,1.0,1.0000425651963918,-0.003479415344742165,True,0,1440,0.0,-1440,1440,60,ok,0,False,1438,0.9999998066342223,0.09241016387090822,0.0426981919332407,0.20000000000004547,1.0000425651963918,-0.003479415344742165,True,unaffected_same0,frozen_rule_based_v2,False,same_date_0,source_and_mapped_target_w_status_both_endpoints,finite mapped W/Wh pairs requiring the released W-status observation proxy at both endpoints on both the source W timestamps and mapped-target Wh timestamps; W status is not proof of Wh ground truth,60,1437,0.9999998066131908,0.09244231212857615,0.042727905358385616,0.20000000000004547,True,1437,0.9999998066131908,True,1374,0.6293719997244567,False,1434,0.6319327113435219,False,1375,0.7097760172952405,False,1435,0.7118143491557639,False
2020-01-12,Consumption,1438,0.9999889159103987,7.227424205052411,0.3257301808066821,0.2000000000007276,0.9993045897079277,0.9999039699931348,0.3013450615637794,True,0,1440,0.0,-1440,1440,60,ok,0,False,1438,0.9999889159103987,7.227424205052411,0.3257301808066821,0.2000000000007276,0.9999039699931348,0.3013450615637794,True,unaffected_same0,frozen_rule_based_v2,False,same_date_0,source_and_mapped_target_w_status_both_endpoints,finite mapped W/Wh pairs requiring the released W-status observation proxy at both endpoints on both the source W timestamps and mapped-target Wh timestamps; W status is not proof of Wh ground truth,60,1437,0.999999994299083,0.1644881984585889,0.13528183716075765,0.2000000000007276,True,1437,0.999999994299083,True,1374,0.3192755548481673,False,1434,0.313210318477853,False,1375,0.01714089168574774,False,1435,0.016053746507174754,False
2020-01-13,Production,1439,0.9999996111725252,0.09387052132671185,0.04405837387074351,0.20000000000001705,1.0,0.9999824479679242,-0.003040230103309227,True,0,1440,0.0,-1440,1440,60,ok,0,False,1439,0.9999996111725252,0.09387052132671185,0.04405837387074351,0.20000000000001705,0.9999824479679242,-0.003040230103309227,True,unaffected_same0,frozen_rule_based_v2,False,same_date_0,source_and_mapped_target_w_status_both_endpoints,finite mapped W/Wh pairs requiring the released W-status observation proxy at both endpoints on both the source W timestamps and mapped-target Wh timestamps; W status is not proof of Wh ground truth,60,1438,0.9999996111334242,0.09390315491759052,0.044089012517385194,0.20000000000001705,True,1438,0.9999996111334242,True,1376,0.5105880136611074,False,1436,0.5137034308459244,False,0,,False,0,,False
2020-01-13,Consumption,1439,0.9995211388118401,34.63934223649158,1.0421125781792941,0.20000000000027285,0.9993050729673384,1.000082009441695,0.8142492269448667,True,0,1440,0.0,-1440,1440,60,ok,0,False,1439,0.9995211388118401,34.63934223649158,1.0421125781792941,0.20000000000027285,1.000082009441695,0.8142492269448667,True,unaffected_same0,frozen_rule_based_v2,False,same_date_0,source_and_mapped_target_w_status_both_endpoints,finite mapped W/Wh pairs requiring the released W-status observation proxy at both endpoints on both the source W timestamps and mapped-target Wh timestamps; W status is not proof of Wh ground truth,60,1438,0.999999989703969,0.16066620690650926,0.12906815020862614,0.20000000000027285,True,1438,0.999999989703969,True,1376,0.006760219625849678,False,1436,0.004432813302566809,False,0,,False,0,,False
2020-01-14,Production,1439,0.9999998494919617,0.07908440613644492,0.03127171646977077,0.20000000000004547,1.0,1.0000426740496258,-0.0012361588816247604,True,0,1440,0.0,-1440,1440,60,ok,0,False,1439,0.9999998494919617,0.07908440613644492,0.03127171646977077,0.20000000000004547,1.0000426740496258,-0.0012361588816247604,True,unaffected_same0,frozen_rule_based_v2,False,same_date_0,source_and_mapped_target_w_status_both_endpoints,finite mapped W/Wh pairs requiring the released W-status observation proxy at both endpoints on both the source W timestamps and mapped-target Wh timestamps; W status is not proof of Wh ground truth,60,1438,0.999999849478403,0.07911189941248367,0.03129346314325462,0.20000000000004547,True,1438,0.999999849478403,True,1376,0.42625307470288887,False,1436,0.42950756511613564,False,0,,False,0,,False
2020-01-14,Consumption,1439,0.9997691240605432,28.571035061322686,0.8889506601806844,0.20000000000027285,0.9993050729673384,0.9998149992736809,1.0365852258635186,True,0,1440,0.0,-1440,1440,60,ok,0,False,1439,0.9997691240605432,28.571035061322686,0.8889506601806844,0.20000000000027285,0.9998149992736809,1.0365852258635186,True,unaffected_same0,frozen_rule_based_v2,False,same_date_0,source_and_mapped_target_w_status_both_endpoints,finite mapped W/Wh pairs requiring the released W-status observation proxy at both endpoints on both the source W timestamps and mapped-target Wh timestamps; W status is not proof of Wh ground truth,60,1438,0.9999999923200423,0.16485337186174476,0.13588317107093537,0.20000000000027285,True,1438,0.9999999923200423,True,1376,0.09806017961537526,False,1436,0.120033264676768,False,0,,False,0,,False
2020-01-15,Production,1438,0.9999999215209674,0.08793726427314112,0.038664812239221386,0.20000000000004547,1.0,1.0000461557662121,-0.0034033002871751705,True,0,1440,0.0,-1440,1440,60,ok,0,False,1438,0.9999999215209674,0.08793726427314112,0.038664812239221386,0.20000000000004547,1.0000461557662121,-0.0034033002871751705,True,unaffected_same0,frozen_rule_based_v2,False,same_date_0,source_and_mapped_target_w_status_both_endpoints,finite mapped W/Wh pairs requiring the released W-status observation proxy at both endpoints on both the source W timestamps and mapped-target Wh timestamps; W status is not proof of Wh ground truth,60,1437,0.9999999215115779,0.08796785646897808,0.038691718858733716,0.20000000000004547,True,1437,0.9999999215115779,True,1374,0.4848308452513596,False,1434,0.488745712184185,False,0,,False,0,,False
2020-01-15,Consumption,1438,0.9951166370224716,112.02256652251846,3.0851182197496514,0.20000000000027285,0.9993045897079277,1.0024948417335027,0.33114105692948215,True,0,1440,0.0,-1440,1440,60,ok,0,False,1438,0.9951166370224716,112.02256652251846,3.0851182197496514,0.20000000000027285,1.0024948417335027,0.33114105692948215,True,unaffected_same0,frozen_rule_based_v2,False,same_date_0,source_and_mapped_target_w_status_both_endpoints,finite mapped W/Wh pairs requiring the released W-status observation proxy at both endpoints on both the source W timestamps and mapped-target Wh timestamps; W status is not proof of Wh ground truth,60,1437,0.9999999896805072,0.16192990571001975,0.1311064718162821,0.20000000000027285,True,1437,0.9999999896805072,True,1374,0.041949435188484444,False,1434,0.044013030271881325,False,0,,False,0,,False
2020-01-16,Production,1439,0.9999996052466075,0.08582672396295125,0.03683113273106324,0.20000000000001705,1.0,1.0000173839204505,1.0561230610051098e-06,True,0,1440,0.0,-1440,1440,60,ok,0,False,1439,0.9999996052466075,0.08582672396295125,0.03683113273106324,0.20000000000001705,1.0000173839204505,1.0561230610051098e-06,True,unaffected_same0,frozen_rule_based_v2,False,same_date_0,source_and_mapped_target_w_status_both_endpoints,finite mapped W/Wh pairs requiring the released W-status observation proxy at both endpoints on both the source W timestamps and mapped-target Wh timestamps; W status is not proof of Wh ground truth,60,1438,0.9999996051997039,0.08585656117016686,0.0368567454798331,0.20000000000001705,True,1438,0.9999996051997039,True,1376,0.37851113134921194,False,1436,0.3831521158787355,False,0,,False,0,,False
2020-01-16,Consumption,1439,0.9999886657695043,6.112812504890397,0.2970118137595561,0.20000000000027285,0.9993050729673384,0.9998913792113102,0.30027059466942774,True,0,1440,0.0,-1440,1440,60,ok,0,False,1439,0.9999886657695043,6.112812504890397,0.2970118137595561,0.20000000000027285,0.9998913792113102,0.30027059466942774,True,unaffected_same0,frozen_rule_based_v2,False,same_date_0,source_and_mapped_target_w_status_both_endpoints,finite mapped W/Wh pairs requiring the released W-status observation proxy at both endpoints on both the source W timestamps and mapped-target Wh timestamps; W status is not proof of Wh ground truth,60,1438,0.9999999917503638,0.16493771741438867,0.13602225312934718,0.20000000000027285,True,1438,0.9999999917503638,True,1376,0.12514797408279849,False,1436,0.1498698439962297,False,0,,False,0,,False
2020-01-17,Production,1439,0.9999998830521453,0.09519374194718253,0.04530924252953432,0.20000000000004547,1.0,0.9999904248757997,-0.0015353623180089926,True,0,1440,0.0,-1440,1440,60,ok,0,False,1439,0.9999998830521453,0.09519374194718253,0.04530924252953432,0.20000000000004547,0.9999904248757997,-0.0015353623180089926,True,unaffected_same0,frozen_rule_based_v2,False,same_date_0,source_and_mapped_target_w_status_both_endpoints,finite mapped W/Wh pairs requiring the released W-status observation proxy at both endpoints on both the source W timestamps and mapped-target Wh timestamps; W status is not proof of Wh ground truth,60,1438,0.9999998830413075,0.09522683554872012,0.045340751043115364,0.20000000000004547,True,1438,0.9999998830413075,True,1376,0.34657034640907575,False,1436,0.3503840238525018,False,0,,False,0,,False
2020-01-17,Consumption,1439,0.9993531855074078,56.04999108869147,1.6100069492703362,0.2000000000007276,0.9993050729673384,1.0002712761521215,1.0226543470043907,True,0,1440,0.0,-1440,1440,60,ok,0,False,1439,0.9993531855074078,56.04999108869147,1.6100069492703362,0.2000000000007276,1.0002712761521215,1.0226543470043907,True,unaffected_same0,frozen_rule_based_v2,False,same_date_0,source_and_mapped_target_w_status_both_endpoints,finite mapped W/Wh pairs requiring the released W-status observation proxy at both endpoints on both the source W timestamps and mapped-target Wh timestamps; W status is not proof of Wh ground truth,60,1438,0.9999999945335949,0.16281597075778445,0.13254520166899406,0.2000000000007276,True,1438,0.9999999945335949,True,1376,-0.00879818560332456,False,1436,-0.006662458525721264,False,0,,False,0,,False
2020-01-18,Production,1438,0.9999999571749059,0.09537277714477024,0.04547983310153037,0.20000000000004547,1.0,0.9999997605263958,-9.953410844332211e-05,True,0,1440,0.0,-1440,1440,60,ok,0,False,1438,0.9999999571749059,0.09537277714477024,0.04547983310153037,0.20000000000004547,0.9999997605263958,-9.953410844332211e-05,True,unaffected_same0,frozen_rule_based_v2,False,same_date_0,source_and_mapped_target_w_status_both_endpoints,finite mapped W/Wh pairs requiring the released W-status observation proxy at both endpoints on both the source W timestamps and mapped-target Wh timestamps; W status is not proof of Wh ground truth,60,1437,0.9999999571672507,0.09540595605589562,0.04551148225469775,0.20000000000004547,True,1437,0.9999999571672507,True,1374,0.8306045464167346,False,1434,0.8325108852710406,False,0,,False,0,,False
2020-01-18,Consumption,1438,0.9856223011218241,220.40581240489936,5.945897079276777,0.20000000000027285,0.9993045897079277,1.0102963195979173,-7.7812604665657545,False,0,1440,0.0,-1440,1440,60,ok,0,False,1438,0.9856223011218241,220.40581240489936,5.945897079276777,0.20000000000027285,1.0102963195979173,-7.7812604665657545,False,unaffected_same0,frozen_rule_based_v2,False,same_date_0,source_and_mapped_target_w_status_both_endpoints,finite mapped W/Wh pairs requiring the released W-status observation proxy at both endpoints on both the source W timestamps and mapped-target Wh timestamps; W status is not proof of Wh ground truth,60,1437,0.9999999917041177,0.16355480418977608,0.13375086986778204,0.20000000000027285,True,1437,0.9999999917041177,True,1374,0.17062250312241115,False,1434,0.16624184340334078,False,0,,False,0,,False
2020-01-19,Production,1439,0.9999998654642861,0.08727199022579259,0.03808200138985414,0.20000000000004547,1.0,0.9999883358750005,0.0030532811397279147,True,0,1440,0.0,-1440,1440,60,ok,0,False,1439,0.9999998654642861,0.08727199022579259,0.03808200138985414,0.20000000000004547,0.9999883358750005,0.0030532811397279147,True,unaffected_same0,frozen_rule_based_v2,False,same_date_0,source_and_mapped_target_w_status_both_endpoints,finite mapped W/Wh pairs requiring the released W-status observation proxy at both endpoints on both the source W timestamps and mapped-target Wh timestamps; W status is not proof of Wh ground truth,60,1438,0.9999998654476635,0.08730232987219001,0.03810848400556335,0.20000000000004547,True,1438,0.9999998654476635,True,1376,0.5103452637804452,False,1436,0.5141740684811568,False,0,,False,0,,False
2020-01-19,Consumption,1439,0.999993708591109,5.933635762034738,0.2931202223766607,0.2000000000007276,0.9993050729673384,0.9999168877889981,0.2944943824315942,True,0,1440,0.0,-1440,1440,60,ok,0,False,1439,0.999993708591109,5.933635762034738,0.2931202223766607,0.2000000000007276,0.9999168877889981,0.2944943824315942,True,unaffected_same0,frozen_rule_based_v2,False,same_date_0,source_and_mapped_target_w_status_both_endpoints,finite mapped W/Wh pairs requiring the released W-status observation proxy at both endpoints on both the source W timestamps and mapped-target Wh timestamps; W status is not proof of Wh ground truth,60,1438,0.9999999951077244,0.1654428877164856,0.13685674547984342,0.2000000000007276,True,1438,0.9999999951077244,True,1376,-0.06752607420766545,False,1436,-0.058771783629571424,False,0,,False,0,,False
2020-01-20,Production,1439,0.9999995973360235,0.0856646336880409,0.0366921473245311,0.20000000000001705,1.0,0.9999346366584715,0.00034434898572754946,True,0,1440,0.0,-1440,1440,60,ok,0,False,1439,0.9999995973360235,0.0856646336880409,0.0366921473245311,0.20000000000001705,0.9999346366584715,0.00034434898572754946,True,unaffected_same0,frozen_rule_based_v2,False,same_date_0,source_and_mapped_target_w_status_both_endpoints,finite mapped W/Wh pairs requiring the released W-status observation proxy at both endpoints on both the source W timestamps and mapped-target Wh timestamps; W status is not proof of Wh ground truth,60,1438,0.9999995972522258,0.08569441454542867,0.036717663421418814,0.20000000000001705,True,1438,0.9999995972522258,True,1376,0.7433646857201788,False,1436,0.7467220780009665,False,0,,False,0,,False
2020-01-20,Consumption,1439,0.9999929390754423,4.3737704516656795,0.24808895066017986,0.20000000000027285,0.9993050729673384,0.9998994982165829,0.25420812531569936,True,0,1440,0.0,-1440,1440,60,ok,0,False,1439,0.9999929390754423,4.3737704516656795,0.24808895066017986,0.20000000000027285,0.9998994982165829,0.25420812531569936,True,unaffected_same0,frozen_rule_based_v2,False,same_date_0,source_and_mapped_target_w_status_both_endpoints,finite mapped W/Wh pairs requiring the released W-status observation proxy at both endpoints on both the source W timestamps and mapped-target Wh timestamps; W status is not proof of Wh ground truth,60,1438,0.9999999901752211,0.1630720379735427,0.13296244784422726,0.20000000000027285,True,1438,0.9999999901752211,True,1376,0.17288140816514214,False,1436,0.16342462338741326,False,0,,False,0,,False
2020-01-21,Production,1438,0.9999995932798141,0.08536919737773023,0.036439499304589534,0.20000000000001705,1.0,1.0000466067309683,-0.0037114485202849323,True,0,1440,0.0,-1440,1440,60,ok,0,False,1438,0.9999995932798141,0.08536919737773023,0.036439499304589534,0.20000000000001705,1.0000466067309683,-0.0037114485202849323,True,unaffected_same0,frozen_rule_based_v2,False,same_date_0,source_and_mapped_target_w_status_both_endpoints,finite mapped W/Wh pairs requiring the released W-status observation proxy at both endpoints on both the source W timestamps and mapped-target Wh timestamps; W status is not proof of Wh ground truth,60,1436,0.9999995931590635,0.08542862599430993,0.03649025069637866,0.20000000000001705,True,1436,0.9999995931590635,True,1372,0.5395465468375328,False,1432,0.5438981856434258,False,0,,False,0,,False
2020-01-21,Consumption,1438,0.9999901822556505,7.958431642866978,0.42141863699582566,0.2000000000007276,0.9986091794158554,0.9998775535286504,0.47371117167176635,True,0,1440,0.0,-1440,1440,60,ok,0,False,1438,0.9999901822556505,7.958431642866978,0.42141863699582566,0.2000000000007276,0.9998775535286504,0.47371117167176635,True,unaffected_same0,frozen_rule_based_v2,False,same_date_0,source_and_mapped_target_w_status_both_endpoints,finite mapped W/Wh pairs requiring the released W-status observation proxy at both endpoints on both the source W timestamps and mapped-target Wh timestamps; W status is not proof of Wh ground truth,60,1436,0.9999999958104351,0.16446079703213104,0.13523676880222643,0.2000000000007276,True,1436,0.9999999958104351,True,1372,0.030743681731782255,False,1432,0.039571263853491016,False,0,,False,0,,False
2020-01-22,Production,1437,0.9999999314856106,0.08122239373632639,0.032985386221294696,0.20000000000004547,1.0,0.9999825537304258,-0.002540530071243552,True,0,1440,0.0,-1440,1440,60,ok,0,False,1437,0.9999999314856106,0.08122239373632639,0.032985386221294696,0.20000000000004547,0.9999825537304258,-0.002540530071243552,True,unaffected_same0,frozen_rule_based_v2,False,same_date_0,source_and_mapped_target_w_status_both_endpoints,finite mapped W/Wh pairs requiring the released W-status observation proxy at both endpoints on both the source W timestamps and mapped-target Wh timestamps; W status is not proof of Wh ground truth,60,1435,0.9999999314710558,0.08127897499970976,0.03303135888501775,0.20000000000004547,True,1435,0.9999999314710558,True,1370,0.5999226023773031,False,1430,0.6025968615462106,False,0,,False,0,,False
2020-01-22,Consumption,1437,0.9991094763730772,35.66630232840922,1.447181628392486,0.20000000000027285,0.9986082115518441,1.000060280577802,1.266611340562804,True,0,1440,0.0,-1440,1440,60,ok,0,False,1437,0.9991094763730772,35.66630232840922,1.447181628392486,0.20000000000027285,1.000060280577802,1.266611340562804,True,unaffected_same0,frozen_rule_based_v2,False,same_date_0,source_and_mapped_target_w_status_both_endpoints,finite mapped W/Wh pairs requiring the released W-status observation proxy at both endpoints on both the source W timestamps and mapped-target Wh timestamps; W status is not proof of Wh ground truth,60,1435,0.9999999812232799,0.16375387326855256,0.13407665505226649,0.20000000000027285,True,1435,0.9999999812232799,True,1370,-0.02251700459382118,False,1430,-0.007760381531060557,False,0,,False,0,,False
2020-01-23,Production,1440,0.9999971817836627,0.07940752833047701,0.03152777777777768,0.20000000000000284,1.0,0.9998817066360619,-0.0015133643058113933,True,0,1440,0.0,-1440,1440,60,ok,0,False,1440,0.9999971817836627,0.07940752833047701,0.03152777777777768,0.20000000000000284,0.9998817066360619,-0.0015133643058113933,True,unaffected_same0,frozen_rule_based_v2,False,same_date_0,source_and_mapped_target_w_status_both_endpoints,finite mapped W/Wh pairs requiring the released W-status observation proxy at both endpoints on both the source W timestamps and mapped-target Wh timestamps; W status is not proof of Wh ground truth,60,1440,0.9999971817836627,0.07940752833047701,0.03152777777777768,0.20000000000000284,True,1440,0.9999971817836627,True,1380,0.44849163238745593,False,1440,0.4528366688557787,False,0,,False,0,,False
2020-01-23,Consumption,1440,0.999999993195812,0.16150335393834137,0.13041666666667037,0.20000000000027285,1.0,1.000002855722951,-0.008183693103774203,True,0,1440,0.0,-1440,1440,60,ok,0,False,1440,0.999999993195812,0.16150335393834137,0.13041666666667037,0.20000000000027285,1.000002855722951,-0.008183693103774203,True,unaffected_same0,frozen_rule_based_v2,False,same_date_0,source_and_mapped_target_w_status_both_endpoints,finite mapped W/Wh pairs requiring the released W-status observation proxy at both endpoints on both the source W timestamps and mapped-target Wh timestamps; W status is not proof of Wh ground truth,60,1440,0.999999993195812,0.16150335393834137,0.13041666666667037,0.20000000000027285,True,1440,0.999999993195812,True,1380,-0.051365444606260066,False,1440,-0.057988715734213846,False,0,,False,0,,False
2020-01-24,Production,1437,0.9999997581131506,0.08156438427515494,0.033263743910925764,0.20000000000004547,1.0,0.9999717824613266,-0.001489139830567865,True,0,1440,0.0,-1440,1440,60,ok,0,False,1437,0.9999997581131506,0.08156438427515494,0.033263743910925764,0.20000000000004547,0.9999717824613266,-0.001489139830567865,True,unaffected_same0,frozen_rule_based_v2,False,same_date_0,source_and_mapped_target_w_status_both_endpoints,finite mapped W/Wh pairs requiring the released W-status observation proxy at both endpoints on both the source W timestamps and mapped-target Wh timestamps; W status is not proof of Wh ground truth,60,1436,0.9999997580814984,0.08159277918786026,0.033286908077994656,0.20000000000004547,True,1436,0.9999997580814984,True,1372,0.7461562985975068,False,1432,0.7482545928177563,False,0,,False,0,,False
2020-01-24,Consumption,1437,0.9999676133662825,10.838056354957558,0.4193458594293668,0.20000000000027285,0.9993041057759221,0.9998007028757964,0.5663529793578164,True,0,1440,0.0,-1440,1440,60,ok,0,False,1437,0.9999676133662825,10.838056354957558,0.4193458594293668,0.20000000000027285,0.9998007028757964,0.5663529793578164,True,unaffected_same0,frozen_rule_based_v2,False,same_date_0,source_and_mapped_target_w_status_both_endpoints,finite mapped W/Wh pairs requiring the released W-status observation proxy at both endpoints on both the source W timestamps and mapped-target Wh timestamps; W status is not proof of Wh ground truth,60,1436,0.9999999926290674,0.16344140210486602,0.1335654596100279,0.20000000000027285,True,1436,0.9999999926290674,True,1372,-0.029886150810961555,False,1432,-0.02125632195886586,False,0,,False,0,,False
2020-01-25,Production,1439,0.48866089041627025,117.12643643763,35.846421125781795,619.007999999999,0.7859624739402363,0.4886676378380911,20.55343837701966,False,1439,1,0.9993055555555556,-1440,1440,60,ok,60,False,1439,0.9999998332909882,0.06689790796684515,0.022376650451702534,0.20000000000001705,1.0000136412728182,-0.0009652898843839353,True,same_date_plus60_core,frozen_rule_based_v2,True,same_date_plus60_core,source_and_mapped_target_w_status_both_endpoints,finite mapped W/Wh pairs requiring the released W-status observation proxy at both endpoints on both the source W timestamps and mapped-target Wh timestamps; W status is not proof of Wh ground truth,60,1376,0.9999998323681547,0.06841222520967655,0.023401162790697635,0.20000000000001705,True,1438,0.48861805616541154,False,1376,0.9999998323681547,True,1436,0.9999998332490998,True,0,,False,0,,False
2020-01-25,Consumption,1439,0.07438559064045687,1604.073765962916,1032.9485059068797,4805.1399999999885,0.011118832522585128,0.07430185124889291,870.2001994275433,False,1439,1,0.9993055555555556,-1440,1440,60,ok,60,False,1439,0.9999644858260683,9.944859791630606,0.3927727588603237,0.20000000000027285,0.9998977326473879,0.3598901688976639,True,same_date_plus60_core,frozen_rule_based_v2,True,same_date_plus60_core,source_and_mapped_target_w_status_both_endpoints,finite mapped W/Wh pairs requiring the released W-status observation proxy at both endpoints on both the source W timestamps and mapped-target Wh timestamps; W status is not proof of Wh ground truth,60,1376,0.999999990889377,0.16138931695718942,0.130232558139539,0.20000000000027285,True,1438,0.07421525682829887,False,1376,0.999999990889377,True,1436,0.9999999906195121,True,0,,False,0,,False
2020-01-26,Production,1281,0.36176538810471287,102.57656153235082,41.129430132708826,502.56000000000074,0.629976580796253,0.36182003935255524,26.17234437854361,False,1281,159,0.8895833333333333,-1440,1440,60,ok,60,False,1281,0.9999994972339321,0.09113731907929856,0.04153005464480912,0.20000000000004547,1.0000454359177102,-0.0009299351390907873,True,same_date_plus60_core,frozen_rule_based_v2,True,same_date_plus60_core,source_and_mapped_target_w_status_both_endpoints,finite mapped W/Wh pairs requiring the released W-status observation proxy at both endpoints on both the source W timestamps and mapped-target Wh timestamps; W status is not proof of Wh ground truth,60,1157,0.999999488006547,0.09571637734453867,0.04580812445981027,0.20000000000004547,True,1279,0.3615611911450765,False,1157,0.999999488006547,True,1217,0.99999949176319,True,0,,False,0,,False
2020-01-26,Consumption,1281,0.09315242542003707,1825.3643735704118,1110.5191110460578,8335.040000000006,0.00156128024980484,0.09122325759584171,991.0422304235742,False,1281,159,0.8895833333333333,-1440,1440,60,ok,60,False,1281,0.9999313490785792,16.05153477609779,0.6550692818110903,0.20000000000027285,0.9996558352871577,0.02644637793559923,True,same_date_plus60_core,frozen_rule_based_v2,True,same_date_plus60_core,source_and_mapped_target_w_status_both_endpoints,finite mapped W/Wh pairs requiring the released W-status observation proxy at both endpoints on both the source W timestamps and mapped-target Wh timestamps; W status is not proof of Wh ground truth,60,1157,0.9999999930061537,0.16368699181002305,0.13396715643907078,0.20000000000027285,True,1279,0.092383338301263,False,1157,0.9999999930061537,True,1217,0.9999999927730013,True,0,,False,0,,False
2020-01-27,Production,1436,0.5988197608036989,44.27566513312365,16.79394150417827,147.3600000000002,0.6949860724233984,0.7154192461971449,7.126725226765277,False,1436,4,0.9972222222222222,-1440,1440,60,ok,61,False,1436,0.9821294157981161,8.427339879894099,2.4665389972144847,30.65000000000009,0.9906619823425141,0.26696102041101,False,same_date_plus60_core,frozen_rule_based_v2,True,same_date_plus60_core,source_and_mapped_target_w_status_both_endpoints,finite mapped W/Wh pairs requiring the released W-status observation proxy at both endpoints on both the source W timestamps and mapped-target Wh timestamps; W status is not proof of Wh ground truth,60,1368,0.9999983299432663,0.08182851845627313,0.033479532163742956,0.20000000000001705,True,1434,0.5983367817168009,False,1368,0.9999983299432663,True,1428,0.9999983457095294,True,0,,False,0,,False
2020-01-27,Consumption,1436,0.23034285547905994,1535.8302486507462,1078.583286908078,4195.9000000000015,0.006963788300835654,0.23011979689906506,911.4054246849973,False,1436,4,0.9972222222222222,-1440,1440,60,ok,60,False,1436,0.9996782274852186,31.43024774858774,1.0831476323119793,0.20000000000027285,0.9995003819064502,1.5400256200830427,True,same_date_plus60_core,frozen_rule_based_v2,True,same_date_plus60_core,source_and_mapped_target_w_status_both_endpoints,finite mapped W/Wh pairs requiring the released W-status observation proxy at both endpoints on both the source W timestamps and mapped-target Wh timestamps; W status is not proof of Wh ground truth,60,1368,0.9999999916046254,0.16267141206768154,0.13230994152046913,0.20000000000027285,True,1434,0.2297891807956774,False,1368,0.9999999916046254,True,1428,0.9999999914126139,True,0,,False,0,,False
2020-01-28,Production,1439,0.37870776004479595,221.11063475227948,90.11160528144545,928.9119999999991,0.6622654621264767,0.3787008585446859,52.547128913499854,False,1439,1,0.9993055555555556,-1440,1440,60,ok,60,False,1439,0.9999999073178838,0.08550223613216035,0.0365531619179989,0.20000000000004547,0.9999816835046998,-0.0005355798172388404,True,same_date_plus60_core,frozen_rule_based_v2,True,same_date_plus60_core,source_and_mapped_target_w_status_both_endpoints,finite mapped W/Wh pairs requiring the released W-status observation proxy at both endpoints on both the source W timestamps and mapped-target Wh timestamps; W status is not proof of Wh ground truth,60,1376,0.9999999065400744,0.08743768545203656,0.03822674418604682,0.20000000000004547,True,1438,0.3786291969014979,False,1376,0.9999999065400744,True,1436,0.9999999072826766,True,0,,False,0,,False
2020-01-28,Consumption,1439,0.21692262384691782,2515.803360098956,1685.2340514246007,8212.439999999999,0.0020847810979847115,0.21863286336931126,1544.3506519885264,False,1439,1,0.9993055555555556,-1440,1440,60,ok,60,False,1439,0.9997148017846963,47.82525639669182,1.3945795691452463,0.2000000000007276,0.9999210421655108,1.4263787993068036,True,same_date_plus60_core,frozen_rule_based_v2,True,same_date_plus60_core,source_and_mapped_target_w_status_both_endpoints,finite mapped W/Wh pairs requiring the released W-status observation proxy at both endpoints on both the source W timestamps and mapped-target Wh timestamps; W status is not proof of Wh ground truth,60,1376,0.9999999967744774,0.16353649759767142,0.13372093023256548,0.2000000000007276,True,1438,0.21690553267466176,False,1376,0.9999999967744774,True,1436,0.9999999966640908,True,0,,False,0,,False
2020-01-29,Production,1435,0.3451110063618688,245.13070537525493,98.05059233449475,1087.0720000000008,0.6759581881533101,0.34511685064503483,53.42050017341417,False,1435,5,0.9965277777777778,-1440,1440,60,ok,60,False,1435,0.9999999258459741,0.08263938705413368,0.034146341463414616,0.20000000000004547,1.0000168603471198,0.002109068452952556,True,same_date_plus60_core,frozen_rule_based_v2,True,same_date_plus60_core,source_and_mapped_target_w_status_both_endpoints,finite mapped W/Wh pairs requiring the released W-status observation proxy at both endpoints on both the source W timestamps and mapped-target Wh timestamps; W status is not proof of Wh ground truth,60,1366,0.9999999253012061,0.08470083430732687,0.03587115666178622,0.20000000000004547,True,1433,0.3449784221430159,False,1366,0.9999999253012061,True,1426,0.9999999257783427,True,0,,False,0,,False
2020-01-29,Consumption,1435,-0.01554008053985591,2033.0321983632925,1629.2107317073173,5197.836000000009,0.0,-0.015436127455570606,2009.1396381960008,False,1435,5,0.9965277777777778,-1440,1440,60,ok,60,False,1435,0.9996807048713603,36.16040262179108,1.4833449477351934,0.20000000000027285,0.9994452558502372,1.0224353043336123,True,same_date_plus60_core,frozen_rule_based_v2,True,same_date_plus60_core,source_and_mapped_target_w_status_both_endpoints,finite mapped W/Wh pairs requiring the released W-status observation proxy at both endpoints on both the source W timestamps and mapped-target Wh timestamps; W status is not proof of Wh ground truth,60,1366,0.9999999934950021,0.16422318135479452,0.13484626647145168,0.20000000000027285,True,1433,-0.014608487537104205,False,1366,0.9999999934950021,True,1426,0.9999999934393855,True,0,,False,0,,False
2020-01-30,Production,1440,0.42972059215799474,297.45082165890136,135.31986111111107,1005.3179999999996,0.6465277777777778,0.4297130871754931,72.3966680333418,False,1440,0,1.0,-1440,1440,60,ok,60,False,1440,0.9999999488720355,0.0892873015731921,0.03986111111111139,0.20000000000004547,0.9999824840768757,-0.0018040461903012783,True,same_date_plus60_core,frozen_rule_based_v2,True,same_date_plus60_core,source_and_mapped_target_w_status_both_endpoints,finite mapped W/Wh pairs requiring the released W-status observation proxy at both endpoints on both the source W timestamps and mapped-target Wh timestamps; W status is not proof of Wh ground truth,60,1380,0.9999999484069042,0.09120767829360679,0.041594202898551015,0.20000000000004547,True,1440,0.42972059215799474,False,1380,0.9999999484069042,True,1440,0.9999999488720355,True,0,,False,0,,False
2020-01-30,Consumption,1440,0.12614115257758998,1747.9694240667434,1306.8156944444445,4854.719999999995,0.004861111111111111,0.1265750286095351,1212.704022963129,False,1440,0,1.0,-1440,1440,60,ok,60,False,1440,0.9999999925016859,0.16167525750370382,0.13069444444444708,0.20000000000027285,1.000001920850234,-0.005009796843069125,True,same_date_plus60_core,frozen_rule_based_v2,True,same_date_plus60_core,source_and_mapped_target_w_status_both_endpoints,finite mapped W/Wh pairs requiring the released W-status observation proxy at both endpoints on both the source W timestamps and mapped-target Wh timestamps; W status is not proof of Wh ground truth,60,1380,0.9999999926591584,0.16142481536149478,0.13028985507246596,0.20000000000027285,True,1440,0.12614115257758998,False,1380,0.9999999926591584,True,1440,0.9999999925016859,True,0,,False,0,,False
2020-01-31,Production,1439,0.3661010841007056,331.2743774186602,117.54927032661573,1278.3639999999998,0.7178596247394023,0.366114018803721,61.471762104555395,False,1439,1,0.9993055555555556,-1440,1440,60,ok,60,False,1439,0.9999911321958819,1.2390787673912667,0.08186240444753334,0.20000000000004547,0.9999997392204668,-0.011232513978157499,True,same_date_plus60_core,frozen_rule_based_v2,True,same_date_plus60_core,source_and_mapped_target_w_status_both_endpoints,finite mapped W/Wh pairs requiring the released W-status observation proxy at both endpoints on both the source W timestamps and mapped-target Wh timestamps; W status is not proof of Wh ground truth,60,1376,0.999999967763465,0.07624928516630322,0.029069767441860815,0.20000000000004547,True,1438,0.3660531505865419,False,1376,0.999999967763465,True,1436,0.9999911301823129,True,0,,False,0,,False
2020-01-31,Consumption,1439,-0.04669814273021454,2022.3782505018316,1486.3906879777621,5606.211999999987,0.001389854065323141,-0.04650970589540603,1385.2883807282167,False,1439,1,0.9993055555555556,-1440,1440,60,ok,60,False,1439,0.9999469796539744,14.4559631792039,1.6271021542737991,49.57199999999994,1.0003760900669807,-1.2597695086417389,True,same_date_plus60_core,frozen_rule_based_v2,True,same_date_plus60_core,source_and_mapped_target_w_status_both_endpoints,finite mapped W/Wh pairs requiring the released W-status observation proxy at both endpoints on both the source W timestamps and mapped-target Wh timestamps; W status is not proof of Wh ground truth,60,1376,0.9999999931632136,0.16504051651949553,0.13619186046511433,0.20000000000027285,True,1438,-0.04668096076405982,False,1376,0.9999999931632136,True,1436,0.9999568207235491,True,0,,False,0,,False
2020-02-01,Production,1438,0.999993452648635,0.09753570010795715,0.047566063977746834,0.20000000000000284,1.0,1.0000179328831045,-0.006058062711771228,True,0,1440,0.0,-1440,1440,60,ok,0,False,1438,0.999993452648635,0.09753570010795715,0.047566063977746834,0.20000000000000284,1.0000179328831045,-0.006058062711771228,True,unaffected_same0,frozen_rule_based_v2,False,same_date_0,source_and_mapped_target_w_status_both_endpoints,finite mapped W/Wh pairs requiring the released W-status observation proxy at both endpoints on both the source W timestamps and mapped-target Wh timestamps; W status is not proof of Wh ground truth,60,1436,0.9999934508471543,0.09760359827149384,0.04763231197771583,0.20000000000000284,True,1436,0.9999934508471543,True,1372,0.5744174248362997,False,1432,0.5781758992148015,False,1376,0.7167902357038326,False,1434,0.7194614926361552,False
2020-02-01,Consumption,1438,0.9992280286225451,6.507819197651276,0.36216968011126655,0.20000000000004547,0.9986091794158554,0.9998701074901568,0.2623308286445081,True,0,1440,0.0,-1440,1440,60,ok,0,False,1438,0.9992280286225451,6.507819197651276,0.36216968011126655,0.20000000000004547,0.9998701074901568,0.2623308286445081,True,unaffected_same0,frozen_rule_based_v2,False,same_date_0,source_and_mapped_target_w_status_both_endpoints,finite mapped W/Wh pairs requiring the released W-status observation proxy at both endpoints on both the source W timestamps and mapped-target Wh timestamps; W status is not proof of Wh ground truth,60,1436,0.9999995287208963,0.16077805252179772,0.12924791086351065,0.20000000000004547,True,1436,0.9999995287208963,True,1372,0.27689144050476405,False,1432,0.18189887602621863,False,1376,0.1794061328579028,False,1434,0.17250212498795883,False
2020-02-02,Production,1439,0.2816860422484101,216.3819926765875,89.68756080611536,954.4199999999998,0.635858234885337,0.28168168293232126,51.69596244654454,False,1439,1,0.9993055555555556,-1440,1440,60,ok,60,False,1439,0.9999996340257952,0.15461400299959244,0.0428075052119528,0.20000000000004547,0.9999770379395421,0.007489841622543736,True,diagonal_identity_plus60_control,frozen_rule_based_v2,True,transpose_plus60_core,source_and_mapped_target_w_status_both_endpoints,finite mapped W/Wh pairs requiring the released W-status observation proxy at both endpoints on both the source W timestamps and mapped-target Wh timestamps; W status is not proof of Wh ground truth,60,1376,0.9999998782263511,0.09086150974691277,0.04127906976744192,0.20000000000004547,True,1438,0.2816066536901328,False,1376,0.9999998782263511,True,1436,0.9999996339060361,True,1376,0.9999998782263511,True,1436,0.9999996339060361,True
2020-02-02,Consumption,1439,0.0920438856947451,2272.085923308766,1146.33808200139,10255.179999999997,0.0,0.09187117813474212,1373.5657899567314,False,1439,1,0.9993055555555556,-1440,1440,60,ok,60,False,1439,0.9857308043492768,292.3549216660747,56.24419735927727,1165.8599999999997,0.9964666266084331,-49.112867432917255,False,diagonal_identity_plus60_control,frozen_rule_based_v2,True,transpose_plus60_core,source_and_mapped_target_w_status_both_endpoints,finite mapped W/Wh pairs requiring the released W-status observation proxy at both endpoints on both the source W timestamps and mapped-target Wh timestamps; W status is not proof of Wh ground truth,60,1376,0.9999999954113972,0.16530451111615402,0.13662790697674934,0.2000000000007276,True,1438,0.09202665720895044,False,1376,0.9999999954113972,True,1436,0.9859168890056832,False,1376,0.9999999954113972,True,1436,0.9859168890056832,False
2020-02-03,Production,1434,0.23886007787707791,394.7008717837976,172.2875871687587,1452.2060000000004,0.599023709902371,1.1167186708791292,132.12443369222268,False,1434,6,0.9958333333333333,-1440,1440,60,ok,199,False,1434,0.8551878669277694,347.76057980270576,145.18437935843795,1314.2200000000005,4.038542332757288,16.52574787405888,False,actual_transpose_plus60_core,frozen_rule_based_v2,True,transpose_plus60_core,source_and_mapped_target_w_status_both_endpoints,finite mapped W/Wh pairs requiring the released W-status observation proxy at both endpoints on both the source W timestamps and mapped-target Wh timestamps; W status is not proof of Wh ground truth,60,1368,0.9999994145182642,0.08999675107846045,0.04049707602339186,0.20000000000001705,True,1432,0.24004578426326517,False,1364,0.48911984016552196,False,1424,0.49433983278735005,False,1368,0.9999994145182642,True,1428,0.9999994209814845,True
2020-02-03,Consumption,1434,-0.06120430906116771,2165.523945917408,1661.7169456066943,6014.478000000002,0.0,-0.0300995916316537,517.0146282703573,False,1434,6,0.9958333333333333,-1440,1440,60,ok,-1362,False,1434,0.40080383128063746,1800.792135070237,1145.1315899581589,6378.274,0.4630400190314677,598.0333565281479,False,actual_transpose_plus60_core,frozen_rule_based_v2,True,transpose_plus60_core,source_and_mapped_target_w_status_both_endpoints,finite mapped W/Wh pairs requiring the released W-status observation proxy at both endpoints on both the source W timestamps and mapped-target Wh timestamps; W status is not proof of Wh ground truth,60,1368,0.9999999940063826,0.1639248151721992,0.13435672514620045,0.20000000000042292,True,1432,-0.06165239883520855,False,1364,0.04459818555570024,False,1424,0.05895387428497203,False,1368,0.9999999940063826,True,1428,0.992301520479899,True
2020-02-04,Production,1435,0.4069811259393863,497.72748593767625,228.6433449477352,1912.2,0.5212543554006969,0.7216444902862172,172.18024075164715,False,1435,5,0.9965277777777778,-1440,1440,60,ok,-1331,False,1435,0.8381754430024385,214.30335092113674,91.64529616724738,809.1680000000005,1.1035787552982237,15.254352908286364,False,actual_transpose_plus60_core,frozen_rule_based_v2,True,transpose_plus60_core,source_and_mapped_target_w_status_both_endpoints,finite mapped W/Wh pairs requiring the released W-status observation proxy at both endpoints on both the source W timestamps and mapped-target Wh timestamps; W status is not proof of Wh ground truth,60,1371,0.9999999425926361,0.10076295383979499,0.05076586433260381,0.20000000000004547,True,1433,0.40675934498854277,False,1366,0.5734561398204541,False,1426,0.5787014428953816,False,1371,0.9999999425926361,True,1431,0.9999997964616743,True
2020-02-04,Consumption,1435,0.022796464373567034,1906.228128053194,1214.403205574913,5564.000000000015,0.0,0.01652920447836427,755.0677804313334,False,1435,5,0.9965277777777778,-1440,1440,60,ok,1267,False,1435,0.3758129209463726,1757.274700650709,1055.8964459930312,5852.2160000000085,0.38068372920422605,332.4745037054805,False,actual_transpose_plus60_core,frozen_rule_based_v2,True,transpose_plus60_core,source_and_mapped_target_w_status_both_endpoints,finite mapped W/Wh pairs requiring the released W-status observation proxy at both endpoints on both the source W timestamps and mapped-target Wh timestamps; W status is not proof of Wh ground truth,60,1371,0.9999999943181358,0.16410133675128866,0.1346462436177997,0.20000000000040927,True,1433,0.023216913819271715,False,1366,0.30804617983097526,False,1426,0.3128884552964291,False,1371,0.9999999943181358,True,1431,0.992964879060927,True
2020-02-05,Production,1435,0.4520743314951467,222.1702742091306,119.74864111498259,777.1680000000005,0.4738675958188153,0.575627569916882,119.09154608224492,False,1435,5,0.9965277777777778,-1440,1440,60,ok,129,False,1435,0.597459917121984,198.818724177638,113.25505226480836,678.8320000000012,0.7633643260243291,109.56641643805227,False,actual_transpose_plus60_core,frozen_rule_based_v2,True,transpose_plus60_core,source_and_mapped_target_w_status_both_endpoints,finite mapped W/Wh pairs requiring the released W-status observation proxy at both endpoints on both the source W timestamps and mapped-target Wh timestamps; W status is not proof of Wh ground truth,60,1367,0.9999998517827995,0.09164033892938604,0.04198975859546416,0.20000000000004547,True,1433,0.4510516338813537,False,1366,0.4158910946850142,False,1426,0.42035417116553875,False,1367,0.9999998517827995,True,1427,0.9999998524543625,True
2020-02-05,Consumption,1435,0.0020748539600193563,2019.6351549633323,1100.2146341463415,9597.272000000012,0.0,0.002375842171274965,765.1270276743858,False,1435,5,0.9965277777777778,-1440,1440,60,ok,-87,False,1435,0.32463883982350716,1671.6207750092449,995.3887108013936,7601.024000000004,0.3729020288104241,407.2545468814277,False,actual_transpose_plus60_core,frozen_rule_based_v2,True,transpose_plus60_core,source_and_mapped_target_w_status_both_endpoints,finite mapped W/Wh pairs requiring the released W-status observation proxy at both endpoints on both the source W timestamps and mapped-target Wh timestamps; W status is not proof of Wh ground truth,60,1367,0.9999999928284509,0.16046749551787007,0.12874908558888562,0.20000000000027285,True,1433,0.001997303639961546,False,1366,0.02610065317188923,False,1426,0.029186011456385264,False,1367,0.9999999928284509,True,1427,0.9623141239723426,False
2020-02-06,Production,1439,0.24374247768846902,501.8626004070067,294.2642112578179,1725.939999999996,0.3877692842251564,1.980437957260561,266.4374523806177,False,1439,1,0.9993055555555556,-1440,1440,60,ok,-1179,False,1439,0.7423017818127187,216.1858323377,125.8580958999305,721.924,3.04344030183017,73.0564174053588,False,actual_transpose_plus60_core,frozen_rule_based_v2,True,transpose_plus60_core,source_and_mapped_target_w_status_both_endpoints,finite mapped W/Wh pairs requiring the released W-status observation proxy at both endpoints on both the source W timestamps and mapped-target Wh timestamps; W status is not proof of Wh ground truth,60,1376,0.9999985976455095,0.08776951846793356,0.038517441860464886,0.20000000000001705,True,1438,0.24354975601419437,False,1376,0.34085278954817794,False,1436,0.3512119809537488,False,1376,0.9999985976455095,True,1436,0.9999986127833712,True
2020-02-06,Consumption,1439,0.3418127599523008,1556.117033032348,1091.8152189020154,4318.544,0.0006949270326615705,0.18719150153040168,429.6378538580924,False,1439,1,0.9993055555555556,-1440,1440,60,ok,107,False,1439,0.4381965049403314,1486.4423874877768,1030.9051424600416,4564.432,0.24023710270700602,351.98858503399214,False,actual_transpose_plus60_core,frozen_rule_based_v2,True,transpose_plus60_core,source_and_mapped_target_w_status_both_endpoints,finite mapped W/Wh pairs requiring the released W-status observation proxy at both endpoints on both the source W timestamps and mapped-target Wh timestamps; W status is not proof of Wh ground truth,60,1376,0.9999999934211778,0.16495242443074434,0.13604651162790554,0.2000000000007276,True,1438,0.34164956456917706,False,1376,0.23308314115558318,False,1436,0.24511170580305916,False,1376,0.9999999934211778,True,1436,0.998111873787076,True
2020-02-07,Production,1439,0.12138829099639656,655.6549192162179,431.0986796386379,1778.3159999999998,0.3877692842251564,1.0383204984774135,429.04522721929993,False,1439,1,0.9993055555555556,-1440,1440,60,ok,373,False,1439,0.717370845247529,628.6782975913869,430.229742876998,1621.696,6.137295461569835,275.15612470130446,False,actual_transpose_plus60_core,frozen_rule_based_v2,True,transpose_plus60_core,source_and_mapped_target_w_status_both_endpoints,finite mapped W/Wh pairs requiring the released W-status observation proxy at both endpoints on both the source W timestamps and mapped-target Wh timestamps; W status is not proof of Wh ground truth,60,1374,0.9999988976132714,0.0879989413724862,0.03871906841339147,0.20000000000001705,True,1438,0.12110313155859308,False,1376,0.2794801549489916,False,1436,0.29351030055922095,False,1374,0.9999988976132714,True,1434,0.9999989105305449,True
2020-02-07,Consumption,1439,0.20724812877788598,2141.931819034869,1422.342529534399,6207.603999999994,0.0006949270326615705,0.08481106608404941,378.14886874202455,False,1439,1,0.9993055555555556,-1440,1440,60,ok,119,False,1439,0.3957927238226259,2025.4146712533077,1391.1700486448922,5994.299999999999,0.16450230914490216,243.1685214232848,False,actual_transpose_plus60_core,frozen_rule_based_v2,True,transpose_plus60_core,source_and_mapped_target_w_status_both_endpoints,finite mapped W/Wh pairs requiring the released W-status observation proxy at both endpoints on both the source W timestamps and mapped-target Wh timestamps; W status is not proof of Wh ground truth,60,1374,0.9999999957013007,0.16445401705749865,0.135225618631739,0.2000000000007276,True,1438,0.2072812172218776,False,1376,0.2911097504795382,False,1436,0.2891286917673108,False,1374,0.9999999957013007,True,1434,0.9887545611269666,False
2020-02-08,Production,1439,0.6896235743591602,382.23079839065815,199.00917303683113,1437.9199999999971,0.4600416956219597,1.3011481115917098,163.80681933192417,False,1439,1,0.9993055555555556,-1440,1440,60,ok,26,False,1439,0.7421206823402868,367.61597805934787,199.59583043780404,1235.5439999999999,1.4001997196564708,153.72811705568708,False,actual_transpose_plus60_core,frozen_rule_based_v2,True,transpose_plus60_core,source_and_mapped_target_w_status_both_endpoints,finite mapped W/Wh pairs requiring the released W-status observation proxy at both endpoints on both the source W timestamps and mapped-target Wh timestamps; W status is not proof of Wh ground truth,60,1375,0.9999999176321551,0.09738396358557351,0.04741818181818184,0.20000000000004547,True,1438,0.6895744802500224,False,1376,0.6846557060665348,False,1436,0.6877986191768151,False,1375,0.9999999176321551,True,1435,0.9999999183048204,True
2020-02-08,Consumption,1439,0.018801810936518816,1838.6464410703318,1370.1694232105629,4974.043999999998,0.0006949270326615705,0.009217073745262028,451.9898330761943,False,1439,1,0.9993055555555556,-1440,1440,60,ok,1043,False,1439,0.3893618082296696,1558.2505464407752,1136.5486448922863,4198.84799999999,0.38839146755664117,381.8467865378515,False,actual_transpose_plus60_core,frozen_rule_based_v2,True,transpose_plus60_core,source_and_mapped_target_w_status_both_endpoints,finite mapped W/Wh pairs requiring the released W-status observation proxy at both endpoints on both the source W timestamps and mapped-target Wh timestamps; W status is not proof of Wh ground truth,60,1375,0.9999999925002251,0.1620774225766505,0.13134545454545382,0.20000000000027285,True,1438,0.0189004622126773,False,1376,0.14634909403635238,False,1436,0.13877417493971178,False,1375,0.9999999925002251,True,1435,0.9575368445028782,False
2020-02-09,Production,1439,0.9999996767623975,0.10623377528085859,0.05642807505211972,0.20000000000004547,1.0,0.9999756814302926,-0.0003003687462665994,True,0,1440,0.0,-1440,1440,60,ok,0,False,1439,0.9999996767623975,0.10623377528085859,0.05642807505211972,0.20000000000004547,0.9999756814302926,-0.0003003687462665994,True,unaffected_same0,frozen_rule_based_v2,False,same_date_0,source_and_mapped_target_w_status_both_endpoints,finite mapped W/Wh pairs requiring the released W-status observation proxy at both endpoints on both the source W timestamps and mapped-target Wh timestamps; W status is not proof of Wh ground truth,60,1438,0.9999996766817293,0.10627070689166689,0.05646731571627279,0.20000000000004547,True,1438,0.9999996766817293,True,1376,0.7559147868805713,False,1436,0.759744443756974,False,1375,0.6839747829165519,False,1435,0.6864735630588285,False
2020-02-09,Consumption,1439,0.9999968487628464,3.267639892277163,0.21959694232105265,0.20000000000027285,0.9993050729673384,0.9999564188606125,0.12852162716171733,True,0,1440,0.0,-1440,1440,60,ok,0,False,1439,0.9999968487628464,3.267639892277163,0.21959694232105265,0.20000000000027285,0.9999564188606125,0.12852162716171733,True,unaffected_same0,frozen_rule_based_v2,False,same_date_0,source_and_mapped_target_w_status_both_endpoints,finite mapped W/Wh pairs requiring the released W-status observation proxy at both endpoints on both the source W timestamps and mapped-target Wh timestamps; W status is not proof of Wh ground truth,60,1438,0.9999999921112822,0.16349792545246095,0.13365785813629677,0.20000000000027285,True,1438,0.9999999921112822,True,1376,0.32497175260613764,False,1436,0.33350085786276723,False,1375,0.11763927864073125,False,1435,0.11099239169000039,False
2020-02-10,Production,1439,0.9999999561766024,0.11430060460923938,0.0653231410701882,0.20000000000004547,1.0,1.0000069841117043,-0.005391782459724936,True,0,1440,0.0,-1440,1440,60,ok,0,False,1439,0.9999999561766024,0.11430060460923938,0.0653231410701882,0.20000000000004547,1.0000069841117043,-0.005391782459724936,True,unaffected_same0,frozen_rule_based_v2,False,same_date_0,source_and_mapped_target_w_status_both_endpoints,finite mapped W/Wh pairs requiring the released W-status observation proxy at both endpoints on both the source W timestamps and mapped-target Wh timestamps; W status is not proof of Wh ground truth,60,1438,0.9999999561672192,0.11434034061065157,0.06536856745479891,0.20000000000004547,True,1438,0.9999999561672192,True,1376,0.5589088752618451,False,1436,0.564888848498444,False,1375,0.4022921586286588,False,1435,0.4085302750246545,False
2020-02-10,Consumption,1439,0.9999851136824918,6.012632058163213,0.29173036831132576,0.20000000000027285,0.9993050729673384,0.9999369682433261,0.21050015312505366,True,0,1440,0.0,-1440,1440,60,ok,0,False,1439,0.9999851136824918,6.012632058163213,0.29173036831132576,0.20000000000027285,0.9999369682433261,0.21050015312505366,True,unaffected_same0,frozen_rule_based_v2,False,same_date_0,source_and_mapped_target_w_status_both_endpoints,finite mapped W/Wh pairs requiring the released W-status observation proxy at both endpoints on both the source W timestamps and mapped-target Wh timestamps; W status is not proof of Wh ground truth,60,1438,0.9999999890395516,0.16332770372442468,0.13337969401947,0.20000000000027285,True,1438,0.9999999890395516,True,1376,0.27777254181036953,False,1436,0.28278726813819877,False,1375,0.31514132725663235,False,1435,0.3258696823510007,False
2020-02-11,Production,1436,0.9999999207468167,0.09873856197641297,0.04874651810584991,0.20000000000004547,1.0,0.9999996815777673,-0.006091428890144357,True,0,1440,0.0,-1440,1440,60,ok,0,False,1436,0.9999999207468167,0.09873856197641297,0.04874651810584991,0.20000000000004547,0.9999996815777673,-0.006091428890144357,True,unaffected_same0,frozen_rule_based_v2,False,same_date_0,source_and_mapped_target_w_status_both_endpoints,finite mapped W/Wh pairs requiring the released W-status observation proxy at both endpoints on both the source W timestamps and mapped-target Wh timestamps; W status is not proof of Wh ground truth,60,1433,0.9999999207114594,0.09884186302852897,0.048848569434752596,0.20000000000004547,True,1433,0.9999999207114594,True,1366,0.5370909239803726,False,1426,0.5415368568391762,False,1372,0.6769250739260099,False,1432,0.6800579929811088,False
2020-02-11,Consumption,1436,0.9997695471335967,21.152590601070358,1.068245125348188,0.20000000000027285,0.9979108635097493,0.9994382033975913,1.5174302028182183,True,0,1440,0.0,-1440,1440,60,ok,0,False,1436,0.9997695471335967,21.152590601070358,1.068245125348188,0.20000000000027285,0.9994382033975913,1.5174302028182183,True,unaffected_same0,frozen_rule_based_v2,False,same_date_0,source_and_mapped_target_w_status_both_endpoints,finite mapped W/Wh pairs requiring the released W-status observation proxy at both endpoints on both the source W timestamps and mapped-target Wh timestamps; W status is not proof of Wh ground truth,60,1433,0.9999999866169403,0.16120620006465966,0.12993719469643986,0.20000000000027285,True,1433,0.9999999866169403,True,1366,0.35412908093027334,False,1426,0.36673837474844234,False,1372,0.12463662914338433,False,1432,0.11897236860105685,False
2020-02-12,Production,1435,0.9998795503908249,1.1219072859145505,0.07846689895470395,0.20000000000001705,0.9986062717770035,1.0000810494713408,0.038590954360177676,True,0,1440,0.0,-1440,1440,60,ok,0,False,1435,0.9998795503908249,1.1219072859145505,0.07846689895470395,0.20000000000001705,1.0000810494713408,0.038590954360177676,True,unaffected_same0,frozen_rule_based_v2,False,same_date_0,source_and_mapped_target_w_status_both_endpoints,finite mapped W/Wh pairs requiring the released W-status observation proxy at both endpoints on both the source W timestamps and mapped-target Wh timestamps; W status is not proof of Wh ground truth,60,1431,0.9999992681830187,0.08751559709246959,0.03829489867225728,0.20000000000001705,True,1431,0.9999992681830187,True,1362,0.2492571091924357,False,1422,0.2529783872937448,False,1369,0.46279926210111133,False,1429,0.4664229030121088,False
2020-02-12,Consumption,1435,0.9979640685929425,73.58945519825723,3.1691986062717765,0.20000000000027285,0.997212543554007,1.0010563991318615,1.65114481077876,True,0,1440,0.0,-1440,1440,60,ok,0,False,1435,0.9979640685929425,73.58945519825723,3.1691986062717765,0.20000000000027285,1.0010563991318615,1.65114481077876,True,unaffected_same0,frozen_rule_based_v2,False,same_date_0,source_and_mapped_target_w_status_both_endpoints,finite mapped W/Wh pairs requiring the released W-status observation proxy at both endpoints on both the source W timestamps and mapped-target Wh timestamps; W status is not proof of Wh ground truth,60,1431,0.9999999897756056,0.16440817776753425,0.13515024458420669,0.20000000000027285,True,1431,0.9999999897756056,True,1362,0.383977253247197,False,1422,0.3763015481300656,False,1369,0.06713666125844825,False,1429,0.06558968184732002,False
2020-02-13,Production,1435,0.8337937366338938,60.39440036807068,29.43581881533101,210.59600000000006,0.6139372822299651,0.8337773836194137,10.366752884096762,False,1435,5,0.9965277777777778,-1440,1440,60,ok,60,False,1435,0.9999995632677361,0.09792267446417102,0.04794425087108024,0.20000000000004547,0.9999799504946728,0.0006929970566602606,True,same_date_plus60_core,frozen_rule_based_v2,True,same_date_plus60_core,source_and_mapped_target_w_status_both_endpoints,finite mapped W/Wh pairs requiring the released W-status observation proxy at both endpoints on both the source W timestamps and mapped-target Wh timestamps; W status is not proof of Wh ground truth,60,1366,0.9999995553054934,0.1003653647538178,0.05036603221083465,0.20000000000004547,True,1433,0.8337114596709617,False,1366,0.9999995553054934,True,1426,0.9999995622885053,True,0,,False,0,,False
2020-02-13,Consumption,1435,0.0332093665450126,1823.5334395403754,1403.7728919860626,4694.3960000000025,0.0,0.0334440912684352,1540.8753460967598,False,1435,5,0.9965277777777778,-1440,1440,60,ok,60,False,1435,0.9985916259546102,69.43558622310566,2.0344947735191723,0.20000000000027285,0.9997562914900636,2.2960606733340683,True,same_date_plus60_core,frozen_rule_based_v2,True,same_date_plus60_core,source_and_mapped_target_w_status_both_endpoints,finite mapped W/Wh pairs requiring the released W-status observation proxy at both endpoints on both the source W timestamps and mapped-target Wh timestamps; W status is not proof of Wh ground truth,60,1366,0.9999999924936908,0.16197897663778277,0.13118594436311248,0.20000000000027285,True,1433,0.03396106742430255,False,1366,0.9999999924936908,True,1426,0.9999999923318544,True,0,,False,0,,False
2020-02-14,Production,1440,0.742011224639823,224.68260755761423,105.03069444444445,813.2399999999996,0.5909722222222222,0.7420096620865683,42.90200571513304,False,1440,0,1.0,-1440,1440,60,ok,60,False,1440,0.9999999490473368,0.09986101452629963,0.04986111111111019,0.20000000000004547,0.9999978432123798,-0.0008913307120792524,True,same_date_plus60_core,frozen_rule_based_v2,True,same_date_plus60_core,source_and_mapped_target_w_status_both_endpoints,finite mapped W/Wh pairs requiring the released W-status observation proxy at both endpoints on both the source W timestamps and mapped-target Wh timestamps; W status is not proof of Wh ground truth,60,1380,0.9999999484135443,0.1020088089404482,0.05202898550724542,0.20000000000004547,True,1440,0.742011224639823,False,1380,0.9999999484135443,True,1440,0.9999999490473368,True,0,,False,0,,False
2020-02-14,Consumption,1440,0.09900209781955492,2075.0134341800726,1481.8554166666665,5489.107999999996,0.0,0.09831633499226702,1655.4763003228795,False,1440,0,1.0,-1440,1440,60,ok,60,False,1440,0.9999999943256138,0.1654119436773277,0.13680555555555754,0.2000000000007276,1.000001582473344,0.0041897709338627465,True,same_date_plus60_core,frozen_rule_based_v2,True,same_date_plus60_core,source_and_mapped_target_w_status_both_endpoints,finite mapped W/Wh pairs requiring the released W-status observation proxy at both endpoints on both the source W timestamps and mapped-target Wh timestamps; W status is not proof of Wh ground truth,60,1380,0.9999999944513099,0.16480115378799992,0.13579710144927876,0.2000000000007276,True,1440,0.09900209781955492,False,1380,0.9999999944513099,True,1440,0.9999999943256138,True,0,,False,0,,False
2020-02-15,Production,1436,0.26534602398840723,137.46703681864668,46.47952646239554,726.740000000001,0.5459610027855153,0.26535665072585113,27.888341647209813,False,1436,4,0.9972222222222222,-1440,1440,60,ok,60,False,1436,0.9999996371750621,0.09688749470146556,0.04693593314763246,0.20000000000001705,1.0000639661424526,-0.0034024811039330416,True,same_date_plus60_core,frozen_rule_based_v2,True,same_date_plus60_core,source_and_mapped_target_w_status_both_endpoints,finite mapped W/Wh pairs requiring the released W-status observation proxy at both endpoints on both the source W timestamps and mapped-target Wh timestamps; W status is not proof of Wh ground truth,60,1366,0.9999996372921877,0.09904374412534135,0.04904831625183033,0.200000000000027,True,1433,0.2651877319318699,False,1366,0.9999996372921877,True,1426,0.9999996390692429,True,0,,False,0,,False
2020-02-15,Consumption,1436,0.11211886608839709,1483.0673642445195,996.6042479108636,4555.200000000004,0.0006963788300835655,0.11591917373569478,913.6769510830349,False,1436,4,0.9972222222222222,-1440,1440,60,ok,60,False,1436,0.9988359169928386,52.878343319364284,1.846657381615603,0.20000000000027285,1.0009319328139996,0.8193639755135109,True,same_date_plus60_core,frozen_rule_based_v2,True,same_date_plus60_core,source_and_mapped_target_w_status_both_endpoints,finite mapped W/Wh pairs requiring the released W-status observation proxy at both endpoints on both the source W timestamps and mapped-target Wh timestamps; W status is not proof of Wh ground truth,60,1366,0.9999999891693796,0.1628803691096308,0.13265007320644612,0.20000000000027285,True,1433,0.11062171281800363,False,1366,0.9999999891693796,True,1426,0.9999999888758855,True,0,,False,0,,False
2020-02-16,Production,1439,0.6649369492749755,41.91667667149635,18.46157053509382,156.57199999999995,0.6810284920083391,0.6649387633630586,7.527272641836031,False,1439,1,0.9993055555555556,-1440,1440,60,ok,60,False,1439,0.9999985903351418,0.08598850869458707,0.03697011813759549,0.20000000000001705,0.999991027221698,-0.0011882066174315753,True,same_date_plus60_core,frozen_rule_based_v2,True,same_date_plus60_core,source_and_mapped_target_w_status_both_endpoints,finite mapped W/Wh pairs requiring the released W-status observation proxy at both endpoints on both the source W timestamps and mapped-target Wh timestamps; W status is not proof of Wh ground truth,60,1376,0.9999985831216901,0.08776951846793389,0.038517441860465046,0.20000000000001705,True,1438,0.6648920655162563,False,1376,0.9999985831216901,True,1436,0.9999985897682566,True,0,,False,0,,False
2020-02-16,Consumption,1439,0.182081962763293,2164.470385055703,1378.7323141070187,8109.6359999999795,0.002779708130646282,0.18216388674150383,1095.2774395509794,False,1439,1,0.9993055555555556,-1440,1440,60,ok,60,False,1439,0.9999921095940537,6.724134288657325,0.3089645587213308,0.20000000000027285,0.9999319116399905,0.26840386701928765,True,same_date_plus60_core,frozen_rule_based_v2,True,same_date_plus60_core,source_and_mapped_target_w_status_both_endpoints,finite mapped W/Wh pairs requiring the released W-status observation proxy at both endpoints on both the source W timestamps and mapped-target Wh timestamps; W status is not proof of Wh ground truth,60,1376,0.9999999955313282,0.16219784072200508,0.1315406976744148,0.20000000000027285,True,1438,0.18183259692427878,False,1376,0.9999999955313282,True,1436,0.999999995403094,True,0,,False,0,,False
2020-02-17,Production,1439,0.4744662024932948,317.49225087805905,146.1767894371091,1153.4399999999998,0.5753995830437804,0.47447127643666126,76.63957719410666,False,1439,1,0.9993055555555556,-1440,1440,60,ok,60,False,1439,0.999999946028408,0.10182490524086192,0.05184155663655312,0.20000000000004547,1.0000125303540726,-0.0008543917591339323,True,same_date_plus60_core,frozen_rule_based_v2,True,same_date_plus60_core,source_and_mapped_target_w_status_both_endpoints,finite mapped W/Wh pairs requiring the released W-status observation proxy at both endpoints on both the source W timestamps and mapped-target Wh timestamps; W status is not proof of Wh ground truth,60,1376,0.9999999454750126,0.10412983845091581,0.05421511627906971,0.20000000000004547,True,1438,0.474385149728884,False,1376,0.9999999454750126,True,1436,0.999999946003397,True,0,,False,0,,False
2020-02-17,Consumption,1439,0.08041191360459073,1523.0877841206643,1058.686726893676,4180.8,0.009728978457261988,0.07971138038590965,936.3921141028624,False,1439,1,0.9993055555555556,-1440,1440,60,ok,60,False,1439,0.9999955032275136,3.383568191120298,0.22529534398888096,0.20000000000027285,0.9999396128253365,0.14614972483104793,True,same_date_plus60_core,frozen_rule_based_v2,True,same_date_plus60_core,source_and_mapped_target_w_status_both_endpoints,finite mapped W/Wh pairs requiring the released W-status observation proxy at both endpoints on both the source W timestamps and mapped-target Wh timestamps; W status is not proof of Wh ground truth,60,1376,0.9999999894135082,0.16477609896674122,0.13575581395348832,0.20000000000027285,True,1438,0.07999547321296997,False,1376,0.9999999894135082,True,1436,0.9999999893262347,True,0,,False,0,,False
2020-02-18,Production,1438,0.4873041396966891,264.661288141825,107.41001390820583,1219.379999999997,0.5834492350486787,0.4873145704134249,61.8549418504644,False,1438,2,0.9986111111111111,-1440,1440,60,ok,60,False,1438,0.9999999315076263,0.09696363828166664,0.04700973574408948,0.20000000000004547,1.0000213364479331,0.0010420646753885876,True,same_date_plus60_core,frozen_rule_based_v2,True,same_date_plus60_core,source_and_mapped_target_w_status_both_endpoints,finite mapped W/Wh pairs requiring the released W-status observation proxy at both endpoints on both the source W timestamps and mapped-target Wh timestamps; W status is not proof of Wh ground truth,60,1374,0.999999930821432,0.09919618718314749,0.049199417758370216,0.20000000000004547,True,1437,0.48722810960801316,False,1374,0.999999930821432,True,1434,0.9999999314669215,True,0,,False,0,,False
2020-02-18,Consumption,1438,0.010329177108319338,2010.0333198201477,1191.6485396383866,8502.854,0.012517385257301807,0.010431385973671157,1044.4596630208373,False,1438,2,0.9986111111111111,-1440,1440,60,ok,60,False,1438,0.9974335494315321,102.21270330865639,2.827538247566068,0.20000000000027285,1.0012160864197461,1.4416868434796015,True,same_date_plus60_core,frozen_rule_based_v2,True,same_date_plus60_core,source_and_mapped_target_w_status_both_endpoints,finite mapped W/Wh pairs requiring the released W-status observation proxy at both endpoints on both the source W timestamps and mapped-target Wh timestamps; W status is not proof of Wh ground truth,60,1374,0.9999999936365334,0.16303168533179876,0.13289665211063106,0.20000000000027285,True,1437,0.010018313432632766,False,1374,0.9999999936365334,True,1434,0.9999999934736754,True,0,,False,0,,False
2020-02-19,Production,1440,0.7570368183558758,38.57433084319156,17.26888888888889,143.73199999999989,0.6826388888888889,0.7570761841199232,6.983989938002793,False,1440,0,1.0,-1440,1440,60,ok,60,False,1440,0.9999988041374074,0.08563488385776749,0.03666666666666665,0.20000000000001705,1.000050803876412,-0.00034925337245184096,True,same_date_plus60_core,frozen_rule_based_v2,True,same_date_plus60_core,source_and_mapped_target_w_status_both_endpoints,finite mapped W/Wh pairs requiring the released W-status observation proxy at both endpoints on both the source W timestamps and mapped-target Wh timestamps; W status is not proof of Wh ground truth,60,1380,0.9999987899414201,0.08747670497362982,0.038260869565217376,0.20000000000001705,True,1440,0.7570368183558758,False,1380,0.9999987899414201,True,1440,0.9999988041374074,True,0,,False,0,,False
2020-02-19,Consumption,1440,0.14877678073548503,1709.0298851248915,1251.1629166666667,4458.0539999999955,0.004166666666666667,0.1492637100299152,1079.867740018188,False,1440,0,1.0,-1440,1440,60,ok,60,False,1440,0.9999999922361371,0.16304396135194368,0.13291666666667049,0.20000000000027285,1.0000033470836929,-0.007761117157087938,True,same_date_plus60_core,frozen_rule_based_v2,True,same_date_plus60_core,source_and_mapped_target_w_status_both_endpoints,finite mapped W/Wh pairs requiring the released W-status observation proxy at both endpoints on both the source W timestamps and mapped-target Wh timestamps; W status is not proof of Wh ground truth,60,1380,0.9999999924035392,0.16338804171026003,0.13347826086956874,0.20000000000027285,True,1440,0.14877678073548503,False,1380,0.9999999924035392,True,1440,0.9999999922361371,True,0,,False,0,,False
2020-02-20,Production,1439,0.5005096531951636,159.95757038179264,63.4361362056984,823.048,0.5879082696316886,0.5005169069801242,38.836739353826765,False,1439,1,0.9993055555555556,-1440,1440,60,ok,60,False,1439,0.9999998021481736,0.10072703051742825,0.05072967338429471,0.20000000000004547,1.000014294942626,0.001251332539283112,True,same_date_plus60_core,frozen_rule_based_v2,True,same_date_plus60_core,source_and_mapped_target_w_status_both_endpoints,finite mapped W/Wh pairs requiring the released W-status observation proxy at both endpoints on both the source W timestamps and mapped-target Wh timestamps; W status is not proof of Wh ground truth,60,1376,0.9999997999881789,0.1030071119694124,0.05305232558139541,0.20000000000004547,True,1438,0.5004276574556785,False,1376,0.9999997999881789,True,1436,0.9999998020506229,True,0,,False,0,,False
2020-02-20,Consumption,1439,0.13620624768985065,1443.446118239712,1059.031549687283,3988.24,0.007644197359277276,0.1356819740609361,1023.5598626440365,False,1439,1,0.9993055555555556,-1440,1440,60,ok,60,False,1439,0.9997787824165334,23.15122175604943,0.7445448227936148,0.20000000000027285,0.9998604194855647,0.7727314900969304,True,same_date_plus60_core,frozen_rule_based_v2,True,same_date_plus60_core,source_and_mapped_target_w_status_both_endpoints,finite mapped W/Wh pairs requiring the released W-status observation proxy at both endpoints on both the source W timestamps and mapped-target Wh timestamps; W status is not proof of Wh ground truth,60,1376,0.9999999891283416,0.16353649759767439,0.1337209302325663,0.20000000000027285,True,1438,0.13607996126279975,False,1376,0.9999999891283416,True,1436,0.9999999889226217,True,0,,False,0,,False
2020-02-21,Production,1419,0.5350152652855528,51.45304365339359,23.411980267794224,201.09199999999996,0.6652572233967583,0.5349873856834748,12.6095723832928,False,1419,21,0.9854166666666667,-1440,1440,60,ok,60,False,1419,0.9999963724907117,0.14384236928754687,0.044256518675123084,0.20000000000001705,1.0000533744919442,0.0036182149670800356,True,same_date_plus60_core,frozen_rule_based_v2,True,same_date_plus60_core,source_and_mapped_target_w_status_both_endpoints,finite mapped W/Wh pairs requiring the released W-status observation proxy at both endpoints on both the source W timestamps and mapped-target Wh timestamps; W status is not proof of Wh ground truth,60,1334,0.9999986145050809,0.09097176522946777,0.04137931034482732,0.20000000000001705,True,1417,0.535226620540577,False,1334,0.9999986145050809,True,1394,0.9999986302843831,True,0,,False,0,,False
2020-02-21,Consumption,1419,0.09510733936135164,1766.0193694717625,1169.4386187455955,5652.471999999999,0.0028188865398167725,0.09473965071185013,1011.079931381573,False,1419,21,0.9854166666666667,-1440,1440,60,ok,60,False,1419,0.9999750110443341,9.302612477058963,0.39079834893788906,0.20000000000027285,0.9998620113563649,0.41000116617692584,True,same_date_plus60_core,frozen_rule_based_v2,True,same_date_plus60_core,source_and_mapped_target_w_status_both_endpoints,finite mapped W/Wh pairs requiring the released W-status observation proxy at both endpoints on both the source W timestamps and mapped-target Wh timestamps; W status is not proof of Wh ground truth,60,1334,0.9999999925836642,0.16244016312692958,0.13193403298351408,0.20000000000027285,True,1417,0.0952010555035696,False,1334,0.9999999925836642,True,1394,0.9999999923833804,True,0,,False,0,,False
2020-02-22,Production,1438,0.5643882935277128,75.35548871921186,30.46036161335188,340.74399999999895,0.6390820584144645,0.5644500544660539,15.549563320181399,False,1438,2,0.9986111111111111,-1440,1440,60,ok,60,False,1438,0.9999993325340916,0.09375492569350231,0.04394993045897074,0.20000000000001705,1.0001087623323812,-0.0005441197733873082,True,same_date_plus60_core,frozen_rule_based_v2,True,same_date_plus60_core,source_and_mapped_target_w_status_both_endpoints,finite mapped W/Wh pairs requiring the released W-status observation proxy at both endpoints on both the source W timestamps and mapped-target Wh timestamps; W status is not proof of Wh ground truth,60,1372,0.9999993261989938,0.09598347768412109,0.0460641399416909,0.20000000000001705,True,1436,0.5642696599241932,False,1372,0.9999993261989938,True,1432,0.9999993319870427,True,0,,False,0,,False
2020-02-22,Consumption,1438,-0.037447960693004274,1791.0180292092853,1000.3123087621696,6714.095999999974,0.002086230876216968,-0.03725403453530573,802.6731402144935,False,1438,2,0.9986111111111111,-1440,1440,60,ok,60,False,1438,0.9998205420255227,23.63012857256706,0.8634214186369975,0.20000000000027285,0.9999788370344721,0.7437688526384818,True,same_date_plus60_core,frozen_rule_based_v2,True,same_date_plus60_core,source_and_mapped_target_w_status_both_endpoints,finite mapped W/Wh pairs requiring the released W-status observation proxy at both endpoints on both the source W timestamps and mapped-target Wh timestamps; W status is not proof of Wh ground truth,60,1372,0.9999999916219444,0.16216465734954325,0.13148688046647394,0.20000000000027285,True,1436,-0.03827921959663915,False,1372,0.9999999916219444,True,1432,0.9999999913593127,True,0,,False,0,,False
2020-02-23,Production,1439,0.7464151786835244,293.2689434456282,147.77512161223072,934.9359999999997,0.5364836692147325,0.7464198169316342,60.054177864074916,False,1439,1,0.9993055555555556,-1440,1440,60,ok,60,False,1439,0.9999999665887244,0.1064951133763281,0.05670604586518482,0.20000000000004547,1.0000061806209242,0.0002041387354267954,True,same_date_plus60_core,frozen_rule_based_v2,True,same_date_plus60_core,source_and_mapped_target_w_status_both_endpoints,finite mapped W/Wh pairs requiring the released W-status observation proxy at both endpoints on both the source W timestamps and mapped-target Wh timestamps; W status is not proof of Wh ground truth,60,1376,0.9999999660750465,0.1089057625485411,0.05930232558139604,0.20000000000004547,True,1438,0.7463568449024385,False,1376,0.9999999660750465,True,1436,0.9999999665656246,True,0,,False,0,,False
2020-02-23,Consumption,1439,0.0521680701526631,1379.2060922574565,719.1623349548297,8420.743999999999,0.0034746351633078527,0.052349070656012395,651.0460643641004,False,1439,1,0.9993055555555556,-1440,1440,60,ok,60,False,1439,0.9999880772807809,4.884887560294499,0.26268241834607386,0.20000000000027285,0.9999379588634254,0.17010503344806693,True,same_date_plus60_core,frozen_rule_based_v2,True,same_date_plus60_core,source_and_mapped_target_w_status_both_endpoints,finite mapped W/Wh pairs requiring the released W-status observation proxy at both endpoints on both the source W timestamps and mapped-target Wh timestamps; W status is not proof of Wh ground truth,60,1376,0.999999987035545,0.164068902145295,0.13459302325581401,0.20000000000027285,True,1438,0.05201731031346497,False,1376,0.999999987035545,True,1436,0.999999986624433,True,0,,False,0,,False
2020-02-24,Production,1438,0.7161079359470394,65.47685722230955,30.78094575799722,242.01599999999962,0.627260083449235,0.716133954561268,13.679797786379169,False,1438,2,0.9986111111111111,-1440,1440,60,ok,60,False,1438,0.9999994351815318,0.0924101638709081,0.0426981919332406,0.20000000000001705,1.0000357685304961,-0.0015846228277638374,True,same_date_plus60_core,frozen_rule_based_v2,True,same_date_plus60_core,source_and_mapped_target_w_status_both_endpoints,finite mapped W/Wh pairs requiring the released W-status observation proxy at both endpoints on both the source W timestamps and mapped-target Wh timestamps; W status is not proof of Wh ground truth,60,1374,0.9999994269805752,0.09453787084943914,0.04468704512372633,0.20000000000001705,True,1437,0.7160471613726753,False,1374,0.9999994269805752,True,1434,0.9999994346970278,True,0,,False,0,,False
2020-02-24,Consumption,1438,-0.00982584814152224,2213.3226318304833,1134.5197496522949,11573.483999999988,0.009040333796940195,-0.009801560622832342,912.7061057450851,False,1438,2,0.9986111111111111,-1440,1440,60,ok,60,False,1438,0.9999925665959537,6.014740816792107,0.2930458970792732,0.20000000000027285,0.9999510999903373,0.2018355336552986,True,same_date_plus60_core,frozen_rule_based_v2,True,same_date_plus60_core,source_and_mapped_target_w_status_both_endpoints,finite mapped W/Wh pairs requiring the released W-status observation proxy at both endpoints on both the source W timestamps and mapped-target Wh timestamps; W status is not proof of Wh ground truth,60,1374,0.9999999946864448,0.1634774933429454,0.13362445414846788,0.20000000000027285,True,1437,-0.010003553611713503,False,1374,0.9999999946864448,True,1434,0.999999994467828,True,0,,False,0,,False
2020-02-25,Production,1437,0.8446183147215789,192.72781655351784,101.13723034098818,590.056,0.5594989561586639,0.8446220874717353,32.206974253562066,False,1437,3,0.9979166666666667,-1440,1440,60,ok,60,False,1437,0.9999999563503243,0.10216855368051839,0.05219206680584521,0.20000000000004547,1.000004423160866,0.0003358056295894585,True,same_date_plus60_core,frozen_rule_based_v2,True,same_date_plus60_core,source_and_mapped_target_w_status_both_endpoints,finite mapped W/Wh pairs requiring the released W-status observation proxy at both endpoints on both the source W timestamps and mapped-target Wh timestamps; W status is not proof of Wh ground truth,60,1372,0.9999999555941603,0.1045607221016279,0.05466472303206966,0.20000000000004547,True,1436,0.844579411527535,False,1372,0.9999999555941603,True,1432,0.999999956295484,True,0,,False,0,,False
2020-02-25,Consumption,1437,0.3033977139678674,1401.7501872417033,860.8737647877522,4179.872000000002,0.010438413361169102,0.30436760593930573,617.113540412364,False,1437,3,0.9979166666666667,-1440,1440,60,ok,60,False,1437,0.999946558340645,12.262392223706462,0.4531663187195511,0.20000000000027285,0.9998267071722643,0.4754934980581993,True,same_date_plus60_core,frozen_rule_based_v2,True,same_date_plus60_core,source_and_mapped_target_w_status_both_endpoints,finite mapped W/Wh pairs requiring the released W-status observation proxy at both endpoints on both the source W timestamps and mapped-target Wh timestamps; W status is not proof of Wh ground truth,60,1372,0.9999999910047478,0.16171457416862717,0.13075801749270746,0.20000000000027285,True,1436,0.30321743829593434,False,1372,0.9999999910047478,True,1432,0.999999990801237,True,0,,False,0,,False
2020-02-26,Production,1439,0.7205777172979908,309.49380061622384,142.7599722029187,1144.4959999999999,0.5489923558026407,0.7205770492113043,63.12090163918202,False,1439,1,0.9993055555555556,-1440,1440,60,ok,60,False,1439,0.999999968784442,0.10344987338314234,0.05350938151494099,0.20000000000004547,0.9999973995918441,0.0007264210424011708,True,same_date_plus60_core,frozen_rule_based_v2,True,same_date_plus60_core,source_and_mapped_target_w_status_both_endpoints,finite mapped W/Wh pairs requiring the released W-status observation proxy at both endpoints on both the source W timestamps and mapped-target Wh timestamps; W status is not proof of Wh ground truth,60,1376,0.9999999684361408,0.10565410875907483,0.05581395348837216,0.20000000000004547,True,1438,0.7205198524785529,False,1376,0.9999999684361408,True,1436,0.9999999687650201,True,0,,False,0,,False
2020-02-26,Consumption,1439,0.1370726603243469,1062.919944568499,593.0095899930508,3318.895999999998,0.015983321751216122,0.13672038014163962,481.9047689681453,False,1439,1,0.9993055555555556,-1440,1440,60,ok,60,False,1439,0.9999942363765643,2.7516474312352397,0.20389159138290272,0.20000000000027285,0.9999507639538106,0.09990886052617043,True,same_date_plus60_core,frozen_rule_based_v2,True,same_date_plus60_core,source_and_mapped_target_w_status_both_endpoints,finite mapped W/Wh pairs requiring the released W-status observation proxy at both endpoints on both the source W timestamps and mapped-target Wh timestamps; W status is not proof of Wh ground truth,60,1376,0.999999980541088,0.1624664544981767,0.1319767441860443,0.20000000000027285,True,1438,0.13688965507892026,False,1376,0.999999980541088,True,1436,0.9999999799965041,True,0,,False,0,,False
2020-02-27,Production,1440,0.8492294913436468,221.82689077797178,105.14736111111112,837.6379999999984,0.5819444444444445,0.8492309588166416,34.49682841670261,False,1440,0,1.0,-1440,1440,60,ok,60,False,1440,0.9999999702210317,0.09860132971832535,0.048611111111110716,0.20000000000004547,1.000003443969143,-0.0018991079925285703,True,same_date_plus60_core,frozen_rule_based_v2,True,same_date_plus60_core,source_and_mapped_target_w_status_both_endpoints,finite mapped W/Wh pairs requiring the released W-status observation proxy at both endpoints on both the source W timestamps and mapped-target Wh timestamps; W status is not proof of Wh ground truth,60,1380,0.9999999698002893,0.10072203103706537,0.05072463768115901,0.20000000000004547,True,1440,0.8492294913436468,False,1380,0.9999999698002893,True,1440,0.9999999702210317,True,0,,False,0,,False
2020-02-27,Consumption,1440,0.07335214133704743,1510.6424925342196,990.4768055555556,4601.511999999998,0.002777777777777778,0.07346263270295074,809.8163904698912,False,1440,0,1.0,-1440,1440,60,ok,60,False,1440,0.9999999894227324,0.1615033539383435,0.13041666666666915,0.20000000000027285,1.0000063891078186,-0.0007408142554368169,True,same_date_plus60_core,frozen_rule_based_v2,True,same_date_plus60_core,source_and_mapped_target_w_status_both_endpoints,finite mapped W/Wh pairs requiring the released W-status observation proxy at both endpoints on both the source W timestamps and mapped-target Wh timestamps; W status is not proof of Wh ground truth,60,1380,0.9999999896656905,0.16178353761578715,0.1308695652173939,0.20000000000027285,True,1440,0.07335214133704743,False,1380,0.9999999896656905,True,1440,0.9999999894227324,True,0,,False,0,,False
2020-02-28,Production,1439,0.38224386711900155,259.0081802620692,109.95232800555941,1117.4879999999987,0.5712300208478109,0.3822365333802216,72.78132683348446,False,1439,1,0.9993055555555556,-1440,1440,60,ok,60,False,1439,0.9999999113625964,0.09821195046094254,0.048227936066713134,0.20000000000004547,0.9999807253435108,0.0021318477330680707,True,same_date_plus60_core,frozen_rule_based_v2,True,same_date_plus60_core,source_and_mapped_target_w_status_both_endpoints,finite mapped W/Wh pairs requiring the released W-status observation proxy at both endpoints on both the source W timestamps and mapped-target Wh timestamps; W status is not proof of Wh ground truth,60,1376,0.9999999103148305,0.10043509995178784,0.05043604651162806,0.20000000000004547,True,1438,0.38213402924151313,False,1376,0.9999999103148305,True,1376,0.9999999103148305,True,0,,False,0,,False
2020-02-28,Consumption,1439,0.2518108829636393,1472.628531478125,909.5585128561501,4350.959999999989,0.007644197359277276,0.25172188351713864,682.9251197388295,False,1439,1,0.9993055555555556,-1440,1440,60,ok,60,False,1439,0.9999840069817147,6.829318695246851,1.021416484093599,53.193435114503764,1.0001936565648755,-0.616812687302172,True,same_date_plus60_core,frozen_rule_based_v2,True,same_date_plus60_core,source_and_mapped_target_w_status_both_endpoints,finite mapped W/Wh pairs requiring the released W-status observation proxy at both endpoints on both the source W timestamps and mapped-target Wh timestamps; W status is not proof of Wh ground truth,60,1376,0.9999999912136318,0.16192878135945513,0.13110465116279246,0.20000000000027285,True,1438,0.25156469376472923,False,1376,0.9999999912136318,True,1376,0.9999999912136318,True,0,,False,0,,False
2020-02-29,Production,0,,,,,,,,False,0,1440,0.0,-1440,1440,60,too_sparse_power_day,,,,,,,,,,,unassessable_no_finite_W_pairs,frozen_rule_based_v2,False,none,source_and_mapped_target_w_status_both_endpoints,finite mapped W/Wh pairs requiring the released W-status observation proxy at both endpoints on both the source W timestamps and mapped-target Wh timestamps; W status is not proof of Wh ground truth,60,0,,,,,False,0,,False,0,,False,0,,False,0,,False,0,,False
2020-02-29,Consumption,0,,,,,,,,False,0,1440,0.0,-1440,1440,60,too_sparse_power_day,,,,,,,,,,,unassessable_no_finite_W_pairs,frozen_rule_based_v2,False,none,source_and_mapped_target_w_status_both_endpoints,finite mapped W/Wh pairs requiring the released W-status observation proxy at both endpoints on both the source W timestamps and mapped-target Wh timestamps; W status is not proof of Wh ground truth,60,0,,,,,False,0,,False,0,,False,0,,False,0,,False,0,,False
2020-03-01,Production,1438,0.999999851779439,0.09551849575861632,0.045618915159944214,0.20000000000004547,1.0,1.000043152165276,-0.0022863274578242,True,0,1440,0.0,-1440,1440,60,ok,0,False,1438,0.999999851779439,0.09551849575861632,0.045618915159944214,0.20000000000004547,1.000043152165276,-0.0022863274578242,True,unaffected_same0,frozen_rule_based_v2,False,same_date_0,source_and_mapped_target_w_status_both_endpoints,finite mapped W/Wh pairs requiring the released W-status observation proxy at both endpoints on both the source W timestamps and mapped-target Wh timestamps; W status is not proof of Wh ground truth,60,1436,0.9999998517442498,0.09558498967252291,0.04568245125348174,0.20000000000004547,True,1436,0.9999998517442498,True,1373,0.6587462654508582,False,1433,0.6613072205928229,False,1376,0.20614431667383284,False,1432,0.21139457301188647,False
2020-03-01,Consumption,1438,0.9999827246785469,6.541979556903899,0.3073713490959706,0.20000000000027285,0.9993045897079277,0.9999037103870382,0.24952897083130665,True,0,1440,0.0,-1440,1440,60,ok,0,False,1438,0.9999827246785469,6.541979556903899,0.3073713490959706,0.20000000000027285,0.9999037103870382,0.24952897083130665,True,unaffected_same0,frozen_rule_based_v2,False,same_date_0,source_and_mapped_target_w_status_both_endpoints,finite mapped W/Wh pairs requiring the released W-status observation proxy at both endpoints on both the source W timestamps and mapped-target Wh timestamps; W status is not proof of Wh ground truth,60,1436,0.9999999891307514,0.16429133712414756,0.13495821727019897,0.20000000000027285,True,1436,0.9999999891307514,True,1373,0.23288322147423055,False,1433,0.21798993583751058,False,1376,0.06224839871940558,False,1432,0.0720320039648106,False
2020-03-02,Production,1438,0.7265662871836505,358.69161142559943,144.24944367176633,1348.2019999999993,0.6815020862308763,0.15386203997361902,12.897173726887392,False,1438,2,0.9986111111111111,-1440,1440,60,ok,-79,False,1438,0.8552239324677697,347.27765751871067,144.7826842837274,1313.9799999999993,0.18110735552266427,7.967438919720436,False,actual_transpose_plus60_core,frozen_rule_based_v2,True,transpose_plus60_core,source_and_mapped_target_w_status_both_endpoints,finite mapped W/Wh pairs requiring the released W-status observation proxy at both endpoints on both the source W timestamps and mapped-target Wh timestamps; W status is not proof of Wh ground truth,60,1368,0.9999999731493381,0.08983415518941762,0.04035087719298241,0.20000000000004547,True,1436,0.7264770673796972,False,1372,0.48642285529647517,False,1432,0.4917151445513981,False,1368,0.9999999731493381,True,1428,0.9999997782674167,True
2020-03-02,Consumption,1438,-0.015689381194135734,2143.2775922184655,1614.6119610570236,6381.569999999995,0.0,-0.0313885259227814,1857.5335959382921,False,1438,2,0.9986111111111111,-1440,1440,60,ok,-1084,False,1438,0.3308421166197782,1274.620677294811,868.2013908205843,4342.223999999999,0.4825638763027283,926.5390787371427,False,actual_transpose_plus60_core,frozen_rule_based_v2,True,transpose_plus60_core,source_and_mapped_target_w_status_both_endpoints,finite mapped W/Wh pairs requiring the released W-status observation proxy at both endpoints on both the source W timestamps and mapped-target Wh timestamps; W status is not proof of Wh ground truth,60,1368,0.9999999761070232,0.16303051054456283,0.13289473684210493,0.20000000000027285,True,1436,-0.015837649055825367,False,1372,0.04372179638966414,False,1432,0.05273301166604122,False,1368,0.9999999761070232,True,1428,0.9871677600641762,False
2020-03-03,Production,1439,0.19940215134268355,182.3111355129909,63.2946490618485,811.1159999999998,0.674774148714385,0.1994010293150897,44.375523762052765,False,1439,1,0.9993055555555556,-1440,1440,60,ok,60,False,1439,0.9999978537080014,0.2985254472712834,0.04947880472550385,0.20000000000004547,0.9999768808330356,0.003505329889108566,True,diagonal_identity_plus60_control,frozen_rule_based_v2,True,transpose_plus60_core,source_and_mapped_target_w_status_both_endpoints,finite mapped W/Wh pairs requiring the released W-status observation proxy at both endpoints on both the source W timestamps and mapped-target Wh timestamps; W status is not proof of Wh ground truth,60,1376,0.9999998107060545,0.09038033332071077,0.04084302325581399,0.20000000000004547,True,1438,0.19931973326117736,False,1376,0.9999998107060545,True,1436,0.9999978530445771,True,1376,0.9999998107060545,True,1436,0.9999978530445771,True
2020-03-03,Consumption,1439,0.3140717372504362,1291.785756348849,713.8476719944406,4325.539999999999,0.01667824878387769,0.3150844895290527,600.5688971261886,False,1439,1,0.9993055555555556,-1440,1440,60,ok,60,False,1439,0.9870942903250431,180.06225569987618,31.76970118137595,1066.5199999999993,0.9910421790900166,-23.34431453215484,False,diagonal_identity_plus60_control,frozen_rule_based_v2,True,transpose_plus60_core,source_and_mapped_target_w_status_both_endpoints,finite mapped W/Wh pairs requiring the released W-status observation proxy at both endpoints on both the source W timestamps and mapped-target Wh timestamps; W status is not proof of Wh ground truth,60,1376,0.9999999894127132,0.16326964428265545,0.1332848837209274,0.20000000000027285,True,1438,0.3138041084196484,False,1376,0.9999999894127132,True,1436,0.9870836805737342,False,1376,0.9999999894127132,True,1436,0.9870836805737342,False
2020-03-04,Production,1438,0.37246467049236653,624.1307955312403,311.8666203059806,1926.7559999999996,0.48887343532684285,0.5523406162252441,268.13976643951037,False,1438,2,0.9986111111111111,-1440,1440,60,ok,-1251,False,1438,0.7546846793759582,341.48065822878925,132.98915159944366,1432.8779999999988,0.2642911357810525,7.377505338982182,False,actual_transpose_plus60_core,frozen_rule_based_v2,True,transpose_plus60_core,source_and_mapped_target_w_status_both_endpoints,finite mapped W/Wh pairs requiring the released W-status observation proxy at both endpoints on both the source W timestamps and mapped-target Wh timestamps; W status is not proof of Wh ground truth,60,1374,0.9999999723505222,0.09904933856498219,0.049053857350801665,0.20000000000004547,True,1437,0.37235138578784305,False,1374,0.5741092776226466,False,1434,0.5787610285033821,False,1374,0.9999999723505222,True,1434,0.9999952738267175,True
2020-03-04,Consumption,1438,-0.12145796592660565,2074.0586409481757,1499.4535465924896,5538.551999999994,0.0,-0.1004386076917086,880.5930041944671,False,1438,2,0.9986111111111111,-1440,1440,60,ok,-465,False,1438,0.4087060899561089,1531.229315450541,1020.5450625869263,4778.343999999996,0.3510687033659902,445.6413129587172,False,actual_transpose_plus60_core,frozen_rule_based_v2,True,transpose_plus60_core,source_and_mapped_target_w_status_both_endpoints,finite mapped W/Wh pairs requiring the released W-status observation proxy at both endpoints on both the source W timestamps and mapped-target Wh timestamps; W status is not proof of Wh ground truth,60,1374,0.9999999934803256,0.16665210999021873,0.13886462882096084,0.20000000000027285,True,1437,-0.12182366633709626,False,1374,-0.06846066558687369,False,1434,-0.08114745742280484,False,1374,0.9999999934803256,True,1434,0.9524221415733011,False
2020-03-05,Production,1440,-0.035274111945580104,870.4323527547803,529.631388888889,1878.923999999999,0.4305555555555556,-0.301396258788331,575.7941063866555,False,1440,0,1.0,-1440,1440,60,ok,-1145,False,1440,0.7901241551817971,639.1248527391881,330.21527777777777,1807.61,5.985957956392417,127.26009474101352,False,actual_transpose_plus60_core,frozen_rule_based_v2,True,transpose_plus60_core,source_and_mapped_target_w_status_both_endpoints,finite mapped W/Wh pairs requiring the released W-status observation proxy at both endpoints on both the source W timestamps and mapped-target Wh timestamps; W status is not proof of Wh ground truth,60,1380,0.9999993714782214,0.09215613719763037,0.042463768115942255,0.20000000000001705,True,1440,-0.035274111945580104,False,1380,0.12517033574436676,False,1440,0.14046336168753584,False,1380,0.9999993714782214,True,1440,0.9999950424589426,True
2020-03-05,Consumption,1440,0.01950139424292262,1928.5569068750747,1346.578888888889,5349.441999999997,0.002777777777777778,0.015435960174984092,612.7717960322093,False,1440,0,1.0,-1440,1440,60,ok,-67,False,1440,0.386348220073741,1605.8117280591214,1131.5379166666667,4714.027999999998,0.3057014359426676,205.6921197731516,False,actual_transpose_plus60_core,frozen_rule_based_v2,True,transpose_plus60_core,source_and_mapped_target_w_status_both_endpoints,finite mapped W/Wh pairs requiring the released W-status observation proxy at both endpoints on both the source W timestamps and mapped-target Wh timestamps; W status is not proof of Wh ground truth,60,1380,0.9999999931973983,0.1647131894615808,0.13565217391303852,0.20000000000027285,True,1440,0.01950139424292262,False,1380,-0.15102418831385753,False,1440,-0.1390172100872551,False,1380,0.9999999931973983,True,1440,0.9996764420171234,True
2020-03-06,Production,1439,0.5838836458030853,348.9896277512712,196.80166782487836,1247.3159999999998,0.41695621959694235,0.5970789332669467,174.5006904866313,False,1439,1,0.9993055555555556,-1440,1440,60,ok,-1313,False,1439,0.7246745113160458,632.5793907605672,397.2040305767895,1548.3159999999998,1.3844359581885102,330.29631195718844,False,actual_transpose_plus60_core,frozen_rule_based_v2,True,transpose_plus60_core,source_and_mapped_target_w_status_both_endpoints,finite mapped W/Wh pairs requiring the released W-status observation proxy at both endpoints on both the source W timestamps and mapped-target Wh timestamps; W status is not proof of Wh ground truth,60,1378,0.9999999633132655,0.0993447326591177,0.049346879535558524,0.20000000000004547,True,1438,0.5837979953951135,False,1376,0.5302822003796415,False,1436,0.5365634243268322,False,1378,0.9999999633132655,True,1438,0.9999999636599803,True
2020-03-06,Consumption,1439,-0.03004797979777043,2283.086662063142,1230.3199444058375,10904.679999999993,0.0,-0.06166124129448309,1169.2757253354557,False,1439,1,0.9993055555555556,-1440,1440,60,ok,-1294,False,1439,0.5087724410530939,1040.8950267333632,540.3987491313412,3977.3799999999937,0.5800159952928843,235.07230913076933,False,actual_transpose_plus60_core,frozen_rule_based_v2,True,transpose_plus60_core,source_and_mapped_target_w_status_both_endpoints,finite mapped W/Wh pairs requiring the released W-status observation proxy at both endpoints on both the source W timestamps and mapped-target Wh timestamps; W status is not proof of Wh ground truth,60,1378,0.9999999858344206,0.1656232456708062,0.13715529753265948,0.20000000000027285,True,1438,-0.030227503407720104,False,1376,0.04372403858933667,False,1436,0.045569913410922355,False,1378,0.9999999858344206,True,1438,0.9863994159394674,False
2020-03-07,Production,1439,0.32794027498932155,657.0274562366354,398.9350938151494,1878.04,0.3648366921473245,0.3872798392985062,360.8082895714957,False,1439,1,0.9993055555555556,-1440,1440,60,ok,240,False,1439,0.8074695262591288,393.0171310456377,231.57261987491313,1371.7039999999988,0.9536476100225161,200.54308129808544,False,actual_transpose_plus60_core,frozen_rule_based_v2,True,transpose_plus60_core,source_and_mapped_target_w_status_both_endpoints,finite mapped W/Wh pairs requiring the released W-status observation proxy at both endpoints on both the source W timestamps and mapped-target Wh timestamps; W status is not proof of Wh ground truth,60,1374,0.9999999788698871,0.10336408426322574,0.053420669577875744,0.20000000000004547,True,1438,0.32773128841379084,False,1376,0.5244189001479554,False,1436,0.533354828290294,False,1374,0.9999999788698871,True,1434,0.9999999791713817,True
2020-03-07,Consumption,1439,-0.07514939173861586,1993.4772962489892,1301.677553856845,6571.039999999997,0.0,-0.0693894996055493,1111.3236483849423,False,1439,1,0.9993055555555556,-1440,1440,60,ok,129,False,1439,0.34486430508559,1559.4335729699765,1022.8599027102156,5243.7559999999985,0.3191903637286274,722.6635278897577,False,actual_transpose_plus60_core,frozen_rule_based_v2,True,transpose_plus60_core,source_and_mapped_target_w_status_both_endpoints,finite mapped W/Wh pairs requiring the released W-status observation proxy at both endpoints on both the source W timestamps and mapped-target Wh timestamps; W status is not proof of Wh ground truth,60,1374,0.9999999936736463,0.16123612743999569,0.12998544395923867,0.20000000000027285,True,1438,-0.07541449727470256,False,1376,0.168149915860618,False,1436,0.18201769055886993,False,1374,0.9999999936736463,True,1434,0.9998996852154493,True
2020-03-08,Production,1439,0.4527752397478659,515.8377355826226,278.53815149409314,1603.8359999999993,0.4266851980542043,0.5178734711838829,151.74534854354778,False,1439,1,0.9993055555555556,-1440,1440,60,ok,-1260,False,1439,0.843320906238233,371.44648116104355,220.05267546907575,1420.3239999999978,1.078220743998376,173.6885759754851,False,actual_transpose_plus60_core,frozen_rule_based_v2,True,transpose_plus60_core,source_and_mapped_target_w_status_both_endpoints,finite mapped W/Wh pairs requiring the released W-status observation proxy at both endpoints on both the source W timestamps and mapped-target Wh timestamps; W status is not proof of Wh ground truth,60,1376,0.9999999720640768,0.10957104523316394,0.06002906976744136,0.20000000000004547,True,1438,0.45264646681043763,False,1376,0.6594142938424239,False,1436,0.6644395772500878,False,1376,0.9999999720640768,True,1436,0.9999999725064517,True
2020-03-08,Consumption,1439,-0.06489742187418,1224.318780643568,729.8475330090341,3728.9759999999997,0.0,-0.026034227351616968,302.84108614577,False,1439,1,0.9993055555555556,-1440,1440,60,ok,1246,False,1439,0.23074283546021648,1320.0169991258585,788.4388464211257,4595.527999999999,0.2508423373370667,519.9318520283606,False,actual_transpose_plus60_core,frozen_rule_based_v2,True,transpose_plus60_core,source_and_mapped_target_w_status_both_endpoints,finite mapped W/Wh pairs requiring the released W-status observation proxy at both endpoints on both the source W timestamps and mapped-target Wh timestamps; W status is not proof of Wh ground truth,60,1376,0.9999999860138113,0.1626452838913346,0.13226744186046527,0.20000000000027285,True,1438,-0.06499649326002017,False,1376,0.06330723962490065,False,1436,0.05434345640111007,False,1376,0.9999999860138113,True,1436,0.9060520663249119,False
2020-03-09,Production,1437,0.9999999706402843,0.11726410306560167,0.06875434933890114,0.20000000000004547,1.0,0.9999898121968406,0.0036952206737623783,True,0,1440,0.0,-1440,1440,60,ok,0,False,1437,0.9999999706402843,0.11726410306560167,0.06875434933890114,0.20000000000004547,0.9999898121968406,0.0036952206737623783,True,unaffected_same0,frozen_rule_based_v2,False,same_date_0,source_and_mapped_target_w_status_both_endpoints,finite mapped W/Wh pairs requiring the released W-status observation proxy at both endpoints on both the source W timestamps and mapped-target Wh timestamps; W status is not proof of Wh ground truth,60,1436,0.9999999706304659,0.11730492607921975,0.06880222841225692,0.20000000000004547,True,1436,0.9999999706304659,True,1372,0.69394479749216,False,1432,0.7004184888887962,False,1374,0.14089212196914616,False,1434,0.1563908926421838,False
2020-03-09,Consumption,1437,0.9998845931157404,17.485303501870938,0.5954070981210904,0.20000000000027285,0.9993041057759221,0.9997870114770177,0.6455621164577678,True,0,1440,0.0,-1440,1440,60,ok,0,False,1437,0.9998845931157404,17.485303501870938,0.5954070981210904,0.20000000000027285,0.9997870114770177,0.6455621164577678,True,unaffected_same0,frozen_rule_based_v2,False,same_date_0,source_and_mapped_target_w_status_both_endpoints,finite mapped W/Wh pairs requiring the released W-status observation proxy at both endpoints on both the source W timestamps and mapped-target Wh timestamps; W status is not proof of Wh ground truth,60,1436,0.9999999898937242,0.16386692066437286,0.1342618384401161,0.20000000000027285,True,1436,0.9999999898937242,True,1372,-0.011690029333816172,False,1432,-0.00676877190026905,False,1374,-0.04773199807247825,False,1434,-0.043636636139773546,False
2020-03-10,Production,1439,0.9999999211562509,0.10597179269886368,0.056150104239055046,0.20000000000004547,1.0,0.9999809018199538,-0.0006238143649284211,True,0,1440,0.0,-1440,1440,60,ok,0,False,1439,0.9999999211562509,0.10597179269886368,0.056150104239055046,0.20000000000004547,0.9999809018199538,-0.0006238143649284211,True,unaffected_same0,frozen_rule_based_v2,False,same_date_0,source_and_mapped_target_w_status_both_endpoints,finite mapped W/Wh pairs requiring the released W-status observation proxy at both endpoints on both the source W timestamps and mapped-target Wh timestamps; W status is not proof of Wh ground truth,60,1438,0.999999921140677,0.10600863323281125,0.05618915159944382,0.20000000000004547,True,1438,0.999999921140677,True,1376,0.506231709810599,False,1436,0.5123621622312359,False,1376,0.6668707578805215,False,1436,0.6708729873760954,False
2020-03-10,Consumption,1439,0.9979567736502241,3.1464685080693906,0.21431549687282866,0.20000000000001705,0.9993050729673384,0.9982484325006636,0.3773284859003354,True,0,1440,0.0,-1440,1440,60,ok,0,False,1439,0.9979567736502241,3.1464685080693906,0.21431549687282866,0.20000000000001705,0.9982484325006636,0.3773284859003354,True,unaffected_same0,frozen_rule_based_v2,False,same_date_0,source_and_mapped_target_w_status_both_endpoints,finite mapped W/Wh pairs requiring the released W-status observation proxy at both endpoints on both the source W timestamps and mapped-target Wh timestamps; W status is not proof of Wh ground truth,60,1438,0.9999945766425339,0.16221690865016683,0.13157162726008373,0.20000000000001705,True,1438,0.9999945766425339,True,1376,0.7389666483822136,False,1436,0.6223366507832372,False,1376,0.2749234801742373,False,1436,0.29055189718876806,False
2020-03-11,Production,1438,0.9999998947027849,0.09725008983123701,0.04728789986091823,0.20000000000004547,1.0,1.000031310958522,-0.0001753082712525611,True,0,1440,0.0,-1440,1440,60,ok,0,False,1438,0.9999998947027849,0.09725008983123701,0.04728789986091823,0.20000000000004547,1.000031310958522,-0.0001753082712525611,True,unaffected_same0,frozen_rule_based_v2,False,same_date_0,source_and_mapped_target_w_status_both_endpoints,finite mapped W/Wh pairs requiring the released W-status observation proxy at both endpoints on both the source W timestamps and mapped-target Wh timestamps; W status is not proof of Wh ground truth,60,1437,0.9999998946907767,0.09728392183428908,0.04732080723730022,0.20000000000004547,True,1437,0.9999998946907767,True,1374,0.44974098176892147,False,1434,0.4536912001133385,False,1376,0.29536876087239217,False,1436,0.3012186596093604,False
2020-03-11,Consumption,1438,0.999977981798464,8.598335705959514,0.35646731571627244,0.20000000000027285,0.9993045897079277,0.9998748323488015,0.3602778826766553,True,0,1440,0.0,-1440,1440,60,ok,0,False,1438,0.999977981798464,8.598335705959514,0.35646731571627244,0.20000000000027285,0.9998748323488015,0.3602778826766553,True,unaffected_same0,frozen_rule_based_v2,False,same_date_0,source_and_mapped_target_w_status_both_endpoints,finite mapped W/Wh pairs requiring the released W-status observation proxy at both endpoints on both the source W timestamps and mapped-target Wh timestamps; W status is not proof of Wh ground truth,60,1437,0.9999999922675702,0.1611544986731312,0.12985386221294348,0.20000000000027285,True,1437,0.9999999922675702,True,1374,0.05926953598803824,False,1434,0.05502392273113671,False,1376,0.00625709611762678,False,1436,0.031127816266076008,False
2020-03-12,Production,1438,0.9997724107882591,2.3959632253999033,0.09930458970792741,0.20000000000000284,0.9993045897079277,1.0002849638149676,0.05283255129393183,True,0,1440,0.0,-1440,1440,60,ok,0,False,1438,0.9997724107882591,2.3959632253999033,0.09930458970792741,0.20000000000000284,1.0002849638149676,0.05283255129393183,True,unaffected_same0,frozen_rule_based_v2,False,same_date_0,source_and_mapped_target_w_status_both_endpoints,finite mapped W/Wh pairs requiring the released W-status observation proxy at both endpoints on both the source W timestamps and mapped-target Wh timestamps; W status is not proof of Wh ground truth,60,1436,0.9999997128726029,0.08510193789138372,0.03621169916434515,0.20000000000000284,True,1436,0.9999997128726029,True,1372,0.3316146055455919,False,1432,0.33388765398812087,False,1374,0.46958261114242705,False,1434,0.4723318166099538,False
2020-03-12,Consumption,1438,0.9939858413047733,173.30601176384783,5.4624478442281035,0.2000000000007276,0.9986091794158554,1.0080610659569327,-10.602566468220402,True,0,1440,0.0,-1440,1440,60,ok,0,False,1438,0.9939858413047733,173.30601176384783,5.4624478442281035,0.2000000000007276,1.0080610659569327,-10.602566468220402,True,unaffected_same0,frozen_rule_based_v2,False,same_date_0,source_and_mapped_target_w_status_both_endpoints,finite mapped W/Wh pairs requiring the released W-status observation proxy at both endpoints on both the source W timestamps and mapped-target Wh timestamps; W status is not proof of Wh ground truth,60,1436,0.9999999943351159,0.16522121576625004,0.13649025069638732,0.2000000000007276,True,1436,0.9999999943351159,True,1372,0.145740569819056,False,1432,0.16078429677707706,False,1374,0.05727715762452115,False,1434,0.10142426543512224,False
2020-03-13,Production,1439,0.7072599037291692,159.43469261479146,81.37984711605282,520.1639999999998,0.5677553856845031,0.7072529332323124,35.432526649336694,False,1439,1,0.9993055555555556,-1440,1440,60,ok,60,False,1439,0.9999998790744207,0.10250510589157465,0.05253648366921474,0.20000000000004547,0.9999900234386392,-0.00046025884076073,True,same_date_plus60_core,frozen_rule_based_v2,True,same_date_plus60_core,source_and_mapped_target_w_status_both_endpoints,finite mapped W/Wh pairs requiring the released W-status observation proxy at both endpoints on both the source W timestamps and mapped-target Wh timestamps; W status is not proof of Wh ground truth,60,1376,0.9999998771769535,0.10482543628825611,0.05494186046511629,0.20000000000004547,True,1438,0.707191192797245,False,1376,0.9999998771769535,True,1436,0.9999998789891228,True,0,,False,0,,False
2020-03-13,Consumption,1439,0.22133294298677092,2034.0408475033194,1290.4432244614316,7122.155999999985,0.005559416261292564,0.2203369629507016,1183.552672614433,False,1439,1,0.9993055555555556,-1440,1440,60,ok,60,False,1439,0.9997401728593613,37.24911349109041,1.115357887421818,0.2000000000007276,0.9999832690306997,1.0063254759886604,True,same_date_plus60_core,frozen_rule_based_v2,True,same_date_plus60_core,source_and_mapped_target_w_status_both_endpoints,finite mapped W/Wh pairs requiring the released W-status observation proxy at both endpoints on both the source W timestamps and mapped-target Wh timestamps; W status is not proof of Wh ground truth,60,1376,0.9999999950837635,0.16335864382280502,0.13343023255813674,0.2000000000007276,True,1438,0.2213515475710685,False,1376,0.9999999950837635,True,1436,0.9999999950072231,True,0,,False,0,,False
2020-03-14,Production,1439,0.8260960789074181,29.254398765246446,14.23669214732453,102.92399999999998,0.6282140375260598,0.8260487333695214,4.966224502093585,False,1439,1,0.9993055555555556,-1440,1440,60,ok,60,False,1439,0.9999982006827912,0.09416617724407046,0.0443363446838084,0.20000000000001705,0.9999408883992497,-0.0003964650515371204,True,same_date_plus60_core,frozen_rule_based_v2,True,same_date_plus60_core,source_and_mapped_target_w_status_both_endpoints,finite mapped W/Wh pairs requiring the released W-status observation proxy at both endpoints on both the source W timestamps and mapped-target Wh timestamps; W status is not proof of Wh ground truth,60,1376,0.9999981729541032,0.09629774563276933,0.046366279069767646,0.20000000000001705,True,1438,0.8260559794963251,False,1376,0.9999981729541032,True,1436,0.9999981994358841,True,0,,False,0,,False
2020-03-14,Consumption,1439,0.03752903966536127,1428.9188767688597,842.923002084781,4079.3559999999998,0.019457956914523976,0.037526714645890365,703.8598667085945,False,1439,1,0.9993055555555556,-1440,1440,60,ok,60,False,1439,0.9999952107622284,3.188652569966309,0.21737317581653884,0.20000000000027285,0.9999516894743389,0.10815959626972926,True,same_date_plus60_core,frozen_rule_based_v2,True,same_date_plus60_core,source_and_mapped_target_w_status_both_endpoints,finite mapped W/Wh pairs requiring the released W-status observation proxy at both endpoints on both the source W timestamps and mapped-target Wh timestamps; W status is not proof of Wh ground truth,60,1376,0.9999999878103908,0.16362535199030975,0.13386627906976686,0.20000000000027285,True,1438,0.03729702266745113,False,1376,0.9999999878103908,True,1436,0.9999999874712344,True,0,,False,0,,False
2020-03-15,Production,1438,0.7973140545331824,61.09175706788247,29.833657858136302,228.42999999999986,0.60778859527121,0.7972835549674901,10.680138124018377,False,1438,2,0.9986111111111111,-1440,1440,60,ok,60,False,1438,0.9999994571090145,0.10006951686623396,0.05006954102920741,0.20000000000004547,0.9999612042412005,9.718263076763378e-05,True,same_date_plus60_core,frozen_rule_based_v2,True,same_date_plus60_core,source_and_mapped_target_w_status_both_endpoints,finite mapped W/Wh pairs requiring the released W-status observation proxy at both endpoints on both the source W timestamps and mapped-target Wh timestamps; W status is not proof of Wh ground truth,60,1374,0.9999994493740905,0.10237357737706641,0.052401746724891014,0.20000000000004547,True,1437,0.7972715079692307,False,1374,0.9999994493740905,True,1434,0.9999994566519272,True,0,,False,0,,False
2020-03-15,Consumption,1438,0.16141761510786706,1556.618920486364,954.1584144645341,4627.805999999991,0.013908205841446454,0.16229800397631394,783.6941923185291,False,1438,2,0.9986111111111111,-1440,1440,60,ok,60,False,1438,0.9975658703354267,83.91151044722923,2.343532684283727,0.20000000000027285,1.0010043956357313,1.2698472096949445,True,same_date_plus60_core,frozen_rule_based_v2,True,same_date_plus60_core,source_and_mapped_target_w_status_both_endpoints,finite mapped W/Wh pairs requiring the released W-status observation proxy at both endpoints on both the source W timestamps and mapped-target Wh timestamps; W status is not proof of Wh ground truth,60,1374,0.99999999118313,0.16168688629390282,0.13071324599708906,0.20000000000027285,True,1437,0.16168074603786473,False,1374,0.99999999118313,True,1434,0.99999999092514,True,0,,False,0,,False
2020-03-16,Production,1439,0.4991269891823506,361.22032854477584,146.60013898540652,1591.195999999996,0.5767894371091036,0.49912251837176064,81.82083217768236,False,1439,1,0.9993055555555556,-1440,1440,60,ok,60,False,1439,0.9999999601907951,0.10196130839008093,0.05198054204308582,0.20000000000004547,0.9999910029304008,-0.0024218053340234746,True,same_date_plus60_core,frozen_rule_based_v2,True,same_date_plus60_core,source_and_mapped_target_w_status_both_endpoints,finite mapped W/Wh pairs requiring the released W-status observation proxy at both endpoints on both the source W timestamps and mapped-target Wh timestamps; W status is not proof of Wh ground truth,60,1376,0.9999999598148794,0.10426932925484805,0.054360465116279406,0.20000000000004547,True,1438,0.49905561525045744,False,1376,0.9999999598148794,True,1436,0.9999999601737914,True,0,,False,0,,False
2020-03-16,Consumption,1439,0.21173367197025098,1460.0688505118123,959.6855455177206,4516.4039999999995,0.011118832522585128,0.21135973234588387,868.0601091759595,False,1439,1,0.9993055555555556,-1440,1440,60,ok,60,False,1439,0.9999967043357988,2.988362882443278,0.20542043085475986,0.20000000000027285,0.9999398328023476,0.14829804490841525,True,same_date_plus60_core,frozen_rule_based_v2,True,same_date_plus60_core,source_and_mapped_target_w_status_both_endpoints,finite mapped W/Wh pairs requiring the released W-status observation proxy at both endpoints on both the source W timestamps and mapped-target Wh timestamps; W status is not proof of Wh ground truth,60,1376,0.9999999907586731,0.15930444744809646,0.1268895348837213,0.20000000000027285,True,1438,0.21136129895091957,False,1376,0.9999999907586731,True,1436,0.9999999906308459,True,0,,False,0,,False
2020-03-17,Production,1439,0.6247306866425082,393.18491799143027,184.12522585128562,1472.195999999996,0.5107713690062543,0.6247345714890974,94.61332586124121,False,1439,1,0.9993055555555556,-1440,1440,60,ok,60,False,1439,0.9999999712124503,0.10894656358903548,0.05934676858929884,0.20000000000004547,1.0000001525255087,0.0031582083131524996,True,same_date_plus60_core,frozen_rule_based_v2,True,same_date_plus60_core,source_and_mapped_target_w_status_both_endpoints,finite mapped W/Wh pairs requiring the released W-status observation proxy at both endpoints on both the source W timestamps and mapped-target Wh timestamps; W status is not proof of Wh ground truth,60,1376,0.9999999708675643,0.11128216806942921,0.06191860465116355,0.20000000000004547,True,1438,0.6246501306765355,False,1376,0.9999999708675643,True,1436,0.9999999711939263,True,0,,False,0,,False
2020-03-17,Consumption,1439,0.2857660777741768,1024.261041733127,599.9414871438498,3441.927999999997,0.01320361362056984,0.29581877435912224,494.45832319591364,False,1439,1,0.9993055555555556,-1440,1440,60,ok,60,False,1439,0.9999941736581787,2.8727760531520006,0.2090340514246038,0.20000000000027285,0.999943247738732,0.10706738196097376,True,same_date_plus60_core,frozen_rule_based_v2,True,same_date_plus60_core,source_and_mapped_target_w_status_both_endpoints,finite mapped W/Wh pairs requiring the released W-status observation proxy at both endpoints on both the source W timestamps and mapped-target Wh timestamps; W status is not proof of Wh ground truth,60,1376,0.9999999817312414,0.16380291617928538,0.13415697674418925,0.20000000000027285,True,1438,0.28573840192865585,False,1376,0.9999999817312414,True,1436,0.9999999811376443,True,0,,False,0,,False
2020-03-18,Production,1439,0.5407344922116016,385.86189163515655,199.802084781098,1262.9759999999997,0.5045170257123002,0.540739182089884,107.80127696541436,False,1439,1,0.9993055555555556,-1440,1440,60,ok,60,False,1439,0.9999999625718569,0.11034093352981279,0.060875608061153295,0.20000000000004547,1.0000157697611276,-0.002867488304161725,True,same_date_plus60_core,frozen_rule_based_v2,True,same_date_plus60_core,source_and_mapped_target_w_status_both_endpoints,finite mapped W/Wh pairs requiring the released W-status observation proxy at both endpoints on both the source W timestamps and mapped-target Wh timestamps; W status is not proof of Wh ground truth,60,1376,0.9999999619814482,0.11283863761821449,0.06366279069767412,0.20000000000004547,True,1438,0.5406259170617201,False,1376,0.9999999619814482,True,1436,0.9999999625453214,True,0,,False,0,,False
2020-03-18,Consumption,1439,0.16105374920390667,1851.3360567054108,1150.5074357192493,8034.475999999997,0.007644197359277276,0.16076690104620078,1099.3016512320628,False,1439,1,0.9993055555555556,-1440,1440,60,ok,60,False,1439,0.999998858741474,2.1624439883566255,0.18804725503822417,0.20000000000027285,0.9999628184880553,0.10206104632152346,True,same_date_plus60_core,frozen_rule_based_v2,True,same_date_plus60_core,source_and_mapped_target_w_status_both_endpoints,finite mapped W/Wh pairs requiring the released W-status observation proxy at both endpoints on both the source W timestamps and mapped-target Wh timestamps; W status is not proof of Wh ground truth,60,1376,0.9999999937160349,0.1620185174601973,0.13125000000000311,0.20000000000027285,True,1438,0.16064635752999834,False,1376,0.9999999937160349,True,1436,0.9999999935870441,True,0,,False,0,,False
2020-03-19,Production,1439,0.6894833331090134,258.8022219310375,120.12870048644893,1064.0679999999977,0.5066018068102849,0.6894737601905104,64.40362712201602,False,1439,1,0.9993055555555556,-1440,1440,60,ok,60,False,1439,0.9999999436575412,0.11034093352981357,0.060875608061153934,0.20000000000004547,0.9999860594670118,0.0017794549781626756,True,same_date_plus60_core,frozen_rule_based_v2,True,same_date_plus60_core,source_and_mapped_target_w_status_both_endpoints,finite mapped W/Wh pairs requiring the released W-status observation proxy at both endpoints on both the source W timestamps and mapped-target Wh timestamps; W status is not proof of Wh ground truth,60,1376,0.9999999426101888,0.11283863761821526,0.06366279069767479,0.20000000000004547,True,1438,0.6893971817508561,False,1376,0.9999999426101888,True,1436,0.9999999436105791,True,0,,False,0,,False
2020-03-19,Consumption,1439,0.2344160947931025,2243.151586726907,1223.0374565670604,9854.267999999996,0.021542738012508687,0.23430864574734828,888.4964882037859,False,1439,1,0.9993055555555556,-1440,1440,60,ok,60,False,1439,0.9999969871261377,4.45286955288814,0.2532314107018792,0.2000000000007276,0.9999630219072885,0.161263333837951,True,same_date_plus60_core,frozen_rule_based_v2,True,same_date_plus60_core,source_and_mapped_target_w_status_both_endpoints,finite mapped W/Wh pairs requiring the released W-status observation proxy at both endpoints on both the source W timestamps and mapped-target Wh timestamps; W status is not proof of Wh ground truth,60,1376,0.9999999959815982,0.1652165597871711,0.13648255813953808,0.2000000000007276,True,1438,0.2342613446174895,False,1376,0.9999999959815982,True,1436,0.9999999958687726,True,0,,False,0,,False
2020-03-20,Production,1439,0.6261852494115745,257.80274842445925,124.88047255038221,1149.979999999996,0.5302293259207783,0.6261816969762185,70.57711505686882,False,1439,1,0.9993055555555556,-1440,1440,60,ok,60,False,1439,0.9999999376532942,0.10531398502230434,0.05545517720639233,0.20000000000004547,0.9999942645156117,-0.0007239197435922051,True,same_date_plus60_core,frozen_rule_based_v2,True,same_date_plus60_core,source_and_mapped_target_w_status_both_endpoints,finite mapped W/Wh pairs requiring the released W-status observation proxy at both endpoints on both the source W timestamps and mapped-target Wh timestamps; W status is not proof of Wh ground truth,60,1376,0.9999999364873808,0.10769789788710725,0.05799418604651058,0.20000000000004547,True,1438,0.6260809805156702,False,1376,0.9999999364873808,True,1436,0.9999999376010276,True,0,,False,0,,False
2020-03-20,Consumption,1439,0.16393558518753137,2569.9572092061767,1762.400555941626,6593.023999999999,0.015983321751216122,0.16403061792071527,1468.8423250622168,False,1439,1,0.9993055555555556,-1440,1440,60,ok,60,False,1439,0.9999995126722107,1.9627879364998178,0.184155663655313,0.2000000000007276,0.9999775456735785,0.09612442132288379,True,same_date_plus60_core,frozen_rule_based_v2,True,same_date_plus60_core,source_and_mapped_target_w_status_both_endpoints,finite mapped W/Wh pairs requiring the released W-status observation proxy at both endpoints on both the source W timestamps and mapped-target Wh timestamps; W status is not proof of Wh ground truth,60,1376,0.9999999967091513,0.16273462489443516,0.13241279069767103,0.2000000000007276,True,1438,0.16351986850024322,False,1376,0.9999999967091513,True,1436,0.9999999966460739,True,0,,False,0,,False
2020-03-21,Production,1439,0.7564105394584143,255.1221786904536,118.23558026407227,1029.2879999999998,0.5135510771369006,0.756416501931216,51.3584735809882,False,1439,1,0.9993055555555556,-1440,1440,60,ok,60,False,1439,0.9999999537432892,0.11121915833783297,0.06184850590687996,0.20000000000004547,1.0000078363311367,-0.002903163707770773,True,same_date_plus60_core,frozen_rule_based_v2,True,same_date_plus60_core,source_and_mapped_target_w_status_both_endpoints,finite mapped W/Wh pairs requiring the released W-status observation proxy at both endpoints on both the source W timestamps and mapped-target Wh timestamps; W status is not proof of Wh ground truth,60,1376,0.9999999530291346,0.11373674213563492,0.06468023255813972,0.20000000000004547,True,1438,0.7563541576183196,False,1376,0.9999999530291346,True,1436,0.9999999537111752,True,0,,False,0,,False
2020-03-21,Consumption,1439,0.06353248843898826,1666.3141400285865,1171.0314107018764,4488.3839999999855,0.005559416261292564,0.06361110150845754,1001.5041487776996,False,1439,1,0.9993055555555556,-1440,1440,60,ok,60,False,1439,0.999990443628052,5.322173580331629,0.26949270326616237,0.20000000000027285,0.9999169016088303,0.23154272972328727,True,same_date_plus60_core,frozen_rule_based_v2,True,same_date_plus60_core,source_and_mapped_target_w_status_both_endpoints,finite mapped W/Wh pairs requiring the released W-status observation proxy at both endpoints on both the source W timestamps and mapped-target Wh timestamps; W status is not proof of Wh ground truth,60,1376,0.9999999914809028,0.16075765380166426,0.12921511627907545,0.20000000000027285,True,1438,0.0631626442134711,False,1376,0.9999999914809028,True,1436,0.9999999912705062,True,0,,False,0,,False
2020-03-22,Production,1438,0.832324617506147,248.80235253282726,129.73769123783032,816.8899999999996,0.5584144645340751,0.8323341931864261,40.585197521327416,False,1438,2,0.9986111111111111,-1440,1440,60,ok,60,False,1438,0.9999999712841355,0.10308185709844893,0.053129346314325754,0.20000000000004547,1.000011476026159,-0.0024997045795771555,True,same_date_plus60_core,frozen_rule_based_v2,True,same_date_plus60_core,source_and_mapped_target_w_status_both_endpoints,finite mapped W/Wh pairs requiring the released W-status observation proxy at both endpoints on both the source W timestamps and mapped-target Wh timestamps; W status is not proof of Wh ground truth,60,1374,0.9999999708540117,0.10545527553556693,0.05560407569141224,0.20000000000004547,True,1436,0.8322504577823803,False,1374,0.9999999708540117,True,1432,0.9999999712459609,True,0,,False,0,,False
2020-03-22,Consumption,1438,0.056205050411241554,1397.3486601606814,950.8726008344926,4377.173999999999,0.005563282336578581,0.055050630399691165,754.5712108461674,False,1438,2,0.9986111111111111,-1440,1440,60,ok,60,False,1438,0.998496788344536,56.51512899467823,1.733379694019474,0.20000000000027285,1.0017361187281526,0.11188187548464157,True,same_date_plus60_core,frozen_rule_based_v2,True,same_date_plus60_core,source_and_mapped_target_w_status_both_endpoints,finite mapped W/Wh pairs requiring the released W-status observation proxy at both endpoints on both the source W timestamps and mapped-target Wh timestamps; W status is not proof of Wh ground truth,60,1374,0.9999999870738753,0.16409958988459258,0.1346433770014571,0.20000000000027285,True,1436,0.05462383156316312,False,1374,0.9999999870738753,True,1432,0.999999987347382,True,0,,False,0,,False
2020-03-23,Production,1439,0.8779539334187892,101.62543278775311,59.607227241139675,318.20000000000005,0.501737317581654,0.8779844578952389,18.032687154912765,False,1439,1,0.9993055555555556,-1440,1440,60,ok,60,False,1439,0.9999998564762101,0.11021490158288119,0.06073662265462127,0.20000000000004547,1.0000019072037825,0.001246847663111339,True,same_date_plus60_core,frozen_rule_based_v2,True,same_date_plus60_core,source_and_mapped_target_w_status_both_endpoints,finite mapped W/Wh pairs requiring the released W-status observation proxy at both endpoints on both the source W timestamps and mapped-target Wh timestamps; W status is not proof of Wh ground truth,60,1376,0.9999998533510304,0.11258072039497302,0.06337209302325582,0.20000000000004547,True,1438,0.8779100677217447,False,1376,0.9999998533510304,True,1436,0.9999998563211506,True,0,,False,0,,False
2020-03-23,Consumption,1439,-0.09337897142817,2565.372229653671,1486.2182070882557,9402.059999999987,0.008339124391938846,-0.09373924218648569,1232.314305826912,False,1439,1,0.9993055555555556,-1440,1440,60,ok,60,False,1439,0.9999989276168836,2.5359294452910346,0.19916608756080284,0.2000000000007276,0.9999786870633464,0.08054372578772018,True,same_date_plus60_core,frozen_rule_based_v2,True,same_date_plus60_core,source_and_mapped_target_w_status_both_endpoints,finite mapped W/Wh pairs requiring the released W-status observation proxy at both endpoints on both the source W timestamps and mapped-target Wh timestamps; W status is not proof of Wh ground truth,60,1376,0.9999999957334641,0.16300235409913125,0.13284883720929883,0.2000000000007276,True,1438,-0.09359635144766866,False,1376,0.9999999957334641,True,1436,0.9999999955909381,True,0,,False,0,,False
2020-03-24,Production,1439,0.7910494570907283,124.92596467689053,63.04364141765114,537.1159999999998,0.532314107018763,0.7910350970987879,26.675183641513527,False,1439,1,0.9993055555555556,-1440,1440,60,ok,60,False,1439,0.9999998452787587,0.1075341146961676,0.05781792911744285,0.20000000000004547,1.000013560707178,-0.0014524658903667387,True,same_date_plus60_core,frozen_rule_based_v2,True,same_date_plus60_core,source_and_mapped_target_w_status_both_endpoints,finite mapped W/Wh pairs requiring the released W-status observation proxy at both endpoints on both the source W timestamps and mapped-target Wh timestamps; W status is not proof of Wh ground truth,60,1376,0.9999998421285349,0.10996828295383149,0.060465116279069954,0.20000000000004547,True,1438,0.7909860752644183,False,1376,0.9999998421285349,True,1436,0.9999998451377572,True,0,,False,0,,False
2020-03-24,Consumption,1439,0.1011117581139219,1907.5974119323812,1062.493467685893,6962.6479999999965,0.015983321751216122,0.10107160807910574,835.6652624861106,False,1439,1,0.9993055555555556,-1440,1440,60,ok,60,False,1439,0.9999945732822209,4.6898971748612315,0.25615010423906054,0.2000000000007276,0.9999575193698387,0.16707495162324904,True,same_date_plus60_core,frozen_rule_based_v2,True,same_date_plus60_core,source_and_mapped_target_w_status_both_endpoints,finite mapped W/Wh pairs requiring the released W-status observation proxy at both endpoints on both the source W timestamps and mapped-target Wh timestamps; W status is not proof of Wh ground truth,60,1376,0.9999999936099646,0.16380291617928924,0.13415697674419214,0.2000000000007276,True,1438,0.1009155763686975,False,1376,0.9999999936099646,True,1436,0.9999999934654458,True,0,,False,0,,False
2020-03-25,Production,1439,0.4793344394190266,366.8194853273805,154.00889506601806,1558.744,0.47046560111188324,0.47933689046905903,102.69727058199831,False,1439,1,0.9993055555555556,-1440,1440,60,ok,60,False,1439,0.99999994827446,0.11563042898998749,0.06685198054204317,0.20000000000004547,1.0000031610191666,0.0006273790457669293,True,same_date_plus60_core,frozen_rule_based_v2,True,same_date_plus60_core,source_and_mapped_target_w_status_both_endpoints,finite mapped W/Wh pairs requiring the released W-status observation proxy at both endpoints on both the source W timestamps and mapped-target Wh timestamps; W status is not proof of Wh ground truth,60,1376,0.9999999476616295,0.11812488464372332,0.0697674418604652,0.20000000000004547,True,1438,0.4792254010999638,False,1376,0.9999999476616295,True,1436,0.9999999482419096,True,0,,False,0,,False
2020-03-25,Consumption,1439,0.016046824282738265,1349.6058237910952,875.2637943015984,3973.8439999999982,0.007644197359277276,0.016062696896347522,713.2962585884368,False,1439,1,0.9993055555555556,-1440,1440,60,ok,60,False,1439,0.9999959083486738,2.751652482219512,0.2040305767894388,0.20000000000027285,0.9999543106802592,0.09810691970358221,True,same_date_plus60_core,frozen_rule_based_v2,True,same_date_plus60_core,source_and_mapped_target_w_status_both_endpoints,finite mapped W/Wh pairs requiring the released W-status observation proxy at both endpoints on both the source W timestamps and mapped-target Wh timestamps; W status is not proof of Wh ground truth,60,1376,0.9999999863000489,0.16183899550206335,0.1309593023255832,0.20000000000027285,True,1438,0.015770303594187848,False,1376,0.9999999863000489,True,1436,0.9999999858120294,True,0,,False,0,,False
2020-03-26,Production,1439,0.7330204153706126,357.83125287154445,162.15107713690065,1530.1639999999998,0.5086865879082696,0.7330252330362848,69.6168239797517,False,1439,1,0.9993055555555556,-1440,1440,60,ok,60,False,1439,0.999999975226468,0.1090740610739599,0.05948575399583041,0.20000000000004547,1.0000079030839157,-0.002894722578218989,True,same_date_plus60_core,frozen_rule_based_v2,True,same_date_plus60_core,source_and_mapped_target_w_status_both_endpoints,finite mapped W/Wh pairs requiring the released W-status observation proxy at both endpoints on both the source W timestamps and mapped-target Wh timestamps; W status is not proof of Wh ground truth,60,1376,0.9999999749014451,0.1115430879307011,0.06220930232558136,0.20000000000004547,True,1438,0.7329677603489932,False,1376,0.9999999749014451,True,1436,0.9999999752118267,True,0,,False,0,,False
2020-03-26,Consumption,1439,0.15640947998486426,1863.8161124015992,1011.5966643502433,8420.455999999998,0.01389854065323141,0.1557402906749932,712.360380491869,False,1439,1,0.9993055555555556,-1440,1440,60,ok,60,False,1439,0.9999989721895968,2.062498131066603,0.18401667824878562,0.20000000000027285,0.9999777054499912,0.07351141984133847,True,same_date_plus60_core,frozen_rule_based_v2,True,same_date_plus60_core,source_and_mapped_target_w_status_both_endpoints,finite mapped W/Wh pairs requiring the released W-status observation proxy at both endpoints on both the source W timestamps and mapped-target Wh timestamps; W status is not proof of Wh ground truth,60,1376,0.9999999939095814,0.16084804326834845,0.12936046511628152,0.20000000000027285,True,1438,0.1562606877965859,False,1376,0.9999999939095814,True,1436,0.9999999937261559,True,0,,False,0,,False
2020-03-27,Production,1439,0.8611634060071235,336.34340859589753,183.67588603196663,1130.4239999999982,0.4683808200138985,0.8611674419263325,62.632962825624475,False,1439,1,0.9993055555555556,-1440,1440,60,ok,60,False,1439,0.9999999838650494,0.11478595967827866,0.06587908269631788,0.20000000000004547,1.0000046704542795,-0.006554712804017981,True,same_date_plus60_core,frozen_rule_based_v2,True,same_date_plus60_core,source_and_mapped_target_w_status_both_endpoints,finite mapped W/Wh pairs requiring the released W-status observation proxy at both endpoints on both the source W timestamps and mapped-target Wh timestamps; W status is not proof of Wh ground truth,60,1376,0.9999999834898473,0.11738428245485807,0.06889534883721034,0.20000000000004547,True,1438,0.8611151507376396,False,1376,0.9999999834898473,True,1436,0.9999999838483005,True,0,,False,0,,False
2020-03-27,Consumption,1439,0.11531488751470606,1940.4184361951573,1073.1997915218901,7891.843999999982,0.019457956914523976,0.11556474439098928,850.389984563049,False,1439,1,0.9993055555555556,-1440,1440,60,ok,60,False,1439,0.9999987784566037,2.2782959385469934,0.19499652536484255,0.2000000000007276,0.9999770392344773,0.07417863286696047,True,same_date_plus60_core,frozen_rule_based_v2,True,same_date_plus60_core,source_and_mapped_target_w_status_both_endpoints,finite mapped W/Wh pairs requiring the released W-status observation proxy at both endpoints on both the source W timestamps and mapped-target Wh timestamps; W status is not proof of Wh ground truth,60,1376,0.9999999938503443,0.16415746836073805,0.13473837209302947,0.2000000000007276,True,1438,0.11512451353127555,False,1376,0.9999999938503443,True,1436,0.9999999936591347,True,0,,False,0,,False
2020-03-28,Production,1439,0.9024257685841692,284.2626665109665,146.9521890201529,1096.7959999999982,0.4669909659485754,0.9024241358573044,42.31559826588142,False,1439,1,0.9993055555555556,-1440,1440,60,ok,60,False,1439,0.9999999843550622,0.11393523146998227,0.06490618485059158,0.20000000000004547,0.9999981750906372,-0.004072992177555079,True,same_date_plus60_core,frozen_rule_based_v2,True,same_date_plus60_core,source_and_mapped_target_w_status_both_endpoints,finite mapped W/Wh pairs requiring the released W-status observation proxy at both endpoints on both the source W timestamps and mapped-target Wh timestamps; W status is not proof of Wh ground truth,60,1376,0.9999999840237039,0.11651429695685055,0.06787790697674512,0.20000000000004547,True,1438,0.9023949331481913,False,1376,0.9999999840237039,True,1436,0.9999999843402481,True,0,,False,0,,False
2020-03-28,Consumption,1439,0.05282399347799092,1773.8553231410162,1157.974148714385,5211.019999999999,0.002779708130646282,0.052805114682224985,947.4441388166385,False,1439,1,0.9993055555555556,-1440,1440,60,ok,60,False,1439,0.9999882552695202,6.249852256766611,0.301181375955528,0.20000000000027285,0.9999252601300951,0.23606349220949596,True,same_date_plus60_core,frozen_rule_based_v2,True,same_date_plus60_core,source_and_mapped_target_w_status_both_endpoints,finite mapped W/Wh pairs requiring the released W-status observation proxy at both endpoints on both the source W timestamps and mapped-target Wh timestamps; W status is not proof of Wh ground truth,60,1376,0.9999999919594568,0.1653924156749374,0.136773255813957,0.20000000000027285,True,1438,0.052596254016740396,False,1376,0.9999999919594568,True,1436,0.9999999917925251,True,0,,False,0,,False
2020-03-29,Production,1438,0.8169493604144458,183.618258081743,94.43310152990263,755.2579999999957,0.4916550764951321,0.8168312658085857,35.53801346896489,False,1438,2,0.9986111111111111,-1440,1440,60,ok,60,False,1438,0.9999527768068462,2.950363594669486,0.1404728789986094,0.20000000000004547,0.9999245799609057,0.08966190007728869,True,same_date_plus60_core,frozen_rule_based_v2,True,same_date_plus60_core,source_and_mapped_target_w_status_both_endpoints,finite mapped W/Wh pairs requiring the released W-status observation proxy at both endpoints on both the source W timestamps and mapped-target Wh timestamps; W status is not proof of Wh ground truth,60,1372,0.9999999309429618,0.11441319420742675,0.06545189504373201,0.20000000000004547,True,1436,0.8169060389949315,False,1372,0.9999999309429618,True,1432,0.9999999321696271,True,0,,False,0,,False
2020-03-29,Consumption,1438,0.08913720276096733,1268.3700785666065,774.2200278164116,3642.213999999998,0.01043115438108484,0.08914430322784807,616.424176009056,False,1438,2,0.9986111111111111,-1440,1440,60,ok,60,False,1438,0.9999885861504176,4.492998726035406,0.29374130737135035,0.20000000000027285,0.9998925421213222,0.2317502093742405,True,same_date_plus60_core,frozen_rule_based_v2,True,same_date_plus60_core,source_and_mapped_target_w_status_both_endpoints,finite mapped W/Wh pairs requiring the released W-status observation proxy at both endpoints on both the source W timestamps and mapped-target Wh timestamps; W status is not proof of Wh ground truth,60,1372,0.999999986124531,0.15898732002908053,0.12638483965014718,0.20000000000027285,True,1436,0.08987420102472106,False,1372,0.999999986124531,True,1432,0.99999998572148,True,0,,False,0,,False
2020-03-30,Production,1438,0.7836971623997391,128.92626748589376,66.8115438108484,472.09799999999944,0.5027816411682893,0.7836959241545122,26.925889830557963,False,1438,2,0.9986111111111111,-1440,1440,60,ok,60,False,1438,0.9999998410998124,0.11050522489362194,0.06105702364394998,0.20000000000004547,0.9999982610953292,0.0009118664367662177,True,same_date_plus60_core,frozen_rule_based_v2,True,same_date_plus60_core,source_and_mapped_target_w_status_both_endpoints,finite mapped W/Wh pairs requiring the released W-status observation proxy at both endpoints on both the source W timestamps and mapped-target Wh timestamps; W status is not proof of Wh ground truth,60,1374,0.9999998380583536,0.11304956339840759,0.06390101892285303,0.20000000000004547,True,1437,0.7836364430022271,False,1374,0.9999998380583536,True,1434,0.9999998409208974,True,0,,False,0,,False
2020-03-30,Consumption,1438,0.2596971573437089,944.457787504716,523.8828929068151,3636.7779999999834,0.004867872044506259,0.260609127177429,417.76574416331346,False,1438,2,0.9986111111111111,-1440,1440,60,ok,60,False,1438,0.9999858940892548,4.1170495937553255,0.24144645340750992,0.20000000000027285,0.9999137284087727,0.15744364722206683,True,same_date_plus60_core,frozen_rule_based_v2,True,same_date_plus60_core,source_and_mapped_target_w_status_both_endpoints,finite mapped W/Wh pairs requiring the released W-status observation proxy at both endpoints on both the source W timestamps and mapped-target Wh timestamps; W status is not proof of Wh ground truth,60,1374,0.9999999785826266,0.1632993161855434,0.1333333333333326,0.20000000000027285,True,1437,0.25949877435488466,False,1374,0.9999999785826266,True,1434,0.9999999778754709,True,0,,False,0,,False
2020-03-31,Production,1319,0.8945651282017718,265.2671366151602,148.45943896891583,921.6399999999999,0.44275966641395,0.8945743885316161,44.97824349666939,False,1319,121,0.9159722222222222,-1440,1440,60,ok,60,False,1319,0.9999999792428843,0.11785291716116382,0.06944655041698172,0.20000000000004547,1.0000103310097483,-0.005014148669260976,True,same_date_plus60_core,frozen_rule_based_v2,True,same_date_plus60_core,source_and_mapped_target_w_status_both_endpoints,finite mapped W/Wh pairs requiring the released W-status observation proxy at both endpoints on both the source W timestamps and mapped-target Wh timestamps; W status is not proof of Wh ground truth,60,1197,0.9999999780252752,0.12371309142180187,0.07652464494569665,0.20000000000004547,True,1317,0.8944777185108406,False,1197,0.9999999780252752,True,1257,0.999999978670952,True,0,,False,0,,False
2020-03-31,Consumption,1319,0.14579795963492562,1773.8423980530854,850.3999755637568,8647.419999999993,0.0075815011372251705,0.14563727036605503,643.006126744439,False,1319,121,0.9159722222222222,-1440,1440,60,ok,60,False,1319,0.9998551370222231,23.568770537621212,4.446398786959818,116.69199999999998,0.9984984812093486,5.43869066361151,True,same_date_plus60_core,frozen_rule_based_v2,True,same_date_plus60_core,source_and_mapped_target_w_status_both_endpoints,finite mapped W/Wh pairs requiring the released W-status observation proxy at both endpoints on both the source W timestamps and mapped-target Wh timestamps; W status is not proof of Wh ground truth,60,1197,0.9999999932872954,0.16350382386265716,0.13366750208855477,0.20000000000027285,True,1317,0.1455122657312962,False,1197,0.9999999932872954,True,1257,0.9998562877514294,True,0,,False,0,,False
2020-04-01,Production,1438,0.9999989348319885,0.09419891361816664,0.04436717663421417,0.20000000000001705,1.0,0.9999157889678725,-0.0020737422995189547,True,0,1440,0.0,-1440,1440,60,ok,0,False,1438,0.9999989348319885,0.09419891361816664,0.04436717663421417,0.20000000000001705,0.9999157889678725,-0.0020737422995189547,True,unaffected_same0,frozen_rule_based_v2,False,same_date_0,source_and_mapped_target_w_status_both_endpoints,finite mapped W/Wh pairs requiring the released W-status observation proxy at both endpoints on both the source W timestamps and mapped-target Wh timestamps; W status is not proof of Wh ground truth,60,1436,0.999998934512966,0.0942644889227448,0.04442896935933146,0.20000000000001705,True,1436,0.999998934512966,True,1372,0.7200196064357389,False,1432,0.7226707886678453,False,1376,0.6421459104119188,False,1432,0.645822019106036,False
2020-04-01,Consumption,1438,0.9997927393882033,23.71674994797086,0.8383866481223972,0.20000000000027285,0.9986091794158554,0.999940811008372,0.7625702316311163,True,0,1440,0.0,-1440,1440,60,ok,0,False,1438,0.9997927393882033,23.71674994797086,0.8383866481223972,0.20000000000027285,0.999940811008372,0.7625702316311163,True,unaffected_same0,frozen_rule_based_v2,False,same_date_0,source_and_mapped_target_w_status_both_endpoints,finite mapped W/Wh pairs requiring the released W-status observation proxy at both endpoints on both the source W timestamps and mapped-target Wh timestamps; W status is not proof of Wh ground truth,60,1436,0.9999999901335758,0.16369684597333373,0.1339832869080829,0.20000000000027285,True,1436,0.9999999901335758,True,1372,0.33162235893431136,False,1432,0.32932937480069824,False,1376,0.20764845661768444,False,1432,0.21915652596065993,False
2020-04-02,Production,1439,0.738642997467607,383.2526491746333,188.78158443363446,1428.82,0.5357887421820708,0.4165347885217986,33.46281145430126,False,1439,1,0.9993055555555556,-1440,1440,60,ok,-3,False,1439,0.7491837388674352,379.0718263435699,186.81744266851985,1408.8439999999994,0.42247891241506397,31.79847741784883,False,actual_transpose_plus60_core,frozen_rule_based_v2,True,transpose_plus60_core,source_and_mapped_target_w_status_both_endpoints,finite mapped W/Wh pairs requiring the released W-status observation proxy at both endpoints on both the source W timestamps and mapped-target Wh timestamps; W status is not proof of Wh ground truth,60,1371,0.9999999784227847,0.10977066471953663,0.06024799416484411,0.20000000000004547,True,1438,0.7385926490240111,False,1376,0.5740003105284492,False,1436,0.5791623861468249,False,1371,0.9999999784227847,True,1431,0.999999873737531,True
2020-04-02,Consumption,1439,0.0721069215213744,1858.8160134455363,1188.6479499652535,5197.115999999979,0.0006949270326615705,0.09939966054521229,1156.3415717533996,False,1439,1,0.9993055555555556,-1440,1440,60,ok,208,False,1439,0.3315009818843065,1609.9398771141016,1036.0974287699792,4873.851999999968,0.4557595889631051,884.5670767130546,False,actual_transpose_plus60_core,frozen_rule_based_v2,True,transpose_plus60_core,source_and_mapped_target_w_status_both_endpoints,finite mapped W/Wh pairs requiring the released W-status observation proxy at both endpoints on both the source W timestamps and mapped-target Wh timestamps; W status is not proof of Wh ground truth,60,1371,0.9999999893643,0.1625830876624989,0.13216630196936266,0.20000000000027285,True,1438,0.07184789495742572,False,1376,0.31091804811247503,False,1436,0.312739642735011,False,1371,0.9999999893643,True,1431,0.9998838425171888,True
2020-04-03,Production,1438,0.6229967699472257,513.5168987879085,252.6623087621697,1711.9639999999997,0.5159944367176634,0.4201345971067396,27.086522372289068,False,1438,2,0.9986111111111111,-1440,1440,60,ok,-1440,True,1438,0.788008893033416,473.8616809548221,246.41550764951316,1476.9939999999972,0.37713821917660034,11.14713617436081,False,actual_transpose_plus60_core,frozen_rule_based_v2,True,transpose_plus60_core,source_and_mapped_target_w_status_both_endpoints,finite mapped W/Wh pairs requiring the released W-status observation proxy at both endpoints on both the source W timestamps and mapped-target Wh timestamps; W status is not proof of Wh ground truth,60,1374,0.9999999821476516,0.11697298111743107,0.06841339155749636,0.20000000000004547,True,1437,0.6229323486924355,False,1374,0.57410570118288,False,1434,0.578714623006196,False,1374,0.9999999821476516,True,1434,0.999997835422772,True
2020-04-03,Consumption,1438,-0.056746560578785715,2002.1825454729105,1414.1339360222532,5237.646,0.0006954102920723226,-0.06802851045853196,1363.9688885506293,False,1438,2,0.9986111111111111,-1440,1440,60,ok,585,False,1438,0.45898420442777976,1465.0985540385661,915.5728789986091,4778.469999999997,0.5586918529549635,770.1261816168324,False,actual_transpose_plus60_core,frozen_rule_based_v2,True,transpose_plus60_core,source_and_mapped_target_w_status_both_endpoints,finite mapped W/Wh pairs requiring the released W-status observation proxy at both endpoints on both the source W timestamps and mapped-target Wh timestamps; W status is not proof of Wh ground truth,60,1374,0.9999999918349354,0.15497569889795065,0.12008733624454238,0.20000000000027285,True,1437,-0.05654113648762186,False,1374,-0.06846139545258993,False,1434,-0.04477540868548949,False,1374,0.9999999918349354,True,1434,0.9998897306238567,True
2020-04-04,Production,1440,0.7953619456455724,408.85325053400544,209.15097222222224,1473.6159999999995,0.4583333333333333,0.7953235093136853,90.14955194472424,False,1440,0,1.0,-1440,1440,60,ok,60,False,1440,0.9999999154055385,0.26294274831013836,0.07069444444444438,0.20000000000004547,0.9999981500327126,-0.004879983499222362,True,diagonal_identity_plus60_control,frozen_rule_based_v2,True,transpose_plus60_core,source_and_mapped_target_w_status_both_endpoints,finite mapped W/Wh pairs requiring the released W-status observation proxy at both endpoints on both the source W timestamps and mapped-target Wh timestamps; W status is not proof of Wh ground truth,60,1380,0.999999983927622,0.11597101087047018,0.06724637681159412,0.20000000000004547,True,1440,0.7953619456455724,False,1380,0.999999983927622,True,1440,0.9999999154055385,True,1380,0.999999983927622,True,1440,0.9999999154055385,True
2020-04-04,Consumption,1440,0.08045334553877438,1379.9179665935862,831.7231944444444,3964.3959999999997,0.009027777777777777,0.08063970146799451,643.9427156767039,False,1440,0,1.0,-1440,1440,60,ok,60,False,1440,0.9939685726038439,112.08615411568213,9.98611111111111,145.20000000000002,0.9950047360254902,12.925180393728738,True,diagonal_identity_plus60_control,frozen_rule_based_v2,True,transpose_plus60_core,source_and_mapped_target_w_status_both_endpoints,finite mapped W/Wh pairs requiring the released W-status observation proxy at both endpoints on both the source W timestamps and mapped-target Wh timestamps; W status is not proof of Wh ground truth,60,1380,0.9999999872458735,0.16480115378799487,0.13579710144927412,0.20000000000027285,True,1440,0.08045334553877438,False,1380,0.9999999872458735,True,1440,0.9939685726038439,True,1380,0.9999999872458735,True,1440,0.9939685726038439,True
2020-04-05,Production,1439,0.8238253063992224,389.671086735194,211.9004169562196,1301.883999999999,0.41487143849895763,0.8381856078321913,106.11116414057722,False,1439,1,0.9993055555555556,-1440,1440,60,ok,-1364,False,1439,0.8869299185416317,306.5514885326969,150.97331480194578,1224.4639999999981,0.8745606679995287,43.37537395942462,False,actual_transpose_plus60_core,frozen_rule_based_v2,True,transpose_plus60_core,source_and_mapped_target_w_status_both_endpoints,finite mapped W/Wh pairs requiring the released W-status observation proxy at both endpoints on both the source W timestamps and mapped-target Wh timestamps; W status is not proof of Wh ground truth,60,1376,0.9999999836618021,0.11861605052377976,0.07034883720930121,0.20000000000004547,True,1438,0.8237623410867286,False,1376,0.8176908686702857,False,1436,0.821788422868837,False,1376,0.9999999836618021,True,1436,0.999999976536775,True
2020-04-05,Consumption,1439,0.008042783172717678,1344.2506206606824,761.811257817929,4541.011999999999,0.0020847810979847115,0.011062752364599762,724.8767565651198,False,1439,1,0.9993055555555556,-1440,1440,60,ok,1425,False,1439,0.27492698249164205,1054.589322625359,508.9087560806115,4180.459999999969,0.3331663922257896,381.71696805411534,False,actual_transpose_plus60_core,frozen_rule_based_v2,True,transpose_plus60_core,source_and_mapped_target_w_status_both_endpoints,finite mapped W/Wh pairs requiring the released W-status observation proxy at both endpoints on both the source W timestamps and mapped-target Wh timestamps; W status is not proof of Wh ground truth,60,1376,0.9999999788351134,0.1646878654402162,0.13561046511627703,0.20000000000027285,True,1438,0.00786551029937231,False,1376,-0.03633156980405868,False,1436,-0.028421693707173918,False,1376,0.9999999788351134,True,1436,0.9996568143831365,True
2020-04-06,Production,1439,0.6339173024137928,445.03538864993556,254.69812369701185,1499.82,0.3842946490618485,0.6976803802753593,177.78701025132406,False,1439,1,0.9993055555555556,-1440,1440,60,ok,-1323,False,1439,0.6977262412383413,520.9689948278351,277.0968033356497,1672.6039999999994,0.9569006982220364,230.05387786365327,False,actual_transpose_plus60_core,frozen_rule_based_v2,True,transpose_plus60_core,source_and_mapped_target_w_status_both_endpoints,finite mapped W/Wh pairs requiring the released W-status observation proxy at both endpoints on both the source W timestamps and mapped-target Wh timestamps; W status is not proof of Wh ground truth,60,1376,0.9999999729516142,0.11360887616813337,0.06453488372093173,0.20000000000004547,True,1438,0.6338231741914714,False,1376,0.6196169197540122,False,1436,0.6257666628620093,False,1376,0.9999999729516142,True,1436,0.9999998516707128,True
2020-04-06,Consumption,1439,-0.10221798728807503,1258.0252590541838,647.4299513551077,4782.379999999998,0.0020847810979847115,-0.13821657550176708,629.1878751457787,False,1439,1,0.9993055555555556,-1440,1440,60,ok,-1278,False,1439,0.5262669761284806,976.8339554349134,493.54378040305767,3240.4039999999995,0.8019837480340124,384.96180182291766,False,actual_transpose_plus60_core,frozen_rule_based_v2,True,transpose_plus60_core,source_and_mapped_target_w_status_both_endpoints,finite mapped W/Wh pairs requiring the released W-status observation proxy at both endpoints on both the source W timestamps and mapped-target Wh timestamps; W status is not proof of Wh ground truth,60,1376,0.9999999745301429,0.16291315991785105,0.13270348837209503,0.20000000000027285,True,1438,-0.10233541825277644,False,1376,-0.09057338253609379,False,1436,-0.09977964141306983,False,1376,0.9999999745301429,True,1436,0.9986417079643602,True
2020-04-07,Production,1438,0.3979644257458313,740.559763984906,424.01933240611964,1736.4599999999998,0.36856745479833103,0.6551825244819824,434.7988217636014,False,1438,2,0.9986111111111111,-1440,1440,60,ok,-1336,False,1438,0.7667879936644194,374.14732143408486,208.22586926286507,1427.8899999999996,0.973969371518571,161.66039116322585,False,actual_transpose_plus60_core,frozen_rule_based_v2,True,transpose_plus60_core,source_and_mapped_target_w_status_both_endpoints,finite mapped W/Wh pairs requiring the released W-status observation proxy at both endpoints on both the source W timestamps and mapped-target Wh timestamps; W status is not proof of Wh ground truth,60,1374,0.9999999659822276,0.11057610155819082,0.06113537117903803,0.20000000000004547,True,1437,0.39780451414862167,False,1374,0.5652134885183346,False,1434,0.571787018351468,False,1374,0.9999999659822276,True,1434,0.9999999663571997,True
2020-04-07,Consumption,1438,0.13045338179941568,1262.319877212634,675.1695410292073,4488.085999999996,0.0,0.20954630755862513,711.7085166909417,False,1438,2,0.9986111111111111,-1440,1440,60,ok,-1412,False,1438,0.5912990502646024,811.8733367273089,370.0448539638386,3301.43,0.8510216524944273,266.44880255093324,False,actual_transpose_plus60_core,frozen_rule_based_v2,True,transpose_plus60_core,source_and_mapped_target_w_status_both_endpoints,finite mapped W/Wh pairs requiring the released W-status observation proxy at both endpoints on both the source W timestamps and mapped-target Wh timestamps; W status is not proof of Wh ground truth,60,1374,0.999999971148331,0.16436548191403566,0.13508005822416466,0.20000000000027285,True,1437,0.13034960681122143,False,1374,0.16527008715616814,False,1434,0.16999298327631338,False,1374,0.999999971148331,True,1434,0.9996416047724563,True
2020-04-08,Production,1437,0.3440446469356193,518.9037906986148,278.2948503827418,1615.4480000000012,0.4342379958246347,0.5307632793849042,247.3677459783882,False,1437,3,0.9979166666666667,-1440,1440,60,ok,-1315,False,1437,0.8580604014604765,569.8580075616952,363.1400139178845,1508.2800000000007,1.8039767139283365,194.6556030199008,False,actual_transpose_plus60_core,frozen_rule_based_v2,True,transpose_plus60_core,source_and_mapped_target_w_status_both_endpoints,finite mapped W/Wh pairs requiring the released W-status observation proxy at both endpoints on both the source W timestamps and mapped-target Wh timestamps; W status is not proof of Wh ground truth,60,1371,0.9999999421655433,0.11252684257123818,0.06331145149526039,0.20000000000004547,True,1435,0.34366488720613075,False,1370,0.482595759506102,False,1430,0.49295305834919545,False,1371,0.9999999421655433,True,1431,0.9999999432116948,True
2020-04-08,Consumption,1437,0.1028359687017921,1546.0555944783534,749.5533054975642,5587.840000000011,0.0048712595685455815,0.0035905026172081303,157.69922439656003,False,1437,3,0.9979166666666667,-1440,1440,60,ok,297,False,1437,0.5029647949460969,1449.2206306102946,746.2249130132221,5678.728000000011,0.08609029948615242,107.96344982085968,False,actual_transpose_plus60_core,frozen_rule_based_v2,True,transpose_plus60_core,source_and_mapped_target_w_status_both_endpoints,finite mapped W/Wh pairs requiring the released W-status observation proxy at both endpoints on both the source W timestamps and mapped-target Wh timestamps; W status is not proof of Wh ground truth,60,1371,0.9999999930275943,0.1645452145887481,0.13537563822028179,0.20000000000027285,True,1435,0.10209967292436621,False,1370,0.0982578527577318,False,1430,-0.02571763958712334,False,1371,0.9999999930275943,True,1431,0.9999040229025867,True
2020-04-09,Production,1437,0.9999853049912301,2.9884304862336686,0.1455810716771065,0.20000000000004547,0.9993041057759221,0.9999252623573931,0.10591840600261548,True,0,1440,0.0,-1440,1440,60,ok,0,False,1437,0.9999853049912301,2.9884304862336686,0.1455810716771065,0.20000000000004547,0.9999252623573931,0.10591840600261548,True,unaffected_same0,frozen_rule_based_v2,False,same_date_0,source_and_mapped_target_w_status_both_endpoints,finite mapped W/Wh pairs requiring the released W-status observation proxy at both endpoints on both the source W timestamps and mapped-target Wh timestamps; W status is not proof of Wh ground truth,60,1435,0.9999999780273824,0.11567104625085263,0.0668989547038342,0.20000000000004547,True,1435,0.9999999780273824,True,1370,0.7222594444400295,False,1430,0.7276678858007858,False,1370,0.5329358514034472,False,1430,0.5413860554104701,False
2020-04-09,Consumption,1437,0.9999580421061411,10.199743471060188,0.5050800278357698,0.20000000000027285,0.9986082115518441,0.9998204164190047,0.522354552806064,True,0,1440,0.0,-1440,1440,60,ok,0,False,1437,0.9999580421061411,10.199743471060188,0.5050800278357698,0.20000000000027285,0.9998204164190047,0.522354552806064,True,unaffected_same0,frozen_rule_based_v2,False,same_date_0,source_and_mapped_target_w_status_both_endpoints,finite mapped W/Wh pairs requiring the released W-status observation proxy at both endpoints on both the source W timestamps and mapped-target Wh timestamps; W status is not proof of Wh ground truth,60,1435,0.9999999896277638,0.16048706353153744,0.1287804878048788,0.20000000000027285,True,1435,0.9999999896277638,True,1370,0.0685930065983207,False,1430,0.07779951610376151,False,1370,0.18193431516258848,False,1430,0.17808980307447592,False
2020-04-10,Production,1438,0.9999998856993718,0.11088216251425993,0.061474269819193704,0.20000000000004547,1.0,1.0000295462381457,0.0013496538138610958,True,0,1440,0.0,-1440,1440,60,ok,0,False,1438,0.9999998856993718,0.11088216251425993,0.061474269819193704,0.20000000000004547,1.0000295462381457,0.0013496538138610958,True,unaffected_same0,frozen_rule_based_v2,False,same_date_0,source_and_mapped_target_w_status_both_endpoints,finite mapped W/Wh pairs requiring the released W-status observation proxy at both endpoints on both the source W timestamps and mapped-target Wh timestamps; W status is not proof of Wh ground truth,60,1437,0.999999885672977,0.11092073693272178,0.06151704940849029,0.20000000000004547,True,1437,0.999999885672977,True,1374,0.555093026551351,False,1434,0.5615653717030168,False,1373,0.5894412030905575,False,1433,0.5962036708646915,False
2020-04-10,Consumption,1438,0.9999200512078605,6.594719090964706,0.3097357440890131,0.20000000000027285,0.9993045897079277,0.9998880823636792,0.20231528522731423,True,0,1440,0.0,-1440,1440,60,ok,0,False,1438,0.9999200512078605,6.594719090964706,0.3097357440890131,0.20000000000027285,0.9998880823636792,0.20231528522731423,True,unaffected_same0,frozen_rule_based_v2,False,same_date_0,source_and_mapped_target_w_status_both_endpoints,finite mapped W/Wh pairs requiring the released W-status observation proxy at both endpoints on both the source W timestamps and mapped-target Wh timestamps; W status is not proof of Wh ground truth,60,1437,0.9999999500714039,0.16491072214069652,0.1359777313848302,0.20000000000027285,True,1437,0.9999999500714039,True,1374,0.13406526742709218,False,1434,0.1338631413548213,False,1373,-0.10585544653263676,False,1433,-0.10310840100764426,False
2020-04-11,Production,1437,0.9999998295001431,0.09856309333684644,0.04857341684063991,0.20000000000004547,1.0,0.9999983787496499,-0.002235831507178432,True,0,1440,0.0,-1440,1440,60,ok,0,False,1437,0.9999998295001431,0.09856309333684644,0.04857341684063991,0.20000000000004547,0.9999983787496499,-0.002235831507178432,True,unaffected_same0,frozen_rule_based_v2,False,same_date_0,source_and_mapped_target_w_status_both_endpoints,finite mapped W/Wh pairs requiring the released W-status observation proxy at both endpoints on both the source W timestamps and mapped-target Wh timestamps; W status is not proof of Wh ground truth,60,1435,0.9999998294464112,0.09863175450388956,0.04864111498257809,0.20000000000004547,True,1435,0.9999998294464112,True,1370,0.6439837192972078,False,1430,0.6475371644601119,False,1374,0.6961188981776888,False,1434,0.6997338348887383,False
2020-04-11,Consumption,1437,0.9988219619449447,58.16827747000437,2.0083507306889374,0.20000000000027285,0.9986082115518441,1.0009683102094735,0.8973539623252691,True,0,1440,0.0,-1440,1440,60,ok,0,False,1437,0.9988219619449447,58.16827747000437,2.0083507306889374,0.20000000000027285,1.0009683102094735,0.8973539623252691,True,unaffected_same0,frozen_rule_based_v2,False,same_date_0,source_and_mapped_target_w_status_both_endpoints,finite mapped W/Wh pairs requiring the released W-status observation proxy at both endpoints on both the source W timestamps and mapped-target Wh timestamps; W status is not proof of Wh ground truth,60,1435,0.9999999906504297,0.16349834041076325,0.13365853658536822,0.20000000000027285,True,1435,0.9999999906504297,True,1370,0.2379975098762353,False,1430,0.24155865598897158,False,1374,-0.07887656100535857,False,1434,-0.06551374216632427,False
2020-04-12,Production,1437,0.9999992039379884,0.08139356862321442,0.033124565066109786,0.20000000000001705,1.0,1.0001489985749508,-0.004004170107723581,True,0,1440,0.0,-1440,1440,60,ok,0,False,1437,0.9999992039379884,0.08139356862321442,0.033124565066109786,0.20000000000001705,1.0001489985749508,-0.004004170107723581,True,unaffected_same0,frozen_rule_based_v2,False,same_date_0,source_and_mapped_target_w_status_both_endpoints,finite mapped W/Wh pairs requiring the released W-status observation proxy at both endpoints on both the source W timestamps and mapped-target Wh timestamps; W status is not proof of Wh ground truth,60,1435,0.9999992038183857,0.08145026913069925,0.03317073170731691,0.20000000000001705,True,1435,0.9999992038183857,True,1370,0.29769510335242005,False,1430,0.3011048401386139,False,1370,0.5007982362344333,False,1430,0.5043750615274495,False
2020-04-12,Consumption,1437,0.9995667971919034,29.362538444131317,1.1997216423103696,0.20000000000027285,0.9986082115518441,0.9993724716796683,1.763877066125815,True,0,1440,0.0,-1440,1440,60,ok,0,False,1437,0.9995667971919034,29.362538444131317,1.1997216423103696,0.20000000000027285,0.9993724716796683,1.763877066125815,True,unaffected_same0,frozen_rule_based_v2,False,same_date_0,source_and_mapped_target_w_status_both_endpoints,finite mapped W/Wh pairs requiring the released W-status observation proxy at both endpoints on both the source W timestamps and mapped-target Wh timestamps; W status is not proof of Wh ground truth,60,1435,0.9999999869272479,0.16135316298595997,0.1301742160278756,0.20000000000027285,True,1435,0.9999999869272479,True,1370,0.21141586120360634,False,1430,0.19775936656982557,False,1370,0.09802686789922314,False,1430,0.09245216106412225,False
2020-04-13,Production,1439,0.8310422760988301,76.1293084513543,39.47018763029882,279.65599999999904,0.5121612230715775,0.8310564881360363,15.700222081941376,False,1439,1,0.9993055555555556,-1440,1440,60,ok,60,False,1439,0.9999996549927688,0.10881891672201634,0.059207783182765844,0.20000000000004547,1.0000167564480278,-0.0001672147053000117,True,same_date_plus60_core,frozen_rule_based_v2,True,same_date_plus60_core,source_and_mapped_target_w_status_both_endpoints,finite mapped W/Wh pairs requiring the released W-status observation proxy at both endpoints on both the source W timestamps and mapped-target Wh timestamps; W status is not proof of Wh ground truth,60,1376,0.9999996468525238,0.11128216806942845,0.06191860465116283,0.20000000000004547,True,1438,0.8309831017244441,False,1376,0.9999996468525238,True,1436,0.9999996546295149,True,0,,False,0,,False
2020-04-13,Consumption,1439,0.1370032930523174,1422.6637597530914,636.9888811674774,6371.135999999993,0.01389854065323141,0.13698105969043137,514.7198176060223,False,1439,1,0.9993055555555556,-1440,1440,60,ok,60,False,1439,0.9999937820159157,3.820619962862761,0.23349548297428996,0.20000000000027285,0.9999608046548955,0.12842691039929832,True,same_date_plus60_core,frozen_rule_based_v2,True,same_date_plus60_core,source_and_mapped_target_w_status_both_endpoints,finite mapped W/Wh pairs requiring the released W-status observation proxy at both endpoints on both the source W timestamps and mapped-target Wh timestamps; W status is not proof of Wh ground truth,60,1376,0.9999999890903245,0.16318059620170802,0.13313953488372315,0.20000000000027285,True,1438,0.13691672457224544,False,1376,0.9999999890903245,True,1436,0.9999999886989591,True,0,,False,0,,False
2020-04-14,Production,1439,0.7343146467130421,306.3835993738138,160.52036136205697,1126.696,0.45795691452397497,0.7343120110565019,68.46089362897447,False,1439,1,0.9993055555555556,-1440,1440,60,ok,60,False,1439,0.9999999641735837,0.11258538571123353,0.06337734537873602,0.20000000000004547,0.9999963748996156,-0.0029574440764008614,True,same_date_plus60_core,frozen_rule_based_v2,True,same_date_plus60_core,source_and_mapped_target_w_status_both_endpoints,finite mapped W/Wh pairs requiring the released W-status observation proxy at both endpoints on both the source W timestamps and mapped-target Wh timestamps; W status is not proof of Wh ground truth,60,1376,0.9999999635474104,0.11513389576266651,0.06627906976744267,0.20000000000004547,True,1438,0.7342451806090019,False,1376,0.9999999635474104,True,1436,0.9999999641454808,True,0,,False,0,,False
2020-04-14,Consumption,1439,0.32504253205515166,1310.4683951249128,700.3084086170952,4471.759999999999,0.009034051424600417,0.3242225686285759,524.0083653684425,False,1439,1,0.9993055555555556,-1440,1440,60,ok,60,False,1439,0.9999884151321491,5.438283463801935,0.2818624044475308,0.20000000000027285,0.9999302651978055,0.20336127366363144,True,same_date_plus60_core,frozen_rule_based_v2,True,same_date_plus60_core,source_and_mapped_target_w_status_both_endpoints,finite mapped W/Wh pairs requiring the released W-status observation proxy at both endpoints on both the source W timestamps and mapped-target Wh timestamps; W status is not proof of Wh ground truth,60,1376,0.9999999894284269,0.16679258809029654,0.13909883720929994,0.20000000000027285,True,1438,0.3249344403815811,False,1376,0.9999999894284269,True,1436,0.9999999891926126,True,0,,False,0,,False
2020-04-15,Production,1439,0.4432838504150437,118.98907162461417,47.257539958304385,649.3159999999987,0.4850590687977762,0.443284901644686,26.16079804098891,False,1439,1,0.9993055555555556,-1440,1440,60,ok,60,False,1439,0.9999995300263691,0.10932860998740884,0.05976372480889513,0.20000000000001705,1.0000019014846282,-0.0006452968683277049,True,same_date_plus60_core,frozen_rule_based_v2,True,same_date_plus60_core,source_and_mapped_target_w_status_both_endpoints,finite mapped W/Wh pairs requiring the released W-status observation proxy at both endpoints on both the source W timestamps and mapped-target Wh timestamps; W status is not proof of Wh ground truth,60,1376,0.9999995262604793,0.11180339887498919,0.06250000000000006,0.20000000000001705,True,1438,0.4432166106256359,False,1376,0.9999995262604793,True,1436,0.9999995298558371,True,0,,False,0,,False
2020-04-15,Consumption,1439,0.12277844271108221,1186.6443967872958,725.8596942321057,3472.519999999999,0.006949270326615705,0.1231260526410891,582.8169262578501,False,1439,1,0.9993055555555556,-1440,1440,60,ok,60,False,1439,0.9999980943549696,1.7474373175013305,0.17804030576789479,0.20000000000027285,0.9999590608298344,0.07397535792915733,True,same_date_plus60_core,frozen_rule_based_v2,True,same_date_plus60_core,source_and_mapped_target_w_status_both_endpoints,finite mapped W/Wh pairs requiring the released W-status observation proxy at both endpoints on both the source W timestamps and mapped-target Wh timestamps; W status is not proof of Wh ground truth,60,1376,0.9999999839731827,0.1628239168764109,0.1325581395348842,0.20000000000027285,True,1438,0.12252977605992751,False,1376,0.9999999839731827,True,1436,0.9999999835079251,True,0,,False,0,,False
2020-04-16,Production,1438,0.7995150251758412,382.7169909838872,211.33908205841445,1331.8319999999992,0.4235048678720445,0.799517571090971,90.5635529876966,False,1438,2,0.9986111111111111,-1440,1440,60,ok,60,False,1438,0.9999999800931335,0.12061502108010226,0.07273991655076642,0.20000000000004547,1.000001619541292,-0.002539683838676865,True,same_date_plus60_core,frozen_rule_based_v2,True,same_date_plus60_core,source_and_mapped_target_w_status_both_endpoints,finite mapped W/Wh pairs requiring the released W-status observation proxy at both endpoints on both the source W timestamps and mapped-target Wh timestamps; W status is not proof of Wh ground truth,60,1374,0.9999999795998632,0.12327411143552765,0.07598253275109323,0.20000000000004547,True,1437,0.7994370545628837,False,1374,0.9999999795998632,True,1434,0.9999999800620903,True,0,,False,0,,False
2020-04-16,Consumption,1438,0.11974386287440125,2319.276720315276,1310.1484005563282,8459.393999999998,0.012517385257301807,0.11974976529614803,1014.3320641563615,False,1438,2,0.9986111111111111,-1440,1440,60,ok,60,False,1438,0.9999977027894376,3.7482235013210405,0.23337969401947284,0.2000000000007276,0.9999643418277054,0.13706618505807455,True,same_date_plus60_core,frozen_rule_based_v2,True,same_date_plus60_core,source_and_mapped_target_w_status_both_endpoints,finite mapped W/Wh pairs requiring the released W-status observation proxy at both endpoints on both the source W timestamps and mapped-target Wh timestamps; W status is not proof of Wh ground truth,60,1374,0.9999999957543741,0.16365547651307571,0.1339155749636113,0.2000000000007276,True,1437,0.11951304815141982,False,1374,0.9999999957543741,True,1434,0.9999999956042354,True,0,,False,0,,False
2020-04-17,Production,1439,0.7172570441731538,284.65430695561383,162.5638637943016,956.7919999999965,0.40236275191104937,0.7172513331285847,74.60000494121067,False,1439,1,0.9993055555555556,-1440,1440,60,ok,60,False,1439,0.9999999497763673,0.11999536706368179,0.07199444058373886,0.20000000000004547,0.9999942827931166,0.0003965336462670166,True,same_date_plus60_core,frozen_rule_based_v2,True,same_date_plus60_core,source_and_mapped_target_w_status_both_endpoints,finite mapped W/Wh pairs requiring the released W-status observation proxy at both endpoints on both the source W timestamps and mapped-target Wh timestamps; W status is not proof of Wh ground truth,60,1378,0.9999999486725961,0.12262252839607704,0.07518142235123383,0.20000000000004547,True,1438,0.717161491880063,False,1378,0.9999999486725961,True,1436,0.9999999497253433,True,0,,False,0,,False
2020-04-17,Consumption,1439,0.112403442049959,1643.2901985203837,881.3093815149409,6907.291999999994,0.015983321751216122,0.11223236012021025,662.3555656046016,False,1439,1,0.9993055555555556,-1440,1440,60,ok,60,False,1439,0.9999978558998985,2.557122253277518,0.2034746351633053,0.20000000000027285,0.9999751398226141,0.09042711326060271,True,same_date_plus60_core,frozen_rule_based_v2,True,same_date_plus60_core,source_and_mapped_target_w_status_both_endpoints,finite mapped W/Wh pairs requiring the released W-status observation proxy at both endpoints on both the source W timestamps and mapped-target Wh timestamps; W status is not proof of Wh ground truth,60,1378,0.9999999913463007,0.16509662034501366,0.13628447024673168,0.20000000000027285,True,1438,0.11223826029671054,False,1378,0.9999999913463007,True,1436,0.9999999910779632,True,0,,False,0,,False
2020-04-18,Production,1440,0.9347399349444494,237.22722112869857,143.0025,683.8859999999987,0.44305555555555554,0.9347434418480812,32.71378816848164,False,1440,0,1.0,-1440,1440,60,ok,60,False,1440,0.9999999842276046,0.11666666666666395,0.06805555555555456,0.20000000000004547,1.0000037359701435,7.167525535578534e-05,True,same_date_plus60_core,frozen_rule_based_v2,True,same_date_plus60_core,source_and_mapped_target_w_status_both_endpoints,finite mapped W/Wh pairs requiring the released W-status observation proxy at both endpoints on both the source W timestamps and mapped-target Wh timestamps; W status is not proof of Wh ground truth,60,1380,0.9999999838175647,0.11917591430622203,0.07101449275362216,0.20000000000004547,True,1440,0.9347399349444494,False,1380,0.9999999838175647,True,1440,0.9999999842276046,True,0,,False,0,,False
2020-04-18,Consumption,1440,0.10244033403009987,1522.1797213047444,877.8232638888888,4922.2019999999975,0.003472222222222222,0.10270152344226177,682.7033802006388,False,1440,0,1.0,-1440,1440,60,ok,60,False,1440,0.9999999899462055,0.16090024514862936,0.12944444444444544,0.20000000000027285,0.9999993893187387,0.0015795591937148856,True,same_date_plus60_core,frozen_rule_based_v2,True,same_date_plus60_core,source_and_mapped_target_w_status_both_endpoints,finite mapped W/Wh pairs requiring the released W-status observation proxy at both endpoints on both the source W timestamps and mapped-target Wh timestamps; W status is not proof of Wh ground truth,60,1380,0.9999999901890587,0.1616042760232095,0.13057971014492867,0.20000000000027285,True,1440,0.10244033403009987,False,1380,0.9999999901890587,True,1440,0.9999999899462055,True,0,,False,0,,False
2020-04-19,Production,1439,0.8244756296496435,289.05609483709895,164.5149409312022,1040.8439999999994,0.40722724113968034,0.8244838074454073,62.52485481771788,False,1439,1,0.9993055555555556,-1440,1440,60,ok,60,False,1439,0.9999999714697391,0.11658804723838774,0.0679638637943023,0.20000000000004547,1.0000037015300436,-0.004237454288556819,True,same_date_plus60_core,frozen_rule_based_v2,True,same_date_plus60_core,source_and_mapped_target_w_status_both_endpoints,finite mapped W/Wh pairs requiring the released W-status observation proxy at both endpoints on both the source W timestamps and mapped-target Wh timestamps; W status is not proof of Wh ground truth,60,1376,0.9999999707578867,0.11922716250532002,0.07107558139534957,0.20000000000004547,True,1438,0.8244105112657516,False,1376,0.9999999707578867,True,1436,0.9999999714379959,True,0,,False,0,,False
2020-04-19,Consumption,1439,0.14700095343148983,1189.0594219536556,659.6077831827658,3846.0599999999986,0.004864489228630994,0.14699490462178902,494.74584935406637,False,1439,1,0.9993055555555556,-1440,1440,60,ok,60,False,1439,0.9999982032784465,1.726609792615437,0.18040305767894282,0.20000000000027285,0.9999673107762879,0.06649060070753876,True,same_date_plus60_core,frozen_rule_based_v2,True,same_date_plus60_core,source_and_mapped_target_w_status_both_endpoints,finite mapped W/Wh pairs requiring the released W-status observation proxy at both endpoints on both the source W timestamps and mapped-target Wh timestamps; W status is not proof of Wh ground truth,60,1376,0.9999999843108371,0.16442288077068132,0.1351744186046503,0.20000000000027285,True,1438,0.1468354050852245,False,1376,0.9999999843108371,True,1436,0.9999999837199965,True,0,,False,0,,False
2020-04-20,Production,1439,0.8497581631913702,266.3312300241392,148.1883252258513,916.4399999999987,0.4294649061848506,0.8497549780353898,54.91105168579503,False,1439,1,0.9993055555555556,-1440,1440,60,ok,60,False,1439,0.9999999706244345,0.11777412097708502,0.0693537178596253,0.20000000000004547,1.0000026243484499,-0.0013760288287585354,True,same_date_plus60_core,frozen_rule_based_v2,True,same_date_plus60_core,source_and_mapped_target_w_status_both_endpoints,finite mapped W/Wh pairs requiring the released W-status observation proxy at both endpoints on both the source W timestamps and mapped-target Wh timestamps; W status is not proof of Wh ground truth,60,1376,0.9999999698434754,0.12044008449635232,0.07252906976744244,0.20000000000004547,True,1438,0.8496990282689717,False,1376,0.9999999698434754,True,1436,0.9999999705896879,True,0,,False,0,,False
2020-04-20,Consumption,1439,0.20474317440474255,359.14751018526135,134.77143849895762,2014.1639999999998,0.03266157053509382,0.20428848472013802,158.68946260591215,False,1439,1,0.9993055555555556,-1440,1440,60,ok,60,False,1439,0.9998760520757493,4.489793846478666,0.25615010423905465,0.20000000000004547,0.9999678448692522,0.12248740905050681,True,same_date_plus60_core,frozen_rule_based_v2,True,same_date_plus60_core,source_and_mapped_target_w_status_both_endpoints,finite mapped W/Wh pairs requiring the released W-status observation proxy at both endpoints on both the source W timestamps and mapped-target Wh timestamps; W status is not proof of Wh ground truth,60,1376,0.9999998373290812,0.1657435676958776,0.13735465116279033,0.20000000000004547,True,1438,0.20473463718370435,False,1376,0.9999998373290812,True,1436,0.9999998304975803,True,0,,False,0,,False
2020-04-21,Production,1438,0.7660529380677792,288.902179112527,149.61891515994438,1105.2239999999995,0.44645340751043117,0.7660502087511518,64.97701691483832,False,1438,2,0.9986111111111111,-1440,1440,60,ok,60,False,1438,0.9999999638508263,0.11360816441111042,0.06453407510431076,0.20000000000004547,0.9999964010206445,-0.0017820208981333963,True,same_date_plus60_core,frozen_rule_based_v2,True,same_date_plus60_core,source_and_mapped_target_w_status_both_endpoints,finite mapped W/Wh pairs requiring the released W-status observation proxy at both endpoints on both the source W timestamps and mapped-target Wh timestamps; W status is not proof of Wh ground truth,60,1374,0.9999999631081037,0.11622394685440636,0.06754002911208071,0.20000000000004547,True,1437,0.765982510198073,False,1374,0.9999999631081037,True,1434,0.9999999638071906,True,0,,False,0,,False
2020-04-21,Consumption,1438,0.06632679875056217,998.6492039476133,497.1977746870653,2983.1019999999958,0.02364394993045897,0.06650728771535382,382.87807575283995,False,1438,2,0.9986111111111111,-1440,1440,60,ok,60,False,1438,0.9999911954856224,3.063432311042528,0.21655076495132064,0.20000000000027285,0.999942931737315,0.09595664705460649,True,same_date_plus60_core,frozen_rule_based_v2,True,same_date_plus60_core,source_and_mapped_target_w_status_both_endpoints,finite mapped W/Wh pairs requiring the released W-status observation proxy at both endpoints on both the source W timestamps and mapped-target Wh timestamps; W status is not proof of Wh ground truth,60,1374,0.9999999756324718,0.1648076820187737,0.135807860262008,0.20000000000027285,True,1437,0.06617593609048356,False,1374,0.9999999756324718,True,1434,0.9999999746165099,True,0,,False,0,,False
2020-04-22,Production,1440,0.8003009941344456,392.4112643855508,198.49708333333336,1466.1719999999993,0.41875,0.8003007444060702,88.56577963051518,False,1440,0,1.0,-1440,1440,60,ok,60,False,1440,0.9999999825071085,0.11618950038622144,0.06749999999999967,0.20000000000004547,0.9999963311177024,-0.0008727666224217501,True,same_date_plus60_core,frozen_rule_based_v2,True,same_date_plus60_core,source_and_mapped_target_w_status_both_endpoints,finite mapped W/Wh pairs requiring the released W-status observation proxy at both endpoints on both the source W timestamps and mapped-target Wh timestamps; W status is not proof of Wh ground truth,60,1380,0.9999999821476597,0.1185663148389647,0.07028985507246342,0.20000000000004547,True,1440,0.8003009941344456,False,1380,0.9999999821476597,True,1440,0.9999999825071085,True,0,,False,0,,False
2020-04-22,Consumption,1440,0.02521163778690895,810.1673628365658,369.88374999999996,2594.289999999999,0.013194444444444444,0.025168677450107327,346.3327956516335,False,1440,0,1.0,-1440,1440,60,ok,60,False,1440,0.9999999604715781,0.16346933113652426,0.1336111111111123,0.20000000000027285,0.9999988051598021,0.00819823872438974,True,same_date_plus60_core,frozen_rule_based_v2,True,same_date_plus60_core,source_and_mapped_target_w_status_both_endpoints,finite mapped W/Wh pairs requiring the released W-status observation proxy at both endpoints on both the source W timestamps and mapped-target Wh timestamps; W status is not proof of Wh ground truth,60,1380,0.9999999618691018,0.16356534837307762,0.13376811594203028,0.20000000000027285,True,1440,0.02521163778690895,False,1380,0.9999999618691018,True,1440,0.9999999604715781,True,0,,False,0,,False
2020-04-23,Production,1437,0.6661145496573844,339.2191238425613,155.38114126652746,1612.0800000000002,0.48851774530271397,0.6660977295947453,70.74093751983469,False,1437,3,0.9979166666666667,-1440,1440,60,ok,60,False,1437,0.999999459038177,0.4318882816445142,0.07501739735560263,0.20000000000004547,0.9999883072841627,0.010688080450108828,True,same_date_plus60_core,frozen_rule_based_v2,True,same_date_plus60_core,source_and_mapped_target_w_status_both_endpoints,finite mapped W/Wh pairs requiring the released W-status observation proxy at both endpoints on both the source W timestamps and mapped-target Wh timestamps; W status is not proof of Wh ground truth,60,1370,0.9999999623942045,0.11589071116490197,0.06715328467153354,0.20000000000004547,True,1435,0.6659982763726091,False,1370,0.9999999623942045,True,1430,0.9999999628241935,True,0,,False,0,,False
2020-04-23,Consumption,1437,0.087017786166832,1358.2788502660371,834.8124565066109,4025.3280000000054,0.006958942240779402,0.08973588851166828,653.4093373090766,False,1437,3,0.9979166666666667,-1440,1440,60,ok,60,False,1437,0.9933478795409894,116.62213246845221,3.451635351426583,0.20000000000027285,1.0114236373551184,-4.856333841288347,True,same_date_plus60_core,frozen_rule_based_v2,True,same_date_plus60_core,source_and_mapped_target_w_status_both_endpoints,finite mapped W/Wh pairs requiring the released W-status observation proxy at both endpoints on both the source W timestamps and mapped-target Wh timestamps; W status is not proof of Wh ground truth,60,1370,0.9999999865693315,0.16407226465553773,0.1345985401459854,0.20000000000027285,True,1435,0.082316065449594,False,1370,0.9999999865693315,True,1430,0.9999999860708297,True,0,,False,0,,False
2020-04-24,Production,1437,0.5417248663202073,439.8867146265511,213.20340988169792,1623.8400000000001,0.4398051496172582,0.544029737547694,123.83917617689082,False,1437,3,0.9979166666666667,-1440,1440,60,ok,60,False,1437,0.9978352131204739,30.36142023279774,1.0750173973556028,0.20000000000004547,1.0030974922953597,0.16896279041884554,True,same_date_plus60_core,frozen_rule_based_v2,True,same_date_plus60_core,source_and_mapped_target_w_status_both_endpoints,finite mapped W/Wh pairs requiring the released W-status observation proxy at both endpoints on both the source W timestamps and mapped-target Wh timestamps; W status is not proof of Wh ground truth,60,1368,0.9999999654152663,0.12151576799471386,0.07383040935672598,0.20000000000004547,True,1434,0.5423993715346348,False,1368,0.9999999654152663,True,1428,0.9999999659368244,True,0,,False,0,,False
2020-04-24,Consumption,1437,0.26394688994526655,1267.2926298420791,739.781558803062,4161.016000000006,0.010438413361169102,0.2643378316751743,527.4657342193938,False,1437,3,0.9979166666666667,-1440,1440,60,ok,60,False,1437,0.9986289666011597,54.85575264065874,1.7652052887961067,0.20000000000027285,1.0017057332528179,0.4518205441588634,True,same_date_plus60_core,frozen_rule_based_v2,True,same_date_plus60_core,source_and_mapped_target_w_status_both_endpoints,finite mapped W/Wh pairs requiring the released W-status observation proxy at both endpoints on both the source W timestamps and mapped-target Wh timestamps; W status is not proof of Wh ground truth,60,1368,0.9999999884309717,0.16222142113076699,0.13157894736842576,0.20000000000027285,True,1434,0.2644066267898829,False,1368,0.9999999884309717,True,1428,0.9999999880939048,True,0,,False,0,,False
2020-04-25,Production,1439,0.6994670509228159,428.8237064044229,233.61250868658792,1434.9839999999997,0.43710910354412785,0.6994606586047466,107.59386400615617,False,1439,1,0.9993055555555556,-1440,1440,60,ok,60,False,1439,0.9999999788196471,0.11417894347353041,0.06518415566365739,0.20000000000004547,0.9999893798462616,-0.0027299964791609455,True,same_date_plus60_core,frozen_rule_based_v2,True,same_date_plus60_core,source_and_mapped_target_w_status_both_endpoints,finite mapped W/Wh pairs requiring the released W-status observation proxy at both endpoints on both the source W timestamps and mapped-target Wh timestamps; W status is not proof of Wh ground truth,60,1376,0.9999999784510605,0.11663897788814559,0.06802325581395566,0.20000000000004547,True,1438,0.6993794618325334,False,1376,0.9999999784510605,True,1436,0.999999978801122,True,0,,False,0,,False
2020-04-25,Consumption,1439,0.2385439918102227,1339.0636950842568,506.23523280055593,4980.843999999994,0.020847810979847115,0.23872477054670846,348.63767451856506,False,1439,1,0.9993055555555556,-1440,1440,60,ok,60,False,1439,0.9999921675236131,4.294725824736601,0.2453092425295315,0.20000000000027285,0.999973785316801,0.1328746183869498,True,same_date_plus60_core,frozen_rule_based_v2,True,same_date_plus60_core,source_and_mapped_target_w_status_both_endpoints,finite mapped W/Wh pairs requiring the released W-status observation proxy at both endpoints on both the source W timestamps and mapped-target Wh timestamps; W status is not proof of Wh ground truth,60,1376,0.999999989279695,0.1622874280476589,0.13168604651162483,0.20000000000027285,True,1438,0.2385130799396824,False,1376,0.999999989279695,True,1436,0.9999999888142046,True,0,,False,0,,False
2020-04-26,Production,1439,0.46062985903284803,336.853685560994,138.43710910354412,1594.0,0.4607366226546213,0.4606283908379427,90.4443527694836,False,1439,1,0.9993055555555556,-1440,1440,60,ok,60,False,1439,0.9999999398818705,0.11258538571123333,0.06337734537873603,0.20000000000004547,0.9999987359124474,-0.0050694678920990555,True,same_date_plus60_core,frozen_rule_based_v2,True,same_date_plus60_core,source_and_mapped_target_w_status_both_endpoints,finite mapped W/Wh pairs requiring the released W-status observation proxy at both endpoints on both the source W timestamps and mapped-target Wh timestamps; W status is not proof of Wh ground truth,60,1376,0.9999999391426819,0.11513389576266632,0.0662790697674427,0.20000000000004547,True,1438,0.46052956893331937,False,1376,0.9999999391426819,True,1436,0.9999999398485337,True,0,,False,0,,False
2020-04-26,Consumption,1439,0.010672610420789591,1412.903334962157,850.6213342599026,4074.2119999999977,0.005559416261292564,0.010691679726538865,711.0394772182345,False,1439,1,0.9993055555555556,-1440,1440,60,ok,60,False,1439,0.9999984488637848,1.7685696980691556,0.1809589993050769,0.20000000000027285,0.9999669843874281,0.07499438703371197,True,same_date_plus60_core,frozen_rule_based_v2,True,same_date_plus60_core,source_and_mapped_target_w_status_both_endpoints,finite mapped W/Wh pairs requiring the released W-status observation proxy at both endpoints on both the source W timestamps and mapped-target Wh timestamps; W status is not proof of Wh ground truth,60,1376,0.9999999871684627,0.1636253519903155,0.1338662790697714,0.20000000000027285,True,1438,0.01045012617122221,False,1376,0.9999999871684627,True,1436,0.9999999866781326,True,0,,False,0,,False
2020-04-27,Production,1439,0.4937957911537585,498.12318781926274,254.05740097289788,1781.579999999999,0.4308547602501737,0.4937976426272696,158.2488352193359,False,1439,1,0.9993055555555556,-1440,1440,60,ok,60,False,1439,0.9999999744332314,0.11196643992382166,0.06268241834607384,0.20000000000004547,1.0000037239051731,-0.0001912611601255776,True,same_date_plus60_core,frozen_rule_based_v2,True,same_date_plus60_core,source_and_mapped_target_w_status_both_endpoints,finite mapped W/Wh pairs requiring the released W-status observation proxy at both endpoints on both the source W timestamps and mapped-target Wh timestamps; W status is not proof of Wh ground truth,60,1376,0.9999999739577832,0.11450093936854452,0.06555232558139554,0.20000000000004547,True,1438,0.4936553810785597,False,1376,0.9999999739577832,True,1436,0.9999999744119195,True,0,,False,0,,False
2020-04-27,Consumption,1439,-0.08776432403003104,822.2917167204558,363.72487838776925,3322.719999999998,0.020847810979847115,-0.08748090039110215,345.05549932880956,False,1439,1,0.9993055555555556,-1440,1440,60,ok,60,False,1439,0.9999869702469782,2.8514678077773965,0.2012508686587933,0.20000000000027285,0.9999490159812786,0.09118860027501796,True,same_date_plus60_core,frozen_rule_based_v2,True,same_date_plus60_core,source_and_mapped_target_w_status_both_endpoints,finite mapped W/Wh pairs requiring the released W-status observation proxy at both endpoints on both the source W timestamps and mapped-target Wh timestamps; W status is not proof of Wh ground truth,60,1376,0.9999999614728924,0.15792992264012934,0.12470930232558389,0.20000000000027285,True,1438,-0.08784011033799029,False,1376,0.9999999614728924,True,1436,0.9999999595636816,True,0,,False,0,,False
2020-04-28,Production,1439,0.7674267977284994,220.78730967915226,111.84746351633079,959.2399999999877,0.4683808200138985,0.7691676392144785,48.84938106974366,False,1439,1,0.9993055555555556,-1440,1440,60,ok,60,False,1439,0.9988843411904761,15.321704708135705,0.4681028492008347,0.20000000000004547,1.0014422618621246,0.10121238527577248,True,same_date_plus60_core,frozen_rule_based_v2,True,same_date_plus60_core,source_and_mapped_target_w_status_both_endpoints,finite mapped W/Wh pairs requiring the released W-status observation proxy at both endpoints on both the source W timestamps and mapped-target Wh timestamps; W status is not proof of Wh ground truth,60,1376,0.9999999371209071,0.11576339140979724,0.06700581395348917,0.20000000000004547,True,1438,0.7673017432462425,False,1376,0.9999999371209071,True,1436,0.9999999382701517,True,0,,False,0,,False
2020-04-28,Consumption,1439,0.3385546756095398,672.3047059977646,251.16066712995135,2770.643999999994,0.029186935371785964,0.33853277774298834,175.55552486136037,False,1439,1,0.9993055555555556,-1440,1440,60,ok,60,False,1439,0.9999939065201827,2.0415421551099637,0.18485059068797663,0.20000000000004547,0.9999780007157655,0.0664313765598763,True,same_date_plus60_core,frozen_rule_based_v2,True,same_date_plus60_core,source_and_mapped_target_w_status_both_endpoints,finite mapped W/Wh pairs requiring the released W-status observation proxy at both endpoints on both the source W timestamps and mapped-target Wh timestamps; W status is not proof of Wh ground truth,60,1376,0.999999962945465,0.1626452838913336,0.13226744186046385,0.20000000000004547,True,1438,0.3385061552088532,False,1376,0.999999962945465,True,1436,0.9999999617796511,True,0,,False,0,,False
2020-04-29,Production,1439,0.7496472467568255,138.96214011873676,77.20750521195275,465.6439999999993,0.4947880472550382,0.7496643282382585,32.596520830653546,False,1439,1,0.9993055555555556,-1440,1440,60,ok,60,False,1439,0.9999998424389628,0.11034093352981308,0.06087560806115352,0.20000000000004547,1.0000226284610756,-0.0015565005128053144,True,same_date_plus60_core,frozen_rule_based_v2,True,same_date_plus60_core,source_and_mapped_target_w_status_both_endpoints,finite mapped W/Wh pairs requiring the released W-status observation proxy at both endpoints on both the source W timestamps and mapped-target Wh timestamps; W status is not proof of Wh ground truth,60,1376,0.9999998392041477,0.11283863761821476,0.06366279069767435,0.20000000000004547,True,1438,0.7495706905744333,False,1376,0.9999998392041477,True,1436,0.9999998422941921,True,0,,False,0,,False
2020-04-29,Consumption,1439,0.06489945057228567,956.1963846756131,499.7804725503823,3029.544,0.018763029881862403,0.06516943118920746,404.7818726986973,False,1439,1,0.9993055555555556,-1440,1440,60,ok,60,False,1439,0.9999882498797671,3.3836462357205597,0.22793606671299513,0.20000000000027285,0.9999384803127201,0.11725185111578185,True,same_date_plus60_core,frozen_rule_based_v2,True,same_date_plus60_core,source_and_mapped_target_w_status_both_endpoints,finite mapped W/Wh pairs requiring the released W-status observation proxy at both endpoints on both the source W timestamps and mapped-target Wh timestamps; W status is not proof of Wh ground truth,60,1376,0.9999999728334841,0.16609397732105038,0.13793604651162816,0.20000000000027285,True,1438,0.06475149074815412,False,1376,0.9999999728334841,True,1436,0.9999999715287942,True,0,,False,0,,False
2020-04-30,Production,1438,0.7494682533764626,485.4316917450763,267.81981919332407,1569.2019999999993,0.40333796940194716,0.7493131080210351,125.71013036311172,False,1438,2,0.9986111111111111,-1440,1440,60,ok,60,False,1438,0.9999487337642855,6.947728538867318,0.2778859527121023,0.20000000000004547,0.9998980264653293,0.25706943200054866,True,same_date_plus60_core,frozen_rule_based_v2,True,same_date_plus60_core,source_and_mapped_target_w_status_both_endpoints,finite mapped W/Wh pairs requiring the released W-status observation proxy at both endpoints on both the source W timestamps and mapped-target Wh timestamps; W status is not proof of Wh ground truth,60,1372,0.9999999836342959,0.1257050089341605,0.07900874635568735,0.20000000000004547,True,1436,0.7493625054636284,False,1372,0.9999999836342959,True,1432,0.9999999840158169,True,0,,False,0,,False
2020-04-30,Consumption,1438,0.19452394043328958,1697.6238584537439,1034.8207927677329,5578.459999999999,0.0027816411682892906,0.195254127680071,820.5384057242314,False,1438,2,0.9986111111111111,-1440,1440,60,ok,60,False,1438,0.9972345968461241,99.98501542807796,4.783727399165507,41.57799999999994,1.0030713372871385,1.5301489376232666,True,same_date_plus60_core,frozen_rule_based_v2,True,same_date_plus60_core,source_and_mapped_target_w_status_both_endpoints,finite mapped W/Wh pairs requiring the released W-status observation proxy at both endpoints on both the source W timestamps and mapped-target Wh timestamps; W status is not proof of Wh ground truth,60,1372,0.9999999926172165,0.1637747154917441,0.13411078717201166,0.20000000000027285,True,1436,0.19545097252482332,False,1372,0.9999999926172165,True,1432,0.999983312030037,True,0,,False,0,,False
2020-05-01,Production,1436,0.9999960641696584,0.08004177182427176,0.03203342618384398,0.20000000000000284,1.0,0.9997962023573794,-0.001963425638439986,True,0,1440,0.0,-1440,1440,60,ok,0,False,1436,0.9999960641696584,0.08004177182427176,0.03203342618384398,0.20000000000000284,0.9997962023573794,-0.001963425638439986,True,unaffected_same0,frozen_rule_based_v2,False,same_date_0,source_and_mapped_target_w_status_both_endpoints,finite mapped W/Wh pairs requiring the released W-status observation proxy at both endpoints on both the source W timestamps and mapped-target Wh timestamps; W status is not proof of Wh ground truth,60,1433,0.9999960626470372,0.08012551214899567,0.032100488485694315,0.20000000000000284,True,1433,0.9999960626470372,True,1366,0.6479944211768944,False,1426,0.6508841501864405,False,1373,0.48469099370175894,False,1429,0.490210808052724,False
2020-05-01,Consumption,1436,0.9995230380043008,55.472352269353664,2.0068245125348216,0.2000000000007276,0.9979108635097493,1.0001889383591998,1.6363336775668813,True,0,1440,0.0,-1440,1440,60,ok,0,False,1436,0.9995230380043008,55.472352269353664,2.0068245125348216,0.2000000000007276,1.0001889383591998,1.6363336775668813,True,unaffected_same0,frozen_rule_based_v2,False,same_date_0,source_and_mapped_target_w_status_both_endpoints,finite mapped W/Wh pairs requiring the released W-status observation proxy at both endpoints on both the source W timestamps and mapped-target Wh timestamps; W status is not proof of Wh ground truth,60,1433,0.9999999957750226,0.16530966522019508,0.13663642707606674,0.2000000000007276,True,1433,0.9999999957750226,True,1366,0.29618504301048876,False,1426,0.29911262698530083,False,1373,0.09055149132990918,False,1429,0.0961340553883836,False
2020-05-02,Production,1436,0.5507637484996787,207.26157372819904,115.96740947075207,722.3800000000003,0.47284122562674097,0.4430093446292938,-11.358237257105223,False,1436,4,0.9972222222222222,-1440,1440,60,ok,1296,False,1436,0.7377998760232002,195.4377910413718,111.11768802228413,684.9200000000016,0.2811537553544366,-2.348561154022981,False,actual_transpose_plus60_core,frozen_rule_based_v2,True,transpose_plus60_core,source_and_mapped_target_w_status_both_endpoints,finite mapped W/Wh pairs requiring the released W-status observation proxy at both endpoints on both the source W timestamps and mapped-target Wh timestamps; W status is not proof of Wh ground truth,60,1367,0.9999998429439836,0.11912875627065168,0.07095830285296235,0.20000000000004547,True,1434,0.5507794707365599,False,1368,0.42774019043392353,False,1428,0.4321011537859996,False,1367,0.9999998429439836,True,1427,0.9999997753410765,True
2020-05-02,Consumption,1436,-0.05076678760336154,2071.7811930611797,1200.4295264623956,9138.450000000012,0.0006963788300835655,-0.04409012181984014,1037.827626130383,False,1436,4,0.9972222222222222,-1440,1440,60,ok,-1409,False,1436,0.40742602869575845,1887.3774228548534,1048.048119777159,7988.9800000000005,0.48177990907354434,910.3164233158706,False,actual_transpose_plus60_core,frozen_rule_based_v2,True,transpose_plus60_core,source_and_mapped_target_w_status_both_endpoints,finite mapped W/Wh pairs requiring the released W-status observation proxy at both endpoints on both the source W timestamps and mapped-target Wh timestamps; W status is not proof of Wh ground truth,60,1367,0.9999999944280942,0.16300039717931114,0.13284564740306934,0.20000000000027285,True,1434,-0.0510565037207672,False,1368,0.02582779481579574,False,1428,0.00890448106555492,False,1367,0.9999999944280942,True,1427,0.9996732482429656,True
2020-05-03,Production,1440,0.3496443596224245,845.579760233573,523.4893055555556,1873.122,0.43125,0.04092508158336946,17.177426028289588,False,1440,0,1.0,-1440,1440,60,ok,1440,True,1440,0.8995907151514685,321.23560577349866,188.6251388888889,1149.5119999999981,0.8475187854697894,-23.87948452428941,False,actual_transpose_plus60_core,frozen_rule_based_v2,True,transpose_plus60_core,source_and_mapped_target_w_status_both_endpoints,finite mapped W/Wh pairs requiring the released W-status observation proxy at both endpoints on both the source W timestamps and mapped-target Wh timestamps; W status is not proof of Wh ground truth,60,1380,0.9999999834993267,0.12580177644422114,0.07913043478260927,0.20000000000004547,True,1440,0.3496443596224245,False,1380,0.12515015763107531,False,1440,0.14038401364986008,False,1380,0.9999999834993267,True,1440,0.9999999839806938,True
2020-05-03,Consumption,1440,-0.08721912807163794,2034.6979248636503,1458.4405555555554,5613.129999999995,0.0,-0.10915708518406875,1544.9962959202917,False,1440,0,1.0,-1440,1440,60,ok,187,False,1440,0.39698372121159914,1570.7047287320147,1041.3731944444444,4714.105999999999,0.5181285584816722,944.0159125350679,False,actual_transpose_plus60_core,frozen_rule_based_v2,True,transpose_plus60_core,source_and_mapped_target_w_status_both_endpoints,finite mapped W/Wh pairs requiring the released W-status observation proxy at both endpoints on both the source W timestamps and mapped-target Wh timestamps; W status is not proof of Wh ground truth,60,1380,0.9999999900416962,0.15952829016296455,0.12724637681159534,0.20000000000027285,True,1440,-0.08721912807163794,False,1380,-0.151022605535907,False,1440,-0.136955468270835,False,1380,0.9999999900416962,True,1440,0.9977522664599454,True
2020-05-04,Production,1439,0.7869052615915678,428.2698924003679,237.46476719944405,1502.8039999999985,0.40514246004169563,0.7734136758807095,77.6878235154719,False,1439,1,0.9993055555555556,-1440,1440,60,ok,78,False,1439,0.8466309889822126,363.7890842479047,182.0090340514246,1299.247999999999,0.8321190984785662,49.10843253889925,False,actual_transpose_plus60_core,frozen_rule_based_v2,True,transpose_plus60_core,source_and_mapped_target_w_status_both_endpoints,finite mapped W/Wh pairs requiring the released W-status observation proxy at both endpoints on both the source W timestamps and mapped-target Wh timestamps; W status is not proof of Wh ground truth,60,1376,0.9999999829918331,0.12294827802684753,0.07558139534883776,0.20000000000004547,True,1438,0.7868307510120595,False,1376,0.8176940600223638,False,1436,0.8217904003072557,False,1376,0.9999999829918331,True,1436,0.9999999762182782,True
2020-05-04,Consumption,1439,-0.04042612200545193,1373.4681585903513,768.7193189715081,4716.771999999999,0.0,-0.0295367906373845,555.4443477755909,False,1439,1,0.9993055555555556,-1440,1440,60,ok,1143,False,1439,0.4008169774214151,1097.8684742195662,608.9716469770674,4228.907999999999,0.33067353742810957,338.46896430209443,False,actual_transpose_plus60_core,frozen_rule_based_v2,True,transpose_plus60_core,source_and_mapped_target_w_status_both_endpoints,finite mapped W/Wh pairs requiring the released W-status observation proxy at both endpoints on both the source W timestamps and mapped-target Wh timestamps; W status is not proof of Wh ground truth,60,1376,0.999999988983844,0.16309149950043847,0.13299418604651034,0.20000000000027285,True,1438,-0.040646547797430946,False,1376,-0.036457892307372196,False,1436,-0.027327987714430187,False,1376,0.999999988983844,True,1436,0.9999977761562073,True
2020-05-05,Production,1438,0.6609533420670268,402.65785477390926,212.63324061196107,1458.1299999999987,0.4082058414464534,0.6609552339452658,111.5180323525407,False,1438,2,0.9986111111111111,-1440,1440,60,ok,60,False,1438,0.9999945328232593,1.617592778722348,0.12586926286509162,0.20000000000004547,0.9999407085315307,0.05997573139904944,True,diagonal_identity_plus60_control,frozen_rule_based_v2,True,transpose_plus60_core,source_and_mapped_target_w_status_both_endpoints,finite mapped W/Wh pairs requiring the released W-status observation proxy at both endpoints on both the source W timestamps and mapped-target Wh timestamps; W status is not proof of Wh ground truth,60,1374,0.9999999690463655,0.12315597617941604,0.07583697234352384,0.20000000000004547,True,1437,0.6608465442475192,False,1374,0.9999999690463655,True,1434,0.9999945259322347,True,1374,0.9999999690463655,True,1434,0.9999945259322347,True
2020-05-05,Consumption,1438,0.3884824338428363,848.3487966180106,323.0289290681502,4334.133999999993,0.025034770514603615,0.3885960514094242,256.00552485742367,False,1438,2,0.9986111111111111,-1440,1440,60,ok,60,False,1438,0.9446085821564385,266.3499173979856,37.72906815020862,1885.7259999999928,0.9889684125415605,42.2489369903256,False,diagonal_identity_plus60_control,frozen_rule_based_v2,True,transpose_plus60_core,source_and_mapped_target_w_status_both_endpoints,finite mapped W/Wh pairs requiring the released W-status observation proxy at both endpoints on both the source W timestamps and mapped-target Wh timestamps; W status is not proof of Wh ground truth,60,1374,0.9999999779183409,0.16480768201877413,0.1358078602620078,0.20000000000027285,True,1437,0.3884116410928342,False,1374,0.9999999779183409,True,1434,0.9446017065709085,False,1374,0.9999999779183409,True,1434,0.9446017065709085,False
2020-05-06,Production,1440,0.6103463374873632,590.6583978681944,348.82625,1454.0,0.37916666666666665,0.9799758238963063,189.08643994142244,False,1440,0,1.0,-1440,1440,60,ok,133,False,1440,0.8778242210467665,425.82877179552924,250.74333333333334,1278.1719999999996,1.409500012091114,44.52331120955455,False,actual_transpose_plus60_core,frozen_rule_based_v2,True,transpose_plus60_core,source_and_mapped_target_w_status_both_endpoints,finite mapped W/Wh pairs requiring the released W-status observation proxy at both endpoints on both the source W timestamps and mapped-target Wh timestamps; W status is not proof of Wh ground truth,60,1377,0.9999999597728844,0.12651406930179812,0.08002904865650069,0.20000000000004547,True,1440,0.6103463374873632,False,1380,0.7686619754161951,False,1440,0.7742492291877668,False,1377,0.9999999597728844,True,1437,0.9999999607921934,True
2020-05-06,Consumption,1440,-0.00526992504503887,2188.9806063426977,1290.3427777777779,8801.325999999997,0.001388888888888889,-0.004176518628945961,1026.8965308983047,False,1440,0,1.0,-1440,1440,60,ok,-1415,False,1440,0.39828068540165135,1640.6464407360897,617.0058333333334,8788.929999999998,0.18200127450896086,269.785164677986,False,actual_transpose_plus60_core,frozen_rule_based_v2,True,transpose_plus60_core,source_and_mapped_target_w_status_both_endpoints,finite mapped W/Wh pairs requiring the released W-status observation proxy at both endpoints on both the source W timestamps and mapped-target Wh timestamps; W status is not proof of Wh ground truth,60,1377,0.9999999956077754,0.16329931618554358,0.1333333333333329,0.2000000000007276,True,1440,-0.00526992504503887,False,1380,-0.08770023464561366,False,1440,-0.07870464881980363,False,1377,0.9999999956077754,True,1437,0.9998505007813491,True
2020-05-07,Production,1438,0.29712542853767715,610.0037712097567,353.7724617524339,1929.926,0.33518776077885953,0.5048010112966859,360.0248540858166,False,1438,2,0.9986111111111111,-1440,1440,60,ok,226,False,1438,0.7551270935521003,462.1158105243518,286.4632823365786,1405.2079999999999,1.282939343469293,235.9712097356165,False,actual_transpose_plus60_core,frozen_rule_based_v2,True,transpose_plus60_core,source_and_mapped_target_w_status_both_endpoints,finite mapped W/Wh pairs requiring the released W-status observation proxy at both endpoints on both the source W timestamps and mapped-target Wh timestamps; W status is not proof of Wh ground truth,60,1373,0.9999999326150983,0.11923524215430345,0.0710852148579763,0.20000000000004547,True,1437,0.29693706128299674,False,1374,0.401689722636482,False,1434,0.4114512459919036,False,1373,0.9999999326150983,True,1433,0.9999998547308565,True
2020-05-07,Consumption,1438,0.22570668959550225,1383.7604889272827,806.0036856745481,4474.0059999999985,0.0,0.16109587702851297,523.2611923301918,False,1438,2,0.9986111111111111,-1440,1440,60,ok,21,False,1438,0.3331036383495713,1294.4526032840358,727.3641863699582,4220.949999999988,0.2379074290633149,452.8900242791701,False,actual_transpose_plus60_core,frozen_rule_based_v2,True,transpose_plus60_core,source_and_mapped_target_w_status_both_endpoints,finite mapped W/Wh pairs requiring the released W-status observation proxy at both endpoints on both the source W timestamps and mapped-target Wh timestamps; W status is not proof of Wh ground truth,60,1373,0.9999999918179543,0.16273338890059819,0.13241077931536796,0.20000000000027285,True,1437,0.2256080690594819,False,1374,0.16813347352002594,False,1434,0.17919870549338984,False,1373,0.9999999918179543,True,1433,0.9997912953975254,True
2020-05-08,Production,1439,0.6628759602068003,406.26769465714256,225.38373870743573,1314.3999999999987,0.414176511466296,0.5222324423103336,100.40822778226914,False,1439,1,0.9993055555555556,-1440,1440,60,ok,-113,False,1439,0.8453321670169488,290.6524047298777,141.67602501737318,1142.7639999999965,0.6657317442693418,52.480094543682554,False,actual_transpose_plus60_core,frozen_rule_based_v2,True,transpose_plus60_core,source_and_mapped_target_w_status_both_endpoints,finite mapped W/Wh pairs requiring the released W-status observation proxy at both endpoints on both the source W timestamps and mapped-target Wh timestamps; W status is not proof of Wh ground truth,60,1376,0.9999999733889674,0.12389042420341385,0.07674418604651105,0.20000000000004547,True,1438,0.6627777667750068,False,1376,0.47165466102866244,False,1436,0.48133777522268034,False,1376,0.9999999733889674,True,1436,0.9999999689079512,True
2020-05-08,Consumption,1439,-0.08691927573980744,871.7737391464956,370.24468380820014,3091.6759999999967,0.0,-0.050178665874486425,299.6502655763693,False,1439,1,0.9993055555555556,-1440,1440,60,ok,-464,False,1439,0.3031789010614584,731.9182128718788,335.66594857539957,2858.239999999999,0.18630464713025097,211.6173446874473,False,actual_transpose_plus60_core,frozen_rule_based_v2,True,transpose_plus60_core,source_and_mapped_target_w_status_both_endpoints,finite mapped W/Wh pairs requiring the released W-status observation proxy at both endpoints on both the source W timestamps and mapped-target Wh timestamps; W status is not proof of Wh ground truth,60,1376,0.9999999739368535,0.16084804326834498,0.12936046511627872,0.20000000000027285,True,1438,-0.08695991675876645,False,1376,-0.03315477295532834,False,1436,-0.04045581050843121,False,1376,0.9999999739368535,True,1436,0.9264660204647767,False
2020-05-09,Production,1439,0.9999999715084354,0.1205731044772427,0.07268936761640062,0.20000000000004547,1.0,1.0000008625065364,0.0020932243125457717,True,0,1440,0.0,-1440,1440,60,ok,0,False,1439,0.9999999715084354,0.1205731044772427,0.07268936761640062,0.20000000000004547,1.0000008625065364,0.0020932243125457717,True,unaffected_same0,frozen_rule_based_v2,False,same_date_0,source_and_mapped_target_w_status_both_endpoints,finite mapped W/Wh pairs requiring the released W-status observation proxy at both endpoints on both the source W timestamps and mapped-target Wh timestamps; W status is not proof of Wh ground truth,60,1438,0.9999999715008514,0.12061502108010022,0.07273991655076528,0.20000000000004547,True,1438,0.9999999715008514,True,1376,0.7699991743966987,False,1436,0.7738505811650597,False,1376,0.8080104162817386,False,1436,0.8115933166714445,False
2020-05-09,Consumption,1439,0.9999814962603514,6.940181219383784,0.3107713690062548,0.20000000000027285,0.9993050729673384,0.9999230491319416,0.2503572960229121,True,0,1440,0.0,-1440,1440,60,ok,0,False,1439,0.9999814962603514,6.940181219383784,0.3107713690062548,0.20000000000027285,0.9999230491319416,0.2503572960229121,True,unaffected_same0,frozen_rule_based_v2,False,same_date_0,source_and_mapped_target_w_status_both_endpoints,finite mapped W/Wh pairs requiring the released W-status observation proxy at both endpoints on both the source W timestamps and mapped-target Wh timestamps; W status is not proof of Wh ground truth,60,1438,0.9999999901786265,0.1599721811699188,0.12795549374130788,0.20000000000027285,True,1438,0.9999999901786265,True,1376,0.20629507572834785,False,1436,0.212606763188835,False,1376,0.13904218021752338,False,1436,0.14737224442480326,False
2020-05-10,Production,1438,0.999999913145338,0.1133630548172403,0.06425591098748297,0.20000000000004547,1.0,1.0000188326943624,0.0017918894659771922,True,0,1440,0.0,-1440,1440,60,ok,0,False,1438,0.999999913145338,0.1133630548172403,0.06425591098748297,0.20000000000004547,1.0000188326943624,0.0017918894659771922,True,unaffected_same0,frozen_rule_based_v2,False,same_date_0,source_and_mapped_target_w_status_both_endpoints,finite mapped W/Wh pairs requiring the released W-status observation proxy at both endpoints on both the source W timestamps and mapped-target Wh timestamps; W status is not proof of Wh ground truth,60,1437,0.9999999131290047,0.11340249230488912,0.06430062630480203,0.20000000000004547,True,1437,0.9999999131290047,True,1374,0.372598866582896,False,1434,0.38003300274431756,False,1376,0.616810291980513,False,1436,0.6226288769354913,False
2020-05-10,Consumption,1438,0.9999605857722302,13.397265824474308,0.48511821974965413,0.20000000000027285,0.9993045897079277,0.9998962449177226,0.4466887596720426,True,0,1440,0.0,-1440,1440,60,ok,0,False,1438,0.9999605857722302,13.397265824474308,0.48511821974965413,0.20000000000027285,0.9998962449177226,0.4466887596720426,True,unaffected_same0,frozen_rule_based_v2,False,same_date_0,source_and_mapped_target_w_status_both_endpoints,finite mapped W/Wh pairs requiring the released W-status observation proxy at both endpoints on both the source W timestamps and mapped-target Wh timestamps; W status is not proof of Wh ground truth,60,1437,0.9999999942294946,0.16244478747265528,0.13194154488517926,0.20000000000027285,True,1437,0.9999999942294946,True,1374,0.014181462260304699,False,1434,0.022025408680980813,False,1376,0.14891378466056718,False,1436,0.15557342676297284,False
2020-05-11,Production,1437,0.9999999661217621,0.09996519923332789,0.04996520528879576,0.20000000000004547,1.0,1.0000089194638675,-0.005149752488165404,True,0,1440,0.0,-1440,1440,60,ok,0,False,1437,0.9999999661217621,0.09996519923332789,0.04996520528879576,0.20000000000004547,1.0000089194638675,-0.005149752488165404,True,unaffected_same0,frozen_rule_based_v2,False,same_date_0,source_and_mapped_target_w_status_both_endpoints,finite mapped W/Wh pairs requiring the released W-status observation proxy at both endpoints on both the source W timestamps and mapped-target Wh timestamps; W status is not proof of Wh ground truth,60,1435,0.9999999661065663,0.10003483713744278,0.05003484320557457,0.20000000000004547,True,1435,0.9999999661065663,True,1370,0.8561891502337445,False,1430,0.8582451556285241,False,1374,0.8120729349383368,False,1434,0.814752910538993,False
2020-05-11,Consumption,1437,0.9998512128216719,15.132859995233929,0.6915796798886538,0.20000000000027285,0.9986082115518441,0.9996856027001683,0.789020820949645,True,0,1440,0.0,-1440,1440,60,ok,0,False,1437,0.9998512128216719,15.132859995233929,0.6915796798886538,0.20000000000027285,0.9996856027001683,0.789020820949645,True,unaffected_same0,frozen_rule_based_v2,False,same_date_0,source_and_mapped_target_w_status_both_endpoints,finite mapped W/Wh pairs requiring the released W-status observation proxy at both endpoints on both the source W timestamps and mapped-target Wh timestamps; W status is not proof of Wh ground truth,60,1435,0.9999999828268137,0.16264366471668218,0.1322648083623662,0.20000000000027285,True,1435,0.9999999828268137,True,1370,-0.060265540355078834,False,1430,-0.054432577634921035,False,1374,-0.07706179416138016,False,1434,-0.06870844440966674,False
2020-05-12,Production,1436,0.9999938957689213,0.2382620452955367,0.0554317548746521,0.20000000000001705,0.9993036211699164,0.9999027309332067,0.008972894616881888,True,0,1440,0.0,-1440,1440,60,ok,0,False,1436,0.9999938957689213,0.2382620452955367,0.0554317548746521,0.20000000000001705,0.9999027309332067,0.008972894616881888,True,unaffected_same0,frozen_rule_based_v2,False,same_date_0,source_and_mapped_target_w_status_both_endpoints,finite mapped W/Wh pairs requiring the released W-status observation proxy at both endpoints on both the source W timestamps and mapped-target Wh timestamps; W status is not proof of Wh ground truth,60,1433,0.9999989311578928,0.09982538837735397,0.049825540823447596,0.20000000000001705,True,1433,0.9999989311578928,True,1366,0.41524805161561174,False,1416,0.42006649629956644,False,1370,0.5636499885932608,False,1430,0.5694990785758272,False
2020-05-12,Consumption,1436,0.9937810717321346,113.5652136163737,3.629944289693595,0.20000000000027285,0.9979108635097493,1.0102350627172383,-4.2826090100024885,True,0,1440,0.0,-1440,1440,60,ok,0,False,1436,0.9937810717321346,113.5652136163737,3.629944289693595,0.20000000000027285,1.0102350627172383,-4.2826090100024885,True,unaffected_same0,frozen_rule_based_v2,False,same_date_0,source_and_mapped_target_w_status_both_endpoints,finite mapped W/Wh pairs requiring the released W-status observation proxy at both endpoints on both the source W timestamps and mapped-target Wh timestamps; W status is not proof of Wh ground truth,60,1433,0.9999999863912838,0.16429340764690303,0.13496161898115877,0.20000000000027285,True,1433,0.9999999863912838,True,1366,0.2597231454349923,False,1416,0.25182217769103327,False,1370,-0.05493521361619501,False,1430,-0.04480946314126184,False
2020-05-13,Production,1430,0.9182340408992065,274.065019798082,165.4223776223776,838.9300000000001,0.34545454545454546,0.9182375291827888,43.17064450215673,False,1430,10,0.9930555555555556,-1440,1440,60,ok,60,False,1430,0.9999999830129299,0.12493354877050371,0.07804195804195904,0.20000000000004547,0.9999999710479811,-0.0019427533889029291,True,same_date_plus60_core,frozen_rule_based_v2,True,same_date_plus60_core,source_and_mapped_target_w_status_both_endpoints,finite mapped W/Wh pairs requiring the released W-status observation proxy at both endpoints on both the source W timestamps and mapped-target Wh timestamps; W status is not proof of Wh ground truth,60,1354,0.9999999824141593,0.12839194055242933,0.08242245199409264,0.20000000000004547,True,1421,0.9179184234253304,False,1354,0.9999999824141593,True,1414,0.9999999828954724,True,0,,False,0,,False
2020-05-13,Consumption,1430,0.054944905146247065,1148.6891755327088,630.962937062937,4020.7260000000006,0.007692307692307693,0.05661937557101951,589.9291653686939,False,1430,10,0.9930555555555556,-1440,1440,60,ok,60,False,1430,0.99975216575186,18.364700862312944,1.4619580419580436,0.20000000000027285,0.9992163719477821,1.8009051483574012,True,same_date_plus60_core,frozen_rule_based_v2,True,same_date_plus60_core,source_and_mapped_target_w_status_both_endpoints,finite mapped W/Wh pairs requiring the released W-status observation proxy at both endpoints on both the source W timestamps and mapped-target Wh timestamps; W status is not proof of Wh ground truth,60,1354,0.999999981673357,0.16096092537564755,0.12954209748892326,0.20000000000027285,True,1421,0.05493392577659161,False,1354,0.999999981673357,True,1414,0.9999999810980078,True,0,,False,0,,False
2020-05-14,Production,1440,0.842670942749483,372.52294261934765,215.66027777777774,1208.2299999999977,0.3645833333333333,0.842671914689702,84.07278465151342,False,1440,0,1.0,-1440,1440,60,ok,60,False,1440,0.9999999825108195,0.12427567921538672,0.0772222222222256,0.20000000000004547,1.0000051246535713,-0.0002383159304599758,True,same_date_plus60_core,frozen_rule_based_v2,True,same_date_plus60_core,source_and_mapped_target_w_status_both_endpoints,finite mapped W/Wh pairs requiring the released W-status observation proxy at both endpoints on both the source W timestamps and mapped-target Wh timestamps; W status is not proof of Wh ground truth,60,1380,0.9999999820369366,0.12683436648535146,0.0804347826086992,0.20000000000004547,True,1440,0.842670942749483,False,1380,0.9999999820369366,True,1440,0.9999999825108195,True,0,,False,0,,False
2020-05-14,Consumption,1440,-0.07464585450543337,1436.5275229312138,882.8279166666669,4052.0019999999995,0.004861111111111111,-0.07465715378874584,732.8932351331276,False,1440,0,1.0,-1440,1440,60,ok,60,False,1440,0.9999999863706595,0.16193277068654965,0.131111111111113,0.20000000000027285,1.0000074351978046,-0.0059035960862274806,True,same_date_plus60_core,frozen_rule_based_v2,True,same_date_plus60_core,source_and_mapped_target_w_status_both_endpoints,finite mapped W/Wh pairs requiring the released W-status observation proxy at both endpoints on both the source W timestamps and mapped-target Wh timestamps; W status is not proof of Wh ground truth,60,1380,0.9999999869206314,0.16142481536149658,0.13028985507246588,0.20000000000027285,True,1440,-0.07464585450543337,False,1380,0.9999999869206314,True,1440,0.9999999863706595,True,0,,False,0,,False
2020-05-15,Production,1438,0.8255991865958252,338.1212637275286,183.80333796940195,1356.5959999999989,0.3776077885952712,0.8255966744524533,69.53815830483927,False,1438,2,0.9986111111111111,-1440,1440,60,ok,60,False,1438,0.999999975880285,0.12580754447792772,0.07913769123783002,0.20000000000004547,0.9999964312045618,-0.0020540203380505773,True,same_date_plus60_core,frozen_rule_based_v2,True,same_date_plus60_core,source_and_mapped_target_w_status_both_endpoints,finite mapped W/Wh pairs requiring the released W-status observation proxy at both endpoints on both the source W timestamps and mapped-target Wh timestamps; W status is not proof of Wh ground truth,60,1374,0.9999999753657357,0.12859106617434243,0.08267831149927186,0.20000000000004547,True,1437,0.8255402950240449,False,1374,0.9999999753657357,True,1434,0.9999999758476231,True,0,,False,0,,False
2020-05-15,Consumption,1438,0.19885982174481817,1084.2855318355878,585.2050069541029,3747.8099999999968,0.0076495132127955496,0.19878990076708145,499.51437034712967,False,1438,2,0.9986111111111111,-1440,1440,60,ok,60,False,1438,0.9999644445904554,7.227379944510232,0.3225312934631438,0.20000000000027285,0.9998606479434532,0.27795551037081623,True,same_date_plus60_core,frozen_rule_based_v2,True,same_date_plus60_core,source_and_mapped_target_w_status_both_endpoints,finite mapped W/Wh pairs requiring the released W-status observation proxy at both endpoints on both the source W timestamps and mapped-target Wh timestamps; W status is not proof of Wh ground truth,60,1374,0.9999999826435654,0.16294237736270845,0.13275109170305724,0.20000000000027285,True,1437,0.1986868679940689,False,1374,0.9999999826435654,True,1434,0.9999999821478223,True,0,,False,0,,False
2020-05-16,Production,1440,0.8176000720586156,107.41294213868684,65.99152777777778,328.53199999999987,0.44513888888888886,0.8175659840255336,26.630004040050736,False,1440,0,1.0,-1440,1440,60,ok,60,False,1440,0.999999790093155,0.11534970981998821,0.06652777777777771,0.20000000000004547,0.999973228183434,0.0015466445305492016,True,same_date_plus60_core,frozen_rule_based_v2,True,same_date_plus60_core,source_and_mapped_target_w_status_both_endpoints,finite mapped W/Wh pairs requiring the released W-status observation proxy at both endpoints on both the source W timestamps and mapped-target Wh timestamps; W status is not proof of Wh ground truth,60,1380,0.9999997837614528,0.11783063256646982,0.06942028985507238,0.20000000000004547,True,1440,0.8176000720586156,False,1380,0.9999997837614528,True,1440,0.999999790093155,True,0,,False,0,,False
2020-05-16,Consumption,1440,0.14051530171952484,1537.1995902361612,872.3575000000001,4861.467999999998,0.020833333333333332,0.14047758319817463,693.4080656613073,False,1440,0,1.0,-1440,1440,60,ok,60,False,1440,0.9999999903233813,0.16321424229793774,0.1331944444444479,0.20000000000027285,1.0000009900767646,0.004340911080930709,True,same_date_plus60_core,frozen_rule_based_v2,True,same_date_plus60_core,source_and_mapped_target_w_status_both_endpoints,finite mapped W/Wh pairs requiring the released W-status observation proxy at both endpoints on both the source W timestamps and mapped-target Wh timestamps; W status is not proof of Wh ground truth,60,1380,0.999999990582183,0.16365392966761677,0.1339130434782645,0.20000000000027285,True,1440,0.14051530171952484,False,1380,0.999999990582183,True,1440,0.9999999903233813,True,0,,False,0,,False
2020-05-17,Production,1438,0.819988663042307,266.8146076472648,145.9720445062587,955.4599999999998,0.43602225312934634,0.8199851987316381,56.904845952004166,False,1438,2,0.9986111111111111,-1440,1440,60,ok,60,False,1438,0.9999999646437175,0.11828632666751716,0.06995827538247466,0.20000000000004547,0.9999957398163482,-0.001017643695490733,True,same_date_plus60_core,frozen_rule_based_v2,True,same_date_plus60_core,source_and_mapped_target_w_status_both_endpoints,finite mapped W/Wh pairs requiring the released W-status observation proxy at both endpoints on both the source W timestamps and mapped-target Wh timestamps; W status is not proof of Wh ground truth,60,1374,0.9999999637914744,0.12100982192142518,0.07321688500727698,0.20000000000004547,True,1437,0.8199253313026169,False,1374,0.9999999637914744,True,1434,0.9999999645938129,True,0,,False,0,,False
2020-05-17,Consumption,1438,-0.04399583801199611,1144.094808043187,560.8072322670375,3942.6919999999964,0.015299026425591099,-0.044016300432331665,526.3122095060936,False,1438,2,0.9986111111111111,-1440,1440,60,ok,60,False,1438,0.999915634478415,10.285831566543322,0.4033379694019506,0.20000000000027285,0.9998608045555178,0.34375312899447863,True,same_date_plus60_core,frozen_rule_based_v2,True,same_date_plus60_core,source_and_mapped_target_w_status_both_endpoints,finite mapped W/Wh pairs requiring the released W-status observation proxy at both endpoints on both the source W timestamps and mapped-target Wh timestamps; W status is not proof of Wh ground truth,60,1374,0.999999979740505,0.16276361441546044,0.13245997088792213,0.20000000000027285,True,1437,-0.04409661814586952,False,1374,0.999999979740505,True,1434,0.9999999789892244,True,0,,False,0,,False
2020-05-18,Production,1439,0.7090608747366333,315.81792975273095,190.77512161223072,1043.6399999999976,0.3766504517025712,0.7090575005539663,94.73912424803774,False,1439,1,0.9993055555555556,-1440,1440,60,ok,60,False,1439,0.9999999556636947,0.12330857015891364,0.07602501737317766,0.20000000000004547,0.9999951969996115,0.002814841070858165,True,same_date_plus60_core,frozen_rule_based_v2,True,same_date_plus60_core,source_and_mapped_target_w_status_both_endpoints,finite mapped W/Wh pairs requiring the released W-status observation proxy at both endpoints on both the source W timestamps and mapped-target Wh timestamps; W status is not proof of Wh ground truth,60,1376,0.9999999543725361,0.12609981280992555,0.0795058139534903,0.20000000000004547,True,1438,0.708935669278584,False,1376,0.9999999543725361,True,1436,0.9999999556063723,True,0,,False,0,,False
2020-05-18,Consumption,1439,0.050487942154761586,1012.8604280619531,543.4407922168173,2772.3399999999992,0.01250868658790827,0.050389117084227476,533.2147234439054,False,1439,1,0.9993055555555556,-1440,1440,60,ok,60,False,1439,0.9999763291872548,5.064045687129439,0.2672689367616389,0.20000000000027285,0.9999040663942493,0.19126835655720242,True,same_date_plus60_core,frozen_rule_based_v2,True,same_date_plus60_core,source_and_mapped_target_w_status_both_endpoints,finite mapped W/Wh pairs requiring the released W-status observation proxy at both endpoints on both the source W timestamps and mapped-target Wh timestamps; W status is not proof of Wh ground truth,60,1376,0.9999999759012769,0.16433445759635362,0.13502906976744058,0.20000000000027285,True,1438,0.050334775027049514,False,1376,0.9999999759012769,True,1436,0.9999999753181508,True,0,,False,0,,False
2020-05-19,Production,1439,0.8630757263238036,374.5865026265165,212.9217512161223,1385.579999999999,0.32661570535093815,0.86314104312195,79.12617170406031,False,1439,1,0.9993055555555556,-1440,1440,60,ok,60,False,1439,0.9999999832838857,0.13117314255860757,0.08603196664350425,0.20000000000004547,0.999990922607878,-0.0007226882805753121,True,same_date_plus60_core,frozen_rule_based_v2,True,same_date_plus60_core,source_and_mapped_target_w_status_both_endpoints,finite mapped W/Wh pairs requiring the released W-status observation proxy at both endpoints on both the source W timestamps and mapped-target Wh timestamps; W status is not proof of Wh ground truth,60,1376,0.9999999828831848,0.1337082906058727,0.08938953488372284,0.20000000000004547,True,1438,0.8630134578045617,False,1376,0.9999999828831848,True,1436,0.9999999832610255,True,0,,False,0,,False
2020-05-19,Consumption,1439,0.17201828290571,1816.6507665392805,841.1166782487838,8445.859999999997,0.020847810979847115,0.17203857202975742,604.8166920135786,False,1439,1,0.9993055555555556,-1440,1440,60,ok,60,False,1439,0.9999883941341363,6.803206128037708,0.31174426685198137,0.20000000000027285,0.9999584263515082,0.2061347375462219,True,same_date_plus60_core,frozen_rule_based_v2,True,same_date_plus60_core,source_and_mapped_target_w_status_both_endpoints,finite mapped W/Wh pairs requiring the released W-status observation proxy at both endpoints on both the source W timestamps and mapped-target Wh timestamps; W status is not proof of Wh ground truth,60,1376,0.9999999935938887,0.1630023540991368,0.13284883720930296,0.20000000000027285,True,1438,0.17194022531307956,False,1376,0.9999999935938887,True,1436,0.9999999933570014,True,0,,False,0,,False
2020-05-20,Production,1438,0.8857441185189517,300.7336203524509,180.89464534075105,852.2079999999997,0.3532684283727399,0.8857895178412433,60.67307721858339,False,1438,2,0.9986111111111111,-1440,1440,60,ok,60,False,1438,0.9998083768329437,12.32099534479699,0.4031988873435351,0.20000000000004547,0.9999484950268994,0.3504418928652058,True,same_date_plus60_core,frozen_rule_based_v2,True,same_date_plus60_core,source_and_mapped_target_w_status_both_endpoints,finite mapped W/Wh pairs requiring the released W-status observation proxy at both endpoints on both the source W timestamps and mapped-target Wh timestamps; W status is not proof of Wh ground truth,60,1372,0.999999979602448,0.1280032798413645,0.08192419825073148,0.20000000000004547,True,1436,0.8856955502788018,False,1372,0.999999979602448,True,1432,0.9999999802267177,True,0,,False,0,,False
2020-05-20,Consumption,1438,0.008333577539718987,1395.4498295585624,699.0784422809458,5021.3859999999995,0.02573018080667594,0.008331872247905533,611.4158493950155,False,1438,2,0.9986111111111111,-1440,1440,60,ok,60,False,1438,0.9999780255061212,6.573745563766132,0.366620305980529,0.20000000000027285,0.9998965330770347,0.29224809300285415,True,same_date_plus60_core,frozen_rule_based_v2,True,same_date_plus60_core,source_and_mapped_target_w_status_both_endpoints,finite mapped W/Wh pairs requiring the released W-status observation proxy at both endpoints on both the source W timestamps and mapped-target Wh timestamps; W status is not proof of Wh ground truth,60,1372,0.9999999865975224,0.16528092526531893,0.13658892128279956,0.20000000000027285,True,1436,0.008052132216820624,False,1372,0.9999999865975224,True,1432,0.9999999862719642,True,0,,False,0,,False
2020-05-21,Production,1438,0.9065801503115732,314.25836624980604,175.055702364395,1030.9119999999975,0.3609179415855355,0.9065843555616372,53.20193256301775,False,1438,2,0.9986111111111111,-1440,1440,60,ok,60,False,1438,0.9999257685420659,8.86142426789468,0.3126564673157156,0.20000000000004547,0.9998963850872428,0.2904548166263794,True,same_date_plus60_core,frozen_rule_based_v2,True,same_date_plus60_core,source_and_mapped_target_w_status_both_endpoints,finite mapped W/Wh pairs requiring the released W-status observation proxy at both endpoints on both the source W timestamps and mapped-target Wh timestamps; W status is not proof of Wh ground truth,60,1372,0.999999984710599,0.12834447088595866,0.08236151603498475,0.20000000000004547,True,1436,0.9065650774239793,False,1372,0.999999984710599,True,1432,0.9999999850906331,True,0,,False,0,,False
2020-05-21,Consumption,1438,0.018984261581125088,1008.6357812137369,544.7997913769125,2669.721999999999,0.020166898470097356,0.01894671142551713,525.8106004943439,False,1438,2,0.9986111111111111,-1440,1440,60,ok,60,False,1438,0.9999368858805613,8.102871278043333,0.4130737134909577,0.20000000000027285,0.9998401731937282,0.3636221885242321,True,same_date_plus60_core,frozen_rule_based_v2,True,same_date_plus60_core,source_and_mapped_target_w_status_both_endpoints,finite mapped W/Wh pairs requiring the released W-status observation proxy at both endpoints on both the source W timestamps and mapped-target Wh timestamps; W status is not proof of Wh ground truth,60,1372,0.999999974839171,0.16359660264351616,0.1338192419825054,0.20000000000027285,True,1436,0.019383200827386426,False,1372,0.999999974839171,True,1432,0.9999999742686997,True,0,,False,0,,False
2020-05-22,Production,1438,0.7777866881559397,253.02300279691406,123.24255910987482,1153.6179999999872,0.43463143254520165,0.7777379858811562,61.502798970063424,False,1438,2,0.9986111111111111,-1440,1440,60,ok,60,False,1438,0.999999951751237,0.1179330566102925,0.06954102920723254,0.20000000000004547,1.0000015437956824,-0.00293042781117947,True,same_date_plus60_core,frozen_rule_based_v2,True,same_date_plus60_core,source_and_mapped_target_w_status_both_endpoints,finite mapped W/Wh pairs requiring the released W-status observation proxy at both endpoints on both the source W timestamps and mapped-target Wh timestamps; W status is not proof of Wh ground truth,60,1374,0.9999999505292881,0.12064841796274879,0.07278020378457088,0.20000000000004547,True,1437,0.7777045427038325,False,1374,0.9999999505292881,True,1434,0.9999999516797633,True,0,,False,0,,False
2020-05-22,Consumption,1438,0.10424909364799162,1675.310000383588,1013.4100139082059,4840.1039999999975,0.021557719054242003,0.10410188137519769,849.082639431198,False,1438,2,0.9986111111111111,-1440,1440,60,ok,60,False,1438,0.9999861504637892,6.594679020006385,0.3070931849791381,0.20000000000027285,0.9999104294313066,0.25381372152412496,True,same_date_plus60_core,frozen_rule_based_v2,True,same_date_plus60_core,source_and_mapped_target_w_status_both_endpoints,finite mapped W/Wh pairs requiring the released W-status observation proxy at both endpoints on both the source W timestamps and mapped-target Wh timestamps; W status is not proof of Wh ground truth,60,1374,0.9999999917547571,0.16312094440518304,0.13304221251819537,0.20000000000027285,True,1437,0.10401199050182747,False,1374,0.9999999917547571,True,1434,0.9999999915213487,True,0,,False,0,,False
2020-05-23,Production,1439,0.6761833255490449,259.88705549186307,141.13245309242532,1012.5279999999996,0.4079221681723419,0.6761779307403717,73.16818089701079,False,1439,1,0.9993055555555556,-1440,1440,60,ok,60,False,1439,0.9999999259524207,0.12431885298052629,0.07727588603196797,0.20000000000004547,0.999991947630463,0.0037651947337167258,True,same_date_plus60_core,frozen_rule_based_v2,True,same_date_plus60_core,source_and_mapped_target_w_status_both_endpoints,finite mapped W/Wh pairs requiring the released W-status observation proxy at both endpoints on both the source W timestamps and mapped-target Wh timestamps; W status is not proof of Wh ground truth,60,1376,0.9999999242579909,0.12713296463810955,0.08081395348837347,0.20000000000004547,True,1438,0.6760730547896903,False,1376,0.9999999242579909,True,1436,0.9999999258767556,True,0,,False,0,,False
2020-05-23,Consumption,1439,0.19110612726952855,1584.981850331127,852.364002779708,5159.475999999971,0.01250868658790827,0.19156263045243582,644.8083220020515,False,1439,1,0.9993055555555556,-1440,1440,60,ok,60,False,1439,0.9999898995989642,5.596223783886138,0.27727588603196635,0.20000000000027285,0.9999428280531966,0.1960148928436638,True,same_date_plus60_core,frozen_rule_based_v2,True,same_date_plus60_core,source_and_mapped_target_w_status_both_endpoints,finite mapped W/Wh pairs requiring the released W-status observation proxy at both endpoints on both the source W timestamps and mapped-target Wh timestamps; W status is not proof of Wh ground truth,60,1376,0.9999999919111572,0.1612992308117574,0.13008720930232545,0.20000000000027285,True,1438,0.19099148920704964,False,1376,0.9999999919111572,True,1436,0.9999999916277907,True,0,,False,0,,False
2020-05-24,Production,1439,0.8764045157687169,165.75656589797728,97.84100069492705,555.6679999999998,0.41695621959694235,0.8764150392597678,32.18796981702249,False,1439,1,0.9993055555555556,-1440,1440,60,ok,60,False,1439,0.9999999328158403,0.12228994129885416,0.07477414871438605,0.20000000000004547,1.0000119403878631,-0.0011639161074867843,True,same_date_plus60_core,frozen_rule_based_v2,True,same_date_plus60_core,source_and_mapped_target_w_status_both_endpoints,finite mapped W/Wh pairs requiring the released W-status observation proxy at both endpoints on both the source W timestamps and mapped-target Wh timestamps; W status is not proof of Wh ground truth,60,1376,0.9999999308850956,0.12505812602034758,0.07819767441860576,0.20000000000004547,True,1438,0.8763520439844086,False,1376,0.9999999308850956,True,1436,0.9999999327300985,True,0,,False,0,,False
2020-05-24,Consumption,1439,0.21106157014415555,669.8346294052893,230.6662265462126,2477.751999999996,0.056289089645587216,0.2109044545905366,233.9521605665683,False,1439,1,0.9993055555555556,-1440,1440,60,ok,60,False,1439,0.9999857206449773,2.851740748270079,0.20903405142460166,0.20000000000027285,0.9999608200350392,0.08812858387631195,True,same_date_plus60_core,frozen_rule_based_v2,True,same_date_plus60_core,source_and_mapped_target_w_status_both_endpoints,finite mapped W/Wh pairs requiring the released W-status observation proxy at both endpoints on both the source W timestamps and mapped-target Wh timestamps; W status is not proof of Wh ground truth,60,1376,0.9999999549419886,0.16371415815804016,0.13401162790697804,0.20000000000027285,True,1438,0.2110367830067237,False,1376,0.9999999549419886,True,1436,0.9999999530555869,True,0,,False,0,,False
2020-05-25,Production,1439,0.8422873282568053,146.45715304806288,86.05364836692146,480.9199999999994,0.4100069492703266,0.8422804948486126,30.618221161888584,False,1439,1,0.9993055555555556,-1440,1440,60,ok,60,False,1439,0.9999998929726194,0.1206883200835388,0.07282835302293333,0.20000000000004547,0.9999917800552908,0.0038193954380858486,True,same_date_plus60_core,frozen_rule_based_v2,True,same_date_plus60_core,source_and_mapped_target_w_status_both_endpoints,finite mapped W/Wh pairs requiring the released W-status observation proxy at both endpoints on both the source W timestamps and mapped-target Wh timestamps; W status is not proof of Wh ground truth,60,1376,0.9999998901917125,0.12342025011939933,0.07616279069767519,0.20000000000004547,True,1438,0.8422265313499062,False,1376,0.9999998901917125,True,1436,0.9999998928487939,True,0,,False,0,,False
2020-05-25,Consumption,1439,0.17733950518519692,659.5864626487725,158.81945795691453,2854.7999999999956,0.06045865184155664,0.1773564601186916,208.17753531105652,False,1439,1,0.9993055555555556,-1440,1440,60,ok,60,False,1439,0.9999504221021583,5.121983849501262,0.2674079221681722,0.20000000000004547,0.9999736667187179,0.1401065003461781,True,same_date_plus60_core,frozen_rule_based_v2,True,same_date_plus60_core,source_and_mapped_target_w_status_both_endpoints,finite mapped W/Wh pairs requiring the released W-status observation proxy at both endpoints on both the source W timestamps and mapped-target Wh timestamps; W status is not proof of Wh ground truth,60,1376,0.9999999523070151,0.16237696594581238,0.1318313953488374,0.20000000000004547,True,1438,0.17733382960325392,False,1376,0.9999999523070151,True,1436,0.9999999499671884,True,0,,False,0,,False
2020-05-26,Production,1439,0.6700275252558918,473.6355532806635,277.2669909659486,1583.9599999999991,0.344683808200139,0.6700279208910246,152.59339071116187,False,1439,1,0.9993055555555556,-1440,1440,60,ok,60,False,1439,0.9999999759994757,0.12784632888041994,0.08172341904100223,0.20000000000004547,1.0000005664754017,-0.005543417292528829,True,same_date_plus60_core,frozen_rule_based_v2,True,same_date_plus60_core,source_and_mapped_target_w_status_both_endpoints,finite mapped W/Wh pairs requiring the released W-status observation proxy at both endpoints on both the source W timestamps and mapped-target Wh timestamps; W status is not proof of Wh ground truth,60,1376,0.9999999752898154,0.1307402893365864,0.0854651162790714,0.20000000000004547,True,1438,0.6698830910139785,False,1376,0.9999999752898154,True,1436,0.9999999759679838,True,0,,False,0,,False
2020-05-26,Consumption,1439,-0.011350542994829599,785.3347575686741,222.5213342599027,3530.4919999999984,0.03891591382904795,-0.011354072500932845,314.46416253549427,False,1439,1,0.9993055555555556,-1440,1440,60,ok,60,False,1439,0.9999818696039746,3.325551258727896,0.22070882557331545,0.20000000000004547,0.999960359940515,0.09736840082069875,True,same_date_plus60_core,frozen_rule_based_v2,True,same_date_plus60_core,source_and_mapped_target_w_status_both_endpoints,finite mapped W/Wh pairs requiring the released W-status observation proxy at both endpoints on both the source W timestamps and mapped-target Wh timestamps; W status is not proof of Wh ground truth,60,1376,0.9999999580969888,0.16362535199031186,0.13386627906976792,0.20000000000004547,True,1438,-0.011420309465461981,False,1376,0.9999999580969888,True,1436,0.9999999564874393,True,0,,False,0,,False
2020-05-27,Production,1439,0.5407427587565562,428.9949546704845,233.55191104933982,1650.8559999999968,0.3863794301598332,0.540747691767084,150.49037919890512,False,1439,1,0.9993055555555556,-1440,1440,60,ok,60,False,1439,0.9999999616142125,0.12409505648405732,0.0769979152189047,0.20000000000004547,1.0000090842705192,-0.0021428559192600005,True,same_date_plus60_core,frozen_rule_based_v2,True,same_date_plus60_core,source_and_mapped_target_w_status_both_endpoints,finite mapped W/Wh pairs requiring the released W-status observation proxy at both endpoints on both the source W timestamps and mapped-target Wh timestamps; W status is not proof of Wh ground truth,60,1376,0.99999996064922,0.12690410222995835,0.0805232558139563,0.20000000000004547,True,1438,0.5405715398506199,False,1376,0.99999996064922,True,1436,0.9999999615712086,True,0,,False,0,,False
2020-05-27,Consumption,1439,-0.01745870740427245,2085.506317333668,1342.7491313412092,6343.175999999982,0.018068102849200834,-0.01735232398069467,1158.8252129071873,False,1439,1,0.9993055555555556,-1440,1440,60,ok,60,False,1439,0.9999856759242122,7.8521908169270995,0.3439888811674799,0.2000000000005548,0.9999149202542821,0.30924645806362605,True,same_date_plus60_core,frozen_rule_based_v2,True,same_date_plus60_core,source_and_mapped_target_w_status_both_endpoints,finite mapped W/Wh pairs requiring the released W-status observation proxy at both endpoints on both the source W timestamps and mapped-target Wh timestamps; W status is not proof of Wh ground truth,60,1376,0.999999993750348,0.16574356769588022,0.13735465116279308,0.20000000000038654,True,1438,-0.01768267794866096,False,1376,0.999999993750348,True,1436,0.9999999936436257,True,0,,False,0,,False
2020-05-28,Production,1440,0.8382801443955772,236.1425182313991,134.24291666666664,758.8739999999997,0.43125,0.8382899461292503,44.393839517098996,False,1440,0,1.0,-1440,1440,60,ok,60,False,1440,0.9999999597380409,0.11796892246124288,0.06958333333333419,0.20000000000004547,1.0000116524082585,-4.2306339196329645e-06,True,same_date_plus60_core,frozen_rule_based_v2,True,same_date_plus60_core,source_and_mapped_target_w_status_both_endpoints,finite mapped W/Wh pairs requiring the released W-status observation proxy at both endpoints on both the source W timestamps and mapped-target Wh timestamps; W status is not proof of Wh ground truth,60,1380,0.9999999589581087,0.1205061788060465,0.07260869565217482,0.20000000000004547,True,1440,0.8382801443955772,False,1380,0.9999999589581087,True,1440,0.9999999597380409,True,0,,False,0,,False
2020-05-28,Consumption,1440,0.2651031682890172,1319.852355800114,808.4011111111112,3427.5079999999934,0.009722222222222222,0.2655710499083347,665.6650879279142,False,1440,0,1.0,-1440,1440,60,ok,60,False,1440,0.9999999891866753,0.1600347184554302,0.12805555555555026,0.20000000000027285,1.000003530110891,-0.006254002722357654,True,same_date_plus60_core,frozen_rule_based_v2,True,same_date_plus60_core,source_and_mapped_target_w_status_both_endpoints,finite mapped W/Wh pairs requiring the released W-status observation proxy at both endpoints on both the source W timestamps and mapped-target Wh timestamps; W status is not proof of Wh ground truth,60,1380,0.9999999893120801,0.1601629604903735,0.12826086956521154,0.20000000000027285,True,1440,0.2651031682890172,False,1380,0.9999999893120801,True,1440,0.9999999891866753,True,0,,False,0,,False
2020-05-29,Production,1438,0.7098736977859725,112.62913058806609,61.794436717663416,455.98199999999866,0.43949930458970793,0.7098770063349661,34.87020824408977,False,1438,2,0.9986111111111111,-1440,1440,60,ok,60,False,1438,0.9999996800536893,0.11828632666751977,0.06995827538247594,0.20000000000004547,0.9999885625359461,0.0012357202098058906,True,same_date_plus60_core,frozen_rule_based_v2,True,same_date_plus60_core,source_and_mapped_target_w_status_both_endpoints,finite mapped W/Wh pairs requiring the released W-status observation proxy at both endpoints on both the source W timestamps and mapped-target Wh timestamps; W status is not proof of Wh ground truth,60,1374,0.9999996705529868,0.12088947398322919,0.07307132459970918,0.20000000000004547,True,1437,0.7097402056474976,False,1374,0.9999996705529868,True,1434,0.9999996794628607,True,0,,False,0,,False
2020-05-29,Consumption,1438,0.07872242802636718,1309.1830083689397,740.5069541029208,4838.413999999998,0.009735744089012517,0.0794773056238376,654.3123442298065,False,1438,2,0.9986111111111111,-1440,1440,60,ok,60,False,1438,0.9999704178396057,7.3855740301763655,0.3273991655076506,0.20000000000027285,0.999891606639743,0.2692279617646136,True,same_date_plus60_core,frozen_rule_based_v2,True,same_date_plus60_core,source_and_mapped_target_w_status_both_endpoints,finite mapped W/Wh pairs requiring the released W-status observation proxy at both endpoints on both the source W timestamps and mapped-target Wh timestamps; W status is not proof of Wh ground truth,60,1374,0.9999999860227075,0.16356650913682744,0.13377001455604187,0.20000000000027285,True,1437,0.07850856494046682,False,1374,0.9999999860227075,True,1434,0.9999999856590197,True,0,,False,0,,False
2020-05-30,Production,1439,0.7300685065484797,251.60894070163863,138.80542043085475,902.6999999999973,0.4120917303683113,0.7300606726335711,64.50543855231791,False,1439,1,0.9993055555555556,-1440,1440,60,ok,60,False,1439,0.9999999387126348,0.11999536706367898,0.07199444058373738,0.20000000000004547,0.9999951038432272,-0.0035554720621462366,True,same_date_plus60_core,frozen_rule_based_v2,True,same_date_plus60_core,source_and_mapped_target_w_status_both_endpoints,finite mapped W/Wh pairs requiring the released W-status observation proxy at both endpoints on both the source W timestamps and mapped-target Wh timestamps; W status is not proof of Wh ground truth,60,1376,0.9999999373176109,0.12271161124719618,0.07529069767441722,0.20000000000004547,True,1438,0.7299770626836817,False,1376,0.9999999373176109,True,1436,0.9999999386503374,True,0,,False,0,,False
2020-05-30,Consumption,1439,-0.0020258910643893894,1443.9171764062703,825.7483669214732,4448.575999999991,0.019457956914523976,-0.002027517751686529,705.514940702882,False,1439,1,0.9993055555555556,-1440,1440,60,ok,60,False,1439,0.9999902200787014,4.5109179575795775,0.25892981236970375,0.20000000000027285,0.9999371701340188,0.1626145563910768,True,same_date_plus60_core,frozen_rule_based_v2,True,same_date_plus60_core,source_and_mapped_target_w_status_both_endpoints,finite mapped W/Wh pairs requiring the released W-status observation proxy at both endpoints on both the source W timestamps and mapped-target Wh timestamps; W status is not proof of Wh ground truth,60,1376,0.9999999869555449,0.16774842736586784,0.14069767441860745,0.20000000000027285,True,1438,-0.0021921251220390057,False,1376,0.9999999869555449,True,1436,0.9999999865311122,True,0,,False,0,,False
2020-05-31,Production,1440,0.7013169987111992,444.2547719371047,233.5747222222222,1641.2299999999977,0.36527777777777776,0.7013147817714508,115.16731657405512,False,1440,0,1.0,-1440,1440,60,ok,60,False,1440,0.9999999498188953,0.1822696415265643,0.08277777777777895,0.20000000000004547,0.9999967887096659,-0.006539481924278334,True,same_date_plus60_core,frozen_rule_based_v2,True,same_date_plus60_core,source_and_mapped_target_w_status_both_endpoints,finite mapped W/Wh pairs requiring the released W-status observation proxy at both endpoints on both the source W timestamps and mapped-target Wh timestamps; W status is not proof of Wh ground truth,60,1380,0.9999999755723679,0.12864961965618552,0.08275362318840701,0.20000000000004547,True,1440,0.7013169987111992,False,1380,0.9999999755723679,True,1440,0.9999999498188953,True,0,,False,0,,False
2020-05-31,Consumption,1440,-0.03623861467877495,895.5277851325689,400.91805555555555,2961.0979999999995,0.02013888888888889,-0.036228421717879246,443.2645712667164,False,1440,0,1.0,-1440,1440,60,ok,60,False,1440,0.9774619557740519,134.20662779626215,14.297222222222224,130.01199999999307,0.9948424587638628,13.656317370201407,False,same_date_plus60_core,frozen_rule_based_v2,True,same_date_plus60_core,source_and_mapped_target_w_status_both_endpoints,finite mapped W/Wh pairs requiring the released W-status observation proxy at both endpoints on both the source W timestamps and mapped-target Wh timestamps; W status is not proof of Wh ground truth,60,1380,0.999999967206077,0.1626768825492503,0.1323188405797122,0.20000000000027285,True,1440,-0.03623861467877495,False,1380,0.999999967206077,True,1440,0.9774619557740519,False,0,,False,0,,False
2020-06-01,Production,1438,0.9999999127521624,0.09241016387090908,0.0426981919332411,0.20000000000004547,1.0,1.0000076198298167,0.0002257077183429601,True,0,1440,0.0,-1440,1440,60,ok,0,False,1438,0.9999999127521624,0.09241016387090908,0.0426981919332411,0.20000000000004547,1.0000076198298167,0.0002257077183429601,True,unaffected_same0,frozen_rule_based_v2,False,same_date_0,source_and_mapped_target_w_status_both_endpoints,finite mapped W/Wh pairs requiring the released W-status observation proxy at both endpoints on both the source W timestamps and mapped-target Wh timestamps; W status is not proof of Wh ground truth,60,1437,0.999999912740202,0.09244231212857698,0.04272790535838601,0.20000000000004547,True,1437,0.999999912740202,True,1374,0.7027457182901328,False,1432,0.7052290575555239,False,1377,0.6149201214341501,False,1433,0.6188302304307266,False
2020-06-01,Consumption,1438,0.9986615697373749,53.638118283199006,1.5488178025034776,0.20000000000027285,0.9993045897079277,0.9999757661028965,1.4392621506246996,True,0,1440,0.0,-1440,1440,60,ok,0,False,1438,0.9986615697373749,53.638118283199006,1.5488178025034776,0.20000000000027285,0.9999757661028965,1.4392621506246996,True,unaffected_same0,frozen_rule_based_v2,False,same_date_0,source_and_mapped_target_w_status_both_endpoints,finite mapped W/Wh pairs requiring the released W-status observation proxy at both endpoints on both the source W timestamps and mapped-target Wh timestamps; W status is not proof of Wh ground truth,60,1437,0.9999999874666177,0.163979732950055,0.13444676409185857,0.20000000000027285,True,1437,0.9999999874666177,True,1374,-0.020072451353465755,False,1432,-0.02529435654428307,False,1377,0.0434444740827116,False,1433,0.04449274512981409,False
2020-06-02,Production,1438,0.44703334276507584,493.24392710631537,291.85479833101533,1699.5659999999966,0.38803894297635605,0.055029802942347446,8.143504925538576,False,1438,2,0.9986111111111111,-1440,1440,60,ok,-165,False,1438,0.5955021606035716,486.7249485300273,291.85813630041724,1712.9699999999978,0.07330631390280455,2.3437248882899873,False,actual_transpose_plus60_core,frozen_rule_based_v2,True,transpose_plus60_core,source_and_mapped_target_w_status_both_endpoints,finite mapped W/Wh pairs requiring the released W-status observation proxy at both endpoints on both the source W timestamps and mapped-target Wh timestamps; W status is not proof of Wh ground truth,60,1374,0.9999999504378553,0.13293243952810718,0.08835516739446926,0.20000000000004547,True,1436,0.44676360716126207,False,1374,0.34047109264636216,False,1434,0.3508712213186031,False,1374,0.9999999504378553,True,1434,0.9999999516899979,True
2020-06-02,Consumption,1438,0.35858437115132635,1548.474563535081,1083.589221140473,4566.239999999999,0.0,0.6507048476425478,987.7704492948603,False,1438,2,0.9986111111111111,-1440,1440,60,ok,13,False,1438,0.43007221883960267,1494.696672046068,1040.833588317107,4564.719999999999,0.7814142784060232,891.0420647331545,False,actual_transpose_plus60_core,frozen_rule_based_v2,True,transpose_plus60_core,source_and_mapped_target_w_status_both_endpoints,finite mapped W/Wh pairs requiring the released W-status observation proxy at both endpoints on both the source W timestamps and mapped-target Wh timestamps; W status is not proof of Wh ground truth,60,1374,0.9999999789997555,0.16294237736271255,0.13275109170306074,0.20000000000027285,True,1436,0.3583193181367094,False,1374,0.23329346569392095,False,1434,0.2424435829606994,False,1374,0.9999999789997555,True,1434,0.9911447640123016,True
2020-06-03,Production,1440,0.4245655940198351,404.9441605881537,238.99180555555557,1291.299999999997,0.4173611111111111,0.41512408022661995,54.514467111318794,False,1440,0,1.0,-1440,1440,60,ok,-1438,False,1440,0.6471668717345161,419.5346701340003,250.0627777777778,1288.4879999999998,0.09039502031826302,0.7012800141892122,False,actual_transpose_plus60_core,frozen_rule_based_v2,True,transpose_plus60_core,source_and_mapped_target_w_status_both_endpoints,finite mapped W/Wh pairs requiring the released W-status observation proxy at both endpoints on both the source W timestamps and mapped-target Wh timestamps; W status is not proof of Wh ground truth,60,1378,0.9999999401298585,0.12874294547161808,0.08287373004354082,0.20000000000004547,True,1440,0.4245655940198351,False,1380,0.530733854043119,False,1440,0.5369673368756035,False,1378,0.9999999401298585,True,1438,0.9999999415875486,True
2020-06-03,Consumption,1440,0.026542362930167786,2233.8617152814095,1186.4927777777777,11105.879999999961,0.0,0.01286059976484243,690.8609205133604,False,1440,0,1.0,-1440,1440,60,ok,-938,False,1440,0.38508284122420133,1994.752014014942,1283.2723611111112,7766.021999999969,0.28566935582502834,1071.9393853572196,False,actual_transpose_plus60_core,frozen_rule_based_v2,True,transpose_plus60_core,source_and_mapped_target_w_status_both_endpoints,finite mapped W/Wh pairs requiring the released W-status observation proxy at both endpoints on both the source W timestamps and mapped-target Wh timestamps; W status is not proof of Wh ground truth,60,1378,0.9999999968079512,0.16243788586232874,0.13193033381712224,0.2000000000007276,True,1440,0.026542362930167786,False,1380,0.044360414228690796,False,1440,0.0532120514175775,False,1378,0.9999999968079512,True,1438,0.9999915757289929,True
2020-06-04,Production,1439,0.5736361657644787,478.26537200571374,262.09673384294655,1715.9319999999968,0.3822098679638638,0.5212442617427906,78.02639262346742,False,1439,1,0.9993055555555556,-1440,1440,60,ok,1440,True,1439,0.7935404699548972,324.0341935817051,188.9186935371786,1172.5119999999959,0.6623019886212936,94.96445746254159,False,actual_transpose_plus60_core,frozen_rule_based_v2,True,transpose_plus60_core,source_and_mapped_target_w_status_both_endpoints,finite mapped W/Wh pairs requiring the released W-status observation proxy at both endpoints on both the source W timestamps and mapped-target Wh timestamps; W status is not proof of Wh ground truth,60,1376,0.9999999698514667,0.13151620291016208,0.08648255813953551,0.20000000000004547,True,1438,0.5735255303023934,False,1376,0.6196342218816994,False,1436,0.6257745780529207,False,1376,0.9999999698514667,True,1436,0.9999930108345756,True
2020-06-04,Consumption,1439,-0.11485115288852606,1286.6866501647944,666.6100764419737,4874.843999999999,0.001389854065323141,-0.08270592121073819,475.4331982256852,False,1439,1,0.9993055555555556,-1440,1440,60,ok,-188,False,1439,0.4617732698017876,923.2684913442587,498.2177206393328,3157.9839999999986,0.34050542846032233,254.66258383590778,False,actual_transpose_plus60_core,frozen_rule_based_v2,True,transpose_plus60_core,source_and_mapped_target_w_status_both_endpoints,finite mapped W/Wh pairs requiring the released W-status observation proxy at both endpoints on both the source W timestamps and mapped-target Wh timestamps; W status is not proof of Wh ground truth,60,1376,0.9999999865396269,0.16030494196562958,0.1284883720930217,0.20000000000027285,True,1438,-0.11503026802927785,False,1376,-0.09079004381568752,False,1436,-0.09397797648149264,False,1376,0.9999999865396269,True,1436,0.9635984982585084,False
2020-06-05,Production,1438,0.8691547741980857,432.37723272266817,253.4414464534075,1289.2799999999982,0.3748261474269819,0.5412783849090081,55.764288228769715,False,1438,2,0.9986111111111111,-1440,1440,60,ok,-13,False,1438,0.8777433091382113,426.10632593449117,251.08038942976356,1278.2759999999994,0.5466270160839505,52.98582683260702,False,actual_transpose_plus60_core,frozen_rule_based_v2,True,transpose_plus60_core,source_and_mapped_target_w_status_both_endpoints,finite mapped W/Wh pairs requiring the released W-status observation proxy at both endpoints on both the source W timestamps and mapped-target Wh timestamps; W status is not proof of Wh ground truth,60,1377,0.9999999841840155,0.12765694770084657,0.08148148148148303,0.20000000000004547,True,1437,0.8691045596818073,False,1374,0.7680861268170035,False,1434,0.7737499904476809,False,1377,0.9999999841840155,True,1437,0.9999999543008716,True
2020-06-05,Consumption,1438,-0.06097013977317147,2245.573841910234,1257.0126564673158,9780.147999999888,0.0013908205841446453,-0.0770555257915999,985.3078096855176,False,1438,2,0.9986111111111111,-1440,1440,60,ok,-329,False,1438,0.358553964185317,1710.432449234287,798.9632823365787,8179.881999999983,0.4278416481506095,327.63445113951565,False,actual_transpose_plus60_core,frozen_rule_based_v2,True,transpose_plus60_core,source_and_mapped_target_w_status_both_endpoints,finite mapped W/Wh pairs requiring the released W-status observation proxy at both endpoints on both the source W timestamps and mapped-target Wh timestamps; W status is not proof of Wh ground truth,60,1377,0.9999999930414761,0.16169041669088813,0.1307189542483674,0.20000000000027285,True,1437,-0.06112926330926771,False,1374,-0.08844085276224309,False,1434,-0.07461891290107023,False,1377,0.9999999930414761,True,1437,0.9996462588194258,True
2020-06-06,Production,1439,0.644432801821188,529.1414091550172,285.51382904794997,1844.4959999999999,0.3669214732453092,0.6444391069430254,155.80439278189743,False,1439,1,0.9993055555555556,-1440,1440,60,ok,60,False,1439,0.9999999571276054,0.1838511649913009,0.0856150104239055,0.20000000000004547,1.0000097411136928,-0.006214339526820822,True,diagonal_identity_plus60_control,frozen_rule_based_v2,True,transpose_plus60_core,source_and_mapped_target_w_status_both_endpoints,finite mapped W/Wh pairs requiring the released W-status observation proxy at both endpoints on both the source W timestamps and mapped-target Wh timestamps; W status is not proof of Wh ground truth,60,1376,0.9999999786823253,0.1310733861550059,0.08590116279069769,0.20000000000004547,True,1438,0.6443121709002532,False,1376,0.9999999786823253,True,1436,0.999999957083984,True,1376,0.9999999786823253,True,1436,0.999999957083984,True
2020-06-06,Consumption,1439,0.04038740611405587,1072.214747712394,564.6799166087561,3476.5959999999886,0.0236275191104934,0.04051079927018007,479.9814139817331,False,1439,1,0.9993055555555556,-1440,1440,60,ok,60,False,1439,0.9992515055783459,30.357729563767638,5.045865184155665,198.124,1.0015139897427288,-5.516090662538431,True,diagonal_identity_plus60_control,frozen_rule_based_v2,True,transpose_plus60_core,source_and_mapped_target_w_status_both_endpoints,finite mapped W/Wh pairs requiring the released W-status observation proxy at both endpoints on both the source W timestamps and mapped-target Wh timestamps; W status is not proof of Wh ground truth,60,1376,0.9999999779749438,0.1656558494744946,0.13720930232558257,0.20000000000027285,True,1438,0.04027565207424338,False,1376,0.9999999779749438,True,1436,0.9992585141046382,True,1376,0.9999999779749438,True,1436,0.9992585141046382,True
2020-06-07,Production,1439,0.7491670302421212,465.59819667876855,258.2867268936762,1571.3159999999998,0.3419041000694927,0.3408443962635152,69.38574015692043,False,1439,1,0.9993055555555556,-1440,1440,60,ok,1356,False,1439,0.7784325001422399,380.96063084203803,233.12494788047255,1175.7359999999996,0.6107287108705377,33.46904683712262,False,actual_transpose_plus60_core,frozen_rule_based_v2,True,transpose_plus60_core,source_and_mapped_target_w_status_both_endpoints,finite mapped W/Wh pairs requiring the released W-status observation proxy at both endpoints on both the source W timestamps and mapped-target Wh timestamps; W status is not proof of Wh ground truth,60,1376,0.9999999726979686,0.1333817741463143,0.08895348837209306,0.20000000000004547,True,1438,0.7490529795468779,False,1376,0.7164623677401176,False,1436,0.7245836417671951,False,1376,0.9999999726979686,True,1436,0.9999999734188884,True
2020-06-07,Consumption,1439,-0.0838885136075754,1602.2715033513211,893.0914523974983,5494.479999999995,0.002779708130646282,-0.047462050939769615,440.487407249727,False,1439,1,0.9993055555555556,-1440,1440,60,ok,710,False,1439,0.4121614156073453,1289.6748439914852,660.5217512161223,4694.387999999999,0.16464293064524851,195.11835506857045,False,actual_transpose_plus60_core,frozen_rule_based_v2,True,transpose_plus60_core,source_and_mapped_target_w_status_both_endpoints,finite mapped W/Wh pairs requiring the released W-status observation proxy at both endpoints on both the source W timestamps and mapped-target Wh timestamps; W status is not proof of Wh ground truth,60,1376,0.9999999922761325,0.16075765380165968,0.12921511627907106,0.20000000000027285,True,1438,-0.08406403050273642,False,1376,-0.09387288422491182,False,1436,-0.09690791666672419,False,1376,0.9999999922761325,True,1436,0.9685199836496476,False
2020-06-08,Production,1439,0.8017880641369382,441.82799803443424,270.51966643502436,1350.124,0.3683113273106324,0.5539240073366646,20.280330612996238,False,1439,1,0.9993055555555556,-1440,1440,60,ok,-1403,False,1439,0.8388398319101305,534.2338352144852,306.8975677553857,1561.2159999999992,0.3361214363739328,48.22989604478306,False,actual_transpose_plus60_core,frozen_rule_based_v2,True,transpose_plus60_core,source_and_mapped_target_w_status_both_endpoints,finite mapped W/Wh pairs requiring the released W-status observation proxy at both endpoints on both the source W timestamps and mapped-target Wh timestamps; W status is not proof of Wh ground truth,60,1375,0.999999979165661,0.13233566137941294,0.08756363636363576,0.20000000000004547,True,1438,0.8017171813032555,False,1376,0.7755132255570595,False,1436,0.7805917647969063,False,1375,0.999999979165661,True,1435,0.9999999797354586,True
2020-06-08,Consumption,1439,-0.07224535446068721,1390.463267648462,687.0699096594858,5412.059999999999,0.0,-0.03771157806605733,477.70179164440555,False,1439,1,0.9993055555555556,-1440,1440,60,ok,-600,False,1439,0.4509086977055681,1094.1732385674677,504.19999999999993,4363.167999999997,0.21458803593737513,238.26698541838218,False,actual_transpose_plus60_core,frozen_rule_based_v2,True,transpose_plus60_core,source_and_mapped_target_w_status_both_endpoints,finite mapped W/Wh pairs requiring the released W-status observation proxy at both endpoints on both the source W timestamps and mapped-target Wh timestamps; W status is not proof of Wh ground truth,60,1375,0.9999999907524215,0.1642171511361502,0.13483636363636595,0.20000000000027285,True,1438,-0.07233648538299103,False,1376,0.00555017471420255,False,1436,0.004300468749359871,False,1375,0.9999999907524215,True,1435,0.999997012745491,True
2020-06-09,Production,1438,0.9999998820970115,0.11274794960034418,0.06356050069540968,0.20000000000004547,1.0,0.9999815249329496,-0.003146756407758744,True,0,1440,0.0,-1440,1440,60,ok,0,False,1438,0.9999998820970115,0.11274794960034418,0.06356050069540968,0.20000000000004547,0.9999815249329496,-0.003146756407758744,True,unaffected_same0,frozen_rule_based_v2,False,same_date_0,source_and_mapped_target_w_status_both_endpoints,finite mapped W/Wh pairs requiring the released W-status observation proxy at both endpoints on both the source W timestamps and mapped-target Wh timestamps; W status is not proof of Wh ground truth,60,1437,0.9999998820738586,0.11278717310113079,0.06360473208072312,0.20000000000004547,True,1437,0.9999998820738586,True,1374,0.6585770992862492,False,1434,0.6628103893211759,False,1375,0.7561411841095221,False,1435,0.7594079009180822,False
2020-06-09,Consumption,1438,0.9999428863729095,12.18430441148181,0.45187760778859964,0.20000000000027285,0.9993045897079277,0.9998289424811742,0.47440171766891126,True,0,1440,0.0,-1440,1440,60,ok,0,False,1438,0.9999428863729095,12.18430441148181,0.45187760778859964,0.20000000000027285,0.9998289424811742,0.47440171766891126,True,unaffected_same0,frozen_rule_based_v2,False,same_date_0,source_and_mapped_target_w_status_both_endpoints,finite mapped W/Wh pairs requiring the released W-status observation proxy at both endpoints on both the source W timestamps and mapped-target Wh timestamps; W status is not proof of Wh ground truth,60,1437,0.9999999899557056,0.16167184991942368,0.1306889352818416,0.20000000000027285,True,1437,0.9999999899557056,True,1374,0.1441303273250535,False,1434,0.14657692840976566,False,1375,0.0614837778537718,False,1435,0.06399092309207424,False
2020-06-10,Production,1438,0.9999999103121797,0.10226910967035838,0.052294853963838955,0.20000000000004547,1.0,1.0000000155238236,-0.000836648888110858,True,0,1440,0.0,-1440,1440,60,ok,0,False,1438,0.9999999103121797,0.10226910967035838,0.052294853963838955,0.20000000000004547,1.0000000155238236,-0.000836648888110858,True,unaffected_same0,frozen_rule_based_v2,False,same_date_0,source_and_mapped_target_w_status_both_endpoints,finite mapped W/Wh pairs requiring the released W-status observation proxy at both endpoints on both the source W timestamps and mapped-target Wh timestamps; W status is not proof of Wh ground truth,60,1437,0.999999910291523,0.10230468772315507,0.05233124565066138,0.20000000000004547,True,1437,0.999999910291523,True,1374,0.5043077355727303,False,1434,0.5114989969844306,False,1375,0.7466761355399042,False,1435,0.7508436092124785,False
2020-06-10,Consumption,1438,0.999979185393568,8.018365567243631,0.347148817802508,0.20000000000027285,0.9993045897079277,0.9998661474159666,0.34792388436767396,True,0,1440,0.0,-1440,1440,60,ok,0,False,1438,0.999979185393568,8.018365567243631,0.347148817802508,0.20000000000027285,0.9998661474159666,0.34792388436767396,True,unaffected_same0,frozen_rule_based_v2,False,same_date_0,source_and_mapped_target_w_status_both_endpoints,finite mapped W/Wh pairs requiring the released W-status observation proxy at both endpoints on both the source W timestamps and mapped-target Wh timestamps; W status is not proof of Wh ground truth,60,1437,0.9999999912427135,0.164826304053703,0.13583855254001842,0.20000000000027285,True,1437,0.9999999912427135,True,1374,0.2487377706577209,False,1434,0.2607631660341683,False,1375,0.17721059251814714,False,1435,0.18820012391424576,False
2020-06-11,Production,1438,0.999986764205844,0.6406055897022123,0.06578581363004214,0.20000000000004547,0.9993045897079277,0.999965908759111,0.01663024320402684,True,0,1440,0.0,-1440,1440,60,ok,0,False,1438,0.999986764205844,0.6406055897022123,0.06578581363004214,0.20000000000004547,0.999965908759111,0.01663024320402684,True,unaffected_same0,frozen_rule_based_v2,False,same_date_0,source_and_mapped_target_w_status_both_endpoints,finite mapped W/Wh pairs requiring the released W-status observation proxy at both endpoints on both the source W timestamps and mapped-target Wh timestamps; W status is not proof of Wh ground truth,60,1437,0.9999996834037533,0.0991263155977293,0.049130132219902985,0.20000000000004547,True,1437,0.9999996834037533,True,1374,0.5948405403687571,False,1434,0.5988880813249383,False,1376,0.5567674615530139,False,1436,0.5629045667648629,False
2020-06-11,Consumption,1438,0.999940391127416,11.498734283614604,0.4340751043115421,0.20000000000027285,0.9993045897079277,0.9998740675821117,0.3822004033701205,True,0,1440,0.0,-1440,1440,60,ok,0,False,1438,0.999940391127416,11.498734283614604,0.4340751043115421,0.20000000000027285,0.9998740675821117,0.3822004033701205,True,unaffected_same0,frozen_rule_based_v2,False,same_date_0,source_and_mapped_target_w_status_both_endpoints,finite mapped W/Wh pairs requiring the released W-status observation proxy at both endpoints on both the source W timestamps and mapped-target Wh timestamps; W status is not proof of Wh ground truth,60,1437,0.9999999882380501,0.16184393283127105,0.13096729297146667,0.20000000000027285,True,1437,0.9999999882380501,True,1374,0.21468072948619116,False,1434,0.21963964523974228,False,1376,-0.02201759982903305,False,1436,-0.014031410572741886,False
2020-06-12,Production,1439,0.9999995894690088,0.09387052132671207,0.04405837387074359,0.20000000000001705,1.0,1.0000404013385544,-0.0026831557964328567,True,0,1440,0.0,-1440,1440,60,ok,0,False,1439,0.9999995894690088,0.09387052132671207,0.04405837387074359,0.20000000000001705,1.0000404013385544,-0.0026831557964328567,True,unaffected_same0,frozen_rule_based_v2,False,same_date_0,source_and_mapped_target_w_status_both_endpoints,finite mapped W/Wh pairs requiring the released W-status observation proxy at both endpoints on both the source W timestamps and mapped-target Wh timestamps; W status is not proof of Wh ground truth,60,1438,0.9999995894046777,0.09390315491759073,0.044089012517385284,0.20000000000001705,True,1438,0.9999995894046777,True,1376,0.6303333974327993,False,1436,0.6337134994542175,False,1375,0.5459005652600962,False,1435,0.5515206037194871,False
2020-06-12,Consumption,1439,0.9999928492492987,3.541510025286923,0.22779708130646437,0.20000000000027285,0.9993050729673384,0.9999680960734545,0.10979085439646497,True,0,1440,0.0,-1440,1440,60,ok,0,False,1439,0.9999928492492987,3.541510025286923,0.22779708130646437,0.20000000000027285,0.9999680960734545,0.10979085439646497,True,unaffected_same0,frozen_rule_based_v2,False,same_date_0,source_and_mapped_target_w_status_both_endpoints,finite mapped W/Wh pairs requiring the released W-status observation proxy at both endpoints on both the source W timestamps and mapped-target Wh timestamps; W status is not proof of Wh ground truth,60,1438,0.9999999846506052,0.16409231093820592,0.13463143254520324,0.20000000000027285,True,1438,0.9999999846506052,True,1376,0.03577926462305078,False,1436,0.035022209711584575,False,1375,-0.013870459303066112,False,1435,-0.01306879572293506,False
2020-06-13,Production,1440,0.7585695209034022,196.46104179822638,96.88277777777776,781.1279999999996,0.4236111111111111,0.7585689665315011,43.42905890521425,False,1440,0,1.0,-1440,1440,60,ok,60,False,1440,0.9999999107989185,0.11948965552623385,0.07138888888888968,0.20000000000004547,0.9999991799867296,0.0043141580119083756,True,same_date_plus60_core,frozen_rule_based_v2,True,same_date_plus60_core,source_and_mapped_target_w_status_both_endpoints,finite mapped W/Wh pairs requiring the released W-status observation proxy at both endpoints on both the source W timestamps and mapped-target Wh timestamps; W status is not proof of Wh ground truth,60,1380,0.999999909206321,0.1220596195497837,0.07449275362318923,0.20000000000004547,True,1440,0.7585695209034022,False,1380,0.999999909206321,True,1440,0.9999999107989185,True,0,,False,0,,False
2020-06-13,Consumption,1440,0.03676752852574929,1565.2331601607045,917.5516666666666,5392.215999999993,0.002777777777777778,0.036766262969224014,760.0386642702377,False,1440,0,1.0,-1440,1440,60,ok,60,False,1440,0.9999999897167076,0.16176114078067919,0.13083333333333408,0.20000000000027285,1.0000018072319359,0.0010741429484824039,True,same_date_plus60_core,frozen_rule_based_v2,True,same_date_plus60_core,source_and_mapped_target_w_status_both_endpoints,finite mapped W/Wh pairs requiring the released W-status observation proxy at both endpoints on both the source W timestamps and mapped-target Wh timestamps; W status is not proof of Wh ground truth,60,1380,0.9999999900415057,0.16160427602320934,0.13057971014492847,0.20000000000027285,True,1440,0.03676752852574929,False,1380,0.9999999900415057,True,1440,0.9999999897167076,True,0,,False,0,,False
2020-06-14,Production,1439,0.6436258206023904,481.60518208455966,274.42251563585825,1672.3879999999992,0.33773453787352326,0.643629141387381,157.2330102587166,False,1439,1,0.9993055555555556,-1440,1440,60,ok,60,False,1439,0.9999999751575263,0.12719237917564444,0.08088950660180612,0.20000000000004547,1.0000051346536212,-0.0030993651490689444,True,same_date_plus60_core,frozen_rule_based_v2,True,same_date_plus60_core,source_and_mapped_target_w_status_both_endpoints,finite mapped W/Wh pairs requiring the released W-status observation proxy at both endpoints on both the source W timestamps and mapped-target Wh timestamps; W status is not proof of Wh ground truth,60,1376,0.9999999744586971,0.13007153666795174,0.08459302325581324,0.20000000000004547,True,1438,0.6434775111455703,False,1376,0.9999999744586971,True,1436,0.9999999751264737,True,0,,False,0,,False
2020-06-14,Consumption,1439,0.018000041787747747,1633.8700206986705,1030.564489228631,5274.631999999999,0.0020847810979847115,0.01802177282209674,840.040185070073,False,1439,1,0.9993055555555556,-1440,1440,60,ok,60,False,1439,0.9999957354776393,3.404379307768236,0.2172341904100053,0.20000000000027285,0.9999553500135224,0.1337921041726986,True,same_date_plus60_core,frozen_rule_based_v2,True,same_date_plus60_core,source_and_mapped_target_w_status_both_endpoints,finite mapped W/Wh pairs requiring the released W-status observation proxy at both endpoints on both the source W timestamps and mapped-target Wh timestamps; W status is not proof of Wh ground truth,60,1376,0.9999999908951532,0.15994184989813134,0.12790697674418453,0.20000000000027285,True,1438,0.01777748661755822,False,1376,0.9999999908951532,True,1436,0.9999999906356715,True,0,,False,0,,False
2020-06-15,Production,1439,0.7695280472188109,431.14217484146997,250.80917303683114,1234.9079999999997,0.3613620569840167,0.7695300160380362,110.19910899524888,False,1439,1,0.9993055555555556,-1440,1440,60,ok,60,False,1439,0.9999999797266129,0.12795499556291823,0.08186240444753366,0.20000000000004547,0.99999909254132,-0.004152587944759034,True,same_date_plus60_core,frozen_rule_based_v2,True,same_date_plus60_core,source_and_mapped_target_w_status_both_endpoints,finite mapped W/Wh pairs requiring the released W-status observation proxy at both endpoints on both the source W timestamps and mapped-target Wh timestamps; W status is not proof of Wh ground truth,60,1376,0.9999999792244743,0.13074028933658427,0.08546511627907045,0.20000000000004547,True,1438,0.7694371360390758,False,1376,0.9999999792244743,True,1436,0.9999999797387404,True,0,,False,0,,False
2020-06-15,Consumption,1439,0.032692625207780955,941.7303796875234,507.84468380820016,2731.4199999999996,0.020847810979847115,0.0326217107180249,480.9061569497377,False,1439,1,0.9993055555555556,-1440,1440,60,ok,60,False,1439,0.9999682720633718,5.401297041357609,0.2756080611535807,0.20000000000027285,0.9999063657848655,0.19507132309689723,True,same_date_plus60_core,frozen_rule_based_v2,True,same_date_plus60_core,source_and_mapped_target_w_status_both_endpoints,finite mapped W/Wh pairs requiring the released W-status observation proxy at both endpoints on both the source W timestamps and mapped-target Wh timestamps; W status is not proof of Wh ground truth,60,1376,0.9999999720208268,0.16326964428266036,0.1332848837209321,0.20000000000027285,True,1438,0.03255280649067413,False,1376,0.9999999720208268,True,1436,0.999999971088801,True,0,,False,0,,False
2020-06-16,Production,1438,0.6102578982932902,468.3595630262759,270.3048678720445,1523.5779999999997,0.3581363004172462,0.6102649174428996,151.38775149751334,False,1438,2,0.9986111111111111,-1440,1440,60,ok,60,False,1438,0.9999999716102567,0.12657903905997558,0.08011126564673349,0.20000000000004547,1.000011473549731,-0.001953207115434452,True,same_date_plus60_core,frozen_rule_based_v2,True,same_date_plus60_core,source_and_mapped_target_w_status_both_endpoints,finite mapped W/Wh pairs requiring the released W-status observation proxy at both endpoints on both the source W timestamps and mapped-target Wh timestamps; W status is not proof of Wh ground truth,60,1374,0.9999999708834516,0.12949347069240827,0.08384279475982732,0.20000000000004547,True,1437,0.6101124321034782,False,1374,0.9999999708834516,True,1434,0.9999999715677523,True,0,,False,0,,False
2020-06-16,Consumption,1438,-0.008944310068243,1263.202125282608,693.6696801112657,3904.3699999999926,0.011126564673157162,-0.008962752960946676,601.2779865307268,False,1438,2,0.9986111111111111,-1440,1440,60,ok,60,False,1438,0.9999786714889217,5.803837874639877,0.2863699582753845,0.20000000000027285,0.9999103391327411,0.1997247751771738,True,same_date_plus60_core,frozen_rule_based_v2,True,same_date_plus60_core,source_and_mapped_target_w_status_both_endpoints,finite mapped W/Wh pairs requiring the released W-status observation proxy at both endpoints on both the source W timestamps and mapped-target Wh timestamps; W status is not proof of Wh ground truth,60,1374,0.9999999837485442,0.16356650913683068,0.13377001455604304,0.20000000000027285,True,1437,-0.009107962635075491,False,1374,0.9999999837485442,True,1434,0.9999999831925095,True,0,,False,0,,False
2020-06-17,Production,1439,0.9278522242276239,290.06607159918104,179.94384989576093,1085.8599999999954,0.33842946490618486,0.9278534191018251,47.1588869980892,False,1439,1,0.9993055555555556,-1440,1440,60,ok,60,False,1439,0.9999999862004433,0.1268641402305715,0.08047255038221286,0.20000000000027285,0.9999989422445814,0.0016643199996906333,True,same_date_plus60_core,frozen_rule_based_v2,True,same_date_plus60_core,source_and_mapped_target_w_status_both_endpoints,finite mapped W/Wh pairs requiring the released W-status observation proxy at both endpoints on both the source W timestamps and mapped-target Wh timestamps; W status is not proof of Wh ground truth,60,1376,0.9999999857215746,0.12973586762664113,0.08415697674418918,0.20000000000027285,True,1438,0.9278154401536276,False,1376,0.9999999857215746,True,1436,0.9999999861792873,True,0,,False,0,,False
2020-06-17,Consumption,1439,0.2019248351422396,1027.95242150384,466.8062543432939,4077.1479999999992,0.010423905489923557,0.2016269155744466,392.4219696333574,False,1439,1,0.9993055555555556,-1440,1440,60,ok,60,False,1439,0.9999932695731221,2.9885442615654285,0.21084086170951938,0.20000000000027285,0.9999543395611251,0.10185293328106582,True,same_date_plus60_core,frozen_rule_based_v2,True,same_date_plus60_core,source_and_mapped_target_w_status_both_endpoints,finite mapped W/Wh pairs requiring the released W-status observation proxy at both endpoints on both the source W timestamps and mapped-target Wh timestamps; W status is not proof of Wh ground truth,60,1376,0.9999999808333423,0.16255589378626217,0.13212209302325462,0.20000000000027285,True,1438,0.20184331516914286,False,1376,0.9999999808333423,True,1436,0.9999999801015013,True,0,,False,0,,False
2020-06-18,Production,1439,0.9177018662969317,296.29148795972367,167.6714384989576,1141.4199999999998,0.3231410701876303,0.9177014077219456,50.135284406796586,False,1439,1,0.9993055555555556,-1440,1440,60,ok,60,False,1439,0.9999999843656158,0.12914429443021572,0.08339124391939014,0.20000000000004547,1.0000004333868315,-0.0010979263360013647,True,same_date_plus60_core,frozen_rule_based_v2,True,same_date_plus60_core,source_and_mapped_target_w_status_both_endpoints,finite mapped W/Wh pairs requiring the released W-status observation proxy at both endpoints on both the source W timestamps and mapped-target Wh timestamps; W status is not proof of Wh ground truth,60,1376,0.999999983877902,0.13195753369048316,0.08706395348837385,0.20000000000004547,True,1438,0.9176620257697269,False,1376,0.999999983877902,True,1436,0.9999999843428571,True,0,,False,0,,False
2020-06-18,Consumption,1439,0.15999810285656316,1313.0857871199219,747.2109798471162,4487.151999999999,0.01667824878387769,0.15992245424516618,600.331923785287,False,1439,1,0.9993055555555556,-1440,1440,60,ok,60,False,1439,0.9999843264728131,5.675405652983827,0.28672689367616816,0.20000000000027285,0.9999262017789713,0.200409774859736,True,same_date_plus60_core,frozen_rule_based_v2,True,same_date_plus60_core,source_and_mapped_target_w_status_both_endpoints,finite mapped W/Wh pairs requiring the released W-status observation proxy at both endpoints on both the source W timestamps and mapped-target Wh timestamps; W status is not proof of Wh ground truth,60,1376,0.9999999870064539,0.1660064442570989,0.13779069767442312,0.20000000000027285,True,1438,0.1598629265741452,False,1376,0.9999999870064539,True,1436,0.9999999866496391,True,0,,False,0,,False
2020-06-19,Production,1439,0.41499186261718285,531.0481960671862,292.7831827658096,1811.2599999999932,0.35302293259207784,0.4149865462060127,200.04266864593447,False,1439,1,0.9993055555555556,-1440,1440,60,ok,60,False,1439,0.9999999655098528,0.12914429443021408,0.08339124391938897,0.20000000000004547,0.9999889245345318,-0.000938233396823307,True,same_date_plus60_core,frozen_rule_based_v2,True,same_date_plus60_core,source_and_mapped_target_w_status_both_endpoints,finite mapped W/Wh pairs requiring the released W-status observation proxy at both endpoints on both the source W timestamps and mapped-target Wh timestamps; W status is not proof of Wh ground truth,60,1376,0.9999999647264822,0.13206763594884408,0.08720930232558194,0.20000000000004547,True,1438,0.4147944395793793,False,1376,0.9999999647264822,True,1436,0.9999999654748725,True,0,,False,0,,False
2020-06-19,Consumption,1439,0.11601274308953102,1151.2232076245919,650.2029186935371,3477.4799999999987,0.0236275191104934,0.11618114437522334,537.5981097615248,False,1439,1,0.9993055555555556,-1440,1440,60,ok,60,False,1439,0.9999947920879708,2.7936640315782895,0.20250173731758195,0.20000000000027285,0.9999407221327364,0.11502729223070673,True,same_date_plus60_core,frozen_rule_based_v2,True,same_date_plus60_core,source_and_mapped_target_w_status_both_endpoints,finite mapped W/Wh pairs requiring the released W-status observation proxy at both endpoints on both the source W timestamps and mapped-target Wh timestamps; W status is not proof of Wh ground truth,60,1376,0.9999999834127883,0.16084804326834626,0.1293604651162793,0.20000000000027285,True,1438,0.11581109511206474,False,1376,0.9999999834127883,True,1436,0.9999999828635728,True,0,,False,0,,False
2020-06-20,Production,1439,0.8319788876706803,405.1347194494754,246.2189020152884,1365.7279999999985,0.32870048644892286,0.8319779579296962,98.8008527116624,False,1439,1,0.9993055555555556,-1440,1440,60,ok,60,False,1439,0.9999999832413862,0.1279549955629179,0.08186240444753355,0.20000000000027285,0.9999988657359032,0.001639864840512928,True,same_date_plus60_core,frozen_rule_based_v2,True,same_date_plus60_core,source_and_mapped_target_w_status_both_endpoints,finite mapped W/Wh pairs requiring the released W-status observation proxy at both endpoints on both the source W timestamps and mapped-target Wh timestamps; W status is not proof of Wh ground truth,60,1376,0.999999982680152,0.130851415824421,0.08561046511627964,0.20000000000027285,True,1438,0.8318961325688116,False,1376,0.999999982680152,True,1436,0.999999983216569,True,0,,False,0,,False
2020-06-20,Consumption,1439,-0.06100559962629923,1523.526600856162,943.6867268936761,4384.579999999999,0.011118832522585128,-0.06100054094927618,810.2795603530244,False,1439,1,0.9993055555555556,-1440,1440,60,ok,60,False,1439,0.9999942737154106,3.541329495185062,0.2214037526059766,0.20000000000027285,0.9999365872343962,0.14751384985061122,True,same_date_plus60_core,frozen_rule_based_v2,True,same_date_plus60_core,source_and_mapped_target_w_status_both_endpoints,finite mapped W/Wh pairs requiring the released W-status observation proxy at both endpoints on both the source W timestamps and mapped-target Wh timestamps; W status is not proof of Wh ground truth,60,1376,0.9999999886743751,0.1604861799454642,0.12877906976744194,0.20000000000027285,True,1438,-0.06122572565555539,False,1376,0.9999999886743751,True,1436,0.9999999883418558,True,0,,False,0,,False
2020-06-21,Production,1439,0.6627941886882981,437.42695852504943,257.1373175816539,1425.1839999999986,0.3425990271021543,0.6627948313238754,136.67483766458486,False,1439,1,0.9993055555555556,-1440,1440,60,ok,60,False,1439,0.9999999707591938,0.12882102910611717,0.08297428769979416,0.20000000000004547,1.0000009403445784,0.001147706509186719,True,same_date_plus60_core,frozen_rule_based_v2,True,same_date_plus60_core,source_and_mapped_target_w_status_both_endpoints,finite mapped W/Wh pairs requiring the released W-status observation proxy at both endpoints on both the source W timestamps and mapped-target Wh timestamps; W status is not proof of Wh ground truth,60,1376,0.9999999699630098,0.13173705311259817,0.08677325581395624,0.20000000000004547,True,1438,0.662658355580389,False,1376,0.9999999699630098,True,1436,0.999999970723783,True,0,,False,0,,False
2020-06-21,Consumption,1439,0.04144517357193754,1537.5346648159746,827.0086865879083,4923.719999999999,0.0118137595552467,0.04149833483034833,695.8602748191577,False,1439,1,0.9993055555555556,-1440,1440,60,ok,60,False,1439,0.9999832312746788,6.428982326897102,0.30159833217512305,0.20000000000027285,0.999929914752288,0.21931275328222455,True,same_date_plus60_core,frozen_rule_based_v2,True,same_date_plus60_core,source_and_mapped_target_w_status_both_endpoints,finite mapped W/Wh pairs requiring the released W-status observation proxy at both endpoints on both the source W timestamps and mapped-target Wh timestamps; W status is not proof of Wh ground truth,60,1376,0.999999989684214,0.16255589378626484,0.13212209302325728,0.20000000000027285,True,1438,0.04129554006510823,False,1376,0.999999989684214,True,1436,0.9999999892790877,True,0,,False,0,,False
2020-06-22,Production,1439,0.7820188961387375,248.2904575840776,123.80097289784575,1040.82,0.3940236275191105,0.7820208094304218,53.56622130201478,False,1439,1,0.9993055555555556,-1440,1440,60,ok,60,False,1439,0.9999999437433739,0.12631517988709653,0.07977762334954829,0.20000000000004547,1.000002390348675,-0.0072587771186931604,True,same_date_plus60_core,frozen_rule_based_v2,True,same_date_plus60_core,source_and_mapped_target_w_status_both_endpoints,finite mapped W/Wh pairs requiring the released W-status observation proxy at both endpoints on both the source W timestamps and mapped-target Wh timestamps; W status is not proof of Wh ground truth,60,1376,0.9999999426301351,0.12917448088391065,0.08343023255813953,0.20000000000004547,True,1438,0.781954127301274,False,1376,0.9999999426301351,True,1436,0.9999999436935235,True,0,,False,0,,False
2020-06-22,Consumption,1439,0.14611497847840693,972.9760420098872,466.59409312022234,4062.1159999999954,0.015288394718554551,0.14597738395819815,503.06413735795684,False,1439,1,0.9993055555555556,-1440,1440,60,ok,60,False,1439,0.9998988487955913,10.598539241396649,0.4095899930507298,0.20000000000027285,0.9999077583254677,0.3349958190913185,True,same_date_plus60_core,frozen_rule_based_v2,True,same_date_plus60_core,source_and_mapped_target_w_status_both_endpoints,finite mapped W/Wh pairs requiring the released W-status observation proxy at both endpoints on both the source W timestamps and mapped-target Wh timestamps; W status is not proof of Wh ground truth,60,1376,0.9999999772178649,0.16201851746019608,0.13125,0.20000000000027285,True,1438,0.14606455665758464,False,1376,0.9999999772178649,True,1436,0.9999999765762863,True,0,,False,0,,False
2020-06-23,Production,1439,0.5931769974930512,180.2185377869241,95.5445448227936,720.3639999999998,0.44683808200138986,0.5931607215793413,54.53104020921131,False,1439,1,0.9993055555555556,-1440,1440,60,ok,60,False,1439,0.9999998329129681,0.11563042898998775,0.06685198054204325,0.20000000000004547,0.9999723943726012,0.002727311340038341,True,same_date_plus60_core,frozen_rule_based_v2,True,same_date_plus60_core,source_and_mapped_target_w_status_both_endpoints,finite mapped W/Wh pairs requiring the released W-status observation proxy at both endpoints on both the source W timestamps and mapped-target Wh timestamps; W status is not proof of Wh ground truth,60,1376,0.9999998294017527,0.11824786737837965,0.0699127906976746,0.20000000000004547,True,1438,0.5930496256897879,False,1376,0.9999998294017527,True,1436,0.9999998327559065,True,0,,False,0,,False
2020-06-23,Consumption,1439,0.10722573966539524,1230.1529244218038,562.5443363446839,5070.867999999999,0.015983321751216122,0.10730848208341671,562.8262135989208,False,1439,1,0.9993055555555556,-1440,1440,60,ok,60,False,1439,0.9999915763818872,3.7785319481398165,0.23432939541348263,0.20000000000027285,0.9999435414901316,0.12967346051186723,True,same_date_plus60_core,frozen_rule_based_v2,True,same_date_plus60_core,source_and_mapped_target_w_status_both_endpoints,finite mapped W/Wh pairs requiring the released W-status observation proxy at both endpoints on both the source W timestamps and mapped-target Wh timestamps; W status is not proof of Wh ground truth,60,1376,0.9999999847219101,0.16424598681869407,0.13488372093023385,0.20000000000027285,True,1438,0.10709196487458313,False,1376,0.9999999847219101,True,1436,0.9999999841099274,True,0,,False,0,,False
2020-06-24,Production,1439,0.8225410741587666,373.3048579514043,216.18346073662266,1124.1759999999995,0.35858234885337037,0.8225422845208468,89.01899875413767,False,1439,1,0.9993055555555556,-1440,1440,60,ok,60,False,1439,0.9999999798955311,0.12565326172475746,0.07894371091035356,0.20000000000004547,1.0000014513868567,-0.0010060395131858968,True,same_date_plus60_core,frozen_rule_based_v2,True,same_date_plus60_core,source_and_mapped_target_w_status_both_endpoints,finite mapped W/Wh pairs requiring the released W-status observation proxy at both endpoints on both the source W timestamps and mapped-target Wh timestamps; W status is not proof of Wh ground truth,60,1376,0.9999999792878423,0.1284975793817776,0.08255813953488284,0.20000000000004547,True,1438,0.8224619496128424,False,1376,0.9999999792878423,True,1436,0.9999999798685811,True,0,,False,0,,False
2020-06-24,Consumption,1439,-0.04956241499118922,1633.9090796649414,1050.7168867268938,4521.903999999998,0.008339124391938846,-0.049504605700337156,956.5192305800433,False,1439,1,0.9993055555555556,-1440,1440,60,ok,60,False,1439,0.9999646477574542,9.491538970169044,0.3840166782487865,0.20000000000027285,0.9998958859270141,0.3457755415471411,True,same_date_plus60_core,frozen_rule_based_v2,True,same_date_plus60_core,source_and_mapped_target_w_status_both_endpoints,finite mapped W/Wh pairs requiring the released W-status observation proxy at both endpoints on both the source W timestamps and mapped-target Wh timestamps; W status is not proof of Wh ground truth,60,1376,0.9999999898356409,0.16344759490145566,0.13357558139535164,0.20000000000027285,True,1438,-0.04973939593015585,False,1376,0.9999999898356409,True,1436,0.9999999895012398,True,0,,False,0,,False
2020-06-25,Production,1439,0.8920318235963519,317.4118068402816,176.9011813759555,1085.6679999999997,0.35510771369006255,0.892038807925715,59.337250393367015,False,1439,1,0.9993055555555556,-1440,1440,60,ok,60,False,1439,0.9999999825157512,0.12784632888041828,0.08172341904100076,0.20000000000004547,1.000007812201931,-0.003459742146219469,True,same_date_plus60_core,frozen_rule_based_v2,True,same_date_plus60_core,source_and_mapped_target_w_status_both_endpoints,finite mapped W/Wh pairs requiring the released W-status observation proxy at both endpoints on both the source W timestamps and mapped-target Wh timestamps; W status is not proof of Wh ground truth,60,1376,0.9999999819822784,0.1307402893365847,0.08546511627906984,0.20000000000004547,True,1438,0.8919831918342009,False,1376,0.9999999819822784,True,1436,0.9999999824921006,True,0,,False,0,,False
2020-06-25,Consumption,1439,0.10764279939343455,1036.619900719859,504.7057678943711,4185.771999999998,0.022237665045170257,0.10763447277378964,438.09477180185036,False,1439,1,0.9993055555555556,-1440,1440,60,ok,60,False,1439,0.9999899298014988,3.483590042333309,0.22668519805420367,0.20000000000027285,0.9999512648571625,0.11022422801931953,True,same_date_plus60_core,frozen_rule_based_v2,True,same_date_plus60_core,source_and_mapped_target_w_status_both_endpoints,finite mapped W/Wh pairs requiring the released W-status observation proxy at both endpoints on both the source W timestamps and mapped-target Wh timestamps; W status is not proof of Wh ground truth,60,1376,0.9999999785135208,0.1643344575963546,0.1350290697674411,0.20000000000027285,True,1438,0.10756532356075595,False,1376,0.9999999785135208,True,1436,0.9999999776674795,True,0,,False,0,,False
2020-06-26,Production,1438,0.8558169418691232,328.041728037451,194.6121696801113,1136.4259999999988,0.3240611961057024,0.8557618720363157,66.8027791669067,False,1438,2,0.9986111111111111,-1440,1440,60,ok,60,False,1438,0.9999981587569104,1.1729330353537666,0.11668984700973567,0.20000000000004547,0.9999659108921327,0.049292503241986196,True,same_date_plus60_core,frozen_rule_based_v2,True,same_date_plus60_core,source_and_mapped_target_w_status_both_endpoints,finite mapped W/Wh pairs requiring the released W-status observation proxy at both endpoints on both the source W timestamps and mapped-target Wh timestamps; W status is not proof of Wh ground truth,60,1372,0.9999999763677835,0.13412061061753208,0.08994169096209904,0.20000000000004547,True,1436,0.8557086583341729,False,1372,0.9999999763677835,True,1432,0.9999999769254502,True,0,,False,0,,False
2020-06-26,Consumption,1438,0.1022457461036259,1323.5350912464614,719.2461752433937,4461.09,0.006258692628650904,0.1027537407881333,626.5872821873828,False,1438,2,0.9986111111111111,-1440,1440,60,ok,60,False,1438,0.998429680378307,55.45392955597367,1.7082058414464592,0.20000000000027285,1.0020510328044399,0.14941969991468795,True,same_date_plus60_core,frozen_rule_based_v2,True,same_date_plus60_core,source_and_mapped_target_w_status_both_endpoints,finite mapped W/Wh pairs requiring the released W-status observation proxy at both endpoints on both the source W timestamps and mapped-target Wh timestamps; W status is not proof of Wh ground truth,60,1372,0.9999999868290756,0.1629716747286175,0.13279883381924765,0.20000000000027285,True,1436,0.1025724489552764,False,1372,0.9999999868290756,True,1432,0.9999999862314574,True,0,,False,0,,False
2020-06-27,Production,1439,0.8110492143344165,346.69951326009686,211.97109103544125,1088.4639999999993,0.36622654621264766,0.8110499112146521,88.02097242178564,False,1439,1,0.9993055555555556,-1440,1440,60,ok,60,False,1439,0.999999974235977,0.12806357003774904,0.0820013898540666,0.20000000000004547,1.0000056934386246,-0.002930124080933183,True,same_date_plus60_core,frozen_rule_based_v2,True,same_date_plus60_core,source_and_mapped_target_w_status_both_endpoints,finite mapped W/Wh pairs requiring the released W-status observation proxy at both endpoints on both the source W timestamps and mapped-target Wh timestamps; W status is not proof of Wh ground truth,60,1376,0.9999999734059563,0.13096244801735377,0.08575581395348972,0.20000000000004547,True,1438,0.8109595295149846,False,1376,0.9999999734059563,True,1436,0.9999999741992331,True,0,,False,0,,False
2020-06-27,Consumption,1439,0.2060702365361835,801.0197978707886,321.57567755385685,3224.0399999999954,0.020847810979847115,0.20601073385155305,300.9502364104353,False,1439,1,0.9993055555555556,-1440,1440,60,ok,60,False,1439,0.9999861569818949,3.346602729077392,0.22084781097984907,0.20000000000027285,0.9999527309717445,0.11222413327368486,True,same_date_plus60_core,frozen_rule_based_v2,True,same_date_plus60_core,source_and_mapped_target_w_status_both_endpoints,finite mapped W/Wh pairs requiring the released W-status observation proxy at both endpoints on both the source W timestamps and mapped-target Wh timestamps; W status is not proof of Wh ground truth,60,1376,0.9999999686334601,0.16282391687641437,0.13255813953488574,0.20000000000027285,True,1438,0.2059884040156522,False,1376,0.9999999686334601,True,1436,0.999999967297247,True,0,,False,0,,False
2020-06-28,Production,1439,0.9360201327125581,255.89077874413945,167.47199444058376,788.3479999999984,0.29812369701181374,0.936283828503467,38.81325016633116,False,1439,1,0.9993055555555556,-1440,1440,60,ok,60,False,1439,0.9999999835634475,0.13021604969028472,0.08478109798471455,0.20000000000004547,1.000016225737421,-0.007996048514769427,True,same_date_plus60_core,frozen_rule_based_v2,True,same_date_plus60_core,source_and_mapped_target_w_status_both_endpoints,finite mapped W/Wh pairs requiring the released W-status observation proxy at both endpoints on both the source W timestamps and mapped-target Wh timestamps; W status is not proof of Wh ground truth,60,1376,0.9999999832511862,0.132177646493492,0.08735465116279377,0.20000000000004547,True,1438,0.9359874864528004,False,1376,0.9999999832511862,True,1436,0.9999999835383414,True,0,,False,0,,False
2020-06-28,Consumption,1439,0.243842816091043,1564.9671753701741,834.6439193884642,6684.919999999998,0.022932592077831826,0.23922255059485953,609.206025912391,False,1439,1,0.9993055555555556,-1440,1440,60,ok,60,False,1439,0.999992046367535,5.122013697994778,0.2689367616400325,0.20000000000027285,0.9999473821025031,0.1794915887562638,True,same_date_plus60_core,frozen_rule_based_v2,True,same_date_plus60_core,source_and_mapped_target_w_status_both_endpoints,finite mapped W/Wh pairs requiring the released W-status observation proxy at both endpoints on both the source W timestamps and mapped-target Wh timestamps; W status is not proof of Wh ground truth,60,1376,0.9999999918591495,0.1635364975976706,0.13372093023256165,0.20000000000027285,True,1438,0.2437074324906883,False,1376,0.9999999918591495,True,1436,0.9999999918720494,True,0,,False,0,,False
2020-06-29,Production,1439,0.4418200651046504,404.684780047661,209.2421125781793,1588.1599999999992,0.3460736622654621,0.4416494841701213,146.93396798622803,False,1439,1,0.9993055555555556,-1440,1440,60,ok,60,False,1439,0.9999999450889666,0.1269736474932822,0.08061153578874235,0.20000000000004547,0.9999939725063219,0.0013057395377131797,True,same_date_plus60_core,frozen_rule_based_v2,True,same_date_plus60_core,source_and_mapped_target_w_status_both_endpoints,finite mapped W/Wh pairs requiring the released W-status observation proxy at both endpoints on both the source W timestamps and mapped-target Wh timestamps; W status is not proof of Wh ground truth,60,1376,0.9999999438805315,0.12984785372226573,0.08430232558139553,0.20000000000004547,True,1438,0.44163717772842265,False,1376,0.9999999438805315,True,1436,0.9999999450349609,True,0,,False,0,,False
2020-06-29,Consumption,1439,0.066600747857918,1428.67558715847,794.9217512161223,4663.459999999996,0.029186935371785964,0.06919561044189057,727.1672128158729,False,1439,1,0.9993055555555556,-1440,1440,60,ok,60,False,1439,0.9987943018574038,50.477204619911795,1.4640722724113997,0.20000000000027285,1.0015160244224568,0.23897091364676726,True,same_date_plus60_core,frozen_rule_based_v2,True,same_date_plus60_core,source_and_mapped_target_w_status_both_endpoints,finite mapped W/Wh pairs requiring the released W-status observation proxy at both endpoints on both the source W timestamps and mapped-target Wh timestamps; W status is not proof of Wh ground truth,60,1376,0.9999999877028426,0.16362535199031514,0.13386627906977067,0.20000000000027285,True,1438,0.06706827647324196,False,1376,0.9999999877028426,True,1436,0.9999999873029548,True,0,,False,0,,False
2020-06-30,Production,1438,0.7386718806416089,363.02506486337035,202.0614742698192,1318.1299999999985,0.3560500695410292,0.7386799558265392,99.71113165271811,False,1438,2,0.9986111111111111,-1440,1440,60,ok,60,False,1438,0.9999999671141312,0.12897369571494227,0.08317107093185165,0.20000000000004547,1.0000108991461691,0.00029205589055436576,True,same_date_plus60_core,frozen_rule_based_v2,True,same_date_plus60_core,source_and_mapped_target_w_status_both_endpoints,finite mapped W/Wh pairs requiring the released W-status observation proxy at both endpoints on both the source W timestamps and mapped-target Wh timestamps; W status is not proof of Wh ground truth,60,1374,0.9999999662052869,0.1319432633569061,0.08704512372634837,0.20000000000004547,True,1437,0.7385668405822032,False,1374,0.9999999662052869,True,1434,0.9999999670610803,True,0,,False,0,,False
2020-06-30,Consumption,1438,0.16022763895223702,937.8352842379163,484.11849791376903,2749.4399999999896,0.009040333796940195,0.1597268110058102,472.33145124781595,False,1438,2,0.9986111111111111,-1440,1440,60,ok,60,False,1438,0.9566776933680787,218.4956233906989,30.692767732962455,1274.999999999993,0.9782258691858661,42.67538068274462,False,same_date_plus60_core,frozen_rule_based_v2,True,same_date_plus60_core,source_and_mapped_target_w_status_both_endpoints,finite mapped W/Wh pairs requiring the released W-status observation proxy at both endpoints on both the source W timestamps and mapped-target Wh timestamps; W status is not proof of Wh ground truth,60,1374,0.999999976006723,0.1614165820319498,0.1302765647743841,0.20000000000027285,True,1437,0.16002684984939838,False,1374,0.999999976006723,True,1434,0.9566864293167174,False,0,,False,0,,False
2020-07-01,Production,1438,0.999985373345841,0.09150267710045845,0.04186369958275383,0.20000000000000284,1.0,1.0004568127722693,-0.005452487454263633,True,0,1440,0.0,-1440,1440,60,ok,0,False,1438,0.999985373345841,0.09150267710045845,0.04186369958275383,0.20000000000000284,1.0004568127722693,-0.005452487454263633,True,unaffected_same0,frozen_rule_based_v2,False,same_date_0,source_and_mapped_target_w_status_both_endpoints,finite mapped W/Wh pairs requiring the released W-status observation proxy at both endpoints on both the source W timestamps and mapped-target Wh timestamps; W status is not proof of Wh ground truth,60,1437,0.9999853717453892,0.09153450965563971,0.041892832289492,0.20000000000000284,True,1437,0.9999853717453892,True,1374,0.19374638368160127,False,1434,0.19943067354207608,False,1377,0.37610873628531327,False,1433,0.3830751640099477,False
2020-07-01,Consumption,1438,0.9992010135164565,49.577059053788275,1.4406119610570243,0.20000000000027285,0.9993045897079277,0.999762453794368,1.5986913274184644,True,0,1440,0.0,-1440,1440,60,ok,0,False,1438,0.9992010135164565,49.577059053788275,1.4406119610570243,0.20000000000027285,0.999762453794368,1.5986913274184644,True,unaffected_same0,frozen_rule_based_v2,False,same_date_0,source_and_mapped_target_w_status_both_endpoints,finite mapped W/Wh pairs requiring the released W-status observation proxy at both endpoints on both the source W timestamps and mapped-target Wh timestamps; W status is not proof of Wh ground truth,60,1437,0.9999999913387744,0.16329931618554275,0.1333333333333338,0.20000000000027285,True,1437,0.9999999913387744,True,1374,0.0884722896695081,False,1434,0.08584514090073932,False,1377,0.08980849629447445,False,1433,0.08878281119143398,False
2020-07-02,Production,1438,0.4269967400112424,642.0986231814518,430.328511821975,1778.2599999999998,0.39221140472878996,0.04991174966243978,7.20025782525115,False,1438,2,0.9986111111111111,-1440,1440,60,ok,1339,False,1438,0.8127813127888563,351.9163619183024,230.87677329624478,929.5939999999996,0.8065765575699867,-88.24882390069394,False,actual_transpose_plus60_core,frozen_rule_based_v2,True,transpose_plus60_core,source_and_mapped_target_w_status_both_endpoints,finite mapped W/Wh pairs requiring the released W-status observation proxy at both endpoints on both the source W timestamps and mapped-target Wh timestamps; W status is not proof of Wh ground truth,60,1374,0.999999967576434,0.12733981860833038,0.08107714701601221,0.20000000000004547,True,1436,0.4272187539882078,False,1372,0.27944288406210294,False,1432,0.29353337917861355,False,1374,0.999999967576434,True,1434,0.9999999642481334,True
2020-07-02,Consumption,1438,0.39547748656243553,2019.7698298839198,1367.4861613351877,5886.0999999999985,0.0006954102920723226,0.9712009023345892,1228.0918574629395,False,1438,2,0.9986111111111111,-1440,1440,60,ok,2,False,1438,0.40898054184816224,2011.6268171337554,1358.7238525730181,5956.681999999988,1.004595284076444,1210.5112733979317,False,actual_transpose_plus60_core,frozen_rule_based_v2,True,transpose_plus60_core,source_and_mapped_target_w_status_both_endpoints,finite mapped W/Wh pairs requiring the released W-status observation proxy at both endpoints on both the source W timestamps and mapped-target Wh timestamps; W status is not proof of Wh ground truth,60,1374,0.9999999757204936,0.16213639198831098,0.13144104803493628,0.20000000000027285,True,1436,0.39555686774989973,False,1372,0.2914287994473147,False,1432,0.29788039981821124,False,1374,0.9999999757204936,True,1434,0.9887512913773655,False
2020-07-03,Production,1438,0.6032206844556696,522.1743792950889,308.8876216968011,1589.1859999999997,0.3623087621696801,0.5108803865144712,42.58213483303234,False,1438,2,0.9986111111111111,-1440,1440,60,ok,-120,False,1438,0.8074173258575398,393.17088397484787,231.83407510431155,1371.743999999999,0.6838204915841619,-38.826394625419255,False,actual_transpose_plus60_core,frozen_rule_based_v2,True,transpose_plus60_core,source_and_mapped_target_w_status_both_endpoints,finite mapped W/Wh pairs requiring the released W-status observation proxy at both endpoints on both the source W timestamps and mapped-target Wh timestamps; W status is not proof of Wh ground truth,60,1374,0.9999999743920005,0.13326053325510606,0.08879184861717705,0.20000000000004547,True,1436,0.6029888049169456,False,1372,0.5237775088344342,False,1432,0.5327797419152629,False,1374,0.9999999743920005,True,1434,0.9999979679357484,True
2020-07-03,Consumption,1438,0.1715810137198991,1754.8633409777667,1190.3219749652294,5914.933999999993,0.009735744089012517,0.18488501803505508,804.7591759500625,False,1438,2,0.9986111111111111,-1440,1440,60,ok,-9,False,1438,0.3091395726272155,1605.1904308624587,1091.043671766342,5243.619999999998,0.3339704353059561,654.4855899220809,False,actual_transpose_plus60_core,frozen_rule_based_v2,True,transpose_plus60_core,source_and_mapped_target_w_status_both_endpoints,finite mapped W/Wh pairs requiring the released W-status observation proxy at both endpoints on both the source W timestamps and mapped-target Wh timestamps; W status is not proof of Wh ground truth,60,1374,0.9999999922910826,0.1646309445073261,0.13551673944687156,0.20000000000027285,True,1436,0.17155176578955939,False,1372,0.16807350579263852,False,1432,0.16171728735424537,False,1374,0.9999999922910826,True,1434,0.9756035938088832,False
2020-07-04,Production,1438,0.6981070416195857,613.8198092888356,364.91043115438106,1608.8,0.3532684283727399,0.42402602222158053,-33.39555073803521,False,1438,2,0.9986111111111111,-1440,1440,60,ok,-1440,True,1438,0.7954637875403032,508.7401196820738,291.93963838664814,1491.2,0.5736935656718466,-44.93155456786042,False,actual_transpose_plus60_core,frozen_rule_based_v2,True,transpose_plus60_core,source_and_mapped_target_w_status_both_endpoints,finite mapped W/Wh pairs requiring the released W-status observation proxy at both endpoints on both the source W timestamps and mapped-target Wh timestamps; W status is not proof of Wh ground truth,60,1374,0.9999999812253572,0.13380556838564286,0.08951965065502351,0.20000000000004547,True,1437,0.6980459531235982,False,1374,0.5652072886684781,False,1434,0.5717806239191902,False,1374,0.9999999812253572,True,1434,0.9999999485987937,True
2020-07-04,Consumption,1438,0.05934638567527829,1277.0640744443638,696.5438108484005,4477.759999999998,0.0,0.03767315538438361,339.6362726437945,False,1438,2,0.9986111111111111,-1440,1440,60,ok,-1386,False,1438,0.3792313787870285,1427.74015857832,867.636578581363,4567.287999999998,0.5069615840688008,606.8459096986442,False,actual_transpose_plus60_core,frozen_rule_based_v2,True,transpose_plus60_core,source_and_mapped_target_w_status_both_endpoints,finite mapped W/Wh pairs requiring the released W-status observation proxy at both endpoints on both the source W timestamps and mapped-target Wh timestamps; W status is not proof of Wh ground truth,60,1374,0.999999988253689,0.1650724334858575,0.13624454148471593,0.20000000000027285,True,1437,0.059194584590319746,False,1374,0.16464826510528832,False,1434,0.16681293649699624,False,1374,0.999999988253689,True,1434,0.9998050069118488,True
2020-07-05,Production,1438,0.5044254746374869,547.2816469468349,311.28219749652294,1802.9459999999983,0.3678720445062587,0.29712022791090115,28.77745066721488,False,1438,2,0.9986111111111111,-1440,1440,60,ok,-106,False,1438,0.7555462674372794,461.1822420276103,285.58108484005567,1405.1859999999997,0.4450338432477186,-36.31905847686048,False,actual_transpose_plus60_core,frozen_rule_based_v2,True,transpose_plus60_core,source_and_mapped_target_w_status_both_endpoints,finite mapped W/Wh pairs requiring the released W-status observation proxy at both endpoints on both the source W timestamps and mapped-target Wh timestamps; W status is not proof of Wh ground truth,60,1373,0.9999999693337411,0.13526160889363895,0.09147851420247846,0.20000000000004547,True,1436,0.5043707901418033,False,1372,0.4026391389940548,False,1432,0.4123444400509334,False,1373,0.9999999693337411,True,1433,0.9999999702172893,True
2020-07-05,Consumption,1438,0.13726472724235542,1447.904777641893,866.2995827538247,4376.903999999995,0.0006954102920723226,0.19460245721552652,777.6104322829327,False,1438,2,0.9986111111111111,-1440,1440,60,ok,99,False,1438,0.3298820234131663,1293.0764051873714,726.3579972183588,4221.349999999988,0.4679889193792908,594.0884147848633,False,actual_transpose_plus60_core,frozen_rule_based_v2,True,transpose_plus60_core,source_and_mapped_target_w_status_both_endpoints,finite mapped W/Wh pairs requiring the released W-status observation proxy at both endpoints on both the source W timestamps and mapped-target Wh timestamps; W status is not proof of Wh ground truth,60,1373,0.9999999834805294,0.1623749448774695,0.13182811361980917,0.20000000000027285,True,1436,0.13860525306921503,False,1372,0.1755170902047732,False,1432,0.18581416492665495,False,1373,0.9999999834805294,True,1433,0.999897114794494,True
2020-07-06,Production,1439,0.6551010962031067,494.1480966588354,269.39944405837383,1670.048,0.3425990271021543,1.4398798457960966,124.00143848021384,False,1439,1,0.9993055555555556,-1440,1440,60,ok,1440,True,1439,0.7807167835034899,310.4296485055825,174.7152189020153,1047.0199999999988,1.3101538410489852,62.81879878859877,False,actual_transpose_plus60_core,frozen_rule_based_v2,True,transpose_plus60_core,source_and_mapped_target_w_status_both_endpoints,finite mapped W/Wh pairs requiring the released W-status observation proxy at both endpoints on both the source W timestamps and mapped-target Wh timestamps; W status is not proof of Wh ground truth,60,1376,0.999999880700238,0.1264451347147177,0.07994186046511612,0.20000000000004547,True,1438,0.6549435474750673,False,1376,0.7164514051575701,False,1436,0.724572927430646,False,1376,0.999999880700238,True,1436,0.9999998844872907,True
2020-07-06,Consumption,1439,0.01272230342599513,1516.52090702321,806.4752605976373,5092.631999999999,0.007644197359277276,0.02225159690220006,822.3464304583337,False,1439,1,0.9993055555555556,-1440,1440,60,ok,800,False,1439,0.5644956293871648,945.1922349599006,409.3684503127172,3610.899999999984,0.8610536187725769,275.62775012240405,False,actual_transpose_plus60_core,frozen_rule_based_v2,True,transpose_plus60_core,source_and_mapped_target_w_status_both_endpoints,finite mapped W/Wh pairs requiring the released W-status observation proxy at both endpoints on both the source W timestamps and mapped-target Wh timestamps; W status is not proof of Wh ground truth,60,1376,0.999999975315656,0.16477609896674264,0.13575581395348893,0.20000000000027285,True,1438,0.012617555239508487,False,1376,-0.0938728314554016,False,1436,-0.08743294816445084,False,1376,0.999999975315656,True,1436,0.9999138271266943,True
2020-07-07,Production,1440,0.8373256401102667,246.3864422338751,143.09986111111112,849.8119999999969,0.3541666666666667,0.8373296508167202,56.90926419810228,False,1440,0,1.0,-1440,1440,60,ok,60,False,1440,0.9999999560260543,0.1281275406252177,0.08208333333333413,0.20000000000004547,1.0000047459262853,-0.0001325120259139112,True,diagonal_identity_plus60_control,frozen_rule_based_v2,True,transpose_plus60_core,source_and_mapped_target_w_status_both_endpoints,finite mapped W/Wh pairs requiring the released W-status observation proxy at both endpoints on both the source W timestamps and mapped-target Wh timestamps; W status is not proof of Wh ground truth,60,1380,0.9999999547352051,0.13088328687272813,0.08565217391304432,0.20000000000004547,True,1440,0.8373256401102667,False,1380,0.9999999547352051,True,1440,0.9999999560260543,True,1380,0.9999999547352051,True,1440,0.9999999560260543,True
2020-07-07,Consumption,1440,0.45996126517640046,50.262643240835985,28.76208333333333,119.2,0.06666666666666667,0.4576616482043934,91.61192525297065,False,1440,0,1.0,-1440,1440,60,ok,60,False,1440,0.9765174625597572,10.665691361661569,2.2462499999999994,56.0,0.9609431108230646,4.49096344880229,False,diagonal_identity_plus60_control,frozen_rule_based_v2,True,transpose_plus60_core,source_and_mapped_target_w_status_both_endpoints,finite mapped W/Wh pairs requiring the released W-status observation proxy at both endpoints on both the source W timestamps and mapped-target Wh timestamps; W status is not proof of Wh ground truth,60,1380,0.999994538106484,0.1611552496593071,0.12985507246376807,0.20000000000001705,True,1440,0.45996126517640046,False,1380,0.999994538106484,True,1440,0.9765174625597572,False,1380,0.999994538106484,True,1440,0.9765174625597572,False
2020-07-08,Production,1438,0.9013747608339403,323.4740571893641,206.49527121001387,980.8899999999996,0.3671766342141864,1.194514831933283,-28.48732573734958,False,1438,2,0.9986111111111111,-1440,1440,60,ok,-1440,True,1438,0.9074510333634147,257.9331929331505,155.70959666203058,761.43,0.749532904486465,-8.269264789046474,False,actual_transpose_plus60_core,frozen_rule_based_v2,True,transpose_plus60_core,source_and_mapped_target_w_status_both_endpoints,finite mapped W/Wh pairs requiring the released W-status observation proxy at both endpoints on both the source W timestamps and mapped-target Wh timestamps; W status is not proof of Wh ground truth,60,1375,0.9999999678993381,0.13299350633498175,0.08843636363636413,0.20000000000004547,True,1437,0.9013309791923445,False,1374,0.8741272595265601,False,1434,0.8777412838470303,False,1375,0.9999999678993381,True,1435,0.9999999690755005,True
2020-07-08,Consumption,1438,0.15185435677904668,1581.500312906019,908.2968011126563,5572.587999999997,0.002086230876216968,4.293658922270056,329.1449127403823,False,1438,2,0.9986111111111111,-1440,1440,60,ok,-1382,False,1438,0.7718819638859994,32.122533133450055,14.863143254520164,116.2,0.7952095975228504,30.562936339664958,False,actual_transpose_plus60_core,frozen_rule_based_v2,True,transpose_plus60_core,source_and_mapped_target_w_status_both_endpoints,finite mapped W/Wh pairs requiring the released W-status observation proxy at both endpoints on both the source W timestamps and mapped-target Wh timestamps; W status is not proof of Wh ground truth,60,1375,0.9999937376550478,0.16545254744048335,0.13687272727272717,0.20000000000001705,True,1437,0.15123028223424423,False,1374,0.0355187321312191,False,1434,0.024404206626910598,False,1375,0.9999937376550478,True,1435,0.9843166888053522,False
2020-07-09,Production,1438,0.9999993046634182,0.10587735314129156,0.05605006954102904,0.20000000000001705,1.0,0.9999831473056106,-0.0001384059376903224,True,0,1440,0.0,-1440,1440,60,ok,0,False,1438,0.9999993046634182,0.10587735314129156,0.05605006954102904,0.20000000000001705,0.9999831473056106,-0.0001384059376903224,True,unaffected_same0,frozen_rule_based_v2,False,same_date_0,source_and_mapped_target_w_status_both_endpoints,finite mapped W/Wh pairs requiring the released W-status observation proxy at both endpoints on both the source W timestamps and mapped-target Wh timestamps; W status is not proof of Wh ground truth,60,1437,0.9999993044012546,0.10591418645363951,0.056089074460681815,0.20000000000001705,True,1437,0.9999993044012546,True,1374,0.7972591874646648,False,1434,0.8020746287148546,False,1375,0.8109966715729932,False,1435,0.8156072037181371,False
2020-07-09,Consumption,1438,0.9999786327498897,6.647402161276336,0.30834492350487064,0.20000000000027285,0.9993045897079277,0.999884499386098,0.2622464073848505,True,0,1440,0.0,-1440,1440,60,ok,0,False,1438,0.9999786327498897,6.647402161276336,0.30834492350487064,0.20000000000027285,0.999884499386098,0.2622464073848505,True,unaffected_same0,frozen_rule_based_v2,False,same_date_0,source_and_mapped_target_w_status_both_endpoints,finite mapped W/Wh pairs requiring the released W-status observation proxy at both endpoints on both the source W timestamps and mapped-target Wh timestamps; W status is not proof of Wh ground truth,60,1437,0.9999999871416732,0.163214064644272,0.1331941544885205,0.20000000000027285,True,1437,0.9999999871416732,True,1374,0.05387662853410812,False,1434,0.06483710858252847,False,1375,0.2957491793248305,False,1435,0.1772096380697496,False
2020-07-10,Production,1439,0.9999992023715164,0.11417894347352803,0.04989576094510098,0.20000000000001705,0.9993050729673384,1.0000347434602936,-0.0018136008773481649,True,0,1440,0.0,-1440,1440,60,ok,0,False,1439,0.9999992023715164,0.11417894347352803,0.04989576094510098,0.20000000000001705,1.0000347434602936,-0.0018136008773481649,True,unaffected_same0,frozen_rule_based_v2,False,same_date_0,source_and_mapped_target_w_status_both_endpoints,finite mapped W/Wh pairs requiring the released W-status observation proxy at both endpoints on both the source W timestamps and mapped-target Wh timestamps; W status is not proof of Wh ground truth,60,1438,0.9999994087224815,0.0983875564573426,0.04840055632823387,0.20000000000001705,True,1438,0.9999994087224815,True,1376,0.7469754525674376,False,1436,0.7501224495776294,False,1376,0.2820870357959741,False,1436,0.2925921559875845,False
2020-07-10,Consumption,1439,0.9999872428153985,6.508078050900186,0.30604586518415194,0.20000000000027285,0.9993050729673384,0.9999055194995198,0.28464016641373746,True,0,1440,0.0,-1440,1440,60,ok,0,False,1439,0.9999872428153985,6.508078050900186,0.30604586518415194,0.20000000000027285,0.9999055194995198,0.28464016641373746,True,unaffected_same0,frozen_rule_based_v2,False,same_date_0,source_and_mapped_target_w_status_both_endpoints,finite mapped W/Wh pairs requiring the released W-status observation proxy at both endpoints on both the source W timestamps and mapped-target Wh timestamps; W status is not proof of Wh ground truth,60,1438,0.9999999918989694,0.16409231093819834,0.13463143254519794,0.20000000000027285,True,1438,0.9999999918989694,True,1376,0.21194923318220887,False,1436,0.22274909922328012,False,1376,0.1728687579909376,False,1436,0.16269345625673368,False
2020-07-11,Production,1437,0.9999987137613664,0.09496730565857961,0.04509394572025049,0.20000000000001705,1.0,0.9999397947707097,0.003634082661662319,True,0,1440,0.0,-1440,1440,60,ok,0,False,1437,0.9999987137613664,0.09496730565857961,0.04509394572025049,0.20000000000001705,0.9999397947707097,0.003634082661662319,True,unaffected_same0,frozen_rule_based_v2,False,same_date_0,source_and_mapped_target_w_status_both_endpoints,finite mapped W/Wh pairs requiring the released W-status observation proxy at both endpoints on both the source W timestamps and mapped-target Wh timestamps; W status is not proof of Wh ground truth,60,1435,0.9999987133622725,0.09503346192272175,0.04515679442508708,0.20000000000001705,True,1435,0.9999987133622725,True,1370,0.4846708649011008,False,1430,0.48969607149163985,False,1374,0.4965930963954805,False,1434,0.503559884511693,False
2020-07-11,Consumption,1437,0.9996872164399241,13.348622410216045,0.6221294363256786,0.20000000000004547,0.9986082115518441,0.9995980105827824,0.7072106899025812,True,0,1440,0.0,-1440,1440,60,ok,0,False,1437,0.9996872164399241,13.348622410216045,0.6221294363256786,0.20000000000004547,0.9995980105827824,0.7072106899025812,True,unaffected_same0,frozen_rule_based_v2,False,same_date_0,source_and_mapped_target_w_status_both_endpoints,finite mapped W/Wh pairs requiring the released W-status observation proxy at both endpoints on both the source W timestamps and mapped-target Wh timestamps; W status is not proof of Wh ground truth,60,1435,0.9999999540023568,0.16195667678979497,0.13114982578397225,0.20000000000004547,True,1435,0.9999999540023568,True,1370,0.19783565178399362,False,1430,0.19846206020050605,False,1374,-0.040304083448751186,False,1434,-0.0523432752331696,False
2020-07-12,Production,1437,0.9987114238798156,3.425350659403318,0.13319415448851768,0.20000000000001705,0.9993041057759221,1.0018157165442938,0.02054155253206602,True,0,1440,0.0,-1440,1440,60,ok,0,False,1437,0.9987114238798156,3.425350659403318,0.13319415448851768,0.20000000000001705,1.0018157165442938,0.02054155253206602,True,unaffected_same0,frozen_rule_based_v2,False,same_date_0,source_and_mapped_target_w_status_both_endpoints,finite mapped W/Wh pairs requiring the released W-status observation proxy at both endpoints on both the source W timestamps and mapped-target Wh timestamps; W status is not proof of Wh ground truth,60,1434,0.9999990577430352,0.09268955097062041,0.04295676429567637,0.20000000000001705,True,1434,0.9999990577430352,True,1370,0.7469167568428283,False,1428,0.7497100948227738,False,1374,0.6757628624057058,False,1432,0.6800988818003009,False
2020-07-12,Consumption,1437,0.9998721755195282,32.23492359591561,1.2218510786360444,0.2000000000007276,0.9979123173277662,0.9998061968999938,1.4087470425099582,True,0,1440,0.0,-1440,1440,60,ok,0,False,1437,0.9998721755195282,32.23492359591561,1.2218510786360444,0.2000000000007276,0.9998061968999938,1.4087470425099582,True,unaffected_same0,frozen_rule_based_v2,False,same_date_0,source_and_mapped_target_w_status_both_endpoints,finite mapped W/Wh pairs requiring the released W-status observation proxy at both endpoints on both the source W timestamps and mapped-target Wh timestamps; W status is not proof of Wh ground truth,60,1434,0.9999999967060549,0.1637257972361464,0.13403068340306523,0.2000000000007276,True,1434,0.9999999967060549,True,1370,0.2725039349746599,False,1428,0.2815592396853615,False,1374,0.1150813256762636,False,1432,0.12169165608863498,False
2020-07-13,Production,1438,0.9264165767659535,251.1491644609983,144.87538247566064,802.7639999999997,0.3762169680111266,0.9264140416601641,40.431416587225044,False,1438,2,0.9986111111111111,-1440,1440,60,ok,60,False,1438,0.999999981642696,0.12547545183228864,0.07872044506258614,0.20000000000004547,0.9999972451785545,-0.0007116075165640723,True,same_date_plus60_core,frozen_rule_based_v2,True,same_date_plus60_core,source_and_mapped_target_w_status_both_endpoints,finite mapped W/Wh pairs requiring the released W-status observation proxy at both endpoints on both the source W timestamps and mapped-target Wh timestamps; W status is not proof of Wh ground truth,60,1374,0.9999999810199502,0.12836447381120047,0.0823871906841331,0.20000000000004547,True,1437,0.926380487608871,False,1374,0.9999999810199502,True,1434,0.9999999816065552,True,0,,False,0,,False
2020-07-13,Consumption,1438,0.42539332222421067,48.420628312479,27.847983310152987,116.0,0.05493741307371349,0.4438438359296863,97.72800908466795,False,1438,2,0.9986111111111111,-1440,1440,60,ok,61,False,1438,0.9799315773586185,8.870524395987267,2.581223922114047,23.577999999999932,0.9836647058184262,2.9608825154659257,False,same_date_plus60_core,frozen_rule_based_v2,True,same_date_plus60_core,source_and_mapped_target_w_status_both_endpoints,finite mapped W/Wh pairs requiring the released W-status observation proxy at both endpoints on both the source W timestamps and mapped-target Wh timestamps; W status is not proof of Wh ground truth,60,1374,0.9999926563724223,0.16595188794370935,0.13770014556040758,0.20000000000001705,True,1437,0.4253261374365643,False,1374,0.9999926563724223,True,1434,0.9999930476105697,True,0,,False,0,,False
2020-07-14,Production,1439,0.9453171848376523,223.2253878024524,143.5057678943711,532.124,0.3578874218207088,0.9453497630656224,31.010052228221866,False,1439,1,0.9993055555555556,-1440,1440,60,ok,60,False,1439,0.9999999825952578,0.12609492657239466,0.0794996525364862,0.20000000000004547,0.9999936584441198,-0.001122614291489299,True,same_date_plus60_core,frozen_rule_based_v2,True,same_date_plus60_core,source_and_mapped_target_w_status_both_endpoints,finite mapped W/Wh pairs requiring the released W-status observation proxy at both endpoints on both the source W timestamps and mapped-target Wh timestamps; W status is not proof of Wh ground truth,60,1376,0.9999999820454764,0.12883647468517304,0.08299418604651429,0.20000000000004547,True,1438,0.9452902335116362,False,1376,0.9999999820454764,True,1436,0.9999999825694625,True,0,,False,0,,False
2020-07-14,Consumption,1439,0.3265732870167773,604.6600583961181,202.2519110493398,2111.24,0.04447533009034051,0.3232829653654579,230.45157802083207,False,1439,1,0.9993055555555556,-1440,1440,60,ok,60,False,1439,0.9999578997056447,4.80580202963246,0.2583738707435715,0.20000000000004547,0.9999198409926803,0.152655810877377,True,same_date_plus60_core,frozen_rule_based_v2,True,same_date_plus60_core,source_and_mapped_target_w_status_both_endpoints,finite mapped W/Wh pairs requiring the released W-status observation proxy at both endpoints on both the source W timestamps and mapped-target Wh timestamps; W status is not proof of Wh ground truth,60,1376,0.9999999526060125,0.16246645449817987,0.13197674418604619,0.20000000000004547,True,1438,0.32652979483845346,False,1376,0.9999999526060125,True,1436,0.9999999520344306,True,0,,False,0,,False
2020-07-15,Production,1439,0.782288236039208,335.8837859100199,202.05017373175818,1204.9959999999917,0.320361362056984,0.7822510949293369,85.22675454368272,False,1439,1,0.9993055555555556,-1440,1440,60,ok,60,False,1439,0.999999967776729,0.12925186987113368,0.08353022932592209,0.20000000000004547,1.0000008742293451,-0.002982768752474385,True,same_date_plus60_core,frozen_rule_based_v2,True,same_date_plus60_core,source_and_mapped_target_w_status_both_endpoints,finite mapped W/Wh pairs requiring the released W-status observation proxy at both endpoints on both the source W timestamps and mapped-target Wh timestamps; W status is not proof of Wh ground truth,60,1376,0.9999999668817307,0.13217764649349178,0.08735465116279208,0.20000000000004547,True,1438,0.7821987431222188,False,1376,0.9999999668817307,True,1436,0.9999999677369451,True,0,,False,0,,False
2020-07-15,Consumption,1439,-0.07400315428438618,1534.3647666794363,1018.4758165392635,4740.463999999998,0.009034051424600417,-0.0740593640033958,997.1437301041625,False,1439,1,0.9993055555555556,-1440,1440,60,ok,60,False,1439,0.9999816078206928,6.349919152659286,0.2992355802640737,0.20000000000027285,0.9998919093846985,0.27483191485089264,True,same_date_plus60_core,frozen_rule_based_v2,True,same_date_plus60_core,source_and_mapped_target_w_status_both_endpoints,finite mapped W/Wh pairs requiring the released W-status observation proxy at both endpoints on both the source W timestamps and mapped-target Wh timestamps; W status is not proof of Wh ground truth,60,1376,0.9999999882727139,0.1625558937862653,0.13212209302325728,0.20000000000027285,True,1438,-0.07432788300449332,False,1376,0.9999999882727139,True,1436,0.9999999879795174,True,0,,False,0,,False
2020-07-16,Production,1439,0.7699695663941999,320.52451622898064,177.72272411396804,1118.835999999999,0.3467685892981237,0.7699666358546385,78.88970558729454,False,1439,1,0.9993055555555556,-1440,1440,60,ok,60,False,1439,0.9999999621567263,0.13010927144379786,0.08464211257817962,0.20000000000004547,0.9999961561109054,-0.003546150131739978,True,same_date_plus60_core,frozen_rule_based_v2,True,same_date_plus60_core,source_and_mapped_target_w_status_both_endpoints,finite mapped W/Wh pairs requiring the released W-status observation proxy at both endpoints on both the source W timestamps and mapped-target Wh timestamps; W status is not proof of Wh ground truth,60,1376,0.999999961222875,0.13305445641575875,0.08851744186046545,0.20000000000004547,True,1438,0.7698852747126508,False,1376,0.999999961222875,True,1436,0.9999999621150965,True,0,,False,0,,False
2020-07-16,Consumption,1439,0.12162300883617135,1379.9203834507846,783.5544822793606,4771.895999999971,0.01250868658790827,0.12178664699266144,649.3682159143932,False,1439,1,0.9993055555555556,-1440,1440,60,ok,60,False,1439,0.9994940335653928,33.13677679516342,1.0095899930507324,0.20000000000027285,1.000413042130535,0.5617532315227436,True,same_date_plus60_core,frozen_rule_based_v2,True,same_date_plus60_core,source_and_mapped_target_w_status_both_endpoints,finite mapped W/Wh pairs requiring the released W-status observation proxy at both endpoints on both the source W timestamps and mapped-target Wh timestamps; W status is not proof of Wh ground truth,60,1376,0.9999999878128368,0.16539241567493712,0.13677325581395597,0.20000000000027285,True,1438,0.1218052901177356,False,1376,0.9999999878128368,True,1436,0.9999999874457904,True,0,,False,0,,False
2020-07-17,Production,1439,0.5264342968976994,454.4264653051153,259.5922168172342,1395.7679999999993,0.43015983321751217,0.5264350045220281,154.0092461388523,False,1439,1,0.9993055555555556,-1440,1440,60,ok,60,False,1439,0.9999999681392968,0.11789207205419372,0.06949270326615706,0.20000000000004547,1.0000013123228164,0.0017969889106552728,True,same_date_plus60_core,frozen_rule_based_v2,True,same_date_plus60_core,source_and_mapped_target_w_status_both_endpoints,finite mapped W/Wh pairs requiring the released W-status observation proxy at both endpoints on both the source W timestamps and mapped-target Wh timestamps; W status is not proof of Wh ground truth,60,1376,0.9999999674159802,0.12056070554260213,0.07267441860465117,0.20000000000004547,True,1438,0.5262744972872954,False,1376,0.9999999674159802,True,1436,0.9999999681069915,True,0,,False,0,,False
2020-07-17,Consumption,1439,0.028361870992061645,1165.2039073805252,668.2442668519806,4024.0,0.024322446143154968,0.02747510896429114,641.6335134150161,False,1439,1,0.9993055555555556,-1440,1440,60,ok,60,False,1439,0.9999916853819882,3.4624722937504613,0.224322446143157,0.20000000000027285,0.9999270683496495,0.139959237599669,True,same_date_plus60_core,frozen_rule_based_v2,True,same_date_plus60_core,source_and_mapped_target_w_status_both_endpoints,finite mapped W/Wh pairs requiring the released W-status observation proxy at both endpoints on both the source W timestamps and mapped-target Wh timestamps; W status is not proof of Wh ground truth,60,1376,0.9999999809596519,0.1631805962017077,0.1331395348837227,0.20000000000027285,True,1438,0.028130344500143564,False,1376,0.9999999809596519,True,1436,0.9999999815062346,True,0,,False,0,,False
2020-07-18,Production,1439,0.8007706579110879,244.04614858817735,137.77039610840862,868.5559999999996,0.39819318971507994,0.8007774128979305,56.37973470839171,False,1439,1,0.9993055555555556,-1440,1440,60,ok,60,False,1439,0.9999999525114767,0.11929838904573987,0.07116052814454471,0.20000000000004547,1.0000083881184196,0.00262985862940468,True,same_date_plus60_core,frozen_rule_based_v2,True,same_date_plus60_core,source_and_mapped_target_w_status_both_endpoints,finite mapped W/Wh pairs requiring the released W-status observation proxy at both endpoints on both the source W timestamps and mapped-target Wh timestamps; W status is not proof of Wh ground truth,60,1376,0.9999999513184932,0.12199885626608262,0.07441860465116266,0.20000000000004547,True,1438,0.8006964081404376,False,1376,0.9999999513184932,True,1436,0.9999999524583165,True,0,,False,0,,False
2020-07-18,Consumption,1439,-0.027604091719897944,689.3123639697842,292.34635163307854,2308.363999999994,0.018763029881862403,-0.03198982125305923,393.7915302384066,False,1439,1,0.9993055555555556,-1440,1440,60,ok,60,False,1439,0.9999204885306733,5.596251102946263,0.27880472550382346,0.20000000000027285,0.999917839939831,0.17232679373421433,True,same_date_plus60_core,frozen_rule_based_v2,True,same_date_plus60_core,source_and_mapped_target_w_status_both_endpoints,finite mapped W/Wh pairs requiring the released W-status observation proxy at both endpoints on both the source W timestamps and mapped-target Wh timestamps; W status is not proof of Wh ground truth,60,1376,0.9999999363640576,0.16192878135945588,0.1311046511627918,0.20000000000027285,True,1438,-0.027665294790044176,False,1376,0.9999999363640576,True,1436,0.9999999335815782,True,0,,False,0,,False
2020-07-19,Production,1439,0.7676348706183983,309.7226723369719,156.94343293954134,1164.119999999998,0.4697706740792217,0.7676316475599487,66.9173334817217,False,1439,1,0.9993055555555556,-1440,1440,60,ok,60,False,1439,0.9999999685391098,0.11405715256582752,0.06504517025712274,0.20000000000004547,0.9999911546159236,0.0003237348440165988,True,same_date_plus60_core,frozen_rule_based_v2,True,same_date_plus60_core,source_and_mapped_target_w_status_both_endpoints,finite mapped W/Wh pairs requiring the released W-status observation proxy at both endpoints on both the source W timestamps and mapped-target Wh timestamps; W status is not proof of Wh ground truth,60,1376,0.9999999680186393,0.11651429695684855,0.06787790697674391,0.20000000000004547,True,1438,0.7675699211695991,False,1376,0.9999999680186393,True,1436,0.999999968512677,True,0,,False,0,,False
2020-07-19,Consumption,1439,-0.025136845365862883,1227.772911371297,733.007852675469,3248.719999999993,0.02849200833912439,-0.025031219303139302,691.3593785079928,False,1439,1,0.9993055555555556,-1440,1440,60,ok,60,False,1439,0.999990340131232,3.7784142409893953,0.2298818624044494,0.20000000000027285,0.9999294623066676,0.15176173249676594,True,same_date_plus60_core,frozen_rule_based_v2,True,same_date_plus60_core,source_and_mapped_target_w_status_both_endpoints,finite mapped W/Wh pairs requiring the released W-status observation proxy at both endpoints on both the source W timestamps and mapped-target Wh timestamps; W status is not proof of Wh ground truth,60,1376,0.9999999828277771,0.1612992308117599,0.13008720930232753,0.20000000000027285,True,1438,-0.025367581829280245,False,1376,0.9999999828277771,True,1436,0.999999982383546,True,0,,False,0,,False
2020-07-20,Production,1438,0.8108305343252047,370.6184068994473,198.25994436717662,1279.8779999999988,0.3769123783031989,0.8108577649295807,79.95817366667615,False,1438,2,0.9986111111111111,-1440,1440,60,ok,60,False,1438,0.9999999794132874,0.12233245475096235,0.07482614742698189,0.20000000000004547,1.0000041425827915,0.0015862272785511777,True,same_date_plus60_core,frozen_rule_based_v2,True,same_date_plus60_core,source_and_mapped_target_w_status_both_endpoints,finite mapped W/Wh pairs requiring the released W-status observation proxy at both endpoints on both the source W timestamps and mapped-target Wh timestamps; W status is not proof of Wh ground truth,60,1374,0.9999999790115502,0.12491627472596115,0.07802037845705966,0.20000000000004547,True,1437,0.8107656791584716,False,1374,0.9999999790115502,True,1434,0.9999999793849751,True,0,,False,0,,False
2020-07-20,Consumption,1438,0.07717395813204249,964.3574790641601,417.0119610570236,4479.957999999997,0.030598052851182198,0.07743822534795673,457.8657075065955,False,1438,2,0.9986111111111111,-1440,1440,60,ok,60,False,1438,0.9999237055333552,8.756517937957685,0.35938803894297855,0.20000000000027285,0.9998534314487669,0.30938967388686933,True,same_date_plus60_core,frozen_rule_based_v2,True,same_date_plus60_core,source_and_mapped_target_w_status_both_endpoints,finite mapped W/Wh pairs requiring the released W-status observation proxy at both endpoints on both the source W timestamps and mapped-target Wh timestamps; W status is not proof of Wh ground truth,60,1374,0.9999999751929893,0.16033080794629273,0.12852983988355396,0.20000000000027285,True,1437,0.07704303418734107,False,1374,0.9999999751929893,True,1434,0.9999999744991864,True,0,,False,0,,False
2020-07-21,Production,1440,0.7654989940083627,77.87328560624054,47.05083333333333,228.5179999999996,0.4701388888888889,0.7653694377016752,19.243772506355086,False,1440,0,1.0,-1440,1440,60,ok,60,False,1440,0.9999995032667551,0.11340683890802652,0.06430555555555553,0.20000000000004547,0.9999835125533829,-0.0018440424192078808,True,same_date_plus60_core,frozen_rule_based_v2,True,same_date_plus60_core,source_and_mapped_target_w_status_both_endpoints,finite mapped W/Wh pairs requiring the released W-status observation proxy at both endpoints on both the source W timestamps and mapped-target Wh timestamps; W status is not proof of Wh ground truth,60,1380,0.9999994918116529,0.11584597470379551,0.0671014492753623,0.20000000000004547,True,1440,0.7654989940083627,False,1380,0.9999994918116529,True,1440,0.9999995032667551,True,0,,False,0,,False
2020-07-21,Consumption,1440,0.10120408107349935,1270.5808817011393,737.0480555555555,4138.41,0.02013888888888889,0.10147660088229424,717.0746387115149,False,1440,0,1.0,-1440,1440,60,ok,60,False,1440,0.9999999848741706,0.16465452046971427,0.13555555555555765,0.20000000000027285,1.0000009877410496,-0.004673496190207516,True,same_date_plus60_core,frozen_rule_based_v2,True,same_date_plus60_core,source_and_mapped_target_w_status_both_endpoints,finite mapped W/Wh pairs requiring the released W-status observation proxy at both endpoints on both the source W timestamps and mapped-target Wh timestamps; W status is not proof of Wh ground truth,60,1380,0.999999985505608,0.16383094857243996,0.13420289855072703,0.20000000000027285,True,1440,0.10120408107349935,False,1380,0.999999985505608,True,1440,0.9999999848741706,True,0,,False,0,,False
2020-07-22,Production,1438,0.6375294023598358,294.12028832700963,153.7239221140473,1175.0,0.40751043115438107,0.6375248017743836,89.3120820005854,False,1438,2,0.9986111111111111,-1440,1440,60,ok,60,False,1438,0.9999999404746501,0.11945634848481,0.07134909596662126,0.20000000000004547,0.999977418542016,0.003756472448543491,True,same_date_plus60_core,frozen_rule_based_v2,True,same_date_plus60_core,source_and_mapped_target_w_status_both_endpoints,finite mapped W/Wh pairs requiring the released W-status observation proxy at both endpoints on both the source W timestamps and mapped-target Wh timestamps; W status is not proof of Wh ground truth,60,1374,0.9999999391584329,0.12208761499464384,0.07452692867540128,0.20000000000004547,True,1437,0.6374010036453946,False,1374,0.9999999391584329,True,1434,0.9999999403902031,True,0,,False,0,,False
2020-07-22,Consumption,1438,0.013482147699850192,1329.8380334834112,784.7873435326844,4214.489999999985,0.024339360222531293,0.013454749279831202,777.5513414886061,False,1438,2,0.9986111111111111,-1440,1440,60,ok,60,False,1438,0.9999216418439019,11.86791352130171,0.44687065368567647,0.20000000000027285,0.9998024262297639,0.46967927939999754,True,same_date_plus60_core,frozen_rule_based_v2,True,same_date_plus60_core,source_and_mapped_target_w_status_both_endpoints,finite mapped W/Wh pairs requiring the released W-status observation proxy at both endpoints on both the source W timestamps and mapped-target Wh timestamps; W status is not proof of Wh ground truth,60,1374,0.9999999855403537,0.16374439555061518,0.1340611353711809,0.20000000000027285,True,1437,0.013242193962120525,False,1374,0.9999999855403537,True,1434,0.9999999851084829,True,0,,False,0,,False
2020-07-23,Production,1440,0.7380830503730101,276.4886394089678,123.12055555555554,1230.5199999999988,0.4979166666666667,0.7380815503305789,58.34241683203544,False,1440,0,1.0,-1440,1440,60,ok,60,False,1440,0.9999999598977958,0.10826921179274486,0.058611111111111676,0.20000000000004547,1.0000092074243225,0.00017160733872856326,True,same_date_plus60_core,frozen_rule_based_v2,True,same_date_plus60_core,source_and_mapped_target_w_status_both_endpoints,finite mapped W/Wh pairs requiring the released W-status observation proxy at both endpoints on both the source W timestamps and mapped-target Wh timestamps; W status is not proof of Wh ground truth,60,1380,0.9999999592962978,0.11059784834241142,0.061159420289855666,0.20000000000004547,True,1440,0.7380830503730101,False,1380,0.9999999592962978,True,1440,0.9999999598977958,True,0,,False,0,,False
2020-07-23,Consumption,1440,0.04738492679857046,1397.1049609420504,840.9200000000001,3971.8099999999995,0.011111111111111112,0.047412981184148245,800.6907181022927,False,1440,0,1.0,-1440,1440,60,ok,60,False,1440,0.9999999865070731,0.16624947786049718,0.13819444444444334,0.20000000000027285,1.0000011359199616,-0.003594975366354447,True,same_date_plus60_core,frozen_rule_based_v2,True,same_date_plus60_core,source_and_mapped_target_w_status_both_endpoints,finite mapped W/Wh pairs requiring the released W-status observation proxy at both endpoints on both the source W timestamps and mapped-target Wh timestamps; W status is not proof of Wh ground truth,60,1380,0.9999999869117453,0.16620225150639828,0.13811594202898428,0.20000000000027285,True,1440,0.04738492679857046,False,1380,0.9999999869117453,True,1440,0.9999999865070731,True,0,,False,0,,False
2020-07-24,Production,1438,0.7126781928859075,184.28265297946956,96.67426981919333,684.3899999999985,0.4561891515994437,0.712698874920904,43.93356730973035,False,1438,2,0.9986111111111111,-1440,1440,60,ok,60,False,1438,0.9999998855973866,0.11650926530217051,0.06787204450625835,0.20000000000004547,1.0000289057538008,-0.0027510628593745423,True,same_date_plus60_core,frozen_rule_based_v2,True,same_date_plus60_core,source_and_mapped_target_w_status_both_endpoints,finite mapped W/Wh pairs requiring the released W-status observation proxy at both endpoints on both the source W timestamps and mapped-target Wh timestamps; W status is not proof of Wh ground truth,60,1374,0.9999998834525576,0.11919184443051455,0.07103347889374054,0.20000000000004547,True,1437,0.7125990610731646,False,1374,0.9999998834525576,True,1434,0.9999998854711655,True,0,,False,0,,False
2020-07-24,Consumption,1438,0.3115910431000732,1210.7074701148636,683.1193324061197,3862.3979999999983,0.015299026425591099,0.3110076564556294,579.9413350710342,False,1438,2,0.9986111111111111,-1440,1440,60,ok,60,False,1438,0.999950946935349,10.23314449107621,0.40681502086231025,0.20000000000027285,0.9998402469378674,0.4047234764783525,True,same_date_plus60_core,frozen_rule_based_v2,True,same_date_plus60_core,source_and_mapped_target_w_status_both_endpoints,finite mapped W/Wh pairs requiring the released W-status observation proxy at both endpoints on both the source W timestamps and mapped-target Wh timestamps; W status is not proof of Wh ground truth,60,1374,0.9999999875000074,0.16568854175090147,0.1372634643377014,0.20000000000027285,True,1437,0.3114065256483152,False,1374,0.9999999875000074,True,1434,0.9999999871864991,True,0,,False,0,,False
2020-07-25,Production,1438,0.6706231769732884,213.64587008061605,108.79763560500696,778.3359999999991,0.4624478442280946,0.6706484445378347,56.81002749895937,False,1438,2,0.9986111111111111,-1440,1440,60,ok,60,False,1438,0.9999999038605428,0.11591085731214947,0.06717663421418711,0.20000000000004547,1.0000375815952,-0.0027268255559818044,True,same_date_plus60_core,frozen_rule_based_v2,True,same_date_plus60_core,source_and_mapped_target_w_status_both_endpoints,finite mapped W/Wh pairs requiring the released W-status observation proxy at both endpoints on both the source W timestamps and mapped-target Wh timestamps; W status is not proof of Wh ground truth,60,1374,0.9999999019012417,0.11857965833640796,0.07030567685589598,0.20000000000004547,True,1437,0.6705247344635523,False,1374,0.9999999019012417,True,1434,0.9999999037454167,True,0,,False,0,,False
2020-07-25,Consumption,1438,-0.0019003463398580996,1936.0228079510878,901.1773296244785,9755.334,0.0368567454798331,-0.001901811109170416,753.7146365509684,False,1438,2,0.9986111111111111,-1440,1440,60,ok,60,False,1438,0.9999753614158106,9.600311480806852,0.3876216968011109,0.20000000000027285,0.9999267452161136,0.3052450545875445,True,same_date_plus60_core,frozen_rule_based_v2,True,same_date_plus60_core,source_and_mapped_target_w_status_both_endpoints,finite mapped W/Wh pairs requiring the released W-status observation proxy at both endpoints on both the source W timestamps and mapped-target Wh timestamps; W status is not proof of Wh ground truth,60,1374,0.9999999931039436,0.16401086341695922,0.13449781659388457,0.20000000000027285,True,1437,-0.002020301031288341,False,1374,0.9999999931039436,True,1434,0.9999999928281785,True,0,,False,0,,False
2020-07-26,Production,1439,0.8216035423486613,388.4011994092851,215.45712300208473,1359.1519999999991,0.3877692842251564,0.8216002373873412,89.25012112865943,False,1439,1,0.9993055555555556,-1440,1440,60,ok,60,False,1439,0.9999999821258896,0.12296996475040195,0.07560806115357765,0.20000000000004547,0.9999959595516303,0.0022993265480977243,True,same_date_plus60_core,frozen_rule_based_v2,True,same_date_plus60_core,source_and_mapped_target_w_status_both_endpoints,finite mapped W/Wh pairs requiring the released W-status observation proxy at both endpoints on both the source W timestamps and mapped-target Wh timestamps; W status is not proof of Wh ground truth,60,1376,0.9999999816282652,0.12575354264739974,0.07906976744185919,0.20000000000004547,True,1438,0.8215300760990535,False,1376,0.9999999816282652,True,1436,0.9999999821037713,True,0,,False,0,,False
2020-07-26,Consumption,1439,0.1424365349537829,1371.1018828500562,888.1095899930508,3874.9359999999997,0.03127171646977067,0.14227052891820208,789.8630833785785,False,1439,1,0.9993055555555556,-1440,1440,60,ok,60,False,1439,0.9999851172829338,5.7174981042952595,0.28394718554551523,0.20000000000027285,0.9999030428777563,0.23841085612161805,True,same_date_plus60_core,frozen_rule_based_v2,True,same_date_plus60_core,source_and_mapped_target_w_status_both_endpoints,finite mapped W/Wh pairs requiring the released W-status observation proxy at both endpoints on both the source W timestamps and mapped-target Wh timestamps; W status is not proof of Wh ground truth,60,1376,0.9999999881036606,0.16371415815803408,0.13401162790697388,0.20000000000027285,True,1438,0.1421686597735395,False,1376,0.9999999881036606,True,1436,0.9999999878443919,True,0,,False,0,,False
2020-07-27,Production,1439,0.847065231475635,366.8158758214954,197.1883252258513,1238.7959999999994,0.37943015983321754,0.8470663931431093,73.91698908630241,False,1439,1,0.9993055555555556,-1440,1440,60,ok,60,False,1439,0.999999983081218,0.12206242493193571,0.07449617790132132,0.20000000000004547,1.000001354483811,0.0029589935553531177,True,same_date_plus60_core,frozen_rule_based_v2,True,same_date_plus60_core,source_and_mapped_target_w_status_both_endpoints,finite mapped W/Wh pairs requiring the released W-status observation proxy at both endpoints on both the source W timestamps and mapped-target Wh timestamps; W status is not proof of Wh ground truth,60,1376,0.9999999826601333,0.12482545953785869,0.07790697674418705,0.20000000000004547,True,1438,0.8470087389263112,False,1376,0.9999999826601333,True,1436,0.9999999830624522,True,0,,False,0,,False
2020-07-27,Consumption,1439,0.21397040355543076,1102.1911496034036,514.4448227936067,4263.739999999999,0.018763029881862403,0.21463963953972465,445.53790300390693,False,1439,1,0.9993055555555556,-1440,1440,60,ok,60,False,1439,0.9999754689204795,6.149662273138442,0.29534398888116825,0.20000000000027285,0.9999273262874053,0.1988824701846852,True,same_date_plus60_core,frozen_rule_based_v2,True,same_date_plus60_core,source_and_mapped_target_w_status_both_endpoints,finite mapped W/Wh pairs requiring the released W-status observation proxy at both endpoints on both the source W timestamps and mapped-target Wh timestamps; W status is not proof of Wh ground truth,60,1376,0.9999999833799421,0.1632696442826591,0.13328488372093117,0.20000000000027285,True,1438,0.21389647721949723,False,1376,0.9999999833799421,True,1436,0.9999999827287273,True,0,,False,0,,False
2020-07-28,Production,1440,0.767577054598569,308.75803988632333,186.02097222222218,951.3179999999996,0.3541666666666667,0.7675851063149562,86.08214900569016,False,1440,0,1.0,-1440,1440,60,ok,60,False,1440,0.9999999622054773,0.12461050428345836,0.07763888888888919,0.20000000000004547,1.0000104519876234,-0.0020655848438764224,True,same_date_plus60_core,frozen_rule_based_v2,True,same_date_plus60_core,source_and_mapped_target_w_status_both_endpoints,finite mapped W/Wh pairs requiring the released W-status observation proxy at both endpoints on both the source W timestamps and mapped-target Wh timestamps; W status is not proof of Wh ground truth,60,1380,0.9999999610738974,0.12729060668692194,0.08101449275362349,0.20000000000004547,True,1440,0.767577054598569,False,1380,0.9999999610738974,True,1440,0.9999999622054773,True,0,,False,0,,False
2020-07-28,Consumption,1440,0.1648072181703151,1626.1339556598653,747.8734722222223,8712.886,0.018055555555555554,0.164689860370802,624.2445454707499,False,1440,0,1.0,-1440,1440,60,ok,60,False,1440,0.9999999915190395,0.1640629960310007,0.1345833333333383,0.20000000000027285,1.0000014327873878,0.00546082379469226,True,same_date_plus60_core,frozen_rule_based_v2,True,same_date_plus60_core,source_and_mapped_target_w_status_both_endpoints,finite mapped W/Wh pairs requiring the released W-status observation proxy at both endpoints on both the source W timestamps and mapped-target Wh timestamps; W status is not proof of Wh ground truth,60,1380,0.9999999918609986,0.16347671907999936,0.13362318840580245,0.20000000000027285,True,1440,0.1648072181703151,False,1380,0.9999999918609986,True,1440,0.9999999915190395,True,0,,False,0,,False
2020-07-29,Production,1438,0.56665717994559,428.0327539037924,246.17899860917944,1521.453999999997,0.3796940194714882,0.5666748995203018,146.61137782286332,False,1438,2,0.9986111111111111,-1440,1440,60,ok,60,False,1438,0.9999999637076333,0.12492000221783259,0.07802503477051617,0.20000000000004547,1.0000312340677309,-0.003195865825944111,True,same_date_plus60_core,frozen_rule_based_v2,True,same_date_plus60_core,source_and_mapped_target_w_status_both_endpoints,finite mapped W/Wh pairs requiring the released W-status observation proxy at both endpoints on both the source W timestamps and mapped-target Wh timestamps; W status is not proof of Wh ground truth,60,1374,0.999999962769788,0.12779623519203545,0.08165938864628984,0.20000000000004547,True,1437,0.5664938297880616,False,1374,0.999999962769788,True,1434,0.9999999636528041,True,0,,False,0,,False
2020-07-29,Consumption,1438,0.21815700508020724,1133.6053396538823,628.7235048678721,3801.3979999999983,0.025034770514603615,0.21867082556009243,523.4499621214443,False,1438,2,0.9986111111111111,-1440,1440,60,ok,60,False,1438,0.9999462703714249,9.389361600537423,0.38052851182197484,0.20000000000027285,0.999848684638984,0.34428333713469783,True,same_date_plus60_core,frozen_rule_based_v2,True,same_date_plus60_core,source_and_mapped_target_w_status_both_endpoints,finite mapped W/Wh pairs requiring the released W-status observation proxy at both endpoints on both the source W timestamps and mapped-target Wh timestamps; W status is not proof of Wh ground truth,60,1374,0.9999999844060116,0.1630316853317936,0.1328966521106261,0.20000000000027285,True,1437,0.21799841307159265,False,1374,0.9999999844060116,True,1434,0.9999999838404369,True,0,,False,0,,False
2020-07-30,Production,1439,0.8067607016182022,368.68415390010944,194.88839471855454,1308.4959999999999,0.3863794301598332,0.8067873143809196,79.5428980257152,False,1439,1,0.9993055555555556,-1440,1440,60,ok,60,False,1439,0.9999999789448692,0.12172035300780673,0.07407922168172484,0.20000000000004547,0.9999992193296694,-0.0020412285766155946,True,same_date_plus60_core,frozen_rule_based_v2,True,same_date_plus60_core,source_and_mapped_target_w_status_both_endpoints,finite mapped W/Wh pairs requiring the released W-status observation proxy at both endpoints on both the source W timestamps and mapped-target Wh timestamps; W status is not proof of Wh ground truth,60,1376,0.999999978510828,0.124358820672561,0.07732558139535031,0.20000000000004547,True,1438,0.8066958749368975,False,1376,0.999999978510828,True,1436,0.9999999789236473,True,0,,False,0,,False
2020-07-30,Consumption,1439,-0.0347757656269172,1162.3215802226532,619.0496872828353,3738.316,0.030576789437109102,-0.03448784888461267,598.2996377025355,False,1439,1,0.9993055555555556,-1440,1440,60,ok,60,False,1439,0.9999672743378797,6.566046553172578,0.3070187630298833,0.20000000000027285,0.9999129620518609,0.22938749888464827,True,same_date_plus60_core,frozen_rule_based_v2,True,same_date_plus60_core,source_and_mapped_target_w_status_both_endpoints,finite mapped W/Wh pairs requiring the released W-status observation proxy at both endpoints on both the source W timestamps and mapped-target Wh timestamps; W status is not proof of Wh ground truth,60,1376,0.999999980141843,0.1637141581580382,0.13401162790697851,0.20000000000027285,True,1438,-0.034894307184760706,False,1376,0.999999980141843,True,1436,0.9999999796862308,True,0,,False,0,,False
2020-07-31,Production,1439,0.8499580473448871,354.68163841424615,206.65712300208477,1343.8,0.35719249478804727,0.8500172761928552,77.85033986739018,False,1439,1,0.9993055555555556,-1440,1440,60,ok,60,False,1439,0.9999965144618301,1.7123919848964069,0.15552466990966105,0.20000000000004547,1.0001023111572924,-0.12471138681280536,True,same_date_plus60_core,frozen_rule_based_v2,True,same_date_plus60_core,source_and_mapped_target_w_status_both_endpoints,finite mapped W/Wh pairs requiring the released W-status observation proxy at both endpoints on both the source W timestamps and mapped-target Wh timestamps; W status is not proof of Wh ground truth,60,1376,0.999999980871476,0.1280443237211619,0.08197674418604813,0.20000000000004547,True,1438,0.8498908926372872,False,1376,0.999999980871476,True,1436,0.9999965098114403,True,0,,False,0,,False
2020-07-31,Consumption,1439,-0.10450889137618445,1091.8740264193234,677.1927032661571,2558.655999999998,0.027102154273801252,-0.10531993644205898,684.6178340597081,False,1439,1,0.9993055555555556,-1440,1440,60,ok,60,False,1439,0.9373119357067352,268.33990885665526,40.56164002779708,1841.5720000000001,0.9730272013633469,55.69434869405143,False,same_date_plus60_core,frozen_rule_based_v2,True,same_date_plus60_core,source_and_mapped_target_w_status_both_endpoints,finite mapped W/Wh pairs requiring the released W-status observation proxy at both endpoints on both the source W timestamps and mapped-target Wh timestamps; W status is not proof of Wh ground truth,60,1376,0.9999999760737536,0.16282391687641057,0.132558139534883,0.20000000000027285,True,1438,-0.1047576545345808,False,1376,0.9999999760737536,True,1436,0.9372911258485033,False,0,,False,0,,False
2020-08-01,Production,1439,0.9999981662702402,0.0940184655025552,0.04419735927727591,0.20000000000001164,1.0,0.9999661952469315,-0.0014584259553700463,True,0,1440,0.0,-1440,1440,60,ok,0,False,1439,0.9999981662702402,0.0940184655025552,0.04419735927727591,0.20000000000001164,0.9999661952469315,-0.0014584259553700463,True,unaffected_same0,frozen_rule_based_v2,False,same_date_0,source_and_mapped_target_w_status_both_endpoints,finite mapped W/Wh pairs requiring the released W-status observation proxy at both endpoints on both the source W timestamps and mapped-target Wh timestamps; W status is not proof of Wh ground truth,60,1438,0.9999981659991337,0.09405115052544508,0.044228094575799744,0.2000000000000118,True,1438,0.9999981659991337,True,1376,0.5180479742238524,False,1436,0.522531817624091,False,1372,0.43848467629633264,False,1372,0.43848467629633264,False
2020-08-01,Consumption,1439,0.9992111994284563,45.68999324769362,1.3395413481584428,0.20000000000027285,0.9993050729673384,1.0004639121217493,0.6321591917296701,True,0,1440,0.0,-1440,1440,60,ok,0,False,1439,0.9992111994284563,45.68999324769362,1.3395413481584428,0.20000000000027285,1.0004639121217493,0.6321591917296701,True,unaffected_same0,frozen_rule_based_v2,False,same_date_0,source_and_mapped_target_w_status_both_endpoints,finite mapped W/Wh pairs requiring the released W-status observation proxy at both endpoints on both the source W timestamps and mapped-target Wh timestamps; W status is not proof of Wh ground truth,60,1438,0.9999999897666483,0.16443099511883627,0.1351877607788587,0.20000000000027285,True,1438,0.9999999897666483,True,1376,-0.14611629299367107,False,1436,-0.14282461213635966,False,1372,0.03156974748773975,False,1372,0.03156974748773975,False
2020-08-02,Production,1438,0.6065581332897473,404.40313170725005,217.41210013908204,1361.7559999999999,0.4603616133518776,0.3215161793877854,6.515708750439501,False,1438,2,0.9986111111111111,-1440,1440,60,ok,94,False,1438,0.7420652649752094,367.7503117904524,199.74116828929067,1235.6299999999999,0.3933439776946219,-14.77339133047623,False,actual_transpose_plus60_core,frozen_rule_based_v2,True,transpose_plus60_core,source_and_mapped_target_w_status_both_endpoints,finite mapped W/Wh pairs requiring the released W-status observation proxy at both endpoints on both the source W timestamps and mapped-target Wh timestamps; W status is not proof of Wh ground truth,60,1375,0.999999962863942,0.12251901522175628,0.07505454545454528,0.20000000000004547,True,1437,0.6064906638194741,False,1374,0.6845171968589171,False,1434,0.6876716112323619,False,1375,0.999999962863942,True,1435,0.9999999476645816,True
2020-08-02,Consumption,1438,-0.026316425013180655,1851.537161725829,1411.4759388038942,4797.625999999989,0.0,-0.05467378656211789,1603.986857975938,False,1438,2,0.9986111111111111,-1440,1440,60,ok,-1410,False,1438,0.2843152927364574,1383.9180290715024,938.5797635605006,3954.293999999989,0.5177597587138196,997.2109300765932,False,actual_transpose_plus60_core,frozen_rule_based_v2,True,transpose_plus60_core,source_and_mapped_target_w_status_both_endpoints,finite mapped W/Wh pairs requiring the released W-status observation proxy at both endpoints on both the source W timestamps and mapped-target Wh timestamps; W status is not proof of Wh ground truth,60,1375,0.9999999676300168,0.1641285527206725,0.13469090909091178,0.20000000000027285,True,1437,-0.02660417783395363,False,1374,0.14447156376447845,False,1434,0.15956505609356933,False,1375,0.9999999676300168,True,1435,0.9999004037872142,True
2020-08-03,Production,1439,0.8042946996268479,313.32011542901785,150.43961084086175,1306.619999999999,0.4496177901320361,0.7031856390100016,68.2414091039675,False,1439,1,0.9993055555555556,-1440,1440,60,ok,-41,False,1439,0.8122584941959866,307.1892270395774,146.88908964558723,1316.9359999999997,0.7101482933401149,66.19275330550525,False,actual_transpose_plus60_core,frozen_rule_based_v2,True,transpose_plus60_core,source_and_mapped_target_w_status_both_endpoints,finite mapped W/Wh pairs requiring the released W-status observation proxy at both endpoints on both the source W timestamps and mapped-target Wh timestamps; W status is not proof of Wh ground truth,60,1376,0.9999999731197159,0.1230664407432389,0.07572674418604615,0.20000000000004547,True,1438,0.8042489887913755,False,1376,0.6594148703642821,False,1436,0.664440217809037,False,1376,0.9999999731197159,True,1436,0.9999999734918533,True
2020-08-03,Consumption,1439,0.05924036308997672,1103.7369051179041,630.5205003474636,3360.1039999999957,0.0,0.13907213254400994,668.4028834383894,False,1439,1,0.9993055555555556,-1440,1440,60,ok,-925,False,1439,0.4599917043207347,1595.745537955253,1081.145934676859,4176.995999999998,1.5024021784420785,908.7685570478932,False,actual_transpose_plus60_core,frozen_rule_based_v2,True,transpose_plus60_core,source_and_mapped_target_w_status_both_endpoints,finite mapped W/Wh pairs requiring the released W-status observation proxy at both endpoints on both the source W timestamps and mapped-target Wh timestamps; W status is not proof of Wh ground truth,60,1376,0.9999999227274177,0.1638916261322681,0.13430232558139565,0.20000000000027285,True,1438,0.05915726562103435,False,1376,0.06363540724697266,False,1436,0.0679557682324623,False,1376,0.9999999227274177,True,1436,0.9994983318778485,True
2020-08-04,Production,1438,0.5686332176156557,441.9737041813243,256.9806675938804,1456.287999999998,0.43463143254520165,0.36856559083189155,77.10192371053952,False,1438,2,0.9986111111111111,-1440,1440,60,ok,1415,False,1438,0.733438106253981,378.52385262983853,234.92642559109876,1096.8399999999965,0.7712733384699061,59.766440367261225,False,actual_transpose_plus60_core,frozen_rule_based_v2,True,transpose_plus60_core,source_and_mapped_target_w_status_both_endpoints,finite mapped W/Wh pairs requiring the released W-status observation proxy at both endpoints on both the source W timestamps and mapped-target Wh timestamps; W status is not proof of Wh ground truth,60,1371,0.9999999690315926,0.1267906031165499,0.08037928519329149,0.20000000000004547,True,1436,0.5684051630263651,False,1372,0.48322964799894735,False,1432,0.4935246208905939,False,1371,0.9999999690315926,True,1431,0.9999999697204195,True
2020-08-04,Consumption,1438,0.10002144130220676,1545.4965447923944,752.9680806675938,5619.799999999997,0.006954102920723227,2.876529931208497,423.74625489467445,False,1438,2,0.9986111111111111,-1440,1440,60,ok,1339,False,1438,0.240450819878584,731.7196417364514,271.68484005563283,3011.3959999999965,3.5112259319220587,-146.48737661917312,False,actual_transpose_plus60_core,frozen_rule_based_v2,True,transpose_plus60_core,source_and_mapped_target_w_status_both_endpoints,finite mapped W/Wh pairs requiring the released W-status observation proxy at both endpoints on both the source W timestamps and mapped-target Wh timestamps; W status is not proof of Wh ground truth,60,1371,0.9999942975695406,0.16105052643250375,0.12968636032093328,0.20000000000001705,True,1436,0.09958734767119573,False,1372,0.10351141092936264,False,1432,0.07934193974924973,False,1371,0.9999942975695406,True,1431,0.29327905639811225,False
2020-08-05,Production,1439,0.2565100538101394,586.9063138262981,358.128978457262,1719.4039999999995,0.3898540653231411,0.32558894556282897,245.97609404678434,False,1439,1,0.9993055555555556,-1440,1440,60,ok,233,False,1439,0.8453960519275504,290.63835127185274,141.41514940931202,1142.7639999999965,1.073074159808448,39.844681374628294,False,actual_transpose_plus60_core,frozen_rule_based_v2,True,transpose_plus60_core,source_and_mapped_target_w_status_both_endpoints,finite mapped W/Wh pairs requiring the released W-status observation proxy at both endpoints on both the source W timestamps and mapped-target Wh timestamps; W status is not proof of Wh ground truth,60,1376,0.9999999621619978,0.1161394510621738,0.06744186046511623,0.20000000000004547,True,1438,0.2562931980644603,False,1376,0.4716582573059779,False,1436,0.4813421590856791,False,1376,0.9999999621619978,True,1436,0.9999999628855207,True
2020-08-05,Consumption,1439,0.07569425833051156,788.4851339605078,312.9685892981237,2995.7239999999965,0.004864489228630994,0.12671108838120498,378.16815997513913,False,1439,1,0.9993055555555556,-1440,1440,60,ok,1310,False,1439,0.5435584572859148,1115.2110843301934,492.7685892981237,4873.959999999987,1.578930120145245,257.0531050179921,False,actual_transpose_plus60_core,frozen_rule_based_v2,True,transpose_plus60_core,source_and_mapped_target_w_status_both_endpoints,finite mapped W/Wh pairs requiring the released W-status observation proxy at both endpoints on both the source W timestamps and mapped-target Wh timestamps; W status is not proof of Wh ground truth,60,1376,0.9999999262578632,0.16210820388691602,0.13139534883720955,0.20000000000004547,True,1438,0.07558516069864012,False,1376,-0.03333060292527032,False,1436,-0.034876706333576084,False,1376,0.9999999262578632,True,1436,0.9759497303863989,False
2020-08-06,Production,1438,0.6505835134777669,530.632452492671,299.4112656467316,1557.6459999999995,0.3713490959666203,0.9416570394425604,224.4755926410803,False,1438,2,0.9986111111111111,-1440,1440,60,ok,-1265,False,1438,0.8443825631691894,285.65304961895015,145.34853963838665,1120.2239999999995,1.0070401180553599,31.51768024618616,False,actual_transpose_plus60_core,frozen_rule_based_v2,True,transpose_plus60_core,source_and_mapped_target_w_status_both_endpoints,finite mapped W/Wh pairs requiring the released W-status observation proxy at both endpoints on both the source W timestamps and mapped-target Wh timestamps; W status is not proof of Wh ground truth,60,1375,0.9999999654267848,0.1181678313401584,0.06981818181818149,0.20000000000004547,True,1437,0.6504550472263204,False,1374,0.7753354103364163,False,1434,0.7804361745645326,False,1375,0.9999999654267848,True,1435,0.9999999661285519,True
2020-08-06,Consumption,1438,-0.04133441002336202,1404.7694458304552,710.1176634214186,5402.311999999988,0.004867872044506259,-0.08044020155619867,754.583853152825,False,1438,2,0.9986111111111111,-1440,1440,60,ok,720,False,1438,0.4388835950803671,1021.2490806229189,465.4742698191933,4128.08199999999,0.7945501716288785,194.233510251695,False,actual_transpose_plus60_core,frozen_rule_based_v2,True,transpose_plus60_core,source_and_mapped_target_w_status_both_endpoints,finite mapped W/Wh pairs requiring the released W-status observation proxy at both endpoints on both the source W timestamps and mapped-target Wh timestamps; W status is not proof of Wh ground truth,60,1375,0.9999999676171544,0.16054452794955643,0.1288727272727292,0.20000000000027285,True,1437,-0.041457877550524734,False,1374,0.005695945593806026,False,1434,0.013430907232139456,False,1375,0.9999999676171544,True,1435,0.9807828366619488,False
2020-08-07,Production,1439,0.7808206692483396,438.18456857379823,262.14037526059764,1316.0519999999995,0.3578874218207088,0.5892477724408346,158.35187183496868,False,1439,1,0.9993055555555556,-1440,1440,60,ok,1332,False,1439,0.926208793940612,511.56726188541376,327.8425295343989,1275.3639999999998,0.46556688931382667,-37.47621469571433,False,actual_transpose_plus60_core,frozen_rule_based_v2,True,transpose_plus60_core,source_and_mapped_target_w_status_both_endpoints,finite mapped W/Wh pairs requiring the released W-status observation proxy at both endpoints on both the source W timestamps and mapped-target Wh timestamps; W status is not proof of Wh ground truth,60,1375,0.9999999824208795,0.13112104054165866,0.08596363636363753,0.20000000000004547,True,1438,0.7807162261516882,False,1376,0.8742592614982773,False,1436,0.8778558721668168,False,1375,0.9999999824208795,True,1435,0.9999999828929408,True
2020-08-07,Consumption,1439,-0.0933445755745061,1590.1215944257435,912.6175121612231,5605.943999999992,0.0020847810979847115,-0.0033274627212013003,176.1918972857998,False,1439,1,0.9993055555555556,-1440,1440,60,ok,977,False,1439,0.4313766884858621,1333.2624392120854,790.4863099374566,4075.1159999999995,0.23968982235327066,213.39787095854513,False,actual_transpose_plus60_core,frozen_rule_based_v2,True,transpose_plus60_core,source_and_mapped_target_w_status_both_endpoints,finite mapped W/Wh pairs requiring the released W-status observation proxy at both endpoints on both the source W timestamps and mapped-target Wh timestamps; W status is not proof of Wh ground truth,60,1375,0.9999999924823705,0.1625255224712223,0.1320727272727243,0.20000000000027285,True,1438,-0.09404787184836254,False,1376,0.029955115983176753,False,1436,-0.011386263931256389,False,1375,0.9999999924823705,True,1435,0.9977583454525593,True
2020-08-08,Production,1439,0.885153150194646,166.9778072165556,94.87588603196664,527.9359999999997,0.5253648366921473,0.8851316328057321,24.710525700726436,False,1439,1,0.9993055555555556,-1440,1440,60,ok,60,False,1439,0.9999997606641714,0.24241086997464018,0.07783182765809495,0.20000000000004547,0.9999416482336854,0.028398684399633112,True,diagonal_identity_plus60_control,frozen_rule_based_v2,True,transpose_plus60_core,source_and_mapped_target_w_status_both_endpoints,finite mapped W/Wh pairs requiring the released W-status observation proxy at both endpoints on both the source W timestamps and mapped-target Wh timestamps; W status is not proof of Wh ground truth,60,1376,0.9999999511709974,0.11075848437237035,0.06133720930232459,0.20000000000004547,True,1438,0.8851226866423646,False,1376,0.9999999511709974,True,1436,0.9999997604802531,True,1376,0.9999999511709974,True,1436,0.9999997604802531,True
2020-08-08,Consumption,1439,0.19863705786573654,1219.7911180960298,686.363446838082,3795.7439999999933,0.015983321751216122,0.1991322538427105,579.5837603535286,False,1439,1,0.9993055555555556,-1440,1440,60,ok,60,False,1439,0.9994130725450084,33.41303337271383,5.645865184155668,181.6959999999999,1.0021757028575313,-5.974633680766374,True,diagonal_identity_plus60_control,frozen_rule_based_v2,True,transpose_plus60_core,source_and_mapped_target_w_status_both_endpoints,finite mapped W/Wh pairs requiring the released W-status observation proxy at both endpoints on both the source W timestamps and mapped-target Wh timestamps; W status is not proof of Wh ground truth,60,1376,0.9999999865111144,0.16111890741183185,0.12979651162791048,0.20000000000027285,True,1438,0.1986885148778284,False,1376,0.9999999865111144,True,1436,0.9996622603193851,True,1376,0.9999999865111144,True,1436,0.9996622603193851,True
2020-08-09,Production,1439,0.9999998658081841,0.10371822629413381,0.05378735232800572,0.20000000000004547,1.0,0.9999986009537682,-0.0021949703923951347,True,0,1440,0.0,-1440,1440,60,ok,0,False,1439,0.9999998658081841,0.10371822629413381,0.05378735232800572,0.20000000000004547,0.9999986009537682,-0.0021949703923951347,True,unaffected_same0,frozen_rule_based_v2,False,same_date_0,source_and_mapped_target_w_status_both_endpoints,finite mapped W/Wh pairs requiring the released W-status observation proxy at both endpoints on both the source W timestamps and mapped-target Wh timestamps; W status is not proof of Wh ground truth,60,1438,0.9999998657747157,0.10375428338762498,0.05382475660639794,0.20000000000004547,True,1438,0.9999998657747157,True,1376,0.7986703678304475,False,1436,0.8018302281427074,False,1376,0.49248613248341716,False,1436,0.5001009623215572,False
2020-08-09,Consumption,1439,0.9999962010568569,3.3044834453907783,0.2200138985406557,0.20000000000027285,0.9993050729673384,0.9999656148522117,0.10205316106475948,True,0,1440,0.0,-1440,1440,60,ok,0,False,1439,0.9999962010568569,3.3044834453907783,0.2200138985406557,0.20000000000027285,0.9999656148522117,0.10205316106475948,True,unaffected_same0,frozen_rule_based_v2,False,same_date_0,source_and_mapped_target_w_status_both_endpoints,finite mapped W/Wh pairs requiring the released W-status observation proxy at both endpoints on both the source W timestamps and mapped-target Wh timestamps; W status is not proof of Wh ground truth,60,1438,0.9999999907798539,0.1631573044044582,0.133101529902645,0.20000000000027285,True,1438,0.9999999907798539,True,1376,0.09092807773534171,False,1436,0.09567901427285197,False,1376,-0.1381289370585267,False,1436,-0.1301813146070657,False
2020-08-10,Production,1430,0.9904475300578297,42.71559949900552,1.6529370629370628,0.20000000000004547,0.9986013986013986,1.0016988909706874,1.2997510468422604,True,0,1440,0.0,-1440,1440,60,ok,0,False,1430,0.9904475300578297,42.71559949900552,1.6529370629370628,0.20000000000004547,1.0016988909706874,1.2997510468422604,True,unaffected_same0,frozen_rule_based_v2,False,same_date_0,source_and_mapped_target_w_status_both_endpoints,finite mapped W/Wh pairs requiring the released W-status observation proxy at both endpoints on both the source W timestamps and mapped-target Wh timestamps; W status is not proof of Wh ground truth,60,1427,0.9999999403051281,0.10588830703587412,0.05606166783461812,0.20000000000004547,True,1427,0.9999999403051281,True,1354,0.5279698845559945,False,1414,0.5345160713412483,False,1366,0.5880514370214182,False,1426,0.593302530734553,False
2020-08-10,Consumption,1430,0.9992788909565267,34.77638616885076,1.471608391608389,0.20000000000027285,0.9979020979020979,0.9999222022030034,1.391066722616074,True,0,1440,0.0,-1440,1440,60,ok,0,False,1430,0.9992788909565267,34.77638616885076,1.471608391608389,0.20000000000027285,0.9999222022030034,1.391066722616074,True,unaffected_same0,frozen_rule_based_v2,False,same_date_0,source_and_mapped_target_w_status_both_endpoints,finite mapped W/Wh pairs requiring the released W-status observation proxy at both endpoints on both the source W timestamps and mapped-target Wh timestamps; W status is not proof of Wh ground truth,60,1427,0.9999999841585199,0.16301297664176234,0.13286615276804237,0.20000000000027285,True,1427,0.9999999841585199,True,1354,0.12461622769501912,False,1414,0.1277324665400433,False,1366,0.4686045665395529,False,1426,0.47078286884422393,False
2020-08-11,Production,1436,0.9999994538928997,0.08477399086077275,0.03593314763231199,0.20000000000001705,1.0,1.0000727419650122,0.0005608460942596594,True,0,1440,0.0,-1440,1440,60,ok,0,False,1436,0.9999994538928997,0.08477399086077275,0.03593314763231199,0.20000000000001705,1.0000727419650122,0.0005608460942596594,True,unaffected_same0,frozen_rule_based_v2,False,same_date_0,source_and_mapped_target_w_status_both_endpoints,finite mapped W/Wh pairs requiring the released W-status observation proxy at both endpoints on both the source W timestamps and mapped-target Wh timestamps; W status is not proof of Wh ground truth,60,1433,0.9999994536370476,0.084862682069888,0.03600837404047454,0.20000000000001705,True,1433,0.9999994536370476,True,1366,0.6446731901792708,False,1426,0.6481948304355326,False,1372,0.49484765509806516,False,1432,0.501657259464132,False
2020-08-11,Consumption,1436,0.998399213947572,82.73486514682612,2.6683844011142113,0.2000000000007276,0.9979108635097493,1.0018615996660214,0.43935777090291595,True,0,1440,0.0,-1440,1440,60,ok,0,False,1436,0.998399213947572,82.73486514682612,2.6683844011142113,0.2000000000007276,1.0018615996660214,0.43935777090291595,True,unaffected_same0,frozen_rule_based_v2,False,same_date_0,source_and_mapped_target_w_status_both_endpoints,finite mapped W/Wh pairs requiring the released W-status observation proxy at both endpoints on both the source W timestamps and mapped-target Wh timestamps; W status is not proof of Wh ground truth,60,1433,0.9999999935436296,0.1655627549298446,0.1370551290997957,0.2000000000007276,True,1433,0.9999999935436296,True,1366,0.2961501845837509,False,1426,0.29944653051363984,False,1372,0.12312430935353677,False,1432,0.1374282198253802,False
2020-08-12,Production,1438,0.9999998207993823,0.09667633798118355,0.04673157162726018,0.20000000000004547,1.0,1.0000648490005455,-0.0024454013909149808,True,0,1440,0.0,-1440,1440,60,ok,0,False,1438,0.9999998207993823,0.09667633798118355,0.04673157162726018,0.20000000000004547,1.0000648490005455,-0.0024454013909149808,True,unaffected_same0,frozen_rule_based_v2,False,same_date_0,source_and_mapped_target_w_status_both_endpoints,finite mapped W/Wh pairs requiring the released W-status observation proxy at both endpoints on both the source W timestamps and mapped-target Wh timestamps; W status is not proof of Wh ground truth,60,1437,0.9999998207772518,0.09670997038365554,0.046764091858037676,0.20000000000004547,True,1437,0.9999998207772518,True,1374,0.41453992978433746,False,1434,0.419107926991618,False,1375,0.6638173195049132,False,1435,0.6669144714816939,False
2020-08-12,Consumption,1438,0.9968170561597741,122.0961365673507,3.3481223922114056,0.2000000000007276,0.9993045897079277,1.0010198736676936,1.60808844043936,True,0,1440,0.0,-1440,1440,60,ok,0,False,1438,0.9968170561597741,122.0961365673507,3.3481223922114056,0.2000000000007276,1.0010198736676936,1.60808844043936,True,unaffected_same0,frozen_rule_based_v2,False,same_date_0,source_and_mapped_target_w_status_both_endpoints,finite mapped W/Wh pairs requiring the released W-status observation proxy at both endpoints on both the source W timestamps and mapped-target Wh timestamps; W status is not proof of Wh ground truth,60,1437,0.9999999944770724,0.1602885359374041,0.12846207376478821,0.2000000000007276,True,1437,0.9999999944770724,True,1374,0.19621362829662412,False,1434,0.18484588159381507,False,1375,0.011106646971185569,False,1435,0.010653757538258958,False
2020-08-13,Production,1438,0.7812759261962321,180.81066084856593,97.22197496522949,641.8159999999997,0.3796940194714882,0.7818807517331898,43.259612608015345,False,1438,2,0.9986111111111111,-1440,1440,60,ok,60,False,1438,0.999999904896841,0.1194563484848087,0.07134909596662052,0.20000000000004547,0.9999898890096667,-0.005652838716997621,True,same_date_plus60_core,frozen_rule_based_v2,True,same_date_plus60_core,source_and_mapped_target_w_status_both_endpoints,finite mapped W/Wh pairs requiring the released W-status observation proxy at both endpoints on both the source W timestamps and mapped-target Wh timestamps; W status is not proof of Wh ground truth,60,1372,0.9999999026972929,0.12217656773139393,0.07463556851311973,0.20000000000004547,True,1436,0.7817923398315159,False,1372,0.9999999026972929,True,1432,0.9999999049115388,True,0,,False,0,,False
2020-08-13,Consumption,1438,0.08579301215016599,1619.086815815884,978.2066759388039,4642.284,0.006954102920723227,0.08625647426411209,881.5975601729149,False,1438,2,0.9986111111111111,-1440,1440,60,ok,60,False,1438,0.998287014630472,70.20737472605636,2.1322670375521615,0.20000000000027285,1.0021189642347463,-0.03104846005373929,True,same_date_plus60_core,frozen_rule_based_v2,True,same_date_plus60_core,source_and_mapped_target_w_status_both_endpoints,finite mapped W/Wh pairs requiring the released W-status observation proxy at both endpoints on both the source W timestamps and mapped-target Wh timestamps; W status is not proof of Wh ground truth,60,1372,0.9999999910361625,0.16207474070423736,0.1313411078717265,0.20000000000027285,True,1436,0.08462688542597158,False,1372,0.9999999910361625,True,1432,0.9999999908398346,True,0,,False,0,,False
2020-08-14,Production,1437,0.7160887571249243,299.78496556877514,148.60320111343074,1087.0480000000005,0.4495476687543493,0.716113516740323,69.1143673017776,False,1437,3,0.9979166666666667,-1440,1440,60,ok,60,False,1437,0.9998887530875575,5.936563279953841,0.22226861517049384,0.20000000000004547,0.9999942507532043,0.15546942848158096,True,same_date_plus60_core,frozen_rule_based_v2,True,same_date_plus60_core,source_and_mapped_target_w_status_both_endpoints,finite mapped W/Wh pairs requiring the released W-status observation proxy at both endpoints on both the source W timestamps and mapped-target Wh timestamps; W status is not proof of Wh ground truth,60,1370,0.9999999580178668,0.1171436201302746,0.0686131386861311,0.20000000000004547,True,1435,0.7160992923423,False,1370,0.9999999580178668,True,1430,0.9999999586156765,True,0,,False,0,,False
2020-08-14,Consumption,1437,0.020092981005603007,1295.9683738849305,733.6812804453723,4071.8480000000077,0.013221990257480862,0.020608307958387508,689.6704854501426,False,1437,3,0.9979166666666667,-1440,1440,60,ok,60,False,1437,0.9940453907785863,101.60270230763714,3.1127348643006307,0.20000000000027285,1.0097848403015885,-3.8396759118896853,True,same_date_plus60_core,frozen_rule_based_v2,True,same_date_plus60_core,source_and_mapped_target_w_status_both_endpoints,finite mapped W/Wh pairs requiring the released W-status observation proxy at both endpoints on both the source W timestamps and mapped-target Wh timestamps; W status is not proof of Wh ground truth,60,1370,0.9999999843667423,0.1634482440014416,0.13357664233577074,0.20000000000027285,True,1435,0.017464992199634984,False,1370,0.9999999843667423,True,1430,0.9999999839827068,True,0,,False,0,,False
2020-08-15,Production,1438,0.7769002655148237,328.7085453114641,172.59221140472877,1192.289999999995,0.3803894297635605,0.7768846118591993,74.53008248697057,False,1438,2,0.9986111111111111,-1440,1440,60,ok,60,False,1438,0.9999999682517048,0.1240261087861726,0.07691237830319889,0.20000000000004547,0.9999983923395411,-0.001827449815550608,True,same_date_plus60_core,frozen_rule_based_v2,True,same_date_plus60_core,source_and_mapped_target_w_status_both_endpoints,finite mapped W/Wh pairs requiring the released W-status observation proxy at both endpoints on both the source W timestamps and mapped-target Wh timestamps; W status is not proof of Wh ground truth,60,1374,0.9999999675559009,0.12688176022244785,0.08049490538573507,0.20000000000004547,True,1437,0.7768287212782238,False,1374,0.9999999675559009,True,1434,0.9999999682108808,True,0,,False,0,,False
2020-08-15,Consumption,1438,0.07736555220427628,1000.2330612417851,526.9599443671766,2763.3739999999825,0.021557719054242003,0.07766415583034464,560.4436364149169,False,1438,2,0.9986111111111111,-1440,1440,60,ok,60,False,1438,0.9998260044629894,13.713729250582256,0.4987482614742686,0.20000000000027285,0.9997600438310298,0.5149287178402346,True,same_date_plus60_core,frozen_rule_based_v2,True,same_date_plus60_core,source_and_mapped_target_w_status_both_endpoints,finite mapped W/Wh pairs requiring the released W-status observation proxy at both endpoints on both the source W timestamps and mapped-target Wh timestamps; W status is not proof of Wh ground truth,60,1374,0.9999999755420897,0.16577637029761869,0.13740902474526814,0.20000000000027285,True,1437,0.0772245435258701,False,1374,0.9999999755420897,True,1434,0.9999999747080929,True,0,,False,0,,False
2020-08-16,Production,1439,0.6677854424409032,432.76770087275867,239.96858929812367,1471.6399999999985,0.4315496872828353,0.6677953840797185,125.70966417023445,False,1439,1,0.9993055555555556,-1440,1440,60,ok,60,False,1439,0.9999999750037685,0.1189483685680011,0.07074357192494743,0.20000000000004547,0.9999967472303927,-0.006135138016247765,True,same_date_plus60_core,frozen_rule_based_v2,True,same_date_plus60_core,source_and_mapped_target_w_status_both_endpoints,finite mapped W/Wh pairs requiring the released W-status observation proxy at both endpoints on both the source W timestamps and mapped-target Wh timestamps; W status is not proof of Wh ground truth,60,1376,0.9999999744597419,0.12152136380268512,0.07383720930232512,0.20000000000004547,True,1438,0.6676680067896448,False,1376,0.9999999744597419,True,1436,0.9999999749773419,True,0,,False,0,,False
2020-08-16,Consumption,1439,0.15388835213710422,1490.3208217065983,836.4302293259209,5408.147999999994,0.01320361362056984,0.15372678291055084,730.8093129537353,False,1439,1,0.9993055555555556,-1440,1440,60,ok,60,False,1439,0.9999951173793341,3.583566072460707,0.22612925642807305,0.20000000000027285,0.9999490250606364,0.14064960350231104,True,same_date_plus60_core,frozen_rule_based_v2,True,same_date_plus60_core,source_and_mapped_target_w_status_both_endpoints,finite mapped W/Wh pairs requiring the released W-status observation proxy at both endpoints on both the source W timestamps and mapped-target Wh timestamps; W status is not proof of Wh ground truth,60,1376,0.9999999902762805,0.16246645449817662,0.1319767441860441,0.20000000000027285,True,1438,0.15367951580860567,False,1376,0.9999999902762805,True,1436,0.9999999899884,True,0,,False,0,,False
2020-08-17,Production,1439,0.8154944953670173,361.8621121560497,209.71772063933287,1239.1759999999995,0.36970118137595553,0.8154866093230609,81.26705756897451,False,1439,1,0.9993055555555556,-1440,1440,60,ok,60,False,1439,0.9999999777531154,0.12587428786167293,0.07922168172341904,0.20000000000004547,1.000007096783151,0.002990415926149126,True,same_date_plus60_core,frozen_rule_based_v2,True,same_date_plus60_core,source_and_mapped_target_w_status_both_endpoints,finite mapped W/Wh pairs requiring the released W-status observation proxy at both endpoints on both the source W timestamps and mapped-target Wh timestamps; W status is not proof of Wh ground truth,60,1376,0.9999999771828888,0.1287236087198457,0.08284883720930232,0.20000000000004547,True,1438,0.8154243580677402,False,1376,0.9999999771828888,True,1436,0.999999977727718,True,0,,False,0,,False
2020-08-17,Consumption,1439,0.12891196304838368,1064.1376814164717,574.5223766504517,3832.1359999999877,0.024322446143154968,0.12887049198431633,526.3777093325434,False,1439,1,0.9993055555555556,-1440,1440,60,ok,60,False,1439,0.9999775821670006,5.401261016636779,0.2736622654621299,0.20000000000027285,0.9999005449350069,0.20413084437291218,True,same_date_plus60_core,frozen_rule_based_v2,True,same_date_plus60_core,source_and_mapped_target_w_status_both_endpoints,finite mapped W/Wh pairs requiring the released W-status observation proxy at both endpoints on both the source W timestamps and mapped-target Wh timestamps; W status is not proof of Wh ground truth,60,1376,0.9999999804551497,0.1625558937862677,0.13212209302325897,0.20000000000027285,True,1438,0.12877058384936546,False,1376,0.9999999804551497,True,1436,0.9999999799041583,True,0,,False,0,,False
2020-08-18,Production,1437,0.7249566562647435,241.86352581937913,137.20208768267224,852.4640000000043,0.4363256784968685,0.7244221317981397,65.65206670781984,False,1437,3,0.9979166666666667,-1440,1440,60,ok,60,False,1437,0.9994861325589282,10.471455716828768,0.4612386917188584,0.20000000000004547,1.0001648331537616,0.3543108175620375,True,same_date_plus60_core,frozen_rule_based_v2,True,same_date_plus60_core,source_and_mapped_target_w_status_both_endpoints,finite mapped W/Wh pairs requiring the released W-status observation proxy at both endpoints on both the source W timestamps and mapped-target Wh timestamps; W status is not proof of Wh ground truth,60,1368,0.9999999312901057,0.12175615550561919,0.07412280701754351,0.20000000000004547,True,1434,0.7275561080885504,False,1368,0.9999999312901057,True,1428,0.9999999327538154,True,0,,False,0,,False
2020-08-18,Consumption,1437,0.16300117077863527,1302.4906274117589,604.087891440501,5242.128,0.020876826722338204,0.1624326632715925,513.7213113956327,False,1437,3,0.9979166666666667,-1440,1440,60,ok,60,False,1437,0.9997583697498558,22.18993985477484,1.0310368823938802,0.20000000000027285,0.999948160986079,0.9282612235184615,True,same_date_plus60_core,frozen_rule_based_v2,True,same_date_plus60_core,source_and_mapped_target_w_status_both_endpoints,finite mapped W/Wh pairs requiring the released W-status observation proxy at both endpoints on both the source W timestamps and mapped-target Wh timestamps; W status is not proof of Wh ground truth,60,1368,0.9999999870568396,0.16463676125913024,0.13552631578947755,0.20000000000027285,True,1434,0.16362404560284155,False,1368,0.9999999870568396,True,1428,0.9999999864902784,True,0,,False,0,,False
2020-08-19,Production,1439,0.6954478762979127,439.17819314833883,244.23835997220291,1505.9079999999997,0.38151494093120225,0.6954265380460465,122.34037591258988,False,1439,1,0.9993055555555556,-1440,1440,60,ok,60,False,1439,0.9999999757954575,0.12409505648405031,0.07699791521890052,0.20000000000004547,0.9999863152806389,0.0021607288572909056,True,same_date_plus60_core,frozen_rule_based_v2,True,same_date_plus60_core,source_and_mapped_target_w_status_both_endpoints,finite mapped W/Wh pairs requiring the released W-status observation proxy at both endpoints on both the source W timestamps and mapped-target Wh timestamps; W status is not proof of Wh ground truth,60,1376,0.9999999752177836,0.12690410222995116,0.08052325581395192,0.20000000000004547,True,1438,0.6953399419955685,False,1376,0.9999999752177836,True,1436,0.9999999757696897,True,0,,False,0,,False
2020-08-19,Consumption,1439,0.0420993277711786,1422.473482348515,781.3396108408617,4647.363999999993,0.024322446143154968,0.041974681728060986,689.7704270451973,False,1439,1,0.9993055555555556,-1440,1440,60,ok,60,False,1439,0.9999956683039241,3.0307343892448744,0.2141765114662956,0.20000000000027285,0.9999555715429208,0.1144638604383772,True,same_date_plus60_core,frozen_rule_based_v2,True,same_date_plus60_core,source_and_mapped_target_w_status_both_endpoints,finite mapped W/Wh pairs requiring the released W-status observation proxy at both endpoints on both the source W timestamps and mapped-target Wh timestamps; W status is not proof of Wh ground truth,60,1376,0.9999999877152804,0.1636253519903101,0.13386627906976653,0.20000000000027285,True,1438,0.04187028319929237,False,1376,0.9999999877152804,True,1436,0.9999999873204952,True,0,,False,0,,False
2020-08-20,Production,1439,0.8010377289490721,352.15233065944795,206.05531619179988,1114.7839999999997,0.44266851980542044,0.8010396901404431,80.03387580998657,False,1439,1,0.9993055555555556,-1440,1440,60,ok,60,False,1439,0.9999999785249374,0.11575056453303005,0.06699096594857605,0.20000000000004547,1.0000024268382415,-0.0043119116336356456,True,same_date_plus60_core,frozen_rule_based_v2,True,same_date_plus60_core,source_and_mapped_target_w_status_both_endpoints,finite mapped W/Wh pairs requiring the released W-status observation proxy at both endpoints on both the source W timestamps and mapped-target Wh timestamps; W status is not proof of Wh ground truth,60,1376,0.9999999780033859,0.11837072233866287,0.0700581395348844,0.20000000000004547,True,1438,0.8009658576182324,False,1376,0.9999999780033859,True,1436,0.9999999785016788,True,0,,False,0,,False
2020-08-20,Consumption,1439,0.05325142287587543,1617.334961988495,989.3708825573316,4579.3919999999935,0.008339124391938846,0.05325844170458536,871.1767212953102,False,1439,1,0.9993055555555556,-1440,1440,60,ok,60,False,1439,0.9999831551608657,6.824285212298123,0.3120222376650455,0.20000000000027285,0.9999124042602985,0.2623544912524949,True,same_date_plus60_core,frozen_rule_based_v2,True,same_date_plus60_core,source_and_mapped_target_w_status_both_endpoints,finite mapped W/Wh pairs requiring the released W-status observation proxy at both endpoints on both the source W timestamps and mapped-target Wh timestamps; W status is not proof of Wh ground truth,60,1376,0.9999999906501563,0.16273462489444232,0.13241279069767475,0.20000000000027285,True,1438,0.05303565347272728,False,1376,0.9999999906501563,True,1436,0.9999999904390331,True,0,,False,0,,False
2020-08-21,Production,1438,0.5679527614697392,49.047422200136495,28.62698191933241,147.8299999999999,0.48678720445062584,0.5679957170206417,15.774131386307332,False,1438,2,0.9986111111111111,-1440,1440,60,ok,60,False,1438,0.9999977024579509,0.11311741410645279,0.06397774687065369,0.20000000000001705,1.0000141260935176,0.001153077761223642,True,same_date_plus60_core,frozen_rule_based_v2,True,same_date_plus60_core,source_and_mapped_target_w_status_both_endpoints,finite mapped W/Wh pairs requiring the released W-status observation proxy at both endpoints on both the source W timestamps and mapped-target Wh timestamps; W status is not proof of Wh ground truth,60,1374,0.9999976553653759,0.1155960441141787,0.0668122270742358,0.20000000000001705,True,1437,0.5678086803700146,False,1374,0.9999976553653759,True,1434,0.9999976993836454,True,0,,False,0,,False
2020-08-21,Consumption,1438,0.1106706300702208,766.1340059704384,306.86592489568847,2556.399999999998,0.0521557719054242,0.11083198775260716,315.4969100864149,False,1438,2,0.9986111111111111,-1440,1440,60,ok,60,False,1438,0.9998104065032505,11.18233755335452,0.42781641168289253,0.20000000000027285,0.9998653202779985,0.3437757666378616,True,same_date_plus60_core,frozen_rule_based_v2,True,same_date_plus60_core,source_and_mapped_target_w_status_both_endpoints,finite mapped W/Wh pairs requiring the released W-status observation proxy at both endpoints on both the source W timestamps and mapped-target Wh timestamps; W status is not proof of Wh ground truth,60,1374,0.9999999610827037,0.16356650913682777,0.13377001455604035,0.20000000000027285,True,1437,0.11063362413650535,False,1374,0.9999999610827037,True,1434,0.9999999596971431,True,0,,False,0,,False
2020-08-22,Production,1439,0.7638158595719291,184.34001027575164,96.40597637248088,713.359999999997,0.4405837387074357,0.7638049053741153,40.830833697846856,False,1439,1,0.9993055555555556,-1440,1440,60,ok,60,False,1439,0.9999999109385462,0.1132009473559277,0.06407227241139736,0.20000000000004547,0.9999973412914457,0.0003205683947271609,True,same_date_plus60_core,frozen_rule_based_v2,True,same_date_plus60_core,source_and_mapped_target_w_status_both_endpoints,finite mapped W/Wh pairs requiring the released W-status observation proxy at both endpoints on both the source W timestamps and mapped-target Wh timestamps; W status is not proof of Wh ground truth,60,1376,0.9999999092122787,0.11576339140979688,0.06700581395348895,0.20000000000004547,True,1438,0.7637476253426807,False,1376,0.9999999092122787,True,1436,0.9999999108612078,True,0,,False,0,,False
2020-08-22,Consumption,1439,0.39946446939506663,50.15576460113148,29.825712300208476,112.12399999999998,0.054204308547602505,0.3966314341378895,101.46145033777556,False,1439,1,0.9993055555555556,-1440,1440,60,ok,60,False,1439,0.9980914311534262,2.830755343815369,0.21042390548992396,0.20000000000001705,0.9979374903252723,0.4109970075531919,True,same_date_plus60_core,frozen_rule_based_v2,True,same_date_plus60_core,source_and_mapped_target_w_status_both_endpoints,finite mapped W/Wh pairs requiring the released W-status observation proxy at both endpoints on both the source W timestamps and mapped-target Wh timestamps; W status is not proof of Wh ground truth,60,1376,0.9999934588452735,0.16521655978716865,0.13648255813953536,0.20000000000001705,True,1438,0.39887955540079467,False,1376,0.9999934588452735,True,1436,0.9999935235870246,True,0,,False,0,,False
2020-08-23,Production,1439,0.7443806360648881,346.5625991986265,186.85323141070182,1272.5559999999987,0.3634468380820014,0.7443825727026661,82.3822515609973,False,1439,1,0.9993055555555556,-1440,1440,60,ok,60,False,1439,0.9999999660044039,0.1264251626505424,0.07991660875608123,0.20000000000004547,1.0000025676810438,0.0020911918537080965,True,same_date_plus60_core,frozen_rule_based_v2,True,same_date_plus60_core,source_and_mapped_target_w_status_both_endpoints,finite mapped W/Wh pairs requiring the released W-status observation proxy at both endpoints on both the source W timestamps and mapped-target Wh timestamps; W status is not proof of Wh ground truth,60,1376,0.999999965302507,0.12928695324382017,0.08357558139534947,0.20000000000004547,True,1438,0.744302024159898,False,1376,0.999999965302507,True,1436,0.9999999659729993,True,0,,False,0,,False
2020-08-23,Consumption,1439,0.1824713227239089,934.3271508278825,362.41466296038914,4248.235999999997,0.03266157053509382,0.1825364001161519,320.15766771035845,False,1439,1,0.9993055555555556,-1440,1440,60,ok,60,False,1439,0.9999761909031222,5.0429785919163646,0.26726893676164193,0.20000000000027285,0.999961300010488,0.14680678782286805,True,same_date_plus60_core,frozen_rule_based_v2,True,same_date_plus60_core,source_and_mapped_target_w_status_both_endpoints,finite mapped W/Wh pairs requiring the released W-status observation proxy at both endpoints on both the source W timestamps and mapped-target Wh timestamps; W status is not proof of Wh ground truth,60,1376,0.9999999758188132,0.16406890214529837,0.13459302325581596,0.20000000000027285,True,1438,0.18241101362380072,False,1376,0.9999999758188132,True,1436,0.9999999749041178,True,0,,False,0,,False
2020-08-24,Production,1439,0.633618679658138,136.8829477179518,67.50465601111883,610.3519999999978,0.4857539958304378,0.6336059052259108,41.610622718008145,False,1439,1,0.9993055555555556,-1440,1440,60,ok,60,False,1439,0.999999747008946,0.11381317976759912,0.0647671994440588,0.20000000000004547,0.9999795859414057,9.473998488829238e-05,True,same_date_plus60_core,frozen_rule_based_v2,True,same_date_plus60_core,source_and_mapped_target_w_status_both_endpoints,finite mapped W/Wh pairs requiring the released W-status observation proxy at both endpoints on both the source W timestamps and mapped-target Wh timestamps; W status is not proof of Wh ground truth,60,1376,0.9999997410277379,0.11638948246257967,0.06773255813953533,0.20000000000004547,True,1438,0.6334901093014962,False,1376,0.9999997410277379,True,1436,0.9999997467420522,True,0,,False,0,,False
2020-08-24,Consumption,1439,-0.0506623439402349,1050.7242852629884,482.63558026407236,4077.899999999999,0.015288394718554551,-0.050760889424583094,464.5038573864426,False,1439,1,0.9993055555555556,-1440,1440,60,ok,60,False,1439,0.9999757649359022,5.043050247879821,0.27088255733148325,0.20000000000027285,0.9999395625382062,0.1554954411909648,True,same_date_plus60_core,frozen_rule_based_v2,True,same_date_plus60_core,source_and_mapped_target_w_status_both_endpoints,finite mapped W/Wh pairs requiring the released W-status observation proxy at both endpoints on both the source W timestamps and mapped-target Wh timestamps; W status is not proof of Wh ground truth,60,1376,0.9999999747069787,0.1662689052024167,0.1382267441860497,0.20000000000027285,True,1438,-0.050746603259276594,False,1376,0.9999999747069787,True,1436,0.9999999737251829,True,0,,False,0,,False
2020-08-25,Production,1437,0.7682379086403415,212.47953145516,112.29728601252609,860.5120000000021,0.3903966597077244,0.7682625661834713,53.972512141682614,False,1437,3,0.9979166666666667,-1440,1440,60,ok,60,False,1437,0.9999994124799367,0.33844377566034317,0.08002783576896282,0.20000000000004547,1.0000012866305792,0.00958201065103026,True,same_date_plus60_core,frozen_rule_based_v2,True,same_date_plus60_core,source_and_mapped_target_w_status_both_endpoints,finite mapped W/Wh pairs requiring the released W-status observation proxy at both endpoints on both the source W timestamps and mapped-target Wh timestamps; W status is not proof of Wh ground truth,60,1370,0.9999999247501212,0.12250428266012885,0.07503649635036466,0.20000000000004547,True,1434,0.7679907253769005,False,1370,0.9999999247501212,True,1428,0.9999999265379584,True,0,,False,0,,False
2020-08-25,Consumption,1437,0.010558539904860758,574.5304704377113,194.50661099512874,2518.512,0.04523312456506611,0.01053725154782025,262.7216781534739,False,1437,3,0.9979166666666667,-1440,1440,60,ok,60,False,1437,0.9998926544353856,5.995892818332836,0.40473208072372885,0.200000000000191,0.9997881456975094,0.3217477400414168,True,same_date_plus60_core,frozen_rule_based_v2,True,same_date_plus60_core,source_and_mapped_target_w_status_both_endpoints,finite mapped W/Wh pairs requiring the released W-status observation proxy at both endpoints on both the source W timestamps and mapped-target Wh timestamps; W status is not proof of Wh ground truth,60,1370,0.999999924504321,0.16255263044390603,0.13211678832116672,0.20000000000004547,True,1434,0.010378343622534989,False,1370,0.999999924504321,True,1428,0.9999999217459563,True,0,,False,0,,False
2020-08-26,Production,1438,0.7849586451984932,115.51873211175119,63.68623087621697,365.02399999999943,0.5368567454798331,0.7849487150081297,25.282392164823136,False,1438,2,0.9986111111111111,-1440,1440,60,ok,60,False,1438,0.9999998252683268,0.10415565542172103,0.054242002781641444,0.20000000000004547,0.9999871746800583,0.0020640971053040857,True,same_date_plus60_core,frozen_rule_based_v2,True,same_date_plus60_core,source_and_mapped_target_w_status_both_endpoints,finite mapped W/Wh pairs requiring the released W-status observation proxy at both endpoints on both the source W timestamps and mapped-target Wh timestamps; W status is not proof of Wh ground truth,60,1374,0.9999998215694553,0.10655379763477728,0.05676855895196536,0.20000000000004547,True,1437,0.7848919672542579,False,1374,0.9999998215694553,True,1434,0.9999998250511416,True,0,,False,0,,False
2020-08-26,Consumption,1438,0.10485969018657694,1173.2559154876244,655.4511821974966,3990.926,0.011126564673157162,0.10530261501425575,626.0649436743549,False,1438,2,0.9986111111111111,-1440,1440,60,ok,60,False,1438,0.9999229415999414,10.86592202596125,0.4191933240611972,0.20000000000027285,0.9998122712140024,0.40925933167829953,True,same_date_plus60_core,frozen_rule_based_v2,True,same_date_plus60_core,source_and_mapped_target_w_status_both_endpoints,finite mapped W/Wh pairs requiring the released W-status observation proxy at both endpoints on both the source W timestamps and mapped-target Wh timestamps; W status is not proof of Wh ground truth,60,1374,0.9999999834472718,0.16249510125859978,0.1320232896652122,0.20000000000027285,True,1437,0.10466731582283645,False,1374,0.9999999834472718,True,1434,0.9999999827534738,True,0,,False,0,,False
2020-08-27,Production,1438,0.6905790997057055,124.66483622425605,67.35688456189152,404.13399999999984,0.4993045897079277,0.6906278439274197,31.32085024230844,False,1438,2,0.9986111111111111,-1440,1440,60,ok,60,False,1438,0.9999997581541584,0.1102532172112185,0.060778859527121004,0.20000000000004547,1.0000171893259042,-0.0029928212002232613,True,same_date_plus60_core,frozen_rule_based_v2,True,same_date_plus60_core,source_and_mapped_target_w_status_both_endpoints,finite mapped W/Wh pairs requiring the released W-status observation proxy at both endpoints on both the source W timestamps and mapped-target Wh timestamps; W status is not proof of Wh ground truth,60,1374,0.9999997551761527,0.11240392954430632,0.06317321688500728,0.20000000000004547,True,1437,0.690491123604194,False,1374,0.9999997551761527,True,1434,0.9999997578787485,True,0,,False,0,,False
2020-08-27,Consumption,1438,0.13460675239785444,1339.2197920241083,808.9424200278164,4160.089999999995,0.0076495132127955496,0.13411149414090173,694.9067557050034,False,1438,2,0.9986111111111111,-1440,1440,60,ok,60,False,1438,0.9999393554128407,11.235041051415074,0.42559109874826273,0.20000000000027285,0.9998330057354167,0.4214177997338311,True,same_date_plus60_core,frozen_rule_based_v2,True,same_date_plus60_core,source_and_mapped_target_w_status_both_endpoints,finite mapped W/Wh pairs requiring the released W-status observation proxy at both endpoints on both the source W timestamps and mapped-target Wh timestamps; W status is not proof of Wh ground truth,60,1374,0.9999999879634943,0.16060293964075562,0.12896652110626025,0.20000000000027285,True,1437,0.13441390807198622,False,1374,0.9999999879634943,True,1434,0.9999999876091765,True,0,,False,0,,False
2020-08-28,Production,1439,0.5920717935587374,421.06048233546284,240.4138985406532,1428.9999999999989,0.43919388464211256,0.5920753028583885,132.74845359670374,False,1439,1,0.9993055555555556,-1440,1440,60,ok,60,False,1439,0.9999999686150415,0.11682622531552352,0.0682418346073671,0.20000000000004547,1.0000021713393126,0.0019341154959988671,True,same_date_plus60_core,frozen_rule_based_v2,True,same_date_plus60_core,source_and_mapped_target_w_status_both_endpoints,finite mapped W/Wh pairs requiring the released W-status observation proxy at both endpoints on both the source W timestamps and mapped-target Wh timestamps; W status is not proof of Wh ground truth,60,1376,0.999999967900838,0.11947073203908026,0.07136627906976836,0.20000000000004547,True,1438,0.5919335015104021,False,1376,0.999999967900838,True,1436,0.9999999685830738,True,0,,False,0,,False
2020-08-28,Consumption,1439,0.04248180288083233,1703.5787708197615,984.1854760250175,5351.28,0.018763029881862403,0.04256532598435339,796.5703047988383,False,1439,1,0.9993055555555556,-1440,1440,60,ok,60,False,1439,0.999990154348157,5.4593551561822995,0.282001389854066,0.20000000000027285,0.9999433322591524,0.18849805446393475,True,same_date_plus60_core,frozen_rule_based_v2,True,same_date_plus60_core,source_and_mapped_target_w_status_both_endpoints,finite mapped W/Wh pairs requiring the released W-status observation proxy at both endpoints on both the source W timestamps and mapped-target Wh timestamps; W status is not proof of Wh ground truth,60,1376,0.999999991262928,0.16556808477987034,0.13706395348837272,0.20000000000027285,True,1438,0.042312383002886984,False,1376,0.999999991262928,True,1436,0.9999999908882382,True,0,,False,0,,False
2020-08-29,Production,1439,0.7808446317682929,248.67682413747238,130.60833912439196,927.7679999999991,0.477414871438499,0.7808381517772788,53.17349873717984,False,1439,1,0.9993055555555556,-1440,1440,60,ok,60,False,1439,0.9999999537619056,0.11430060460923629,0.06532314107018632,0.20000000000004547,1.000009689483658,-0.0042962664624610625,True,same_date_plus60_core,frozen_rule_based_v2,True,same_date_plus60_core,source_and_mapped_target_w_status_both_endpoints,finite mapped W/Wh pairs requiring the released W-status observation proxy at both endpoints on both the source W timestamps and mapped-target Wh timestamps; W status is not proof of Wh ground truth,60,1376,0.9999999529617788,0.11676352568431622,0.06816860465116141,0.20000000000004547,True,1438,0.7807810466023568,False,1376,0.9999999529617788,True,1436,0.9999999537217211,True,0,,False,0,,False
2020-08-29,Consumption,1439,0.2061421199602309,1361.4695334404105,775.2645587213342,4697.171999999997,0.01250868658790827,0.205890273875518,632.9285500246012,False,1439,1,0.9993055555555556,-1440,1440,60,ok,60,False,1439,0.9999918228125582,4.373849893503029,0.2515635858234926,0.20000000000027285,0.9999359056946739,0.16052608896052334,True,same_date_plus60_core,frozen_rule_based_v2,True,same_date_plus60_core,source_and_mapped_target_w_status_both_endpoints,finite mapped W/Wh pairs requiring the released W-status observation proxy at both endpoints on both the source W timestamps and mapped-target Wh timestamps; W status is not proof of Wh ground truth,60,1376,0.9999999886660706,0.1654802735380686,0.13691860465116662,0.20000000000027285,True,1438,0.20595043038698305,False,1376,0.9999999886660706,True,1436,0.9999999883667231,True,0,,False,0,,False
2020-08-30,Production,1439,0.5870070197440832,100.05849283040052,43.67157748436415,433.8599999999997,0.5545517720639332,0.5869801344069003,21.31315766589889,False,1439,1,0.9993055555555556,-1440,1440,60,ok,60,False,1439,0.9999995669369068,0.10250510589157479,0.05253648366921479,0.20000000000004547,0.9999757141440914,-0.00013686254329314806,True,same_date_plus60_core,frozen_rule_based_v2,True,same_date_plus60_core,source_and_mapped_target_w_status_both_endpoints,finite mapped W/Wh pairs requiring the released W-status observation proxy at both endpoints on both the source W timestamps and mapped-target Wh timestamps; W status is not proof of Wh ground truth,60,1376,0.9999995625385546,0.10482543628825625,0.054941860465116336,0.20000000000004547,True,1438,0.5869439329828557,False,1376,0.9999995625385546,True,1436,0.9999995667381412,True,0,,False,0,,False
2020-08-30,Consumption,1439,0.13561923425195604,1095.7252949790764,602.4708825573315,3465.635999999995,0.01389854065323141,0.1360255790260242,573.9922589971978,False,1439,1,0.9993055555555556,-1440,1440,60,ok,60,False,1439,0.9999864613526639,4.3316569876333535,0.24850590687977453,0.20000000000027285,0.99991866131803,0.16826864810991538,True,same_date_plus60_core,frozen_rule_based_v2,True,same_date_plus60_core,source_and_mapped_target_w_status_both_endpoints,finite mapped W/Wh pairs requiring the released W-status observation proxy at both endpoints on both the source W timestamps and mapped-target Wh timestamps; W status is not proof of Wh ground truth,60,1376,0.999999981269661,0.16389162613226355,0.13430232558139213,0.20000000000027285,True,1438,0.13541020577641952,False,1376,0.999999981269661,True,1436,0.9999999805960035,True,0,,False,0,,False
2020-08-31,Production,1439,0.7228718008029161,429.39891915567733,232.3588603196664,1544.8279999999977,0.41139680333564976,0.7228771102482773,107.01820543970297,False,1439,1,0.9993055555555556,-1440,1440,60,ok,60,False,1439,0.9999999784416579,0.11999536706368023,0.07199444058373862,0.20000000000004547,1.0000073233750761,-0.00894363109199503,True,same_date_plus60_core,frozen_rule_based_v2,True,same_date_plus60_core,source_and_mapped_target_w_status_both_endpoints,finite mapped W/Wh pairs requiring the released W-status observation proxy at both endpoints on both the source W timestamps and mapped-target Wh timestamps; W status is not proof of Wh ground truth,60,1376,0.9999999779956078,0.12271161124719747,0.07529069767441852,0.20000000000004547,True,1438,0.7227853718275318,False,1376,0.9999999779956078,True,1436,0.9999999784217033,True,0,,False,0,,False
2020-08-31,Consumption,1439,0.17700203921261606,1012.838238698206,522.9072272411397,3472.3039999999946,0.020847810979847115,0.1767607624901764,467.46780209625655,False,1439,1,0.9993055555555556,-1440,1440,60,ok,60,False,1439,0.9720973758116019,189.919607073096,24.74120917303683,1158.975999999995,0.9862664236662083,32.29162572944858,False,same_date_plus60_core,frozen_rule_based_v2,True,same_date_plus60_core,source_and_mapped_target_w_status_both_endpoints,finite mapped W/Wh pairs requiring the released W-status observation proxy at both endpoints on both the source W timestamps and mapped-target Wh timestamps; W status is not proof of Wh ground truth,60,1376,0.9999999793104347,0.16380291617928305,0.13415697674418645,0.20000000000027285,True,1438,0.17687009770902584,False,1376,0.9999999793104347,True,1436,0.9720941077943018,False,0,,False,0,,False
2020-09-01,Production,1439,0.999999701902499,0.09577597209703846,0.045865184155663555,0.20000000000004547,1.0,0.9999739547783713,-0.0019874158727333224,True,0,1440,0.0,-1440,1440,60,ok,0,False,1439,0.999999701902499,0.09577597209703846,0.045865184155663555,0.20000000000004547,0.9999739547783713,-0.0019874158727333224,True,unaffected_same0,frozen_rule_based_v2,False,same_date_0,source_and_mapped_target_w_status_both_endpoints,finite mapped W/Wh pairs requiring the released W-status observation proxy at both endpoints on both the source W timestamps and mapped-target Wh timestamps; W status is not proof of Wh ground truth,60,1438,0.9999997018663965,0.09580926810781208,0.045897079276773195,0.20000000000004547,True,1438,0.9999997018663965,True,1376,0.2910863143126108,False,1436,0.2964953798802238,False,1375,0.6260337502354149,False,1435,0.6297098581245574,False
2020-09-01,Consumption,1439,0.9988902917551399,51.48420404509574,1.48881167477415,0.20000000000027285,0.9993050729673384,1.0010207593139626,0.28496618374742866,True,0,1440,0.0,-1440,1440,60,ok,0,False,1439,0.9988902917551399,51.48420404509574,1.48881167477415,0.20000000000027285,1.0010207593139626,0.28496618374742866,True,unaffected_same0,frozen_rule_based_v2,False,same_date_0,source_and_mapped_target_w_status_both_endpoints,finite mapped W/Wh pairs requiring the released W-status observation proxy at both endpoints on both the source W timestamps and mapped-target Wh timestamps; W status is not proof of Wh ground truth,60,1438,0.9999999889425295,0.1623026243278273,0.13171070931849982,0.20000000000027285,True,1438,0.9999999889425295,True,1376,0.017876795931970658,False,1436,0.004289437150688615,False,1375,-0.1836016478174556,False,1435,-0.17584338044684372,False
2020-09-02,Production,1438,0.5354748623258968,302.28797942273036,168.58901251738527,1063.6819999999998,0.5111265646731572,0.49591536124570795,3.062448594646682,False,1438,2,0.9986111111111111,-1440,1440,60,ok,1376,False,1438,0.8532609694100282,220.04604373404257,119.32183588317106,844.2019999999994,0.4545460644209657,-0.31703479940082957,False,unresolved,frozen_rule_based_v2,True,none,source_and_mapped_target_w_status_both_endpoints,finite mapped W/Wh pairs requiring the released W-status observation proxy at both endpoints on both the source W timestamps and mapped-target Wh timestamps; W status is not proof of Wh ground truth,60,0,,,,,False,1437,0.5354061368094865,False,1374,0.5452687428562363,False,1434,0.5494410914716656,False,1375,0.7124648696762619,False,1435,0.7175711545950775,False
2020-09-02,Consumption,1438,-0.12908070403154395,1969.0035161735377,1566.3397774687066,4832.189999999999,0.0,-0.16445234182800064,1767.7946761463484,False,1438,2,0.9986111111111111,-1440,1440,60,ok,137,False,1438,0.34337645449552123,1598.7613348333132,1124.3915159944368,4253.287999999998,0.455884240570933,1192.8590294619075,False,unresolved,frozen_rule_based_v2,True,none,source_and_mapped_target_w_status_both_endpoints,finite mapped W/Wh pairs requiring the released W-status observation proxy at both endpoints on both the source W timestamps and mapped-target Wh timestamps; W status is not proof of Wh ground truth,60,0,,,,,False,1437,-0.12930412976278896,False,1374,-0.08057298109373337,False,1434,-0.080884019631811,False,1375,0.14737470344831805,False,1435,0.15778898702222233,False
2020-09-03,Production,1439,0.8062056382545733,126.76040906553915,65.51132731063238,476.40399999999954,0.5531619179986101,0.6302257278990273,16.35969187125525,False,1439,1,0.9993055555555556,-1440,1440,60,ok,10,False,1439,0.8195474752251156,123.15951587933868,64.12981236970118,456.2879999999997,0.6406552864598856,15.033181032836936,False,unresolved,frozen_rule_based_v2,True,none,source_and_mapped_target_w_status_both_endpoints,finite mapped W/Wh pairs requiring the released W-status observation proxy at both endpoints on both the source W timestamps and mapped-target Wh timestamps; W status is not proof of Wh ground truth,60,0,,,,,False,1438,0.8061566630212824,False,1376,0.7289872932065234,False,1436,0.7332956979981484,False,1374,0.47429368837940844,False,1434,0.4840141391412987,False
2020-09-03,Consumption,1439,0.16997323395337413,1805.0108991506986,978.3332175121612,8279.14,0.001389854065323141,0.22087623389733826,789.8546159339171,False,1439,1,0.9993055555555556,-1440,1440,60,ok,-104,False,1439,0.25135629821957034,1747.5073496799794,1208.9985406532314,4992.483999999997,0.3320508637854116,806.3086776802304,False,unresolved,frozen_rule_based_v2,True,none,source_and_mapped_target_w_status_both_endpoints,finite mapped W/Wh pairs requiring the released W-status observation proxy at both endpoints on both the source W timestamps and mapped-target Wh timestamps; W status is not proof of Wh ground truth,60,0,,,,,False,1438,0.16978344733197834,False,1376,0.12081810152599551,False,1436,0.1313378667799547,False,1374,0.4042749962210067,False,1434,0.41284625748893683,False
2020-09-04,Production,1437,0.8228591482798469,460.3876748590728,250.88949199721642,1375.5680000000002,0.453027139874739,0.45836258105370836,10.88776331444538,False,1437,3,0.9979166666666667,-1440,1440,60,ok,-24,False,1437,0.840039546672887,452.3751787533468,257.17146833681284,1331.3200000000013,0.4672566288615665,6.550287349239966,False,unresolved,frozen_rule_based_v2,True,none,source_and_mapped_target_w_status_both_endpoints,finite mapped W/Wh pairs requiring the released W-status observation proxy at both endpoints on both the source W timestamps and mapped-target Wh timestamps; W status is not proof of Wh ground truth,60,0,,,,,False,1435,0.8227030408496162,False,1370,0.7165454345273184,False,1430,0.7218895781594414,False,1370,0.8606478529762712,False,1430,0.8635068419960107,False
2020-09-04,Consumption,1437,0.008590989919149597,1658.2368121272502,882.0389700765484,6755.536000000021,0.003479471120389701,0.01802840348521485,905.4549196654939,False,1437,3,0.9979166666666667,-1440,1440,60,ok,1436,False,1437,0.29474372095362494,1079.9334132415252,635.2069589422407,3100.7280000000114,0.42771775349352126,578.209393187761,False,unresolved,frozen_rule_based_v2,True,none,source_and_mapped_target_w_status_both_endpoints,finite mapped W/Wh pairs requiring the released W-status observation proxy at both endpoints on both the source W timestamps and mapped-target Wh timestamps; W status is not proof of Wh ground truth,60,0,,,,,False,1435,0.008235607199733394,False,1370,0.19681727921763173,False,1430,0.19550988042486953,False,1370,0.12254673899116447,False,1430,0.1338900916109141,False
2020-09-05,Production,1439,0.46013742967593396,734.9986248184815,431.26907574704654,1897.82,0.3419041000694927,1.0894462251353891,349.58529733747247,False,1439,1,0.9993055555555556,-1440,1440,60,ok,174,False,1439,0.8515517813125749,608.5818981718795,376.29381514940934,1528.0399999999997,2.016180686381298,171.19654675178077,False,unresolved,frozen_rule_based_v2,True,none,source_and_mapped_target_w_status_both_endpoints,finite mapped W/Wh pairs requiring the released W-status observation proxy at both endpoints on both the source W timestamps and mapped-target Wh timestamps; W status is not proof of Wh ground truth,60,0,,,,,False,1438,0.4599544217450068,False,1376,0.645217941131964,False,1436,0.6526165462448837,False,1376,0.7199055012590057,False,1436,0.72472056876451,False
2020-09-05,Consumption,1439,0.12672828086360266,1446.881532135011,942.8020847810981,4129.243999999997,0.001389854065323141,0.10978524846567114,707.5293041330265,False,1439,1,0.9993055555555556,-1440,1440,60,ok,201,False,1439,0.31257256738257916,1283.0988957772054,801.0828353022933,3560.5599999999968,0.2658898011068968,508.75452120554564,False,unresolved,frozen_rule_based_v2,True,none,source_and_mapped_target_w_status_both_endpoints,finite mapped W/Wh pairs requiring the released W-status observation proxy at both endpoints on both the source W timestamps and mapped-target Wh timestamps; W status is not proof of Wh ground truth,60,0,,,,,False,1438,0.1265257828251781,False,1376,0.26246701840081293,False,1436,0.27300136008480896,False,1376,0.1176089669462794,False,1436,0.12790045666800237,False
2020-09-06,Production,1439,0.7882056404499279,461.3716841529739,260.7135510771369,1587.8599999999985,0.3766504517025712,0.970004709397453,183.44039502162929,False,1439,1,0.9993055555555556,-1440,1440,60,ok,90,False,1439,0.8973032767299925,356.550241506796,207.5577484364142,1309.655999999998,1.104265637694522,130.3138401926862,False,unresolved,frozen_rule_based_v2,True,none,source_and_mapped_target_w_status_both_endpoints,finite mapped W/Wh pairs requiring the released W-status observation proxy at both endpoints on both the source W timestamps and mapped-target Wh timestamps; W status is not proof of Wh ground truth,60,0,,,,,False,1438,0.7881251271017926,False,1376,0.8782367975040432,False,1436,0.8810164418685483,False,1375,0.7647813761707297,False,1435,0.7681322609616716,False
2020-09-06,Consumption,1439,0.026167304280332954,1376.9991837506786,749.3116052814454,4673.835999999999,0.004169562195969423,0.021302139040374153,562.8772349223378,False,1439,1,0.9993055555555556,-1440,1440,60,ok,257,False,1439,0.3689811643098571,1117.1119595891555,564.5430159833217,4524.359999999998,0.30049006458504013,368.28971441120217,False,unresolved,frozen_rule_based_v2,True,none,source_and_mapped_target_w_status_both_endpoints,finite mapped W/Wh pairs requiring the released W-status observation proxy at both endpoints on both the source W timestamps and mapped-target Wh timestamps; W status is not proof of Wh ground truth,60,0,,,,,False,1438,0.025990315027441344,False,1376,0.19215253668019536,False,1436,0.1977592934087164,False,1375,0.09450768480054757,False,1435,0.10300282667132199,False
2020-09-07,Production,1439,0.9145993742517898,265.43400834606217,155.5555246699097,869.1159999999999,0.42043085476025016,0.9394245788916816,37.73957431826648,False,1439,1,0.9993055555555556,-1440,1440,60,ok,66,False,1439,0.9735320192857322,148.62076021980013,84.90201528839472,452.63999999999874,0.999956847776378,8.44923351130285,False,unresolved,frozen_rule_based_v2,True,none,source_and_mapped_target_w_status_both_endpoints,finite mapped W/Wh pairs requiring the released W-status observation proxy at both endpoints on both the source W timestamps and mapped-target Wh timestamps; W status is not proof of Wh ground truth,60,0,,,,,False,1438,0.9145649013807556,False,1376,0.9722292315016013,False,1436,0.9729333320857239,False,1375,0.6352941206110038,False,1435,0.6442808541137994,False
2020-09-07,Consumption,1439,0.3299387161899363,716.4096611278574,341.14801945795693,2439.2799999999997,0.0,0.02422039162255888,160.83350629113554,False,1439,1,0.9993055555555556,-1440,1440,60,ok,-1334,False,1439,0.43608042704080363,836.704305451006,399.855872133426,3012.6279999999992,0.5922172107645987,273.11274277218695,False,unresolved,frozen_rule_based_v2,True,none,source_and_mapped_target_w_status_both_endpoints,finite mapped W/Wh pairs requiring the released W-status observation proxy at both endpoints on both the source W timestamps and mapped-target Wh timestamps; W status is not proof of Wh ground truth,60,0,,,,,False,1438,0.33013926779304925,False,1376,0.36156781589535536,False,1436,0.25884902288822675,False,1375,0.03002652526965296,False,1435,0.03690733319211372,False
2020-09-08,Production,1439,0.26255521933076803,378.8274393044664,193.64252953439888,1731.975999999995,0.448227936066713,0.42049730937377233,146.31557116188293,False,1439,1,0.9993055555555556,-1440,1440,60,ok,-1240,False,1439,0.8814749356397631,577.1581265027689,349.04600416956214,1459.1639999999998,2.5266665250574554,122.032964926587,False,unresolved,frozen_rule_based_v2,True,none,source_and_mapped_target_w_status_both_endpoints,finite mapped W/Wh pairs requiring the released W-status observation proxy at both endpoints on both the source W timestamps and mapped-target Wh timestamps; W status is not proof of Wh ground truth,60,0,,,,,False,1438,0.2623654630898568,False,1376,0.3729498960220355,False,1436,0.38307490178090287,False,1376,0.7960164937327592,False,1436,0.7994330557973194,False
2020-09-08,Consumption,1439,0.040880623179947916,1529.6251199430553,862.8788047255039,4452.82399999998,0.001389854065323141,0.059000031388940846,846.9584123243802,False,1439,1,0.9993055555555556,-1440,1440,60,ok,-349,False,1439,0.4946716280463189,1012.8435477284345,471.53453787352333,3360.863999999992,0.6172294382022522,176.35004614080918,False,unresolved,frozen_rule_based_v2,True,none,source_and_mapped_target_w_status_both_endpoints,finite mapped W/Wh pairs requiring the released W-status observation proxy at both endpoints on both the source W timestamps and mapped-target Wh timestamps; W status is not proof of Wh ground truth,60,0,,,,,False,1438,0.04070948639817166,False,1376,0.15849221190939972,False,1436,0.16745941431990222,False,1376,-0.07445843260060586,False,1436,-0.06484236126743997,False
2020-09-09,Production,1431,0.999710081958488,10.049409884404605,0.5124155602143023,0.20000000000004547,0.9979035639412998,0.9995906189950524,0.5614312749065107,True,0,1440,0.0,-1440,1440,60,ok,0,False,1431,0.999710081958488,10.049409884404605,0.5124155602143023,0.20000000000004547,0.9995906189950524,0.5614312749065107,True,unaffected_same0,frozen_rule_based_v2,False,same_date_0,source_and_mapped_target_w_status_both_endpoints,finite mapped W/Wh pairs requiring the released W-status observation proxy at both endpoints on both the source W timestamps and mapped-target Wh timestamps; W status is not proof of Wh ground truth,60,1427,0.9999999625269569,0.11429071968215898,0.06531184302733,0.20000000000004547,True,1427,0.9999999625269569,True,1354,0.6914786226390728,False,1414,0.697468755712768,False,1354,0.6914786226390728,False,1414,0.697468755712768,False
2020-09-09,Consumption,1431,0.999925268869471,11.151878251643662,0.7161425576519951,0.20000000000027285,0.9972047519217331,0.9996851446827953,0.7874050592215553,True,0,1440,0.0,-1440,1440,60,ok,0,False,1431,0.999925268869471,11.151878251643662,0.7161425576519951,0.20000000000027285,0.9996851446827953,0.7874050592215553,True,unaffected_same0,frozen_rule_based_v2,False,same_date_0,source_and_mapped_target_w_status_both_endpoints,finite mapped W/Wh pairs requiring the released W-status observation proxy at both endpoints on both the source W timestamps and mapped-target Wh timestamps; W status is not proof of Wh ground truth,60,1427,0.9999999839539144,0.16361371088949522,0.13384723195515405,0.20000000000027285,True,1427,0.9999999839539144,True,1354,0.1367640145019633,False,1414,0.14144346748082492,False,1354,0.1367640145019633,False,1414,0.14144346748082492,False
2020-09-10,Production,1439,0.9999999711972297,0.11538978267505415,0.06657400972898002,0.20000000000004547,1.0,0.9999925202219144,-0.0023464131268724486,True,0,1440,0.0,-1440,1440,60,ok,0,False,1439,0.9999999711972297,0.11538978267505415,0.06657400972898002,0.20000000000004547,0.9999925202219144,-0.0023464131268724486,True,unaffected_same0,frozen_rule_based_v2,False,same_date_0,source_and_mapped_target_w_status_both_endpoints,finite mapped W/Wh pairs requiring the released W-status observation proxy at both endpoints on both the source W timestamps and mapped-target Wh timestamps; W status is not proof of Wh ground truth,60,1438,0.999999971191256,0.11542989732346745,0.06662030598053008,0.20000000000004547,True,1438,0.999999971191256,True,1376,0.7376709499128714,False,1436,0.7410935987844853,False,1375,0.5222052048672448,False,1435,0.529795849874483,False
2020-09-10,Consumption,1439,0.9999308322894997,14.968904530699657,0.523697011813758,0.20000000000027285,0.9993050729673384,0.9999263199581955,0.4539631422945831,True,0,1440,0.0,-1440,1440,60,ok,0,False,1439,0.9999308322894997,14.968904530699657,0.523697011813758,0.20000000000027285,0.9999263199581955,0.4539631422945831,True,unaffected_same0,frozen_rule_based_v2,False,same_date_0,source_and_mapped_target_w_status_both_endpoints,finite mapped W/Wh pairs requiring the released W-status observation proxy at both endpoints on both the source W timestamps and mapped-target Wh timestamps; W status is not proof of Wh ground truth,60,1438,0.9999999920295617,0.16075274944275905,0.12920723226703593,0.20000000000027285,True,1438,0.9999999920295617,True,1376,0.3333720050752574,False,1436,0.34048851404997954,False,1375,0.1848849070081045,False,1435,0.19614648079551722,False
2020-09-11,Production,1435,0.999999784558267,0.09265724933138615,0.04292682926829301,0.20000000000004547,1.0,0.999985153572662,0.0012989486782970516,True,0,1440,0.0,-1440,1440,60,ok,0,False,1435,0.999999784558267,0.09265724933138615,0.04292682926829301,0.20000000000004547,0.999985153572662,0.0012989486782970516,True,unaffected_same0,frozen_rule_based_v2,False,same_date_0,source_and_mapped_target_w_status_both_endpoints,finite mapped W/Wh pairs requiring the released W-status observation proxy at both endpoints on both the source W timestamps and mapped-target Wh timestamps; W status is not proof of Wh ground truth,60,1431,0.9999997844154929,0.09278665896055488,0.0430468204053113,0.20000000000004547,True,1431,0.9999997844154929,True,1362,0.623224957934838,False,1422,0.6270139700497125,False,1368,0.09804660455683693,False,1428,0.10835439402440984,False
2020-09-11,Consumption,1435,0.9960043706367124,101.80588087036494,4.352752613240422,0.20000000000027285,0.997212543554007,1.0045685818179282,-0.678494240082955,True,0,1440,0.0,-1440,1440,60,ok,0,False,1435,0.9960043706367124,101.80588087036494,4.352752613240422,0.20000000000027285,1.0045685818179282,-0.678494240082955,True,unaffected_same0,frozen_rule_based_v2,False,same_date_0,source_and_mapped_target_w_status_both_endpoints,finite mapped W/Wh pairs requiring the released W-status observation proxy at both endpoints on both the source W timestamps and mapped-target Wh timestamps; W status is not proof of Wh ground truth,60,1431,0.9999999893363588,0.1646630084724248,0.13556953179595077,0.20000000000027285,True,1431,0.9999999893363588,True,1362,0.4456427723201454,False,1422,0.40527854693615634,False,1368,0.1853923604476682,False,1428,0.1980194726851455,False
2020-09-12,Production,1438,0.9999886038489911,0.07495942342323864,0.02809457579972186,0.20000000000000284,1.0,0.9996880147187627,-0.005108660081916128,True,0,1440,0.0,-1440,1440,60,ok,0,False,1438,0.9999886038489911,0.07495942342323864,0.02809457579972186,0.20000000000000284,0.9996880147187627,-0.005108660081916128,True,unaffected_same0,frozen_rule_based_v2,False,same_date_0,source_and_mapped_target_w_status_both_endpoints,finite mapped W/Wh pairs requiring the released W-status observation proxy at both endpoints on both the source W timestamps and mapped-target Wh timestamps; W status is not proof of Wh ground truth,60,1437,0.9999886027486834,0.07498550080215353,0.028114126652748806,0.20000000000000284,True,1437,0.9999886027486834,True,1374,0.41530399713133354,False,1434,0.4158558439056387,False,1374,0.45317726261189417,False,1434,0.45357418772557745,False
2020-09-12,Consumption,1438,0.9994388806615454,67.29804858636456,1.9044506258692606,0.2000000000007276,0.9993045897079277,0.9997139518502597,2.3276675270615215,True,0,1440,0.0,-1440,1440,60,ok,0,False,1438,0.9994388806615454,67.29804858636456,1.9044506258692606,0.2000000000007276,0.9997139518502597,2.3276675270615215,True,unaffected_same0,frozen_rule_based_v2,False,same_date_0,source_and_mapped_target_w_status_both_endpoints,finite mapped W/Wh pairs requiring the released W-status observation proxy at both endpoints on both the source W timestamps and mapped-target Wh timestamps; W status is not proof of Wh ground truth,60,1437,0.9999999967826826,0.1611544986731285,0.12985386221294132,0.2000000000007276,True,1437,0.9999999967826826,True,1374,0.06281701639862716,False,1434,0.07898968053845559,False,1374,0.1903592389719499,False,1434,0.19392605006231994,False
2020-09-13,Production,1438,0.9999999019746784,0.15875033538453168,0.07315716272600928,0.20000000000004547,0.9993045897079277,1.0000016105381573,0.0007582260741969549,True,0,1440,0.0,-1440,1440,60,ok,0,False,1438,0.9999999019746784,0.15875033538453168,0.07315716272600928,0.20000000000004547,1.0000016105381573,0.0007582260741969549,True,unaffected_same0,frozen_rule_based_v2,False,same_date_0,source_and_mapped_target_w_status_both_endpoints,finite mapped W/Wh pairs requiring the released W-status observation proxy at both endpoints on both the source W timestamps and mapped-target Wh timestamps; W status is not proof of Wh ground truth,60,1437,0.9999999452668673,0.11867981755689472,0.07042449547668847,0.20000000000004547,True,1437,0.9999999452668673,True,1374,0.812853808529721,False,1434,0.8159357595109001,False,0,,False,0,,False
2020-09-13,Consumption,1438,0.9997526888824727,19.514942030348035,0.646036161335187,0.20000000000027285,0.9993045897079277,0.9998944471754485,0.57347383776073,True,0,1440,0.0,-1440,1440,60,ok,0,False,1438,0.9997526888824727,19.514942030348035,0.646036161335187,0.20000000000027285,0.9998944471754485,0.57347383776073,True,unaffected_same0,frozen_rule_based_v2,False,same_date_0,source_and_mapped_target_w_status_both_endpoints,finite mapped W/Wh pairs requiring the released W-status observation proxy at both endpoints on both the source W timestamps and mapped-target Wh timestamps; W status is not proof of Wh ground truth,60,1437,0.9999999829208165,0.16218755090988235,0.1315240083507299,0.20000000000027285,True,1437,0.9999999829208165,True,1374,0.4505485309797568,False,1434,0.4529886591521138,False,0,,False,0,,False
2020-09-14,Production,1439,0.9999999559264345,0.11134405355780015,0.061987491313411844,0.20000000000004547,1.0,1.0000256589220122,0.0010460200517741214,True,0,1440,0.0,-1440,1440,60,ok,0,False,1439,0.9999999559264345,0.11134405355780015,0.061987491313411844,0.20000000000004547,1.0000256589220122,0.0010460200517741214,True,unaffected_same0,frozen_rule_based_v2,False,same_date_0,source_and_mapped_target_w_status_both_endpoints,finite mapped W/Wh pairs requiring the released W-status observation proxy at both endpoints on both the source W timestamps and mapped-target Wh timestamps; W status is not proof of Wh ground truth,60,1438,0.9999999559168661,0.11138276172985695,0.06203059805285094,0.20000000000004547,True,1438,0.9999999559168661,True,1376,0.5947976571447194,False,1436,0.6003277885397775,False,0,,False,0,,False
2020-09-14,Consumption,1439,0.9999967322061586,3.225338355151589,0.21278665740097324,0.20000000000027285,0.9993050729673384,0.9999653940212493,0.1059161724160731,True,0,1440,0.0,-1440,1440,60,ok,0,False,1439,0.9999967322061586,3.225338355151589,0.21278665740097324,0.20000000000027285,0.9999653940212493,0.1059161724160731,True,unaffected_same0,frozen_rule_based_v2,False,same_date_0,source_and_mapped_target_w_status_both_endpoints,finite mapped W/Wh pairs requiring the released W-status observation proxy at both endpoints on both the source W timestamps and mapped-target Wh timestamps; W status is not proof of Wh ground truth,60,1438,0.9999999919729841,0.1599721811699179,0.12795549374130769,0.20000000000027285,True,1438,0.9999999919729841,True,1376,0.23782467125549717,False,1436,0.24517173856433339,False,0,,False,0,,False
2020-09-15,Production,1439,0.9999999186085526,0.11084362831239544,0.06143154968728271,0.20000000000004547,1.0,1.000010287690483,-0.006621115662227339,True,0,1440,0.0,-1440,1440,60,ok,0,False,1439,0.9999999186085526,0.11084362831239544,0.06143154968728271,0.20000000000004547,1.000010287690483,-0.006621115662227339,True,unaffected_same0,frozen_rule_based_v2,False,same_date_0,source_and_mapped_target_w_status_both_endpoints,finite mapped W/Wh pairs requiring the released W-status observation proxy at both endpoints on both the source W timestamps and mapped-target Wh timestamps; W status is not proof of Wh ground truth,60,1438,0.9999999185901575,0.11088216251425913,0.0614742698191932,0.20000000000004547,True,1438,0.9999999185901575,True,1376,0.5826043011755794,False,1436,0.5885988961398196,False,0,,False,0,,False
2020-09-15,Consumption,1439,0.9999957046799531,3.4625124340285973,0.22571230020848096,0.20000000000027285,0.9993050729673384,0.9999508205830132,0.13044547494371272,True,0,1440,0.0,-1440,1440,60,ok,0,False,1439,0.9999957046799531,3.4625124340285973,0.22571230020848096,0.20000000000027285,0.9999508205830132,0.13044547494371272,True,unaffected_same0,frozen_rule_based_v2,False,same_date_0,source_and_mapped_target_w_status_both_endpoints,finite mapped W/Wh pairs requiring the released W-status observation proxy at both endpoints on both the source W timestamps and mapped-target Wh timestamps; W status is not proof of Wh ground truth,60,1438,0.9999999903577054,0.16409231093820587,0.13463143254520454,0.20000000000027285,True,1438,0.9999999903577054,True,1376,0.12487673582600703,False,1436,0.13389700330545473,False,0,,False,0,,False
2020-09-16,Production,1438,0.999999933584391,0.10936661750115405,0.059805285118219316,0.20000000000004547,1.0,0.9999934028238718,0.0009426667231764441,True,0,1440,0.0,-1440,1440,60,ok,0,False,1438,0.999999933584391,0.10936661750115405,0.059805285118219316,0.20000000000004547,0.9999934028238718,0.0009426667231764441,True,unaffected_same0,frozen_rule_based_v2,False,same_date_0,source_and_mapped_target_w_status_both_endpoints,finite mapped W/Wh pairs requiring the released W-status observation proxy at both endpoints on both the source W timestamps and mapped-target Wh timestamps; W status is not proof of Wh ground truth,60,1437,0.9999999335668076,0.1094046646818149,0.05984690327070242,0.20000000000004547,True,1437,0.9999999335668076,True,1374,0.7959704824548061,False,1434,0.7993729606296022,False,0,,False,0,,False
2020-09-16,Consumption,1438,0.9998973844087027,12.711682447799177,0.4670375521557719,0.20000000000027285,0.9993045897079277,0.9998355317751326,0.4364002566612726,True,0,1440,0.0,-1440,1440,60,ok,0,False,1438,0.9998973844087027,12.711682447799177,0.4670375521557719,0.20000000000027285,0.9998355317751326,0.4364002566612726,True,unaffected_same0,frozen_rule_based_v2,False,same_date_0,source_and_mapped_target_w_status_both_endpoints,finite mapped W/Wh pairs requiring the released W-status observation proxy at both endpoints on both the source W timestamps and mapped-target Wh timestamps; W status is not proof of Wh ground truth,60,1437,0.9999999832459503,0.1624447874726514,0.13194154488517748,0.20000000000027285,True,1437,0.9999999832459503,True,1374,0.06359410965147459,False,1434,0.07008950848057093,False,0,,False,0,,False
2020-09-17,Production,1438,0.999999976372614,0.11793305661029589,0.06954102920723446,0.20000000000004547,1.0,0.9999972089294795,-0.0008793411356577963,True,0,1440,0.0,-1440,1440,60,ok,0,False,1438,0.999999976372614,0.11793305661029589,0.06954102920723446,0.20000000000004547,0.9999972089294795,-0.0008793411356577963,True,unaffected_same0,frozen_rule_based_v2,False,same_date_0,source_and_mapped_target_w_status_both_endpoints,finite mapped W/Wh pairs requiring the released W-status observation proxy at both endpoints on both the source W timestamps and mapped-target Wh timestamps; W status is not proof of Wh ground truth,60,1437,0.9999999763644328,0.11797408394032821,0.0695894224077962,0.20000000000004547,True,1437,0.9999999763644328,True,1374,0.9180297007996691,False,1434,0.9198139493743991,False,0,,False,0,,False
2020-09-17,Consumption,1438,0.9999672493613897,6.331078826698877,0.30152990264256013,0.20000000000027285,0.9993045897079277,0.999878085015535,0.23269076044607573,True,0,1440,0.0,-1440,1440,60,ok,0,False,1438,0.9999672493613897,6.331078826698877,0.30152990264256013,0.20000000000027285,0.999878085015535,0.23269076044607573,True,unaffected_same0,frozen_rule_based_v2,False,same_date_0,source_and_mapped_target_w_status_both_endpoints,finite mapped W/Wh pairs requiring the released W-status observation proxy at both endpoints on both the source W timestamps and mapped-target Wh timestamps; W status is not proof of Wh ground truth,60,1437,0.9999999780156958,0.164149396454261,0.13472512178149026,0.20000000000027285,True,1437,0.9999999780156958,True,1374,0.0907725104873121,False,1434,0.09617873106620506,False,0,,False,0,,False
2020-09-18,Production,1439,0.9999999780904176,0.11730113062839405,0.06879777623349695,0.20000000000004547,1.0,1.0000080460498324,-0.0021823446605253594,True,0,1440,0.0,-1440,1440,60,ok,0,False,1439,0.9999999780904176,0.11730113062839405,0.06879777623349695,0.20000000000004547,1.0000080460498324,-0.0021823446605253594,True,unaffected_same0,frozen_rule_based_v2,False,same_date_0,source_and_mapped_target_w_status_both_endpoints,finite mapped W/Wh pairs requiring the released W-status observation proxy at both endpoints on both the source W timestamps and mapped-target Wh timestamps; W status is not proof of Wh ground truth,60,1438,0.9999999780829462,0.11734190974682684,0.06884561891516143,0.20000000000004547,True,1438,0.9999999780829462,True,1376,0.8936160740042951,False,1436,0.8958942314824174,False,0,,False,0,,False
2020-09-18,Consumption,1439,0.9999862465277167,6.149655492986444,0.29492703266156994,0.20000000000027285,0.9993050729673384,0.9999461094842936,0.20502329842406652,True,0,1440,0.0,-1440,1440,60,ok,0,False,1439,0.9999862465277167,6.149655492986444,0.29492703266156994,0.20000000000027285,0.9999461094842936,0.20502329842406652,True,unaffected_same0,frozen_rule_based_v2,False,same_date_0,source_and_mapped_target_w_status_both_endpoints,finite mapped W/Wh pairs requiring the released W-status observation proxy at both endpoints on both the source W timestamps and mapped-target Wh timestamps; W status is not proof of Wh ground truth,60,1438,0.9999999903400377,0.16307203797354364,0.1329624478442275,0.20000000000027285,True,1438,0.9999999903400377,True,1376,0.09314640685200073,False,1436,0.10064339669379996,False,0,,False,0,,False
2020-09-19,Production,1439,0.9999999426214349,0.19684799044239298,0.07282835302293098,0.20000000000004547,0.9993050729673384,0.9999956559211514,0.006240390801792728,True,0,1440,0.0,-1440,1440,60,ok,0,False,1439,0.9999999426214349,0.19684799044239298,0.07282835302293098,0.20000000000004547,0.9999956559211514,0.006240390801792728,True,unaffected_same0,frozen_rule_based_v2,False,same_date_0,source_and_mapped_target_w_status_both_endpoints,finite mapped W/Wh pairs requiring the released W-status observation proxy at both endpoints on both the source W timestamps and mapped-target Wh timestamps; W status is not proof of Wh ground truth,60,1438,0.9999999796462977,0.11722332264250306,0.06870653685674387,0.20000000000004547,True,1438,0.9999999796462977,True,1376,0.9183929041700359,False,1436,0.9201943510051253,False,0,,False,0,,False
2020-09-19,Consumption,1439,0.9999667281082463,6.724140489545194,0.30938151494093385,0.20000000000027285,0.9993050729673384,0.9999144713075104,0.2259788243291041,True,0,1440,0.0,-1440,1440,60,ok,0,False,1439,0.9999667281082463,6.724140489545194,0.30938151494093385,0.20000000000027285,0.9999144713075104,0.2259788243291041,True,unaffected_same0,frozen_rule_based_v2,False,same_date_0,source_and_mapped_target_w_status_both_endpoints,finite mapped W/Wh pairs requiring the released W-status observation proxy at both endpoints on both the source W timestamps and mapped-target Wh timestamps; W status is not proof of Wh ground truth,60,1438,0.9999999805357621,0.16264503530828084,0.1322670375521584,0.20000000000027285,True,1438,0.9999999805357621,True,1376,0.32943927731647815,False,1436,0.33034801299353234,False,0,,False,0,,False
2020-09-20,Production,1439,0.9999999791075574,0.11332365844600151,0.06421125781792994,0.20000000000004547,1.0,1.0000022869092962,-0.0025460647960358074,True,0,1440,0.0,-1440,1440,60,ok,0,False,1439,0.9999999791075574,0.11332365844600151,0.06421125781792994,0.20000000000004547,1.0000022869092962,-0.0025460647960358074,True,unaffected_same0,frozen_rule_based_v2,False,same_date_0,source_and_mapped_target_w_status_both_endpoints,finite mapped W/Wh pairs requiring the released W-status observation proxy at both endpoints on both the source W timestamps and mapped-target Wh timestamps; W status is not proof of Wh ground truth,60,1438,0.9999999791005896,0.11336305481724064,0.06425591098748344,0.20000000000004547,True,1438,0.9999999791005896,True,1376,0.9070869878811505,False,1436,0.9090377303001754,False,0,,False,0,,False
2020-09-20,Consumption,1439,0.9999872166754872,8.521612143443283,0.35969423210563756,0.2000000000007276,0.9993050729673384,0.999946995642394,0.2766023365069259,True,0,1440,0.0,-1440,1440,60,ok,0,False,1439,0.9999872166754872,8.521612143443283,0.35969423210563756,0.2000000000007276,0.999946995642394,0.2766023365069259,True,unaffected_same0,frozen_rule_based_v2,False,same_date_0,source_and_mapped_target_w_status_both_endpoints,finite mapped W/Wh pairs requiring the released W-status observation proxy at both endpoints on both the source W timestamps and mapped-target Wh timestamps; W status is not proof of Wh ground truth,60,1438,0.9999999952414006,0.1644309951188498,0.13518776077886824,0.2000000000007276,True,1438,0.9999999952414006,True,1376,0.13561323993041582,False,1436,0.14102733552993926,False,0,,False,0,,False
2020-09-21,Production,1439,0.9999997647797026,0.10438609041502402,0.05448227936066763,0.20000000000004547,1.0,0.9999798460056419,-0.0018828725970791993,True,0,1440,0.0,-1440,1440,60,ok,0,False,1439,0.9999997647797026,0.10438609041502402,0.05448227936066763,0.20000000000004547,0.9999798460056419,-0.0018828725970791993,True,unaffected_same0,frozen_rule_based_v2,False,same_date_0,source_and_mapped_target_w_status_both_endpoints,finite mapped W/Wh pairs requiring the released W-status observation proxy at both endpoints on both the source W timestamps and mapped-target Wh timestamps; W status is not proof of Wh ground truth,60,1438,0.9999997647094269,0.1044223796879489,0.0545201668984706,0.20000000000004547,True,1438,0.9999997647094269,True,1376,0.871220159357948,False,1436,0.8736409985706206,False,0,,False,0,,False
2020-09-21,Consumption,1439,0.999896890149373,25.049196902538142,0.7929117442668494,0.20000000000027285,0.9993050729673384,1.0000268392646616,0.6353334976379301,True,0,1440,0.0,-1440,1440,60,ok,0,False,1439,0.999896890149373,25.049196902538142,0.7929117442668494,0.20000000000027285,1.0000268392646616,0.6353334976379301,True,unaffected_same0,frozen_rule_based_v2,False,same_date_0,source_and_mapped_target_w_status_both_endpoints,finite mapped W/Wh pairs requiring the released W-status observation proxy at both endpoints on both the source W timestamps and mapped-target Wh timestamps; W status is not proof of Wh ground truth,60,1438,0.9999999956396229,0.16290137122037565,0.1326842837273966,0.20000000000027285,True,1438,0.9999999956396229,True,1376,0.028681377685248526,False,1436,0.03431462542216728,False,0,,False,0,,False
2020-09-22,Production,1434,0.9999989852613452,0.13782530935783055,0.04728033472803376,0.20000000000004547,0.999302649930265,0.999996419911914,0.0017129249002607594,True,0,1440,0.0,-1440,1440,60,ok,0,False,1434,0.9999989852613452,0.13782530935783055,0.04728033472803376,0.20000000000004547,0.999996419911914,0.0017129249002607594,True,unaffected_same0,frozen_rule_based_v2,False,same_date_0,source_and_mapped_target_w_status_both_endpoints,finite mapped W/Wh pairs requiring the released W-status observation proxy at both endpoints on both the source W timestamps and mapped-target Wh timestamps; W status is not proof of Wh ground truth,60,1429,0.9999995228073849,0.09464308113199954,0.044786564030791044,0.20000000000004547,True,1429,0.9999995228073849,True,1358,0.7489230321482642,False,1418,0.7519159834316237,False,0,,False,0,,False
2020-09-22,Consumption,1434,0.9996112936078905,24.749095752891137,1.5591352859135266,0.20000000000027285,0.9965132496513249,0.9993603246289314,1.8946228554996196,True,0,1440,0.0,-1440,1440,60,ok,0,False,1434,0.9996112936078905,24.749095752891137,1.5591352859135266,0.20000000000027285,0.9993603246289314,1.8946228554996196,True,unaffected_same0,frozen_rule_based_v2,False,same_date_0,source_and_mapped_target_w_status_both_endpoints,finite mapped W/Wh pairs requiring the released W-status observation proxy at both endpoints on both the source W timestamps and mapped-target Wh timestamps; W status is not proof of Wh ground truth,60,1429,0.9999999833534583,0.16212376372873064,0.13142057382784958,0.20000000000027285,True,1429,0.9999999833534583,True,1358,-0.038912016106693224,False,1418,-0.021245347726727093,False,0,,False,0,,False
2020-09-23,Production,1411,0.9713127947174298,145.22018952048538,9.946846208362864,0.20000000000004547,0.9929128277817151,1.035866751587968,-1.6129097128945773,False,0,1440,0.0,-1440,1440,60,ok,0,False,1411,0.9713127947174298,145.22018952048538,9.946846208362864,0.20000000000004547,1.035866751587968,-1.6129097128945773,False,unaffected_same0,frozen_rule_based_v2,False,same_date_0,source_and_mapped_target_w_status_both_endpoints,finite mapped W/Wh pairs requiring the released W-status observation proxy at both endpoints on both the source W timestamps and mapped-target Wh timestamps; W status is not proof of Wh ground truth,60,1385,0.9999999805154094,0.11130989038154401,0.061949458483755826,0.20000000000004547,True,1385,0.9999999805154094,True,1278,0.7634780993731485,False,1331,0.7665852207720517,False,0,,False,0,,False
2020-09-23,Consumption,1411,0.9926850532593046,158.1820765923476,10.89227498228207,231.42000000000036,0.9815733522324592,1.0107171473644447,3.440615139228157,True,0,1440,0.0,-1440,1440,60,ok,0,False,1411,0.9926850532593046,158.1820765923476,10.89227498228207,231.42000000000036,1.0107171473644447,3.440615139228157,True,unaffected_same0,frozen_rule_based_v2,False,same_date_0,source_and_mapped_target_w_status_both_endpoints,finite mapped W/Wh pairs requiring the released W-status observation proxy at both endpoints on both the source W timestamps and mapped-target Wh timestamps; W status is not proof of Wh ground truth,60,1385,0.9999999921302577,0.1613123078063773,0.13010830324909817,0.20000000000027285,True,1385,0.9999999921302577,True,1278,0.004981560714648071,False,1331,0.012431348946994663,False,0,,False,0,,False
2020-09-24,Production,1410,0.9970058225501477,36.05502319043441,1.782243713733076,0.20000000000004547,0.9936170212765958,1.0040814085062464,0.7507210897278469,True,0,1440,0.0,-1440,1440,60,ok,0,False,1410,0.9970058225501477,36.05502319043441,1.782243713733076,0.20000000000004547,1.0040814085062464,0.7507210897278469,True,unaffected_same0,frozen_rule_based_v2,False,same_date_0,source_and_mapped_target_w_status_both_endpoints,finite mapped W/Wh pairs requiring the released W-status observation proxy at both endpoints on both the source W timestamps and mapped-target Wh timestamps; W status is not proof of Wh ground truth,60,1390,0.9999999736994418,0.10634543957305222,0.05654676258992854,0.20000000000004547,True,1390,0.9999999736994418,True,1287,0.46010786896183403,False,1345,0.46668918719668534,False,0,,False,0,,False
2020-09-24,Consumption,1410,0.9907205859688684,93.25228787955662,6.691695680206317,218.29200000000338,0.9865248226950355,1.0111574815195639,0.5845040203153076,True,0,1440,0.0,-1440,1440,60,ok,0,False,1410,0.9907205859688684,93.25228787955662,6.691695680206317,218.29200000000338,1.0111574815195639,0.5845040203153076,True,unaffected_same0,frozen_rule_based_v2,False,same_date_0,source_and_mapped_target_w_status_both_endpoints,finite mapped W/Wh pairs requiring the released W-status observation proxy at both endpoints on both the source W timestamps and mapped-target Wh timestamps; W status is not proof of Wh ground truth,60,1390,0.9999999707176418,0.16191302399167606,0.1310791366906467,0.20000000000027285,True,1390,0.9999999707176418,True,1287,0.13842711890060405,False,1345,0.14313045388612416,False,0,,False,0,,False
2020-09-25,Production,1437,0.9999999778932755,0.10525509986371563,0.05539318023660404,0.20000000000004547,1.0,1.0000000722545845,-0.00280435006419566,True,0,1440,0.0,-1440,1440,60,ok,0,False,1437,0.9999999778932755,0.10525509986371563,0.05539318023660404,0.20000000000004547,1.0000000722545845,-0.00280435006419566,True,unaffected_same0,frozen_rule_based_v2,False,same_date_0,source_and_mapped_target_w_status_both_endpoints,finite mapped W/Wh pairs requiring the released W-status observation proxy at both endpoints on both the source W timestamps and mapped-target Wh timestamps; W status is not proof of Wh ground truth,60,1435,0.999999977883125,0.10532842282618785,0.05547038327526133,0.20000000000004547,True,1435,0.999999977883125,True,1372,0.8455535949091331,False,1430,0.8477228829590104,False,0,,False,0,,False
2020-09-25,Consumption,1437,0.999940048500623,13.270821798362642,0.6094641614474584,0.20000000000027285,0.9986082115518441,0.9998172152606889,0.6230472401439329,True,0,1440,0.0,-1440,1440,60,ok,0,False,1437,0.999940048500623,13.270821798362642,0.6094641614474584,0.20000000000027285,0.9998172152606889,0.6230472401439329,True,unaffected_same0,frozen_rule_based_v2,False,same_date_0,source_and_mapped_target_w_status_both_endpoints,finite mapped W/Wh pairs requiring the released W-status observation proxy at both endpoints on both the source W timestamps and mapped-target Wh timestamps; W status is not proof of Wh ground truth,60,1435,0.9999999908930921,0.16358356238183627,0.13379790940766376,0.20000000000027285,True,1435,0.9999999908930921,True,1372,0.08012097071657774,False,1430,0.08669996420340165,False,0,,False,0,,False
2020-09-26,Production,1438,0.9999999820738477,0.10949371413613955,0.05994436717663397,0.20000000000004547,1.0,0.999992593753194,0.0013824416769239178,True,0,1440,0.0,-1440,1440,60,ok,0,False,1438,0.9999999820738477,0.10949371413613955,0.05994436717663397,0.20000000000004547,0.999992593753194,0.0013824416769239178,True,unaffected_same0,frozen_rule_based_v2,False,same_date_0,source_and_mapped_target_w_status_both_endpoints,finite mapped W/Wh pairs requiring the released W-status observation proxy at both endpoints on both the source W timestamps and mapped-target Wh timestamps; W status is not proof of Wh ground truth,60,1437,0.9999999820680686,0.10953180553201655,0.059986082115518195,0.20000000000004547,True,1437,0.9999999820680686,True,1374,0.898294010127601,False,1434,0.9003596466880687,False,0,,False,0,,False
2020-09-26,Consumption,1438,0.9999795145479379,8.80924410157695,0.36022253129346693,0.20000000000027285,0.9993045897079277,0.9999053080572818,0.324587811333231,True,0,1440,0.0,-1440,1440,60,ok,0,False,1438,0.9999795145479379,8.80924410157695,0.36022253129346693,0.20000000000027285,0.9999053080572818,0.324587811333231,True,unaffected_same0,frozen_rule_based_v2,False,same_date_0,source_and_mapped_target_w_status_both_endpoints,finite mapped W/Wh pairs requiring the released W-status observation proxy at both endpoints on both the source W timestamps and mapped-target Wh timestamps; W status is not proof of Wh ground truth,60,1437,0.9999999932462605,0.16002783334804263,0.12804453723034478,0.20000000000027285,True,1437,0.9999999932462605,True,1374,0.08579497455614735,False,1434,0.09533604013529214,False,0,,False,0,,False
2020-09-27,Production,1438,0.9999998724553737,0.10949371413614095,0.05994436717663477,0.20000000000004547,1.0,0.9999748228602321,-0.001182257436113332,True,0,1440,0.0,-1440,1440,60,ok,0,False,1438,0.9999998724553737,0.10949371413614095,0.05994436717663477,0.20000000000004547,0.9999748228602321,-0.001182257436113332,True,unaffected_same0,frozen_rule_based_v2,False,same_date_0,source_and_mapped_target_w_status_both_endpoints,finite mapped W/Wh pairs requiring the released W-status observation proxy at both endpoints on both the source W timestamps and mapped-target Wh timestamps; W status is not proof of Wh ground truth,60,1437,0.9999998724147261,0.10953180553201795,0.059986082115519,0.20000000000004547,True,1437,0.9999998724147261,True,1374,0.7085333049932894,False,1434,0.7143859338881767,False,0,,False,0,,False
2020-09-27,Consumption,1438,0.9999813289367887,8.018337814495679,0.3449235048678786,0.2000000000007276,0.9993045897079277,0.9999170056291565,0.28378794149330133,True,0,1440,0.0,-1440,1440,60,ok,0,False,1438,0.9999813289367887,8.018337814495679,0.3449235048678786,0.2000000000007276,0.9999170056291565,0.28378794149330133,True,unaffected_same0,frozen_rule_based_v2,False,same_date_0,source_and_mapped_target_w_status_both_endpoints,finite mapped W/Wh pairs requiring the released W-status observation proxy at both endpoints on both the source W timestamps and mapped-target Wh timestamps; W status is not proof of Wh ground truth,60,1437,0.9999999922443034,0.1634696858888383,0.13361169102297107,0.2000000000007276,True,1437,0.9999999922443034,True,1374,0.18387944817164245,False,1434,0.18979308050045046,False,0,,False,0,,False
2020-09-28,Production,1438,0.999999981241319,0.10962066341256113,0.06008344923504942,0.20000000000004547,1.0,1.000009288411145,-0.0005243937329169057,True,0,1440,0.0,-1440,1440,60,ok,0,False,1438,0.999999981241319,0.10962066341256113,0.06008344923504942,0.20000000000004547,1.000009288411145,-0.0005243937329169057,True,unaffected_same0,frozen_rule_based_v2,False,same_date_0,source_and_mapped_target_w_status_both_endpoints,finite mapped W/Wh pairs requiring the released W-status observation proxy at both endpoints on both the source W timestamps and mapped-target Wh timestamps; W status is not proof of Wh ground truth,60,1437,0.9999999812361375,0.10965879897239021,0.06012526096033478,0.20000000000004547,True,1437,0.9999999812361375,True,1374,0.8440946585939951,False,1434,0.846805975745181,False,0,,False,0,,False
2020-09-28,Consumption,1438,0.9999739278172133,9.653083994146785,0.39276773296245115,0.20000000000027285,0.9993045897079277,0.9999021063323235,0.33930812360108575,True,0,1440,0.0,-1440,1440,60,ok,0,False,1438,0.9999739278172133,9.653083994146785,0.39276773296245115,0.20000000000027285,0.9999021063323235,0.33930812360108575,True,unaffected_same0,frozen_rule_based_v2,False,same_date_0,source_and_mapped_target_w_status_both_endpoints,finite mapped W/Wh pairs requiring the released W-status observation proxy at both endpoints on both the source W timestamps and mapped-target Wh timestamps; W status is not proof of Wh ground truth,60,1437,0.9999999922568418,0.16633927482509894,0.13834377174669782,0.20000000000027285,True,1437,0.9999999922568418,True,1374,0.17994914177152282,False,1434,0.18528306182472182,False,0,,False,0,,False
2020-09-29,Production,1438,0.9999999189343695,0.097678192075981,0.04770514603616142,0.20000000000004547,1.0,1.0000230282865488,-0.001992430464724748,True,0,1440,0.0,-1440,1440,60,ok,0,False,1438,0.9999999189343695,0.097678192075981,0.04770514603616142,0.20000000000004547,1.0000230282865488,-0.001992430464724748,True,unaffected_same0,frozen_rule_based_v2,False,same_date_0,source_and_mapped_target_w_status_both_endpoints,finite mapped W/Wh pairs requiring the released W-status observation proxy at both endpoints on both the source W timestamps and mapped-target Wh timestamps; W status is not proof of Wh ground truth,60,1437,0.9999999189184275,0.09771217301006722,0.04773834377174678,0.20000000000004547,True,1437,0.9999999189184275,True,1374,0.8045763416095119,False,1434,0.806998824817136,False,0,,False,0,,False
2020-09-29,Consumption,1438,0.9999819459074999,6.8583157649767,0.31460361613351734,0.20000000000027285,0.9993045897079277,0.9998910654827343,0.2729880277688608,True,0,1440,0.0,-1440,1440,60,ok,0,False,1438,0.9999819459074999,6.8583157649767,0.31460361613351734,0.20000000000027285,0.9998910654827343,0.2729880277688608,True,unaffected_same0,frozen_rule_based_v2,False,same_date_0,source_and_mapped_target_w_status_both_endpoints,finite mapped W/Wh pairs requiring the released W-status observation proxy at both endpoints on both the source W timestamps and mapped-target Wh timestamps; W status is not proof of Wh ground truth,60,1437,0.9999999897318851,0.16363987821591033,0.1338900487125943,0.20000000000027285,True,1437,0.9999999897318851,True,1374,0.18830403159423573,False,1434,0.1972343856620654,False,0,,False,0,,False
2020-09-30,Production,1439,0.9999999562890206,0.1070158749824665,0.05726198749131411,0.20000000000004547,1.0,0.999999480175784,0.0020503471882591384,True,0,1440,0.0,-1440,1440,60,ok,0,False,1439,0.9999999562890206,0.1070158749824665,0.05726198749131411,0.20000000000004547,0.999999480175784,0.0020503471882591384,True,unaffected_same0,frozen_rule_based_v2,False,same_date_0,source_and_mapped_target_w_status_both_endpoints,finite mapped W/Wh pairs requiring the released W-status observation proxy at both endpoints on both the source W timestamps and mapped-target Wh timestamps; W status is not proof of Wh ground truth,60,1438,0.9999999562796407,0.10705307848610471,0.057301808066760086,0.20000000000004547,True,1438,0.9999999562796407,True,1376,0.43795744405149356,False,1436,0.4455486239083607,False,0,,False,0,,False
2020-09-30,Consumption,1439,0.9999955985707479,3.620361689531847,0.22446143154968878,0.20000000000027285,0.9993050729673384,0.9999664892234758,0.11493535418162537,True,0,1440,0.0,-1440,1440,60,ok,0,False,1439,0.9999955985707479,3.620361689531847,0.22446143154968878,0.20000000000027285,0.9999664892234758,0.11493535418162537,True,unaffected_same0,frozen_rule_based_v2,False,same_date_0,source_and_mapped_target_w_status_both_endpoints,finite mapped W/Wh pairs requiring the released W-status observation proxy at both endpoints on both the source W timestamps and mapped-target Wh timestamps; W status is not proof of Wh ground truth,60,1438,0.9999999913271029,0.1607527494427629,0.12920723226703903,0.20000000000027285,True,1438,0.9999999913271029,True,1376,0.006764868539996704,False,1436,0.005732126844041479,False,0,,False,0,,False
2020-10-01,Production,1438,0.9999985308883516,0.08793726427314104,0.03866481223922122,0.20000000000001705,1.0,1.000008849580816,-0.0026953738727399923,True,0,1440,0.0,-1440,1440,60,ok,0,False,1438,0.9999985308883516,0.08793726427314104,0.03866481223922122,0.20000000000001705,1.000008849580816,-0.0026953738727399923,True,unaffected_same0,frozen_rule_based_v2,False,same_date_0,source_and_mapped_target_w_status_both_endpoints,finite mapped W/Wh pairs requiring the released W-status observation proxy at both endpoints on both the source W timestamps and mapped-target Wh timestamps; W status is not proof of Wh ground truth,60,1436,0.9999985305244037,0.08799848061489053,0.03871866295264632,0.20000000000001705,True,1436,0.9999985305244037,True,1372,0.7130164169989273,False,1432,0.7152713949346226,False,1374,0.3757106050084118,False,1434,0.3820495169032318,False
2020-10-01,Consumption,1438,0.9999211285216617,15.279939488262094,0.6331015299026478,0.20000000000027285,0.9986091794158554,0.9998112139103853,0.6990845416230513,True,0,1440,0.0,-1440,1440,60,ok,0,False,1438,0.9999211285216617,15.279939488262094,0.6331015299026478,0.20000000000027285,0.9998112139103853,0.6990845416230513,True,unaffected_same0,frozen_rule_based_v2,False,same_date_0,source_and_mapped_target_w_status_both_endpoints,finite mapped W/Wh pairs requiring the released W-status observation proxy at both endpoints on both the source W timestamps and mapped-target Wh timestamps; W status is not proof of Wh ground truth,60,1436,0.9999999907767964,0.16538972291434514,0.13676880222841734,0.20000000000027285,True,1436,0.9999999907767964,True,1372,0.09653821533104096,False,1432,0.08832283866596997,False,1374,-0.03635600117705611,False,1434,-0.034309259233651676,False
2020-10-02,Production,1438,0.6250058665497799,273.2723143216068,140.51349095966623,958.9639999999996,0.5465924895688457,0.6526139158634705,18.043380169144726,False,1438,2,0.9986111111111111,-1440,1440,60,ok,78,False,1438,0.7659017504281125,217.91231141430464,112.62837273991656,716.052,0.7997159734300979,-9.138859254016438,False,unresolved,frozen_rule_based_v2,True,none,source_and_mapped_target_w_status_both_endpoints,finite mapped W/Wh pairs requiring the released W-status observation proxy at both endpoints on both the source W timestamps and mapped-target Wh timestamps; W status is not proof of Wh ground truth,60,0,,,,,False,1437,0.6249428639815442,False,1374,0.6799216686915598,False,1434,0.6832073209965338,False,1375,0.6428063951167033,False,1435,0.6480637453581246,False
2020-10-02,Consumption,1438,-0.12871798553767075,2311.932295999714,1698.5480528511823,6792.83,0.0006954102920723226,-0.22667591857830835,1925.759252492045,False,1438,2,0.9986111111111111,-1440,1440,60,ok,-1350,False,1438,0.2979535008615281,1390.3806694926207,937.5697496522948,3863.2139999999977,0.383436727486686,852.8177780557016,False,unresolved,frozen_rule_based_v2,True,none,source_and_mapped_target_w_status_both_endpoints,finite mapped W/Wh pairs requiring the released W-status observation proxy at both endpoints on both the source W timestamps and mapped-target Wh timestamps; W status is not proof of Wh ground truth,60,0,,,,,False,1437,-0.12883960417860454,False,1374,-0.028463966258635332,False,1434,-0.012788863466417694,False,1375,0.2878866184725741,False,1435,0.292404298117428,False
2020-10-03,Production,1439,0.46968443596677706,402.49084461637136,172.96455872133427,1656.1399999999994,0.5767894371091036,1.4559310985938874,111.65752554953792,False,1439,1,0.9993055555555556,-1440,1440,60,ok,-81,False,1439,0.6083398606902638,382.41586599626146,171.21320361362055,1536.7559999999985,1.8857485109806984,80.59891716775724,False,unresolved,frozen_rule_based_v2,True,none,source_and_mapped_target_w_status_both_endpoints,finite mapped W/Wh pairs requiring the released W-status observation proxy at both endpoints on both the source W timestamps and mapped-target Wh timestamps; W status is not proof of Wh ground truth,60,0,,,,,False,1438,0.46958278406163795,False,1376,0.4402531649021075,False,1436,0.4469920024800487,False,1376,0.43752762036098547,False,1436,0.4445214823971489,False
2020-10-03,Consumption,1439,0.030966555259505178,2182.503739734284,1464.6468380820013,6276.055999999997,0.0006949270326615705,0.052736299234287735,1340.2058699322893,False,1439,1,0.9993055555555556,-1440,1440,60,ok,722,False,1439,0.5373173732247434,1712.727000773908,1135.6831132731063,5280.355999999978,0.9440334563635978,655.0203635004905,False,unresolved,frozen_rule_based_v2,True,none,source_and_mapped_target_w_status_both_endpoints,finite mapped W/Wh pairs requiring the released W-status observation proxy at both endpoints on both the source W timestamps and mapped-target Wh timestamps; W status is not proof of Wh ground truth,60,0,,,,,False,1438,0.03151415119805662,False,1376,0.019355042535431157,False,1436,0.03444145368626312,False,1376,-0.10071017954563254,False,1436,-0.11482960487369481,False
2020-10-04,Production,1437,0.47156084743207854,444.2842506697489,228.89784272790533,1603.1440000000005,0.41684064022268613,0.48557767343367136,166.4283382387142,False,1437,3,0.9979166666666667,-1440,1440,60,ok,-1407,False,1437,0.8225980882177791,253.776816834596,120.99137091162146,943.6880000000009,0.8142037718768403,12.351270449726286,False,unresolved,frozen_rule_based_v2,True,none,source_and_mapped_target_w_status_both_endpoints,finite mapped W/Wh pairs requiring the released W-status observation proxy at both endpoints on both the source W timestamps and mapped-target Wh timestamps; W status is not proof of Wh ground truth,60,0,,,,,False,1435,0.47127372401237355,False,1370,0.6452690944641555,False,1430,0.6513276137393658,False,1372,0.5474320673730902,False,1432,0.554224194005081,False
2020-10-04,Consumption,1437,-0.08991944951646086,1819.5295381752603,1045.2267223382046,5741.12,0.0006958942240779402,-0.11650887691970543,886.9005175947417,False,1437,3,0.9979166666666667,-1440,1440,60,ok,60,False,1437,0.4164692480806123,1348.3332888683583,733.7906750173973,5305.9680000000235,0.5392710154253857,397.9094074180288,False,unresolved,frozen_rule_based_v2,True,none,source_and_mapped_target_w_status_both_endpoints,finite mapped W/Wh pairs requiring the released W-status observation proxy at both endpoints on both the source W timestamps and mapped-target Wh timestamps; W status is not proof of Wh ground truth,60,0,,,,,False,1435,-0.09020135852180064,False,1370,0.41043431923621054,False,1430,0.4158743886215105,False,1372,-0.06091986386552039,False,1432,-0.06112890120030508,False
2020-10-05,Production,1439,0.6542938329181823,642.9098667477735,367.5927727588603,1860.4399999999998,0.4030576789437109,1.3923459841158812,290.4605538483904,False,1439,1,0.9993055555555556,-1440,1440,60,ok,84,False,1439,0.7271796951739509,617.1552679345793,380.56025017373173,1609.7679999999991,1.5474501810791452,264.7966183718189,False,unresolved,frozen_rule_based_v2,True,none,source_and_mapped_target_w_status_both_endpoints,finite mapped W/Wh pairs requiring the released W-status observation proxy at both endpoints on both the source W timestamps and mapped-target Wh timestamps; W status is not proof of Wh ground truth,60,0,,,,,False,1438,0.6542144301143205,False,1376,0.7016280842998526,False,1436,0.7057389287199513,False,1375,0.621695014936877,False,1435,0.6260986462945123,False
2020-10-05,Consumption,1439,0.19000189501791703,1359.8172242282612,738.3531619179987,5049.311999999997,0.0118137595552467,0.15760150078351418,568.5695916250891,False,1439,1,0.9993055555555556,-1440,1440,60,ok,1156,False,1439,0.48365431880186155,1164.7058196547894,676.2030576789438,3831.571999999999,0.46743167709404965,482.17455178353157,False,unresolved,frozen_rule_based_v2,True,none,source_and_mapped_target_w_status_both_endpoints,finite mapped W/Wh pairs requiring the released W-status observation proxy at both endpoints on both the source W timestamps and mapped-target Wh timestamps; W status is not proof of Wh ground truth,60,0,,,,,False,1438,0.18987855484982488,False,1376,-0.056984622557770225,False,1436,-0.05380722364450572,False,1375,0.2428298426032697,False,1435,0.2496317534646625,False
2020-10-06,Production,1438,0.21075257216164167,878.6105613398429,545.4556328233657,1846.2,0.3803894297635605,1.009505628940904,526.0867087278366,False,1438,2,0.9986111111111111,-1440,1440,60,ok,252,False,1438,0.8378836959203263,797.8020248634475,526.8297635605006,1480.2079999999999,4.013651974691826,278.5534616566125,False,unresolved,frozen_rule_based_v2,True,none,source_and_mapped_target_w_status_both_endpoints,finite mapped W/Wh pairs requiring the released W-status observation proxy at both endpoints on both the source W timestamps and mapped-target Wh timestamps; W status is not proof of Wh ground truth,60,0,,,,,False,1437,0.21050377215509936,False,1374,0.4331742175854059,False,1434,0.4438591422355289,False,1374,0.5924183056659893,False,1434,0.5980474898876562,False
2020-10-06,Consumption,1438,0.1358636162403111,1352.513746970466,735.3278164116829,4473.211999999997,0.0027816411682892906,0.16598839487454256,663.1839452189672,False,1438,2,0.9986111111111111,-1440,1440,60,ok,-227,False,1438,0.4124493578657701,1120.9023766578507,645.7664812239223,3765.413999999998,0.5017695355315255,451.50477550727965,False,unresolved,frozen_rule_based_v2,True,none,source_and_mapped_target_w_status_both_endpoints,finite mapped W/Wh pairs requiring the released W-status observation proxy at both endpoints on both the source W timestamps and mapped-target Wh timestamps; W status is not proof of Wh ground truth,60,0,,,,,False,1437,0.1356594273159955,False,1374,0.09552090122482901,False,1434,0.10541220257394474,False,1374,0.08104251588200038,False,1434,0.09302429274309873,False
2020-10-07,Production,1439,0.5914887410955085,411.6166363115013,204.6649061848506,1446.2399999999932,0.40514246004169563,0.2277294965092746,48.120442420429164,False,1439,1,0.9993055555555556,-1440,1440,60,ok,-1325,False,1439,0.8502400508299656,529.6046218219561,335.729256428075,1428.1479999999995,1.3468778856926338,240.27880775769682,False,unresolved,frozen_rule_based_v2,True,none,source_and_mapped_target_w_status_both_endpoints,finite mapped W/Wh pairs requiring the released W-status observation proxy at both endpoints on both the source W timestamps and mapped-target Wh timestamps; W status is not proof of Wh ground truth,60,0,,,,,False,1438,0.5913807120174935,False,1376,0.6361914064221503,False,1436,0.6422278750127552,False,1376,0.2584097977439037,False,1436,0.268802460434165,False
2020-10-07,Consumption,1439,-0.2168562842858159,1086.0693074430565,488.2102849200834,4123.235999999997,0.009728978457261988,-0.009772689820326525,176.72437228233088,False,1439,1,0.9993055555555556,-1440,1440,60,ok,-1392,False,1439,0.5126933347161375,1046.913813845519,565.1453787352328,3879.9559999999974,0.5914805620815377,390.78938268036245,False,unresolved,frozen_rule_based_v2,True,none,source_and_mapped_target_w_status_both_endpoints,finite mapped W/Wh pairs requiring the released W-status observation proxy at both endpoints on both the source W timestamps and mapped-target Wh timestamps; W status is not proof of Wh ground truth,60,0,,,,,False,1438,-0.21673851927747867,False,1376,-0.37033319736058123,False,1436,-0.3407567332225117,False,1376,0.0024310026490772076,False,1436,0.015202779523838913,False
2020-10-08,Production,1439,0.7687249351859767,265.2435998380323,122.72369701181377,1045.503999999999,0.4857539958304378,0.5319982192726427,26.347210722231907,False,1439,1,0.9993055555555556,-1440,1440,60,ok,-13,False,1439,0.8039639121937999,250.5249996610662,118.64280750521195,973.5439999999999,0.5563854508545297,21.01545688881791,False,unresolved,frozen_rule_based_v2,True,none,source_and_mapped_target_w_status_both_endpoints,finite mapped W/Wh pairs requiring the released W-status observation proxy at both endpoints on both the source W timestamps and mapped-target Wh timestamps; W status is not proof of Wh ground truth,60,0,,,,,False,1438,0.76867862417316,False,1376,0.5833557020843043,False,1436,0.588617166246977,False,1365,0.6107232181801782,False,1425,0.6160090076123058,False
2020-10-08,Consumption,1439,0.10079614701007508,1472.2111263430068,920.9627519110494,4827.62,0.001389854065323141,0.07600480731119111,678.0981011477684,False,1439,1,0.9993055555555556,-1440,1440,60,ok,379,False,1439,0.36483369710873137,1255.0978485453677,729.5057678943712,4844.107999999998,0.2765056291563182,482.3571395389389,False,unresolved,frozen_rule_based_v2,True,none,source_and_mapped_target_w_status_both_endpoints,finite mapped W/Wh pairs requiring the released W-status observation proxy at both endpoints on both the source W timestamps and mapped-target Wh timestamps; W status is not proof of Wh ground truth,60,0,,,,,False,1438,0.10058010289095828,False,1376,0.05728913086791715,False,1436,0.07078691892366844,False,1365,0.020775707432094205,False,1425,0.029596367591478084,False
2020-10-09,Production,1438,0.9999998297685436,0.10679292481239684,0.05702364394993091,0.20000000000004547,1.0,0.9999855177254003,0.0015323820573485136,True,0,1440,0.0,-1440,1440,60,ok,0,False,1438,0.9999998297685436,0.10679292481239684,0.05702364394993091,0.20000000000004547,0.9999855177254003,0.0015323820573485136,True,unaffected_same0,frozen_rule_based_v2,False,same_date_0,source_and_mapped_target_w_status_both_endpoints,finite mapped W/Wh pairs requiring the released W-status observation proxy at both endpoints on both the source W timestamps and mapped-target Wh timestamps; W status is not proof of Wh ground truth,60,1437,0.9999998297132437,0.10683007663986004,0.05706332637439155,0.20000000000004547,True,1437,0.9999998297132437,True,1374,0.7569633241786334,False,1434,0.7619384687439592,False,1375,0.756613436514418,False,1435,0.7602755425487377,False
2020-10-09,Consumption,1438,0.9999477418668465,11.604241227436376,0.4408901251738537,0.20000000000027285,0.9993045897079277,0.99983208611508,0.46442665185759324,True,0,1440,0.0,-1440,1440,60,ok,0,False,1438,0.9999477418668465,11.604241227436376,0.4408901251738537,0.20000000000027285,0.99983208611508,0.46442665185759324,True,unaffected_same0,frozen_rule_based_v2,False,same_date_0,source_and_mapped_target_w_status_both_endpoints,finite mapped W/Wh pairs requiring the released W-status observation proxy at both endpoints on both the source W timestamps and mapped-target Wh timestamps; W status is not proof of Wh ground truth,60,1437,0.9999999895221682,0.164318884776594,0.13500347947112148,0.20000000000027285,True,1437,0.9999999895221682,True,1374,0.07983414523441262,False,1434,0.08657348909958189,False,1375,0.2249106588917355,False,1435,0.22777650693587015,False
2020-10-10,Production,1438,0.9999995099120284,0.09580926810781257,0.04589707927677351,0.20000000000003496,1.0,1.0000033253447418,-0.0007474523070740702,True,0,1440,0.0,-1440,1440,60,ok,0,False,1438,0.9999995099120284,0.09580926810781257,0.04589707927677351,0.20000000000003496,1.0000033253447418,-0.0007474523070740702,True,unaffected_same0,frozen_rule_based_v2,False,same_date_0,source_and_mapped_target_w_status_both_endpoints,finite mapped W/Wh pairs requiring the released W-status observation proxy at both endpoints on both the source W timestamps and mapped-target Wh timestamps; W status is not proof of Wh ground truth,60,1436,0.9999995096711813,0.09587596443897249,0.04596100278551553,0.20000000000003554,True,1436,0.9999995096711813,True,1372,0.8087342815896292,False,1432,0.8117015430560681,False,1372,0.8087342815896292,False,1432,0.8117015430560681,False
2020-10-10,Consumption,1438,0.9999836232769467,7.400633360107575,0.39874826147427295,0.20000000000027285,0.9986091794158554,0.9998744597720077,0.39562431136539544,True,0,1440,0.0,-1440,1440,60,ok,0,False,1438,0.9999836232769467,7.400633360107575,0.39874826147427295,0.20000000000027285,0.9998744597720077,0.39562431136539544,True,unaffected_same0,frozen_rule_based_v2,False,same_date_0,source_and_mapped_target_w_status_both_endpoints,finite mapped W/Wh pairs requiring the released W-status observation proxy at both endpoints on both the source W timestamps and mapped-target Wh timestamps; W status is not proof of Wh ground truth,60,1436,0.9999999921476078,0.16207223534817056,0.13133704735376364,0.20000000000027285,True,1436,0.9999999921476078,True,1372,0.5094987742774763,False,1432,0.5166900716260932,False,1372,0.5094987742774763,False,1432,0.5166900716260932,False
2020-10-11,Production,1435,0.9991727080967283,2.5378692810712056,0.1272473867595819,0.20000000000001705,0.9986062717770035,1.0008280012412234,0.05290718064125599,True,0,1440,0.0,-1440,1440,60,ok,0,False,1435,0.9991727080967283,2.5378692810712056,0.1272473867595819,0.20000000000001705,1.0008280012412234,0.05290718064125599,True,unaffected_same0,frozen_rule_based_v2,False,same_date_0,source_and_mapped_target_w_status_both_endpoints,finite mapped W/Wh pairs requiring the released W-status observation proxy at both endpoints on both the source W timestamps and mapped-target Wh timestamps; W status is not proof of Wh ground truth,60,1432,0.9999988599612382,0.0940996737685735,0.04427374301675981,0.20000000000001705,True,1432,0.9999988599612382,True,1364,0.8019332332658459,False,1424,0.8044406792095199,False,1370,0.7910619179067276,False,1430,0.7940202488872214,False
2020-10-11,Consumption,1435,0.9990298155853693,65.19287000624814,2.364459930313592,0.2000000000007276,0.9979094076655052,1.0006933854058166,1.4496218768194922,True,0,1440,0.0,-1440,1440,60,ok,0,False,1435,0.9990298155853693,65.19287000624814,2.364459930313592,0.2000000000007276,1.0006933854058166,1.4496218768194922,True,unaffected_same0,frozen_rule_based_v2,False,same_date_0,source_and_mapped_target_w_status_both_endpoints,finite mapped W/Wh pairs requiring the released W-status observation proxy at both endpoints on both the source W timestamps and mapped-target Wh timestamps; W status is not proof of Wh ground truth,60,1432,0.99999999376947,0.16494454798693864,0.13603351955307555,0.2000000000007276,True,1432,0.99999999376947,True,1364,0.12113848236291107,False,1424,0.13167646041918224,False,1370,0.21301570244502643,False,1430,0.21930577032080845,False
2020-10-12,Production,1439,0.9999948221281773,0.0858267239629513,0.03683113273106324,0.20000000000000284,1.0,0.9999153424243401,-0.004587562683379787,True,0,1440,0.0,-1440,1440,60,ok,0,False,1439,0.9999948221281773,0.0858267239629513,0.03683113273106324,0.20000000000000284,0.9999153424243401,-0.004587562683379787,True,unaffected_same0,frozen_rule_based_v2,False,same_date_0,source_and_mapped_target_w_status_both_endpoints,finite mapped W/Wh pairs requiring the released W-status observation proxy at both endpoints on both the source W timestamps and mapped-target Wh timestamps; W status is not proof of Wh ground truth,60,1438,0.9999948216467637,0.0858565611701669,0.03685674547983309,0.20000000000000284,True,1438,0.9999948216467637,True,1376,0.26411733767805173,False,1436,0.2684566332741306,False,1374,0.3643857378806868,False,1434,0.3698275488904328,False
2020-10-12,Consumption,1439,0.9999473081964324,20.799833617766144,0.6803335649756805,0.2000000000007276,0.9993050729673384,0.9998617903279288,0.8058336904261978,True,0,1440,0.0,-1440,1440,60,ok,0,False,1439,0.9999473081964324,20.799833617766144,0.6803335649756805,0.2000000000007276,0.9998617903279288,0.8058336904261978,True,unaffected_same0,frozen_rule_based_v2,False,same_date_0,source_and_mapped_target_w_status_both_endpoints,finite mapped W/Wh pairs requiring the released W-status observation proxy at both endpoints on both the source W timestamps and mapped-target Wh timestamps; W status is not proof of Wh ground truth,60,1438,0.9999999967850552,0.16255950017992607,0.13212795549374434,0.2000000000007276,True,1438,0.9999999967850552,True,1376,0.34588123134520893,False,1436,0.35533604453767914,False,1374,0.14457893691458323,False,1434,0.14918657970589771,False
2020-10-13,Production,1438,0.9999999679977704,0.10627070689166372,0.05646731571627124,0.20000000000004547,1.0,0.9999996960551837,0.001181483270300987,True,0,1440,0.0,-1440,1440,60,ok,0,False,1438,0.9999999679977704,0.10627070689166372,0.05646731571627124,0.20000000000004547,0.9999996960551837,0.001181483270300987,True,unaffected_same0,frozen_rule_based_v2,False,same_date_0,source_and_mapped_target_w_status_both_endpoints,finite mapped W/Wh pairs requiring the released W-status observation proxy at both endpoints on both the source W timestamps and mapped-target Wh timestamps; W status is not proof of Wh ground truth,60,1437,0.9999999679912975,0.1063076770465103,0.056506610995127375,0.20000000000004547,True,1437,0.9999999679912975,True,1374,0.5628809479443142,False,1434,0.5684487691669716,False,0,,False,0,,False
2020-10-13,Consumption,1438,0.9999452001852346,12.289820748061036,0.4599443671766305,0.20000000000027285,0.9993045897079277,0.9998627329005458,0.43500001529116616,True,0,1440,0.0,-1440,1440,60,ok,0,False,1438,0.9999452001852346,12.289820748061036,0.4599443671766305,0.20000000000027285,0.9998627329005458,0.43500001529116616,True,unaffected_same0,frozen_rule_based_v2,False,same_date_0,source_and_mapped_target_w_status_both_endpoints,finite mapped W/Wh pairs requiring the released W-status observation proxy at both endpoints on both the source W timestamps and mapped-target Wh timestamps; W status is not proof of Wh ground truth,60,1437,0.9999999901321381,0.1649107221406911,0.13597773138482577,0.20000000000027285,True,1437,0.9999999901321381,True,1374,0.08686216157759934,False,1434,0.09727465314686695,False,0,,False,0,,False
2020-10-14,Production,1437,0.9992695383375307,14.799471487112054,0.4495476687543484,0.20000000000004547,0.9993041057759221,1.0009025695886482,0.1931061211280678,True,0,1440,0.0,-1440,1440,60,ok,0,False,1437,0.9992695383375307,14.799471487112054,0.4495476687543484,0.20000000000004547,1.0009025695886482,0.1931061211280678,True,unaffected_same0,frozen_rule_based_v2,False,same_date_0,source_and_mapped_target_w_status_both_endpoints,finite mapped W/Wh pairs requiring the released W-status observation proxy at both endpoints on both the source W timestamps and mapped-target Wh timestamps; W status is not proof of Wh ground truth,60,1435,0.9999999603805104,0.10884250040985789,0.059233449477351006,0.20000000000004547,True,1435,0.9999999603805104,True,1370,0.5570165086656642,False,1430,0.5632096494977213,False,0,,False,0,,False
2020-10-14,Consumption,1437,0.9991941984319606,54.76204843232059,1.7556019485038252,0.20000000000027285,0.9986082115518441,1.0007572199326722,0.8953098012675582,True,0,1440,0.0,-1440,1440,60,ok,0,False,1437,0.9991941984319606,54.76204843232059,1.7556019485038252,0.20000000000027285,1.0007572199326722,0.8953098012675582,True,unaffected_same0,frozen_rule_based_v2,False,same_date_0,source_and_mapped_target_w_status_both_endpoints,finite mapped W/Wh pairs requiring the released W-status observation proxy at both endpoints on both the source W timestamps and mapped-target Wh timestamps; W status is not proof of Wh ground truth,60,1435,0.9999999929517877,0.16169830383592002,0.1307317073170716,0.20000000000027285,True,1435,0.9999999929517877,True,1370,-0.022063524619253837,False,1430,-0.016174031357908757,False,0,,False,0,,False
2020-10-15,Production,1437,0.9999993284198836,0.4862192774908848,0.06722338204592965,0.20000000000004547,0.9993041057759221,0.9999987621992553,0.014908421797315441,True,0,1440,0.0,-1440,1440,60,ok,0,False,1437,0.9999993284198836,0.4862192774908848,0.06722338204592965,0.20000000000004547,0.9999987621992553,0.014908421797315441,True,unaffected_same0,frozen_rule_based_v2,False,same_date_0,source_and_mapped_target_w_status_both_endpoints,finite mapped W/Wh pairs requiring the released W-status observation proxy at both endpoints on both the source W timestamps and mapped-target Wh timestamps; W status is not proof of Wh ground truth,60,1435,0.9999999690002,0.10466472105133001,0.0547735191637637,0.20000000000004547,True,1435,0.9999999690002,True,1370,0.6074972497410555,False,1430,0.6130501030117496,False,0,,False,0,,False
2020-10-15,Consumption,1437,0.9998217627966809,20.12707092436534,0.8491301322199043,0.20000000000027285,0.9986082115518441,0.9997136001967994,0.9484548148508338,True,0,1440,0.0,-1440,1440,60,ok,0,False,1437,0.9998217627966809,20.12707092436534,0.8491301322199043,0.20000000000027285,0.9997136001967994,0.9484548148508338,True,unaffected_same0,frozen_rule_based_v2,False,same_date_0,source_and_mapped_target_w_status_both_endpoints,finite mapped W/Wh pairs requiring the released W-status observation proxy at both endpoints on both the source W timestamps and mapped-target Wh timestamps; W status is not proof of Wh ground truth,60,1435,0.9999999880112191,0.16536307851268411,0.13672473867595997,0.20000000000027285,True,1435,0.9999999880112191,True,1370,0.18398396518703233,False,1430,0.19003219822472356,False,0,,False,0,,False
2020-10-16,Production,1438,0.9999999726295742,0.10240501552390184,0.05243393602225301,0.20000000000004547,1.0,1.0000002799849395,0.004521942031800563,True,0,1440,0.0,-1440,1440,60,ok,0,False,1438,0.9999999726295742,0.10240501552390184,0.05243393602225301,0.20000000000004547,1.0000002799849395,0.004521942031800563,True,unaffected_same0,frozen_rule_based_v2,False,same_date_0,source_and_mapped_target_w_status_both_endpoints,finite mapped W/Wh pairs requiring the released W-status observation proxy at both endpoints on both the source W timestamps and mapped-target Wh timestamps; W status is not proof of Wh ground truth,60,1436,0.9999999726179611,0.1024763033957613,0.05250696378830072,0.20000000000004547,True,1436,0.9999999726179611,True,1372,0.6917031228156353,False,1432,0.6958569120394239,False,0,,False,0,,False
2020-10-16,Consumption,1438,0.9973865402815639,58.69743071668399,2.040611961057022,0.20000000000027285,0.9986091794158554,1.003293581439025,-0.3418959874538814,True,0,1440,0.0,-1440,1440,60,ok,0,False,1438,0.9973865402815639,58.69743071668399,2.040611961057022,0.20000000000027285,1.003293581439025,-0.3418959874538814,True,unaffected_same0,frozen_rule_based_v2,False,same_date_0,source_and_mapped_target_w_status_both_endpoints,finite mapped W/Wh pairs requiring the released W-status observation proxy at both endpoints on both the source W timestamps and mapped-target Wh timestamps; W status is not proof of Wh ground truth,60,1436,0.9999999799535305,0.161469574218575,0.1303621169916425,0.20000000000027285,True,1436,0.9999999799535305,True,1372,0.22557537862243301,False,1432,0.21618212724335176,False,0,,False,0,,False
2020-10-17,Production,1439,0.9999999109322442,0.10086491837187811,0.050868658790827595,0.20000000000004547,1.0,1.0000285138799205,-0.004054856479200453,True,0,1440,0.0,-1440,1440,60,ok,0,False,1439,0.9999999109322442,0.10086491837187811,0.050868658790827595,0.20000000000004547,1.0000285138799205,-0.004054856479200453,True,unaffected_same0,frozen_rule_based_v2,False,same_date_0,source_and_mapped_target_w_status_both_endpoints,finite mapped W/Wh pairs requiring the released W-status observation proxy at both endpoints on both the source W timestamps and mapped-target Wh timestamps; W status is not proof of Wh ground truth,60,1438,0.9999999109207274,0.1008999835279424,0.05090403337969465,0.20000000000004547,True,1438,0.9999999109207274,True,1376,0.4635371312677489,False,1436,0.46793170950508967,False,0,,False,0,,False
2020-10-17,Consumption,1439,0.9987059472221578,38.57244368836036,1.1489923558026403,0.20000000000027285,0.9993050729673384,1.0014023146692717,0.07092790436672658,True,0,1440,0.0,-1440,1440,60,ok,0,False,1439,0.9987059472221578,38.57244368836036,1.1489923558026403,0.20000000000027285,1.0014023146692717,0.07092790436672658,True,unaffected_same0,frozen_rule_based_v2,False,same_date_0,source_and_mapped_target_w_status_both_endpoints,finite mapped W/Wh pairs requiring the released W-status observation proxy at both endpoints on both the source W timestamps and mapped-target Wh timestamps; W status is not proof of Wh ground truth,60,1438,0.9999999768577954,0.16264503530827668,0.1322670375521553,0.20000000000027285,True,1438,0.9999999768577954,True,1376,0.06511840151329255,False,1436,0.07565904337800021,False,0,,False,0,,False
2020-10-18,Production,1439,0.9999996502072575,0.10907406107396041,0.04419735927727578,0.20000000000004547,0.9993050729673384,1.0000208844660576,-0.003988946290434114,True,0,1440,0.0,-1440,1440,60,ok,0,False,1439,0.9999996502072575,0.10907406107396041,0.04419735927727578,0.20000000000004547,1.0000208844660576,-0.003988946290434114,True,unaffected_same0,frozen_rule_based_v2,False,same_date_0,source_and_mapped_target_w_status_both_endpoints,finite mapped W/Wh pairs requiring the released W-status observation proxy at both endpoints on both the source W timestamps and mapped-target Wh timestamps; W status is not proof of Wh ground truth,60,1438,0.9999997496311259,0.09241016387090804,0.04269819193324051,0.20000000000004547,True,1438,0.9999997496311259,True,1376,0.6937754736709885,False,1436,0.6964174907151963,False,0,,False,0,,False
2020-10-18,Consumption,1439,0.9999971726266784,3.583585464461255,0.2268241834607374,0.20000000000027285,0.9993050729673384,0.9999685224011596,0.11964051731672498,True,0,1440,0.0,-1440,1440,60,ok,0,False,1439,0.9999971726266784,3.583585464461255,0.2268241834607374,0.20000000000027285,0.9999685224011596,0.11964051731672498,True,unaffected_same0,frozen_rule_based_v2,False,same_date_0,source_and_mapped_target_w_status_both_endpoints,finite mapped W/Wh pairs requiring the released W-status observation proxy at both endpoints on both the source W timestamps and mapped-target Wh timestamps; W status is not proof of Wh ground truth,60,1438,0.999999994169515,0.16281597075777596,0.13254520166898548,0.20000000000027285,True,1438,0.999999994169515,True,1376,0.11974859283317442,False,1436,0.12815905240076036,False,0,,False,0,,False
2020-10-19,Production,1436,0.9999971707315638,0.08261060788312208,0.03412256267409474,0.20000000000000284,1.0,0.9998704803713403,-0.004430984838130314,True,0,1440,0.0,-1440,1440,60,ok,0,False,1436,0.9999971707315638,0.08261060788312208,0.03412256267409474,0.20000000000000284,0.9998704803713403,-0.004430984838130314,True,unaffected_same0,frozen_rule_based_v2,False,same_date_0,source_and_mapped_target_w_status_both_endpoints,finite mapped W/Wh pairs requiring the released W-status observation proxy at both endpoints on both the source W timestamps and mapped-target Wh timestamps; W status is not proof of Wh ground truth,60,1434,0.9999971698629206,0.08266819632363512,0.03417015341701537,0.20000000000000284,True,1434,0.9999971698629206,True,1368,0.6608825711214648,False,1428,0.6642103988424944,False,0,,False,0,,False
2020-10-19,Consumption,1436,0.9990782575090946,22.095238272477367,0.9545961002785537,0.20000000000027285,0.9986072423398329,0.9994933171311344,1.0812256282662247,True,0,1440,0.0,-1440,1440,60,ok,0,False,1436,0.9990782575090946,22.095238272477367,0.9545961002785537,0.20000000000027285,0.9994933171311344,1.0812256282662247,True,unaffected_same0,frozen_rule_based_v2,False,same_date_0,source_and_mapped_target_w_status_both_endpoints,finite mapped W/Wh pairs requiring the released W-status observation proxy at both endpoints on both the source W timestamps and mapped-target Wh timestamps; W status is not proof of Wh ground truth,60,1434,0.9999999492640804,0.16389607892256905,0.1343096234309646,0.20000000000004547,True,1434,0.9999999492640804,True,1368,0.13697186010201529,False,1428,0.1487791849169514,False,0,,False,0,,False
2020-10-20,Production,1438,0.9999998404005258,0.09580926810781171,0.04589707927677303,0.20000000000004547,1.0,1.0000160738096722,0.0003331706363809417,True,0,1440,0.0,-1440,1440,60,ok,0,False,1438,0.9999998404005258,0.09580926810781171,0.04589707927677303,0.20000000000004547,1.0000160738096722,0.0003331706363809417,True,unaffected_same0,frozen_rule_based_v2,False,same_date_0,source_and_mapped_target_w_status_both_endpoints,finite mapped W/Wh pairs requiring the released W-status observation proxy at both endpoints on both the source W timestamps and mapped-target Wh timestamps; W status is not proof of Wh ground truth,60,1436,0.9999998403470677,0.09587596443897162,0.04596100278551506,0.20000000000004547,True,1436,0.9999998403470677,True,1372,0.5621873383440356,False,1432,0.5668036968476975,False,0,,False,0,,False
2020-10-20,Consumption,1438,0.9996201100135074,47.11445301489668,1.489847009735744,0.2000000000007276,0.9986091794158554,1.0002101526415903,1.1120552612192114,True,0,1440,0.0,-1440,1440,60,ok,0,False,1438,0.9996201100135074,47.11445301489668,1.489847009735744,0.2000000000007276,1.0002101526415903,1.1120552612192114,True,unaffected_same0,frozen_rule_based_v2,False,same_date_0,source_and_mapped_target_w_status_both_endpoints,finite mapped W/Wh pairs requiring the released W-status observation proxy at both endpoints on both the source W timestamps and mapped-target Wh timestamps; W status is not proof of Wh ground truth,60,1436,0.9999999954460793,0.16310018794959022,0.1330083565459604,0.20000000000027285,True,1436,0.9999999954460793,True,1372,0.3181699419014587,False,1432,0.3258169841941149,False,0,,False,0,,False
2020-10-21,Production,1438,0.9999999088700459,0.10020840592247905,0.050208623087621765,0.20000000000004547,1.0,0.9999593488319206,-0.002100503057747005,True,0,1440,0.0,-1440,1440,60,ok,0,False,1438,0.9999999088700459,0.10020840592247905,0.050208623087621765,0.20000000000004547,0.9999593488319206,-0.002100503057747005,True,unaffected_same0,frozen_rule_based_v2,False,same_date_0,source_and_mapped_target_w_status_both_endpoints,finite mapped W/Wh pairs requiring the released W-status observation proxy at both endpoints on both the source W timestamps and mapped-target Wh timestamps; W status is not proof of Wh ground truth,60,1437,0.9999999088543828,0.10024326708405633,0.05024356297842735,0.20000000000004547,True,1437,0.9999999088543828,True,1374,0.5087096376828512,False,1434,0.5140370233313161,False,0,,False,0,,False
2020-10-21,Consumption,1438,0.9999657356639147,7.596476381027616,0.33198887343532546,0.20000000000027285,0.9993045897079277,0.9998524022450892,0.30668769027613507,True,0,1440,0.0,-1440,1440,60,ok,0,False,1438,0.9999657356639147,7.596476381027616,0.33198887343532546,0.20000000000027285,0.9998524022450892,0.30668769027613507,True,unaffected_same0,frozen_rule_based_v2,False,same_date_0,source_and_mapped_target_w_status_both_endpoints,finite mapped W/Wh pairs requiring the released W-status observation proxy at both endpoints on both the source W timestamps and mapped-target Wh timestamps; W status is not proof of Wh ground truth,60,1437,0.9999999843741355,0.1623590872358907,0.13180236604036055,0.20000000000027285,True,1437,0.9999999843741355,True,1374,0.0010223229680048807,False,1434,0.01160096391085307,False,0,,False,0,,False
2020-10-22,Production,1438,0.999999234819514,0.2805716398045016,0.05285118219749684,0.20000000000004547,0.9993045897079277,0.9999976397377688,0.010282382289943826,True,0,1440,0.0,-1440,1440,60,ok,0,False,1438,0.999999234819514,0.2805716398045016,0.05285118219749684,0.20000000000004547,0.9999976397377688,0.010282382289943826,True,unaffected_same0,frozen_rule_based_v2,False,same_date_0,source_and_mapped_target_w_status_both_endpoints,finite mapped W/Wh pairs requiring the released W-status observation proxy at both endpoints on both the source W timestamps and mapped-target Wh timestamps; W status is not proof of Wh ground truth,60,1437,0.9999999108156504,0.0958425988682948,0.04592901878914437,0.20000000000004547,True,1437,0.9999999108156504,True,1374,0.7038305468376451,False,1434,0.7070989608333088,False,0,,False,0,,False
2020-10-22,Consumption,1438,0.9998919859993799,14.50472562196774,0.5097357440890117,0.20000000000027285,0.9993045897079277,0.9998245559118002,0.5088678187837559,True,0,1440,0.0,-1440,1440,60,ok,0,False,1438,0.9998919859993799,14.50472562196774,0.5097357440890117,0.20000000000027285,0.9998245559118002,0.5088678187837559,True,unaffected_same0,frozen_rule_based_v2,False,same_date_0,source_and_mapped_target_w_status_both_endpoints,finite mapped W/Wh pairs requiring the released W-status observation proxy at both endpoints on both the source W timestamps and mapped-target Wh timestamps; W status is not proof of Wh ground truth,60,1437,0.9999999869339025,0.15959238265422312,0.1273486430062623,0.20000000000027285,True,1437,0.9999999869339025,True,1374,0.19683405195338732,False,1434,0.19887447183731322,False,0,,False,0,,False
2020-10-23,Production,1439,0.9999999426471343,0.09649881987705848,0.04656011118832515,0.20000000000004547,1.0,0.9999932449170764,-0.00023797237486178346,True,0,1440,0.0,-1440,1440,60,ok,0,False,1439,0.9999999426471343,0.09649881987705848,0.04656011118832515,0.20000000000004547,0.9999932449170764,-0.00023797237486178346,True,unaffected_same0,frozen_rule_based_v2,False,same_date_0,source_and_mapped_target_w_status_both_endpoints,finite mapped W/Wh pairs requiring the released W-status observation proxy at both endpoints on both the source W timestamps and mapped-target Wh timestamps; W status is not proof of Wh ground truth,60,1438,0.9999999426360866,0.09653236718204447,0.04659248956884554,0.20000000000004547,True,1438,0.9999999426360866,True,1376,0.6427292347614056,False,1434,0.6469209073467851,False,0,,False,0,,False
2020-10-23,Consumption,1439,0.9999865310377002,3.69944495583283,0.22932592077831662,0.20000000000027285,0.9993050729673384,0.9999328614692194,0.13715909897155143,True,0,1440,0.0,-1440,1440,60,ok,0,False,1439,0.9999865310377002,3.69944495583283,0.22932592077831662,0.20000000000027285,0.9999328614692194,0.13715909897155143,True,unaffected_same0,frozen_rule_based_v2,False,same_date_0,source_and_mapped_target_w_status_both_endpoints,finite mapped W/Wh pairs requiring the released W-status observation proxy at both endpoints on both the source W timestamps and mapped-target Wh timestamps; W status is not proof of Wh ground truth,60,1438,0.9999999741198563,0.16247392002122846,0.1319888734353252,0.20000000000027285,True,1438,0.9999999741198563,True,1376,0.15337762413784758,False,1434,0.16227170998835014,False,0,,False,0,,False
2020-10-24,Production,1437,0.9999996358774494,0.2817580754527033,0.055949895615866135,0.20000000000004547,0.9993041057759221,1.0000065806382417,0.007272756201189168,True,0,1440,0.0,-1440,1440,60,ok,0,False,1437,0.9999996358774494,0.2817580754527033,0.055949895615866135,0.20000000000004547,1.0000065806382417,0.007272756201189168,True,unaffected_same0,frozen_rule_based_v2,False,same_date_0,source_and_mapped_target_w_status_both_endpoints,finite mapped W/Wh pairs requiring the released W-status observation proxy at both endpoints on both the source W timestamps and mapped-target Wh timestamps; W status is not proof of Wh ground truth,60,1435,0.9999999551517882,0.09905476611398009,0.049059233449477095,0.20000000000004547,True,1435,0.9999999551517882,True,1372,0.5893526311606816,False,1432,0.5937963479155276,False,0,,False,0,,False
2020-10-24,Consumption,1437,0.999986510556776,9.79035214528775,0.4950591510090469,0.2000000000007276,0.9986082115518441,0.9999044740255546,0.4735482953919927,True,0,1440,0.0,-1440,1440,60,ok,0,False,1437,0.999986510556776,9.79035214528775,0.4950591510090469,0.2000000000007276,0.9999044740255546,0.4735482953919927,True,unaffected_same0,frozen_rule_based_v2,False,same_date_0,source_and_mapped_target_w_status_both_endpoints,finite mapped W/Wh pairs requiring the released W-status observation proxy at both endpoints on both the source W timestamps and mapped-target Wh timestamps; W status is not proof of Wh ground truth,60,1435,0.999999996285841,0.16247219006203242,0.1319860627177704,0.20000000000057297,True,1435,0.999999996285841,True,1372,0.020669587411665604,False,1432,0.030012443785297268,False,0,,False,0,,False
2020-10-25,Production,1440,0.999999945696383,0.09279607271383215,0.04305555555555486,0.20000000000004547,1.0,0.9999890189589428,-0.00024173932646931462,True,0,1440,0.0,-1440,1440,60,ok,0,False,1440,0.999999945696383,0.09279607271383215,0.04305555555555486,0.20000000000004547,0.9999890189589428,-0.00024173932646931462,True,unaffected_same0,frozen_rule_based_v2,False,same_date_0,source_and_mapped_target_w_status_both_endpoints,finite mapped W/Wh pairs requiring the released W-status observation proxy at both endpoints on both the source W timestamps and mapped-target Wh timestamps; W status is not proof of Wh ground truth,60,1440,0.999999945696383,0.09279607271383215,0.04305555555555486,0.20000000000004547,True,1440,0.999999945696383,True,1380,0.5740355102935413,False,1440,0.577974231309297,False,0,,False,0,,False
2020-10-25,Consumption,1440,0.999999966994321,0.3557074328402173,0.1409722222222225,0.20000000000027285,0.9993055555555556,0.9999948837984591,0.011521012815364884,True,0,1440,0.0,-1440,1440,60,ok,0,False,1440,0.999999966994321,0.3557074328402173,0.1409722222222225,0.20000000000027285,0.9999948837984591,0.011521012815364884,True,unaffected_same0,frozen_rule_based_v2,False,same_date_0,source_and_mapped_target_w_status_both_endpoints,finite mapped W/Wh pairs requiring the released W-status observation proxy at both endpoints on both the source W timestamps and mapped-target Wh timestamps; W status is not proof of Wh ground truth,60,1440,0.999999966994321,0.3557074328402173,0.1409722222222225,0.20000000000027285,True,1440,0.999999966994321,True,1380,0.2060876959639755,False,1440,0.21701428953435087,False,0,,False,0,,False
2020-10-26,Production,1438,0.9999995900890578,0.1721984171064416,0.057858136300417834,0.20000000000004547,0.9993045897079277,0.99999846781551,-0.005689322269688546,True,0,1440,0.0,-1440,1440,60,ok,0,False,1438,0.9999995900890578,0.1721984171064416,0.057858136300417834,0.20000000000004547,0.99999846781551,-0.005689322269688546,True,unaffected_same0,frozen_rule_based_v2,False,same_date_0,source_and_mapped_target_w_status_both_endpoints,finite mapped W/Wh pairs requiring the released W-status observation proxy at both endpoints on both the source W timestamps and mapped-target Wh timestamps; W status is not proof of Wh ground truth,60,1436,0.9999998510795075,0.10422816197795974,0.0543175487465187,0.20000000000004547,True,1436,0.9999998510795075,True,1372,0.681824076113193,False,1432,0.6856402615268724,False,0,,False,0,,False
2020-10-26,Consumption,1438,0.9999045778025047,15.201463036243613,0.616828929068151,0.20000000000027285,0.9986091794158554,0.9998387673795388,0.6293971215579859,True,0,1440,0.0,-1440,1440,60,ok,0,False,1438,0.9999045778025047,15.201463036243613,0.616828929068151,0.20000000000027285,0.9998387673795388,0.6293971215579859,True,unaffected_same0,frozen_rule_based_v2,False,same_date_0,source_and_mapped_target_w_status_both_endpoints,finite mapped W/Wh pairs requiring the released W-status observation proxy at both endpoints on both the source W timestamps and mapped-target Wh timestamps; W status is not proof of Wh ground truth,60,1436,0.9999999887295113,0.1653054908116456,0.1366295264623964,0.20000000000027285,True,1436,0.9999999887295113,True,1372,0.12588466912993493,False,1432,0.1368045462859797,False,0,,False,0,,False
2020-10-27,Production,1432,0.9999987445060673,0.5206775372198831,0.06169692737430175,0.20000000000004547,0.9993016759776536,0.9999779075367554,0.015865019913263723,True,0,1440,0.0,-1440,1440,60,ok,0,False,1432,0.9999987445060673,0.5206775372198831,0.06169692737430175,0.20000000000004547,0.9999779075367554,0.015865019913263723,True,unaffected_same0,frozen_rule_based_v2,False,same_date_0,source_and_mapped_target_w_status_both_endpoints,finite mapped W/Wh pairs requiring the released W-status observation proxy at both endpoints on both the source W timestamps and mapped-target Wh timestamps; W status is not proof of Wh ground truth,60,1430,0.9999999553329584,0.09823619317924306,0.04825174825174834,0.20000000000004547,True,1430,0.9999999553329584,True,1360,0.6622121811148981,False,1420,0.6658558002127086,False,0,,False,0,,False
2020-10-27,Consumption,1432,0.999789782775323,30.52629002056576,1.1140188547486014,0.20000000000027285,0.9986033519553073,0.9997705008805519,-0.35244099785586513,True,0,1440,0.0,-1440,1440,60,ok,0,False,1432,0.999789782775323,30.52629002056576,1.1140188547486014,0.20000000000027285,0.9997705008805519,-0.35244099785586513,True,unaffected_same0,frozen_rule_based_v2,False,same_date_0,source_and_mapped_target_w_status_both_endpoints,finite mapped W/Wh pairs requiring the released W-status observation proxy at both endpoints on both the source W timestamps and mapped-target Wh timestamps; W status is not proof of Wh ground truth,60,1430,0.9999999940550155,0.1624118911213745,0.13188811188810973,0.20000000000027285,True,1430,0.9999999940550155,True,1360,0.12416680036978962,False,1420,0.13621030542690127,False,0,,False,0,,False
2020-10-28,Production,1434,0.9999154386049643,2.7509754831307767,0.1612273361227342,0.20000000000004547,0.9965132496513249,0.9999512697704178,0.11448153289556728,True,0,1440,0.0,-1440,1440,60,ok,0,False,1434,0.9999154386049643,2.7509754831307767,0.1612273361227342,0.20000000000004547,0.9999512697704178,0.11448153289556728,True,unaffected_same0,frozen_rule_based_v2,False,same_date_0,source_and_mapped_target_w_status_both_endpoints,finite mapped W/Wh pairs requiring the released W-status observation proxy at both endpoints on both the source W timestamps and mapped-target Wh timestamps; W status is not proof of Wh ground truth,60,1429,0.9999998959549254,0.09669123663201215,0.04674597620713844,0.20000000000004547,True,1429,0.9999998959549254,True,1358,0.4508567149751,False,1418,0.4551044697308759,False,0,,False,0,,False
2020-10-28,Consumption,1434,0.9996738808863549,26.1945010039357,1.624965132496515,0.20000000000027285,0.9965132496513249,0.9992940026642427,2.1248101262269756,True,0,1440,0.0,-1440,1440,60,ok,0,False,1434,0.9996738808863549,26.1945010039357,1.624965132496515,0.20000000000027285,0.9992940026642427,2.1248101262269756,True,unaffected_same0,frozen_rule_based_v2,False,same_date_0,source_and_mapped_target_w_status_both_endpoints,finite mapped W/Wh pairs requiring the released W-status observation proxy at both endpoints on both the source W timestamps and mapped-target Wh timestamps; W status is not proof of Wh ground truth,60,1429,0.9999999876594553,0.16143166339171755,0.13030090972708377,0.20000000000027285,True,1429,0.9999999876594553,True,1358,0.1724535720658691,False,1418,0.18199295591181247,False,0,,False,0,,False
2020-10-29,Production,1437,0.9999924688161568,0.0630913223963947,0.019902574808629083,0.20000000000000284,1.0,1.0000388109003522,-0.002549993766387537,True,0,1440,0.0,-1440,1440,60,ok,0,False,1437,0.9999924688161568,0.0630913223963947,0.019902574808629083,0.20000000000000284,1.0000388109003522,-0.002549993766387537,True,unaffected_same0,frozen_rule_based_v2,False,same_date_0,source_and_mapped_target_w_status_both_endpoints,finite mapped W/Wh pairs requiring the released W-status observation proxy at both endpoints on both the source W timestamps and mapped-target Wh timestamps; W status is not proof of Wh ground truth,60,1435,0.9999924679404901,0.06313527316619477,0.01993031358885017,0.20000000000000284,True,1435,0.9999924679404901,True,1370,0.29058158848620824,False,1430,0.29323957810699725,False,0,,False,0,,False
2020-10-29,Consumption,1437,0.9998529406708838,19.497545837037094,0.8146137787056378,0.20000000000027285,0.9986082115518441,0.9996654361513861,1.0140904719243053,True,0,1440,0.0,-1440,1440,60,ok,0,False,1437,0.9998529406708838,19.497545837037094,0.8146137787056378,0.20000000000027285,0.9996654361513861,1.0140904719243053,True,unaffected_same0,frozen_rule_based_v2,False,same_date_0,source_and_mapped_target_w_status_both_endpoints,finite mapped W/Wh pairs requiring the released W-status observation proxy at both endpoints on both the source W timestamps and mapped-target Wh timestamps; W status is not proof of Wh ground truth,60,1435,0.999999989902865,0.1621286966755555,0.13142857142857223,0.20000000000027285,True,1435,0.999999989902865,True,1370,0.23053059308355225,False,1430,0.24372162736048616,False,0,,False,0,,False
2020-10-30,Production,1438,0.9999999689769075,0.1046884243985912,0.05479833101529868,0.20000000000004547,1.0,1.0000173338441374,-0.008308442845333275,True,0,1440,0.0,-1440,1440,60,ok,0,False,1438,0.9999999689769075,0.1046884243985912,0.05479833101529868,0.20000000000004547,1.0000173338441374,-0.008308442845333275,True,unaffected_same0,frozen_rule_based_v2,False,same_date_0,source_and_mapped_target_w_status_both_endpoints,finite mapped W/Wh pairs requiring the released W-status observation proxy at both endpoints on both the source W timestamps and mapped-target Wh timestamps; W status is not proof of Wh ground truth,60,1437,0.9999999689709476,0.10472484409856182,0.05483646485734134,0.20000000000004547,True,1437,0.9999999689709476,True,1374,0.8119964983735708,False,1434,0.8143129353938466,False,0,,False,0,,False
2020-10-30,Consumption,1438,0.999977930188148,8.334698821830688,0.35132127955493525,0.20000000000027285,0.9993045897079277,0.9999479182115151,0.24850989559706704,True,0,1440,0.0,-1440,1440,60,ok,0,False,1438,0.999977930188148,8.334698821830688,0.35132127955493525,0.20000000000027285,0.9999479182115151,0.24850989559706704,True,unaffected_same0,frozen_rule_based_v2,False,same_date_0,source_and_mapped_target_w_status_both_endpoints,finite mapped W/Wh pairs requiring the released W-status observation proxy at both endpoints on both the source W timestamps and mapped-target Wh timestamps; W status is not proof of Wh ground truth,60,1437,0.9999999916355525,0.16227334173889496,0.13166318719554418,0.20000000000027285,True,1437,0.9999999916355525,True,1374,0.0639434937864789,False,1434,0.0648221838358652,False,0,,False,0,,False
2020-10-31,Production,1438,0.9999997694131729,0.11311741410645326,0.04867872044506302,0.20000000000004547,0.9993045897079277,0.9999997635693362,-0.00025938744458642304,True,0,1440,0.0,-1440,1440,60,ok,0,False,1438,0.9999997694131729,0.11311741410645326,0.04867872044506302,0.20000000000004547,0.9999997635693362,-0.00025938744458642304,True,unaffected_same0,frozen_rule_based_v2,False,same_date_0,source_and_mapped_target_w_status_both_endpoints,finite mapped W/Wh pairs requiring the released W-status observation proxy at both endpoints on both the source W timestamps and mapped-target Wh timestamps; W status is not proof of Wh ground truth,60,1436,0.9999998300826208,0.0971745693889777,0.04721448467966618,0.20000000000004547,True,1436,0.9999998300826208,True,1372,0.6283353383893453,False,1432,0.6320466765333708,False,0,,False,0,,False
2020-10-31,Consumption,1438,0.9999134312478195,16.06993062758896,0.6968011126564676,0.20000000000027285,0.9986091794158554,0.9998035925224995,0.7531814394533285,True,0,1440,0.0,-1440,1440,60,ok,0,False,1438,0.9999134312478195,16.06993062758896,0.6968011126564676,0.20000000000027285,0.9998035925224995,0.7531814394533285,True,unaffected_same0,frozen_rule_based_v2,False,same_date_0,source_and_mapped_target_w_status_both_endpoints,finite mapped W/Wh pairs requiring the released W-status observation proxy at both endpoints on both the source W timestamps and mapped-target Wh timestamps; W status is not proof of Wh ground truth,60,1436,0.9999999908303084,0.16538972291434034,0.13676880222841237,0.20000000000027285,True,1436,0.9999999908303084,True,1372,0.1680372364234074,False,1432,0.16850407002920748,False,0,,False,0,,False
2020-11-01,Production,1438,0.9999915815092454,0.09104554179915719,0.04144645340751043,0.20000000000000284,1.0,1.0000882932109165,-0.00281239772478159,True,0,1440,0.0,-1440,1440,60,ok,0,False,1438,0.9999915815092454,0.09104554179915719,0.04144645340751043,0.20000000000000284,1.0000882932109165,-0.00281239772478159,True,unaffected_same0,frozen_rule_based_v2,False,same_date_0,source_and_mapped_target_w_status_both_endpoints,finite mapped W/Wh pairs requiring the released W-status observation proxy at both endpoints on both the source W timestamps and mapped-target Wh timestamps; W status is not proof of Wh ground truth,60,1437,0.9999915803713363,0.09107721532309297,0.04147529575504523,0.20000000000000284,True,1437,0.9999915803713363,True,1374,0.47015541539829653,False,1434,0.474687387335745,False,1371,0.5985148555594372,False,1431,0.6021493373777973,False
2020-11-01,Consumption,1438,0.9951720639314141,113.55206166916784,3.1254520166898505,0.20000000000027285,0.9993045897079277,1.0022423921025148,0.39116176122388424,True,0,1440,0.0,-1440,1440,60,ok,0,False,1438,0.9951720639314141,113.55206166916784,3.1254520166898505,0.20000000000027285,1.0022423921025148,0.39116176122388424,True,unaffected_same0,frozen_rule_based_v2,False,same_date_0,source_and_mapped_target_w_status_both_endpoints,finite mapped W/Wh pairs requiring the released W-status observation proxy at both endpoints on both the source W timestamps and mapped-target Wh timestamps; W status is not proof of Wh ground truth,60,1437,0.9999999900834895,0.16192990571002489,0.13110647181628812,0.20000000000027285,True,1437,0.9999999900834895,True,1374,0.11160561844710264,False,1434,0.11186993494251105,False,1371,0.0002913800624740926,False,1431,-0.012702247523698607,False
2020-11-02,Production,1439,0.5617786695331537,260.98249582524045,99.35594162612925,1037.5199999999993,0.6205698401667825,0.9421017591793709,74.66720456832402,False,1439,1,0.9993055555555556,-1440,1440,60,ok,1369,False,1439,0.7953529653044814,125.10484187011616,50.56845031271717,607.9199999999994,0.8802990932971289,29.76531763738835,False,unresolved,frozen_rule_based_v2,True,none,source_and_mapped_target_w_status_both_endpoints,finite mapped W/Wh pairs requiring the released W-status observation proxy at both endpoints on both the source W timestamps and mapped-target Wh timestamps; W status is not proof of Wh ground truth,60,0,,,,,False,1438,0.5617209001537209,False,1376,0.7359367598193738,False,1436,0.738083709605076,False,1371,0.578563181658621,False,1431,0.5820243698464163,False
2020-11-02,Consumption,1439,0.09804574913655088,1849.2442825562719,1225.957192494788,6243.403999999995,0.0,0.23073998182964917,1358.400598110257,False,1439,1,0.9993055555555556,-1440,1440,60,ok,-1384,False,1439,0.30812515794997297,1270.1207793492774,816.5936066712994,3705.7439999999983,0.5401356158040854,835.5177477705593,False,unresolved,frozen_rule_based_v2,True,none,source_and_mapped_target_w_status_both_endpoints,finite mapped W/Wh pairs requiring the released W-status observation proxy at both endpoints on both the source W timestamps and mapped-target Wh timestamps; W status is not proof of Wh ground truth,60,0,,,,,False,1438,0.0978574961954874,False,1376,0.09529305812794318,False,1436,0.091072401766068,False,1371,0.0883356809543428,False,1431,0.10535914267304217,False
2020-11-03,Production,1439,0.6580234098289693,155.34234085753755,56.13481584433635,939.8999999999995,0.580958999305073,1.0908854774702539,30.172495763925284,False,1439,1,0.9993055555555556,-1440,1440,60,ok,66,False,1439,0.8617503085353386,119.45997692767568,44.31104933981932,661.1479999999939,1.428628347783327,10.261391761048813,False,unresolved,frozen_rule_based_v2,True,none,source_and_mapped_target_w_status_both_endpoints,finite mapped W/Wh pairs requiring the released W-status observation proxy at both endpoints on both the source W timestamps and mapped-target Wh timestamps; W status is not proof of Wh ground truth,60,0,,,,,False,1438,0.6579687242525852,False,1376,0.8509059587127965,False,1436,0.8524012181646,False,1375,0.5498332763182033,False,1435,0.5536403118196241,False
2020-11-03,Consumption,1439,0.23443294584974608,2237.861691186738,1682.620708825573,6277.903999999998,0.0,0.34547395250706975,1830.266042284614,False,1439,1,0.9993055555555556,-1440,1440,60,ok,1366,False,1439,0.3924129607426064,1288.0296868328046,791.6205698401668,4150.063999999996,0.35764385753434824,403.0551296027189,False,unresolved,frozen_rule_based_v2,True,none,source_and_mapped_target_w_status_both_endpoints,finite mapped W/Wh pairs requiring the released W-status observation proxy at both endpoints on both the source W timestamps and mapped-target Wh timestamps; W status is not proof of Wh ground truth,60,0,,,,,False,1438,0.23426715427895137,False,1376,0.24731613889172513,False,1436,0.2514643820269096,False,1375,0.17298283313949311,False,1435,0.16985953492055778,False
2020-11-04,Production,1439,0.5852292100733266,298.4991739203523,166.51146629603895,1010.2239999999994,0.46351633078526755,1.1014960486543222,143.93698904837896,False,1439,1,0.9993055555555556,-1440,1440,60,ok,-1420,False,1439,0.7576139140685212,132.53098784062732,49.53815149409313,647.2879999999998,0.9036148223064493,22.216739523879298,False,unresolved,frozen_rule_based_v2,True,none,source_and_mapped_target_w_status_both_endpoints,finite mapped W/Wh pairs requiring the released W-status observation proxy at both endpoints on both the source W timestamps and mapped-target Wh timestamps; W status is not proof of Wh ground truth,60,0,,,,,False,1438,0.5851418863062698,False,1376,0.6178273156458745,False,1436,0.6227556383904683,False,1373,0.5082600861914343,False,1433,0.5131516981794896,False
2020-11-04,Consumption,1439,0.0031447870862913096,1327.824490189777,884.9084086170953,4436.507999999974,0.0006949270326615705,0.004334636565234373,714.8263666770953,False,1439,1,0.9993055555555556,-1440,1440,60,ok,1421,False,1439,0.3095028160429627,966.6634873718615,587.8129256428075,3220.6879999999974,0.30755506509504077,215.73716341488378,False,unresolved,frozen_rule_based_v2,True,none,source_and_mapped_target_w_status_both_endpoints,finite mapped W/Wh pairs requiring the released W-status observation proxy at both endpoints on both the source W timestamps and mapped-target Wh timestamps; W status is not proof of Wh ground truth,60,0,,,,,False,1438,0.002812282664847895,False,1376,-0.0024141050736848284,False,1436,-0.019891088145328438,False,1373,0.05922080553904591,False,1433,0.047396558945519,False
2020-11-05,Production,1439,0.30699902134506396,821.3993493876329,482.4861709520501,1844.5439999999999,0.3988881167477415,0.7731944955154407,494.5993648048257,False,1439,1,0.9993055555555556,-1440,1440,60,ok,-1363,False,1439,0.7514024927708474,244.48716316698489,147.3733148019458,686.9839999999997,0.8482049956967842,137.2442998345955,False,unresolved,frozen_rule_based_v2,True,none,source_and_mapped_target_w_status_both_endpoints,finite mapped W/Wh pairs requiring the released W-status observation proxy at both endpoints on both the source W timestamps and mapped-target Wh timestamps; W status is not proof of Wh ground truth,60,0,,,,,False,1438,0.30687735564177826,False,1376,0.45470402426071566,False,1436,0.4607172976248604,False,1373,0.7400835117149428,False,1433,0.7422007728897946,False
2020-11-05,Consumption,1439,0.17304854812313245,1764.905221188272,1309.3416261292564,5376.563999999976,0.0,0.10592363590831226,287.4816617184215,False,1439,1,0.9993055555555556,-1440,1440,60,ok,-967,False,1439,0.2435686139201968,1684.6579233298205,1234.8223766504516,4993.699999999968,0.19527691558512697,353.54904797817727,False,unresolved,frozen_rule_based_v2,True,none,source_and_mapped_target_w_status_both_endpoints,finite mapped W/Wh pairs requiring the released W-status observation proxy at both endpoints on both the source W timestamps and mapped-target Wh timestamps; W status is not proof of Wh ground truth,60,0,,,,,False,1438,0.17350066770577302,False,1376,-0.054504399152037336,False,1436,-0.05710312890487852,False,1373,0.06748253466760279,False,1433,0.06527359260006695,False
2020-11-06,Production,1439,0.5012377409766827,711.7585864551504,446.4512856150104,1980.4319999999996,0.37595552466990967,1.519805017434636,389.3271650184923,False,1439,1,0.9993055555555556,-1440,1440,60,ok,-1243,False,1439,0.6857395527737558,757.4364225676671,484.7961084086171,1653.5439999999999,2.3099140386951804,358.76772007895744,False,unresolved,frozen_rule_based_v2,True,none,source_and_mapped_target_w_status_both_endpoints,finite mapped W/Wh pairs requiring the released W-status observation proxy at both endpoints on both the source W timestamps and mapped-target Wh timestamps; W status is not proof of Wh ground truth,60,0,,,,,False,1438,0.5011289942034504,False,1376,0.6079989267439859,False,1436,0.6126417284944246,False,1375,0.38978616801742505,False,1435,0.3956423145200307,False
2020-11-06,Consumption,1439,-0.1537123009567634,1696.0593609804532,1234.1866574009728,4622.135999999999,0.0,-0.15402914003084875,869.4996912040408,False,1439,1,0.9993055555555556,-1440,1440,60,ok,808,False,1439,0.42394481770733067,1262.433473086021,848.52063933287,3803.5959999999995,0.38891254926752566,99.81721208689339,False,unresolved,frozen_rule_based_v2,True,none,source_and_mapped_target_w_status_both_endpoints,finite mapped W/Wh pairs requiring the released W-status observation proxy at both endpoints on both the source W timestamps and mapped-target Wh timestamps; W status is not proof of Wh ground truth,60,0,,,,,False,1438,-0.1536797900472808,False,1376,-0.07574211894096221,False,1436,-0.05327783378600845,False,1375,0.024452721884230217,False,1435,0.0408585368002277,False
2020-11-07,Production,1439,0.4491110879829849,521.9251600196819,280.31897150799165,1630.8959999999988,0.448227936066713,0.8963519422440288,274.5898902440989,False,1439,1,0.9993055555555556,-1440,1440,60,ok,-1315,False,1439,0.6735580460127357,654.1516970276191,421.00111188325224,1852.043999999998,1.6935376698799018,341.2673931007322,False,unresolved,frozen_rule_based_v2,True,none,source_and_mapped_target_w_status_both_endpoints,finite mapped W/Wh pairs requiring the released W-status observation proxy at both endpoints on both the source W timestamps and mapped-target Wh timestamps; W status is not proof of Wh ground truth,60,0,,,,,False,1438,0.448994265779243,False,1376,0.6157714577898022,False,1436,0.6202992156969375,False,1373,0.517784129626827,False,1433,0.5222784026440139,False
2020-11-07,Consumption,1439,-0.21128038315087377,1213.593355847212,597.9421820708826,4589.799999999995,0.002779708130646282,-0.008818087363045407,178.38006710319084,False,1439,1,0.9993055555555556,-1440,1440,60,ok,-859,False,1439,0.4509578599335588,1099.4750212166534,593.4656011118833,3589.8599999999997,0.4396781829284642,276.4224291480265,False,unresolved,frozen_rule_based_v2,True,none,source_and_mapped_target_w_status_both_endpoints,finite mapped W/Wh pairs requiring the released W-status observation proxy at both endpoints on both the source W timestamps and mapped-target Wh timestamps; W status is not proof of Wh ground truth,60,0,,,,,False,1438,-0.21112072074839475,False,1376,-0.2767002449967029,False,1436,-0.2893990474913329,False,1373,0.08634154085478762,False,1433,0.09265326037503663,False
2020-11-08,Production,1439,0.35012885546897243,516.8336084722249,273.31897150799165,1840.2879999999998,0.42599027102154274,0.5514592784066078,260.9134331920211,False,1439,1,0.9993055555555556,-1440,1440,60,ok,-1308,False,1439,0.7202282065464242,417.9145780560569,232.8807505211953,1454.539999999997,1.1659989948034992,197.48993550718293,False,unresolved,frozen_rule_based_v2,True,none,source_and_mapped_target_w_status_both_endpoints,finite mapped W/Wh pairs requiring the released W-status observation proxy at both endpoints on both the source W timestamps and mapped-target Wh timestamps; W status is not proof of Wh ground truth,60,0,,,,,False,1438,0.34997606914672275,False,1376,0.49973573512093195,False,1436,0.5068992503942432,False,1371,0.6927576442413953,False,1431,0.6959197383420881,False
2020-11-08,Consumption,1439,-0.0030930314430084207,1594.7699416562518,919.9491313412092,5905.736,0.0,-0.003738110811822836,935.6504502498356,False,1439,1,0.9993055555555556,-1440,1440,60,ok,-478,False,1439,0.43328216697684635,1151.695773786588,642.5854065323141,3854.8839999999946,0.493241290089756,318.45770125130326,False,unresolved,frozen_rule_based_v2,True,none,source_and_mapped_target_w_status_both_endpoints,finite mapped W/Wh pairs requiring the released W-status observation proxy at both endpoints on both the source W timestamps and mapped-target Wh timestamps; W status is not proof of Wh ground truth,60,0,,,,,False,1438,-0.0033447695212288483,False,1376,0.16260376335253926,False,1436,0.15191489994853183,False,1371,0.08351030216061849,False,1431,0.07847674460397278,False
2020-11-09,Production,1438,0.9999999252561658,0.11037929297249217,0.06091794158553608,0.20000000000004547,1.0,0.9999814925801009,-0.0024706132782910117,True,0,1440,0.0,-1440,1440,60,ok,0,False,1438,0.9999999252561658,0.11037929297249217,0.06091794158553608,0.20000000000004547,0.9999814925801009,-0.0024706132782910117,True,unaffected_same0,frozen_rule_based_v2,False,same_date_0,source_and_mapped_target_w_status_both_endpoints,finite mapped W/Wh pairs requiring the released W-status observation proxy at both endpoints on both the source W timestamps and mapped-target Wh timestamps; W status is not proof of Wh ground truth,60,1437,0.999999925241364,0.11041769244937914,0.06096033402922817,0.20000000000004547,True,1437,0.999999925241364,True,1374,0.6569965122819506,False,1434,0.6612812907587376,False,1368,-0.025294649595099274,False,1428,-0.014062800855324199,False
2020-11-09,Consumption,1438,0.999984998887071,7.174640473563514,0.3203059805285143,0.20000000000027285,0.9993045897079277,0.9999162355400066,0.2748910876186983,True,0,1440,0.0,-1440,1440,60,ok,0,False,1438,0.999984998887071,7.174640473563514,0.3203059805285143,0.20000000000027285,0.9999162355400066,0.2748910876186983,True,unaffected_same0,frozen_rule_based_v2,False,same_date_0,source_and_mapped_target_w_status_both_endpoints,finite mapped W/Wh pairs requiring the released W-status observation proxy at both endpoints on both the source W timestamps and mapped-target Wh timestamps; W status is not proof of Wh ground truth,60,1437,0.9999999923754006,0.16201583296770944,0.13124565066110203,0.20000000000027285,True,1437,0.9999999923754006,True,1374,0.25630878102224636,False,1434,0.2611756569790866,False,1368,0.2925332991592939,False,1428,0.27277888580683274,False
2020-11-10,Production,1439,0.999999795225386,0.10223356871023265,0.05225851285614998,0.20000000000004547,1.0,0.9999593325083619,0.000999574544493953,True,0,1440,0.0,-1440,1440,60,ok,0,False,1439,0.999999795225386,0.10223356871023265,0.05225851285614998,0.20000000000004547,0.9999593325083619,0.000999574544493953,True,unaffected_same0,frozen_rule_based_v2,False,same_date_0,source_and_mapped_target_w_status_both_endpoints,finite mapped W/Wh pairs requiring the released W-status observation proxy at both endpoints on both the source W timestamps and mapped-target Wh timestamps; W status is not proof of Wh ground truth,60,1438,0.999999795169574,0.10226910967035731,0.05229485396383854,0.20000000000004547,True,1438,0.999999795169574,True,1376,0.7485599498342264,False,1436,0.7528694416124264,False,1370,0.29541220318328215,False,1430,0.30570390550289755,False
2020-11-10,Consumption,1439,0.9999966231610227,3.541490402895545,0.22710215427379837,0.20000000000027285,0.9993050729673384,0.9999644267216721,0.12500119253706998,True,0,1440,0.0,-1440,1440,60,ok,0,False,1439,0.9999966231610227,3.541490402895545,0.22710215427379837,0.20000000000027285,0.9999644267216721,0.12500119253706998,True,unaffected_same0,frozen_rule_based_v2,False,same_date_0,source_and_mapped_target_w_status_both_endpoints,finite mapped W/Wh pairs requiring the released W-status observation proxy at both endpoints on both the source W timestamps and mapped-target Wh timestamps; W status is not proof of Wh ground truth,60,1438,0.9999999927933751,0.16366797014267778,0.13393602225312648,0.20000000000027285,True,1438,0.9999999927933751,True,1376,0.11821495443767756,False,1436,0.12496366545834207,False,1370,0.07332938549899802,False,1430,0.08267464958488992,False
2020-11-11,Production,1438,0.9999998411446984,0.0908926524523244,0.0413073713490956,0.20000000000003496,1.0,1.0000012822189617,-0.0015833661799220522,True,0,1440,0.0,-1440,1440,60,ok,0,False,1438,0.9999998411446984,0.0908926524523244,0.0413073713490956,0.20000000000003496,1.0000012822189617,-0.0015833661799220522,True,unaffected_same0,frozen_rule_based_v2,False,same_date_0,source_and_mapped_target_w_status_both_endpoints,finite mapped W/Wh pairs requiring the released W-status observation proxy at both endpoints on both the source W timestamps and mapped-target Wh timestamps; W status is not proof of Wh ground truth,60,1437,0.9999998411373394,0.09092427278810522,0.04133611691022928,0.20000000000003523,True,1437,0.9999998411373394,True,1374,0.23065739275521058,False,1434,0.23291085435529205,False,1374,0.23065739275521058,False,1434,0.23291085435529205,False
2020-11-11,Consumption,1438,0.9999855926386181,7.754718604809426,0.34033379694019494,0.20000000000027285,0.9993045897079277,0.9999218761269633,0.2803345554914358,True,0,1440,0.0,-1440,1440,60,ok,0,False,1438,0.9999855926386181,7.754718604809426,0.34033379694019494,0.20000000000027285,0.9999218761269633,0.2803345554914358,True,unaffected_same0,frozen_rule_based_v2,False,same_date_0,source_and_mapped_target_w_status_both_endpoints,finite mapped W/Wh pairs requiring the released W-status observation proxy at both endpoints on both the source W timestamps and mapped-target Wh timestamps; W status is not proof of Wh ground truth,60,1437,0.999999993484912,0.16491072214069455,0.13597773138482974,0.20000000000027285,True,1437,0.999999993484912,True,1374,0.13495742689559598,False,1434,0.13525685110703498,False,1374,0.13495742689559598,False,1434,0.13525685110703498,False
2020-11-12,Production,1438,0.9999993030250668,0.08919357455168757,0.039777468706537075,0.20000000000001705,1.0,0.9999303234586845,-0.00015174230744108286,True,0,1440,0.0,-1440,1440,60,ok,0,False,1438,0.9999993030250668,0.08919357455168757,0.039777468706537075,0.20000000000001705,0.9999303234586845,-0.00015174230744108286,True,unaffected_same0,frozen_rule_based_v2,False,same_date_0,source_and_mapped_target_w_status_both_endpoints,finite mapped W/Wh pairs requiring the released W-status observation proxy at both endpoints on both the source W timestamps and mapped-target Wh timestamps; W status is not proof of Wh ground truth,60,1437,0.9999993029684197,0.08922460380103524,0.039805149617258395,0.20000000000001705,True,1437,0.9999993029684197,True,1374,0.3293123909331892,False,1434,0.3326261943791452,False,1374,0.176088909384445,False,1434,0.18206741178977118,False
2020-11-12,Consumption,1438,0.9999606578996411,13.133571841601123,0.4771905424200318,0.20000000000027285,0.9993045897079277,0.9998327497240226,0.575635760868181,True,0,1440,0.0,-1440,1440,60,ok,0,False,1438,0.9999606578996411,13.133571841601123,0.4771905424200318,0.20000000000027285,0.9998327497240226,0.575635760868181,True,unaffected_same0,frozen_rule_based_v2,False,same_date_0,source_and_mapped_target_w_status_both_endpoints,finite mapped W/Wh pairs requiring the released W-status observation proxy at both endpoints on both the source W timestamps and mapped-target Wh timestamps; W status is not proof of Wh ground truth,60,1437,0.999999994040607,0.16184393283127577,0.13096729297147242,0.20000000000027285,True,1437,0.999999994040607,True,1374,0.21452377928227326,False,1434,0.22667014187273862,False,1374,0.2042153746666267,False,1434,0.2154215720138935,False
2020-11-13,Production,1430,0.9999997446308271,0.12005243609601447,0.04846153846153919,0.20000000000004547,0.9993006993006993,0.9999599370712743,0.002457412086613431,True,0,1440,0.0,-1440,1440,60,ok,0,False,1430,0.9999997446308271,0.12005243609601447,0.04846153846153919,0.20000000000004547,0.9999599370712743,0.002457412086613431,True,unaffected_same0,frozen_rule_based_v2,False,same_date_0,source_and_mapped_target_w_status_both_endpoints,finite mapped W/Wh pairs requiring the released W-status observation proxy at both endpoints on both the source W timestamps and mapped-target Wh timestamps; W status is not proof of Wh ground truth,60,1427,0.9999998350888456,0.09661401396518074,0.04667133847232029,0.20000000000004547,True,1427,0.9999998350888456,True,1354,0.43148254732596797,False,1414,0.4363903673082191,False,0,,False,0,,False
2020-11-13,Consumption,1430,0.9999043894853954,17.239399410303484,0.8169650349650324,0.20000000000027285,0.9979020979020979,0.999779036088743,0.8187823684530713,True,0,1440,0.0,-1440,1440,60,ok,0,False,1430,0.9999043894853954,17.239399410303484,0.8169650349650324,0.20000000000027285,0.999779036088743,0.8187823684530713,True,unaffected_same0,frozen_rule_based_v2,False,same_date_0,source_and_mapped_target_w_status_both_endpoints,finite mapped W/Wh pairs requiring the released W-status observation proxy at both endpoints on both the source W timestamps and mapped-target Wh timestamps; W status is not proof of Wh ground truth,60,1427,0.9999999913340148,0.16429757473063103,0.13496846531184042,0.20000000000027285,True,1427,0.9999999913340148,True,1354,0.10685637564097598,False,1414,0.11328796784033386,False,0,,False,0,,False
2020-11-14,Production,1439,0.9999970737563502,0.09678644739981898,0.0315496872828352,0.20000000000000284,0.9993050729673384,0.9999793821258465,0.0006742139891766641,True,0,1440,0.0,-1440,1440,60,ok,0,False,1439,0.9999970737563502,0.09678644739981898,0.0315496872828352,0.20000000000000284,0.9999793821258465,0.0006742139891766641,True,unaffected_same0,frozen_rule_based_v2,False,same_date_0,source_and_mapped_target_w_status_both_endpoints,finite mapped W/Wh pairs requiring the released W-status observation proxy at both endpoints on both the source W timestamps and mapped-target Wh timestamps; W status is not proof of Wh ground truth,60,1438,0.9999981246422605,0.07751351445718885,0.03004172461752424,0.20000000000000284,True,1438,0.9999981246422605,True,1376,0.19964547563568996,False,1436,0.2030180197365307,False,0,,False,0,,False
2020-11-14,Consumption,1439,0.9992157870495632,51.32603737459362,1.4853370396108434,0.20000000000027285,0.9993050729673384,1.000732744876319,0.5970579231548072,True,0,1440,0.0,-1440,1440,60,ok,0,False,1439,0.9992157870495632,51.32603737459362,1.4853370396108434,0.20000000000027285,1.000732744876319,0.5970579231548072,True,unaffected_same0,frozen_rule_based_v2,False,same_date_0,source_and_mapped_target_w_status_both_endpoints,finite mapped W/Wh pairs requiring the released W-status observation proxy at both endpoints on both the source W timestamps and mapped-target Wh timestamps; W status is not proof of Wh ground truth,60,1438,0.999999992099435,0.16273052547728775,0.13240611961057258,0.20000000000027285,True,1438,0.999999992099435,True,1376,0.508327403955507,False,1436,0.5145313655127881,False,0,,False,0,,False
2020-11-15,Production,1439,0.9999998552229914,0.0848495377616988,0.035997220291869615,0.20000000000004547,1.0,0.9999968452546517,-0.0010493968431148915,True,0,1440,0.0,-1440,1440,60,ok,0,False,1439,0.9999998552229914,0.0848495377616988,0.035997220291869615,0.20000000000004547,0.9999968452546517,-0.0010493968431148915,True,unaffected_same0,frozen_rule_based_v2,False,same_date_0,source_and_mapped_target_w_status_both_endpoints,finite mapped W/Wh pairs requiring the released W-status observation proxy at both endpoints on both the source W timestamps and mapped-target Wh timestamps; W status is not proof of Wh ground truth,60,1438,0.9999998552064877,0.08487903525529342,0.03602225312934657,0.20000000000004547,True,1438,0.9999998552064877,True,1376,0.5083252089635224,False,1436,0.5118513209064247,False,0,,False,0,,False
2020-11-15,Consumption,1439,0.9999945709951262,5.754423020134084,0.2868658790827004,0.2000000000007276,0.9993050729673384,0.9999568001162155,0.19548315051974896,True,0,1440,0.0,-1440,1440,60,ok,0,False,1439,0.9999945709951262,5.754423020134084,0.2868658790827004,0.2000000000007276,0.9999568001162155,0.19548315051974896,True,unaffected_same0,frozen_rule_based_v2,False,same_date_0,source_and_mapped_target_w_status_both_endpoints,finite mapped W/Wh pairs requiring the released W-status observation proxy at both endpoints on both the source W timestamps and mapped-target Wh timestamps; W status is not proof of Wh ground truth,60,1438,0.9999999955636203,0.1645155572201482,0.13532684283727808,0.2000000000007276,True,1438,0.9999999955636203,True,1376,0.10243825364420701,False,1436,0.11005422731614406,False,0,,False,0,,False
2020-11-16,Production,1437,0.989779501659653,1.2095306979959508,0.04801670146137789,0.20000000000000284,0.9993041057759221,1.0213175556643115,-0.0061128691308685035,False,0,1440,0.0,-1440,1440,60,ok,0,False,1437,0.989779501659653,1.2095306979959508,0.04801670146137789,0.20000000000000284,1.0213175556643115,-0.0061128691308685035,False,unaffected_same0,frozen_rule_based_v2,False,same_date_0,source_and_mapped_target_w_status_both_endpoints,finite mapped W/Wh pairs requiring the released W-status observation proxy at both endpoints on both the source W timestamps and mapped-target Wh timestamps; W status is not proof of Wh ground truth,60,1435,0.9999750748401393,0.056863428294044366,0.016167247386759606,0.20000000000000284,True,1435,0.9999750748401393,True,1370,0.07504569571835547,False,1430,0.0768918566205798,False,0,,False,0,,False
2020-11-16,Consumption,1437,0.999968949395069,9.836653367791271,0.49603340292275727,0.20000000000027285,0.9986082115518441,0.9998144698583805,0.5336824648196625,True,0,1440,0.0,-1440,1440,60,ok,0,False,1437,0.999968949395069,9.836653367791271,0.49603340292275727,0.20000000000027285,0.9998144698583805,0.5336824648196625,True,unaffected_same0,frozen_rule_based_v2,False,same_date_0,source_and_mapped_target_w_status_both_endpoints,finite mapped W/Wh pairs requiring the released W-status observation proxy at both endpoints on both the source W timestamps and mapped-target Wh timestamps; W status is not proof of Wh ground truth,60,1435,0.9999999913514657,0.16434857152306614,0.13505226480836385,0.20000000000027285,True,1435,0.9999999913514657,True,1370,0.25093363534041774,False,1430,0.26133467384978204,False,0,,False,0,,False
2020-11-17,Production,1438,0.9999930915847913,0.14073125139150766,0.04617524339360217,0.20000000000000284,0.9993045897079277,0.9999602355180374,0.0020698585668128544,True,0,1440,0.0,-1440,1440,60,ok,0,False,1438,0.9999930915847913,0.14073125139150766,0.04617524339360217,0.20000000000000284,0.9999602355180374,0.0020698585668128544,True,unaffected_same0,frozen_rule_based_v2,False,same_date_0,source_and_mapped_target_w_status_both_endpoints,finite mapped W/Wh pairs requiring the released W-status observation proxy at both endpoints on both the source W timestamps and mapped-target Wh timestamps; W status is not proof of Wh ground truth,60,1437,0.9999969726306175,0.09319205929955979,0.0434237995824634,0.20000000000000284,True,1437,0.9999969726306175,True,1374,0.5169267895885706,False,1434,0.5212320968490339,False,0,,False,0,,False
2020-11-17,Consumption,1438,0.9999822188287043,6.911042141171725,0.31599443671766714,0.20000000000027285,0.9993045897079277,0.9998602101488377,0.3303558483564757,True,0,1440,0.0,-1440,1440,60,ok,0,False,1438,0.9999822188287043,6.911042141171725,0.31599443671766714,0.20000000000027285,0.9998602101488377,0.3303558483564757,True,unaffected_same0,frozen_rule_based_v2,False,same_date_0,source_and_mapped_target_w_status_both_endpoints,finite mapped W/Wh pairs requiring the released W-status observation proxy at both endpoints on both the source W timestamps and mapped-target Wh timestamps; W status is not proof of Wh ground truth,60,1437,0.9999999900702368,0.16363987821591774,0.13389004871259946,0.20000000000027285,True,1437,0.9999999900702368,True,1374,0.3245944024865584,False,1434,0.34046427887158326,False,0,,False,0,,False
2020-11-18,Production,1437,0.9999998394998878,0.09771217301006713,0.04773834377174668,0.20000000000004547,1.0,0.9999915144326773,-0.002040458317367211,True,0,1440,0.0,-1440,1440,60,ok,0,False,1437,0.9999998394998878,0.09771217301006713,0.04773834377174668,0.20000000000004547,0.9999915144326773,-0.002040458317367211,True,unaffected_same0,frozen_rule_based_v2,False,same_date_0,source_and_mapped_target_w_status_both_endpoints,finite mapped W/Wh pairs requiring the released W-status observation proxy at both endpoints on both the source W timestamps and mapped-target Wh timestamps; W status is not proof of Wh ground truth,60,1435,0.9999998394618385,0.0977802414077407,0.047804878048780475,0.20000000000004547,True,1435,0.9999998394618385,True,1370,0.3361878031320082,False,1430,0.3411719226984491,False,0,,False,0,,False
2020-11-18,Consumption,1437,0.9998840193053706,13.182554212298724,0.6064022268615167,0.20000000000027285,0.9986082115518441,0.9997209201487001,0.6830102625839345,True,0,1440,0.0,-1440,1440,60,ok,0,False,1437,0.9998840193053706,13.182554212298724,0.6064022268615167,0.20000000000027285,0.9997209201487001,0.6830102625839345,True,unaffected_same0,frozen_rule_based_v2,False,same_date_0,source_and_mapped_target_w_status_both_endpoints,finite mapped W/Wh pairs requiring the released W-status observation proxy at both endpoints on both the source W timestamps and mapped-target Wh timestamps; W status is not proof of Wh ground truth,60,1435,0.9999999830407441,0.15944153407269915,0.12710801393728166,0.20000000000027285,True,1435,0.9999999830407441,True,1370,0.12401569753909124,False,1430,0.13421122578217679,False,0,,False,0,,False
2020-11-19,Production,1437,0.9999976188974837,0.08780949836312445,0.03855254001391785,0.20000000000000284,1.0,0.9999350527533218,-0.0022994831480360745,True,0,1440,0.0,-1440,1440,60,ok,0,False,1437,0.9999976188974837,0.08780949836312445,0.03855254001391785,0.20000000000000284,0.9999350527533218,-0.0022994831480360745,True,unaffected_same0,frozen_rule_based_v2,False,same_date_0,source_and_mapped_target_w_status_both_endpoints,finite mapped W/Wh pairs requiring the released W-status observation proxy at both endpoints on both the source W timestamps and mapped-target Wh timestamps; W status is not proof of Wh ground truth,60,1435,0.9999976182215969,0.087870668345021,0.038606271777003445,0.20000000000000284,True,1435,0.9999976182215969,True,1370,0.6497599733527247,False,1430,0.6529125574101253,False,0,,False,0,,False
2020-11-19,Consumption,1437,0.9984509713616013,79.83304987579028,2.501322199025752,0.20000000000027285,0.9986082115518441,1.0013111393467529,0.3519934482501412,True,0,1440,0.0,-1440,1440,60,ok,0,False,1437,0.9984509713616013,79.83304987579028,2.501322199025752,0.20000000000027285,1.0013111393467529,0.3519934482501412,True,unaffected_same0,frozen_rule_based_v2,False,same_date_0,source_and_mapped_target_w_status_both_endpoints,finite mapped W/Wh pairs requiring the released W-status observation proxy at both endpoints on both the source W timestamps and mapped-target Wh timestamps; W status is not proof of Wh ground truth,60,1435,0.99999999349303,0.16324240755298275,0.13324041811847118,0.20000000000027285,True,1435,0.99999999349303,True,1370,0.447048448011304,False,1430,0.46627928438385846,False,0,,False,0,,False
2020-11-20,Production,1438,0.9999997679270827,0.08996986050740415,0.040472878998609074,0.20000000000001705,1.0,0.9999728902028721,0.0015526374051759717,True,0,1440,0.0,-1440,1440,60,ok,0,False,1438,0.9999997679270827,0.08996986050740415,0.040472878998609074,0.20000000000001705,0.9999728902028721,0.0015526374051759717,True,unaffected_same0,frozen_rule_based_v2,False,same_date_0,source_and_mapped_target_w_status_both_endpoints,finite mapped W/Wh pairs requiring the released W-status observation proxy at both endpoints on both the source W timestamps and mapped-target Wh timestamps; W status is not proof of Wh ground truth,60,1437,0.9999997679019205,0.09000115981623318,0.040501043841336015,0.20000000000001705,True,1437,0.9999997679019205,True,1374,0.2612430127990983,False,1434,0.2662963251579441,False,0,,False,0,,False
2020-11-20,Consumption,1438,0.9999758347509262,11.815202013049943,0.4484005563282377,0.2000000000007276,0.9993045897079277,0.9998355867934087,0.604047535925929,True,0,1440,0.0,-1440,1440,60,ok,0,False,1438,0.9999758347509262,11.815202013049943,0.4484005563282377,0.2000000000007276,0.9998355867934087,0.604047535925929,True,unaffected_same0,frozen_rule_based_v2,False,same_date_0,source_and_mapped_target_w_status_both_endpoints,finite mapped W/Wh pairs requiring the released W-status observation proxy at both endpoints on both the source W timestamps and mapped-target Wh timestamps; W status is not proof of Wh ground truth,60,1437,0.9999999952626927,0.16550044308009562,0.13695198329854266,0.2000000000007276,True,1437,0.9999999952626927,True,1374,0.40645171334271507,False,1434,0.40866323925523884,False,0,,False,0,,False
2020-11-21,Production,1436,0.999999904345476,0.09845604762919953,0.04846796657381615,0.20000000000004547,1.0,0.9999911346672149,-0.00127614833837697,True,0,1440,0.0,-1440,1440,60,ok,0,False,1436,0.999999904345476,0.09845604762919953,0.04846796657381615,0.20000000000004547,0.9999911346672149,-0.00127614833837697,True,unaffected_same0,frozen_rule_based_v2,False,same_date_0,source_and_mapped_target_w_status_both_endpoints,finite mapped W/Wh pairs requiring the released W-status observation proxy at both endpoints on both the source W timestamps and mapped-target Wh timestamps; W status is not proof of Wh ground truth,60,1433,0.999999904299844,0.0985590531126064,0.048569434752267965,0.20000000000004547,True,1433,0.999999904299844,True,1366,0.5347081660283705,False,1426,0.5394062302554697,False,0,,False,0,,False
2020-11-21,Consumption,1436,0.9999582221631719,10.927966218947203,0.6217270194986064,0.20000000000027285,0.9979108635097493,0.9998218099691218,0.6046108699351862,True,0,1440,0.0,-1440,1440,60,ok,0,False,1436,0.9999582221631719,10.927966218947203,0.6217270194986064,0.20000000000027285,0.9998218099691218,0.6046108699351862,True,unaffected_same0,frozen_rule_based_v2,False,same_date_0,source_and_mapped_target_w_status_both_endpoints,finite mapped W/Wh pairs requiring the released W-status observation proxy at both endpoints on both the source W timestamps and mapped-target Wh timestamps; W status is not proof of Wh ground truth,60,1433,0.9999999903751463,0.1660677772159547,0.13789253314724273,0.20000000000027285,True,1433,0.9999999903751463,True,1366,0.11596649870377818,False,1426,0.11228641207111406,False,0,,False,0,,False
2020-11-22,Production,1437,0.9999999281733718,0.09393582256683797,0.0441196938065422,0.20000000000004547,1.0,1.0000091880496884,0.00022955192039830763,True,0,1440,0.0,-1440,1440,60,ok,0,False,1437,0.9999999281733718,0.09393582256683797,0.0441196938065422,0.20000000000004547,1.0000091880496884,0.00022955192039830763,True,unaffected_same0,frozen_rule_based_v2,False,same_date_0,source_and_mapped_target_w_status_both_endpoints,finite mapped W/Wh pairs requiring the released W-status observation proxy at both endpoints on both the source W timestamps and mapped-target Wh timestamps; W status is not proof of Wh ground truth,60,1435,0.9999999281531425,0.09400126027771168,0.04418118466899035,0.20000000000004547,True,1435,0.9999999281531425,True,1370,0.5970459673717536,False,1428,0.6005180704256045,False,0,,False,0,,False
2020-11-22,Consumption,1437,0.9999270230868657,15.367530773929905,0.6936673625608951,0.20000000000027285,0.9986082115518441,0.9997506642681752,0.8111600758940085,True,0,1440,0.0,-1440,1440,60,ok,0,False,1437,0.9999270230868657,15.367530773929905,0.6936673625608951,0.20000000000027285,0.9997506642681752,0.8111600758940085,True,unaffected_same0,frozen_rule_based_v2,False,same_date_0,source_and_mapped_target_w_status_both_endpoints,finite mapped W/Wh pairs requiring the released W-status observation proxy at both endpoints on both the source W timestamps and mapped-target Wh timestamps; W status is not proof of Wh ground truth,60,1435,0.9999999917398158,0.16349834041076464,0.1336585365853702,0.20000000000027285,True,1435,0.9999999917398158,True,1370,0.09565800942618423,False,1428,0.10821595029170224,False,0,,False,0,,False
2020-11-23,Production,1437,0.9999979664606103,0.1049903067401683,0.03980514961725831,0.20000000000001705,0.9993041057759221,1.0000843323970556,-0.0005530877377815102,True,0,1440,0.0,-1440,1440,60,ok,0,False,1437,0.9999979664606103,0.1049903067401683,0.03980514961725831,0.20000000000001705,1.0000843323970556,-0.0005530877377815102,True,unaffected_same0,frozen_rule_based_v2,False,same_date_0,source_and_mapped_target_w_status_both_endpoints,finite mapped W/Wh pairs requiring the released W-status observation proxy at both endpoints on both the source W timestamps and mapped-target Wh timestamps; W status is not proof of Wh ground truth,60,1434,0.9999985893077749,0.08758339321518167,0.038354253835425525,0.20000000000001705,True,1434,0.9999985893077749,True,1370,0.4314670430720863,False,1430,0.4350810692685323,False,0,,False,0,,False
2020-11-23,Consumption,1437,0.9998123255367336,34.65892986842233,1.345302713987476,0.2000000000007276,0.9979123173277662,0.9998208584519398,1.4841150307934186,True,0,1440,0.0,-1440,1440,60,ok,0,False,1437,0.9998123255367336,34.65892986842233,1.345302713987476,0.2000000000007276,0.9998208584519398,1.4841150307934186,True,unaffected_same0,frozen_rule_based_v2,False,same_date_0,source_and_mapped_target_w_status_both_endpoints,finite mapped W/Wh pairs requiring the released W-status observation proxy at both endpoints on both the source W timestamps and mapped-target Wh timestamps; W status is not proof of Wh ground truth,60,1434,0.9999999959491912,0.1612365051708869,0.12998605299860705,0.2000000000007276,True,1434,0.9999999959491912,True,1370,0.2744521817128646,False,1430,0.2738631820180596,False,0,,False,0,,False
2020-11-24,Production,1438,0.9999949917828014,0.08520612330833434,0.03630041724617532,0.20000000000000284,1.0,1.000038679808549,-0.001117149317272137,True,0,1440,0.0,-1440,1440,60,ok,0,False,1438,0.9999949917828014,0.08520612330833434,0.03630041724617532,0.20000000000000284,1.000038679808549,-0.001117149317272137,True,unaffected_same0,frozen_rule_based_v2,False,same_date_0,source_and_mapped_target_w_status_both_endpoints,finite mapped W/Wh pairs requiring the released W-status observation proxy at both endpoints on both the source W timestamps and mapped-target Wh timestamps; W status is not proof of Wh ground truth,60,1437,0.9999949912116556,0.08523576537682831,0.036325678496868546,0.20000000000000284,True,1437,0.9999949912116556,True,1374,0.37287092636348296,False,1434,0.37737810140485323,False,0,,False,0,,False
2020-11-24,Consumption,1438,0.9999321571134971,12.60625162259518,0.4696801112656526,0.20000000000027285,0.9993045897079277,0.9997946532816196,0.5272206915319657,True,0,1440,0.0,-1440,1440,60,ok,0,False,1438,0.9999321571134971,12.60625162259518,0.4696801112656526,0.20000000000027285,0.9997946532816196,0.5272206915319657,True,unaffected_same0,frozen_rule_based_v2,False,same_date_0,source_and_mapped_target_w_status_both_endpoints,finite mapped W/Wh pairs requiring the released W-status observation proxy at both endpoints on both the source W timestamps and mapped-target Wh timestamps; W status is not proof of Wh ground truth,60,1437,0.9999999882859462,0.16575253834134407,0.1373695198329913,0.20000000000027285,True,1437,0.9999999882859462,True,1374,0.12772416937330722,False,1434,0.13136969090236647,False,0,,False,0,,False
2020-11-25,Production,1437,0.999999918104816,0.09613259226586487,0.046207376478775604,0.20000000000004547,1.0,1.0000099840650019,-0.0015871306389954043,True,0,1440,0.0,-1440,1440,60,ok,0,False,1437,0.999999918104816,0.09613259226586487,0.046207376478775604,0.20000000000004547,1.0000099840650019,-0.0015871306389954043,True,unaffected_same0,frozen_rule_based_v2,False,same_date_0,source_and_mapped_target_w_status_both_endpoints,finite mapped W/Wh pairs requiring the released W-status observation proxy at both endpoints on both the source W timestamps and mapped-target Wh timestamps; W status is not proof of Wh ground truth,60,1434,0.999999918072494,0.09623309683305878,0.04630404463040484,0.20000000000004547,True,1434,0.999999918072494,True,1368,0.5925062591257029,False,1428,0.5959077524075616,False,0,,False,0,,False
2020-11-25,Consumption,1437,0.9999516255392253,14.219240691595015,0.7416840640222724,0.2000000000007276,0.9979123173277662,0.9997395886138788,0.9318701634590525,True,0,1440,0.0,-1440,1440,60,ok,0,False,1437,0.9999516255392253,14.219240691595015,0.7416840640222724,0.2000000000007276,0.9997395886138788,0.9318701634590525,True,unaffected_same0,frozen_rule_based_v2,False,same_date_0,source_and_mapped_target_w_status_both_endpoints,finite mapped W/Wh pairs requiring the released W-status observation proxy at both endpoints on both the source W timestamps and mapped-target Wh timestamps; W status is not proof of Wh ground truth,60,1434,0.9999999935648025,0.16398115345667927,0.134449093444913,0.20000000000027285,True,1434,0.9999999935648025,True,1368,0.30325496487750675,False,1428,0.30745101482847037,False,0,,False,0,,False
2020-11-26,Production,1439,0.9999999176630393,0.09975647902624322,0.04975677553856778,0.20000000000004547,1.0,0.9999722690413272,0.0028221983569949316,True,0,1440,0.0,-1440,1440,60,ok,0,False,1439,0.9999999176630393,0.09975647902624322,0.04975677553856778,0.20000000000004547,0.9999722690413272,0.0028221983569949316,True,unaffected_same0,frozen_rule_based_v2,False,same_date_0,source_and_mapped_target_w_status_both_endpoints,finite mapped W/Wh pairs requiring the released W-status observation proxy at both endpoints on both the source W timestamps and mapped-target Wh timestamps; W status is not proof of Wh ground truth,60,1438,0.9999999176532254,0.09979115883922421,0.04979137691237763,0.20000000000004547,True,1438,0.9999999176532254,True,1376,0.6668654592484776,False,1436,0.6693728063384635,False,0,,False,0,,False
2020-11-26,Consumption,1439,0.9999833575669602,5.954670091611332,0.29089645587213186,0.20000000000027285,0.9993050729673384,0.9998822081213216,0.27657432156900086,True,0,1440,0.0,-1440,1440,60,ok,0,False,1439,0.9999833575669602,5.954670091611332,0.29089645587213186,0.20000000000027285,0.9998822081213216,0.27657432156900086,True,unaffected_same0,frozen_rule_based_v2,False,same_date_0,source_and_mapped_target_w_status_both_endpoints,finite mapped W/Wh pairs requiring the released W-status observation proxy at both endpoints on both the source W timestamps and mapped-target Wh timestamps; W status is not proof of Wh ground truth,60,1438,0.9999999874068544,0.16375292627097632,0.1340751043115422,0.20000000000027285,True,1438,0.9999999874068544,True,1376,0.3140674118595461,False,1436,0.32761226070216726,False,0,,False,0,,False
2020-11-27,Production,1439,0.999999890984274,0.10114013012043513,0.05114662960389226,0.20000000000004547,1.0,0.9999888566751183,-0.00015165178923837175,True,0,1440,0.0,-1440,1440,60,ok,0,False,1439,0.999999890984274,0.10114013012043513,0.05114662960389226,0.20000000000004547,0.9999888566751183,-0.00015165178923837175,True,unaffected_same0,frozen_rule_based_v2,False,same_date_0,source_and_mapped_target_w_status_both_endpoints,finite mapped W/Wh pairs requiring the released W-status observation proxy at both endpoints on both the source W timestamps and mapped-target Wh timestamps; W status is not proof of Wh ground truth,60,1438,0.9999998909643095,0.10117529095241003,0.05118219749652362,0.20000000000004547,True,1438,0.9999998909643095,True,1376,0.7294170803092889,False,1436,0.7325325486455032,False,0,,False,0,,False
2020-11-27,Consumption,1439,0.9999911288645058,4.173522550496122,0.2408617095205007,0.20000000000027285,0.9993050729673384,0.9999176750502404,0.1840754369932256,True,0,1440,0.0,-1440,1440,60,ok,0,False,1439,0.9999911288645058,4.173522550496122,0.2408617095205007,0.20000000000027285,0.9999176750502404,0.1840754369932256,True,unaffected_same0,frozen_rule_based_v2,False,same_date_0,source_and_mapped_target_w_status_both_endpoints,finite mapped W/Wh pairs requiring the released W-status observation proxy at both endpoints on both the source W timestamps and mapped-target Wh timestamps; W status is not proof of Wh ground truth,60,1438,0.9999999866488103,0.16187359205653326,0.13101529902642597,0.20000000000027285,True,1438,0.9999999866488103,True,1376,0.24889917759444266,False,1436,0.24158210168046085,False,0,,False,0,,False
2020-11-28,Production,1436,0.998426857122466,3.7006662051740085,0.13203342618384412,0.20000000000001705,0.9993036211699164,1.0026254133570993,0.0241100945978161,True,0,1440,0.0,-1440,1440,60,ok,0,False,1436,0.998426857122466,3.7006662051740085,0.13203342618384412,0.20000000000001705,1.0026254133570993,0.0241100945978161,True,unaffected_same0,frozen_rule_based_v2,False,same_date_0,source_and_mapped_target_w_status_both_endpoints,finite mapped W/Wh pairs requiring the released W-status observation proxy at both endpoints on both the source W timestamps and mapped-target Wh timestamps; W status is not proof of Wh ground truth,60,1432,0.9999992034564585,0.0830628758277858,0.034497206703910765,0.20000000000001705,True,1432,0.9999992034564585,True,1366,0.6267072230871161,False,1426,0.6296815949834846,False,0,,False,0,,False
2020-11-28,Consumption,1436,0.9999258545686545,21.189615499435746,1.0976323119777176,0.2000000000007276,0.9972144846796658,0.9997309976149826,1.3148082729114776,True,0,1440,0.0,-1440,1440,60,ok,0,False,1436,0.9999258545686545,21.189615499435746,1.0976323119777176,0.2000000000007276,0.9997309976149826,1.3148082729114776,True,unaffected_same0,frozen_rule_based_v2,False,same_date_0,source_and_mapped_target_w_status_both_endpoints,finite mapped W/Wh pairs requiring the released W-status observation proxy at both endpoints on both the source W timestamps and mapped-target Wh timestamps; W status is not proof of Wh ground truth,60,1432,0.9999999955808073,0.16366951303528174,0.13393854748603504,0.2000000000007276,True,1432,0.9999999955808073,True,1366,0.278416487581575,False,1426,0.28829403410004484,False,0,,False,0,,False
2020-11-29,Production,1436,0.9985844253422279,7.5172392401646935,0.31545961002785555,0.20000000000004547,0.9986072423398329,1.0018586371736535,0.1397241810508234,True,0,1440,0.0,-1440,1440,60,ok,0,False,1436,0.9985844253422279,7.5172392401646935,0.31545961002785555,0.20000000000004547,1.0018586371736535,0.1397241810508234,True,unaffected_same0,frozen_rule_based_v2,False,same_date_0,source_and_mapped_target_w_status_both_endpoints,finite mapped W/Wh pairs requiring the released W-status observation proxy at both endpoints on both the source W timestamps and mapped-target Wh timestamps; W status is not proof of Wh ground truth,60,1432,0.9999997968917674,0.09031292587999623,0.04078212290502833,0.20000000000004547,True,1432,0.9999997968917674,True,1364,0.6665679161294029,False,1424,0.670004029304468,False,0,,False,0,,False
2020-11-29,Consumption,1436,0.9994045955892564,46.76760925860992,1.9917827298050137,0.20000000000027285,0.9972144846796658,1.0002091309515164,1.6554749153782495,True,0,1440,0.0,-1440,1440,60,ok,0,False,1436,0.9994045955892564,46.76760925860992,1.9917827298050137,0.20000000000027285,1.0002091309515164,1.6554749153782495,True,unaffected_same0,frozen_rule_based_v2,False,same_date_0,source_and_mapped_target_w_status_both_endpoints,finite mapped W/Wh pairs requiring the released W-status observation proxy at both endpoints on both the source W timestamps and mapped-target Wh timestamps; W status is not proof of Wh ground truth,60,1432,0.9999999927392745,0.1633278226562462,0.13337988826815642,0.20000000000027285,True,1432,0.9999999927392745,True,1364,0.04042969023332961,False,1424,0.043799740073211316,False,0,,False,0,,False
2020-11-30,Production,1430,0.9999740480042131,0.3496562858858944,0.04144522144522161,0.20000000000001705,0.9993006993006993,0.9998914939499243,0.005271962915042394,True,0,1440,0.0,-1440,1440,60,ok,0,False,1430,0.9999740480042131,0.3496562858858944,0.04144522144522161,0.20000000000001705,0.9998914939499243,0.005271962915042394,True,unaffected_same0,frozen_rule_based_v2,False,same_date_0,source_and_mapped_target_w_status_both_endpoints,finite mapped W/Wh pairs requiring the released W-status observation proxy at both endpoints on both the source W timestamps and mapped-target Wh timestamps; W status is not proof of Wh ground truth,60,1427,0.9999986296072313,0.08064213209492763,0.03251576734407864,0.20000000000001705,True,1427,0.9999986296072313,True,1354,0.7002911696273403,False,1414,0.7024466339083306,False,0,,False,0,,False
2020-11-30,Consumption,1430,0.9961551574481557,104.36253676502442,4.024102564102569,0.20000000000027285,0.9979020979020979,1.0020688300570604,0.7010974810134485,True,0,1440,0.0,-1440,1440,60,ok,0,False,1430,0.9961551574481557,104.36253676502442,4.024102564102569,0.20000000000027285,1.0020688300570604,0.7010974810134485,True,unaffected_same0,frozen_rule_based_v2,False,same_date_0,source_and_mapped_target_w_status_both_endpoints,finite mapped W/Wh pairs requiring the released W-status observation proxy at both endpoints on both the source W timestamps and mapped-target Wh timestamps; W status is not proof of Wh ground truth,60,1427,0.9999999904902677,0.16318484066065864,0.13314646110722345,0.20000000000027285,True,1427,0.9999999904902677,True,1354,0.16690100406757127,False,1414,0.15796308878565454,False,0,,False,0,,False
2020-12-01,Production,1439,0.9999998657734399,0.0922274735628028,0.042529534398887896,0.20000000000004547,1.0,1.0000308415429962,0.0030696202948945484,True,0,1440,0.0,-1440,1440,60,ok,0,False,1439,0.9999998657734399,0.0922274735628028,0.042529534398887896,0.20000000000004547,1.0000308415429962,0.0030696202948945484,True,unaffected_same0,frozen_rule_based_v2,False,same_date_0,source_and_mapped_target_w_status_both_endpoints,finite mapped W/Wh pairs requiring the released W-status observation proxy at both endpoints on both the source W timestamps and mapped-target Wh timestamps; W status is not proof of Wh ground truth,60,1438,0.9999998657582834,0.09225953595680554,0.042559109874825925,0.20000000000004547,True,1438,0.9999998657582834,True,1376,0.5606302542706532,False,1436,0.5637693374245006,False,1375,0.38318709469391804,False,1435,0.38752004806080337,False
2020-12-01,Consumption,1439,0.9996955394120408,40.64970786034435,1.202918693537184,0.2000000000007276,0.9993050729673384,0.9999976764517418,1.0747692101151642,True,0,1440,0.0,-1440,1440,60,ok,0,False,1439,0.9996955394120408,40.64970786034435,1.202918693537184,0.2000000000007276,0.9999976764517418,1.0747692101151642,True,unaffected_same0,frozen_rule_based_v2,False,same_date_0,source_and_mapped_target_w_status_both_endpoints,finite mapped W/Wh pairs requiring the released W-status observation proxy at both endpoints on both the source W timestamps and mapped-target Wh timestamps; W status is not proof of Wh ground truth,60,1438,0.999999995156602,0.1621311476562583,0.1314325452016744,0.2000000000007276,True,1438,0.999999995156602,True,1376,-0.07364462071012981,False,1436,-0.07258232920109833,False,1375,0.13476606406572594,False,1435,0.13407800358295058,False
2020-12-02,Production,1439,0.6297713547181205,202.63551664497606,84.49798471160528,794.2239999999995,0.5684503127171647,0.23605520506940306,17.197062503769445,False,1439,1,0.9993055555555556,-1440,1440,60,ok,-1348,False,1439,0.7341922221286201,163.47067750654102,68.32328005559417,665.4199999999998,0.5554736824351746,11.452261924086912,False,unresolved,frozen_rule_based_v2,True,none,source_and_mapped_target_w_status_both_endpoints,finite mapped W/Wh pairs requiring the released W-status observation proxy at both endpoints on both the source W timestamps and mapped-target Wh timestamps; W status is not proof of Wh ground truth,60,0,,,,,False,1438,0.6297134464980872,False,1376,0.5737176477903135,False,1436,0.5779103828234458,False,1369,0.5238170947094709,False,1429,0.5268860737395221,False
2020-12-02,Consumption,1439,-0.0022668466147466805,2010.1838979503527,1510.225781792912,5894.407999999997,0.0,-0.0031563209639943147,1753.4161968259243,False,1439,1,0.9993055555555556,-1440,1440,60,ok,264,False,1439,0.3002929984158429,1726.302204492878,1283.1207783182765,4807.479999999977,0.41894526136579147,1282.8387042272927,False,unresolved,frozen_rule_based_v2,True,none,source_and_mapped_target_w_status_both_endpoints,finite mapped W/Wh pairs requiring the released W-status observation proxy at both endpoints on both the source W timestamps and mapped-target Wh timestamps; W status is not proof of Wh ground truth,60,0,,,,,False,1438,-0.002336058932460477,False,1376,0.06843431831616381,False,1436,0.08144039378507341,False,1369,0.3573199393606305,False,1429,0.3399144079299317,False
2020-12-03,Production,1439,0.2364718752290511,417.5265154513351,182.56928422515634,1678.0999999999995,0.5628908964558721,1.1079769543317681,168.54378915220997,False,1439,1,0.9993055555555556,-1440,1440,60,ok,172,False,1439,0.5887698085309143,388.93765897792673,173.65670604586518,1424.8439999999994,2.758651017702249,119.33672501294416,False,unresolved,frozen_rule_based_v2,True,none,source_and_mapped_target_w_status_both_endpoints,finite mapped W/Wh pairs requiring the released W-status observation proxy at both endpoints on both the source W timestamps and mapped-target Wh timestamps; W status is not proof of Wh ground truth,60,0,,,,,False,1438,0.23637641316495223,False,1376,0.47651323245672966,False,1436,0.48045279890117015,False,1374,0.37229468293038215,False,1434,0.37496095088988685,False
2020-12-03,Consumption,1439,0.006014976514133219,1863.4905198901977,1340.388742182071,6188.095999999998,0.0,0.006467932807696775,1606.4735286489972,False,1439,1,0.9993055555555556,-1440,1440,60,ok,546,False,1439,0.268103963069658,1627.6633969913712,1257.870535093815,4791.643999999999,0.3075272649567393,997.3320904099874,False,unresolved,frozen_rule_based_v2,True,none,source_and_mapped_target_w_status_both_endpoints,finite mapped W/Wh pairs requiring the released W-status observation proxy at both endpoints on both the source W timestamps and mapped-target Wh timestamps; W status is not proof of Wh ground truth,60,0,,,,,False,1438,0.005557771611010425,False,1376,0.23617604520388355,False,1436,0.19216899764618978,False,1374,0.16255463434633546,False,1434,0.14745398825836223,False
2020-12-04,Production,1437,0.5148909913071488,515.3808824292535,273.3692414752957,1530.7920000000004,0.45441892832289493,1.2219861042901379,251.40796708565227,False,1437,3,0.9979166666666667,-1440,1440,60,ok,134,False,1437,0.802047659896242,450.8337054912365,272.02546972860125,1145.0800000000002,1.9036388752231455,188.0258931157558,False,unresolved,frozen_rule_based_v2,True,none,source_and_mapped_target_w_status_both_endpoints,finite mapped W/Wh pairs requiring the released W-status observation proxy at both endpoints on both the source W timestamps and mapped-target Wh timestamps; W status is not proof of Wh ground truth,60,0,,,,,False,1435,0.5147254555256224,False,1370,0.7024638900874592,False,1430,0.705281250450454,False,1370,0.3664677462536253,False,1430,0.37040542955563327,False
2020-12-04,Consumption,1437,-0.15905605290881328,1839.0719599675162,1248.4323590814197,5466.520000000002,0.0006958942240779402,-0.1847797239362596,951.1107680623303,False,1437,3,0.9979166666666667,-1440,1440,60,ok,534,False,1437,0.28722645405332975,1412.4266872815112,928.4307585247043,4225.464000000002,0.3033379212039397,332.71301380712424,False,unresolved,frozen_rule_based_v2,True,none,source_and_mapped_target_w_status_both_endpoints,finite mapped W/Wh pairs requiring the released W-status observation proxy at both endpoints on both the source W timestamps and mapped-target Wh timestamps; W status is not proof of Wh ground truth,60,0,,,,,False,1435,-0.15901318588742014,False,1370,-0.1113408494446586,False,1430,-0.1002958923753031,False,1370,-0.21500816708388387,False,1430,-0.19053874417978417,False
2020-12-05,Production,1438,0.11496374064365818,995.8276919799164,608.9300417246176,2988.479999999996,0.33936022253129344,7.210537356659324,579.8439507502214,False,1438,2,0.9986111111111111,-1440,1440,60,ok,-1250,False,1438,0.665270540564973,615.5573321854206,360.25674547983306,1526.4999999999989,26.81026108378481,242.24841130930815,False,unresolved,frozen_rule_based_v2,True,none,source_and_mapped_target_w_status_both_endpoints,finite mapped W/Wh pairs requiring the released W-status observation proxy at both endpoints on both the source W timestamps and mapped-target Wh timestamps; W status is not proof of Wh ground truth,60,0,,,,,False,1437,0.11479726237542089,False,1374,0.28780775495636635,False,1434,0.2954958799826329,False,1370,0.6004732256171005,False,1420,0.6028637688724905,False
2020-12-05,Consumption,1438,-0.01074364563227558,2179.4815835432455,1156.0458970792768,8765.475999999995,0.0,-0.016705785532286774,945.5300148717619,False,1438,2,0.9986111111111111,-1440,1440,60,ok,-1371,False,1438,0.3660553914357181,1413.2480736186858,891.6167593880389,4208.801999999997,0.3971630453441608,326.9044509739289,False,unresolved,frozen_rule_based_v2,True,none,source_and_mapped_target_w_status_both_endpoints,finite mapped W/Wh pairs requiring the released W-status observation proxy at both endpoints on both the source W timestamps and mapped-target Wh timestamps; W status is not proof of Wh ground truth,60,0,,,,,False,1437,-0.01097208667193399,False,1374,0.009985163723844597,False,1434,0.009780326656744663,False,1370,0.12118785856243855,False,1420,0.11777976448492922,False
2020-12-06,Production,1438,0.6209729938342746,334.3043596719739,210.49958275382477,996.4959999999955,0.36369958275382475,1.4179621962044442,181.50578463022808,False,1438,2,0.9986111111111111,-1440,1440,60,ok,2,False,1438,0.6209901535047888,334.30194333640645,211.12211404728788,1009.8899999999998,1.4180013794931379,181.50356150993977,False,unresolved,frozen_rule_based_v2,True,none,source_and_mapped_target_w_status_both_endpoints,finite mapped W/Wh pairs requiring the released W-status observation proxy at both endpoints on both the source W timestamps and mapped-target Wh timestamps; W status is not proof of Wh ground truth,60,0,,,,,False,1437,0.6209249503198876,False,1374,0.36715579888941147,False,1434,0.3745788210276587,False,1375,0.5978829009439501,False,1435,0.6011039503597703,False
2020-12-06,Consumption,1438,0.18444818734330734,1576.9802591405685,975.1662030598053,5200.284,0.0006954102920723226,0.1409803448420128,484.0640327155339,False,1438,2,0.9986111111111111,-1440,1440,60,ok,-731,False,1438,0.37229391670970985,1830.7107196838904,1207.714464534075,5774.095999999999,0.5266098964628524,508.1495881066106,False,unresolved,frozen_rule_based_v2,True,none,source_and_mapped_target_w_status_both_endpoints,finite mapped W/Wh pairs requiring the released W-status observation proxy at both endpoints on both the source W timestamps and mapped-target Wh timestamps; W status is not proof of Wh ground truth,60,0,,,,,False,1437,0.18442830250946424,False,1374,0.09387948676272785,False,1434,0.105206930660303,False,1375,0.2126539843332354,False,1435,0.21671360087690875,False
2020-12-07,Production,1439,0.222136204030573,570.8987130810834,328.2437804030577,1630.2,0.38359972202918696,1.3504618870340233,315.1369982801538,False,1439,1,0.9993055555555556,-1440,1440,60,ok,264,False,1439,0.7924229631916417,531.8979296712887,327.58193189715075,1418.0479999999998,4.817481305539871,193.2877695994625,False,unresolved,frozen_rule_based_v2,True,none,source_and_mapped_target_w_status_both_endpoints,finite mapped W/Wh pairs requiring the released W-status observation proxy at both endpoints on both the source W timestamps and mapped-target Wh timestamps; W status is not proof of Wh ground truth,60,0,,,,,False,1438,0.22197250294495782,False,1376,0.35558227734393616,False,1436,0.3643398361766228,False,1372,0.8355898838966614,False,1432,0.8371546463097842,False
2020-12-07,Consumption,1439,-0.0016687798313906692,1514.7784362074758,639.4668519805421,8721.89199999999,0.001389854065323141,-5.243814715795954e-05,170.61140142636123,False,1439,1,0.9993055555555556,-1440,1440,60,ok,-1245,False,1439,0.33095366489256894,1421.5241798745574,801.0851980542044,4504.439999999999,0.24001510580128643,454.1276489150664,False,unresolved,frozen_rule_based_v2,True,none,source_and_mapped_target_w_status_both_endpoints,finite mapped W/Wh pairs requiring the released W-status observation proxy at both endpoints on both the source W timestamps and mapped-target Wh timestamps; W status is not proof of Wh ground truth,60,0,,,,,False,1438,-0.0016870023140558169,False,1376,-0.06955711161200873,False,1436,-0.06481911248344153,False,1372,0.0885244888677578,False,1432,0.09144006049689757,False
2020-12-08,Production,1439,0.15158065115915195,812.6409597594775,469.6422515635858,1839.6959999999988,0.4176511466296039,1.2209440095097408,462.0582545560594,False,1439,1,0.9993055555555556,-1440,1440,60,ok,-1227,False,1439,0.6298268260308093,545.1229706917666,333.52772758860317,1535.2879999999996,3.617193909325112,257.4417720620523,False,unresolved,frozen_rule_based_v2,True,none,source_and_mapped_target_w_status_both_endpoints,finite mapped W/Wh pairs requiring the released W-status observation proxy at both endpoints on both the source W timestamps and mapped-target Wh timestamps; W status is not proof of Wh ground truth,60,0,,,,,False,1438,0.15143628709138504,False,1376,0.2773691425868938,False,1436,0.2845868441281923,False,1375,0.24514396877224848,False,1435,0.2499758021314521,False
2020-12-08,Consumption,1439,-0.08744206036874823,1624.973923487786,993.5629603891592,8397.095999999996,0.0,-0.0477409601394758,540.988736756802,False,1439,1,0.9993055555555556,-1440,1440,60,ok,-445,False,1439,0.3960801276030208,1352.1430142609152,798.7981236970118,4857.9239999999945,0.20317778321329333,203.68050991913628,False,unresolved,frozen_rule_based_v2,True,none,source_and_mapped_target_w_status_both_endpoints,finite mapped W/Wh pairs requiring the released W-status observation proxy at both endpoints on both the source W timestamps and mapped-target Wh timestamps; W status is not proof of Wh ground truth,60,0,,,,,False,1438,-0.08765917395121031,False,1376,-0.023543832710407404,False,1436,-0.022859002878080636,False,1375,-0.11663167834799452,False,1435,-0.120965697158794,False
2020-12-09,Production,1438,0.9999999629109279,0.10653213583994404,0.05674547983310169,0.20000000000004547,1.0,1.0000026995890594,0.0013105076209853905,True,0,1440,0.0,-1440,1440,60,ok,0,False,1438,0.9999999629109279,0.10653213583994404,0.05674547983310169,0.20000000000004547,1.0000026995890594,0.0013105076209853905,True,unaffected_same0,frozen_rule_based_v2,False,same_date_0,source_and_mapped_target_w_status_both_endpoints,finite mapped W/Wh pairs requiring the released W-status observation proxy at both endpoints on both the source W timestamps and mapped-target Wh timestamps; W status is not proof of Wh ground truth,60,1437,0.9999999629015394,0.10656919694241844,0.05678496868476008,0.20000000000004547,True,1437,0.9999999629015394,True,1374,0.6170142648260206,False,1434,0.6231194527918091,False,1374,0.09874967893269476,False,1434,0.10748600674023501,False
2020-12-09,Consumption,1438,0.9999241915610386,12.764435772259763,0.4705146036161319,0.20000000000027285,0.9993045897079277,0.9998231803016394,0.4758227453427253,True,0,1440,0.0,-1440,1440,60,ok,0,False,1438,0.9999241915610386,12.764435772259763,0.4705146036161319,0.20000000000027285,0.9998231803016394,0.4758227453427253,True,unaffected_same0,frozen_rule_based_v2,False,same_date_0,source_and_mapped_target_w_status_both_endpoints,finite mapped W/Wh pairs requiring the released W-status observation proxy at both endpoints on both the source W timestamps and mapped-target Wh timestamps; W status is not proof of Wh ground truth,60,1437,0.999999987536099,0.16372490803625925,0.1340292275574097,0.20000000000027285,True,1437,0.999999987536099,True,1374,0.10304758359832375,False,1434,0.10660407731224526,False,1374,-0.2070501570764172,False,1434,-0.19144472622831565,False
2020-12-10,Production,1438,0.9967431990044899,32.59427793498302,0.9166898470097359,0.20000000000004547,0.9993045897079277,1.005427313390959,-0.3782915995766132,True,0,1440,0.0,-1440,1440,60,ok,0,False,1438,0.9967431990044899,32.59427793498302,0.9166898470097359,0.20000000000004547,1.005427313390959,-0.3782915995766132,True,unaffected_same0,frozen_rule_based_v2,False,same_date_0,source_and_mapped_target_w_status_both_endpoints,finite mapped W/Wh pairs requiring the released W-status observation proxy at both endpoints on both the source W timestamps and mapped-target Wh timestamps; W status is not proof of Wh ground truth,60,1436,0.9999999640983716,0.10699751383361053,0.057242339832869055,0.20000000000004547,True,1436,0.9999999640983716,True,1372,0.6584362720492,False,1432,0.6632532480052447,False,1374,0.031507061338063476,False,1434,0.0403760599203932,False
2020-12-10,Consumption,1438,0.9999587949181501,8.530711922054293,0.4393602225312962,0.20000000000027285,0.9986091794158554,0.9998571761692625,0.40301473751355843,True,0,1440,0.0,-1440,1440,60,ok,0,False,1438,0.9999587949181501,8.530711922054293,0.4393602225312962,0.20000000000027285,0.9998571761692625,0.40301473751355843,True,unaffected_same0,frozen_rule_based_v2,False,same_date_0,source_and_mapped_target_w_status_both_endpoints,finite mapped W/Wh pairs requiring the released W-status observation proxy at both endpoints on both the source W timestamps and mapped-target Wh timestamps; W status is not proof of Wh ground truth,60,1436,0.9999999849573398,0.16301477281519533,0.132869080779947,0.20000000000027285,True,1436,0.9999999849573398,True,1372,0.03495290684770983,False,1432,0.04113115752608416,False,1374,0.1905316568774119,False,1434,0.20546280547033824,False
2020-12-11,Production,1438,0.999986819994172,0.18101859838825357,0.04283727399165507,0.20000000000000284,0.9993045897079277,1.0000968511620572,0.004719851877375447,True,0,1440,0.0,-1440,1440,60,ok,0,False,1438,0.999986819994172,0.18101859838825357,0.04283727399165507,0.20000000000000284,1.0000968511620572,0.004719851877375447,True,unaffected_same0,frozen_rule_based_v2,False,same_date_0,source_and_mapped_target_w_status_both_endpoints,finite mapped W/Wh pairs requiring the released W-status observation proxy at both endpoints on both the source W timestamps and mapped-target Wh timestamps; W status is not proof of Wh ground truth,60,1437,0.9999968970130908,0.08796785646897785,0.03869171885873347,0.20000000000000284,True,1437,0.9999968970130908,True,1374,0.567393503321382,False,1434,0.5719775348336864,False,1374,0.5325998647190834,False,1434,0.5356167664447753,False
2020-12-11,Consumption,1438,0.9999801988558565,7.438308166024039,0.3292072322670364,0.20000000000027285,0.9993045897079277,0.9998741853351789,0.3303934680745897,True,0,1440,0.0,-1440,1440,60,ok,0,False,1438,0.9999801988558565,7.438308166024039,0.3292072322670364,0.20000000000027285,0.9998741853351789,0.3303934680745897,True,unaffected_same0,frozen_rule_based_v2,False,same_date_0,source_and_mapped_target_w_status_both_endpoints,finite mapped W/Wh pairs requiring the released W-status observation proxy at both endpoints on both the source W timestamps and mapped-target Wh timestamps; W status is not proof of Wh ground truth,60,1437,0.9999999904697133,0.1632140646442662,0.13319415448851663,0.20000000000027285,True,1437,0.9999999904697133,True,1374,0.4640244319653529,False,1434,0.471637940463314,False,1374,0.2687618942474373,False,1434,0.2802100457491122,False
2020-12-12,Production,1438,0.9999998450500827,0.08634117401920881,0.03727399165507652,0.20000000000004547,1.0,0.9999582986224763,-0.00201880916898034,True,0,1440,0.0,-1440,1440,60,ok,0,False,1438,0.9999998450500827,0.08634117401920881,0.03727399165507652,0.20000000000004547,0.9999582986224763,-0.00201880916898034,True,unaffected_same0,frozen_rule_based_v2,False,same_date_0,source_and_mapped_target_w_status_both_endpoints,finite mapped W/Wh pairs requiring the released W-status observation proxy at both endpoints on both the source W timestamps and mapped-target Wh timestamps; W status is not proof of Wh ground truth,60,1437,0.999999845034779,0.08637121095663483,0.037299930410577616,0.20000000000004547,True,1437,0.999999845034779,True,1374,0.4239654165256677,False,1434,0.42735186401863534,False,1374,0.4239654165256677,False,1434,0.42735186401863534,False
2020-12-12,Consumption,1438,0.9999825956457257,8.176537892373776,0.34979137691238366,0.20000000000027285,0.9993045897079277,0.9999013347771875,0.3158376248118202,True,0,1440,0.0,-1440,1440,60,ok,0,False,1438,0.9999825956457257,8.176537892373776,0.34979137691238366,0.20000000000027285,0.9999013347771875,0.3158376248118202,True,unaffected_same0,frozen_rule_based_v2,False,same_date_0,source_and_mapped_target_w_status_both_endpoints,finite mapped W/Wh pairs requiring the released W-status observation proxy at both endpoints on both the source W timestamps and mapped-target Wh timestamps; W status is not proof of Wh ground truth,60,1437,0.9999999930110477,0.1638948353347666,0.13430758524704772,0.20000000000027285,True,1437,0.9999999930110477,True,1374,0.16225235563914112,False,1434,0.16696418427908558,False,1374,0.16225235563914112,False,1434,0.16696418427908558,False
2020-12-13,Production,1437,0.9999988447744614,0.07663776648114067,0.029366736256089206,0.20000000000001705,1.0,0.9999948325101643,0.0002445064560099297,True,0,1440,0.0,-1440,1440,60,ok,0,False,1437,0.9999988447744614,0.07663776648114067,0.029366736256089206,0.20000000000001705,0.9999948325101643,0.0002445064560099297,True,unaffected_same0,frozen_rule_based_v2,False,same_date_0,source_and_mapped_target_w_status_both_endpoints,finite mapped W/Wh pairs requiring the released W-status observation proxy at both endpoints on both the source W timestamps and mapped-target Wh timestamps; W status is not proof of Wh ground truth,60,1435,0.9999988445112725,0.07669115399474263,0.02940766550522662,0.20000000000001705,True,1435,0.9999988445112725,True,1370,0.5160847075903492,False,1430,0.5195681776078152,False,0,,False,0,,False
2020-12-13,Consumption,1437,0.9986718989293698,88.98836842353815,2.65970772442589,0.2000000000007276,0.9986082115518441,1.001449383966594,0.48222089608702845,True,0,1440,0.0,-1440,1440,60,ok,0,False,1437,0.9986718989293698,88.98836842353815,2.65970772442589,0.2000000000007276,1.001449383966594,0.48222089608702845,True,unaffected_same0,frozen_rule_based_v2,False,same_date_0,source_and_mapped_target_w_status_both_endpoints,finite mapped W/Wh pairs requiring the released W-status observation proxy at both endpoints on both the source W timestamps and mapped-target Wh timestamps; W status is not proof of Wh ground truth,60,1435,0.9999999956462591,0.16092069594454422,0.12947735191638057,0.2000000000007276,True,1435,0.9999999956462591,True,1370,0.3645576080037193,False,1430,0.36778884694773734,False,0,,False,0,,False
2020-12-14,Production,1438,0.9999998316580749,0.0794627299557259,0.03157162726008332,0.20000000000004547,1.0,0.9999738439369572,0.001824122625912139,True,0,1440,0.0,-1440,1440,60,ok,0,False,1438,0.9999998316580749,0.0794627299557259,0.03157162726008332,0.20000000000004547,0.9999738439369572,0.001824122625912139,True,unaffected_same0,frozen_rule_based_v2,False,same_date_0,source_and_mapped_target_w_status_both_endpoints,finite mapped W/Wh pairs requiring the released W-status observation proxy at both endpoints on both the source W timestamps and mapped-target Wh timestamps; W status is not proof of Wh ground truth,60,1437,0.9999998316464781,0.07949037397463686,0.03159359777313835,0.20000000000004547,True,1437,0.9999998316464781,True,1374,0.3362192689414864,False,1434,0.3391122602359953,False,0,,False,0,,False
2020-12-14,Consumption,1438,0.9999850588157047,7.543782267803954,0.33324061196105914,0.20000000000027285,0.9993045897079277,0.9999162690787267,0.27948122049076574,True,0,1440,0.0,-1440,1440,60,ok,0,False,1438,0.9999850588157047,7.543782267803954,0.33324061196105914,0.20000000000027285,0.9999162690787267,0.27948122049076574,True,unaffected_same0,frozen_rule_based_v2,False,same_date_0,source_and_mapped_target_w_status_both_endpoints,finite mapped W/Wh pairs requiring the released W-status observation proxy at both endpoints on both the source W timestamps and mapped-target Wh timestamps; W status is not proof of Wh ground truth,60,1437,0.9999999929392086,0.16397973295005536,0.13444676409186015,0.20000000000027285,True,1437,0.9999999929392086,True,1374,0.08830962129607632,False,1434,0.09900379558035893,False,0,,False,0,,False
2020-12-15,Production,1439,0.9999990195939712,0.08517651214382262,0.03627519110493389,0.20000000000001705,1.0,0.9999572153527906,0.0008094973574550579,True,0,1440,0.0,-1440,1440,60,ok,0,False,1439,0.9999990195939712,0.08517651214382262,0.03627519110493389,0.20000000000001705,0.9999572153527906,0.0008094973574550579,True,unaffected_same0,frozen_rule_based_v2,False,same_date_0,source_and_mapped_target_w_status_both_endpoints,finite mapped W/Wh pairs requiring the released W-status observation proxy at both endpoints on both the source W timestamps and mapped-target Wh timestamps; W status is not proof of Wh ground truth,60,1438,0.9999990194424483,0.08520612330833396,0.03630041724617516,0.20000000000001705,True,1438,0.9999990194424483,True,1376,0.5971605534162394,False,1434,0.6009491069993577,False,0,,False,0,,False
2020-12-15,Consumption,1439,0.9999954937661601,3.3042983777625503,0.213898540653237,0.20000000000027285,0.9993050729673384,0.9999472490526818,0.13164679872295437,True,0,1440,0.0,-1440,1440,60,ok,0,False,1439,0.9999954937661601,3.3042983777625503,0.213898540653237,0.20000000000027285,0.9999472490526818,0.13164679872295437,True,unaffected_same0,frozen_rule_based_v2,False,same_date_0,source_and_mapped_target_w_status_both_endpoints,finite mapped W/Wh pairs requiring the released W-status observation proxy at both endpoints on both the source W timestamps and mapped-target Wh timestamps; W status is not proof of Wh ground truth,60,1438,0.9999999895278296,0.159362429281441,0.12698191933241168,0.20000000000027285,True,1438,0.9999999895278296,True,1376,0.5984921869317439,False,1434,0.6057506269808,False,0,,False,0,,False
2020-12-16,Production,1438,0.9999998208396655,0.08085083020897076,0.032684283727399226,0.20000000000004547,1.0,1.0000048230187437,0.00131082758115042,True,0,1440,0.0,-1440,1440,60,ok,0,False,1438,0.9999998208396655,0.08085083020897076,0.032684283727399226,0.20000000000004547,1.0000048230187437,0.00131082758115042,True,unaffected_same0,frozen_rule_based_v2,False,same_date_0,source_and_mapped_target_w_status_both_endpoints,finite mapped W/Wh pairs requiring the released W-status observation proxy at both endpoints on both the source W timestamps and mapped-target Wh timestamps; W status is not proof of Wh ground truth,60,1436,0.9999998208114838,0.08090711342512165,0.03272980501392764,0.20000000000004547,True,1436,0.9999998208114838,True,1374,0.3291249881844463,False,1434,0.3324500853328801,False,0,,False,0,,False
2020-12-16,Consumption,1438,0.9999823103069932,9.898760125222243,0.46968011126564824,0.2000000000007276,0.9986091794158554,0.9998357735651084,0.6050511746150278,True,0,1440,0.0,-1440,1440,60,ok,0,False,1438,0.9999823103069932,9.898760125222243,0.46968011126564824,0.2000000000007276,0.9998357735651084,0.6050511746150278,True,unaffected_same0,frozen_rule_based_v2,False,same_date_0,source_and_mapped_target_w_status_both_endpoints,finite mapped W/Wh pairs requiring the released W-status observation proxy at both endpoints on both the source W timestamps and mapped-target Wh timestamps; W status is not proof of Wh ground truth,60,1436,0.9999999952129222,0.16275825845829714,0.13245125348189557,0.2000000000007276,True,1436,0.9999999952129222,True,1374,0.47469494740391055,False,1434,0.48042065888783153,False,0,,False,0,,False
2020-12-17,Production,1438,0.999996021354891,0.07588146821430641,0.02878998609179407,0.20000000000000284,1.0,0.9999172304075679,-0.007164792643882478,True,0,1440,0.0,-1440,1440,60,ok,0,False,1438,0.999996021354891,0.07588146821430641,0.02878998609179407,0.20000000000000284,0.9999172304075679,-0.007164792643882478,True,unaffected_same0,frozen_rule_based_v2,False,same_date_0,source_and_mapped_target_w_status_both_endpoints,finite mapped W/Wh pairs requiring the released W-status observation proxy at both endpoints on both the source W timestamps and mapped-target Wh timestamps; W status is not proof of Wh ground truth,60,1437,0.9999960210514941,0.07590786636024827,0.02881002087682663,0.20000000000000284,True,1437,0.9999960210514941,True,1374,0.3878118932064368,False,1434,0.39090008843532587,False,0,,False,0,,False
2020-12-17,Consumption,1438,0.9964330386393923,108.59438636984471,2.9930458970792824,0.20000000000027285,0.9993045897079277,1.0007955697220448,1.5947591831911723,True,0,1440,0.0,-1440,1440,60,ok,0,False,1438,0.9964330386393923,108.59438636984471,2.9930458970792824,0.20000000000027285,1.0007955697220448,1.5947591831911723,True,unaffected_same0,frozen_rule_based_v2,False,same_date_0,source_and_mapped_target_w_status_both_endpoints,finite mapped W/Wh pairs requiring the released W-status observation proxy at both endpoints on both the source W timestamps and mapped-target Wh timestamps; W status is not proof of Wh ground truth,60,1437,0.9999999921264424,0.1608951992313599,0.1294363256785025,0.20000000000027285,True,1437,0.9999999921264424,True,1374,0.12529504727567595,False,1434,0.15542575308530956,False,0,,False,0,,False
2020-12-18,Production,1438,0.9999998137977755,0.08777896123879245,0.038525730180806905,0.20000000000004547,1.0,0.9999642018639414,0.0013793132526132013,True,0,1440,0.0,-1440,1440,60,ok,0,False,1438,0.9999998137977755,0.08777896123879245,0.038525730180806905,0.20000000000004547,0.9999642018639414,0.0013793132526132013,True,unaffected_same0,frozen_rule_based_v2,False,same_date_0,source_and_mapped_target_w_status_both_endpoints,finite mapped W/Wh pairs requiring the released W-status observation proxy at both endpoints on both the source W timestamps and mapped-target Wh timestamps; W status is not proof of Wh ground truth,60,1437,0.9999998137766961,0.0878094983631251,0.03855254001391811,0.20000000000004547,True,1437,0.9999998137766961,True,1374,0.5443666248819514,False,1434,0.5476183914385274,False,0,,False,0,,False
2020-12-18,Consumption,1438,0.9999611892195914,9.81123366251811,0.39193324061196494,0.20000000000027285,0.9993045897079277,0.9997398318327984,0.6272361314884165,True,0,1440,0.0,-1440,1440,60,ok,0,False,1438,0.9999611892195914,9.81123366251811,0.39193324061196494,0.20000000000027285,0.9997398318327984,0.6272361314884165,True,unaffected_same0,frozen_rule_based_v2,False,same_date_0,source_and_mapped_target_w_status_both_endpoints,finite mapped W/Wh pairs requiring the released W-status observation proxy at both endpoints on both the source W timestamps and mapped-target Wh timestamps; W status is not proof of Wh ground truth,60,1437,0.9999999892391849,0.16329931618554894,0.13333333333333713,0.20000000000027285,True,1437,0.9999999892391849,True,1374,0.3459568757415634,False,1434,0.34671544551545397,False,0,,False,0,,False
2020-12-19,Production,1439,0.9999988814992068,0.07267355398099043,0.02640722724113969,0.20000000000000284,1.0,0.9998380163076542,-0.00046425136347849616,True,0,1440,0.0,-1440,1440,60,ok,0,False,1439,0.9999988814992068,0.07267355398099043,0.02640722724113969,0.20000000000000284,0.9998380163076542,-0.00046425136347849616,True,unaffected_same0,frozen_rule_based_v2,False,same_date_0,source_and_mapped_target_w_status_both_endpoints,finite mapped W/Wh pairs requiring the released W-status observation proxy at both endpoints on both the source W timestamps and mapped-target Wh timestamps; W status is not proof of Wh ground truth,60,1438,0.9999988814136698,0.07269881855814198,0.02642559109874827,0.20000000000000284,True,1438,0.9999988814136698,True,1376,0.36080620104915434,False,1436,0.36387927576052487,False,0,,False,0,,False
2020-12-19,Consumption,1439,0.9495146218160679,31.101692916837482,0.9542738012508688,0.20000000000004547,0.9993050729673384,0.9925890979596698,10.172929235194033,False,0,1440,0.0,-1440,1440,60,ok,0,False,1439,0.9495146218160679,31.101692916837482,0.9542738012508688,0.20000000000004547,0.9925890979596698,10.172929235194033,False,unaffected_same0,frozen_rule_based_v2,False,same_date_0,source_and_mapped_target_w_status_both_endpoints,finite mapped W/Wh pairs requiring the released W-status observation proxy at both endpoints on both the source W timestamps and mapped-target Wh timestamps; W status is not proof of Wh ground truth,60,1438,0.999998506380125,0.16400753061173012,0.1344923504867876,0.20000000000004547,True,1438,0.999998506380125,True,1376,-0.10878839199726303,False,1436,-0.10941861194840702,False,0,,False,0,,False
2020-12-20,Production,1439,0.9999997928424572,0.08598850869458738,0.03697011813759563,0.20000000000004547,1.0,0.999992067816255,-0.007379214672873502,True,0,1440,0.0,-1440,1440,60,ok,0,False,1439,0.9999997928424572,0.08598850869458738,0.03697011813759563,0.20000000000004547,0.999992067816255,-0.007379214672873502,True,unaffected_same0,frozen_rule_based_v2,False,same_date_0,source_and_mapped_target_w_status_both_endpoints,finite mapped W/Wh pairs requiring the released W-status observation proxy at both endpoints on both the source W timestamps and mapped-target Wh timestamps; W status is not proof of Wh ground truth,60,1438,0.99999979282241,0.08601840214541032,0.03699582753824765,0.20000000000004547,True,1438,0.99999979282241,True,1376,0.5166672415382834,False,1436,0.519762848465416,False,0,,False,0,,False
2020-12-20,Consumption,1439,0.9965189229373985,32.82044948046978,1.0033356497567751,0.20000000000004547,0.9993050729673384,1.0006167149775822,0.16516260169078123,True,0,1440,0.0,-1440,1440,60,ok,0,False,1439,0.9965189229373985,32.82044948046978,1.0033356497567751,0.20000000000004547,1.0006167149775822,0.16516260169078123,True,unaffected_same0,frozen_rule_based_v2,False,same_date_0,source_and_mapped_target_w_status_both_endpoints,finite mapped W/Wh pairs requiring the released W-status observation proxy at both endpoints on both the source W timestamps and mapped-target Wh timestamps; W status is not proof of Wh ground truth,60,1438,0.9999999101076266,0.16628142774463833,0.1382475660639773,0.20000000000004547,True,1438,0.9999999101076266,True,1376,0.48134726690501284,False,1436,0.5735612707959291,False,0,,False,0,,False
2020-12-21,Production,1438,0.9999814691832856,0.0695705083553611,0.024200278164116847,0.20000000000000284,1.0,0.9996858203618535,-0.0011079870170505046,True,0,1440,0.0,-1440,1440,60,ok,0,False,1438,0.9999814691832856,0.0695705083553611,0.024200278164116847,0.20000000000000284,0.9996858203618535,-0.0011079870170505046,True,unaffected_same0,frozen_rule_based_v2,False,same_date_0,source_and_mapped_target_w_status_both_endpoints,finite mapped W/Wh pairs requiring the released W-status observation proxy at both endpoints on both the source W timestamps and mapped-target Wh timestamps; W status is not proof of Wh ground truth,60,1437,0.9999814679345611,0.06959471100293806,0.024217118997912335,0.20000000000000284,True,1437,0.9999814679345611,True,1374,0.21414116928293747,False,1434,0.2174839697224369,False,0,,False,0,,False
2020-12-21,Consumption,1438,0.9999617530961753,13.02810271534629,0.4751043115438221,0.2000000000007276,0.9993045897079277,0.9997566700454726,0.7866142431166736,True,0,1440,0.0,-1440,1440,60,ok,0,False,1438,0.9999617530961753,13.02810271534629,0.4751043115438221,0.2000000000007276,0.9997566700454726,0.7866142431166736,True,unaffected_same0,frozen_rule_based_v2,False,same_date_0,source_and_mapped_target_w_status_both_endpoints,finite mapped W/Wh pairs requiring the released W-status observation proxy at both endpoints on both the source W timestamps and mapped-target Wh timestamps; W status is not proof of Wh ground truth,60,1437,0.9999999940601341,0.16227334173890182,0.13166318719555753,0.2000000000007276,True,1437,0.9999999940601341,True,1374,0.5919808514606764,False,1434,0.5894279581743304,False,0,,False,0,,False
2020-12-22,Production,1438,0.9990192907786772,0.3000231794475911,0.021696801112656466,0.20000000000000107,0.9993045897079277,1.0019432645657462,-0.00027785186150874885,True,0,1440,0.0,-1440,1440,60,ok,0,False,1438,0.9990192907786772,0.3000231794475911,0.021696801112656466,0.20000000000000107,1.0019432645657462,-0.00027785186150874885,True,unaffected_same0,frozen_rule_based_v2,False,same_date_0,source_and_mapped_target_w_status_both_endpoints,finite mapped W/Wh pairs requiring the released W-status observation proxy at both endpoints on both the source W timestamps and mapped-target Wh timestamps; W status is not proof of Wh ground truth,60,1436,0.9999697797934995,0.05277798139692594,0.013927576601671307,0.20000000000000107,True,1436,0.9999697797934995,True,1372,0.10385063573389879,False,1432,0.10596693086427328,False,0,,False,0,,False
2020-12-22,Consumption,1438,0.9999758896463854,14.074783377409451,0.6350486787204515,0.2000000000007276,0.9986091794158554,0.9998237607992808,0.8196035446501355,True,0,1440,0.0,-1440,1440,60,ok,0,False,1438,0.9999758896463854,14.074783377409451,0.6350486787204515,0.2000000000007276,0.9998237607992808,0.8196035446501355,True,unaffected_same0,frozen_rule_based_v2,False,same_date_0,source_and_mapped_target_w_status_both_endpoints,finite mapped W/Wh pairs requiring the released W-status observation proxy at both endpoints on both the source W timestamps and mapped-target Wh timestamps; W status is not proof of Wh ground truth,60,1436,0.9999999967243226,0.1640368190207014,0.13454038997215126,0.2000000000007276,True,1436,0.9999999967243226,True,1372,0.31408244047495204,False,1432,0.3146043678849641,False,0,,False,0,,False
2020-12-23,Production,1438,0.9999993419536493,0.08204615546910153,0.03365785813630017,0.20000000000001705,1.0,0.9999868119028605,-0.0010041562145417515,True,0,1440,0.0,-1440,1440,60,ok,0,False,1438,0.9999993419536493,0.08204615546910153,0.03365785813630017,0.20000000000001705,0.9999868119028605,-0.0010041562145417515,True,unaffected_same0,frozen_rule_based_v2,False,same_date_0,source_and_mapped_target_w_status_both_endpoints,finite mapped W/Wh pairs requiring the released W-status observation proxy at both endpoints on both the source W timestamps and mapped-target Wh timestamps; W status is not proof of Wh ground truth,60,1437,0.999999341876723,0.0820746982271294,0.03368128044537206,0.20000000000001705,True,1437,0.999999341876723,True,1374,0.607512856123269,False,1434,0.6104037587824718,False,0,,False,0,,False
2020-12-23,Consumption,1438,0.999303812043598,93.98508285745048,2.615994436717667,0.2000000000007276,0.9993045897079277,0.9996696413433441,3.3393419294425257,True,0,1440,0.0,-1440,1440,60,ok,0,False,1438,0.999303812043598,93.98508285745048,2.615994436717667,0.2000000000007276,0.9996696413433441,3.3393419294425257,True,unaffected_same0,frozen_rule_based_v2,False,same_date_0,source_and_mapped_target_w_status_both_endpoints,finite mapped W/Wh pairs requiring the released W-status observation proxy at both endpoints on both the source W timestamps and mapped-target Wh timestamps; W status is not proof of Wh ground truth,60,1437,0.9999999978335913,0.16592038905608908,0.13764787752262048,0.2000000000007276,True,1437,0.9999999978335913,True,1374,0.6386424777789329,False,1434,0.6409536298406765,False,0,,False,0,,False
2020-12-24,Production,1439,0.9999998127754077,0.07943511475768822,0.03154968728283543,0.20000000000004547,1.0,0.9999975817044092,-0.002527429188845076,True,0,1440,0.0,-1440,1440,60,ok,0,False,1439,0.9999998127754077,0.07943511475768822,0.03154968728283543,0.20000000000004547,0.9999975817044092,-0.002527429188845076,True,unaffected_same0,frozen_rule_based_v2,False,same_date_0,source_and_mapped_target_w_status_both_endpoints,finite mapped W/Wh pairs requiring the released W-status observation proxy at both endpoints on both the source W timestamps and mapped-target Wh timestamps; W status is not proof of Wh ground truth,60,1438,0.9999998127585676,0.07946272995572658,0.03157162726008358,0.20000000000004547,True,1438,0.9999998127585676,True,1376,0.32087552653646406,False,1436,0.3247456756540913,False,0,,False,0,,False
2020-12-24,Consumption,1439,0.9999888189534775,7.75202365473506,0.3400972897845699,0.2000000000007276,0.9993050729673384,0.999887837072491,0.4038904815031401,True,0,1440,0.0,-1440,1440,60,ok,0,False,1439,0.9999888189534775,7.75202365473506,0.3400972897845699,0.2000000000007276,0.999887837072491,0.4038904815031401,True,unaffected_same0,frozen_rule_based_v2,False,same_date_0,source_and_mapped_target_w_status_both_endpoints,finite mapped W/Wh pairs requiring the released W-status observation proxy at both endpoints on both the source W timestamps and mapped-target Wh timestamps; W status is not proof of Wh ground truth,60,1438,0.999999994939018,0.16485337186173848,0.13588317107092915,0.2000000000007276,True,1438,0.999999994939018,True,1376,0.3407770401860677,False,1436,0.3408279010280165,False,0,,False,0,,False
2020-12-25,Production,1439,0.9999992444861449,0.07014330610431667,0.024600416956219506,0.20000000000001164,1.0,1.0000987044510383,0.0020146119663593254,True,0,1440,0.0,-1440,1440,60,ok,0,False,1439,0.9999992444861449,0.07014330610431667,0.024600416956219506,0.20000000000001164,1.0000987044510383,0.0020146119663593254,True,unaffected_same0,frozen_rule_based_v2,False,same_date_0,source_and_mapped_target_w_status_both_endpoints,finite mapped W/Wh pairs requiring the released W-status observation proxy at both endpoints on both the source W timestamps and mapped-target Wh timestamps; W status is not proof of Wh ground truth,60,1438,0.9999992444360598,0.07016769105415963,0.02461752433936014,0.2000000000000118,True,1438,0.9999992444360598,True,1376,0.308390861371746,False,1436,0.3112967648338493,False,0,,False,0,,False
2020-12-25,Consumption,1439,0.9999868181333329,8.010344250431684,0.3496872828353086,0.2000000000007276,0.9993050729673384,0.9998921642798498,0.3795050285812067,True,0,1440,0.0,-1440,1440,60,ok,0,False,1439,0.9999868181333329,8.010344250431684,0.3496872828353086,0.2000000000007276,0.9998921642798498,0.3795050285812067,True,unaffected_same0,frozen_rule_based_v2,False,same_date_0,source_and_mapped_target_w_status_both_endpoints,finite mapped W/Wh pairs requiring the released W-status observation proxy at both endpoints on both the source W timestamps and mapped-target Wh timestamps; W status is not proof of Wh ground truth,60,1438,0.9999999942996499,0.1665321664059114,0.13866481223922736,0.20000000000055934,True,1438,0.9999999942996499,True,1376,0.3744606491625261,False,1436,0.3816217699256704,False,0,,False,0,,False
2020-12-26,Production,1439,0.9999697526684737,0.0683367372610498,0.023349548297428767,0.20000000000000284,1.0,0.9996866554201294,-0.0001644459575977919,True,0,1440,0.0,-1440,1440,60,ok,0,False,1439,0.9999697526684737,0.0683367372610498,0.023349548297428767,0.20000000000000284,0.9996866554201294,-0.0001644459575977919,True,unaffected_same0,frozen_rule_based_v2,False,same_date_0,source_and_mapped_target_w_status_both_endpoints,finite mapped W/Wh pairs requiring the released W-status observation proxy at both endpoints on both the source W timestamps and mapped-target Wh timestamps; W status is not proof of Wh ground truth,60,1438,0.9999697501744129,0.0683604941667774,0.02336578581363004,0.20000000000000284,True,1438,0.9999697501744129,True,1376,0.425165832096688,False,1436,0.42807010166181525,False,0,,False,0,,False
2020-12-26,Consumption,1439,0.999547136419266,31.25986665642299,0.9606671299513571,0.20000000000027285,0.9993050729673384,0.9999037461180654,0.9552137900375328,True,0,1440,0.0,-1440,1440,60,ok,0,False,1439,0.999547136419266,31.25986665642299,0.9606671299513571,0.20000000000027285,0.9999037461180654,0.9552137900375328,True,unaffected_same0,frozen_rule_based_v2,False,same_date_0,source_and_mapped_target_w_status_both_endpoints,finite mapped W/Wh pairs requiring the released W-status observation proxy at both endpoints on both the source W timestamps and mapped-target Wh timestamps; W status is not proof of Wh ground truth,60,1438,0.9999999873324141,0.16535879983926974,0.13671766342142042,0.20000000000027285,True,1438,0.9999999873324141,True,1376,0.5061981417384213,False,1436,0.5227455392950713,False,0,,False,0,,False
2020-12-27,Production,1439,0.9999989112834768,0.07418774897973136,0.02751911049339818,0.20000000000000284,1.0,0.9999541497127513,-0.002142296736337812,True,0,1440,0.0,-1440,1440,60,ok,0,False,1439,0.9999989112834768,0.07418774897973136,0.02751911049339818,0.20000000000000284,0.9999541497127513,-0.002142296736337812,True,unaffected_same0,frozen_rule_based_v2,False,same_date_0,source_and_mapped_target_w_status_both_endpoints,finite mapped W/Wh pairs requiring the released W-status observation proxy at both endpoints on both the source W timestamps and mapped-target Wh timestamps; W status is not proof of Wh ground truth,60,1438,0.9999989112260985,0.07421353995877564,0.027538247566063965,0.20000000000000284,True,1438,0.9999989112260985,True,1376,0.071702353281479,False,1436,0.07481058037407522,False,0,,False,0,,False
2020-12-27,Consumption,1439,0.9999961922277182,4.82699151812522,0.2643502432244556,0.20000000000027285,0.9993050729673384,0.9999444068128488,0.20374725507645053,True,0,1440,0.0,-1440,1440,60,ok,0,False,1439,0.9999961922277182,4.82699151812522,0.2643502432244556,0.20000000000027285,0.9999444068128488,0.20374725507645053,True,unaffected_same0,frozen_rule_based_v2,False,same_date_0,source_and_mapped_target_w_status_both_endpoints,finite mapped W/Wh pairs requiring the released W-status observation proxy at both endpoints on both the source W timestamps and mapped-target Wh timestamps; W status is not proof of Wh ground truth,60,1438,0.9999999955214534,0.16569489530764678,0.13727399165507068,0.20000000000027285,True,1438,0.9999999955214534,True,1376,0.3912570985254916,False,1436,0.40086839940248836,False,0,,False,0,,False
2020-12-28,Production,1438,0.9999997485990634,0.07946272995572681,0.03157162726008363,0.20000000000004547,1.0,0.9999755014815842,-0.0009306347747113364,True,0,1440,0.0,-1440,1440,60,ok,0,False,1438,0.9999997485990634,0.07946272995572681,0.03157162726008363,0.20000000000004547,0.9999755014815842,-0.0009306347747113364,True,unaffected_same0,frozen_rule_based_v2,False,same_date_0,source_and_mapped_target_w_status_both_endpoints,finite mapped W/Wh pairs requiring the released W-status observation proxy at both endpoints on both the source W timestamps and mapped-target Wh timestamps; W status is not proof of Wh ground truth,60,1437,0.9999997485811905,0.07949037397463776,0.031593597773138665,0.20000000000004547,True,1437,0.9999997485811905,True,1374,0.4152054359555959,False,1434,0.41782620800312276,False,0,,False,0,,False
2020-12-28,Consumption,1438,0.9999865663869936,10.86593354581073,0.42044506258692205,0.2000000000007276,0.9993045897079277,0.9998833848860655,0.514384711318371,True,0,1440,0.0,-1440,1440,60,ok,0,False,1438,0.9999865663869936,10.86593354581073,0.42044506258692205,0.2000000000007276,0.9998833848860655,0.514384711318371,True,unaffected_same0,frozen_rule_based_v2,False,same_date_0,source_and_mapped_target_w_status_both_endpoints,finite mapped W/Wh pairs requiring the released W-status observation proxy at both endpoints on both the source W timestamps and mapped-target Wh timestamps; W status is not proof of Wh ground truth,60,1437,0.9999999969490814,0.1637249080362541,0.13402922755740707,0.2000000000007276,True,1437,0.9999999969490814,True,1374,0.5106320963857103,False,1434,0.5098724659769234,False,0,,False,0,,False
2020-12-29,Production,1439,0.9999998958856404,0.07943511475768714,0.031549687282834964,0.20000000000004547,1.0,1.000030899506078,0.0017119502010984888,True,0,1440,0.0,-1440,1440,60,ok,0,False,1439,0.9999998958856404,0.07943511475768714,0.031549687282834964,0.20000000000004547,1.000030899506078,0.0017119502010984888,True,unaffected_same0,frozen_rule_based_v2,False,same_date_0,source_and_mapped_target_w_status_both_endpoints,finite mapped W/Wh pairs requiring the released W-status observation proxy at both endpoints on both the source W timestamps and mapped-target Wh timestamps; W status is not proof of Wh ground truth,60,1438,0.9999998958751805,0.07946272995572551,0.031571627260083106,0.20000000000004547,True,1438,0.9999998958751805,True,1376,0.49403459404257605,False,1436,0.4972396721573685,False,0,,False,0,,False
2020-12-29,Consumption,1439,0.9999938879588314,4.115527639973481,0.23752605976373212,0.20000000000027285,0.9993050729673384,0.999904607337308,0.25152719288780645,True,0,1440,0.0,-1440,1440,60,ok,0,False,1439,0.9999938879588314,4.115527639973481,0.23752605976373212,0.20000000000027285,0.999904607337308,0.25152719288780645,True,unaffected_same0,frozen_rule_based_v2,False,same_date_0,source_and_mapped_target_w_status_both_endpoints,finite mapped W/Wh pairs requiring the released W-status observation proxy at both endpoints on both the source W timestamps and mapped-target Wh timestamps; W status is not proof of Wh ground truth,60,1438,0.9999999906907339,0.16075274944276763,0.12920723226704486,0.20000000000027285,True,1438,0.9999999906907339,True,1376,0.2835924384197227,False,1436,0.28326336410403913,False,0,,False,0,,False
2020-12-30,Production,1438,0.9999999299637399,0.08102267063706889,0.03282336578581423,0.20000000000004547,1.0,0.9999934510144755,0.003318184341182473,True,0,1440,0.0,-1440,1440,60,ok,0,False,1438,0.9999999299637399,0.08102267063706889,0.03282336578581423,0.20000000000004547,0.9999934510144755,0.003318184341182473,True,unaffected_same0,frozen_rule_based_v2,False,same_date_0,source_and_mapped_target_w_status_both_endpoints,finite mapped W/Wh pairs requiring the released W-status observation proxy at both endpoints on both the source W timestamps and mapped-target Wh timestamps; W status is not proof of Wh ground truth,60,1437,0.9999999299568331,0.08105085733843889,0.03284620737647938,0.20000000000004547,True,1437,0.9999999299568331,True,1374,0.44098877780314766,False,1434,0.4445013619042385,False,0,,False,0,,False
2020-12-30,Consumption,1438,0.9999317710598958,13.239053788004224,0.48094575799722034,0.20000000000027285,0.9993045897079277,0.9998053462894906,0.5347523085066541,True,0,1440,0.0,-1440,1440,60,ok,0,False,1438,0.9999317710598958,13.239053788004224,0.48094575799722034,0.20000000000027285,0.9998053462894906,0.5347523085066541,True,unaffected_same0,frozen_rule_based_v2,False,same_date_0,source_and_mapped_target_w_status_both_endpoints,finite mapped W/Wh pairs requiring the released W-status observation proxy at both endpoints on both the source W timestamps and mapped-target Wh timestamps; W status is not proof of Wh ground truth,60,1437,0.9999999897288969,0.16244478747265545,0.13194154488517945,0.20000000000027285,True,1437,0.9999999897288969,True,1374,0.3385435219814884,False,1434,0.33537823396693045,False,0,,False,0,,False
2020-12-31,Production,1439,0.9999997973853728,0.08150768327123938,0.033217512161223275,0.20000000000004547,1.0,0.9999863408653514,-0.0006788935818846653,True,0,1440,0.0,-1440,1440,60,ok,0,False,1439,0.9999997973853728,0.08150768327123938,0.033217512161223275,0.20000000000004547,0.9999863408653514,-0.0006788935818846653,True,unaffected_same0,frozen_rule_based_v2,False,same_date_0,source_and_mapped_target_w_status_both_endpoints,finite mapped W/Wh pairs requiring the released W-status observation proxy at both endpoints on both the source W timestamps and mapped-target Wh timestamps; W status is not proof of Wh ground truth,60,1438,0.9999997973702954,0.08153601898677335,0.03324061196105722,0.20000000000004547,True,1438,0.9999997973702954,True,1376,0.33108480763352577,False,1376,0.33108480763352577,False,0,,False,0,,False
2020-12-31,Consumption,1439,0.9995455631386461,31.555089874880945,0.9617790132036166,0.20000000000027285,0.9993050729673384,0.9998156891968487,1.0995907953683854,True,0,1440,0.0,-1440,1440,60,ok,0,False,1439,0.9995455631386461,31.555089874880945,0.9617790132036166,0.20000000000027285,0.9998156891968487,1.0995907953683854,True,unaffected_same0,frozen_rule_based_v2,False,same_date_0,source_and_mapped_target_w_status_both_endpoints,finite mapped W/Wh pairs requiring the released W-status observation proxy at both endpoints on both the source W timestamps and mapped-target Wh timestamps; W status is not proof of Wh ground truth,60,1438,0.9999999881384788,0.1612710293992875,0.13004172461752736,0.20000000000027285,True,1438,0.9999999881384788,True,1376,0.13096654346506773,False,1376,0.13096654346506773,False,0,,False,0,,False
