WindowPolicy,WindowDefinition,WindowCrossesNextTargetDay,WDate,WhDateAfterDayMonthTranspose,DateActuallyChanges,DateMappingType,WhTimestampOffsetMinutes,Signal,ComparisonScope,ComparisonScopeDescription,PassMinimumFinitePoints,MatchedFinitePoints,PearsonR,RMSE_W,MAE_W,P99AbsoluteError_W,MaximumAbsoluteError_W,FractionWithin0p5W,RoundingAgreementFraction,ExactEqualityFraction,EquivalentOnMeasuredSlope,EquivalentOnMeasuredIntercept_W,PassR0p99,CohortDefinition,PolicySignalAggregateMatchedFinitePoints,PolicySignalAggregatePearsonR,PolicySignalDaysPassR0p99,PolicySignalCohortDays
within_target_day_core,W 00:00-22:59; Wh transposed target date 01:00-23:59,False,2020-02-02,2020-02-02,False,diagonal_identity_control,60,Production,source_and_mapped_target_w_status_both_endpoints,finite mapped W/Wh pairs requiring the released W-status observation proxy at both endpoints on both the source W timestamps and mapped-target Wh timestamps; W status is not proof of Wh ground truth,60,1376,0.9999998782263511,0.09086150974691277,0.04127906976744192,0.20000000000004547,0.20000000000004547,1.0,1.0,0.7936046511627907,0.9999840342340014,0.003817853800512694,True,2020 dates with W month and day both in 2..8; compare with Wh after transposing month/day and adding 60 minutes,67360.0,0.9999999726194309,49.0,49.0
within_target_day_core,W 00:00-22:59; Wh transposed target date 01:00-23:59,False,2020-02-02,2020-02-02,False,diagonal_identity_control,60,Consumption,source_and_mapped_target_w_status_both_endpoints,finite mapped W/Wh pairs requiring the released W-status observation proxy at both endpoints on both the source W timestamps and mapped-target Wh timestamps; W status is not proof of Wh ground truth,60,1376,0.9999999954113972,0.16530451111615402,0.13662790697674934,0.2000000000007276,0.2000000000007276,1.0,1.0,0.3168604651162791,1.0000057705226315,-0.010478551427468119,True,2020 dates with W month and day both in 2..8; compare with Wh after transposing month/day and adding 60 minutes,67360.0,0.99999999101364,49.0,49.0
within_target_day_core,W 00:00-22:59; Wh transposed target date 01:00-23:59,False,2020-02-03,2020-03-02,True,actual_month_day_transpose,60,Production,source_and_mapped_target_w_status_both_endpoints,finite mapped W/Wh pairs requiring the released W-status observation proxy at both endpoints on both the source W timestamps and mapped-target Wh timestamps; W status is not proof of Wh ground truth,60,1368,0.9999994145182642,0.08999675107846045,0.04049707602339186,0.20000000000001705,0.20000000000004547,1.0,1.0,0.797514619883041,1.0000755564543662,-0.0022110098860679273,True,2020 dates with W month and day both in 2..8; compare with Wh after transposing month/day and adding 60 minutes,67360.0,0.9999999726194309,49.0,49.0
within_target_day_core,W 00:00-22:59; Wh transposed target date 01:00-23:59,False,2020-02-03,2020-03-02,True,actual_month_day_transpose,60,Consumption,source_and_mapped_target_w_status_both_endpoints,finite mapped W/Wh pairs requiring the released W-status observation proxy at both endpoints on both the source W timestamps and mapped-target Wh timestamps; W status is not proof of Wh ground truth,60,1368,0.9999999940063826,0.1639248151721992,0.13435672514620045,0.20000000000042292,0.2000000000007276,1.0,1.0,0.32821637426900585,1.000001584165242,-0.009816312846396613,True,2020 dates with W month and day both in 2..8; compare with Wh after transposing month/day and adding 60 minutes,67360.0,0.99999999101364,49.0,49.0
within_target_day_core,W 00:00-22:59; Wh transposed target date 01:00-23:59,False,2020-02-04,2020-04-02,True,actual_month_day_transpose,60,Production,source_and_mapped_target_w_status_both_endpoints,finite mapped W/Wh pairs requiring the released W-status observation proxy at both endpoints on both the source W timestamps and mapped-target Wh timestamps; W status is not proof of Wh ground truth,60,1371,0.9999999425926361,0.10076295383979499,0.05076586433260381,0.20000000000004547,0.20000000000004547,1.0,1.0,0.7461706783369803,0.9999896541097512,-0.00012108065112670374,True,2020 dates with W month and day both in 2..8; compare with Wh after transposing month/day and adding 60 minutes,67360.0,0.9999999726194309,49.0,49.0
within_target_day_core,W 00:00-22:59; Wh transposed target date 01:00-23:59,False,2020-02-04,2020-04-02,True,actual_month_day_transpose,60,Consumption,source_and_mapped_target_w_status_both_endpoints,finite mapped W/Wh pairs requiring the released W-status observation proxy at both endpoints on both the source W timestamps and mapped-target Wh timestamps; W status is not proof of Wh ground truth,60,1371,0.9999999943181358,0.16410133675128866,0.1346462436177997,0.20000000000040927,0.2000000000007276,1.0,1.0,0.3267687819110139,1.0000032501590777,0.002470432000109213,True,2020 dates with W month and day both in 2..8; compare with Wh after transposing month/day and adding 60 minutes,67360.0,0.99999999101364,49.0,49.0
within_target_day_core,W 00:00-22:59; Wh transposed target date 01:00-23:59,False,2020-02-05,2020-05-02,True,actual_month_day_transpose,60,Production,source_and_mapped_target_w_status_both_endpoints,finite mapped W/Wh pairs requiring the released W-status observation proxy at both endpoints on both the source W timestamps and mapped-target Wh timestamps; W status is not proof of Wh ground truth,60,1367,0.9999998517827995,0.09164033892938604,0.04198975859546416,0.20000000000004547,0.20000000000004547,1.0,1.0,0.7900512070226774,0.9999798219971324,-0.0016619159698834096,True,2020 dates with W month and day both in 2..8; compare with Wh after transposing month/day and adding 60 minutes,67360.0,0.9999999726194309,49.0,49.0
within_target_day_core,W 00:00-22:59; Wh transposed target date 01:00-23:59,False,2020-02-05,2020-05-02,True,actual_month_day_transpose,60,Consumption,source_and_mapped_target_w_status_both_endpoints,finite mapped W/Wh pairs requiring the released W-status observation proxy at both endpoints on both the source W timestamps and mapped-target Wh timestamps; W status is not proof of Wh ground truth,60,1367,0.9999999928284509,0.16046749551787007,0.12874908558888562,0.20000000000027285,0.2000000000007276,1.0,1.0,0.3562545720555962,0.9999969392207623,0.002540484048495273,True,2020 dates with W month and day both in 2..8; compare with Wh after transposing month/day and adding 60 minutes,67360.0,0.99999999101364,49.0,49.0
within_target_day_core,W 00:00-22:59; Wh transposed target date 01:00-23:59,False,2020-02-06,2020-06-02,True,actual_month_day_transpose,60,Production,source_and_mapped_target_w_status_both_endpoints,finite mapped W/Wh pairs requiring the released W-status observation proxy at both endpoints on both the source W timestamps and mapped-target Wh timestamps; W status is not proof of Wh ground truth,60,1376,0.9999985976455095,0.08776951846793356,0.038517441860464886,0.20000000000001705,0.20000000000001705,1.0,1.0,0.8074127906976745,1.0000990767514275,-0.001924494959528289,True,2020 dates with W month and day both in 2..8; compare with Wh after transposing month/day and adding 60 minutes,67360.0,0.9999999726194309,49.0,49.0
within_target_day_core,W 00:00-22:59; Wh transposed target date 01:00-23:59,False,2020-02-06,2020-06-02,True,actual_month_day_transpose,60,Consumption,source_and_mapped_target_w_status_both_endpoints,finite mapped W/Wh pairs requiring the released W-status observation proxy at both endpoints on both the source W timestamps and mapped-target Wh timestamps; W status is not proof of Wh ground truth,60,1376,0.9999999934211778,0.16495242443074434,0.13604651162790554,0.2000000000007276,0.2000000000007276,1.0,1.0,0.31976744186046513,0.9999997347159173,-0.0036773933895801747,True,2020 dates with W month and day both in 2..8; compare with Wh after transposing month/day and adding 60 minutes,67360.0,0.99999999101364,49.0,49.0
within_target_day_core,W 00:00-22:59; Wh transposed target date 01:00-23:59,False,2020-02-07,2020-07-02,True,actual_month_day_transpose,60,Production,source_and_mapped_target_w_status_both_endpoints,finite mapped W/Wh pairs requiring the released W-status observation proxy at both endpoints on both the source W timestamps and mapped-target Wh timestamps; W status is not proof of Wh ground truth,60,1374,0.9999988976132714,0.0879989413724862,0.03871906841339147,0.20000000000001705,0.20000000000004547,1.0,1.0,0.8064046579330422,0.9999855353765277,0.0004563304466174145,True,2020 dates with W month and day both in 2..8; compare with Wh after transposing month/day and adding 60 minutes,67360.0,0.9999999726194309,49.0,49.0
within_target_day_core,W 00:00-22:59; Wh transposed target date 01:00-23:59,False,2020-02-07,2020-07-02,True,actual_month_day_transpose,60,Consumption,source_and_mapped_target_w_status_both_endpoints,finite mapped W/Wh pairs requiring the released W-status observation proxy at both endpoints on both the source W timestamps and mapped-target Wh timestamps; W status is not proof of Wh ground truth,60,1374,0.9999999957013007,0.16445401705749865,0.135225618631739,0.2000000000007276,0.2000000000007276,1.0,1.0,0.32387190684133915,1.0000040528092073,-0.006549748405404898,True,2020 dates with W month and day both in 2..8; compare with Wh after transposing month/day and adding 60 minutes,67360.0,0.99999999101364,49.0,49.0
within_target_day_core,W 00:00-22:59; Wh transposed target date 01:00-23:59,False,2020-02-08,2020-08-02,True,actual_month_day_transpose,60,Production,source_and_mapped_target_w_status_both_endpoints,finite mapped W/Wh pairs requiring the released W-status observation proxy at both endpoints on both the source W timestamps and mapped-target Wh timestamps; W status is not proof of Wh ground truth,60,1375,0.9999999176321551,0.09738396358557351,0.04741818181818184,0.20000000000004547,0.20000000000004547,1.0,1.0,0.7629090909090909,1.0000224273405753,-0.002387949048909377,True,2020 dates with W month and day both in 2..8; compare with Wh after transposing month/day and adding 60 minutes,67360.0,0.9999999726194309,49.0,49.0
within_target_day_core,W 00:00-22:59; Wh transposed target date 01:00-23:59,False,2020-02-08,2020-08-02,True,actual_month_day_transpose,60,Consumption,source_and_mapped_target_w_status_both_endpoints,finite mapped W/Wh pairs requiring the released W-status observation proxy at both endpoints on both the source W timestamps and mapped-target Wh timestamps; W status is not proof of Wh ground truth,60,1375,0.9999999925002251,0.1620774225766505,0.13134545454545382,0.20000000000027285,0.2000000000007276,1.0,1.0,0.3432727272727273,0.9999974992298807,0.0018105239987562527,True,2020 dates with W month and day both in 2..8; compare with Wh after transposing month/day and adding 60 minutes,67360.0,0.99999999101364,49.0,49.0
within_target_day_core,W 00:00-22:59; Wh transposed target date 01:00-23:59,False,2020-03-02,2020-02-03,True,actual_month_day_transpose,60,Production,source_and_mapped_target_w_status_both_endpoints,finite mapped W/Wh pairs requiring the released W-status observation proxy at both endpoints on both the source W timestamps and mapped-target Wh timestamps; W status is not proof of Wh ground truth,60,1368,0.9999999731493381,0.08983415518941762,0.04035087719298241,0.20000000000004547,0.20000000000004547,1.0,1.0,0.7982456140350878,0.9999921362313334,0.0011664406458180565,True,2020 dates with W month and day both in 2..8; compare with Wh after transposing month/day and adding 60 minutes,67360.0,0.9999999726194309,49.0,49.0
within_target_day_core,W 00:00-22:59; Wh transposed target date 01:00-23:59,False,2020-03-02,2020-02-03,True,actual_month_day_transpose,60,Consumption,source_and_mapped_target_w_status_both_endpoints,finite mapped W/Wh pairs requiring the released W-status observation proxy at both endpoints on both the source W timestamps and mapped-target Wh timestamps; W status is not proof of Wh ground truth,60,1368,0.9999999761070232,0.16303051054456283,0.13289473684210493,0.20000000000027285,0.20000000000027285,1.0,1.0,0.3355263157894737,0.999984649295308,0.0033701711176377103,True,2020 dates with W month and day both in 2..8; compare with Wh after transposing month/day and adding 60 minutes,67360.0,0.99999999101364,49.0,49.0
within_target_day_core,W 00:00-22:59; Wh transposed target date 01:00-23:59,False,2020-03-03,2020-03-03,False,diagonal_identity_control,60,Production,source_and_mapped_target_w_status_both_endpoints,finite mapped W/Wh pairs requiring the released W-status observation proxy at both endpoints on both the source W timestamps and mapped-target Wh timestamps; W status is not proof of Wh ground truth,60,1376,0.9999998107060545,0.09038033332071077,0.04084302325581399,0.20000000000004547,0.20000000000004547,1.0,1.0,0.7957848837209303,0.9999835250591627,0.0011003446446764542,True,2020 dates with W month and day both in 2..8; compare with Wh after transposing month/day and adding 60 minutes,67360.0,0.9999999726194309,49.0,49.0
within_target_day_core,W 00:00-22:59; Wh transposed target date 01:00-23:59,False,2020-03-03,2020-03-03,False,diagonal_identity_control,60,Consumption,source_and_mapped_target_w_status_both_endpoints,finite mapped W/Wh pairs requiring the released W-status observation proxy at both endpoints on both the source W timestamps and mapped-target Wh timestamps; W status is not proof of Wh ground truth,60,1376,0.9999999894127132,0.16326964428265545,0.1332848837209274,0.20000000000027285,0.2000000000007276,1.0,1.0,0.3335755813953488,0.9999954303779054,-0.002098916766271941,True,2020 dates with W month and day both in 2..8; compare with Wh after transposing month/day and adding 60 minutes,67360.0,0.99999999101364,49.0,49.0
within_target_day_core,W 00:00-22:59; Wh transposed target date 01:00-23:59,False,2020-03-04,2020-04-03,True,actual_month_day_transpose,60,Production,source_and_mapped_target_w_status_both_endpoints,finite mapped W/Wh pairs requiring the released W-status observation proxy at both endpoints on both the source W timestamps and mapped-target Wh timestamps; W status is not proof of Wh ground truth,60,1374,0.9999999723505222,0.09904933856498219,0.049053857350801665,0.20000000000004547,0.20000000000004547,1.0,1.0,0.754730713245997,1.000023464382466,-0.0031589477783597886,True,2020 dates with W month and day both in 2..8; compare with Wh after transposing month/day and adding 60 minutes,67360.0,0.9999999726194309,49.0,49.0
within_target_day_core,W 00:00-22:59; Wh transposed target date 01:00-23:59,False,2020-03-04,2020-04-03,True,actual_month_day_transpose,60,Consumption,source_and_mapped_target_w_status_both_endpoints,finite mapped W/Wh pairs requiring the released W-status observation proxy at both endpoints on both the source W timestamps and mapped-target Wh timestamps; W status is not proof of Wh ground truth,60,1374,0.9999999934803256,0.16665210999021873,0.13886462882096084,0.20000000000027285,0.2000000000007276,1.0,1.0,0.3056768558951965,1.0000005575473991,-0.0021974521357606136,True,2020 dates with W month and day both in 2..8; compare with Wh after transposing month/day and adding 60 minutes,67360.0,0.99999999101364,49.0,49.0
within_target_day_core,W 00:00-22:59; Wh transposed target date 01:00-23:59,False,2020-03-05,2020-05-03,True,actual_month_day_transpose,60,Production,source_and_mapped_target_w_status_both_endpoints,finite mapped W/Wh pairs requiring the released W-status observation proxy at both endpoints on both the source W timestamps and mapped-target Wh timestamps; W status is not proof of Wh ground truth,60,1380,0.9999993714782214,0.09215613719763037,0.042463768115942255,0.20000000000001705,0.20000000000004547,1.0,1.0,0.7876811594202898,1.0001049855321322,-0.0019448634688856714,True,2020 dates with W month and day both in 2..8; compare with Wh after transposing month/day and adding 60 minutes,67360.0,0.9999999726194309,49.0,49.0
within_target_day_core,W 00:00-22:59; Wh transposed target date 01:00-23:59,False,2020-03-05,2020-05-03,True,actual_month_day_transpose,60,Consumption,source_and_mapped_target_w_status_both_endpoints,finite mapped W/Wh pairs requiring the released W-status observation proxy at both endpoints on both the source W timestamps and mapped-target Wh timestamps; W status is not proof of Wh ground truth,60,1380,0.9999999931973983,0.1647131894615808,0.13565217391303852,0.20000000000027285,0.2000000000007276,1.0,1.0,0.3217391304347826,1.0000007742480816,-0.003145291902910685,True,2020 dates with W month and day both in 2..8; compare with Wh after transposing month/day and adding 60 minutes,67360.0,0.99999999101364,49.0,49.0
within_target_day_core,W 00:00-22:59; Wh transposed target date 01:00-23:59,False,2020-03-06,2020-06-03,True,actual_month_day_transpose,60,Production,source_and_mapped_target_w_status_both_endpoints,finite mapped W/Wh pairs requiring the released W-status observation proxy at both endpoints on both the source W timestamps and mapped-target Wh timestamps; W status is not proof of Wh ground truth,60,1378,0.9999999633132655,0.0993447326591177,0.049346879535558524,0.20000000000004547,0.20000000000027285,1.0,1.0,0.7532656023222061,0.9999900778741795,0.0055229680137642845,True,2020 dates with W month and day both in 2..8; compare with Wh after transposing month/day and adding 60 minutes,67360.0,0.9999999726194309,49.0,49.0
within_target_day_core,W 00:00-22:59; Wh transposed target date 01:00-23:59,False,2020-03-06,2020-06-03,True,actual_month_day_transpose,60,Consumption,source_and_mapped_target_w_status_both_endpoints,finite mapped W/Wh pairs requiring the released W-status observation proxy at both endpoints on both the source W timestamps and mapped-target Wh timestamps; W status is not proof of Wh ground truth,60,1378,0.9999999858344206,0.1656232456708062,0.13715529753265948,0.20000000000027285,0.2000000000007276,1.0,1.0,0.31422351233671986,0.9999959018075617,0.010673668340928089,True,2020 dates with W month and day both in 2..8; compare with Wh after transposing month/day and adding 60 minutes,67360.0,0.99999999101364,49.0,49.0
within_target_day_core,W 00:00-22:59; Wh transposed target date 01:00-23:59,False,2020-03-07,2020-07-03,True,actual_month_day_transpose,60,Production,source_and_mapped_target_w_status_both_endpoints,finite mapped W/Wh pairs requiring the released W-status observation proxy at both endpoints on both the source W timestamps and mapped-target Wh timestamps; W status is not proof of Wh ground truth,60,1374,0.9999999788698871,0.10336408426322574,0.053420669577875744,0.20000000000004547,0.20000000000004547,1.0,1.0,0.7328966521106259,1.0000073685246889,-0.0043663395968565055,True,2020 dates with W month and day both in 2..8; compare with Wh after transposing month/day and adding 60 minutes,67360.0,0.9999999726194309,49.0,49.0
within_target_day_core,W 00:00-22:59; Wh transposed target date 01:00-23:59,False,2020-03-07,2020-07-03,True,actual_month_day_transpose,60,Consumption,source_and_mapped_target_w_status_both_endpoints,finite mapped W/Wh pairs requiring the released W-status observation proxy at both endpoints on both the source W timestamps and mapped-target Wh timestamps; W status is not proof of Wh ground truth,60,1374,0.9999999936736463,0.16123612743999569,0.12998544395923867,0.20000000000027285,0.2000000000007276,1.0,1.0,0.3500727802037846,1.0000005403148358,0.002212547816384358,True,2020 dates with W month and day both in 2..8; compare with Wh after transposing month/day and adding 60 minutes,67360.0,0.99999999101364,49.0,49.0
within_target_day_core,W 00:00-22:59; Wh transposed target date 01:00-23:59,False,2020-03-08,2020-08-03,True,actual_month_day_transpose,60,Production,source_and_mapped_target_w_status_both_endpoints,finite mapped W/Wh pairs requiring the released W-status observation proxy at both endpoints on both the source W timestamps and mapped-target Wh timestamps; W status is not proof of Wh ground truth,60,1376,0.9999999720640768,0.10957104523316394,0.06002906976744136,0.20000000000004547,0.20000000000004547,1.0,1.0,0.6998546511627907,0.9999945628335785,0.00229123350379723,True,2020 dates with W month and day both in 2..8; compare with Wh after transposing month/day and adding 60 minutes,67360.0,0.9999999726194309,49.0,49.0
within_target_day_core,W 00:00-22:59; Wh transposed target date 01:00-23:59,False,2020-03-08,2020-08-03,True,actual_month_day_transpose,60,Consumption,source_and_mapped_target_w_status_both_endpoints,finite mapped W/Wh pairs requiring the released W-status observation proxy at both endpoints on both the source W timestamps and mapped-target Wh timestamps; W status is not proof of Wh ground truth,60,1376,0.9999999860138113,0.1626452838913346,0.13226744186046527,0.20000000000027285,0.2000000000007276,1.0,1.0,0.3386627906976744,0.9999998602355767,-0.005711489406508008,True,2020 dates with W month and day both in 2..8; compare with Wh after transposing month/day and adding 60 minutes,67360.0,0.99999999101364,49.0,49.0
within_target_day_core,W 00:00-22:59; Wh transposed target date 01:00-23:59,False,2020-04-02,2020-02-04,True,actual_month_day_transpose,60,Production,source_and_mapped_target_w_status_both_endpoints,finite mapped W/Wh pairs requiring the released W-status observation proxy at both endpoints on both the source W timestamps and mapped-target Wh timestamps; W status is not proof of Wh ground truth,60,1371,0.9999999784227847,0.10977066471953663,0.06024799416484411,0.20000000000004547,0.20000000000027285,1.0,1.0,0.6987600291757841,1.0000171288464519,-0.004304337339988251,True,2020 dates with W month and day both in 2..8; compare with Wh after transposing month/day and adding 60 minutes,67360.0,0.9999999726194309,49.0,49.0
within_target_day_core,W 00:00-22:59; Wh transposed target date 01:00-23:59,False,2020-04-02,2020-02-04,True,actual_month_day_transpose,60,Consumption,source_and_mapped_target_w_status_both_endpoints,finite mapped W/Wh pairs requiring the released W-status observation proxy at both endpoints on both the source W timestamps and mapped-target Wh timestamps; W status is not proof of Wh ground truth,60,1371,0.9999999893643,0.1625830876624989,0.13216630196936266,0.20000000000027285,0.2000000000007276,1.0,1.0,0.33916849015317285,1.0000069227700497,-0.008202785942899027,True,2020 dates with W month and day both in 2..8; compare with Wh after transposing month/day and adding 60 minutes,67360.0,0.99999999101364,49.0,49.0
within_target_day_core,W 00:00-22:59; Wh transposed target date 01:00-23:59,False,2020-04-03,2020-03-04,True,actual_month_day_transpose,60,Production,source_and_mapped_target_w_status_both_endpoints,finite mapped W/Wh pairs requiring the released W-status observation proxy at both endpoints on both the source W timestamps and mapped-target Wh timestamps; W status is not proof of Wh ground truth,60,1374,0.9999999821476516,0.11697298111743107,0.06841339155749636,0.20000000000004547,0.20000000000027285,1.0,1.0,0.6579330422125182,1.0000010458139406,0.0010521086587118589,True,2020 dates with W month and day both in 2..8; compare with Wh after transposing month/day and adding 60 minutes,67360.0,0.9999999726194309,49.0,49.0
within_target_day_core,W 00:00-22:59; Wh transposed target date 01:00-23:59,False,2020-04-03,2020-03-04,True,actual_month_day_transpose,60,Consumption,source_and_mapped_target_w_status_both_endpoints,finite mapped W/Wh pairs requiring the released W-status observation proxy at both endpoints on both the source W timestamps and mapped-target Wh timestamps; W status is not proof of Wh ground truth,60,1374,0.9999999918349354,0.15497569889795065,0.12008733624454238,0.20000000000027285,0.2000000000007276,1.0,1.0,0.39956331877729256,0.999999397758655,-0.0017207532669090142,True,2020 dates with W month and day both in 2..8; compare with Wh after transposing month/day and adding 60 minutes,67360.0,0.99999999101364,49.0,49.0
within_target_day_core,W 00:00-22:59; Wh transposed target date 01:00-23:59,False,2020-04-04,2020-04-04,False,diagonal_identity_control,60,Production,source_and_mapped_target_w_status_both_endpoints,finite mapped W/Wh pairs requiring the released W-status observation proxy at both endpoints on both the source W timestamps and mapped-target Wh timestamps; W status is not proof of Wh ground truth,60,1380,0.999999983927622,0.11597101087047018,0.06724637681159412,0.20000000000004547,0.20000000000027285,1.0,1.0,0.663768115942029,0.9999913466111588,0.0045550080022849215,True,2020 dates with W month and day both in 2..8; compare with Wh after transposing month/day and adding 60 minutes,67360.0,0.9999999726194309,49.0,49.0
within_target_day_core,W 00:00-22:59; Wh transposed target date 01:00-23:59,False,2020-04-04,2020-04-04,False,diagonal_identity_control,60,Consumption,source_and_mapped_target_w_status_both_endpoints,finite mapped W/Wh pairs requiring the released W-status observation proxy at both endpoints on both the source W timestamps and mapped-target Wh timestamps; W status is not proof of Wh ground truth,60,1380,0.9999999872458735,0.16480115378799487,0.13579710144927412,0.20000000000027285,0.2000000000007276,1.0,1.0,0.3210144927536232,1.0000070500830915,-0.00384084879283364,True,2020 dates with W month and day both in 2..8; compare with Wh after transposing month/day and adding 60 minutes,67360.0,0.99999999101364,49.0,49.0
within_target_day_core,W 00:00-22:59; Wh transposed target date 01:00-23:59,False,2020-04-05,2020-05-04,True,actual_month_day_transpose,60,Production,source_and_mapped_target_w_status_both_endpoints,finite mapped W/Wh pairs requiring the released W-status observation proxy at both endpoints on both the source W timestamps and mapped-target Wh timestamps; W status is not proof of Wh ground truth,60,1376,0.9999999836618021,0.11861605052377976,0.07034883720930121,0.20000000000004547,0.20000000000027285,1.0,1.0,0.6482558139534884,1.0000041391916399,-0.006907741859663474,True,2020 dates with W month and day both in 2..8; compare with Wh after transposing month/day and adding 60 minutes,67360.0,0.9999999726194309,49.0,49.0
within_target_day_core,W 00:00-22:59; Wh transposed target date 01:00-23:59,False,2020-04-05,2020-05-04,True,actual_month_day_transpose,60,Consumption,source_and_mapped_target_w_status_both_endpoints,finite mapped W/Wh pairs requiring the released W-status observation proxy at both endpoints on both the source W timestamps and mapped-target Wh timestamps; W status is not proof of Wh ground truth,60,1376,0.9999999788351134,0.1646878654402162,0.13561046511627703,0.20000000000027285,0.20000000000027285,1.0,1.0,0.32194767441860467,1.000004070953426,-0.001813205551457031,True,2020 dates with W month and day both in 2..8; compare with Wh after transposing month/day and adding 60 minutes,67360.0,0.99999999101364,49.0,49.0
within_target_day_core,W 00:00-22:59; Wh transposed target date 01:00-23:59,False,2020-04-06,2020-06-04,True,actual_month_day_transpose,60,Production,source_and_mapped_target_w_status_both_endpoints,finite mapped W/Wh pairs requiring the released W-status observation proxy at both endpoints on both the source W timestamps and mapped-target Wh timestamps; W status is not proof of Wh ground truth,60,1376,0.9999999729516142,0.11360887616813337,0.06453488372093173,0.20000000000004547,0.20000000000027285,1.0,1.0,0.6773255813953488,1.0000049283084107,0.0003614731915035918,True,2020 dates with W month and day both in 2..8; compare with Wh after transposing month/day and adding 60 minutes,67360.0,0.9999999726194309,49.0,49.0
within_target_day_core,W 00:00-22:59; Wh transposed target date 01:00-23:59,False,2020-04-06,2020-06-04,True,actual_month_day_transpose,60,Consumption,source_and_mapped_target_w_status_both_endpoints,finite mapped W/Wh pairs requiring the released W-status observation proxy at both endpoints on both the source W timestamps and mapped-target Wh timestamps; W status is not proof of Wh ground truth,60,1376,0.9999999745301429,0.16291315991785105,0.13270348837209503,0.20000000000027285,0.2000000000007276,1.0,1.0,0.33648255813953487,0.999997447872941,-0.005144979061469712,True,2020 dates with W month and day both in 2..8; compare with Wh after transposing month/day and adding 60 minutes,67360.0,0.99999999101364,49.0,49.0
within_target_day_core,W 00:00-22:59; Wh transposed target date 01:00-23:59,False,2020-04-07,2020-07-04,True,actual_month_day_transpose,60,Production,source_and_mapped_target_w_status_both_endpoints,finite mapped W/Wh pairs requiring the released W-status observation proxy at both endpoints on both the source W timestamps and mapped-target Wh timestamps; W status is not proof of Wh ground truth,60,1374,0.9999999659822276,0.11057610155819082,0.06113537117903803,0.20000000000004547,0.20000000000004547,1.0,1.0,0.6943231441048034,1.0000047771723455,-0.00046284652594863473,True,2020 dates with W month and day both in 2..8; compare with Wh after transposing month/day and adding 60 minutes,67360.0,0.9999999726194309,49.0,49.0
within_target_day_core,W 00:00-22:59; Wh transposed target date 01:00-23:59,False,2020-04-07,2020-07-04,True,actual_month_day_transpose,60,Consumption,source_and_mapped_target_w_status_both_endpoints,finite mapped W/Wh pairs requiring the released W-status observation proxy at both endpoints on both the source W timestamps and mapped-target Wh timestamps; W status is not proof of Wh ground truth,60,1374,0.999999971148331,0.16436548191403566,0.13508005822416466,0.20000000000027285,0.20000000000027285,1.0,1.0,0.3245997088791849,1.0000012860928622,-0.0033998738298919307,True,2020 dates with W month and day both in 2..8; compare with Wh after transposing month/day and adding 60 minutes,67360.0,0.99999999101364,49.0,49.0
within_target_day_core,W 00:00-22:59; Wh transposed target date 01:00-23:59,False,2020-04-08,2020-08-04,True,actual_month_day_transpose,60,Production,source_and_mapped_target_w_status_both_endpoints,finite mapped W/Wh pairs requiring the released W-status observation proxy at both endpoints on both the source W timestamps and mapped-target Wh timestamps; W status is not proof of Wh ground truth,60,1371,0.9999999421655433,0.11252684257123818,0.06331145149526039,0.20000000000004547,0.20000000000004547,1.0,1.0,0.6834427425237053,1.0000033691440462,-0.0007388894136397539,True,2020 dates with W month and day both in 2..8; compare with Wh after transposing month/day and adding 60 minutes,67360.0,0.9999999726194309,49.0,49.0
within_target_day_core,W 00:00-22:59; Wh transposed target date 01:00-23:59,False,2020-04-08,2020-08-04,True,actual_month_day_transpose,60,Consumption,source_and_mapped_target_w_status_both_endpoints,finite mapped W/Wh pairs requiring the released W-status observation proxy at both endpoints on both the source W timestamps and mapped-target Wh timestamps; W status is not proof of Wh ground truth,60,1371,0.9999999930275943,0.1645452145887481,0.13537563822028179,0.20000000000027285,0.2000000000007276,1.0,1.0,0.32312180889861414,0.9999994413115754,0.0031391892155170353,True,2020 dates with W month and day both in 2..8; compare with Wh after transposing month/day and adding 60 minutes,67360.0,0.99999999101364,49.0,49.0
within_target_day_core,W 00:00-22:59; Wh transposed target date 01:00-23:59,False,2020-05-02,2020-02-05,True,actual_month_day_transpose,60,Production,source_and_mapped_target_w_status_both_endpoints,finite mapped W/Wh pairs requiring the released W-status observation proxy at both endpoints on both the source W timestamps and mapped-target Wh timestamps; W status is not proof of Wh ground truth,60,1367,0.9999998429439836,0.11912875627065168,0.07095830285296235,0.20000000000004547,0.20000000000004547,1.0,1.0,0.6452084857351865,0.9999947510646136,0.001844971042743282,True,2020 dates with W month and day both in 2..8; compare with Wh after transposing month/day and adding 60 minutes,67360.0,0.9999999726194309,49.0,49.0
within_target_day_core,W 00:00-22:59; Wh transposed target date 01:00-23:59,False,2020-05-02,2020-02-05,True,actual_month_day_transpose,60,Consumption,source_and_mapped_target_w_status_both_endpoints,finite mapped W/Wh pairs requiring the released W-status observation proxy at both endpoints on both the source W timestamps and mapped-target Wh timestamps; W status is not proof of Wh ground truth,60,1367,0.9999999944280942,0.16300039717931114,0.13284564740306934,0.20000000000027285,0.2000000000007276,1.0,1.0,0.3357717629846379,0.9999983296388646,-0.0013185070264398746,True,2020 dates with W month and day both in 2..8; compare with Wh after transposing month/day and adding 60 minutes,67360.0,0.99999999101364,49.0,49.0
within_target_day_core,W 00:00-22:59; Wh transposed target date 01:00-23:59,False,2020-05-03,2020-03-05,True,actual_month_day_transpose,60,Production,source_and_mapped_target_w_status_both_endpoints,finite mapped W/Wh pairs requiring the released W-status observation proxy at both endpoints on both the source W timestamps and mapped-target Wh timestamps; W status is not proof of Wh ground truth,60,1380,0.9999999834993267,0.12580177644422114,0.07913043478260927,0.20000000000004547,0.20000000000027285,1.0,1.0,0.6043478260869565,0.9999979120789044,0.00238747495870939,True,2020 dates with W month and day both in 2..8; compare with Wh after transposing month/day and adding 60 minutes,67360.0,0.9999999726194309,49.0,49.0
within_target_day_core,W 00:00-22:59; Wh transposed target date 01:00-23:59,False,2020-05-03,2020-03-05,True,actual_month_day_transpose,60,Consumption,source_and_mapped_target_w_status_both_endpoints,finite mapped W/Wh pairs requiring the released W-status observation proxy at both endpoints on both the source W timestamps and mapped-target Wh timestamps; W status is not proof of Wh ground truth,60,1380,0.9999999900416962,0.15952829016296455,0.12724637681159534,0.20000000000027285,0.2000000000007276,1.0,1.0,0.36376811594202896,1.000000261937199,-0.0030705998082112274,True,2020 dates with W month and day both in 2..8; compare with Wh after transposing month/day and adding 60 minutes,67360.0,0.99999999101364,49.0,49.0
within_target_day_core,W 00:00-22:59; Wh transposed target date 01:00-23:59,False,2020-05-04,2020-04-05,True,actual_month_day_transpose,60,Production,source_and_mapped_target_w_status_both_endpoints,finite mapped W/Wh pairs requiring the released W-status observation proxy at both endpoints on both the source W timestamps and mapped-target Wh timestamps; W status is not proof of Wh ground truth,60,1376,0.9999999829918331,0.12294827802684753,0.07558139534883776,0.20000000000004547,0.20000000000027285,1.0,1.0,0.622093023255814,1.0000073520499326,-0.002288929452049615,True,2020 dates with W month and day both in 2..8; compare with Wh after transposing month/day and adding 60 minutes,67360.0,0.9999999726194309,49.0,49.0
within_target_day_core,W 00:00-22:59; Wh transposed target date 01:00-23:59,False,2020-05-04,2020-04-05,True,actual_month_day_transpose,60,Consumption,source_and_mapped_target_w_status_both_endpoints,finite mapped W/Wh pairs requiring the released W-status observation proxy at both endpoints on both the source W timestamps and mapped-target Wh timestamps; W status is not proof of Wh ground truth,60,1376,0.999999988983844,0.16309149950043847,0.13299418604651034,0.20000000000027285,0.2000000000007276,1.0,1.0,0.33502906976744184,0.9999977206045155,0.012607538791371553,True,2020 dates with W month and day both in 2..8; compare with Wh after transposing month/day and adding 60 minutes,67360.0,0.99999999101364,49.0,49.0
within_target_day_core,W 00:00-22:59; Wh transposed target date 01:00-23:59,False,2020-05-05,2020-05-05,False,diagonal_identity_control,60,Production,source_and_mapped_target_w_status_both_endpoints,finite mapped W/Wh pairs requiring the released W-status observation proxy at both endpoints on both the source W timestamps and mapped-target Wh timestamps; W status is not proof of Wh ground truth,60,1374,0.9999999690463655,0.12315597617941604,0.07583697234352384,0.20000000000004547,0.20000000000027285,1.0,1.0,0.6208151382823872,0.9999971637243737,0.0005396973725169119,True,2020 dates with W month and day both in 2..8; compare with Wh after transposing month/day and adding 60 minutes,67360.0,0.9999999726194309,49.0,49.0
within_target_day_core,W 00:00-22:59; Wh transposed target date 01:00-23:59,False,2020-05-05,2020-05-05,False,diagonal_identity_control,60,Consumption,source_and_mapped_target_w_status_both_endpoints,finite mapped W/Wh pairs requiring the released W-status observation proxy at both endpoints on both the source W timestamps and mapped-target Wh timestamps; W status is not proof of Wh ground truth,60,1374,0.9999999779183409,0.16480768201877413,0.1358078602620078,0.20000000000027285,0.20000000000027285,1.0,1.0,0.32096069868995636,1.0000089762049014,-0.005749812621274941,True,2020 dates with W month and day both in 2..8; compare with Wh after transposing month/day and adding 60 minutes,67360.0,0.99999999101364,49.0,49.0
within_target_day_core,W 00:00-22:59; Wh transposed target date 01:00-23:59,False,2020-05-06,2020-06-05,True,actual_month_day_transpose,60,Production,source_and_mapped_target_w_status_both_endpoints,finite mapped W/Wh pairs requiring the released W-status observation proxy at both endpoints on both the source W timestamps and mapped-target Wh timestamps; W status is not proof of Wh ground truth,60,1377,0.9999999597728844,0.12651406930179812,0.08002904865650069,0.20000000000004547,0.20000000000004547,1.0,1.0,0.5998547567175018,1.0000041441985934,0.003625346861269918,True,2020 dates with W month and day both in 2..8; compare with Wh after transposing month/day and adding 60 minutes,67360.0,0.9999999726194309,49.0,49.0
within_target_day_core,W 00:00-22:59; Wh transposed target date 01:00-23:59,False,2020-05-06,2020-06-05,True,actual_month_day_transpose,60,Consumption,source_and_mapped_target_w_status_both_endpoints,finite mapped W/Wh pairs requiring the released W-status observation proxy at both endpoints on both the source W timestamps and mapped-target Wh timestamps; W status is not proof of Wh ground truth,60,1377,0.9999999956077754,0.16329931618554358,0.1333333333333329,0.2000000000007276,0.2000000000007276,1.0,1.0,0.3333333333333333,1.0000016979279693,0.0010203835432776032,True,2020 dates with W month and day both in 2..8; compare with Wh after transposing month/day and adding 60 minutes,67360.0,0.99999999101364,49.0,49.0
within_target_day_core,W 00:00-22:59; Wh transposed target date 01:00-23:59,False,2020-05-07,2020-07-05,True,actual_month_day_transpose,60,Production,source_and_mapped_target_w_status_both_endpoints,finite mapped W/Wh pairs requiring the released W-status observation proxy at both endpoints on both the source W timestamps and mapped-target Wh timestamps; W status is not proof of Wh ground truth,60,1373,0.9999999326150983,0.11923524215430345,0.0710852148579763,0.20000000000004547,0.20000000000027285,1.0,1.0,0.6445739257101238,0.9999965832944956,-0.00030400098623317717,True,2020 dates with W month and day both in 2..8; compare with Wh after transposing month/day and adding 60 minutes,67360.0,0.9999999726194309,49.0,49.0
within_target_day_core,W 00:00-22:59; Wh transposed target date 01:00-23:59,False,2020-05-07,2020-07-05,True,actual_month_day_transpose,60,Consumption,source_and_mapped_target_w_status_both_endpoints,finite mapped W/Wh pairs requiring the released W-status observation proxy at both endpoints on both the source W timestamps and mapped-target Wh timestamps; W status is not proof of Wh ground truth,60,1373,0.9999999918179543,0.16273338890059819,0.13241077931536796,0.20000000000027285,0.2000000000007276,1.0,1.0,0.33794610342316095,1.0000011576207648,-0.008219297503501366,True,2020 dates with W month and day both in 2..8; compare with Wh after transposing month/day and adding 60 minutes,67360.0,0.99999999101364,49.0,49.0
within_target_day_core,W 00:00-22:59; Wh transposed target date 01:00-23:59,False,2020-05-08,2020-08-05,True,actual_month_day_transpose,60,Production,source_and_mapped_target_w_status_both_endpoints,finite mapped W/Wh pairs requiring the released W-status observation proxy at both endpoints on both the source W timestamps and mapped-target Wh timestamps; W status is not proof of Wh ground truth,60,1376,0.9999999733889674,0.12389042420341385,0.07674418604651105,0.20000000000004547,0.20000000000027285,1.0,1.0,0.6162790697674418,0.9999924466000172,-0.002289585065909705,True,2020 dates with W month and day both in 2..8; compare with Wh after transposing month/day and adding 60 minutes,67360.0,0.9999999726194309,49.0,49.0
within_target_day_core,W 00:00-22:59; Wh transposed target date 01:00-23:59,False,2020-05-08,2020-08-05,True,actual_month_day_transpose,60,Consumption,source_and_mapped_target_w_status_both_endpoints,finite mapped W/Wh pairs requiring the released W-status observation proxy at both endpoints on both the source W timestamps and mapped-target Wh timestamps; W status is not proof of Wh ground truth,60,1376,0.9999999739368535,0.16084804326834498,0.12936046511627872,0.20000000000027285,0.20000000000027285,1.0,1.0,0.35319767441860467,1.0000071537910071,0.001610562459745779,True,2020 dates with W month and day both in 2..8; compare with Wh after transposing month/day and adding 60 minutes,67360.0,0.99999999101364,49.0,49.0
within_target_day_core,W 00:00-22:59; Wh transposed target date 01:00-23:59,False,2020-06-02,2020-02-06,True,actual_month_day_transpose,60,Production,source_and_mapped_target_w_status_both_endpoints,finite mapped W/Wh pairs requiring the released W-status observation proxy at both endpoints on both the source W timestamps and mapped-target Wh timestamps; W status is not proof of Wh ground truth,60,1374,0.9999999504378553,0.13293243952810718,0.08835516739446926,0.20000000000004547,0.20000000000027285,1.0,1.0,0.5582241630276564,0.9999928434069505,-0.001844429553784721,True,2020 dates with W month and day both in 2..8; compare with Wh after transposing month/day and adding 60 minutes,67360.0,0.9999999726194309,49.0,49.0
within_target_day_core,W 00:00-22:59; Wh transposed target date 01:00-23:59,False,2020-06-02,2020-02-06,True,actual_month_day_transpose,60,Consumption,source_and_mapped_target_w_status_both_endpoints,finite mapped W/Wh pairs requiring the released W-status observation proxy at both endpoints on both the source W timestamps and mapped-target Wh timestamps; W status is not proof of Wh ground truth,60,1374,0.9999999789997555,0.16294237736271255,0.13275109170306074,0.20000000000027285,0.2000000000007276,1.0,1.0,0.33624454148471616,1.0000016303939139,0.003491244990868836,True,2020 dates with W month and day both in 2..8; compare with Wh after transposing month/day and adding 60 minutes,67360.0,0.99999999101364,49.0,49.0
within_target_day_core,W 00:00-22:59; Wh transposed target date 01:00-23:59,False,2020-06-03,2020-03-06,True,actual_month_day_transpose,60,Production,source_and_mapped_target_w_status_both_endpoints,finite mapped W/Wh pairs requiring the released W-status observation proxy at both endpoints on both the source W timestamps and mapped-target Wh timestamps; W status is not proof of Wh ground truth,60,1378,0.9999999401298585,0.12874294547161808,0.08287373004354082,0.20000000000004547,0.20000000000004547,1.0,1.0,0.5856313497822931,0.9999855767471673,0.001969606507827848,True,2020 dates with W month and day both in 2..8; compare with Wh after transposing month/day and adding 60 minutes,67360.0,0.9999999726194309,49.0,49.0
within_target_day_core,W 00:00-22:59; Wh transposed target date 01:00-23:59,False,2020-06-03,2020-03-06,True,actual_month_day_transpose,60,Consumption,source_and_mapped_target_w_status_both_endpoints,finite mapped W/Wh pairs requiring the released W-status observation proxy at both endpoints on both the source W timestamps and mapped-target Wh timestamps; W status is not proof of Wh ground truth,60,1378,0.9999999968079512,0.16243788586232874,0.13193033381712224,0.2000000000007276,0.2000000000007276,1.0,1.0,0.34034833091436867,1.0000014524668146,0.002528763224290742,True,2020 dates with W month and day both in 2..8; compare with Wh after transposing month/day and adding 60 minutes,67360.0,0.99999999101364,49.0,49.0
within_target_day_core,W 00:00-22:59; Wh transposed target date 01:00-23:59,False,2020-06-04,2020-04-06,True,actual_month_day_transpose,60,Production,source_and_mapped_target_w_status_both_endpoints,finite mapped W/Wh pairs requiring the released W-status observation proxy at both endpoints on both the source W timestamps and mapped-target Wh timestamps; W status is not proof of Wh ground truth,60,1376,0.9999999698514667,0.13151620291016208,0.08648255813953551,0.20000000000004547,0.20000000000027285,1.0,1.0,0.5675872093023255,1.0000038754936724,0.0018638689935528419,True,2020 dates with W month and day both in 2..8; compare with Wh after transposing month/day and adding 60 minutes,67360.0,0.9999999726194309,49.0,49.0
within_target_day_core,W 00:00-22:59; Wh transposed target date 01:00-23:59,False,2020-06-04,2020-04-06,True,actual_month_day_transpose,60,Consumption,source_and_mapped_target_w_status_both_endpoints,finite mapped W/Wh pairs requiring the released W-status observation proxy at both endpoints on both the source W timestamps and mapped-target Wh timestamps; W status is not proof of Wh ground truth,60,1376,0.9999999865396269,0.16030494196562958,0.1284883720930217,0.20000000000027285,0.2000000000007276,1.0,1.0,0.35755813953488375,1.0000018776822033,-0.00401047392711007,True,2020 dates with W month and day both in 2..8; compare with Wh after transposing month/day and adding 60 minutes,67360.0,0.99999999101364,49.0,49.0
within_target_day_core,W 00:00-22:59; Wh transposed target date 01:00-23:59,False,2020-06-05,2020-05-06,True,actual_month_day_transpose,60,Production,source_and_mapped_target_w_status_both_endpoints,finite mapped W/Wh pairs requiring the released W-status observation proxy at both endpoints on both the source W timestamps and mapped-target Wh timestamps; W status is not proof of Wh ground truth,60,1377,0.9999999841840155,0.12765694770084657,0.08148148148148303,0.20000000000004547,0.20000000000027285,1.0,1.0,0.5925925925925926,1.0000082061901374,0.0012127818342833052,True,2020 dates with W month and day both in 2..8; compare with Wh after transposing month/day and adding 60 minutes,67360.0,0.9999999726194309,49.0,49.0
within_target_day_core,W 00:00-22:59; Wh transposed target date 01:00-23:59,False,2020-06-05,2020-05-06,True,actual_month_day_transpose,60,Consumption,source_and_mapped_target_w_status_both_endpoints,finite mapped W/Wh pairs requiring the released W-status observation proxy at both endpoints on both the source W timestamps and mapped-target Wh timestamps; W status is not proof of Wh ground truth,60,1377,0.9999999930414761,0.16169041669088813,0.1307189542483674,0.20000000000027285,0.2000000000007276,1.0,1.0,0.3464052287581699,1.0000011685445627,-0.0008990171215828013,True,2020 dates with W month and day both in 2..8; compare with Wh after transposing month/day and adding 60 minutes,67360.0,0.99999999101364,49.0,49.0
within_target_day_core,W 00:00-22:59; Wh transposed target date 01:00-23:59,False,2020-06-06,2020-06-06,False,diagonal_identity_control,60,Production,source_and_mapped_target_w_status_both_endpoints,finite mapped W/Wh pairs requiring the released W-status observation proxy at both endpoints on both the source W timestamps and mapped-target Wh timestamps; W status is not proof of Wh ground truth,60,1376,0.9999999786823253,0.1310733861550059,0.08590116279069769,0.20000000000004547,0.20000000000027285,1.0,1.0,0.5704941860465116,1.0000059735193996,-0.0011385758090227682,True,2020 dates with W month and day both in 2..8; compare with Wh after transposing month/day and adding 60 minutes,67360.0,0.9999999726194309,49.0,49.0
within_target_day_core,W 00:00-22:59; Wh transposed target date 01:00-23:59,False,2020-06-06,2020-06-06,False,diagonal_identity_control,60,Consumption,source_and_mapped_target_w_status_both_endpoints,finite mapped W/Wh pairs requiring the released W-status observation proxy at both endpoints on both the source W timestamps and mapped-target Wh timestamps; W status is not proof of Wh ground truth,60,1376,0.9999999779749438,0.1656558494744946,0.13720930232558257,0.20000000000027285,0.20000000000027285,1.0,1.0,0.313953488372093,0.9999960532155323,0.009019549344316147,True,2020 dates with W month and day both in 2..8; compare with Wh after transposing month/day and adding 60 minutes,67360.0,0.99999999101364,49.0,49.0
within_target_day_core,W 00:00-22:59; Wh transposed target date 01:00-23:59,False,2020-06-07,2020-07-06,True,actual_month_day_transpose,60,Production,source_and_mapped_target_w_status_both_endpoints,finite mapped W/Wh pairs requiring the released W-status observation proxy at both endpoints on both the source W timestamps and mapped-target Wh timestamps; W status is not proof of Wh ground truth,60,1376,0.9999999726979686,0.1333817741463143,0.08895348837209306,0.20000000000004547,0.20000000000027285,1.0,1.0,0.5552325581395349,0.9999979771827948,-0.0025582054744859306,True,2020 dates with W month and day both in 2..8; compare with Wh after transposing month/day and adding 60 minutes,67360.0,0.9999999726194309,49.0,49.0
within_target_day_core,W 00:00-22:59; Wh transposed target date 01:00-23:59,False,2020-06-07,2020-07-06,True,actual_month_day_transpose,60,Consumption,source_and_mapped_target_w_status_both_endpoints,finite mapped W/Wh pairs requiring the released W-status observation proxy at both endpoints on both the source W timestamps and mapped-target Wh timestamps; W status is not proof of Wh ground truth,60,1376,0.9999999922761325,0.16075765380165968,0.12921511627907106,0.20000000000027285,0.2000000000007276,1.0,1.0,0.3539244186046512,0.999994255387609,0.00477798855013134,True,2020 dates with W month and day both in 2..8; compare with Wh after transposing month/day and adding 60 minutes,67360.0,0.99999999101364,49.0,49.0
within_target_day_core,W 00:00-22:59; Wh transposed target date 01:00-23:59,False,2020-06-08,2020-08-06,True,actual_month_day_transpose,60,Production,source_and_mapped_target_w_status_both_endpoints,finite mapped W/Wh pairs requiring the released W-status observation proxy at both endpoints on both the source W timestamps and mapped-target Wh timestamps; W status is not proof of Wh ground truth,60,1375,0.999999979165661,0.13233566137941294,0.08756363636363576,0.20000000000004547,0.20000000000027285,1.0,1.0,0.5621818181818182,1.000006320057301,-0.008020028825853842,True,2020 dates with W month and day both in 2..8; compare with Wh after transposing month/day and adding 60 minutes,67360.0,0.9999999726194309,49.0,49.0
within_target_day_core,W 00:00-22:59; Wh transposed target date 01:00-23:59,False,2020-06-08,2020-08-06,True,actual_month_day_transpose,60,Consumption,source_and_mapped_target_w_status_both_endpoints,finite mapped W/Wh pairs requiring the released W-status observation proxy at both endpoints on both the source W timestamps and mapped-target Wh timestamps; W status is not proof of Wh ground truth,60,1375,0.9999999907524215,0.1642171511361502,0.13483636363636595,0.20000000000027285,0.2000000000007276,1.0,1.0,0.32581818181818184,0.9999994868033486,-0.004158187939879099,True,2020 dates with W month and day both in 2..8; compare with Wh after transposing month/day and adding 60 minutes,67360.0,0.99999999101364,49.0,49.0
within_target_day_core,W 00:00-22:59; Wh transposed target date 01:00-23:59,False,2020-07-02,2020-02-07,True,actual_month_day_transpose,60,Production,source_and_mapped_target_w_status_both_endpoints,finite mapped W/Wh pairs requiring the released W-status observation proxy at both endpoints on both the source W timestamps and mapped-target Wh timestamps; W status is not proof of Wh ground truth,60,1374,0.999999967576434,0.12733981860833038,0.08107714701601221,0.20000000000004547,0.20000000000004547,1.0,1.0,0.5946142649199417,1.0000030480042623,-0.001322554990451863,True,2020 dates with W month and day both in 2..8; compare with Wh after transposing month/day and adding 60 minutes,67360.0,0.9999999726194309,49.0,49.0
within_target_day_core,W 00:00-22:59; Wh transposed target date 01:00-23:59,False,2020-07-02,2020-02-07,True,actual_month_day_transpose,60,Consumption,source_and_mapped_target_w_status_both_endpoints,finite mapped W/Wh pairs requiring the released W-status observation proxy at both endpoints on both the source W timestamps and mapped-target Wh timestamps; W status is not proof of Wh ground truth,60,1374,0.9999999757204936,0.16213639198831098,0.13144104803493628,0.20000000000027285,0.20000000000027285,1.0,1.0,0.34279475982532753,0.9999807236265503,-0.004604875127370178,True,2020 dates with W month and day both in 2..8; compare with Wh after transposing month/day and adding 60 minutes,67360.0,0.99999999101364,49.0,49.0
within_target_day_core,W 00:00-22:59; Wh transposed target date 01:00-23:59,False,2020-07-03,2020-03-07,True,actual_month_day_transpose,60,Production,source_and_mapped_target_w_status_both_endpoints,finite mapped W/Wh pairs requiring the released W-status observation proxy at both endpoints on both the source W timestamps and mapped-target Wh timestamps; W status is not proof of Wh ground truth,60,1374,0.9999999743920005,0.13326053325510606,0.08879184861717705,0.20000000000004547,0.20000000000027285,1.0,1.0,0.5560407569141194,1.0000047448381004,-0.0037929617421923467,True,2020 dates with W month and day both in 2..8; compare with Wh after transposing month/day and adding 60 minutes,67360.0,0.9999999726194309,49.0,49.0
within_target_day_core,W 00:00-22:59; Wh transposed target date 01:00-23:59,False,2020-07-03,2020-03-07,True,actual_month_day_transpose,60,Consumption,source_and_mapped_target_w_status_both_endpoints,finite mapped W/Wh pairs requiring the released W-status observation proxy at both endpoints on both the source W timestamps and mapped-target Wh timestamps; W status is not proof of Wh ground truth,60,1374,0.9999999922910826,0.1646309445073261,0.13551673944687156,0.20000000000027285,0.2000000000007276,1.0,1.0,0.32241630276564776,0.9999995453382868,-0.010717083642248326,True,2020 dates with W month and day both in 2..8; compare with Wh after transposing month/day and adding 60 minutes,67360.0,0.99999999101364,49.0,49.0
within_target_day_core,W 00:00-22:59; Wh transposed target date 01:00-23:59,False,2020-07-04,2020-04-07,True,actual_month_day_transpose,60,Production,source_and_mapped_target_w_status_both_endpoints,finite mapped W/Wh pairs requiring the released W-status observation proxy at both endpoints on both the source W timestamps and mapped-target Wh timestamps; W status is not proof of Wh ground truth,60,1374,0.9999999812253572,0.13380556838564286,0.08951965065502351,0.20000000000004547,0.20000000000004547,1.0,1.0,0.5524017467248908,0.9999991523315681,0.00036164082644063456,True,2020 dates with W month and day both in 2..8; compare with Wh after transposing month/day and adding 60 minutes,67360.0,0.9999999726194309,49.0,49.0
within_target_day_core,W 00:00-22:59; Wh transposed target date 01:00-23:59,False,2020-07-04,2020-04-07,True,actual_month_day_transpose,60,Consumption,source_and_mapped_target_w_status_both_endpoints,finite mapped W/Wh pairs requiring the released W-status observation proxy at both endpoints on both the source W timestamps and mapped-target Wh timestamps; W status is not proof of Wh ground truth,60,1374,0.999999988253689,0.1650724334858575,0.13624454148471593,0.20000000000027285,0.2000000000007276,1.0,1.0,0.31877729257641924,1.000001372128461,-0.0007682931784529501,True,2020 dates with W month and day both in 2..8; compare with Wh after transposing month/day and adding 60 minutes,67360.0,0.99999999101364,49.0,49.0
within_target_day_core,W 00:00-22:59; Wh transposed target date 01:00-23:59,False,2020-07-05,2020-05-07,True,actual_month_day_transpose,60,Production,source_and_mapped_target_w_status_both_endpoints,finite mapped W/Wh pairs requiring the released W-status observation proxy at both endpoints on both the source W timestamps and mapped-target Wh timestamps; W status is not proof of Wh ground truth,60,1373,0.9999999693337411,0.13526160889363895,0.09147851420247846,0.20000000000004547,0.20000000000027285,1.0,1.0,0.5426074289876184,1.0000051444025142,-0.0032394720041679648,True,2020 dates with W month and day both in 2..8; compare with Wh after transposing month/day and adding 60 minutes,67360.0,0.9999999726194309,49.0,49.0
within_target_day_core,W 00:00-22:59; Wh transposed target date 01:00-23:59,False,2020-07-05,2020-05-07,True,actual_month_day_transpose,60,Consumption,source_and_mapped_target_w_status_both_endpoints,finite mapped W/Wh pairs requiring the released W-status observation proxy at both endpoints on both the source W timestamps and mapped-target Wh timestamps; W status is not proof of Wh ground truth,60,1373,0.9999999834805294,0.1623749448774695,0.13182811361980917,0.20000000000027285,0.20000000000027285,1.0,1.0,0.3408594319009468,1.0000042209996127,-0.007668617599847494,True,2020 dates with W month and day both in 2..8; compare with Wh after transposing month/day and adding 60 minutes,67360.0,0.99999999101364,49.0,49.0
within_target_day_core,W 00:00-22:59; Wh transposed target date 01:00-23:59,False,2020-07-06,2020-06-07,True,actual_month_day_transpose,60,Production,source_and_mapped_target_w_status_both_endpoints,finite mapped W/Wh pairs requiring the released W-status observation proxy at both endpoints on both the source W timestamps and mapped-target Wh timestamps; W status is not proof of Wh ground truth,60,1376,0.999999880700238,0.1264451347147177,0.07994186046511612,0.20000000000004547,0.20000000000004547,1.0,1.0,0.6002906976744186,0.9999959730261263,0.0006326704606181011,True,2020 dates with W month and day both in 2..8; compare with Wh after transposing month/day and adding 60 minutes,67360.0,0.9999999726194309,49.0,49.0
within_target_day_core,W 00:00-22:59; Wh transposed target date 01:00-23:59,False,2020-07-06,2020-06-07,True,actual_month_day_transpose,60,Consumption,source_and_mapped_target_w_status_both_endpoints,finite mapped W/Wh pairs requiring the released W-status observation proxy at both endpoints on both the source W timestamps and mapped-target Wh timestamps; W status is not proof of Wh ground truth,60,1376,0.999999975315656,0.16477609896674264,0.13575581395348893,0.20000000000027285,0.20000000000027285,1.0,1.0,0.32122093023255816,0.9999960689166093,0.00858604287674325,True,2020 dates with W month and day both in 2..8; compare with Wh after transposing month/day and adding 60 minutes,67360.0,0.99999999101364,49.0,49.0
within_target_day_core,W 00:00-22:59; Wh transposed target date 01:00-23:59,False,2020-07-07,2020-07-07,False,diagonal_identity_control,60,Production,source_and_mapped_target_w_status_both_endpoints,finite mapped W/Wh pairs requiring the released W-status observation proxy at both endpoints on both the source W timestamps and mapped-target Wh timestamps; W status is not proof of Wh ground truth,60,1380,0.9999999547352051,0.13088328687272813,0.08565217391304432,0.20000000000004547,0.20000000000004547,1.0,1.0,0.5717391304347826,1.0000047570454709,-0.0001423324206371035,True,2020 dates with W month and day both in 2..8; compare with Wh after transposing month/day and adding 60 minutes,67360.0,0.9999999726194309,49.0,49.0
within_target_day_core,W 00:00-22:59; Wh transposed target date 01:00-23:59,False,2020-07-07,2020-07-07,False,diagonal_identity_control,60,Consumption,source_and_mapped_target_w_status_both_endpoints,finite mapped W/Wh pairs requiring the released W-status observation proxy at both endpoints on both the source W timestamps and mapped-target Wh timestamps; W status is not proof of Wh ground truth,60,1380,0.999994538106484,0.1611552496593071,0.12985507246376807,0.20000000000001705,0.20000000000001705,1.0,1.0,0.3507246376811594,1.0001361838518377,-0.027464561826207046,True,2020 dates with W month and day both in 2..8; compare with Wh after transposing month/day and adding 60 minutes,67360.0,0.99999999101364,49.0,49.0
within_target_day_core,W 00:00-22:59; Wh transposed target date 01:00-23:59,False,2020-07-08,2020-08-07,True,actual_month_day_transpose,60,Production,source_and_mapped_target_w_status_both_endpoints,finite mapped W/Wh pairs requiring the released W-status observation proxy at both endpoints on both the source W timestamps and mapped-target Wh timestamps; W status is not proof of Wh ground truth,60,1375,0.9999999678993381,0.13299350633498175,0.08843636363636413,0.20000000000004547,0.20000000000004547,1.0,1.0,0.5578181818181818,0.9999948504529085,-0.0009143790815073771,True,2020 dates with W month and day both in 2..8; compare with Wh after transposing month/day and adding 60 minutes,67360.0,0.9999999726194309,49.0,49.0
within_target_day_core,W 00:00-22:59; Wh transposed target date 01:00-23:59,False,2020-07-08,2020-08-07,True,actual_month_day_transpose,60,Consumption,source_and_mapped_target_w_status_both_endpoints,finite mapped W/Wh pairs requiring the released W-status observation proxy at both endpoints on both the source W timestamps and mapped-target Wh timestamps; W status is not proof of Wh ground truth,60,1375,0.9999937376550478,0.16545254744048335,0.13687272727272717,0.20000000000001705,0.20000000000001705,1.0,1.0,0.31563636363636366,1.000050079998221,-0.005211742066961733,True,2020 dates with W month and day both in 2..8; compare with Wh after transposing month/day and adding 60 minutes,67360.0,0.99999999101364,49.0,49.0
within_target_day_core,W 00:00-22:59; Wh transposed target date 01:00-23:59,False,2020-08-02,2020-02-08,True,actual_month_day_transpose,60,Production,source_and_mapped_target_w_status_both_endpoints,finite mapped W/Wh pairs requiring the released W-status observation proxy at both endpoints on both the source W timestamps and mapped-target Wh timestamps; W status is not proof of Wh ground truth,60,1375,0.999999962863942,0.12251901522175628,0.07505454545454528,0.20000000000004547,0.20000000000004547,1.0,1.0,0.6247272727272727,0.9999899941673066,0.0039742224980159335,True,2020 dates with W month and day both in 2..8; compare with Wh after transposing month/day and adding 60 minutes,67360.0,0.9999999726194309,49.0,49.0
within_target_day_core,W 00:00-22:59; Wh transposed target date 01:00-23:59,False,2020-08-02,2020-02-08,True,actual_month_day_transpose,60,Consumption,source_and_mapped_target_w_status_both_endpoints,finite mapped W/Wh pairs requiring the released W-status observation proxy at both endpoints on both the source W timestamps and mapped-target Wh timestamps; W status is not proof of Wh ground truth,60,1375,0.9999999676300168,0.1641285527206725,0.13469090909091178,0.20000000000027285,0.2000000000007276,1.0,1.0,0.3265454545454545,1.000006042071226,-0.011271325426832846,True,2020 dates with W month and day both in 2..8; compare with Wh after transposing month/day and adding 60 minutes,67360.0,0.99999999101364,49.0,49.0
within_target_day_core,W 00:00-22:59; Wh transposed target date 01:00-23:59,False,2020-08-03,2020-03-08,True,actual_month_day_transpose,60,Production,source_and_mapped_target_w_status_both_endpoints,finite mapped W/Wh pairs requiring the released W-status observation proxy at both endpoints on both the source W timestamps and mapped-target Wh timestamps; W status is not proof of Wh ground truth,60,1376,0.9999999731197159,0.1230664407432389,0.07572674418604615,0.20000000000004547,0.20000000000027285,1.0,1.0,0.6213662790697675,0.9999978697045792,-0.0021061223819742736,True,2020 dates with W month and day both in 2..8; compare with Wh after transposing month/day and adding 60 minutes,67360.0,0.9999999726194309,49.0,49.0
within_target_day_core,W 00:00-22:59; Wh transposed target date 01:00-23:59,False,2020-08-03,2020-03-08,True,actual_month_day_transpose,60,Consumption,source_and_mapped_target_w_status_both_endpoints,finite mapped W/Wh pairs requiring the released W-status observation proxy at both endpoints on both the source W timestamps and mapped-target Wh timestamps; W status is not proof of Wh ground truth,60,1376,0.9999999227274177,0.1638916261322681,0.13430232558139565,0.20000000000027285,0.20000000000027285,1.0,1.0,0.32848837209302323,0.9999955354246026,0.0027328260795229653,True,2020 dates with W month and day both in 2..8; compare with Wh after transposing month/day and adding 60 minutes,67360.0,0.99999999101364,49.0,49.0
within_target_day_core,W 00:00-22:59; Wh transposed target date 01:00-23:59,False,2020-08-04,2020-04-08,True,actual_month_day_transpose,60,Production,source_and_mapped_target_w_status_both_endpoints,finite mapped W/Wh pairs requiring the released W-status observation proxy at both endpoints on both the source W timestamps and mapped-target Wh timestamps; W status is not proof of Wh ground truth,60,1371,0.9999999690315926,0.1267906031165499,0.08037928519329149,0.20000000000004547,0.20000000000027285,1.0,1.0,0.5981035740335522,1.0000017264105938,-0.002836233767482099,True,2020 dates with W month and day both in 2..8; compare with Wh after transposing month/day and adding 60 minutes,67360.0,0.9999999726194309,49.0,49.0
within_target_day_core,W 00:00-22:59; Wh transposed target date 01:00-23:59,False,2020-08-04,2020-04-08,True,actual_month_day_transpose,60,Consumption,source_and_mapped_target_w_status_both_endpoints,finite mapped W/Wh pairs requiring the released W-status observation proxy at both endpoints on both the source W timestamps and mapped-target Wh timestamps; W status is not proof of Wh ground truth,60,1371,0.9999942975695406,0.16105052643250375,0.12968636032093328,0.20000000000001705,0.20000000000001705,1.0,1.0,0.3515681983953319,1.00001795642335,0.00020822884994231572,True,2020 dates with W month and day both in 2..8; compare with Wh after transposing month/day and adding 60 minutes,67360.0,0.99999999101364,49.0,49.0
within_target_day_core,W 00:00-22:59; Wh transposed target date 01:00-23:59,False,2020-08-05,2020-05-08,True,actual_month_day_transpose,60,Production,source_and_mapped_target_w_status_both_endpoints,finite mapped W/Wh pairs requiring the released W-status observation proxy at both endpoints on both the source W timestamps and mapped-target Wh timestamps; W status is not proof of Wh ground truth,60,1376,0.9999999621619978,0.1161394510621738,0.06744186046511623,0.20000000000004547,0.20000000000004547,1.0,1.0,0.6627906976744186,0.9999986211879458,0.0006883206169163714,True,2020 dates with W month and day both in 2..8; compare with Wh after transposing month/day and adding 60 minutes,67360.0,0.9999999726194309,49.0,49.0
within_target_day_core,W 00:00-22:59; Wh transposed target date 01:00-23:59,False,2020-08-05,2020-05-08,True,actual_month_day_transpose,60,Consumption,source_and_mapped_target_w_status_both_endpoints,finite mapped W/Wh pairs requiring the released W-status observation proxy at both endpoints on both the source W timestamps and mapped-target Wh timestamps; W status is not proof of Wh ground truth,60,1376,0.9999999262578632,0.16210820388691602,0.13139534883720955,0.20000000000004547,0.20000000000027285,1.0,1.0,0.3430232558139535,1.000016431463275,-0.0031602420158378663,True,2020 dates with W month and day both in 2..8; compare with Wh after transposing month/day and adding 60 minutes,67360.0,0.99999999101364,49.0,49.0
within_target_day_core,W 00:00-22:59; Wh transposed target date 01:00-23:59,False,2020-08-06,2020-06-08,True,actual_month_day_transpose,60,Production,source_and_mapped_target_w_status_both_endpoints,finite mapped W/Wh pairs requiring the released W-status observation proxy at both endpoints on both the source W timestamps and mapped-target Wh timestamps; W status is not proof of Wh ground truth,60,1375,0.9999999654267848,0.1181678313401584,0.06981818181818149,0.20000000000004547,0.20000000000004547,1.0,1.0,0.6509090909090909,1.0000056438128255,0.0011245706533600242,True,2020 dates with W month and day both in 2..8; compare with Wh after transposing month/day and adding 60 minutes,67360.0,0.9999999726194309,49.0,49.0
within_target_day_core,W 00:00-22:59; Wh transposed target date 01:00-23:59,False,2020-08-06,2020-06-08,True,actual_month_day_transpose,60,Consumption,source_and_mapped_target_w_status_both_endpoints,finite mapped W/Wh pairs requiring the released W-status observation proxy at both endpoints on both the source W timestamps and mapped-target Wh timestamps; W status is not proof of Wh ground truth,60,1375,0.9999999676171544,0.16054452794955643,0.1288727272727292,0.20000000000027285,0.20000000000027285,1.0,1.0,0.35563636363636364,1.0000007286592587,0.0031547136579774815,True,2020 dates with W month and day both in 2..8; compare with Wh after transposing month/day and adding 60 minutes,67360.0,0.99999999101364,49.0,49.0
within_target_day_core,W 00:00-22:59; Wh transposed target date 01:00-23:59,False,2020-08-07,2020-07-08,True,actual_month_day_transpose,60,Production,source_and_mapped_target_w_status_both_endpoints,finite mapped W/Wh pairs requiring the released W-status observation proxy at both endpoints on both the source W timestamps and mapped-target Wh timestamps; W status is not proof of Wh ground truth,60,1375,0.9999999824208795,0.13112104054165866,0.08596363636363753,0.20000000000004547,0.20000000000027285,1.0,1.0,0.5701818181818182,1.000003173536104,0.002125121972994748,True,2020 dates with W month and day both in 2..8; compare with Wh after transposing month/day and adding 60 minutes,67360.0,0.9999999726194309,49.0,49.0
within_target_day_core,W 00:00-22:59; Wh transposed target date 01:00-23:59,False,2020-08-07,2020-07-08,True,actual_month_day_transpose,60,Consumption,source_and_mapped_target_w_status_both_endpoints,finite mapped W/Wh pairs requiring the released W-status observation proxy at both endpoints on both the source W timestamps and mapped-target Wh timestamps; W status is not proof of Wh ground truth,60,1375,0.9999999924823705,0.1625255224712223,0.1320727272727243,0.20000000000027285,0.2000000000007276,1.0,1.0,0.3396363636363636,1.0000001887938643,0.006481423556351729,True,2020 dates with W month and day both in 2..8; compare with Wh after transposing month/day and adding 60 minutes,67360.0,0.99999999101364,49.0,49.0
within_target_day_core,W 00:00-22:59; Wh transposed target date 01:00-23:59,False,2020-08-08,2020-08-08,False,diagonal_identity_control,60,Production,source_and_mapped_target_w_status_both_endpoints,finite mapped W/Wh pairs requiring the released W-status observation proxy at both endpoints on both the source W timestamps and mapped-target Wh timestamps; W status is not proof of Wh ground truth,60,1376,0.9999999511709974,0.11075848437237035,0.06133720930232459,0.20000000000004547,0.20000000000004547,1.0,1.0,0.6933139534883721,0.9999754854785886,0.002027395224530437,True,2020 dates with W month and day both in 2..8; compare with Wh after transposing month/day and adding 60 minutes,67360.0,0.9999999726194309,49.0,49.0
within_target_day_core,W 00:00-22:59; Wh transposed target date 01:00-23:59,False,2020-08-08,2020-08-08,False,diagonal_identity_control,60,Consumption,source_and_mapped_target_w_status_both_endpoints,finite mapped W/Wh pairs requiring the released W-status observation proxy at both endpoints on both the source W timestamps and mapped-target Wh timestamps; W status is not proof of Wh ground truth,60,1376,0.9999999865111144,0.16111890741183185,0.12979651162791048,0.20000000000027285,0.2000000000007276,1.0,1.0,0.35101744186046513,0.9999952071892668,-0.00035913168903789483,True,2020 dates with W month and day both in 2..8; compare with Wh after transposing month/day and adding 60 minutes,67360.0,0.99999999101364,49.0,49.0
continuous_24h,W 00:00-23:59; Wh transposed target 01:00 through next date 00:59,True,2020-02-02,2020-02-02,False,diagonal_identity_control,60,Production,source_and_mapped_target_w_status_both_endpoints,finite mapped W/Wh pairs requiring the released W-status observation proxy at both endpoints on both the source W timestamps and mapped-target Wh timestamps; W status is not proof of Wh ground truth,60,1436,0.9999996339060361,0.1547754236139401,0.04289693593314769,0.20000000000004547,4.8,0.9993036211699164,0.9993036211699164,0.8015320334261838,0.9999770033776354,0.007507981352517845,True,2020 dates with W month and day both in 2..8; compare with Wh after transposing month/day and adding 60 minutes,70300.0,0.9999994820455018,49.0,49.0
continuous_24h,W 00:00-23:59; Wh transposed target 01:00 through next date 00:59,True,2020-02-02,2020-02-02,False,diagonal_identity_control,60,Consumption,source_and_mapped_target_w_status_both_endpoints,finite mapped W/Wh pairs requiring the released W-status observation proxy at both endpoints on both the source W timestamps and mapped-target Wh timestamps; W status is not proof of Wh ground truth,60,1436,0.9859168890056832,290.9590673716732,55.53008356545962,1163.0200000000002,2978.2,0.958217270194986,0.958217270194986,0.30362116991643456,0.9965699902418127,-50.2123439716197,False,2020 dates with W month and day both in 2..8; compare with Wh after transposing month/day and adding 60 minutes,70300.0,0.9890878094902606,29.0,49.0
continuous_24h,W 00:00-23:59; Wh transposed target 01:00 through next date 00:59,True,2020-02-03,2020-03-02,True,actual_month_day_transpose,60,Production,source_and_mapped_target_w_status_both_endpoints,finite mapped W/Wh pairs requiring the released W-status observation proxy at both endpoints on both the source W timestamps and mapped-target Wh timestamps; W status is not proof of Wh ground truth,60,1428,0.9999994209814845,0.08808577434215238,0.038795518207282956,0.20000000000001705,0.20000000000004547,1.0,1.0,0.8060224089635855,1.0000749849395902,-0.0020946730023467808,True,2020 dates with W month and day both in 2..8; compare with Wh after transposing month/day and adding 60 minutes,70300.0,0.9999994820455018,49.0,49.0
continuous_24h,W 00:00-23:59; Wh transposed target 01:00 through next date 00:59,True,2020-02-03,2020-03-02,True,actual_month_day_transpose,60,Consumption,source_and_mapped_target_w_status_both_endpoints,finite mapped W/Wh pairs requiring the released W-status observation proxy at both endpoints on both the source W timestamps and mapped-target Wh timestamps; W status is not proof of Wh ground truth,60,1428,0.992301520479899,185.7588707632206,25.181092436974794,1129.7000000000016,2078.0,0.957983193277311,0.957983193277311,0.31442577030812324,0.9976850195248675,-11.04941801696691,True,2020 dates with W month and day both in 2..8; compare with Wh after transposing month/day and adding 60 minutes,70300.0,0.9890878094902606,29.0,49.0
continuous_24h,W 00:00-23:59; Wh transposed target 01:00 through next date 00:59,True,2020-02-04,2020-04-02,True,actual_month_day_transpose,60,Production,source_and_mapped_target_w_status_both_endpoints,finite mapped W/Wh pairs requiring the released W-status observation proxy at both endpoints on both the source W timestamps and mapped-target Wh timestamps; W status is not proof of Wh ground truth,60,1431,0.9999997964616743,0.18677445225932632,0.05283018867924516,0.20000000000004547,6.0,0.9993011879804332,0.9993011879804332,0.756114605171209,0.9999822554496107,0.005193290363450842,True,2020 dates with W month and day both in 2..8; compare with Wh after transposing month/day and adding 60 minutes,70300.0,0.9999994820455018,49.0,49.0
continuous_24h,W 00:00-23:59; Wh transposed target 01:00 through next date 00:59,True,2020-02-04,2020-04-02,True,actual_month_day_transpose,60,Consumption,source_and_mapped_target_w_status_both_endpoints,finite mapped W/Wh pairs requiring the released W-status observation proxy at both endpoints on both the source W timestamps and mapped-target Wh timestamps; W status is not proof of Wh ground truth,60,1431,0.992964879060927,180.1655245611417,31.043605870020972,1102.8600000000008,1932.2,0.9580712788259959,0.9580712788259959,0.31306778476589797,0.988355977040673,28.858523364913708,True,2020 dates with W month and day both in 2..8; compare with Wh after transposing month/day and adding 60 minutes,70300.0,0.9890878094902606,29.0,49.0
continuous_24h,W 00:00-23:59; Wh transposed target 01:00 through next date 00:59,True,2020-02-05,2020-05-02,True,actual_month_day_transpose,60,Production,source_and_mapped_target_w_status_both_endpoints,finite mapped W/Wh pairs requiring the released W-status observation proxy at both endpoints on both the source W timestamps and mapped-target Wh timestamps; W status is not proof of Wh ground truth,60,1427,0.9999998524543625,0.08969308409385612,0.04022424667133813,0.20000000000004547,0.20000000000004547,1.0,1.0,0.7988787666433076,0.9999796856600236,-0.0015848029265796981,True,2020 dates with W month and day both in 2..8; compare with Wh after transposing month/day and adding 60 minutes,70300.0,0.9999994820455018,49.0,49.0
continuous_24h,W 00:00-23:59; Wh transposed target 01:00 through next date 00:59,True,2020-02-05,2020-05-02,True,actual_month_day_transpose,60,Consumption,source_and_mapped_target_w_status_both_endpoints,finite mapped W/Wh pairs requiring the released W-status observation proxy at both endpoints on both the source W timestamps and mapped-target Wh timestamps; W status is not proof of Wh ground truth,60,1427,0.9623141239723426,371.0346121209326,71.45059565522075,2245.5919999999996,2365.0,0.9579537491240364,0.9579537491240364,0.34127540294323755,0.9708070805955923,95.23725788941283,False,2020 dates with W month and day both in 2..8; compare with Wh after transposing month/day and adding 60 minutes,70300.0,0.9890878094902606,29.0,49.0
continuous_24h,W 00:00-23:59; Wh transposed target 01:00 through next date 00:59,True,2020-02-06,2020-06-02,True,actual_month_day_transpose,60,Production,source_and_mapped_target_w_status_both_endpoints,finite mapped W/Wh pairs requiring the released W-status observation proxy at both endpoints on both the source W timestamps and mapped-target Wh timestamps; W status is not proof of Wh ground truth,60,1436,0.9999986127833712,0.08591632905848401,0.036908077994428745,0.20000000000001705,0.20000000000001705,1.0,1.0,0.8154596100278552,1.0000982988904035,-0.0018241388882636045,True,2020 dates with W month and day both in 2..8; compare with Wh after transposing month/day and adding 60 minutes,70300.0,0.9999994820455018,49.0,49.0
continuous_24h,W 00:00-23:59; Wh transposed target 01:00 through next date 00:59,True,2020-02-06,2020-06-02,True,actual_month_day_transpose,60,Consumption,source_and_mapped_target_w_status_both_endpoints,finite mapped W/Wh pairs requiring the released W-status observation proxy at both endpoints on both the source W timestamps and mapped-target Wh timestamps; W status is not proof of Wh ground truth,60,1436,0.998111873787076,88.18688641704699,7.88203342618384,84.4500000000001,1609.8,0.9589136490250696,0.9589136490250696,0.3064066852367688,1.0004962841044696,-8.247759032210752,True,2020 dates with W month and day both in 2..8; compare with Wh after transposing month/day and adding 60 minutes,70300.0,0.9890878094902606,29.0,49.0
continuous_24h,W 00:00-23:59; Wh transposed target 01:00 through next date 00:59,True,2020-02-07,2020-07-02,True,actual_month_day_transpose,60,Production,source_and_mapped_target_w_status_both_endpoints,finite mapped W/Wh pairs requiring the released W-status observation proxy at both endpoints on both the source W timestamps and mapped-target Wh timestamps; W status is not proof of Wh ground truth,60,1434,0.9999989105305449,0.08613828847835572,0.03709902370990229,0.20000000000001705,0.20000000000004547,1.0,1.0,0.8145048814504882,0.9999857048778301,0.00043211343144733405,True,2020 dates with W month and day both in 2..8; compare with Wh after transposing month/day and adding 60 minutes,70300.0,0.9999994820455018,49.0,49.0
continuous_24h,W 00:00-23:59; Wh transposed target 01:00 through next date 00:59,True,2020-02-07,2020-07-02,True,actual_month_day_transpose,60,Consumption,source_and_mapped_target_w_status_both_endpoints,finite mapped W/Wh pairs requiring the released W-status observation proxy at both endpoints on both the source W timestamps and mapped-target Wh timestamps; W status is not proof of Wh ground truth,60,1434,0.9887545611269666,263.99765599525733,42.423570432357046,1709.694000000002,3548.2,0.9581589958158996,0.9581589958158996,0.3103207810320781,0.9930431320647343,-10.038176451612117,False,2020 dates with W month and day both in 2..8; compare with Wh after transposing month/day and adding 60 minutes,70300.0,0.9890878094902606,29.0,49.0
continuous_24h,W 00:00-23:59; Wh transposed target 01:00 through next date 00:59,True,2020-02-08,2020-08-02,True,actual_month_day_transpose,60,Production,source_and_mapped_target_w_status_both_endpoints,finite mapped W/Wh pairs requiring the released W-status observation proxy at both endpoints on both the source W timestamps and mapped-target Wh timestamps; W status is not proof of Wh ground truth,60,1435,0.9999999183048204,0.09532632382472969,0.045435540069686434,0.20000000000004547,0.20000000000004547,1.0,1.0,0.7728222996515679,1.0000222436208974,-0.0022693608573121082,True,2020 dates with W month and day both in 2..8; compare with Wh after transposing month/day and adding 60 minutes,70300.0,0.9999994820455018,49.0,49.0
continuous_24h,W 00:00-23:59; Wh transposed target 01:00 through next date 00:59,True,2020-02-08,2020-08-02,True,actual_month_day_transpose,60,Consumption,source_and_mapped_target_w_status_both_endpoints,finite mapped W/Wh pairs requiring the released W-status observation proxy at both endpoints on both the source W timestamps and mapped-target Wh timestamps; W status is not proof of Wh ground truth,60,1435,0.9575368445028782,391.38678481907186,76.41783972125435,2212.4680000000008,3321.0,0.9581881533101045,0.9581881533101045,0.3289198606271777,0.9753684930114815,-36.57528243888919,False,2020 dates with W month and day both in 2..8; compare with Wh after transposing month/day and adding 60 minutes,70300.0,0.9890878094902606,29.0,49.0
continuous_24h,W 00:00-23:59; Wh transposed target 01:00 through next date 00:59,True,2020-03-02,2020-02-03,True,actual_month_day_transpose,60,Production,source_and_mapped_target_w_status_both_endpoints,finite mapped W/Wh pairs requiring the released W-status observation proxy at both endpoints on both the source W timestamps and mapped-target Wh timestamps; W status is not proof of Wh ground truth,60,1428,0.9999997782674167,0.2538774931194275,0.04495798319327726,0.20000000000004547,9.0,0.9992997198879552,0.9992997198879552,0.8060224089635855,0.9999844813889969,0.008780363904918431,True,2020 dates with W month and day both in 2..8; compare with Wh after transposing month/day and adding 60 minutes,70300.0,0.9999994820455018,49.0,49.0
continuous_24h,W 00:00-23:59; Wh transposed target 01:00 through next date 00:59,True,2020-03-02,2020-02-03,True,actual_month_day_transpose,60,Consumption,source_and_mapped_target_w_status_both_endpoints,finite mapped W/Wh pairs requiring the released W-status observation proxy at both endpoints on both the source W timestamps and mapped-target Wh timestamps; W status is not proof of Wh ground truth,60,1428,0.9871677600641762,118.36328827472006,14.6921568627451,252.72000000000008,2254.2,0.957983193277311,0.957983193277311,0.32142857142857145,0.9844736108811327,-7.194712520134146,False,2020 dates with W month and day both in 2..8; compare with Wh after transposing month/day and adding 60 minutes,70300.0,0.9890878094902606,29.0,49.0
continuous_24h,W 00:00-23:59; Wh transposed target 01:00 through next date 00:59,True,2020-03-03,2020-03-03,False,diagonal_identity_control,60,Production,source_and_mapped_target_w_status_both_endpoints,finite mapped W/Wh pairs requiring the released W-status observation proxy at both endpoints on both the source W timestamps and mapped-target Wh timestamps; W status is not proof of Wh ground truth,60,1436,0.9999978530445771,0.2988371147798018,0.049582172701949895,0.20000000000004547,9.0,0.9986072423398329,0.9986072423398329,0.802924791086351,0.9999768612710211,0.0035137396470616977,True,2020 dates with W month and day both in 2..8; compare with Wh after transposing month/day and adding 60 minutes,70300.0,0.9999994820455018,49.0,49.0
continuous_24h,W 00:00-23:59; Wh transposed target 01:00 through next date 00:59,True,2020-03-03,2020-03-03,False,diagonal_identity_control,60,Consumption,source_and_mapped_target_w_status_both_endpoints,finite mapped W/Wh pairs requiring the released W-status observation proxy at both endpoints on both the source W timestamps and mapped-target Wh timestamps; W status is not proof of Wh ground truth,60,1436,0.9870836805737342,180.24023067031715,31.785933147632317,1066.7000000000005,1099.2,0.958217270194986,0.958217270194986,0.31963788300835655,0.9911114926802052,-23.507698180278,False,2020 dates with W month and day both in 2..8; compare with Wh after transposing month/day and adding 60 minutes,70300.0,0.9890878094902606,29.0,49.0
continuous_24h,W 00:00-23:59; Wh transposed target 01:00 through next date 00:59,True,2020-03-04,2020-04-03,True,actual_month_day_transpose,60,Production,source_and_mapped_target_w_status_both_endpoints,finite mapped W/Wh pairs requiring the released W-status observation proxy at both endpoints on both the source W timestamps and mapped-target Wh timestamps; W status is not proof of Wh ground truth,60,1434,0.9999952738267175,1.2674995426648126,0.09218967921896895,0.20000000000004547,43.8,0.997907949790795,0.997907949790795,0.7629009762900977,0.9999747373205845,0.051053689383735446,True,2020 dates with W month and day both in 2..8; compare with Wh after transposing month/day and adding 60 minutes,70300.0,0.9999994820455018,49.0,49.0
continuous_24h,W 00:00-23:59; Wh transposed target 01:00 through next date 00:59,True,2020-03-04,2020-04-03,True,actual_month_day_transpose,60,Consumption,source_and_mapped_target_w_status_both_endpoints,finite mapped W/Wh pairs requiring the released W-status observation proxy at both endpoints on both the source W timestamps and mapped-target Wh timestamps; W status is not proof of Wh ground truth,60,1434,0.9524221415733011,455.7919750793365,92.13040446304045,2394.0,2475.0,0.9581589958158996,0.9581589958158996,0.2928870292887029,0.9592655412137832,-36.2638641448998,False,2020 dates with W month and day both in 2..8; compare with Wh after transposing month/day and adding 60 minutes,70300.0,0.9890878094902606,29.0,49.0
continuous_24h,W 00:00-23:59; Wh transposed target 01:00 through next date 00:59,True,2020-03-05,2020-05-03,True,actual_month_day_transpose,60,Production,source_and_mapped_target_w_status_both_endpoints,finite mapped W/Wh pairs requiring the released W-status observation proxy at both endpoints on both the source W timestamps and mapped-target Wh timestamps; W status is not proof of Wh ground truth,60,1440,0.9999950424589426,0.2537496579089102,0.046944444444444657,0.20000000000001705,9.0,0.9993055555555556,0.9993055555555556,0.7958333333333333,1.0000656847913107,0.00596775440523345,True,2020 dates with W month and day both in 2..8; compare with Wh after transposing month/day and adding 60 minutes,70300.0,0.9999994820455018,49.0,49.0
continuous_24h,W 00:00-23:59; Wh transposed target 01:00 through next date 00:59,True,2020-03-05,2020-05-03,True,actual_month_day_transpose,60,Consumption,source_and_mapped_target_w_status_both_endpoints,finite mapped W/Wh pairs requiring the released W-status observation proxy at both endpoints on both the source W timestamps and mapped-target Wh timestamps; W status is not proof of Wh ground truth,60,1440,0.9996764420171234,36.02304894863226,4.383611111111106,269.6259999999953,382.0,0.9583333333333334,0.9583333333333334,0.30833333333333335,1.0015428590097017,-5.59318457971267,True,2020 dates with W month and day both in 2..8; compare with Wh after transposing month/day and adding 60 minutes,70300.0,0.9890878094902606,29.0,49.0
continuous_24h,W 00:00-23:59; Wh transposed target 01:00 through next date 00:59,True,2020-03-06,2020-06-03,True,actual_month_day_transpose,60,Production,source_and_mapped_target_w_status_both_endpoints,finite mapped W/Wh pairs requiring the released W-status observation proxy at both endpoints on both the source W timestamps and mapped-target Wh timestamps; W status is not proof of Wh ground truth,60,1438,0.9999999636599803,0.09725008983123566,0.04728789986091769,0.20000000000004547,0.20000000000027285,1.0,1.0,0.7635605006954103,0.9999903778705601,0.005241838457834547,True,2020 dates with W month and day both in 2..8; compare with Wh after transposing month/day and adding 60 minutes,70300.0,0.9999994820455018,49.0,49.0
continuous_24h,W 00:00-23:59; Wh transposed target 01:00 through next date 00:59,True,2020-03-06,2020-06-03,True,actual_month_day_transpose,60,Consumption,source_and_mapped_target_w_status_both_endpoints,finite mapped W/Wh pairs requiring the released W-status observation proxy at both endpoints on both the source W timestamps and mapped-target Wh timestamps; W status is not proof of Wh ground truth,60,1438,0.9863994159394674,160.7493583718704,20.086787204450626,650.1999999999882,2060.2,0.9582753824756607,0.9582753824756607,0.3011126564673157,0.9799691268347056,0.11472114093714936,False,2020 dates with W month and day both in 2..8; compare with Wh after transposing month/day and adding 60 minutes,70300.0,0.9890878094902606,29.0,49.0
continuous_24h,W 00:00-23:59; Wh transposed target 01:00 through next date 00:59,True,2020-03-07,2020-07-03,True,actual_month_day_transpose,60,Production,source_and_mapped_target_w_status_both_endpoints,finite mapped W/Wh pairs requiring the released W-status observation proxy at both endpoints on both the source W timestamps and mapped-target Wh timestamps; W status is not proof of Wh ground truth,60,1434,0.9999999791713817,0.10117855021549853,0.051185495118550396,0.20000000000004547,0.20000000000004547,1.0,1.0,0.7440725244072525,1.000007157148383,-0.0041236472051764395,True,2020 dates with W month and day both in 2..8; compare with Wh after transposing month/day and adding 60 minutes,70300.0,0.9999994820455018,49.0,49.0
continuous_24h,W 00:00-23:59; Wh transposed target 01:00 through next date 00:59,True,2020-03-07,2020-07-03,True,actual_month_day_transpose,60,Consumption,source_and_mapped_target_w_status_both_endpoints,finite mapped W/Wh pairs requiring the released W-status observation proxy at both endpoints on both the source W timestamps and mapped-target Wh timestamps; W status is not proof of Wh ground truth,60,1434,0.9998996852154493,20.255822036141424,3.0377963737796323,93.2,385.0,0.9581589958158996,0.9581589958158996,0.33542538354253837,1.0009539023318494,-3.5302781484222123,True,2020 dates with W month and day both in 2..8; compare with Wh after transposing month/day and adding 60 minutes,70300.0,0.9890878094902606,29.0,49.0
continuous_24h,W 00:00-23:59; Wh transposed target 01:00 through next date 00:59,True,2020-03-08,2020-08-03,True,actual_month_day_transpose,60,Production,source_and_mapped_target_w_status_both_endpoints,finite mapped W/Wh pairs requiring the released W-status observation proxy at both endpoints on both the source W timestamps and mapped-target Wh timestamps; W status is not proof of Wh ground truth,60,1436,0.9999999725064517,0.10725753247665266,0.05752089136490203,0.20000000000004547,0.20000000000004547,1.0,1.0,0.7123955431754875,0.9999946890662476,0.0021606949864576563,True,2020 dates with W month and day both in 2..8; compare with Wh after transposing month/day and adding 60 minutes,70300.0,0.9999994820455018,49.0,49.0
continuous_24h,W 00:00-23:59; Wh transposed target 01:00 through next date 00:59,True,2020-03-08,2020-08-03,True,actual_month_day_transpose,60,Consumption,source_and_mapped_target_w_status_both_endpoints,finite mapped W/Wh pairs requiring the released W-status observation proxy at both endpoints on both the source W timestamps and mapped-target Wh timestamps; W status is not proof of Wh ground truth,60,1436,0.9060520663249119,437.3259843341304,68.07980501392757,2708.3200000000165,4073.8,0.958217270194986,0.958217270194986,0.3245125348189415,0.8522982692012689,47.742917282024564,False,2020 dates with W month and day both in 2..8; compare with Wh after transposing month/day and adding 60 minutes,70300.0,0.9890878094902606,29.0,49.0
continuous_24h,W 00:00-23:59; Wh transposed target 01:00 through next date 00:59,True,2020-04-02,2020-02-04,True,actual_month_day_transpose,60,Production,source_and_mapped_target_w_status_both_endpoints,finite mapped W/Wh pairs requiring the released W-status observation proxy at both endpoints on both the source W timestamps and mapped-target Wh timestamps; W status is not proof of Wh ground truth,60,1431,0.999999873737531,0.26105200276601676,0.06401118099231397,0.20000000000004547,9.0,0.9993011879804332,0.9993011879804332,0.710691823899371,1.0000233091929052,-0.012153410358280325,True,2020 dates with W month and day both in 2..8; compare with Wh after transposing month/day and adding 60 minutes,70300.0,0.9999994820455018,49.0,49.0
continuous_24h,W 00:00-23:59; Wh transposed target 01:00 through next date 00:59,True,2020-04-02,2020-02-04,True,actual_month_day_transpose,60,Consumption,source_and_mapped_target_w_status_both_endpoints,finite mapped W/Wh pairs requiring the released W-status observation proxy at both endpoints on both the source W timestamps and mapped-target Wh timestamps; W status is not proof of Wh ground truth,60,1431,0.9998838425171888,16.821434863279016,2.871837875611458,73.8,304.0,0.9580712788259959,0.9580712788259959,0.3249475890985325,0.9990858191178085,2.4946991253272017,True,2020 dates with W month and day both in 2..8; compare with Wh after transposing month/day and adding 60 minutes,70300.0,0.9890878094902606,29.0,49.0
continuous_24h,W 00:00-23:59; Wh transposed target 01:00 through next date 00:59,True,2020-04-03,2020-03-04,True,actual_month_day_transpose,60,Production,source_and_mapped_target_w_status_both_endpoints,finite mapped W/Wh pairs requiring the released W-status observation proxy at both endpoints on both the source W timestamps and mapped-target Wh timestamps; W status is not proof of Wh ground truth,60,1434,0.999997835422772,1.2718933492126094,0.1108786610878661,0.20000000000004547,44.0,0.997907949790795,0.997907949790795,0.6701534170153417,1.0000417113412654,-0.059354644786196786,True,2020 dates with W month and day both in 2..8; compare with Wh after transposing month/day and adding 60 minutes,70300.0,0.9999994820455018,49.0,49.0
continuous_24h,W 00:00-23:59; Wh transposed target 01:00 through next date 00:59,True,2020-04-03,2020-03-04,True,actual_month_day_transpose,60,Consumption,source_and_mapped_target_w_status_both_endpoints,finite mapped W/Wh pairs requiring the released W-status observation proxy at both endpoints on both the source W timestamps and mapped-target Wh timestamps; W status is not proof of Wh ground truth,60,1434,0.9998897306238567,18.177585167190394,3.5383542538354273,114.80400000000007,118.2,0.9581589958158996,0.9581589958158996,0.38284518828451886,0.9982779501669389,4.691112722533717,True,2020 dates with W month and day both in 2..8; compare with Wh after transposing month/day and adding 60 minutes,70300.0,0.9890878094902606,29.0,49.0
continuous_24h,W 00:00-23:59; Wh transposed target 01:00 through next date 00:59,True,2020-04-04,2020-04-04,False,diagonal_identity_control,60,Production,source_and_mapped_target_w_status_both_endpoints,finite mapped W/Wh pairs requiring the released W-status observation proxy at both endpoints on both the source W timestamps and mapped-target Wh timestamps; W status is not proof of Wh ground truth,60,1440,0.9999999154055385,0.26294274831013836,0.07069444444444438,0.20000000000004547,9.0,0.9993055555555556,0.9993055555555556,0.6770833333333334,0.9999981500327126,-0.004879983499222362,True,2020 dates with W month and day both in 2..8; compare with Wh after transposing month/day and adding 60 minutes,70300.0,0.9999994820455018,49.0,49.0
continuous_24h,W 00:00-23:59; Wh transposed target 01:00 through next date 00:59,True,2020-04-04,2020-04-04,False,diagonal_identity_control,60,Consumption,source_and_mapped_target_w_status_both_endpoints,finite mapped W/Wh pairs requiring the released W-status observation proxy at both endpoints on both the source W timestamps and mapped-target Wh timestamps; W status is not proof of Wh ground truth,60,1440,0.9939685726038439,112.08615411568213,9.98611111111111,145.20000000000002,2485.8,0.9583333333333334,0.9583333333333334,0.3076388888888889,0.9950047360254902,12.925180393728738,True,2020 dates with W month and day both in 2..8; compare with Wh after transposing month/day and adding 60 minutes,70300.0,0.9890878094902606,29.0,49.0
continuous_24h,W 00:00-23:59; Wh transposed target 01:00 through next date 00:59,True,2020-04-05,2020-05-04,True,actual_month_day_transpose,60,Production,source_and_mapped_target_w_status_both_endpoints,finite mapped W/Wh pairs requiring the released W-status observation proxy at both endpoints on both the source W timestamps and mapped-target Wh timestamps; W status is not proof of Wh ground truth,60,1436,0.999999976536775,0.14053221559901968,0.06949860724233878,0.20000000000004547,3.0,0.9993036211699164,0.9993036211699164,0.6622562674094707,1.000001566913301,-0.0033593400517588634,True,2020 dates with W month and day both in 2..8; compare with Wh after transposing month/day and adding 60 minutes,70300.0,0.9999994820455018,49.0,49.0
continuous_24h,W 00:00-23:59; Wh transposed target 01:00 through next date 00:59,True,2020-04-05,2020-05-04,True,actual_month_day_transpose,60,Consumption,source_and_mapped_target_w_status_both_endpoints,finite mapped W/Wh pairs requiring the released W-status observation proxy at both endpoints on both the source W timestamps and mapped-target Wh timestamps; W status is not proof of Wh ground truth,60,1436,0.9996568143831365,20.67632707694376,3.4959610027855135,140.59000000000006,148.2,0.958217270194986,0.958217270194986,0.3084958217270195,1.0002289976621914,-1.8694477734323982,True,2020 dates with W month and day both in 2..8; compare with Wh after transposing month/day and adding 60 minutes,70300.0,0.9890878094902606,29.0,49.0
continuous_24h,W 00:00-23:59; Wh transposed target 01:00 through next date 00:59,True,2020-04-06,2020-06-04,True,actual_month_day_transpose,60,Production,source_and_mapped_target_w_status_both_endpoints,finite mapped W/Wh pairs requiring the released W-status observation proxy at both endpoints on both the source W timestamps and mapped-target Wh timestamps; W status is not proof of Wh ground truth,60,1436,0.9999998516707128,0.2622486859052932,0.06810584958217414,0.20000000000004547,9.0,0.9993036211699164,0.9993036211699164,0.6901114206128134,0.9999976710468057,0.0085648405377583,True,2020 dates with W month and day both in 2..8; compare with Wh after transposing month/day and adding 60 minutes,70300.0,0.9999994820455018,49.0,49.0
continuous_24h,W 00:00-23:59; Wh transposed target 01:00 through next date 00:59,True,2020-04-06,2020-06-04,True,actual_month_day_transpose,60,Consumption,source_and_mapped_target_w_status_both_endpoints,finite mapped W/Wh pairs requiring the released W-status observation proxy at both endpoints on both the source W timestamps and mapped-target Wh timestamps; W status is not proof of Wh ground truth,60,1436,0.9986417079643602,37.5900241611327,6.91364902506964,249.0,256.8,0.958217270194986,0.958217270194986,0.3224233983286908,0.9956250147875727,8.612876814876245,True,2020 dates with W month and day both in 2..8; compare with Wh after transposing month/day and adding 60 minutes,70300.0,0.9890878094902606,29.0,49.0
continuous_24h,W 00:00-23:59; Wh transposed target 01:00 through next date 00:59,True,2020-04-07,2020-07-04,True,actual_month_day_transpose,60,Production,source_and_mapped_target_w_status_both_endpoints,finite mapped W/Wh pairs requiring the released W-status observation proxy at both endpoints on both the source W timestamps and mapped-target Wh timestamps; W status is not proof of Wh ground truth,60,1434,0.9999999663571997,0.10823807634814843,0.058577405857739365,0.20000000000004547,0.20000000000004547,1.0,1.0,0.7071129707112971,1.00000475384946,-0.00043859176696514623,True,2020 dates with W month and day both in 2..8; compare with Wh after transposing month/day and adding 60 minutes,70300.0,0.9999994820455018,49.0,49.0
continuous_24h,W 00:00-23:59; Wh transposed target 01:00 through next date 00:59,True,2020-04-07,2020-07-04,True,actual_month_day_transpose,60,Consumption,source_and_mapped_target_w_status_both_endpoints,finite mapped W/Wh pairs requiring the released W-status observation proxy at both endpoints on both the source W timestamps and mapped-target Wh timestamps; W status is not proof of Wh ground truth,60,1434,0.9996416047724563,18.237579790008642,3.2937238493723866,76.47000000000008,209.0,0.9581589958158996,0.9581589958158996,0.3110181311018131,0.9985992460718771,3.6829178779853464,True,2020 dates with W month and day both in 2..8; compare with Wh after transposing month/day and adding 60 minutes,70300.0,0.9890878094902606,29.0,49.0
continuous_24h,W 00:00-23:59; Wh transposed target 01:00 through next date 00:59,True,2020-04-08,2020-08-04,True,actual_month_day_transpose,60,Production,source_and_mapped_target_w_status_both_endpoints,finite mapped W/Wh pairs requiring the released W-status observation proxy at both endpoints on both the source W timestamps and mapped-target Wh timestamps; W status is not proof of Wh ground truth,60,1431,0.9999999432116948,0.11014252884185546,0.06065688329839413,0.20000000000004547,0.20000000000004547,1.0,1.0,0.6967155835080363,1.0000033081942417,-0.0006951022387227113,True,2020 dates with W month and day both in 2..8; compare with Wh after transposing month/day and adding 60 minutes,70300.0,0.9999994820455018,49.0,49.0
continuous_24h,W 00:00-23:59; Wh transposed target 01:00 through next date 00:59,True,2020-04-08,2020-08-04,True,actual_month_day_transpose,60,Consumption,source_and_mapped_target_w_status_both_endpoints,finite mapped W/Wh pairs requiring the released W-status observation proxy at both endpoints on both the source W timestamps and mapped-target Wh timestamps; W status is not proof of Wh ground truth,60,1431,0.9999040229025867,19.45526216005023,3.8806429070580064,106.14,111.0,0.9580712788259959,0.9580712788259959,0.30957372466806427,1.0012665388236006,-4.876454412128965,True,2020 dates with W month and day both in 2..8; compare with Wh after transposing month/day and adding 60 minutes,70300.0,0.9890878094902606,29.0,49.0
continuous_24h,W 00:00-23:59; Wh transposed target 01:00 through next date 00:59,True,2020-05-02,2020-02-05,True,actual_month_day_transpose,60,Production,source_and_mapped_target_w_status_both_endpoints,finite mapped W/Wh pairs requiring the released W-status observation proxy at both endpoints on both the source W timestamps and mapped-target Wh timestamps; W status is not proof of Wh ground truth,60,1427,0.9999997753410765,0.14107406594157984,0.07007708479327228,0.20000000000004547,3.0,0.9992992291520673,0.9992992291520673,0.6594253679046952,0.9999878978588546,0.004896355232631322,True,2020 dates with W month and day both in 2..8; compare with Wh after transposing month/day and adding 60 minutes,70300.0,0.9999994820455018,49.0,49.0
continuous_24h,W 00:00-23:59; Wh transposed target 01:00 through next date 00:59,True,2020-05-02,2020-02-05,True,actual_month_day_transpose,60,Consumption,source_and_mapped_target_w_status_both_endpoints,finite mapped W/Wh pairs requiring the released W-status observation proxy at both endpoints on both the source W timestamps and mapped-target Wh timestamps; W status is not proof of Wh ground truth,60,1427,0.9996732482429656,39.63053546541358,7.977855641205322,219.79200000000003,242.0,0.9579537491240364,0.9579537491240364,0.32165381920112124,0.9978005577224913,9.517377127460804,True,2020 dates with W month and day both in 2..8; compare with Wh after transposing month/day and adding 60 minutes,70300.0,0.9890878094902606,29.0,49.0
continuous_24h,W 00:00-23:59; Wh transposed target 01:00 through next date 00:59,True,2020-05-03,2020-03-05,True,actual_month_day_transpose,60,Production,source_and_mapped_target_w_status_both_endpoints,finite mapped W/Wh pairs requiring the released W-status observation proxy at both endpoints on both the source W timestamps and mapped-target Wh timestamps; W status is not proof of Wh ground truth,60,1440,0.9999999839806938,0.12315302134607466,0.07583333333333389,0.20000000000004547,0.20000000000027285,1.0,1.0,0.6208333333333333,0.9999980305514092,0.00222121816273102,True,2020 dates with W month and day both in 2..8; compare with Wh after transposing month/day and adding 60 minutes,70300.0,0.9999994820455018,49.0,49.0
continuous_24h,W 00:00-23:59; Wh transposed target 01:00 through next date 00:59,True,2020-05-03,2020-03-05,True,actual_month_day_transpose,60,Consumption,source_and_mapped_target_w_status_both_endpoints,finite mapped W/Wh pairs requiring the released W-status observation proxy at both endpoints on both the source W timestamps and mapped-target Wh timestamps; W status is not proof of Wh ground truth,60,1440,0.9977522664599454,74.63091759526417,6.605694444444446,131.04399999999995,2005.0,0.9583333333333334,0.9583333333333334,0.3486111111111111,0.9965690472990401,4.429338455113566,True,2020 dates with W month and day both in 2..8; compare with Wh after transposing month/day and adding 60 minutes,70300.0,0.9890878094902606,29.0,49.0
continuous_24h,W 00:00-23:59; Wh transposed target 01:00 through next date 00:59,True,2020-05-04,2020-04-05,True,actual_month_day_transpose,60,Production,source_and_mapped_target_w_status_both_endpoints,finite mapped W/Wh pairs requiring the released W-status observation proxy at both endpoints on both the source W timestamps and mapped-target Wh timestamps; W status is not proof of Wh ground truth,60,1436,0.9999999762182782,0.14405585422498396,0.07451253481894203,0.20000000000004547,3.0,0.9993036211699164,0.9993036211699164,0.6371866295264624,1.0000095706975258,-0.005364619844897334,True,2020 dates with W month and day both in 2..8; compare with Wh after transposing month/day and adding 60 minutes,70300.0,0.9999994820455018,49.0,49.0
continuous_24h,W 00:00-23:59; Wh transposed target 01:00 through next date 00:59,True,2020-05-04,2020-04-05,True,actual_month_day_transpose,60,Consumption,source_and_mapped_target_w_status_both_endpoints,finite mapped W/Wh pairs requiring the released W-status observation proxy at both endpoints on both the source W timestamps and mapped-target Wh timestamps; W status is not proof of Wh ground truth,60,1436,0.9999977761562073,2.313969927313779,0.5555710306406674,12.720000000000079,28.80000000000001,0.958217270194986,0.958217270194986,0.32103064066852366,0.999829682968592,0.5101429062074203,True,2020 dates with W month and day both in 2..8; compare with Wh after transposing month/day and adding 60 minutes,70300.0,0.9890878094902606,29.0,49.0
continuous_24h,W 00:00-23:59; Wh transposed target 01:00 through next date 00:59,True,2020-05-05,2020-05-05,False,diagonal_identity_control,60,Production,source_and_mapped_target_w_status_both_endpoints,finite mapped W/Wh pairs requiring the released W-status observation proxy at both endpoints on both the source W timestamps and mapped-target Wh timestamps; W status is not proof of Wh ground truth,60,1434,0.9999945259322347,1.6198472645254294,0.12622036262203748,0.20000000000004547,60.0,0.997907949790795,0.997907949790795,0.6345885634588564,0.999940478090823,0.060219038443790396,True,2020 dates with W month and day both in 2..8; compare with Wh after transposing month/day and adding 60 minutes,70300.0,0.9999994820455018,49.0,49.0
continuous_24h,W 00:00-23:59; Wh transposed target 01:00 through next date 00:59,True,2020-05-05,2020-05-05,False,diagonal_identity_control,60,Consumption,source_and_mapped_target_w_status_both_endpoints,finite mapped W/Wh pairs requiring the released W-status observation proxy at both endpoints on both the source W timestamps and mapped-target Wh timestamps; W status is not proof of Wh ground truth,60,1434,0.9446017065709085,266.6709123267319,37.69748953974895,1888.1340000000043,3279.0,0.9581589958158996,0.9581589958158996,0.3075313807531381,0.9889834062261794,42.22019237717569,False,2020 dates with W month and day both in 2..8; compare with Wh after transposing month/day and adding 60 minutes,70300.0,0.9890878094902606,29.0,49.0
continuous_24h,W 00:00-23:59; Wh transposed target 01:00 through next date 00:59,True,2020-05-06,2020-06-05,True,actual_month_day_transpose,60,Production,source_and_mapped_target_w_status_both_endpoints,finite mapped W/Wh pairs requiring the released W-status observation proxy at both endpoints on both the source W timestamps and mapped-target Wh timestamps; W status is not proof of Wh ground truth,60,1437,0.9999999607921934,0.12384469588431325,0.07668754349339002,0.20000000000004547,0.20000000000004547,1.0,1.0,0.616562282533055,1.0000044056071058,0.0033858372389659053,True,2020 dates with W month and day both in 2..8; compare with Wh after transposing month/day and adding 60 minutes,70300.0,0.9999994820455018,49.0,49.0
continuous_24h,W 00:00-23:59; Wh transposed target 01:00 through next date 00:59,True,2020-05-06,2020-06-05,True,actual_month_day_transpose,60,Consumption,source_and_mapped_target_w_status_both_endpoints,finite mapped W/Wh pairs requiring the released W-status observation proxy at both endpoints on both the source W timestamps and mapped-target Wh timestamps; W status is not proof of Wh ground truth,60,1437,0.9998505007813491,30.338714183170318,6.293389004871261,157.10400000000186,202.20000000000002,0.9582463465553236,0.9582463465553236,0.31941544885177453,1.0013473414439726,-7.390417209406223,True,2020 dates with W month and day both in 2..8; compare with Wh after transposing month/day and adding 60 minutes,70300.0,0.9890878094902606,29.0,49.0
continuous_24h,W 00:00-23:59; Wh transposed target 01:00 through next date 00:59,True,2020-05-07,2020-07-05,True,actual_month_day_transpose,60,Production,source_and_mapped_target_w_status_both_endpoints,finite mapped W/Wh pairs requiring the released W-status observation proxy at both endpoints on both the source W timestamps and mapped-target Wh timestamps; W status is not proof of Wh ground truth,60,1433,0.9999998547308565,0.17233667693305943,0.07145847871598147,0.20000000000004547,4.8,0.9993021632937893,0.9993021632937893,0.6587578506629449,0.9999913233961848,0.003899094301232253,True,2020 dates with W month and day both in 2..8; compare with Wh after transposing month/day and adding 60 minutes,70300.0,0.9999994820455018,49.0,49.0
continuous_24h,W 00:00-23:59; Wh transposed target 01:00 through next date 00:59,True,2020-05-07,2020-07-05,True,actual_month_day_transpose,60,Consumption,source_and_mapped_target_w_status_both_endpoints,finite mapped W/Wh pairs requiring the released W-status observation proxy at both endpoints on both the source W timestamps and mapped-target Wh timestamps; W status is not proof of Wh ground truth,60,1433,0.9997912953975254,26.177338206732788,4.993440334961619,164.60800000000006,191.2,0.9581297976273552,0.9581297976273552,0.32379623168178645,0.997688868722936,6.943839786940316,True,2020 dates with W month and day both in 2..8; compare with Wh after transposing month/day and adding 60 minutes,70300.0,0.9890878094902606,29.0,49.0
continuous_24h,W 00:00-23:59; Wh transposed target 01:00 through next date 00:59,True,2020-05-08,2020-08-05,True,actual_month_day_transpose,60,Production,source_and_mapped_target_w_status_both_endpoints,finite mapped W/Wh pairs requiring the released W-status observation proxy at both endpoints on both the source W timestamps and mapped-target Wh timestamps; W status is not proof of Wh ground truth,60,1436,0.9999999689079512,0.13226124228850525,0.07493036211699108,0.20000000000004547,2.0,0.9993036211699164,0.9993036211699164,0.6316155988857939,0.9999939923031258,-0.00410674452098192,True,2020 dates with W month and day both in 2..8; compare with Wh after transposing month/day and adding 60 minutes,70300.0,0.9999994820455018,49.0,49.0
continuous_24h,W 00:00-23:59; Wh transposed target 01:00 through next date 00:59,True,2020-05-08,2020-08-05,True,actual_month_day_transpose,60,Consumption,source_and_mapped_target_w_status_both_endpoints,finite mapped W/Wh pairs requiring the released W-status observation proxy at both endpoints on both the source W timestamps and mapped-target Wh timestamps; W status is not proof of Wh ground truth,60,1436,0.9264660204647767,283.14645614370835,46.24610027855154,1778.71,2278.0,0.958217270194986,0.958217270194986,0.3384401114206128,0.9656901403784227,43.16906549003096,False,2020 dates with W month and day both in 2..8; compare with Wh after transposing month/day and adding 60 minutes,70300.0,0.9890878094902606,29.0,49.0
continuous_24h,W 00:00-23:59; Wh transposed target 01:00 through next date 00:59,True,2020-06-02,2020-02-06,True,actual_month_day_transpose,60,Production,source_and_mapped_target_w_status_both_endpoints,finite mapped W/Wh pairs requiring the released W-status observation proxy at both endpoints on both the source W timestamps and mapped-target Wh timestamps; W status is not proof of Wh ground truth,60,1434,0.9999999516899979,0.13012171107530862,0.08465829846583038,0.20000000000004547,0.20000000000027285,1.0,1.0,0.5767085076708508,0.9999927030569444,-0.0017225945392169706,True,2020 dates with W month and day both in 2..8; compare with Wh after transposing month/day and adding 60 minutes,70300.0,0.9999994820455018,49.0,49.0
continuous_24h,W 00:00-23:59; Wh transposed target 01:00 through next date 00:59,True,2020-06-02,2020-02-06,True,actual_month_day_transpose,60,Consumption,source_and_mapped_target_w_status_both_endpoints,finite mapped W/Wh pairs requiring the released W-status observation proxy at both endpoints on both the source W timestamps and mapped-target Wh timestamps; W status is not proof of Wh ground truth,60,1434,0.9911447640123016,104.59164333230062,8.323430962343098,58.93400000000002,1933.8,0.9581589958158996,0.9581589958158996,0.32217573221757323,0.9865259721946569,4.513589990406331,True,2020 dates with W month and day both in 2..8; compare with Wh after transposing month/day and adding 60 minutes,70300.0,0.9890878094902606,29.0,49.0
continuous_24h,W 00:00-23:59; Wh transposed target 01:00 through next date 00:59,True,2020-06-03,2020-03-06,True,actual_month_day_transpose,60,Production,source_and_mapped_target_w_status_both_endpoints,finite mapped W/Wh pairs requiring the released W-status observation proxy at both endpoints on both the source W timestamps and mapped-target Wh timestamps; W status is not proof of Wh ground truth,60,1438,0.9999999415875486,0.1260284534179945,0.07941585535465873,0.20000000000004547,0.20000000000004547,1.0,1.0,0.6029207232267038,0.9999857436096578,0.0018414542332720885,True,2020 dates with W month and day both in 2..8; compare with Wh after transposing month/day and adding 60 minutes,70300.0,0.9999994820455018,49.0,49.0
continuous_24h,W 00:00-23:59; Wh transposed target 01:00 through next date 00:59,True,2020-06-03,2020-03-06,True,actual_month_day_transpose,60,Consumption,source_and_mapped_target_w_status_both_endpoints,finite mapped W/Wh pairs requiring the released W-status observation proxy at both endpoints on both the source W timestamps and mapped-target Wh timestamps; W status is not proof of Wh ground truth,60,1438,0.9999915757289929,8.323185104998707,1.7898470097357408,43.0,74.19999999999999,0.9582753824756607,0.9582753824756607,0.32614742698191934,0.9997068800502329,1.6359343932617776,True,2020 dates with W month and day both in 2..8; compare with Wh after transposing month/day and adding 60 minutes,70300.0,0.9890878094902606,29.0,49.0
continuous_24h,W 00:00-23:59; Wh transposed target 01:00 through next date 00:59,True,2020-06-04,2020-04-06,True,actual_month_day_transpose,60,Production,source_and_mapped_target_w_status_both_endpoints,finite mapped W/Wh pairs requiring the released W-status observation proxy at both endpoints on both the source W timestamps and mapped-target Wh timestamps; W status is not proof of Wh ground truth,60,1436,0.9999930108345756,1.9799271250762773,0.1640668523676886,0.20000000000004547,60.0,0.9972144846796658,0.9972144846796658,0.5828690807799443,1.0000124995410387,-0.01487834883926098,True,2020 dates with W month and day both in 2..8; compare with Wh after transposing month/day and adding 60 minutes,70300.0,0.9999994820455018,49.0,49.0
continuous_24h,W 00:00-23:59; Wh transposed target 01:00 through next date 00:59,True,2020-06-04,2020-04-06,True,actual_month_day_transpose,60,Consumption,source_and_mapped_target_w_status_both_endpoints,finite mapped W/Wh pairs requiring the released W-status observation proxy at both endpoints on both the source W timestamps and mapped-target Wh timestamps; W status is not proof of Wh ground truth,60,1436,0.9635984982585084,265.4839885744808,40.89916434540391,1913.5500000000006,2422.0,0.958217270194986,0.958217270194986,0.3426183844011142,0.9671897227944969,22.907698307659757,False,2020 dates with W month and day both in 2..8; compare with Wh after transposing month/day and adding 60 minutes,70300.0,0.9890878094902606,29.0,49.0
continuous_24h,W 00:00-23:59; Wh transposed target 01:00 through next date 00:59,True,2020-06-05,2020-05-06,True,actual_month_day_transpose,60,Production,source_and_mapped_target_w_status_both_endpoints,finite mapped W/Wh pairs requiring the released W-status observation proxy at both endpoints on both the source W timestamps and mapped-target Wh timestamps; W status is not proof of Wh ground truth,60,1437,0.9999999543008716,0.21489425471569143,0.08559498956158812,0.20000000000004547,4.8,0.9979123173277662,0.9979123173277662,0.6075156576200418,1.000000497839564,0.012684840180213541,True,2020 dates with W month and day both in 2..8; compare with Wh after transposing month/day and adding 60 minutes,70300.0,0.9999994820455018,49.0,49.0
continuous_24h,W 00:00-23:59; Wh transposed target 01:00 through next date 00:59,True,2020-06-05,2020-05-06,True,actual_month_day_transpose,60,Consumption,source_and_mapped_target_w_status_both_endpoints,finite mapped W/Wh pairs requiring the released W-status observation proxy at both endpoints on both the source W timestamps and mapped-target Wh timestamps; W status is not proof of Wh ground truth,60,1437,0.9996462588194258,36.976961361609014,7.66666666666667,185.97600000000034,208.8,0.9582463465553236,0.9582463465553236,0.33194154488517746,0.9964724184742542,11.00077110143718,True,2020 dates with W month and day both in 2..8; compare with Wh after transposing month/day and adding 60 minutes,70300.0,0.9890878094902606,29.0,49.0
continuous_24h,W 00:00-23:59; Wh transposed target 01:00 through next date 00:59,True,2020-06-06,2020-06-06,False,diagonal_identity_control,60,Production,source_and_mapped_target_w_status_both_endpoints,finite mapped W/Wh pairs requiring the released W-status observation proxy at both endpoints on both the source W timestamps and mapped-target Wh timestamps; W status is not proof of Wh ground truth,60,1436,0.999999957083984,0.18404310988261524,0.08579387186629528,0.20000000000004547,5.0,0.9993036211699164,0.9993036211699164,0.5877437325905293,1.000009755577681,-0.006233673472991086,True,2020 dates with W month and day both in 2..8; compare with Wh after transposing month/day and adding 60 minutes,70300.0,0.9999994820455018,49.0,49.0
continuous_24h,W 00:00-23:59; Wh transposed target 01:00 through next date 00:59,True,2020-06-06,2020-06-06,False,diagonal_identity_control,60,Consumption,source_and_mapped_target_w_status_both_endpoints,finite mapped W/Wh pairs requiring the released W-status observation proxy at both endpoints on both the source W timestamps and mapped-target Wh timestamps; W status is not proof of Wh ground truth,60,1436,0.9992585141046382,30.26089941535419,4.982590529247912,198.13000000000002,224.2,0.9589136490250696,0.9589136490250696,0.3008356545961003,1.0015692262870854,-5.628841137270285,True,2020 dates with W month and day both in 2..8; compare with Wh after transposing month/day and adding 60 minutes,70300.0,0.9890878094902606,29.0,49.0
continuous_24h,W 00:00-23:59; Wh transposed target 01:00 through next date 00:59,True,2020-06-07,2020-07-06,True,actual_month_day_transpose,60,Production,source_and_mapped_target_w_status_both_endpoints,finite mapped W/Wh pairs requiring the released W-status observation proxy at both endpoints on both the source W timestamps and mapped-target Wh timestamps; W status is not proof of Wh ground truth,60,1436,0.9999999734188884,0.13056551520384505,0.08523676880222847,0.20000000000004547,0.20000000000027285,1.0,1.0,0.5738161559888579,0.9999978301995526,-0.002386552328800917,True,2020 dates with W month and day both in 2..8; compare with Wh after transposing month/day and adding 60 minutes,70300.0,0.9999994820455018,49.0,49.0
continuous_24h,W 00:00-23:59; Wh transposed target 01:00 through next date 00:59,True,2020-06-07,2020-07-06,True,actual_month_day_transpose,60,Consumption,source_and_mapped_target_w_status_both_endpoints,finite mapped W/Wh pairs requiring the released W-status observation proxy at both endpoints on both the source W timestamps and mapped-target Wh timestamps; W status is not proof of Wh ground truth,60,1436,0.9685199836496476,325.73089218335224,56.072005571030644,2055.13,2226.8,0.958217270194986,0.958217270194986,0.33913649025069637,0.9586545904785744,-19.041614820919676,False,2020 dates with W month and day both in 2..8; compare with Wh after transposing month/day and adding 60 minutes,70300.0,0.9890878094902606,29.0,49.0
continuous_24h,W 00:00-23:59; Wh transposed target 01:00 through next date 00:59,True,2020-06-08,2020-08-06,True,actual_month_day_transpose,60,Production,source_and_mapped_target_w_status_both_endpoints,finite mapped W/Wh pairs requiring the released W-status observation proxy at both endpoints on both the source W timestamps and mapped-target Wh timestamps; W status is not proof of Wh ground truth,60,1435,0.9999999797354586,0.1295395221732636,0.08390243902438968,0.20000000000004547,0.20000000000027285,1.0,1.0,0.5804878048780487,1.0000059059541475,-0.007473403289793623,True,2020 dates with W month and day both in 2..8; compare with Wh after transposing month/day and adding 60 minutes,70300.0,0.9999994820455018,49.0,49.0
continuous_24h,W 00:00-23:59; Wh transposed target 01:00 through next date 00:59,True,2020-06-08,2020-08-06,True,actual_month_day_transpose,60,Consumption,source_and_mapped_target_w_status_both_endpoints,finite mapped W/Wh pairs requiring the released W-status observation proxy at both endpoints on both the source W timestamps and mapped-target Wh timestamps; W status is not proof of Wh ground truth,60,1435,0.999997012745491,2.9070429915472236,0.5800696864111519,15.800000000000002,35.80000000000001,0.9588850174216028,0.9588850174216028,0.3128919860627178,1.0000669389745844,-0.26913064947109433,True,2020 dates with W month and day both in 2..8; compare with Wh after transposing month/day and adding 60 minutes,70300.0,0.9890878094902606,29.0,49.0
continuous_24h,W 00:00-23:59; Wh transposed target 01:00 through next date 00:59,True,2020-07-02,2020-02-07,True,actual_month_day_transpose,60,Production,source_and_mapped_target_w_status_both_endpoints,finite mapped W/Wh pairs requiring the released W-status observation proxy at both endpoints on both the source W timestamps and mapped-target Wh timestamps; W status is not proof of Wh ground truth,60,1434,0.9999999642481334,0.1334030501136969,0.07894002789400333,0.20000000000004547,1.7999999999999998,0.999302649930265,0.999302649930265,0.6108786610878661,1.000000617541275,0.0011096979507669857,True,2020 dates with W month and day both in 2..8; compare with Wh after transposing month/day and adding 60 minutes,70300.0,0.9999994820455018,49.0,49.0
continuous_24h,W 00:00-23:59; Wh transposed target 01:00 through next date 00:59,True,2020-07-02,2020-02-07,True,actual_month_day_transpose,60,Consumption,source_and_mapped_target_w_status_both_endpoints,finite mapped W/Wh pairs requiring the released W-status observation proxy at both endpoints on both the source W timestamps and mapped-target Wh timestamps; W status is not proof of Wh ground truth,60,1434,0.9887512913773655,108.26123836451148,7.950627615062763,23.40800000000016,1996.0,0.9581589958158996,0.9581589958158996,0.3284518828451883,0.9961359299837966,8.825540321421727,False,2020 dates with W month and day both in 2..8; compare with Wh after transposing month/day and adding 60 minutes,70300.0,0.9890878094902606,29.0,49.0
continuous_24h,W 00:00-23:59; Wh transposed target 01:00 through next date 00:59,True,2020-07-03,2020-03-07,True,actual_month_day_transpose,60,Production,source_and_mapped_target_w_status_both_endpoints,finite mapped W/Wh pairs requiring the released W-status observation proxy at both endpoints on both the source W timestamps and mapped-target Wh timestamps; W status is not proof of Wh ground truth,60,1434,0.9999979679357484,1.1793197102904276,0.12133891213389209,0.20000000000004547,44.0,0.997907949790795,0.997907949790795,0.5725244072524407,1.0000448334552436,-0.05463569492371789,True,2020 dates with W month and day both in 2..8; compare with Wh after transposing month/day and adding 60 minutes,70300.0,0.9999994820455018,49.0,49.0
continuous_24h,W 00:00-23:59; Wh transposed target 01:00 through next date 00:59,True,2020-07-03,2020-03-07,True,actual_month_day_transpose,60,Consumption,source_and_mapped_target_w_status_both_endpoints,finite mapped W/Wh pairs requiring the released W-status observation proxy at both endpoints on both the source W timestamps and mapped-target Wh timestamps; W status is not proof of Wh ground truth,60,1434,0.9756035938088832,292.36146977630773,43.28228730822874,2217.6900000000005,2244.0,0.9581589958158996,0.9581589958158996,0.3089260808926081,0.9726938359887409,-13.507429031035599,False,2020 dates with W month and day both in 2..8; compare with Wh after transposing month/day and adding 60 minutes,70300.0,0.9890878094902606,29.0,49.0
continuous_24h,W 00:00-23:59; Wh transposed target 01:00 through next date 00:59,True,2020-07-04,2020-04-07,True,actual_month_day_transpose,60,Production,source_and_mapped_target_w_status_both_endpoints,finite mapped W/Wh pairs requiring the released W-status observation proxy at both endpoints on both the source W timestamps and mapped-target Wh timestamps; W status is not proof of Wh ground truth,60,1434,0.9999999485987937,0.2203078864987748,0.09344490934449257,0.20000000000004547,5.0,0.997907949790795,0.997907949790795,0.5690376569037657,1.0000084375031915,-0.012647716700712408,True,2020 dates with W month and day both in 2..8; compare with Wh after transposing month/day and adding 60 minutes,70300.0,0.9999994820455018,49.0,49.0
continuous_24h,W 00:00-23:59; Wh transposed target 01:00 through next date 00:59,True,2020-07-04,2020-04-07,True,actual_month_day_transpose,60,Consumption,source_and_mapped_target_w_status_both_endpoints,finite mapped W/Wh pairs requiring the released W-status observation proxy at both endpoints on both the source W timestamps and mapped-target Wh timestamps; W status is not proof of Wh ground truth,60,1434,0.9998050069118488,21.4684491667058,4.493305439330545,109.67000000000007,134.8,0.9581589958158996,0.9581589958158996,0.3054393305439331,1.0017431903009122,-5.674246639437456,True,2020 dates with W month and day both in 2..8; compare with Wh after transposing month/day and adding 60 minutes,70300.0,0.9890878094902606,29.0,49.0
continuous_24h,W 00:00-23:59; Wh transposed target 01:00 through next date 00:59,True,2020-07-05,2020-05-07,True,actual_month_day_transpose,60,Production,source_and_mapped_target_w_status_both_endpoints,finite mapped W/Wh pairs requiring the released W-status observation proxy at both endpoints on both the source W timestamps and mapped-target Wh timestamps; W status is not proof of Wh ground truth,60,1433,0.9999999702172893,0.13239961502970626,0.08764829030007185,0.20000000000004547,0.20000000000027285,1.0,1.0,0.5617585484996511,1.0000049412570124,-0.003014336374405957,True,2020 dates with W month and day both in 2..8; compare with Wh after transposing month/day and adding 60 minutes,70300.0,0.9999994820455018,49.0,49.0
continuous_24h,W 00:00-23:59; Wh transposed target 01:00 through next date 00:59,True,2020-07-05,2020-05-07,True,actual_month_day_transpose,60,Consumption,source_and_mapped_target_w_status_both_endpoints,finite mapped W/Wh pairs requiring the released W-status observation proxy at both endpoints on both the source W timestamps and mapped-target Wh timestamps; W status is not proof of Wh ground truth,60,1433,0.999897114794494,12.828994986034944,2.166364270760641,84.0,88.0,0.9602233077459874,0.9602233077459874,0.32658757850662945,0.9986019397949626,2.9468621135073363,True,2020 dates with W month and day both in 2..8; compare with Wh after transposing month/day and adding 60 minutes,70300.0,0.9890878094902606,29.0,49.0
continuous_24h,W 00:00-23:59; Wh transposed target 01:00 through next date 00:59,True,2020-07-06,2020-06-07,True,actual_month_day_transpose,60,Production,source_and_mapped_target_w_status_both_endpoints,finite mapped W/Wh pairs requiring the released W-status observation proxy at both endpoints on both the source W timestamps and mapped-target Wh timestamps; W status is not proof of Wh ground truth,60,1436,0.9999998844872907,0.12377533785790405,0.07660167130919204,0.20000000000004547,0.20000000000004547,1.0,1.0,0.616991643454039,0.9999960606160234,0.0005869909316800204,True,2020 dates with W month and day both in 2..8; compare with Wh after transposing month/day and adding 60 minutes,70300.0,0.9999994820455018,49.0,49.0
continuous_24h,W 00:00-23:59; Wh transposed target 01:00 through next date 00:59,True,2020-07-06,2020-06-07,True,actual_month_day_transpose,60,Consumption,source_and_mapped_target_w_status_both_endpoints,finite mapped W/Wh pairs requiring the released W-status observation proxy at both endpoints on both the source W timestamps and mapped-target Wh timestamps; W status is not proof of Wh ground truth,60,1436,0.9999138271266943,9.751011660964018,2.120891364902507,49.0,52.19999999999999,0.958217270194986,0.958217270194986,0.30779944289693595,0.9992552060236121,2.2960205694661795,True,2020 dates with W month and day both in 2..8; compare with Wh after transposing month/day and adding 60 minutes,70300.0,0.9890878094902606,29.0,49.0
continuous_24h,W 00:00-23:59; Wh transposed target 01:00 through next date 00:59,True,2020-07-07,2020-07-07,False,diagonal_identity_control,60,Production,source_and_mapped_target_w_status_both_endpoints,finite mapped W/Wh pairs requiring the released W-status observation proxy at both endpoints on both the source W timestamps and mapped-target Wh timestamps; W status is not proof of Wh ground truth,60,1440,0.9999999560260543,0.1281275406252177,0.08208333333333413,0.20000000000004547,0.20000000000004547,1.0,1.0,0.5895833333333333,1.0000047459262853,-0.0001325120259139112,True,2020 dates with W month and day both in 2..8; compare with Wh after transposing month/day and adding 60 minutes,70300.0,0.9999994820455018,49.0,49.0
continuous_24h,W 00:00-23:59; Wh transposed target 01:00 through next date 00:59,True,2020-07-07,2020-07-07,False,diagonal_identity_control,60,Consumption,source_and_mapped_target_w_status_both_endpoints,finite mapped W/Wh pairs requiring the released W-status observation proxy at both endpoints on both the source W timestamps and mapped-target Wh timestamps; W status is not proof of Wh ground truth,60,1440,0.9765174625597572,10.665691361661569,2.2462499999999994,56.0,82.79999999999998,0.9583333333333334,0.9583333333333334,0.33611111111111114,0.9609431108230646,4.49096344880229,False,2020 dates with W month and day both in 2..8; compare with Wh after transposing month/day and adding 60 minutes,70300.0,0.9890878094902606,29.0,49.0
continuous_24h,W 00:00-23:59; Wh transposed target 01:00 through next date 00:59,True,2020-07-08,2020-08-07,True,actual_month_day_transpose,60,Production,source_and_mapped_target_w_status_both_endpoints,finite mapped W/Wh pairs requiring the released W-status observation proxy at both endpoints on both the source W timestamps and mapped-target Wh timestamps; W status is not proof of Wh ground truth,60,1435,0.9999999690755005,0.13018346742823275,0.08473867595818863,0.20000000000004547,0.20000000000004547,1.0,1.0,0.5763066202090592,0.9999947834895947,-0.0008440435909733424,True,2020 dates with W month and day both in 2..8; compare with Wh after transposing month/day and adding 60 minutes,70300.0,0.9999994820455018,49.0,49.0
continuous_24h,W 00:00-23:59; Wh transposed target 01:00 through next date 00:59,True,2020-07-08,2020-08-07,True,actual_month_day_transpose,60,Consumption,source_and_mapped_target_w_status_both_endpoints,finite mapped W/Wh pairs requiring the released W-status observation proxy at both endpoints on both the source W timestamps and mapped-target Wh timestamps; W status is not proof of Wh ground truth,60,1435,0.9843166888053522,8.71926538477722,1.8662020905923338,40.80000000000001,85.80000000000001,0.9581881533101045,0.9581881533101045,0.3024390243902439,1.0244887500323707,-2.6011481083647254,False,2020 dates with W month and day both in 2..8; compare with Wh after transposing month/day and adding 60 minutes,70300.0,0.9890878094902606,29.0,49.0
continuous_24h,W 00:00-23:59; Wh transposed target 01:00 through next date 00:59,True,2020-08-02,2020-02-08,True,actual_month_day_transpose,60,Production,source_and_mapped_target_w_status_both_endpoints,finite mapped W/Wh pairs requiring the released W-status observation proxy at both endpoints on both the source W timestamps and mapped-target Wh timestamps; W status is not proof of Wh ground truth,60,1435,0.9999999476645816,0.14371865663444056,0.07400696864111482,0.20000000000004547,3.0,0.9993031358885017,0.9993031358885017,0.6397212543554007,0.9999933606379249,0.0007176045366463768,True,2020 dates with W month and day both in 2..8; compare with Wh after transposing month/day and adding 60 minutes,70300.0,0.9999994820455018,49.0,49.0
continuous_24h,W 00:00-23:59; Wh transposed target 01:00 through next date 00:59,True,2020-08-02,2020-02-08,True,actual_month_day_transpose,60,Consumption,source_and_mapped_target_w_status_both_endpoints,finite mapped W/Wh pairs requiring the released W-status observation proxy at both endpoints on both the source W timestamps and mapped-target Wh timestamps; W status is not proof of Wh ground truth,60,1435,0.9999004037872142,9.161494940621772,1.9534494773519189,51.79999999999998,55.20000000000002,0.9581881533101045,0.9581881533101045,0.3128919860627178,1.001214850850366,-2.388381997449642,True,2020 dates with W month and day both in 2..8; compare with Wh after transposing month/day and adding 60 minutes,70300.0,0.9890878094902606,29.0,49.0
continuous_24h,W 00:00-23:59; Wh transposed target 01:00 through next date 00:59,True,2020-08-03,2020-03-08,True,actual_month_day_transpose,60,Production,source_and_mapped_target_w_status_both_endpoints,finite mapped W/Wh pairs requiring the released W-status observation proxy at both endpoints on both the source W timestamps and mapped-target Wh timestamps; W status is not proof of Wh ground truth,60,1436,0.9999999734918533,0.12046798254698775,0.07256267409470718,0.20000000000004547,0.20000000000027285,1.0,1.0,0.6371866295264624,0.9999977748637636,-0.0019901590646895784,True,2020 dates with W month and day both in 2..8; compare with Wh after transposing month/day and adding 60 minutes,70300.0,0.9999994820455018,49.0,49.0
continuous_24h,W 00:00-23:59; Wh transposed target 01:00 through next date 00:59,True,2020-08-03,2020-03-08,True,actual_month_day_transpose,60,Consumption,source_and_mapped_target_w_status_both_endpoints,finite mapped W/Wh pairs requiring the released W-status observation proxy at both endpoints on both the source W timestamps and mapped-target Wh timestamps; W status is not proof of Wh ground truth,60,1436,0.9994983318778485,13.133609525349282,2.3997214484679676,44.20000000000002,158.0,0.958217270194986,0.958217270194986,0.3147632311977716,0.9988622093593406,2.594332577637317,True,2020 dates with W month and day both in 2..8; compare with Wh after transposing month/day and adding 60 minutes,70300.0,0.9890878094902606,29.0,49.0
continuous_24h,W 00:00-23:59; Wh transposed target 01:00 through next date 00:59,True,2020-08-04,2020-04-08,True,actual_month_day_transpose,60,Production,source_and_mapped_target_w_status_both_endpoints,finite mapped W/Wh pairs requiring the released W-status observation proxy at both endpoints on both the source W timestamps and mapped-target Wh timestamps; W status is not proof of Wh ground truth,60,1431,0.9999999697204195,0.12410405678804948,0.07700908455625621,0.20000000000004547,0.20000000000027285,1.0,1.0,0.6149545772187281,1.0000015581949129,-0.0026568178291768163,True,2020 dates with W month and day both in 2..8; compare with Wh after transposing month/day and adding 60 minutes,70300.0,0.9999994820455018,49.0,49.0
continuous_24h,W 00:00-23:59; Wh transposed target 01:00 through next date 00:59,True,2020-08-04,2020-04-08,True,actual_month_day_transpose,60,Consumption,source_and_mapped_target_w_status_both_endpoints,finite mapped W/Wh pairs requiring the released W-status observation proxy at both endpoints on both the source W timestamps and mapped-target Wh timestamps; W status is not proof of Wh ground truth,60,1431,0.29327905639811225,226.96792829647137,24.335988819007692,397.56000000001615,2611.8,0.9580712788259959,0.9580712788259959,0.336827393431167,1.4507275229890015,-51.259882597246815,False,2020 dates with W month and day both in 2..8; compare with Wh after transposing month/day and adding 60 minutes,70300.0,0.9890878094902606,29.0,49.0
continuous_24h,W 00:00-23:59; Wh transposed target 01:00 through next date 00:59,True,2020-08-05,2020-05-08,True,actual_month_day_transpose,60,Production,source_and_mapped_target_w_status_both_endpoints,finite mapped W/Wh pairs requiring the released W-status observation proxy at both endpoints on both the source W timestamps and mapped-target Wh timestamps; W status is not proof of Wh ground truth,60,1436,0.9999999628855207,0.11368725120412926,0.06462395543175482,0.20000000000004547,0.20000000000004547,1.0,1.0,0.6768802228412256,0.9999986668315167,0.0006469479471888917,True,2020 dates with W month and day both in 2..8; compare with Wh after transposing month/day and adding 60 minutes,70300.0,0.9999994820455018,49.0,49.0
continuous_24h,W 00:00-23:59; Wh transposed target 01:00 through next date 00:59,True,2020-08-05,2020-05-08,True,actual_month_day_transpose,60,Consumption,source_and_mapped_target_w_status_both_endpoints,finite mapped W/Wh pairs requiring the released W-status observation proxy at both endpoints on both the source W timestamps and mapped-target Wh timestamps; W status is not proof of Wh ground truth,60,1436,0.9759497303863989,92.21246358335418,8.932033426183844,112.72000000000007,1927.1999999999998,0.958217270194986,0.958217270194986,0.3286908077994429,0.9999631558144125,0.20584448649310616,False,2020 dates with W month and day both in 2..8; compare with Wh after transposing month/day and adding 60 minutes,70300.0,0.9890878094902606,29.0,49.0
continuous_24h,W 00:00-23:59; Wh transposed target 01:00 through next date 00:59,True,2020-08-06,2020-06-08,True,actual_month_day_transpose,60,Production,source_and_mapped_target_w_status_both_endpoints,finite mapped W/Wh pairs requiring the released W-status observation proxy at both endpoints on both the source W timestamps and mapped-target Wh timestamps; W status is not proof of Wh ground truth,60,1435,0.9999999661285519,0.11567104625085017,0.06689895470383243,0.20000000000004547,0.20000000000004547,1.0,1.0,0.6655052264808362,1.0000057160177596,0.0010556743462188933,True,2020 dates with W month and day both in 2..8; compare with Wh after transposing month/day and adding 60 minutes,70300.0,0.9999994820455018,49.0,49.0
continuous_24h,W 00:00-23:59; Wh transposed target 01:00 through next date 00:59,True,2020-08-06,2020-06-08,True,actual_month_day_transpose,60,Consumption,source_and_mapped_target_w_status_both_endpoints,finite mapped W/Wh pairs requiring the released W-status observation proxy at both endpoints on both the source W timestamps and mapped-target Wh timestamps; W status is not proof of Wh ground truth,60,1435,0.9807828366619488,123.09753986395297,14.55414634146342,209.8,2245.0,0.9581881533101045,0.9581881533101045,0.3407665505226481,0.9892273460171314,19.268668977089362,False,2020 dates with W month and day both in 2..8; compare with Wh after transposing month/day and adding 60 minutes,70300.0,0.9890878094902606,29.0,49.0
continuous_24h,W 00:00-23:59; Wh transposed target 01:00 through next date 00:59,True,2020-08-07,2020-07-08,True,actual_month_day_transpose,60,Production,source_and_mapped_target_w_status_both_endpoints,finite mapped W/Wh pairs requiring the released W-status observation proxy at both endpoints on both the source W timestamps and mapped-target Wh timestamps; W status is not proof of Wh ground truth,60,1435,0.9999999828929408,0.12835056523373334,0.0823693379790952,0.20000000000004547,0.20000000000027285,1.0,1.0,0.5881533101045296,1.000003274067993,0.0019815648111034534,True,2020 dates with W month and day both in 2..8; compare with Wh after transposing month/day and adding 60 minutes,70300.0,0.9999994820455018,49.0,49.0
continuous_24h,W 00:00-23:59; Wh transposed target 01:00 through next date 00:59,True,2020-08-07,2020-07-08,True,actual_month_day_transpose,60,Consumption,source_and_mapped_target_w_status_both_endpoints,finite mapped W/Wh pairs requiring the released W-status observation proxy at both endpoints on both the source W timestamps and mapped-target Wh timestamps; W status is not proof of Wh ground truth,60,1435,0.9977583454525593,89.20270663539385,16.69756097560975,389.59600000000006,1157.8,0.9581881533101045,0.9581881533101045,0.3254355400696864,0.9919584031520801,25.20918199694097,True,2020 dates with W month and day both in 2..8; compare with Wh after transposing month/day and adding 60 minutes,70300.0,0.9890878094902606,29.0,49.0
continuous_24h,W 00:00-23:59; Wh transposed target 01:00 through next date 00:59,True,2020-08-08,2020-08-08,False,diagonal_identity_control,60,Production,source_and_mapped_target_w_status_both_endpoints,finite mapped W/Wh pairs requiring the released W-status observation proxy at both endpoints on both the source W timestamps and mapped-target Wh timestamps; W status is not proof of Wh ground truth,60,1436,0.9999997604802531,0.2426639525596371,0.07799442896935838,0.20000000000004547,3.0,0.9916434540389972,0.9916434540389972,0.6977715877437326,0.9999415429957459,0.028480702309934713,True,2020 dates with W month and day both in 2..8; compare with Wh after transposing month/day and adding 60 minutes,70300.0,0.9999994820455018,49.0,49.0
continuous_24h,W 00:00-23:59; Wh transposed target 01:00 through next date 00:59,True,2020-08-08,2020-08-08,False,diagonal_identity_control,60,Consumption,source_and_mapped_target_w_status_both_endpoints,finite mapped W/Wh pairs requiring the released W-status observation proxy at both endpoints on both the source W timestamps and mapped-target Wh timestamps; W status is not proof of Wh ground truth,60,1436,0.9996622603193851,25.660832579844477,5.091364902506967,161.25000000000517,200.2,0.958217270194986,0.958217270194986,0.3363509749303621,1.0021268474433103,-6.515995622193373,True,2020 dates with W month and day both in 2..8; compare with Wh after transposing month/day and adding 60 minutes,70300.0,0.9890878094902606,29.0,49.0
